created_at,entry_id,field1,field2,field3,field5,latitude,longitude,elevation,status
2026-03-05T14:02:34+00:00,55184,78.0,38.5,19.0,0.0,,,,
2026-03-05T14:05:34+00:00,55185,78.0,39.0,19.1,0.0,,,,
2026-03-05T14:08:34+00:00,55186,78.0,38.5,19.2,0.0,,,,
2026-03-05T14:11:34+00:00,55187,78.0,39.0,18.7,0.0,,,,
2026-03-05T14:14:34+00:00,55188,78.0,39.5,18.4,0.0,,,,
2026-03-05T14:17:34+00:00,55189,78.0,40.0,18.0,0.0,,,,
2026-03-05T14:20:34+00:00,55190,78.0,41.0,17.4,0.0,,,,
2026-03-05T14:23:34+00:00,55191,78.0,41.5,16.9,0.0,,,,
2026-03-05T14:26:34+00:00,55192,78.0,43.0,16.5,0.0,,,,
2026-03-05T14:29:34+00:00,55193,78.0,43.5,16.5,0.0,,,,
2026-03-05T14:32:34+00:00,55194,78.0,43.0,16.4,0.0,,,,
2026-03-05T14:35:34+00:00,55195,78.0,43.5,16.4,0.0,,,,
2026-03-05T14:38:34+00:00,55196,78.0,43.5,16.3,0.0,,,,
2026-03-05T14:41:34+00:00,55197,78.0,43.5,16.0,0.0,,,,
2026-03-05T14:44:34+00:00,55198,78.0,44.0,15.7,0.0,,,,
2026-03-05T14:47:34+00:00,55199,78.0,44.5,15.4,0.0,,,,
2026-03-05T14:50:34+00:00,55200,78.0,44.0,15.4,0.0,,,,
2026-03-05T14:53:34+00:00,55201,78.0,45.0,15.2,0.0,,,,
2026-03-05T14:56:34+00:00,55202,78.0,46.5,15.1,0.0,,,,
2026-03-05T14:59:34+00:00,55203,78.0,46.0,15.2,0.0,,,,
2026-03-05T15:02:34+00:00,55204,78.0,45.5,15.4,0.0,,,,
2026-03-05T15:05:34+00:00,55205,78.0,45.5,15.4,0.0,,,,
2026-03-05T15:08:34+00:00,55206,78.0,45.5,15.6,0.0,,,,
2026-03-05T15:11:34+00:00,55207,78.0,45.0,15.7,0.0,,,,
2026-03-05T15:14:34+00:00,55208,78.0,45.5,15.8,0.0,,,,
2026-03-05T15:17:34+00:00,55209,78.0,44.5,15.8,0.0,,,,
2026-03-05T15:20:34+00:00,55210,78.0,44.0,15.8,0.0,,,,
2026-03-05T15:23:34+00:00,55211,78.0,42.5,15.8,0.0,,,,
2026-03-05T15:26:34+00:00,55212,78.0,43.0,15.7,0.0,,,,
2026-03-05T15:29:34+00:00,55213,78.0,43.0,15.9,0.0,,,,
2026-03-05T15:32:34+00:00,55214,78.0,42.5,15.9,0.0,,,,
2026-03-05T15:35:34+00:00,55215,78.0,42.5,16.0,0.0,,,,
2026-03-05T15:38:34+00:00,55216,78.0,41.5,16.0,0.0,,,,
2026-03-05T15:41:34+00:00,55217,78.0,42.5,15.7,0.0,,,,
2026-03-05T15:44:34+00:00,55218,78.0,43.0,15.3,0.0,,,,
2026-03-05T15:47:34+00:00,55219,78.0,42.5,15.2,0.0,,,,
2026-03-05T15:50:34+00:00,55220,78.0,43.5,15.2,0.0,,,,
2026-03-05T15:53:34+00:00,55221,78.0,43.0,15.3,0.0,,,,
2026-03-05T15:56:34+00:00,55222,78.0,43.0,15.2,0.0,,,,
2026-03-05T15:59:34+00:00,55223,78.0,43.5,15.0,0.0,,,,
2026-03-05T16:02:34+00:00,55224,78.0,44.0,14.9,0.0,,,,
2026-03-05T16:05:34+00:00,55225,78.0,44.0,14.8,0.0,,,,
2026-03-05T16:08:34+00:00,55226,78.0,44.5,14.8,0.0,,,,
2026-03-05T16:11:34+00:00,55227,78.0,44.0,14.6,0.0,,,,
2026-03-05T16:14:34+00:00,55228,78.0,44.5,14.7,0.0,,,,
2026-03-05T16:17:34+00:00,55229,78.0,44.5,14.6,0.0,,,,
2026-03-05T16:20:34+00:00,55230,78.0,45.0,14.4,0.0,,,,
2026-03-05T16:23:34+00:00,55231,78.0,46.0,14.3,0.0,,,,
2026-03-05T16:26:34+00:00,55232,78.0,46.0,14.2,0.0,,,,
2026-03-05T16:29:34+00:00,55233,78.0,46.5,14.0,0.0,,,,
2026-03-05T16:32:34+00:00,55234,78.0,46.5,13.9,0.0,,,,
2026-03-05T16:35:34+00:00,55235,78.0,48.0,13.6,0.0,,,,
2026-03-05T16:38:34+00:00,55236,78.0,48.5,13.3,0.0,,,,
2026-03-05T16:41:33+00:00,55237,78.0,48.5,13.2,0.0,,,,
2026-03-05T16:44:33+00:00,55238,78.0,48.0,13.0,0.0,,,,
2026-03-05T16:47:33+00:00,55239,78.0,49.0,12.8,0.0,,,,
2026-03-05T16:50:33+00:00,55240,78.0,50.0,12.7,0.0,,,,
2026-03-05T16:53:33+00:00,55241,78.0,52.0,12.4,0.0,,,,
2026-03-05T16:56:33+00:00,55242,78.0,51.5,12.1,0.0,,,,
2026-03-05T16:59:33+00:00,55243,78.0,53.0,11.9,0.0,,,,
2026-03-05T17:02:33+00:00,55244,78.0,54.0,11.9,0.0,,,,
2026-03-05T17:05:33+00:00,55245,78.0,54.5,11.7,0.0,,,,
2026-03-05T17:08:33+00:00,55246,78.0,54.5,11.6,0.0,,,,
2026-03-05T17:11:33+00:00,55247,78.0,55.0,11.4,0.0,,,,
2026-03-05T17:14:33+00:00,55248,78.0,55.5,11.4,0.0,,,,
2026-03-05T17:17:33+00:00,55249,78.0,55.5,11.2,0.0,,,,
2026-03-05T17:20:33+00:00,55250,78.0,57.5,11.1,0.0,,,,
2026-03-05T17:23:33+00:00,55251,78.0,56.5,10.7,0.0,,,,
2026-03-05T17:26:33+00:00,55252,78.0,57.0,10.7,0.0,,,,
2026-03-05T17:29:33+00:00,55253,78.0,57.0,10.5,0.0,,,,
2026-03-05T17:32:33+00:00,55254,78.0,57.0,10.5,0.0,,,,
2026-03-05T17:35:33+00:00,55255,78.0,57.0,10.4,0.0,,,,
2026-03-05T17:38:33+00:00,55256,78.0,58.0,10.2,0.0,,,,
2026-03-05T17:41:33+00:00,55257,78.0,58.5,10.1,0.0,,,,
2026-03-05T17:44:33+00:00,55258,78.0,58.5,10.0,0.0,,,,
2026-03-05T17:47:33+00:00,55259,78.0,58.5,10.0,0.0,,,,
2026-03-05T17:50:33+00:00,55260,78.0,58.5,10.1,0.0,,,,
2026-03-05T17:53:33+00:00,55261,78.0,59.0,10.0,0.0,,,,
2026-03-05T17:56:33+00:00,55262,78.0,59.0,10.0,0.0,,,,
2026-03-05T17:59:33+00:00,55263,78.0,60.0,9.9,0.0,,,,
2026-03-05T18:02:33+00:00,55264,78.0,59.5,9.6,0.0,,,,
2026-03-05T18:05:33+00:00,55265,78.0,58.5,9.6,0.0,,,,
2026-03-05T18:08:33+00:00,55266,78.0,59.5,9.3,0.0,,,,
2026-03-05T18:11:33+00:00,55267,78.0,61.0,9.5,0.0,,,,
2026-03-05T18:14:33+00:00,55268,78.0,61.5,9.6,0.0,,,,
2026-03-05T18:17:33+00:00,55269,78.0,62.0,9.5,0.0,,,,
2026-03-05T18:20:33+00:00,55270,78.0,62.0,9.4,0.0,,,,
2026-03-05T18:23:33+00:00,55271,78.0,63.0,9.2,0.0,,,,
2026-03-05T18:26:33+00:00,55272,78.0,63.5,9.1,0.0,,,,
2026-03-05T18:29:33+00:00,55273,78.0,63.0,9.2,0.0,,,,
2026-03-05T18:32:33+00:00,55274,78.0,62.0,9.4,0.0,,,,
2026-03-05T18:35:33+00:00,55275,78.0,62.0,9.2,0.0,,,,
2026-03-05T18:38:33+00:00,55276,78.0,63.5,9.2,0.0,,,,
2026-03-05T18:41:33+00:00,55277,78.0,64.5,8.9,0.0,,,,
2026-03-05T18:44:33+00:00,55278,78.0,64.5,8.8,0.0,,,,
2026-03-05T18:47:33+00:00,55279,78.0,65.0,8.8,0.0,,,,
2026-03-05T18:50:33+00:00,55280,78.0,63.5,8.9,0.0,,,,
2026-03-05T18:53:33+00:00,55281,78.0,63.5,8.9,0.0,,,,
2026-03-05T18:56:33+00:00,55282,78.0,63.5,9.0,0.0,,,,
2026-03-05T18:59:33+00:00,55283,78.0,63.5,9.0,0.0,,,,
2026-03-05T19:02:33+00:00,55284,78.0,64.0,8.9,0.0,,,,
2026-03-05T19:05:33+00:00,55285,78.0,65.0,8.9,0.0,,,,
2026-03-05T19:08:33+00:00,55286,78.0,65.0,8.8,0.0,,,,
2026-03-05T19:11:33+00:00,55287,78.0,65.0,8.9,0.0,,,,
2026-03-05T19:14:33+00:00,55288,78.0,62.0,9.0,0.0,,,,
2026-03-05T19:17:33+00:00,55289,78.0,60.5,9.1,0.0,,,,
2026-03-05T19:20:33+00:00,55290,78.0,59.5,9.2,0.0,,,,
2026-03-05T19:23:33+00:00,55291,78.0,59.5,9.2,0.0,,,,
2026-03-05T19:26:33+00:00,55292,78.0,60.0,9.2,0.0,,,,
2026-03-05T19:29:33+00:00,55293,78.0,60.5,9.0,0.0,,,,
2026-03-05T19:32:33+00:00,55294,78.0,61.5,9.0,0.0,,,,
2026-03-05T19:35:33+00:00,55295,78.0,61.0,9.0,0.0,,,,
2026-03-05T19:38:33+00:00,55296,78.0,60.5,9.0,0.0,,,,
2026-03-05T19:41:33+00:00,55297,78.0,59.5,9.1,0.0,,,,
2026-03-05T19:44:33+00:00,55298,78.0,58.0,9.3,0.0,,,,
2026-03-05T19:47:33+00:00,55299,78.0,59.0,9.2,0.0,,,,
2026-03-05T19:50:33+00:00,55300,78.0,59.5,9.1,0.0,,,,
2026-03-05T19:53:33+00:00,55301,78.0,59.5,8.9,0.0,,,,
2026-03-05T19:56:33+00:00,55302,78.0,59.5,8.9,0.0,,,,
2026-03-05T19:59:33+00:00,55303,78.0,59.5,8.9,0.0,,,,
2026-03-05T20:02:33+00:00,55304,78.0,60.0,8.8,0.0,,,,
2026-03-05T20:05:33+00:00,55305,78.0,60.5,8.9,0.0,,,,
2026-03-05T20:08:33+00:00,55306,78.0,60.5,8.8,0.0,,,,
2026-03-05T20:11:33+00:00,55307,78.0,61.5,8.7,0.0,,,,
2026-03-05T20:14:33+00:00,55308,78.0,62.0,8.5,0.0,,,,
2026-03-05T20:17:33+00:00,55309,78.0,62.5,8.5,0.0,,,,
2026-03-05T20:20:33+00:00,55310,78.0,62.5,8.4,0.0,,,,
2026-03-05T20:23:33+00:00,55311,78.0,63.0,8.5,0.0,,,,
2026-03-05T20:26:33+00:00,55312,78.0,63.0,8.3,0.0,,,,
2026-03-05T20:29:33+00:00,55313,78.0,63.0,8.3,0.0,,,,
2026-03-05T20:32:33+00:00,55314,78.0,63.5,8.3,0.0,,,,
2026-03-05T20:35:33+00:00,55315,78.0,63.5,8.5,0.0,,,,
2026-03-05T20:38:33+00:00,55316,78.0,62.5,8.5,0.0,,,,
2026-03-05T20:41:33+00:00,55317,78.0,62.0,8.7,0.0,,,,
2026-03-05T20:44:33+00:00,55318,78.0,62.0,8.8,0.0,,,,
2026-03-05T20:47:33+00:00,55319,78.0,61.5,8.8,0.0,,,,
2026-03-05T20:50:33+00:00,55320,78.0,62.5,8.6,0.0,,,,
2026-03-05T20:53:33+00:00,55321,78.0,62.5,8.4,0.0,,,,
2026-03-05T20:56:33+00:00,55322,78.0,63.5,8.2,0.0,,,,
2026-03-05T20:59:33+00:00,55323,78.0,63.5,8.1,0.0,,,,
2026-03-05T21:02:33+00:00,55324,78.0,64.0,8.3,0.0,,,,
2026-03-05T21:05:33+00:00,55325,78.0,63.5,8.3,0.0,,,,
2026-03-05T21:08:33+00:00,55326,78.0,63.0,8.2,0.0,,,,
2026-03-05T21:11:33+00:00,55327,78.0,64.0,8.2,0.0,,,,
2026-03-05T21:14:33+00:00,55328,78.0,63.5,8.4,0.0,,,,
2026-03-05T21:17:33+00:00,55329,78.0,63.0,8.5,0.0,,,,
2026-03-05T21:20:33+00:00,55330,78.0,63.5,8.3,0.0,,,,
2026-03-05T21:23:33+00:00,55331,78.0,63.5,8.2,0.0,,,,
2026-03-05T21:26:33+00:00,55332,78.0,63.5,8.3,0.0,,,,
2026-03-05T21:29:33+00:00,55333,78.0,63.5,8.3,0.0,,,,
2026-03-05T21:32:33+00:00,55334,78.0,63.5,8.4,0.0,,,,
2026-03-05T21:35:33+00:00,55335,78.0,63.5,8.3,0.0,,,,
2026-03-05T21:38:33+00:00,55336,78.0,64.5,8.2,0.0,,,,
2026-03-05T21:41:33+00:00,55337,78.0,65.0,8.1,0.0,,,,
2026-03-05T21:44:33+00:00,55338,78.0,64.5,8.2,0.0,,,,
2026-03-05T21:47:33+00:00,55339,78.0,64.0,8.3,0.0,,,,
2026-03-05T21:50:33+00:00,55340,78.0,63.5,8.5,0.0,,,,
2026-03-05T21:53:33+00:00,55341,78.0,64.5,8.3,0.0,,,,
2026-03-05T21:56:33+00:00,55342,78.0,65.0,8.0,0.0,,,,
2026-03-05T21:59:33+00:00,55343,78.0,65.5,8.1,0.0,,,,
2026-03-05T22:02:33+00:00,55344,78.0,66.0,8.0,0.0,,,,
2026-03-05T22:05:33+00:00,55345,78.0,65.5,8.0,0.0,,,,
2026-03-05T22:08:33+00:00,55346,78.0,65.5,8.0,0.0,,,,
2026-03-05T22:11:33+00:00,55347,78.0,65.5,7.9,0.0,,,,
2026-03-05T22:14:33+00:00,55348,78.0,65.0,8.1,0.0,,,,
2026-03-05T22:17:33+00:00,55349,78.0,64.0,8.2,0.0,,,,
2026-03-05T22:20:33+00:00,55350,78.0,64.5,8.2,0.0,,,,
2026-03-05T22:23:33+00:00,55351,78.0,64.0,8.1,0.0,,,,
2026-03-05T22:26:33+00:00,55352,78.0,64.0,8.1,0.0,,,,
2026-03-05T22:29:33+00:00,55353,78.0,65.0,7.9,0.0,,,,
2026-03-05T22:32:33+00:00,55354,78.0,65.5,7.7,0.0,,,,
2026-03-05T22:35:33+00:00,55355,78.0,66.0,7.6,0.0,,,,
2026-03-05T22:38:33+00:00,55356,78.0,65.5,7.8,0.0,,,,
2026-03-05T22:41:33+00:00,55357,78.0,64.5,8.0,0.0,,,,
2026-03-05T22:44:33+00:00,55358,78.0,63.5,8.3,0.0,,,,
2026-03-05T22:47:33+00:00,55359,78.0,63.0,8.4,0.0,,,,
2026-03-05T22:50:33+00:00,55360,78.0,63.0,8.4,0.0,,,,
2026-03-05T22:53:33+00:00,55361,78.0,62.5,8.3,0.0,,,,
2026-03-05T22:56:33+00:00,55362,78.0,62.0,8.4,0.0,,,,
2026-03-05T22:59:33+00:00,55363,78.0,62.0,8.4,0.0,,,,
2026-03-05T23:02:33+00:00,55364,78.0,62.0,8.5,0.0,,,,
2026-03-05T23:05:33+00:00,55365,78.0,62.0,8.5,0.0,,,,
2026-03-05T23:08:33+00:00,55366,78.0,61.5,8.6,0.0,,,,
2026-03-05T23:11:33+00:00,55367,78.0,61.5,8.5,0.0,,,,
2026-03-05T23:14:33+00:00,55368,78.0,61.5,8.6,0.0,,,,
2026-03-05T23:17:33+00:00,55369,78.0,61.5,8.7,0.0,,,,
2026-03-05T23:20:33+00:00,55370,78.0,61.5,8.8,0.0,,,,
2026-03-05T23:23:33+00:00,55371,78.0,61.0,8.8,0.0,,,,
2026-03-05T23:26:33+00:00,55372,78.0,60.5,8.9,0.0,,,,
2026-03-05T23:29:33+00:00,55373,78.0,60.0,8.9,0.0,,,,
2026-03-05T23:32:33+00:00,55374,78.0,60.0,8.9,0.0,,,,
2026-03-05T23:35:33+00:00,55375,78.0,60.0,8.8,0.0,,,,
2026-03-05T23:38:33+00:00,55376,78.0,60.0,8.8,0.0,,,,
2026-03-05T23:41:33+00:00,55377,78.0,61.0,8.6,0.0,,,,
2026-03-05T23:44:33+00:00,55378,78.0,61.0,8.6,0.0,,,,
2026-03-05T23:47:33+00:00,55379,78.0,61.5,8.3,0.0,,,,
2026-03-05T23:50:33+00:00,55380,78.0,62.5,8.3,0.0,,,,
2026-03-05T23:53:33+00:00,55381,78.0,63.0,8.3,0.0,,,,
2026-03-05T23:56:33+00:00,55382,78.0,63.0,8.3,0.0,,,,
2026-03-05T23:59:33+00:00,55383,78.0,63.5,8.1,0.0,,,,
2026-03-06T00:02:33+00:00,55384,78.0,64.5,8.1,0.0,,,,
2026-03-06T00:05:33+00:00,55385,78.0,64.5,8.1,0.0,,,,
2026-03-06T00:08:33+00:00,55386,78.0,64.0,8.2,0.0,,,,
2026-03-06T00:11:33+00:00,55387,78.0,64.5,8.2,0.0,,,,
2026-03-06T00:14:33+00:00,55388,78.0,64.0,8.2,0.0,,,,
2026-03-06T00:17:33+00:00,55389,78.0,63.0,8.2,0.0,,,,
2026-03-06T00:20:33+00:00,55390,78.0,61.5,8.4,0.0,,,,
2026-03-06T00:23:33+00:00,55391,78.0,62.0,8.5,0.0,,,,
2026-03-06T00:26:33+00:00,55392,78.0,61.0,8.4,0.0,,,,
2026-03-06T00:29:33+00:00,55393,78.0,60.5,8.5,0.0,,,,
2026-03-06T00:32:33+00:00,55394,78.0,60.0,8.7,0.0,,,,
2026-03-06T00:35:33+00:00,55395,78.0,60.0,8.9,0.0,,,,
2026-03-06T00:38:33+00:00,55396,78.0,59.0,8.8,0.0,,,,
2026-03-06T00:41:33+00:00,55397,78.0,59.0,8.9,0.0,,,,
2026-03-06T00:44:33+00:00,55398,78.0,59.0,8.9,0.0,,,,
2026-03-06T00:47:33+00:00,55399,78.0,60.5,8.9,0.0,,,,
2026-03-06T00:50:33+00:00,55400,78.0,59.5,8.9,0.0,,,,
2026-03-06T00:53:33+00:00,55401,78.0,59.5,9.0,0.0,,,,
2026-03-06T00:56:33+00:00,55402,78.0,59.5,9.0,0.0,,,,
2026-03-06T00:59:33+00:00,55403,78.0,60.0,9.0,0.0,,,,
2026-03-06T01:02:33+00:00,55404,78.0,59.5,8.9,0.0,,,,
2026-03-06T01:05:33+00:00,55405,78.0,59.5,9.0,0.0,,,,
2026-03-06T01:08:33+00:00,55406,78.0,59.5,9.0,0.0,,,,
2026-03-06T01:11:33+00:00,55407,78.0,60.0,9.0,0.0,,,,
2026-03-06T01:14:33+00:00,55408,78.0,60.0,9.0,0.0,,,,
2026-03-06T01:17:33+00:00,55409,78.0,60.5,8.8,0.0,,,,
2026-03-06T01:20:32+00:00,55410,78.0,61.0,8.6,0.0,,,,
2026-03-06T01:23:33+00:00,55411,78.0,62.0,8.5,0.0,,,,
2026-03-06T01:26:32+00:00,55412,78.0,62.0,8.5,0.0,,,,
2026-03-06T01:29:32+00:00,55413,78.0,63.0,8.4,0.0,,,,
2026-03-06T01:32:32+00:00,55414,78.0,63.5,8.2,0.0,,,,
2026-03-06T01:35:32+00:00,55415,78.0,63.5,8.2,0.0,,,,
2026-03-06T01:38:32+00:00,55416,78.0,63.0,8.2,0.0,,,,
2026-03-06T01:41:32+00:00,55417,78.0,63.0,8.3,0.0,,,,
2026-03-06T01:44:32+00:00,55418,78.0,63.5,8.3,0.0,,,,
2026-03-06T01:47:32+00:00,55419,78.0,63.5,8.3,0.0,,,,
2026-03-06T01:50:32+00:00,55420,78.0,64.5,8.2,0.0,,,,
2026-03-06T01:53:32+00:00,55421,78.0,65.0,8.1,0.0,,,,
2026-03-06T01:56:32+00:00,55422,78.0,65.5,8.1,0.0,,,,
2026-03-06T01:59:32+00:00,55423,78.0,65.5,8.1,0.0,,,,
2026-03-06T02:02:32+00:00,55424,78.0,65.0,8.0,0.0,,,,
2026-03-06T02:05:32+00:00,55425,78.0,65.5,8.0,0.0,,,,
2026-03-06T02:08:32+00:00,55426,78.0,64.5,8.1,0.0,,,,
2026-03-06T02:11:32+00:00,55427,78.0,64.5,8.3,0.0,,,,
2026-03-06T02:14:32+00:00,55428,78.0,64.0,8.2,0.0,,,,
2026-03-06T02:17:32+00:00,55429,78.0,63.5,8.3,0.0,,,,
2026-03-06T02:20:32+00:00,55430,78.0,63.0,8.3,0.0,,,,
2026-03-06T02:23:33+00:00,55431,78.0,62.5,8.3,0.0,,,,
2026-03-06T02:26:32+00:00,55432,78.0,61.5,8.5,0.0,,,,
2026-03-06T02:29:32+00:00,55433,78.0,61.5,8.5,0.0,,,,
2026-03-06T02:32:32+00:00,55434,78.0,61.0,8.5,0.0,,,,
2026-03-06T02:35:32+00:00,55435,78.0,61.0,8.5,0.0,,,,
2026-03-06T02:38:32+00:00,55436,78.0,61.0,8.4,0.0,,,,
2026-03-06T02:41:32+00:00,55437,78.0,61.0,8.5,0.0,,,,
2026-03-06T02:44:32+00:00,55438,78.0,61.0,8.5,0.0,,,,
2026-03-06T02:47:32+00:00,55439,78.0,61.0,8.5,0.0,,,,
2026-03-06T02:50:32+00:00,55440,78.0,61.5,8.4,0.0,,,,
2026-03-06T02:53:32+00:00,55441,78.0,61.5,8.4,0.0,,,,
2026-03-06T02:56:32+00:00,55442,78.0,62.0,8.2,0.0,,,,
2026-03-06T02:59:32+00:00,55443,78.0,63.0,8.2,0.0,,,,
2026-03-06T03:02:32+00:00,55444,78.0,63.0,8.1,0.0,,,,
2026-03-06T03:05:32+00:00,55445,78.0,63.5,8.0,0.0,,,,
2026-03-06T03:08:32+00:00,55446,78.0,64.0,7.9,0.0,,,,
2026-03-06T03:11:32+00:00,55447,78.0,64.0,7.7,0.0,,,,
2026-03-06T03:14:32+00:00,55448,78.0,65.5,7.4,0.0,,,,
2026-03-06T03:17:32+00:00,55449,78.0,66.5,7.2,0.0,,,,
2026-03-06T03:20:32+00:00,55450,78.0,67.0,7.0,0.0,,,,
2026-03-06T03:23:32+00:00,55451,78.0,67.0,7.1,0.0,,,,
2026-03-06T03:26:32+00:00,55452,78.0,67.5,7.0,0.0,,,,
2026-03-06T03:29:32+00:00,55453,78.0,67.5,7.0,0.0,,,,
2026-03-06T03:32:32+00:00,55454,78.0,67.0,7.0,0.0,,,,
2026-03-06T03:35:32+00:00,55455,78.0,67.5,7.0,0.0,,,,
2026-03-06T03:38:32+00:00,55456,78.0,67.0,7.1,0.0,,,,
2026-03-06T03:41:32+00:00,55457,78.0,67.5,6.9,0.0,,,,
2026-03-06T03:44:32+00:00,55458,78.0,68.0,6.8,0.0,,,,
2026-03-06T03:47:32+00:00,55459,78.0,67.5,6.9,0.0,,,,
2026-03-06T03:50:32+00:00,55460,78.0,67.5,6.8,0.0,,,,
2026-03-06T03:53:32+00:00,55461,78.0,67.0,6.9,0.0,,,,
2026-03-06T03:56:32+00:00,55462,78.0,66.5,6.9,0.0,,,,
2026-03-06T03:59:32+00:00,55463,78.0,66.0,6.9,0.0,,,,
2026-03-06T04:02:32+00:00,55464,78.0,66.0,6.9,0.0,,,,
2026-03-06T04:05:34+00:00,55465,78.0,67.0,6.7,0.0,,,,
2026-03-06T04:08:32+00:00,55466,78.0,67.5,6.5,0.0,,,,
2026-03-06T04:11:32+00:00,55467,78.0,68.5,6.5,0.0,,,,
2026-03-06T04:14:32+00:00,55468,78.0,68.5,6.5,0.0,,,,
2026-03-06T04:17:32+00:00,55469,78.0,67.5,6.7,0.0,,,,
2026-03-06T04:20:32+00:00,55470,78.0,68.0,6.6,0.0,,,,
2026-03-06T04:23:32+00:00,55471,78.0,68.0,6.6,0.0,,,,
2026-03-06T04:26:32+00:00,55472,78.0,67.5,6.5,0.0,,,,
2026-03-06T04:29:32+00:00,55473,78.0,69.5,6.3,0.0,,,,
2026-03-06T04:32:32+00:00,55474,78.0,69.5,6.2,0.0,,,,
2026-03-06T04:35:32+00:00,55475,78.0,69.5,6.2,0.0,,,,
2026-03-06T04:38:32+00:00,55476,78.0,69.5,6.2,0.0,,,,
2026-03-06T04:41:32+00:00,55477,78.0,70.0,6.0,0.0,,,,
2026-03-06T04:44:32+00:00,55478,78.0,71.5,5.9,0.0,,,,
2026-03-06T04:47:32+00:00,55479,78.0,71.5,5.8,0.0,,,,
2026-03-06T04:50:32+00:00,55480,78.0,71.5,5.8,0.0,,,,
2026-03-06T04:53:32+00:00,55481,78.0,71.0,5.8,0.0,,,,
2026-03-06T04:56:32+00:00,55482,78.0,71.5,6.0,0.0,,,,
2026-03-06T04:59:32+00:00,55483,78.0,71.5,5.9,0.0,,,,
2026-03-06T05:02:32+00:00,55484,78.0,70.5,6.1,0.0,,,,
2026-03-06T05:05:32+00:00,55485,78.0,70.5,6.1,0.0,,,,
2026-03-06T05:08:32+00:00,55486,78.0,70.0,6.0,0.0,,,,
2026-03-06T05:11:32+00:00,55487,78.0,71.5,6.1,0.0,,,,
2026-03-06T05:14:32+00:00,55488,78.0,71.0,6.2,0.0,,,,
2026-03-06T05:17:32+00:00,55489,78.0,71.0,6.5,0.0,,,,
2026-03-06T05:20:32+00:00,55490,78.0,70.0,6.5,0.0,,,,
2026-03-06T05:23:32+00:00,55491,78.0,70.0,6.5,0.0,,,,
2026-03-06T05:26:32+00:00,55492,78.0,70.0,6.5,0.0,,,,
2026-03-06T05:29:32+00:00,55493,78.0,70.0,6.3,0.0,,,,
2026-03-06T05:32:32+00:00,55494,78.0,70.5,6.2,0.0,,,,
2026-03-06T05:35:32+00:00,55495,78.0,71.0,6.1,0.0,,,,
2026-03-06T05:38:32+00:00,55496,78.0,71.0,5.9,0.0,,,,
2026-03-06T05:41:32+00:00,55497,78.0,70.0,5.9,0.0,,,,
2026-03-06T05:44:32+00:00,55498,78.0,70.0,5.7,0.0,,,,
2026-03-06T05:47:32+00:00,55499,78.0,70.5,5.7,0.0,,,,
2026-03-06T05:50:32+00:00,55500,78.0,72.5,5.7,0.0,,,,
2026-03-06T05:53:32+00:00,55501,78.0,72.0,5.7,0.0,,,,
2026-03-06T05:56:32+00:00,55502,78.0,72.5,5.5,0.0,,,,
2026-03-06T05:59:32+00:00,55503,78.0,73.5,5.4,0.0,,,,
2026-03-06T06:02:32+00:00,55504,78.0,73.0,5.2,0.0,,,,
2026-03-06T06:05:32+00:00,55505,78.0,73.5,5.3,0.0,,,,
2026-03-06T06:08:32+00:00,55506,78.0,71.0,5.5,0.0,,,,
2026-03-06T06:11:32+00:00,55507,78.0,70.5,5.6,0.0,,,,
2026-03-06T06:14:32+00:00,55508,78.0,70.5,5.5,0.0,,,,
2026-03-06T06:17:32+00:00,55509,78.0,71.5,5.5,0.0,,,,
2026-03-06T06:20:32+00:00,55510,78.0,71.5,5.4,0.0,,,,
2026-03-06T06:23:32+00:00,55511,78.0,72.0,5.4,0.0,,,,
2026-03-06T06:26:32+00:00,55512,78.0,72.5,5.4,0.0,,,,
2026-03-06T06:29:32+00:00,55513,78.0,72.5,5.6,0.0,,,,
2026-03-06T06:32:32+00:00,55514,78.0,72.5,5.8,0.0,,,,
2026-03-06T06:35:32+00:00,55515,78.0,71.5,5.9,0.0,,,,
2026-03-06T06:38:32+00:00,55516,78.0,71.0,6.0,0.0,,,,
2026-03-06T06:41:32+00:00,55517,78.0,70.5,6.1,0.0,,,,
2026-03-06T06:44:32+00:00,55518,78.0,70.5,6.2,0.0,,,,
2026-03-06T06:47:32+00:00,55519,78.0,70.0,6.4,0.0,,,,
2026-03-06T06:50:32+00:00,55520,78.0,69.0,6.6,0.0,,,,
2026-03-06T06:53:32+00:00,55521,78.0,68.0,6.8,0.0,,,,
2026-03-06T06:56:32+00:00,55522,78.0,67.5,6.9,0.0,,,,
2026-03-06T06:59:32+00:00,55523,78.0,68.0,6.8,0.0,,,,
2026-03-06T07:02:32+00:00,55524,78.0,66.5,7.1,0.0,,,,
2026-03-06T07:05:32+00:00,55525,78.0,64.5,7.4,0.0,,,,
2026-03-06T07:08:32+00:00,55526,78.0,64.5,7.6,0.0,,,,
2026-03-06T07:11:32+00:00,55527,78.0,64.0,7.7,0.0,,,,
2026-03-06T07:14:32+00:00,55528,78.0,63.5,7.7,0.0,,,,
2026-03-06T07:17:32+00:00,55529,78.0,63.5,7.8,0.0,,,,
2026-03-06T07:20:32+00:00,55530,78.0,62.5,7.9,0.0,,,,
2026-03-06T07:23:32+00:00,55531,78.0,62.0,8.1,0.0,,,,
2026-03-06T07:26:32+00:00,55532,78.0,62.0,8.3,0.0,,,,
2026-03-06T07:29:32+00:00,55533,78.0,62.0,8.3,0.0,,,,
2026-03-06T07:32:32+00:00,55534,78.0,60.5,8.5,0.0,,,,
2026-03-06T07:35:32+00:00,55535,78.0,60.5,8.6,0.0,,,,
2026-03-06T07:38:32+00:00,55536,78.0,60.5,8.7,0.0,,,,
2026-03-06T07:41:32+00:00,55537,78.0,59.5,8.7,0.0,,,,
2026-03-06T07:44:32+00:00,55538,78.0,59.5,8.8,0.0,,,,
2026-03-06T07:47:32+00:00,55539,78.0,59.5,8.9,0.0,,,,
2026-03-06T07:50:32+00:00,55540,78.0,64.5,9.1,0.0,,,,
2026-03-06T07:53:32+00:00,55541,78.0,64.5,9.0,0.0,,,,
2026-03-06T07:56:32+00:00,55542,78.0,65.5,8.9,0.0,,,,
2026-03-06T07:59:32+00:00,55543,78.0,67.5,9.0,0.0,,,,
2026-03-06T08:02:32+00:00,55544,78.0,67.0,9.0,0.0,,,,
2026-03-06T08:05:32+00:00,55545,78.0,67.5,9.0,0.0,,,,
2026-03-06T08:08:32+00:00,55546,78.0,68.5,8.9,0.0,,,,
2026-03-06T08:11:32+00:00,55547,78.0,69.0,8.8,0.0,,,,
2026-03-06T08:14:32+00:00,55548,78.0,69.0,8.9,0.0,,,,
2026-03-06T08:17:32+00:00,55549,78.0,70.0,9.1,0.0,,,,
2026-03-06T08:20:32+00:00,55550,78.0,69.0,9.2,0.0,,,,
2026-03-06T08:23:32+00:00,55551,78.0,68.5,9.4,0.0,,,,
2026-03-06T08:26:32+00:00,55552,78.0,66.5,9.7,0.0,,,,
2026-03-06T08:29:32+00:00,55553,78.0,66.0,9.9,0.0,,,,
2026-03-06T08:32:32+00:00,55554,78.0,65.0,10.2,0.0,,,,
2026-03-06T08:35:32+00:00,55555,78.0,63.5,10.6,0.0,,,,
2026-03-06T08:38:32+00:00,55556,78.0,62.5,11.0,0.0,,,,
2026-03-06T08:41:32+00:00,55557,78.0,62.5,11.3,0.0,,,,
2026-03-06T08:44:32+00:00,55558,78.0,59.0,11.5,0.0,,,,
2026-03-06T08:47:32+00:00,55559,78.0,59.5,11.7,0.0,,,,
2026-03-06T08:50:32+00:00,55560,78.0,59.0,12.0,0.0,,,,
2026-03-06T08:53:32+00:00,55561,78.0,59.0,12.1,0.0,,,,
2026-03-06T08:56:32+00:00,55562,78.0,59.5,12.3,0.0,,,,
2026-03-06T08:59:32+00:00,55563,78.0,59.0,12.3,0.0,,,,
2026-03-06T09:02:32+00:00,55564,78.0,58.5,12.3,0.0,,,,
2026-03-06T09:05:32+00:00,55565,78.0,60.0,12.6,0.0,,,,
2026-03-06T09:08:32+00:00,55566,78.0,60.5,12.8,0.0,,,,
2026-03-06T09:11:32+00:00,55567,78.0,60.0,12.9,0.0,,,,
2026-03-06T09:14:32+00:00,55568,78.0,59.0,13.0,0.0,,,,
2026-03-06T09:17:32+00:00,55569,78.0,59.0,13.1,0.0,,,,
2026-03-06T09:20:32+00:00,55570,78.0,57.5,13.2,0.0,,,,
2026-03-06T09:23:32+00:00,55571,78.0,57.5,13.5,0.0,,,,
2026-03-06T09:26:32+00:00,55572,78.0,58.0,13.5,0.0,,,,
2026-03-06T09:29:32+00:00,55573,78.0,58.0,13.8,0.0,,,,
2026-03-06T09:32:32+00:00,55574,78.0,57.0,13.9,0.0,,,,
2026-03-06T09:35:32+00:00,55575,78.0,56.5,13.8,0.0,,,,
2026-03-06T09:38:32+00:00,55576,78.0,52.5,13.8,0.0,,,,
2026-03-06T09:41:32+00:00,55577,78.0,50.5,14.1,0.0,,,,
2026-03-06T09:44:32+00:00,55578,78.0,49.5,14.3,0.0,,,,
2026-03-06T09:47:32+00:00,55579,78.0,51.0,14.5,0.0,,,,
2026-03-06T09:50:32+00:00,55580,78.0,48.5,15.0,0.0,,,,
2026-03-06T09:53:32+00:00,55581,78.0,48.5,15.3,0.0,,,,
2026-03-06T09:56:32+00:00,55582,78.0,45.5,15.6,0.0,,,,
2026-03-06T09:59:32+00:00,55583,78.0,46.0,15.7,0.0,,,,
2026-03-06T10:02:32+00:00,55584,78.0,43.0,15.8,0.0,,,,
2026-03-06T10:05:32+00:00,55585,78.0,45.5,15.8,0.0,,,,
2026-03-06T10:08:32+00:00,55586,78.0,46.5,15.8,0.0,,,,
2026-03-06T10:11:32+00:00,55587,78.0,45.0,15.8,0.0,,,,
2026-03-06T10:14:32+00:00,55588,78.0,45.0,15.7,0.0,,,,
2026-03-06T10:17:31+00:00,55589,78.0,47.0,15.6,0.0,,,,
2026-03-06T10:20:31+00:00,55590,78.0,47.0,15.3,0.0,,,,
2026-03-06T10:23:32+00:00,55591,78.0,47.0,15.3,0.0,,,,
2026-03-06T10:26:31+00:00,55592,78.0,48.0,15.3,0.0,,,,
2026-03-06T10:29:31+00:00,55593,78.0,47.0,15.5,0.0,,,,
2026-03-06T10:32:31+00:00,55594,78.0,47.5,15.5,0.0,,,,
2026-03-06T10:35:31+00:00,55595,78.0,45.5,15.5,0.0,,,,
2026-03-06T10:38:31+00:00,55596,78.0,46.0,15.6,0.0,,,,
2026-03-06T10:41:31+00:00,55597,78.0,47.0,15.6,0.0,,,,
2026-03-06T10:44:31+00:00,55598,78.0,45.0,15.9,0.0,,,,
2026-03-06T10:47:31+00:00,55599,78.0,46.0,15.6,0.0,,,,
2026-03-06T10:50:31+00:00,55600,78.0,46.0,15.4,0.0,,,,
2026-03-06T10:53:31+00:00,55601,78.0,45.5,15.5,0.0,,,,
2026-03-06T10:56:31+00:00,55602,78.0,45.0,15.9,0.0,,,,
2026-03-06T10:59:31+00:00,55603,78.0,43.5,16.1,0.0,,,,
2026-03-06T11:02:31+00:00,55604,78.0,43.0,16.3,0.0,,,,
2026-03-06T11:05:31+00:00,55605,78.0,42.0,16.4,0.0,,,,
2026-03-06T11:08:31+00:00,55606,78.0,43.0,16.3,0.0,,,,
2026-03-06T11:11:31+00:00,55607,78.0,43.5,16.2,0.0,,,,
2026-03-06T11:14:31+00:00,55608,78.0,42.0,16.3,0.0,,,,
2026-03-06T11:17:31+00:00,55609,78.0,43.5,16.3,0.0,,,,
2026-03-06T11:20:31+00:00,55610,78.0,44.5,16.2,0.0,,,,
2026-03-06T11:23:31+00:00,55611,78.0,44.5,16.5,0.0,,,,
2026-03-06T11:26:31+00:00,55612,78.0,43.5,16.3,0.0,,,,
2026-03-06T11:29:31+00:00,55613,78.0,45.5,16.0,0.0,,,,
2026-03-06T11:32:31+00:00,55614,78.0,44.0,16.6,0.0,,,,
2026-03-06T11:35:31+00:00,55615,78.0,40.0,16.9,0.0,,,,
2026-03-06T11:38:31+00:00,55616,78.0,40.5,17.4,0.0,,,,
2026-03-06T11:41:31+00:00,55617,78.0,40.5,17.3,0.0,,,,
2026-03-06T11:44:31+00:00,55618,78.0,40.5,17.3,0.0,,,,
2026-03-06T11:47:31+00:00,55619,78.0,41.0,17.5,0.0,,,,
2026-03-06T11:50:31+00:00,55620,78.0,42.0,17.5,0.0,,,,
2026-03-06T11:53:31+00:00,55621,78.0,41.0,17.7,0.0,,,,
2026-03-06T11:56:31+00:00,55622,78.0,41.0,17.5,0.0,,,,
2026-03-06T11:59:31+00:00,55623,78.0,41.0,17.4,0.0,,,,
2026-03-06T12:02:31+00:00,55624,78.0,40.5,17.6,0.0,,,,
2026-03-06T12:05:31+00:00,55625,78.0,39.0,17.3,0.0,,,,
2026-03-06T12:08:31+00:00,55626,78.0,39.5,17.4,0.0,,,,
2026-03-06T12:11:31+00:00,55627,78.0,39.0,17.5,0.0,,,,
2026-03-06T12:14:31+00:00,55628,78.0,40.0,17.9,0.0,,,,
2026-03-06T12:17:31+00:00,55629,78.0,40.5,17.5,0.0,,,,
2026-03-06T12:20:31+00:00,55630,78.0,40.0,17.5,0.0,,,,
2026-03-06T12:23:31+00:00,55631,78.0,40.0,17.3,0.0,,,,
2026-03-06T12:26:31+00:00,55632,78.0,41.5,17.5,0.0,,,,
2026-03-06T12:29:31+00:00,55633,78.0,40.5,17.6,0.0,,,,
2026-03-06T12:32:31+00:00,55634,78.0,40.0,17.8,0.0,,,,
2026-03-06T12:35:31+00:00,55635,78.0,40.0,17.7,0.0,,,,
2026-03-06T12:38:31+00:00,55636,78.0,40.5,17.5,0.0,,,,
2026-03-06T12:41:31+00:00,55637,78.0,40.5,17.5,0.0,,,,
2026-03-06T12:44:31+00:00,55638,78.0,39.0,17.7,0.0,,,,
2026-03-06T12:47:31+00:00,55639,78.0,39.0,17.8,0.0,,,,
2026-03-06T12:50:31+00:00,55640,78.0,38.0,17.7,0.0,,,,
2026-03-06T12:53:31+00:00,55641,78.0,39.0,18.1,0.0,,,,
2026-03-06T12:56:31+00:00,55642,78.0,38.0,18.3,0.0,,,,
2026-03-06T12:59:31+00:00,55643,78.0,37.5,18.2,0.0,,,,
2026-03-06T13:02:31+00:00,55644,78.0,37.0,18.3,0.0,,,,
2026-03-06T13:05:31+00:00,55645,78.0,39.0,18.2,0.0,,,,
2026-03-06T13:08:31+00:00,55646,78.0,37.0,18.2,0.0,,,,
2026-03-06T13:11:31+00:00,55647,78.0,36.0,18.2,0.0,,,,
2026-03-06T13:14:31+00:00,55648,78.0,37.0,18.3,0.0,,,,
2026-03-06T13:17:31+00:00,55649,78.0,37.5,18.3,0.0,,,,
2026-03-06T13:20:31+00:00,55650,78.0,38.5,18.0,0.0,,,,
2026-03-06T13:23:31+00:00,55651,78.0,40.0,17.8,0.0,,,,
2026-03-06T13:26:31+00:00,55652,78.0,39.0,18.0,0.0,,,,
2026-03-06T13:29:31+00:00,55653,78.0,39.0,17.9,0.0,,,,
2026-03-06T13:32:31+00:00,55654,78.0,38.0,18.1,0.0,,,,
2026-03-06T13:35:31+00:00,55655,78.0,36.0,18.2,0.0,,,,
2026-03-06T13:38:31+00:00,55656,78.0,36.0,18.5,0.0,,,,
2026-03-06T13:41:31+00:00,55657,78.0,36.5,18.8,0.0,,,,
2026-03-06T13:44:31+00:00,55658,78.0,36.0,19.0,0.0,,,,
2026-03-06T13:47:31+00:00,55659,78.0,36.5,19.1,0.0,,,,
2026-03-06T13:50:31+00:00,55660,78.0,36.5,19.3,0.0,,,,
2026-03-06T13:53:31+00:00,55661,78.0,36.5,19.7,0.0,,,,
2026-03-06T13:56:31+00:00,55662,78.0,36.0,19.9,0.0,,,,
2026-03-06T13:59:31+00:00,55663,78.0,35.5,20.0,0.0,,,,
2026-03-06T14:02:31+00:00,55664,78.0,35.0,20.0,0.0,,,,
2026-03-06T14:05:31+00:00,55665,78.0,35.0,20.1,0.0,,,,
2026-03-06T14:08:31+00:00,55666,78.0,36.0,19.9,0.0,,,,
2026-03-06T14:11:31+00:00,55667,78.0,36.0,19.9,0.0,,,,
2026-03-06T14:14:31+00:00,55668,78.0,36.5,19.7,0.0,,,,
2026-03-06T14:17:31+00:00,55669,78.0,37.0,19.5,0.0,,,,
2026-03-06T14:20:31+00:00,55670,78.0,36.5,19.3,0.0,,,,
2026-03-06T14:23:31+00:00,55671,78.0,36.0,19.0,0.0,,,,
2026-03-06T14:26:31+00:00,55672,78.0,36.0,18.7,0.0,,,,
2026-03-06T14:29:31+00:00,55673,78.0,36.0,18.6,0.0,,,,
2026-03-06T14:32:31+00:00,55674,78.0,35.5,18.5,0.0,,,,
2026-03-06T14:35:31+00:00,55675,78.0,36.5,18.5,0.0,,,,
2026-03-06T14:38:31+00:00,55676,78.0,35.0,18.4,0.0,,,,
2026-03-06T14:41:31+00:00,55677,78.0,37.5,18.3,0.0,,,,
2026-03-06T14:44:31+00:00,55678,78.0,38.0,18.5,0.0,,,,
2026-03-06T14:47:31+00:00,55679,78.0,38.5,18.5,0.0,,,,
2026-03-06T14:50:31+00:00,55680,78.0,38.5,18.4,0.0,,,,
2026-03-06T14:53:31+00:00,55681,78.0,38.5,18.2,0.0,,,,
2026-03-06T14:56:31+00:00,55682,78.0,40.0,17.9,0.0,,,,
2026-03-06T14:59:31+00:00,55683,78.0,40.5,17.5,0.0,,,,
2026-03-06T15:02:31+00:00,55684,78.0,40.5,17.5,0.0,,,,
2026-03-06T15:05:31+00:00,55685,78.0,43.0,17.1,0.0,,,,
2026-03-06T15:08:31+00:00,55686,78.0,44.0,17.0,0.0,,,,
2026-03-06T15:11:31+00:00,55687,78.0,45.0,17.1,0.0,,,,
2026-03-06T15:14:31+00:00,55688,78.0,44.0,17.1,0.0,,,,
2026-03-06T15:17:31+00:00,55689,78.0,44.0,17.3,0.0,,,,
2026-03-06T15:20:31+00:00,55690,78.0,43.5,17.3,0.0,,,,
2026-03-06T15:23:31+00:00,55691,78.0,44.0,17.4,0.0,,,,
2026-03-06T15:26:31+00:00,55692,78.0,44.5,17.3,0.0,,,,
2026-03-06T15:29:31+00:00,55693,78.0,45.0,17.2,0.0,,,,
2026-03-06T15:32:31+00:00,55694,78.0,46.0,17.1,0.0,,,,
2026-03-06T15:35:31+00:00,55695,78.0,46.0,16.9,0.0,,,,
2026-03-06T15:38:31+00:00,55696,78.0,47.0,16.5,0.0,,,,
2026-03-06T15:41:31+00:00,55697,78.0,47.5,16.3,0.0,,,,
2026-03-06T15:44:31+00:00,55698,78.0,48.0,16.1,0.0,,,,
2026-03-06T15:47:31+00:00,55699,78.0,49.0,15.8,0.0,,,,
2026-03-06T15:50:31+00:00,55700,78.0,50.0,15.5,0.0,,,,
2026-03-06T15:53:31+00:00,55701,78.0,51.0,15.3,0.0,,,,
2026-03-06T15:56:31+00:00,55702,78.0,51.5,15.1,0.0,,,,
2026-03-06T15:59:31+00:00,55703,78.0,51.5,14.9,0.0,,,,
2026-03-06T16:02:31+00:00,55704,78.0,52.5,14.8,0.0,,,,
2026-03-06T16:05:31+00:00,55705,78.0,52.5,14.8,0.0,,,,
2026-03-06T16:08:31+00:00,55706,78.0,52.5,14.7,0.0,,,,
2026-03-06T16:11:31+00:00,55707,78.0,53.0,14.7,0.0,,,,
2026-03-06T16:14:31+00:00,55708,78.0,53.5,14.8,0.0,,,,
2026-03-06T16:17:31+00:00,55709,78.0,53.5,14.6,0.0,,,,
2026-03-06T16:20:31+00:00,55710,78.0,53.0,14.5,0.0,,,,
2026-03-06T16:23:31+00:00,55711,78.0,54.0,14.4,0.0,,,,
2026-03-06T16:26:31+00:00,55712,78.0,54.0,14.2,0.0,,,,
2026-03-06T16:29:31+00:00,55713,78.0,54.0,14.0,0.0,,,,
2026-03-06T16:32:31+00:00,55714,78.0,55.0,13.8,0.0,,,,
2026-03-06T16:35:31+00:00,55715,78.0,55.5,13.7,0.0,,,,
2026-03-06T16:38:31+00:00,55716,78.0,56.5,13.5,0.0,,,,
2026-03-06T16:41:31+00:00,55717,78.0,56.5,13.6,0.0,,,,
2026-03-06T16:44:31+00:00,55718,78.0,56.0,13.5,0.0,,,,
2026-03-06T16:47:31+00:00,55719,78.0,56.5,13.4,0.0,,,,
2026-03-06T16:50:31+00:00,55720,78.0,56.5,13.2,0.0,,,,
2026-03-06T16:53:31+00:00,55721,78.0,56.5,13.1,0.0,,,,
2026-03-06T16:56:31+00:00,55722,78.0,57.0,13.0,0.0,,,,
2026-03-06T16:59:31+00:00,55723,78.0,58.0,12.9,0.0,,,,
2026-03-06T17:02:31+00:00,55724,78.0,58.5,12.8,0.0,,,,
2026-03-06T17:05:31+00:00,55725,78.0,59.5,12.6,0.0,,,,
2026-03-06T17:08:31+00:00,55726,78.0,60.0,12.4,0.0,,,,
2026-03-06T17:11:31+00:00,55727,78.0,59.5,12.2,0.0,,,,
2026-03-06T17:14:31+00:00,55728,78.0,59.5,12.1,0.0,,,,
2026-03-06T17:17:31+00:00,55729,78.0,59.5,12.0,0.0,,,,
2026-03-06T17:20:31+00:00,55730,78.0,60.0,11.8,0.0,,,,
2026-03-06T17:23:31+00:00,55731,78.0,60.0,11.8,0.0,,,,
2026-03-06T17:26:31+00:00,55732,78.0,60.5,11.8,0.0,,,,
2026-03-06T17:29:31+00:00,55733,78.0,61.0,11.6,0.0,,,,
2026-03-06T17:32:31+00:00,55734,78.0,62.0,11.3,0.0,,,,
2026-03-06T17:35:31+00:00,55735,78.0,63.0,11.2,0.0,,,,
2026-03-06T17:38:31+00:00,55736,78.0,63.5,11.1,0.0,,,,
2026-03-06T17:41:31+00:00,55737,78.0,64.0,11.1,0.0,,,,
2026-03-06T17:44:31+00:00,55738,78.0,64.0,10.9,0.0,,,,
2026-03-06T17:47:31+00:00,55739,78.0,63.5,10.9,0.0,,,,
2026-03-06T17:50:30+00:00,55740,78.0,63.5,10.8,0.0,,,,
2026-03-06T17:53:30+00:00,55741,78.0,64.5,10.7,0.0,,,,
2026-03-06T17:56:30+00:00,55742,78.0,64.5,10.6,0.0,,,,
2026-03-06T17:59:30+00:00,55743,78.0,65.0,10.5,0.0,,,,
2026-03-06T18:02:30+00:00,55744,78.0,65.5,10.5,0.0,,,,
2026-03-06T18:05:30+00:00,55745,78.0,65.0,10.4,0.0,,,,
2026-03-06T18:08:30+00:00,55746,78.0,65.5,10.6,0.0,,,,
2026-03-06T18:11:30+00:00,55747,78.0,65.5,10.7,0.0,,,,
2026-03-06T18:14:30+00:00,55748,78.0,66.0,10.7,0.0,,,,
2026-03-06T18:17:30+00:00,55749,78.0,66.5,10.8,0.0,,,,
2026-03-06T18:20:30+00:00,55750,78.0,66.5,10.6,0.0,,,,
2026-03-06T18:23:30+00:00,55751,78.0,67.5,10.6,0.0,,,,
2026-03-06T18:26:30+00:00,55752,78.0,67.5,10.4,0.0,,,,
2026-03-06T18:29:30+00:00,55753,78.0,68.5,10.2,0.0,,,,
2026-03-06T18:32:30+00:00,55754,78.0,68.0,10.3,0.0,,,,
2026-03-06T18:35:30+00:00,55755,78.0,68.5,10.1,0.0,,,,
2026-03-06T18:38:30+00:00,55756,78.0,68.0,10.0,0.0,,,,
2026-03-06T18:41:30+00:00,55757,78.0,68.5,10.0,0.0,,,,
2026-03-06T18:44:30+00:00,55758,78.0,69.0,9.9,0.0,,,,
2026-03-06T18:47:30+00:00,55759,78.0,68.0,9.9,0.0,,,,
2026-03-06T18:50:30+00:00,55760,78.0,66.0,9.8,0.0,,,,
2026-03-06T18:53:30+00:00,55761,78.0,66.0,9.8,0.0,,,,
2026-03-06T18:56:30+00:00,55762,78.0,64.5,9.9,0.0,,,,
2026-03-06T18:59:30+00:00,55763,78.0,66.5,9.7,0.0,,,,
2026-03-06T19:02:30+00:00,55764,78.0,64.0,9.7,0.0,,,,
2026-03-06T19:05:30+00:00,55765,78.0,64.5,9.7,0.0,,,,
2026-03-06T19:08:30+00:00,55766,78.0,62.5,9.6,0.0,,,,
2026-03-06T19:11:30+00:00,55767,78.0,63.5,9.5,0.0,,,,
2026-03-06T19:14:30+00:00,55768,78.0,61.5,9.5,0.0,,,,
2026-03-06T19:17:30+00:00,55769,78.0,61.5,9.4,0.0,,,,
2026-03-06T19:20:30+00:00,55770,78.0,62.5,9.3,0.0,,,,
2026-03-06T19:23:30+00:00,55771,78.0,63.5,9.2,0.0,,,,
2026-03-06T19:26:30+00:00,55772,78.0,63.5,9.1,0.0,,,,
2026-03-06T19:29:30+00:00,55773,78.0,65.0,9.1,0.0,,,,
2026-03-06T19:32:30+00:00,55774,78.0,66.5,9.1,0.0,,,,
2026-03-06T19:35:30+00:00,55775,78.0,67.5,9.3,0.0,,,,
2026-03-06T19:38:30+00:00,55776,78.0,67.0,9.4,0.0,,,,
2026-03-06T19:41:30+00:00,55777,78.0,66.5,9.4,0.0,,,,
2026-03-06T19:44:30+00:00,55778,78.0,67.5,9.6,0.0,,,,
2026-03-06T19:47:30+00:00,55779,78.0,67.5,9.6,0.0,,,,
2026-03-06T19:50:30+00:00,55780,78.0,67.0,9.7,0.0,,,,
2026-03-06T19:53:30+00:00,55781,78.0,67.5,9.6,0.0,,,,
2026-03-06T19:56:30+00:00,55782,78.0,67.0,9.5,0.0,,,,
2026-03-06T19:59:30+00:00,55783,78.0,66.5,9.5,0.0,,,,
2026-03-06T20:02:30+00:00,55784,78.0,67.0,9.5,0.0,,,,
2026-03-06T20:05:30+00:00,55785,78.0,67.0,9.5,0.0,,,,
2026-03-06T20:08:30+00:00,55786,78.0,67.5,9.5,0.0,,,,
2026-03-06T20:11:30+00:00,55787,78.0,67.5,9.5,0.0,,,,
2026-03-06T20:14:30+00:00,55788,78.0,68.0,9.6,0.0,,,,
2026-03-06T20:17:30+00:00,55789,78.0,68.0,9.6,0.0,,,,
2026-03-06T20:20:30+00:00,55790,78.0,67.5,9.7,0.0,,,,
2026-03-06T20:23:30+00:00,55791,78.0,67.5,9.7,0.0,,,,
2026-03-06T20:26:30+00:00,55792,78.0,67.5,9.6,0.0,,,,
2026-03-06T20:29:30+00:00,55793,78.0,67.5,9.5,0.0,,,,
2026-03-06T20:32:30+00:00,55794,78.0,67.5,9.6,0.0,,,,
2026-03-06T20:35:30+00:00,55795,78.0,67.0,9.5,0.0,,,,
2026-03-06T20:38:30+00:00,55796,78.0,67.0,9.5,0.0,,,,
2026-03-06T20:41:30+00:00,55797,78.0,67.0,9.6,0.0,,,,
2026-03-06T20:44:30+00:00,55798,78.0,67.0,9.6,0.0,,,,
2026-03-06T20:47:30+00:00,55799,78.0,68.0,9.6,0.0,,,,
2026-03-06T20:50:30+00:00,55800,78.0,68.0,9.6,0.0,,,,
2026-03-06T20:53:30+00:00,55801,78.0,67.5,9.6,0.0,,,,
2026-03-06T20:56:30+00:00,55802,78.0,67.0,9.7,0.0,,,,
2026-03-06T20:59:30+00:00,55803,78.0,66.5,9.5,0.0,,,,
2026-03-06T21:02:30+00:00,55804,78.0,66.0,9.4,0.0,,,,
2026-03-06T21:05:30+00:00,55805,78.0,66.5,9.3,0.0,,,,
2026-03-06T21:08:30+00:00,55806,78.0,66.0,9.4,0.0,,,,
2026-03-06T21:11:30+00:00,55807,78.0,65.5,9.4,0.0,,,,
2026-03-06T21:14:30+00:00,55808,78.0,66.5,9.4,0.0,,,,
2026-03-06T21:17:30+00:00,55809,78.0,67.0,9.3,0.0,,,,
2026-03-06T21:20:30+00:00,55810,78.0,66.5,9.3,0.0,,,,
2026-03-06T21:23:30+00:00,55811,78.0,66.5,9.4,0.0,,,,
2026-03-06T21:26:30+00:00,55812,78.0,66.0,9.4,0.0,,,,
2026-03-06T21:29:30+00:00,55813,78.0,66.0,9.4,0.0,,,,
2026-03-06T21:32:30+00:00,55814,78.0,66.5,9.4,0.0,,,,
2026-03-06T21:35:30+00:00,55815,78.0,67.0,9.3,0.0,,,,
2026-03-06T21:38:30+00:00,55816,78.0,67.0,9.2,0.0,,,,
2026-03-06T21:41:30+00:00,55817,78.0,67.5,9.2,0.0,,,,
2026-03-06T21:44:30+00:00,55818,78.0,67.5,9.3,0.0,,,,
2026-03-06T21:47:30+00:00,55819,78.0,67.5,9.2,0.0,,,,
2026-03-06T21:50:30+00:00,55820,78.0,66.5,9.3,0.0,,,,
2026-03-06T21:53:30+00:00,55821,78.0,66.0,9.2,0.0,,,,
2026-03-06T21:56:30+00:00,55822,78.0,66.5,9.1,0.0,,,,
2026-03-06T21:59:30+00:00,55823,78.0,66.5,9.2,0.0,,,,
2026-03-06T22:02:30+00:00,55824,78.0,66.5,9.1,0.0,,,,
2026-03-06T22:05:30+00:00,55825,78.0,66.5,9.0,0.0,,,,
2026-03-06T22:08:30+00:00,55826,78.0,65.5,9.1,0.0,,,,
2026-03-06T22:11:30+00:00,55827,78.0,65.0,9.2,0.0,,,,
2026-03-06T22:14:30+00:00,55828,78.0,65.0,9.3,0.0,,,,
2026-03-06T22:17:30+00:00,55829,78.0,65.5,9.3,0.0,,,,
2026-03-06T22:20:30+00:00,55830,78.0,66.0,9.1,0.0,,,,
2026-03-06T22:23:30+00:00,55831,78.0,66.5,9.1,0.0,,,,
2026-03-06T22:26:30+00:00,55832,78.0,66.5,9.1,0.0,,,,
2026-03-06T22:29:30+00:00,55833,78.0,67.0,9.0,0.0,,,,
2026-03-06T22:32:30+00:00,55834,78.0,67.0,8.9,0.0,,,,
2026-03-06T22:35:30+00:00,55835,78.0,67.0,8.9,0.0,,,,
2026-03-06T22:38:30+00:00,55836,78.0,67.5,8.9,0.0,,,,
2026-03-06T22:41:30+00:00,55837,78.0,68.0,8.7,0.0,,,,
2026-03-06T22:44:30+00:00,55838,78.0,68.0,8.7,0.0,,,,
2026-03-06T22:47:30+00:00,55839,78.0,68.0,8.7,0.0,,,,
2026-03-06T22:50:30+00:00,55840,78.0,67.5,8.8,0.0,,,,
2026-03-06T22:53:30+00:00,55841,78.0,67.0,8.7,0.0,,,,
2026-03-06T22:56:30+00:00,55842,78.0,67.5,8.8,0.0,,,,
2026-03-06T22:59:30+00:00,55843,78.0,67.5,8.7,0.0,,,,
2026-03-06T23:02:30+00:00,55844,78.0,68.0,8.7,0.0,,,,
2026-03-06T23:05:30+00:00,55845,78.0,68.0,8.6,0.0,,,,
2026-03-06T23:08:30+00:00,55846,78.0,68.0,8.5,0.0,,,,
2026-03-06T23:11:30+00:00,55847,78.0,68.0,8.5,0.0,,,,
2026-03-06T23:14:30+00:00,55848,78.0,68.0,8.4,0.0,,,,
2026-03-06T23:17:30+00:00,55849,78.0,68.0,8.4,0.0,,,,
2026-03-06T23:20:30+00:00,55850,78.0,68.0,8.5,0.0,,,,
2026-03-06T23:23:30+00:00,55851,78.0,68.5,8.4,0.0,,,,
2026-03-06T23:26:30+00:00,55852,78.0,68.5,8.2,0.0,,,,
2026-03-06T23:29:30+00:00,55853,78.0,69.0,8.1,0.0,,,,
2026-03-06T23:32:30+00:00,55854,78.0,69.5,8.1,0.0,,,,
2026-03-06T23:35:30+00:00,55855,78.0,69.5,8.1,0.0,,,,
2026-03-06T23:38:30+00:00,55856,78.0,69.5,8.0,0.0,,,,
2026-03-06T23:41:30+00:00,55857,78.0,69.5,8.1,0.0,,,,
2026-03-06T23:44:30+00:00,55858,78.0,69.0,8.1,0.0,,,,
2026-03-06T23:47:30+00:00,55859,78.0,69.0,8.1,0.0,,,,
2026-03-06T23:50:30+00:00,55860,78.0,68.5,8.1,0.0,,,,
2026-03-06T23:53:30+00:00,55861,78.0,67.5,8.2,0.0,,,,
2026-03-06T23:56:30+00:00,55862,78.0,67.0,8.3,0.0,,,,
2026-03-06T23:59:30+00:00,55863,78.0,66.5,8.5,0.0,,,,
2026-03-07T00:02:30+00:00,55864,78.0,67.0,8.4,0.0,,,,
2026-03-07T00:05:30+00:00,55865,78.0,66.5,8.5,0.0,,,,
2026-03-07T00:08:30+00:00,55866,78.0,66.5,8.4,0.0,,,,
2026-03-07T00:11:30+00:00,55867,78.0,67.0,8.5,0.0,,,,
2026-03-07T00:14:30+00:00,55868,78.0,67.0,8.3,0.0,,,,
2026-03-07T00:17:30+00:00,55869,78.0,67.0,8.2,0.0,,,,
2026-03-07T00:20:30+00:00,55870,78.0,67.5,8.1,0.0,,,,
2026-03-07T00:23:30+00:00,55871,78.0,67.5,8.1,0.0,,,,
2026-03-07T00:26:30+00:00,55872,78.0,67.5,8.1,0.0,,,,
2026-03-07T00:29:30+00:00,55873,78.0,67.5,7.9,0.0,,,,
2026-03-07T00:32:30+00:00,55874,78.0,68.0,8.0,0.0,,,,
2026-03-07T00:35:30+00:00,55875,78.0,68.0,7.9,0.0,,,,
2026-03-07T00:38:30+00:00,55876,78.0,68.5,7.8,0.0,,,,
2026-03-07T00:41:30+00:00,55877,78.0,68.0,7.9,0.0,,,,
2026-03-07T00:44:30+00:00,55878,78.0,68.0,8.0,0.0,,,,
2026-03-07T00:47:30+00:00,55879,78.0,68.0,8.0,0.0,,,,
2026-03-07T00:50:30+00:00,55880,78.0,68.0,8.0,0.0,,,,
2026-03-07T00:53:30+00:00,55881,78.0,68.0,8.0,0.0,,,,
2026-03-07T00:56:30+00:00,55882,78.0,68.5,7.9,0.0,,,,
2026-03-07T00:59:30+00:00,55883,78.0,68.5,7.9,0.0,,,,
2026-03-07T01:02:30+00:00,55884,78.0,68.5,7.8,0.0,,,,
2026-03-07T01:05:30+00:00,55885,78.0,68.0,7.9,0.0,,,,
2026-03-07T01:08:30+00:00,55886,78.0,68.5,7.8,0.0,,,,
2026-03-07T01:11:30+00:00,55887,78.0,68.0,7.8,0.0,,,,
2026-03-07T01:14:30+00:00,55888,78.0,68.0,7.9,0.0,,,,
2026-03-07T01:17:30+00:00,55889,78.0,68.0,7.8,0.0,,,,
2026-03-07T01:20:30+00:00,55890,78.0,68.0,7.9,0.0,,,,
2026-03-07T01:23:30+00:00,55891,78.0,68.5,7.9,0.0,,,,
2026-03-07T01:26:30+00:00,55892,78.0,68.5,7.8,0.0,,,,
2026-03-07T01:29:30+00:00,55893,78.0,69.0,7.8,0.0,,,,
2026-03-07T01:32:30+00:00,55894,78.0,69.0,7.8,0.0,,,,
2026-03-07T01:35:30+00:00,55895,78.0,69.0,7.8,0.0,,,,
2026-03-07T01:38:30+00:00,55896,78.0,68.5,7.8,0.0,,,,
2026-03-07T01:41:30+00:00,55897,78.0,68.5,7.8,0.0,,,,
2026-03-07T01:44:30+00:00,55898,78.0,68.0,7.9,0.0,,,,
2026-03-07T01:47:30+00:00,55899,78.0,67.5,7.9,0.0,,,,
2026-03-07T01:50:30+00:00,55900,78.0,66.5,8.1,0.0,,,,
2026-03-07T01:53:30+00:00,55901,78.0,66.0,8.2,0.0,,,,
2026-03-07T01:56:30+00:00,55902,78.0,65.5,8.3,0.0,,,,
2026-03-07T01:59:30+00:00,55903,78.0,65.5,8.2,0.0,,,,
2026-03-07T02:02:30+00:00,55904,78.0,66.0,8.2,0.0,,,,
2026-03-07T02:05:30+00:00,55905,78.0,66.0,8.1,0.0,,,,
2026-03-07T02:08:30+00:00,55906,78.0,66.0,8.1,0.0,,,,
2026-03-07T02:11:30+00:00,55907,78.0,67.0,8.0,0.0,,,,
2026-03-07T02:14:30+00:00,55908,78.0,67.0,7.8,0.0,,,,
2026-03-07T02:17:30+00:00,55909,78.0,67.0,7.8,0.0,,,,
2026-03-07T02:20:30+00:00,55910,78.0,66.5,7.9,0.0,,,,
2026-03-07T02:23:30+00:00,55911,78.0,66.5,8.0,0.0,,,,
2026-03-07T02:26:29+00:00,55912,78.0,67.0,8.0,0.0,,,,
2026-03-07T02:29:29+00:00,55913,78.0,66.5,7.9,0.0,,,,
2026-03-07T02:32:29+00:00,55914,78.0,66.5,7.9,0.0,,,,
2026-03-07T02:35:29+00:00,55915,78.0,67.0,8.0,0.0,,,,
2026-03-07T02:38:29+00:00,55916,78.0,67.0,7.9,0.0,,,,
2026-03-07T02:41:29+00:00,55917,78.0,67.0,8.0,0.0,,,,
2026-03-07T02:44:29+00:00,55918,78.0,67.0,8.0,0.0,,,,
2026-03-07T02:47:29+00:00,55919,78.0,67.5,7.7,0.0,,,,
2026-03-07T02:50:29+00:00,55920,78.0,68.0,7.5,0.0,,,,
2026-03-07T02:53:29+00:00,55921,78.0,69.0,7.4,0.0,,,,
2026-03-07T02:56:29+00:00,55922,78.0,69.0,7.5,0.0,,,,
2026-03-07T02:59:29+00:00,55923,78.0,69.0,7.5,0.0,,,,
2026-03-07T03:02:29+00:00,55924,78.0,69.0,7.5,0.0,,,,
2026-03-07T03:05:29+00:00,55925,78.0,69.0,7.4,0.0,,,,
2026-03-07T03:08:29+00:00,55926,78.0,69.5,7.3,0.0,,,,
2026-03-07T03:11:29+00:00,55927,78.0,69.5,7.3,0.0,,,,
2026-03-07T03:14:29+00:00,55928,78.0,70.0,7.2,0.0,,,,
2026-03-07T03:17:29+00:00,55929,78.0,70.0,7.3,0.0,,,,
2026-03-07T03:20:29+00:00,55930,78.0,70.0,7.2,0.0,,,,
2026-03-07T03:23:29+00:00,55931,78.0,70.0,7.3,0.0,,,,
2026-03-07T03:26:29+00:00,55932,78.0,70.0,7.4,0.0,,,,
2026-03-07T03:29:29+00:00,55933,78.0,69.5,7.4,0.0,,,,
2026-03-07T03:32:29+00:00,55934,78.0,70.0,7.2,0.0,,,,
2026-03-07T03:35:29+00:00,55935,78.0,70.0,7.2,0.0,,,,
2026-03-07T03:38:29+00:00,55936,78.0,70.0,7.1,0.0,,,,
2026-03-07T03:41:29+00:00,55937,78.0,70.5,7.2,0.0,,,,
2026-03-07T03:44:29+00:00,55938,78.0,70.0,7.2,0.0,,,,
2026-03-07T03:47:29+00:00,55939,78.0,70.0,7.2,0.0,,,,
2026-03-07T03:50:29+00:00,55940,78.0,70.5,7.3,0.0,,,,
2026-03-07T03:53:29+00:00,55941,78.0,70.0,7.3,0.0,,,,
2026-03-07T03:56:29+00:00,55942,78.0,70.0,7.3,0.0,,,,
2026-03-07T03:59:29+00:00,55943,78.0,70.0,7.2,0.0,,,,
2026-03-07T04:02:29+00:00,55944,78.0,70.5,7.3,0.0,,,,
2026-03-07T04:05:29+00:00,55945,78.0,70.5,7.2,0.0,,,,
2026-03-07T04:08:29+00:00,55946,78.0,70.5,7.3,0.0,,,,
2026-03-07T04:11:29+00:00,55947,78.0,71.0,7.0,0.0,,,,
2026-03-07T04:14:29+00:00,55948,78.0,71.0,7.0,0.0,,,,
2026-03-07T04:17:29+00:00,55949,78.0,71.5,6.9,0.0,,,,
2026-03-07T04:20:29+00:00,55950,78.0,71.5,6.8,0.0,,,,
2026-03-07T04:23:29+00:00,55951,78.0,72.0,6.7,0.0,,,,
2026-03-07T04:26:29+00:00,55952,78.0,72.0,6.6,0.0,,,,
2026-03-07T04:29:29+00:00,55953,78.0,72.5,6.6,0.0,,,,
2026-03-07T04:32:29+00:00,55954,78.0,72.5,6.6,0.0,,,,
2026-03-07T04:35:29+00:00,55955,78.0,73.0,6.5,0.0,,,,
2026-03-07T04:38:29+00:00,55956,78.0,73.0,6.4,0.0,,,,
2026-03-07T04:41:29+00:00,55957,78.0,73.0,6.4,0.0,,,,
2026-03-07T04:44:29+00:00,55958,78.0,73.0,6.5,0.0,,,,
2026-03-07T04:47:29+00:00,55959,78.0,73.0,6.6,0.0,,,,
2026-03-07T04:50:29+00:00,55960,78.0,72.5,6.5,0.0,,,,
2026-03-07T04:53:29+00:00,55961,78.0,73.0,6.5,0.0,,,,
2026-03-07T04:56:29+00:00,55962,78.0,73.0,6.5,0.0,,,,
2026-03-07T04:59:29+00:00,55963,78.0,73.5,6.4,0.0,,,,
2026-03-07T05:02:29+00:00,55964,78.0,73.5,6.4,0.0,,,,
2026-03-07T05:05:29+00:00,55965,78.0,73.0,6.4,0.0,,,,
2026-03-07T05:08:29+00:00,55966,78.0,73.5,6.4,0.0,,,,
2026-03-07T05:11:29+00:00,55967,78.0,74.0,6.3,0.0,,,,
2026-03-07T05:14:29+00:00,55968,78.0,74.5,6.2,0.0,,,,
2026-03-07T05:17:29+00:00,55969,78.0,74.5,6.2,0.0,,,,
2026-03-07T05:20:29+00:00,55970,78.0,74.0,6.2,0.0,,,,
2026-03-07T05:23:29+00:00,55971,78.0,73.5,6.3,0.0,,,,
2026-03-07T05:26:29+00:00,55972,78.0,73.0,6.5,0.0,,,,
2026-03-07T05:29:29+00:00,55973,78.0,73.0,6.4,0.0,,,,
2026-03-07T05:32:29+00:00,55974,78.0,72.5,6.5,0.0,,,,
2026-03-07T05:35:29+00:00,55975,78.0,72.0,6.5,0.0,,,,
2026-03-07T05:38:29+00:00,55976,78.0,72.0,6.6,0.0,,,,
2026-03-07T05:41:29+00:00,55977,78.0,71.5,6.8,0.0,,,,
2026-03-07T05:44:29+00:00,55978,78.0,72.0,6.5,0.0,,,,
2026-03-07T05:47:29+00:00,55979,78.0,72.0,6.4,0.0,,,,
2026-03-07T05:50:29+00:00,55980,78.0,72.5,6.3,0.0,,,,
2026-03-07T05:53:29+00:00,55981,78.0,73.0,6.2,0.0,,,,
2026-03-07T05:56:29+00:00,55982,78.0,73.0,6.2,0.0,,,,
2026-03-07T05:59:29+00:00,55983,78.0,73.5,6.2,0.0,,,,
2026-03-07T06:02:29+00:00,55984,78.0,73.5,6.1,0.0,,,,
2026-03-07T06:05:29+00:00,55985,78.0,74.0,6.0,0.0,,,,
2026-03-07T06:08:29+00:00,55986,78.0,74.5,6.0,0.0,,,,
2026-03-07T06:11:29+00:00,55987,78.0,74.5,6.0,0.0,,,,
2026-03-07T06:14:29+00:00,55988,78.0,74.5,5.9,0.0,,,,
2026-03-07T06:17:29+00:00,55989,78.0,75.0,6.0,0.0,,,,
2026-03-07T06:20:29+00:00,55990,78.0,75.0,6.0,0.0,,,,
2026-03-07T06:23:29+00:00,55991,78.0,75.0,5.9,0.0,,,,
2026-03-07T06:26:29+00:00,55992,78.0,75.0,6.0,0.0,,,,
2026-03-07T06:29:29+00:00,55993,78.0,74.5,6.1,0.0,,,,
2026-03-07T06:32:29+00:00,55994,78.0,75.0,6.0,0.0,,,,
2026-03-07T06:35:29+00:00,55995,78.0,75.0,6.1,0.0,,,,
2026-03-07T06:38:29+00:00,55996,78.0,74.5,6.2,0.0,,,,
2026-03-07T06:41:29+00:00,55997,78.0,73.5,6.3,0.0,,,,
2026-03-07T06:44:29+00:00,55998,78.0,73.0,6.4,0.0,,,,
2026-03-07T06:47:29+00:00,55999,78.0,73.0,6.4,0.0,,,,
2026-03-07T06:50:29+00:00,56000,78.0,72.5,6.4,0.0,,,,
2026-03-07T06:53:29+00:00,56001,78.0,72.5,6.5,0.0,,,,
2026-03-07T06:56:29+00:00,56002,78.0,72.0,6.4,0.0,,,,
2026-03-07T06:59:29+00:00,56003,78.0,72.0,6.5,0.0,,,,
2026-03-07T07:02:29+00:00,56004,78.0,72.0,6.7,0.0,,,,
2026-03-07T07:05:29+00:00,56005,78.0,71.5,6.5,0.0,,,,
2026-03-07T07:08:29+00:00,56006,78.0,71.5,6.7,0.0,,,,
2026-03-07T07:11:29+00:00,56007,78.0,71.0,6.7,0.0,,,,
2026-03-07T07:14:29+00:00,56008,78.0,70.5,6.9,0.0,,,,
2026-03-07T07:17:29+00:00,56009,78.0,70.5,7.0,0.0,,,,
2026-03-07T07:20:29+00:00,56010,78.0,70.0,7.0,0.0,,,,
2026-03-07T07:23:29+00:00,56011,78.0,70.0,7.2,0.0,,,,
2026-03-07T07:26:29+00:00,56012,78.0,70.5,7.4,0.0,,,,
2026-03-07T07:29:29+00:00,56013,78.0,70.5,7.4,0.0,,,,
2026-03-07T07:32:29+00:00,56014,78.0,70.0,7.6,0.0,,,,
2026-03-07T07:35:29+00:00,56015,78.0,70.0,7.8,0.0,,,,
2026-03-07T07:38:29+00:00,56016,78.0,70.0,7.8,0.0,,,,
2026-03-07T07:41:29+00:00,56017,78.0,70.0,7.8,0.0,,,,
2026-03-07T07:44:29+00:00,56018,78.0,70.0,7.9,0.0,,,,
2026-03-07T07:47:29+00:00,56019,78.0,70.5,8.0,0.0,,,,
2026-03-07T07:50:29+00:00,56020,78.0,70.5,8.2,0.0,,,,
2026-03-07T07:53:29+00:00,56021,78.0,71.0,8.3,0.0,,,,
2026-03-07T07:56:29+00:00,56022,78.0,70.0,8.5,0.0,,,,
2026-03-07T07:59:29+00:00,56023,78.0,69.0,8.9,0.0,,,,
2026-03-07T08:02:29+00:00,56024,78.0,67.5,9.2,0.0,,,,
2026-03-07T08:05:29+00:00,56025,78.0,66.5,9.5,0.0,,,,
2026-03-07T08:08:29+00:00,56026,78.0,67.5,9.7,0.0,,,,
2026-03-07T08:11:29+00:00,56027,78.0,63.5,10.0,0.0,,,,
2026-03-07T08:14:29+00:00,56028,78.0,62.0,10.4,0.0,,,,
2026-03-07T08:17:29+00:00,56029,78.0,62.0,10.9,0.0,,,,
2026-03-07T08:20:29+00:00,56030,78.0,61.0,11.4,0.0,,,,
2026-03-07T08:23:29+00:00,56031,78.0,61.0,11.7,0.0,,,,
2026-03-07T08:26:29+00:00,56032,78.0,60.0,11.9,0.0,,,,
2026-03-07T08:29:29+00:00,56033,78.0,60.0,12.3,0.0,,,,
2026-03-07T08:32:29+00:00,56034,78.0,59.5,12.2,0.0,,,,
2026-03-07T08:35:29+00:00,56035,78.0,60.0,12.4,0.0,,,,
2026-03-07T08:38:29+00:00,56036,78.0,60.0,12.3,0.0,,,,
2026-03-07T08:41:29+00:00,56037,78.0,59.0,12.5,0.0,,,,
2026-03-07T08:44:29+00:00,56038,78.0,60.0,12.6,0.0,,,,
2026-03-07T08:47:29+00:00,56039,78.0,58.5,12.9,0.0,,,,
2026-03-07T08:50:29+00:00,56040,78.0,57.5,12.9,0.0,,,,
2026-03-07T08:53:29+00:00,56041,78.0,57.0,13.0,0.0,,,,
2026-03-07T08:56:29+00:00,56042,78.0,56.5,13.2,0.0,,,,
2026-03-07T08:59:29+00:00,56043,78.0,56.0,13.4,0.0,,,,
2026-03-07T09:02:29+00:00,56044,78.0,55.5,13.7,0.0,,,,
2026-03-07T09:05:29+00:00,56045,78.0,54.5,14.0,0.0,,,,
2026-03-07T09:08:29+00:00,56046,78.0,52.5,14.2,0.0,,,,
2026-03-07T09:11:29+00:00,56047,78.0,53.5,14.7,0.0,,,,
2026-03-07T09:14:29+00:00,56048,78.0,51.5,14.9,0.0,,,,
2026-03-07T09:17:29+00:00,56049,78.0,49.0,15.0,0.0,,,,
2026-03-07T09:20:29+00:00,56050,78.0,49.0,15.0,0.0,,,,
2026-03-07T09:23:29+00:00,56051,78.0,49.5,15.0,0.0,,,,
2026-03-07T09:26:29+00:00,56052,78.0,49.5,15.1,0.0,,,,
2026-03-07T09:29:29+00:00,56053,78.0,51.5,14.9,0.0,,,,
2026-03-07T09:32:29+00:00,56054,78.0,53.0,14.8,0.0,,,,
2026-03-07T09:35:29+00:00,56055,78.0,52.0,14.8,0.0,,,,
2026-03-07T09:38:29+00:00,56056,78.0,51.0,15.0,0.0,,,,
2026-03-07T09:41:29+00:00,56057,78.0,50.0,15.3,0.0,,,,
2026-03-07T09:44:29+00:00,56058,78.0,46.5,15.6,0.0,,,,
2026-03-07T09:47:29+00:00,56059,78.0,46.5,15.9,0.0,,,,
2026-03-07T09:50:29+00:00,56060,78.0,44.0,15.8,0.0,,,,
2026-03-07T09:53:29+00:00,56061,78.0,46.0,16.1,0.0,,,,
2026-03-07T09:56:29+00:00,56062,78.0,44.0,16.2,0.0,,,,
2026-03-07T09:59:29+00:00,56063,78.0,45.0,15.9,0.0,,,,
2026-03-07T10:02:29+00:00,56064,78.0,44.0,16.0,0.0,,,,
2026-03-07T10:05:29+00:00,56065,78.0,45.5,16.0,0.0,,,,
2026-03-07T10:08:29+00:00,56066,78.0,48.0,15.7,0.0,,,,
2026-03-07T10:11:29+00:00,56067,78.0,49.5,15.7,0.0,,,,
2026-03-07T10:14:29+00:00,56068,78.0,49.0,16.0,0.0,,,,
2026-03-07T10:17:29+00:00,56069,78.0,49.5,15.9,0.0,,,,
2026-03-07T10:20:29+00:00,56070,78.0,47.5,16.1,0.0,,,,
2026-03-07T10:23:29+00:00,56071,78.0,48.0,15.8,0.0,,,,
2026-03-07T10:26:29+00:00,56072,78.0,48.5,15.8,0.0,,,,
2026-03-07T10:29:29+00:00,56073,78.0,48.0,15.8,0.0,,,,
2026-03-07T10:32:29+00:00,56074,78.0,47.5,15.8,0.0,,,,
2026-03-07T10:35:29+00:00,56075,78.0,46.0,16.1,0.0,,,,
2026-03-07T10:38:29+00:00,56076,78.0,44.0,16.4,0.0,,,,
2026-03-07T10:41:29+00:00,56077,78.0,44.5,16.3,0.0,,,,
2026-03-07T10:44:29+00:00,56078,78.0,44.5,16.1,0.0,,,,
2026-03-07T10:47:29+00:00,56079,78.0,44.0,16.4,0.0,,,,
2026-03-07T10:50:29+00:00,56080,78.0,44.5,16.8,0.0,,,,
2026-03-07T10:53:29+00:00,56081,78.0,43.5,17.2,0.0,,,,
2026-03-07T10:56:29+00:00,56082,78.0,41.5,17.5,0.0,,,,
2026-03-07T10:59:29+00:00,56083,78.0,41.0,17.7,0.0,,,,
2026-03-07T11:02:29+00:00,56084,78.0,41.0,17.8,0.0,,,,
2026-03-07T11:05:29+00:00,56085,78.0,40.5,17.9,0.0,,,,
2026-03-07T11:08:29+00:00,56086,78.0,41.0,17.6,0.0,,,,
2026-03-07T11:11:28+00:00,56087,78.0,41.5,17.3,0.0,,,,
2026-03-07T11:14:28+00:00,56088,78.0,41.5,17.0,0.0,,,,
2026-03-07T11:17:28+00:00,56089,78.0,42.5,17.0,0.0,,,,
2026-03-07T11:20:28+00:00,56090,78.0,41.5,17.0,0.0,,,,
2026-03-07T11:23:28+00:00,56091,78.0,41.5,17.1,0.0,,,,
2026-03-07T11:26:28+00:00,56092,78.0,41.0,16.9,0.0,,,,
2026-03-07T11:29:28+00:00,56093,78.0,40.0,17.2,0.0,,,,
2026-03-07T11:32:28+00:00,56094,78.0,40.5,17.2,0.0,,,,
2026-03-07T11:35:28+00:00,56095,78.0,41.0,17.0,0.0,,,,
2026-03-07T11:38:28+00:00,56096,78.0,40.0,17.3,0.0,,,,
2026-03-07T11:41:28+00:00,56097,78.0,40.5,17.3,0.0,,,,
2026-03-07T11:44:28+00:00,56098,78.0,39.0,17.6,0.0,,,,
2026-03-07T11:47:28+00:00,56099,78.0,40.0,17.6,0.0,,,,
2026-03-07T11:50:28+00:00,56100,78.0,39.0,17.6,0.0,,,,
2026-03-07T11:53:28+00:00,56101,78.0,40.5,17.8,0.0,,,,
2026-03-07T11:56:28+00:00,56102,78.0,39.0,17.6,0.0,,,,
2026-03-07T11:59:28+00:00,56103,78.0,38.5,17.7,0.0,,,,
2026-03-07T12:02:28+00:00,56104,78.0,39.0,17.9,0.0,,,,
2026-03-07T12:05:28+00:00,56105,78.0,37.5,17.9,0.0,,,,
2026-03-07T12:08:28+00:00,56106,78.0,37.5,18.5,0.0,,,,
2026-03-07T12:11:28+00:00,56107,78.0,36.0,18.8,0.0,,,,
2026-03-07T12:14:28+00:00,56108,78.0,36.0,19.1,0.0,,,,
2026-03-07T12:17:28+00:00,56109,78.0,36.5,19.1,0.0,,,,
2026-03-07T12:20:28+00:00,56110,78.0,35.5,19.3,0.0,,,,
2026-03-07T12:23:28+00:00,56111,78.0,36.5,19.2,0.0,,,,
2026-03-07T12:26:28+00:00,56112,78.0,36.5,19.5,0.0,,,,
2026-03-07T12:29:28+00:00,56113,78.0,35.5,19.5,0.0,,,,
2026-03-07T12:32:28+00:00,56114,78.0,36.5,19.6,0.0,,,,
2026-03-07T12:35:28+00:00,56115,78.0,36.0,19.6,0.0,,,,
2026-03-07T12:38:28+00:00,56116,78.0,35.5,19.5,0.0,,,,
2026-03-07T12:41:28+00:00,56117,78.0,37.0,19.2,0.0,,,,
2026-03-07T12:44:28+00:00,56118,78.0,37.5,19.1,0.0,,,,
2026-03-07T12:47:28+00:00,56119,78.0,36.5,19.1,0.0,,,,
2026-03-07T12:50:28+00:00,56120,78.0,36.5,18.8,0.0,,,,
2026-03-07T12:53:28+00:00,56121,78.0,36.5,18.8,0.0,,,,
2026-03-07T12:56:28+00:00,56122,78.0,37.0,18.9,0.0,,,,
2026-03-07T12:59:28+00:00,56123,78.0,36.5,19.1,0.0,,,,
2026-03-07T13:02:28+00:00,56124,78.0,36.0,19.1,0.0,,,,
2026-03-07T13:05:28+00:00,56125,78.0,36.5,19.2,0.0,,,,
2026-03-07T13:08:28+00:00,56126,78.0,36.5,19.4,0.0,,,,
2026-03-07T13:11:28+00:00,56127,78.0,36.5,19.4,0.0,,,,
2026-03-07T13:14:28+00:00,56128,78.0,37.0,19.5,0.0,,,,
2026-03-07T13:17:28+00:00,56129,78.0,37.0,19.5,0.0,,,,
2026-03-07T13:20:28+00:00,56130,78.0,36.5,19.5,0.0,,,,
2026-03-07T13:23:28+00:00,56131,78.0,35.5,19.7,0.0,,,,
2026-03-07T13:26:28+00:00,56132,78.0,36.0,19.4,0.0,,,,
2026-03-07T13:29:28+00:00,56133,78.0,36.0,19.3,0.0,,,,
2026-03-07T13:32:28+00:00,56134,78.0,36.0,19.6,0.0,,,,
2026-03-07T13:35:28+00:00,56135,78.0,36.0,19.7,0.0,,,,
2026-03-07T13:38:28+00:00,56136,78.0,36.5,19.6,0.0,,,,
2026-03-07T13:41:28+00:00,56137,78.0,36.5,19.1,0.0,,,,
2026-03-07T13:44:28+00:00,56138,78.0,36.5,19.3,0.0,,,,
2026-03-07T13:47:28+00:00,56139,78.0,37.0,19.4,0.0,,,,
2026-03-07T13:50:28+00:00,56140,78.0,37.0,19.6,0.0,,,,
2026-03-07T13:53:28+00:00,56141,78.0,36.5,19.9,0.0,,,,
2026-03-07T13:56:28+00:00,56142,78.0,37.0,19.9,0.0,,,,
2026-03-07T13:59:28+00:00,56143,78.0,36.0,20.0,0.0,,,,
2026-03-07T14:02:28+00:00,56144,78.0,36.5,20.1,0.0,,,,
2026-03-07T14:05:28+00:00,56145,78.0,36.0,20.1,0.0,,,,
2026-03-07T14:08:28+00:00,56146,78.0,36.0,19.8,0.0,,,,
2026-03-07T14:11:28+00:00,56147,78.0,36.5,19.7,0.0,,,,
2026-03-07T14:14:28+00:00,56148,78.0,36.0,19.8,0.0,,,,
2026-03-07T14:17:28+00:00,56149,78.0,36.0,19.9,0.0,,,,
2026-03-07T14:20:28+00:00,56150,78.0,36.5,19.7,0.0,,,,
2026-03-07T14:23:28+00:00,56151,78.0,36.0,19.7,0.0,,,,
2026-03-07T14:26:28+00:00,56152,78.0,36.0,19.9,0.0,,,,
2026-03-07T14:29:28+00:00,56153,78.0,36.0,20.2,0.0,,,,
2026-03-07T14:32:28+00:00,56154,78.0,35.5,19.9,0.0,,,,
2026-03-07T14:35:28+00:00,56155,78.0,36.5,19.8,0.0,,,,
2026-03-07T14:38:28+00:00,56156,78.0,36.5,19.8,0.0,,,,
2026-03-07T14:41:28+00:00,56157,78.0,36.0,19.7,0.0,,,,
2026-03-07T14:44:28+00:00,56158,78.0,36.5,19.7,0.0,,,,
2026-03-07T14:47:28+00:00,56159,78.0,36.5,19.6,0.0,,,,
2026-03-07T14:50:28+00:00,56160,78.0,36.5,19.8,0.0,,,,
2026-03-07T14:53:28+00:00,56161,78.0,36.0,19.8,0.0,,,,
2026-03-07T14:56:28+00:00,56162,78.0,35.5,20.0,0.0,,,,
2026-03-07T14:59:28+00:00,56163,78.0,36.0,19.7,0.0,,,,
2026-03-07T15:02:28+00:00,56164,78.0,36.5,19.7,0.0,,,,
2026-03-07T15:05:28+00:00,56165,78.0,36.5,19.7,0.0,,,,
2026-03-07T15:08:28+00:00,56166,78.0,37.0,19.5,0.0,,,,
2026-03-07T15:11:28+00:00,56167,78.0,36.5,19.7,0.0,,,,
2026-03-07T15:14:28+00:00,56168,78.0,37.0,19.6,0.0,,,,
2026-03-07T15:17:28+00:00,56169,78.0,37.0,19.3,0.0,,,,
2026-03-07T15:20:28+00:00,56170,78.0,37.0,19.2,0.0,,,,
2026-03-07T15:23:28+00:00,56171,78.0,37.5,19.3,0.0,,,,
2026-03-07T15:26:28+00:00,56172,78.0,37.0,19.1,0.0,,,,
2026-03-07T15:29:28+00:00,56173,78.0,38.0,19.1,0.0,,,,
2026-03-07T15:32:28+00:00,56174,78.0,36.5,19.0,0.0,,,,
2026-03-07T15:35:28+00:00,56175,78.0,37.0,18.9,0.0,,,,
2026-03-07T15:38:28+00:00,56176,78.0,35.5,19.1,0.0,,,,
2026-03-07T15:41:28+00:00,56177,78.0,35.0,19.1,0.0,,,,
2026-03-07T15:44:28+00:00,56178,78.0,35.0,19.2,0.0,,,,
2026-03-07T15:47:28+00:00,56179,78.0,35.5,19.1,0.0,,,,
2026-03-07T15:50:28+00:00,56180,78.0,36.0,19.1,0.0,,,,
2026-03-07T15:53:28+00:00,56181,78.0,35.0,19.2,0.0,,,,
2026-03-07T15:56:28+00:00,56182,78.0,36.0,19.2,0.0,,,,
2026-03-07T15:59:28+00:00,56183,78.0,37.0,18.9,0.0,,,,
2026-03-07T16:02:28+00:00,56184,78.0,37.0,18.6,0.0,,,,
2026-03-07T16:05:28+00:00,56185,78.0,38.5,18.4,0.0,,,,
2026-03-07T16:08:28+00:00,56186,78.0,37.5,18.4,0.0,,,,
2026-03-07T16:11:28+00:00,56187,78.0,38.0,18.3,0.0,,,,
2026-03-07T16:14:28+00:00,56188,78.0,38.5,18.3,0.0,,,,
2026-03-07T16:17:28+00:00,56189,78.0,38.0,18.2,0.0,,,,
2026-03-07T16:20:28+00:00,56190,78.0,38.0,18.1,0.0,,,,
2026-03-07T16:23:28+00:00,56191,78.0,39.0,17.8,0.0,,,,
2026-03-07T16:26:28+00:00,56192,78.0,39.0,17.5,0.0,,,,
2026-03-07T16:29:28+00:00,56193,78.0,39.5,17.3,0.0,,,,
2026-03-07T16:32:28+00:00,56194,78.0,40.0,17.2,0.0,,,,
2026-03-07T16:35:28+00:00,56195,78.0,40.5,17.0,0.0,,,,
2026-03-07T16:38:28+00:00,56196,78.0,41.0,16.9,0.0,,,,
2026-03-07T16:41:28+00:00,56197,78.0,42.0,16.6,0.0,,,,
2026-03-07T16:44:28+00:00,56198,78.0,42.5,16.4,0.0,,,,
2026-03-07T16:47:28+00:00,56199,78.0,42.0,16.2,0.0,,,,
2026-03-07T16:50:28+00:00,56200,78.0,43.0,15.9,0.0,,,,
2026-03-07T16:53:28+00:00,56201,78.0,43.0,15.6,0.0,,,,
2026-03-07T16:56:28+00:00,56202,78.0,44.0,15.5,0.0,,,,
2026-03-07T16:59:28+00:00,56203,78.0,44.5,15.1,0.0,,,,
2026-03-07T17:02:28+00:00,56204,78.0,45.0,14.9,0.0,,,,
2026-03-07T17:05:28+00:00,56205,78.0,45.5,14.7,0.0,,,,
2026-03-07T17:08:28+00:00,56206,78.0,45.0,14.5,0.0,,,,
2026-03-07T17:11:28+00:00,56207,78.0,45.5,14.3,0.0,,,,
2026-03-07T17:14:28+00:00,56208,78.0,46.5,14.2,0.0,,,,
2026-03-07T17:17:28+00:00,56209,78.0,47.5,14.1,0.0,,,,
2026-03-07T17:20:28+00:00,56210,78.0,49.0,14.0,0.0,,,,
2026-03-07T17:23:28+00:00,56211,78.0,49.0,13.8,0.0,,,,
2026-03-07T17:26:28+00:00,56212,78.0,49.5,13.8,0.0,,,,
2026-03-07T17:29:28+00:00,56213,78.0,49.0,13.7,0.0,,,,
2026-03-07T17:32:28+00:00,56214,78.0,50.5,13.6,0.0,,,,
2026-03-07T17:35:28+00:00,56215,78.0,51.5,13.3,0.0,,,,
2026-03-07T17:38:28+00:00,56216,78.0,51.5,13.0,0.0,,,,
2026-03-07T17:41:28+00:00,56217,78.0,51.5,12.9,0.0,,,,
2026-03-07T17:44:28+00:00,56218,78.0,51.5,12.7,0.0,,,,
2026-03-07T17:47:28+00:00,56219,78.0,52.0,12.6,0.0,,,,
2026-03-07T17:50:28+00:00,56220,78.0,51.5,12.5,0.0,,,,
2026-03-07T17:53:28+00:00,56221,78.0,52.5,12.4,0.0,,,,
2026-03-07T17:56:28+00:00,56222,78.0,54.0,12.3,0.0,,,,
2026-03-07T17:59:28+00:00,56223,78.0,54.0,12.1,0.0,,,,
2026-03-07T18:02:28+00:00,56224,78.0,54.5,11.8,0.0,,,,
2026-03-07T18:05:28+00:00,56225,78.0,55.0,11.9,0.0,,,,
2026-03-07T18:08:28+00:00,56226,78.0,55.5,11.6,0.0,,,,
2026-03-07T18:11:28+00:00,56227,78.0,54.5,11.7,0.0,,,,
2026-03-07T18:14:28+00:00,56228,78.0,54.5,11.7,0.0,,,,
2026-03-07T18:17:28+00:00,56229,78.0,54.5,11.6,0.0,,,,
2026-03-07T18:20:28+00:00,56230,78.0,54.5,11.8,0.0,,,,
2026-03-07T18:23:28+00:00,56231,78.0,55.0,11.8,0.0,,,,
2026-03-07T18:26:28+00:00,56232,78.0,56.0,11.8,0.0,,,,
2026-03-07T18:29:28+00:00,56233,78.0,56.0,11.8,0.0,,,,
2026-03-07T18:32:28+00:00,56234,78.0,55.0,11.9,0.0,,,,
2026-03-07T18:35:28+00:00,56235,78.0,54.5,12.0,0.0,,,,
2026-03-07T18:38:27+00:00,56236,78.0,55.5,11.9,0.0,,,,
2026-03-07T18:41:27+00:00,56237,78.0,56.0,11.9,0.0,,,,
2026-03-07T18:44:27+00:00,56238,78.0,56.0,11.9,0.0,,,,
2026-03-07T18:47:27+00:00,56239,78.0,55.0,11.9,0.0,,,,
2026-03-07T18:50:27+00:00,56240,78.0,55.0,11.9,0.0,,,,
2026-03-07T18:53:27+00:00,56241,78.0,55.0,11.7,0.0,,,,
2026-03-07T18:56:27+00:00,56242,78.0,55.0,11.9,0.0,,,,
2026-03-07T18:59:27+00:00,56243,78.0,54.5,11.7,0.0,,,,
2026-03-07T19:02:27+00:00,56244,78.0,54.5,11.8,0.0,,,,
2026-03-07T19:05:27+00:00,56245,78.0,55.0,11.7,0.0,,,,
2026-03-07T19:08:27+00:00,56246,78.0,55.0,11.7,0.0,,,,
2026-03-07T19:11:27+00:00,56247,78.0,55.0,11.7,0.0,,,,
2026-03-07T19:14:27+00:00,56248,78.0,55.5,11.5,0.0,,,,
2026-03-07T19:17:27+00:00,56249,78.0,55.5,11.5,0.0,,,,
2026-03-07T19:20:27+00:00,56250,78.0,55.5,11.5,0.0,,,,
2026-03-07T19:23:27+00:00,56251,78.0,56.0,11.3,0.0,,,,
2026-03-07T19:26:27+00:00,56252,78.0,56.5,11.2,0.0,,,,
2026-03-07T19:29:27+00:00,56253,78.0,56.0,11.2,0.0,,,,
2026-03-07T19:32:27+00:00,56254,78.0,55.5,11.1,0.0,,,,
2026-03-07T19:35:27+00:00,56255,78.0,56.0,11.2,0.0,,,,
2026-03-07T19:38:27+00:00,56256,78.0,56.0,11.2,0.0,,,,
2026-03-07T19:41:27+00:00,56257,78.0,56.0,11.2,0.0,,,,
2026-03-07T19:44:27+00:00,56258,78.0,56.0,11.3,0.0,,,,
2026-03-07T19:47:27+00:00,56259,78.0,56.0,11.2,0.0,,,,
2026-03-07T19:50:27+00:00,56260,78.0,56.5,11.2,0.0,,,,
2026-03-07T19:53:27+00:00,56261,78.0,56.0,11.1,0.0,,,,
2026-03-07T19:56:27+00:00,56262,78.0,55.0,11.2,0.0,,,,
2026-03-07T19:59:27+00:00,56263,78.0,56.0,11.3,0.0,,,,
2026-03-07T20:02:27+00:00,56264,78.0,57.0,11.1,0.0,,,,
2026-03-07T20:05:27+00:00,56265,78.0,56.0,11.0,0.0,,,,
2026-03-07T20:08:27+00:00,56266,78.0,55.5,11.0,0.0,,,,
2026-03-07T20:11:27+00:00,56267,78.0,56.0,11.1,0.0,,,,
2026-03-07T20:14:27+00:00,56268,78.0,56.0,11.0,0.0,,,,
2026-03-07T20:17:27+00:00,56269,78.0,56.5,11.0,0.0,,,,
2026-03-07T20:20:27+00:00,56270,78.0,56.0,10.9,0.0,,,,
2026-03-07T20:23:27+00:00,56271,78.0,56.0,11.0,0.0,,,,
2026-03-07T20:26:27+00:00,56272,78.0,55.5,11.0,0.0,,,,
2026-03-07T20:29:27+00:00,56273,78.0,56.0,11.0,0.0,,,,
2026-03-07T20:32:27+00:00,56274,78.0,56.5,10.9,0.0,,,,
2026-03-07T20:35:27+00:00,56275,78.0,57.5,10.9,0.0,,,,
2026-03-07T20:38:27+00:00,56276,78.0,57.5,10.7,0.0,,,,
2026-03-07T20:41:27+00:00,56277,78.0,57.5,10.5,0.0,,,,
2026-03-07T20:44:27+00:00,56278,78.0,57.5,10.6,0.0,,,,
2026-03-07T20:47:27+00:00,56279,78.0,57.5,10.6,0.0,,,,
2026-03-07T20:50:27+00:00,56280,78.0,58.0,10.6,0.0,,,,
2026-03-07T20:53:27+00:00,56281,78.0,58.5,10.7,0.0,,,,
2026-03-07T20:56:27+00:00,56282,78.0,58.5,10.5,0.0,,,,
2026-03-07T20:59:27+00:00,56283,78.0,58.0,10.5,0.0,,,,
2026-03-07T21:02:27+00:00,56284,78.0,58.5,10.5,0.0,,,,
2026-03-07T21:05:27+00:00,56285,78.0,58.5,10.5,0.0,,,,
2026-03-07T21:08:27+00:00,56286,78.0,58.5,10.4,0.0,,,,
2026-03-07T21:11:27+00:00,56287,78.0,58.5,10.5,0.0,,,,
2026-03-07T21:14:27+00:00,56288,78.0,59.0,10.3,0.0,,,,
2026-03-07T21:17:27+00:00,56289,78.0,59.0,10.2,0.0,,,,
2026-03-07T21:20:27+00:00,56290,78.0,59.5,10.1,0.0,,,,
2026-03-07T21:23:27+00:00,56291,78.0,60.0,10.1,0.0,,,,
2026-03-07T21:26:27+00:00,56292,78.0,60.0,10.0,0.0,,,,
2026-03-07T21:29:27+00:00,56293,78.0,60.0,9.8,0.0,,,,
2026-03-07T21:32:27+00:00,56294,78.0,60.0,10.1,0.0,,,,
2026-03-07T21:35:27+00:00,56295,78.0,60.0,10.2,0.0,,,,
2026-03-07T21:38:27+00:00,56296,78.0,60.5,10.2,0.0,,,,
2026-03-07T21:41:27+00:00,56297,78.0,60.5,10.1,0.0,,,,
2026-03-07T21:44:27+00:00,56298,78.0,61.0,10.2,0.0,,,,
2026-03-07T21:47:27+00:00,56299,78.0,61.5,10.1,0.0,,,,
2026-03-07T21:50:27+00:00,56300,78.0,62.5,10.1,0.0,,,,
2026-03-07T21:53:27+00:00,56301,78.0,63.0,10.1,0.0,,,,
2026-03-07T21:56:27+00:00,56302,78.0,64.0,10.0,0.0,,,,
2026-03-07T21:59:27+00:00,56303,78.0,65.0,10.0,0.0,,,,
2026-03-07T22:02:27+00:00,56304,78.0,66.0,10.0,0.0,,,,
2026-03-07T22:05:27+00:00,56305,78.0,65.5,10.2,0.0,,,,
2026-03-07T22:08:27+00:00,56306,78.0,65.5,10.2,0.0,,,,
2026-03-07T22:11:27+00:00,56307,78.0,66.0,10.1,0.0,,,,
2026-03-07T22:14:27+00:00,56308,78.0,67.0,10.0,0.0,,,,
2026-03-07T22:17:27+00:00,56309,78.0,68.0,10.0,0.0,,,,
2026-03-07T22:20:27+00:00,56310,78.0,68.0,10.2,0.0,,,,
2026-03-07T22:23:27+00:00,56311,78.0,68.0,10.2,0.0,,,,
2026-03-07T22:26:27+00:00,56312,78.0,68.0,10.3,0.0,,,,
2026-03-07T22:29:27+00:00,56313,78.0,68.0,10.2,0.0,,,,
2026-03-07T22:32:27+00:00,56314,78.0,68.0,10.1,0.0,,,,
2026-03-07T22:35:27+00:00,56315,78.0,68.5,10.1,0.0,,,,
2026-03-07T22:38:27+00:00,56316,78.0,68.0,10.1,0.0,,,,
2026-03-07T22:41:27+00:00,56317,78.0,68.5,10.1,0.0,,,,
2026-03-07T22:44:27+00:00,56318,78.0,69.0,10.1,0.0,,,,
2026-03-07T22:47:27+00:00,56319,78.0,68.5,10.1,0.0,,,,
2026-03-07T22:50:27+00:00,56320,78.0,69.5,10.0,0.0,,,,
2026-03-07T22:53:27+00:00,56321,78.0,69.5,10.0,0.0,,,,
2026-03-07T22:56:27+00:00,56322,78.0,69.5,10.0,0.0,,,,
2026-03-07T22:59:27+00:00,56323,78.0,69.5,10.0,0.0,,,,
2026-03-07T23:02:27+00:00,56324,78.0,70.0,9.6,0.0,,,,
2026-03-07T23:05:27+00:00,56325,78.0,71.5,9.4,0.0,,,,
2026-03-07T23:08:27+00:00,56326,78.0,72.0,9.5,0.0,,,,
2026-03-07T23:11:27+00:00,56327,78.0,72.0,9.4,0.0,,,,
2026-03-07T23:14:27+00:00,56328,78.0,72.0,9.3,0.0,,,,
2026-03-07T23:17:27+00:00,56329,78.0,72.5,9.1,0.0,,,,
2026-03-07T23:20:27+00:00,56330,78.0,73.0,9.1,0.0,,,,
2026-03-07T23:23:27+00:00,56331,78.0,73.0,9.0,0.0,,,,
2026-03-07T23:26:27+00:00,56332,78.0,73.0,8.9,0.0,,,,
2026-03-07T23:29:27+00:00,56333,78.0,73.0,8.9,0.0,,,,
2026-03-07T23:32:27+00:00,56334,78.0,73.0,8.9,0.0,,,,
2026-03-07T23:35:27+00:00,56335,78.0,72.5,8.9,0.0,,,,
2026-03-07T23:38:27+00:00,56336,78.0,73.0,9.0,0.0,,,,
2026-03-07T23:41:27+00:00,56337,78.0,73.0,9.0,0.0,,,,
2026-03-07T23:44:27+00:00,56338,78.0,73.5,8.9,0.0,,,,
2026-03-07T23:47:27+00:00,56339,78.0,73.0,8.9,0.0,,,,
2026-03-07T23:50:27+00:00,56340,78.0,72.0,9.1,0.0,,,,
2026-03-07T23:53:27+00:00,56341,78.0,69.5,9.1,0.0,,,,
2026-03-07T23:56:27+00:00,56342,78.0,70.0,9.2,0.0,,,,
2026-03-07T23:59:27+00:00,56343,78.0,70.5,9.0,0.0,,,,
2026-03-08T00:02:27+00:00,56344,78.0,71.0,9.0,0.0,,,,
2026-03-08T00:05:27+00:00,56345,78.0,71.0,9.1,0.0,,,,
2026-03-08T00:08:27+00:00,56346,78.0,72.0,9.0,0.0,,,,
2026-03-08T00:11:27+00:00,56347,78.0,72.0,9.0,0.0,,,,
2026-03-08T00:14:27+00:00,56348,78.0,72.5,8.8,0.0,,,,
2026-03-08T00:17:27+00:00,56349,78.0,72.0,8.9,0.0,,,,
2026-03-08T00:20:27+00:00,56350,78.0,72.0,8.8,0.0,,,,
2026-03-08T00:23:27+00:00,56351,78.0,72.0,9.0,0.0,,,,
2026-03-08T00:26:27+00:00,56352,78.0,71.0,9.0,0.0,,,,
2026-03-08T00:29:27+00:00,56353,78.0,71.5,9.0,0.0,,,,
2026-03-08T00:32:27+00:00,56354,78.0,71.5,9.0,0.0,,,,
2026-03-08T00:35:27+00:00,56355,78.0,71.5,8.8,0.0,,,,
2026-03-08T00:38:27+00:00,56356,78.0,72.0,8.8,0.0,,,,
2026-03-08T00:41:27+00:00,56357,78.0,72.0,8.8,0.0,,,,
2026-03-08T00:44:27+00:00,56358,78.0,72.0,8.7,0.0,,,,
2026-03-08T00:47:27+00:00,56359,78.0,72.0,8.7,0.0,,,,
2026-03-08T00:50:27+00:00,56360,78.0,72.5,8.7,0.0,,,,
2026-03-08T00:53:27+00:00,56361,78.0,72.5,8.4,0.0,,,,
2026-03-08T00:56:27+00:00,56362,78.0,72.5,8.5,0.0,,,,
2026-03-08T00:59:27+00:00,56363,78.0,72.0,8.5,0.0,,,,
2026-03-08T01:02:27+00:00,56364,78.0,72.0,8.6,0.0,,,,
2026-03-08T01:05:27+00:00,56365,78.0,72.0,8.5,0.0,,,,
2026-03-08T01:08:27+00:00,56366,78.0,72.0,8.5,0.0,,,,
2026-03-08T01:11:27+00:00,56367,78.0,72.5,8.6,0.0,,,,
2026-03-08T01:14:27+00:00,56368,78.0,72.0,8.4,0.0,,,,
2026-03-08T01:17:27+00:00,56369,78.0,72.0,8.6,0.0,,,,
2026-03-08T01:20:27+00:00,56370,78.0,72.5,8.4,0.0,,,,
2026-03-08T01:23:27+00:00,56371,78.0,72.0,8.5,0.0,,,,
2026-03-08T01:26:27+00:00,56372,78.0,71.0,8.7,0.0,,,,
2026-03-08T01:29:27+00:00,56373,78.0,71.0,8.8,0.0,,,,
2026-03-08T01:32:27+00:00,56374,78.0,70.5,8.7,0.0,,,,
2026-03-08T01:35:27+00:00,56375,78.0,70.0,8.8,0.0,,,,
2026-03-08T01:38:27+00:00,56376,78.0,70.0,8.8,0.0,,,,
2026-03-08T01:41:27+00:00,56377,78.0,69.5,8.9,0.0,,,,
2026-03-08T01:44:27+00:00,56378,78.0,69.5,8.7,0.0,,,,
2026-03-08T01:47:27+00:00,56379,78.0,68.5,8.8,0.0,,,,
2026-03-08T01:50:27+00:00,56380,78.0,68.0,8.7,0.0,,,,
2026-03-08T01:53:27+00:00,56381,78.0,68.5,8.8,0.0,,,,
2026-03-08T01:56:27+00:00,56382,78.0,68.5,8.7,0.0,,,,
2026-03-08T01:59:27+00:00,56383,78.0,68.0,8.8,0.0,,,,
2026-03-08T02:02:27+00:00,56384,78.0,68.5,8.7,0.0,,,,
2026-03-08T02:05:27+00:00,56385,78.0,69.0,8.7,0.0,,,,
2026-03-08T02:08:27+00:00,56386,78.0,69.0,8.6,0.0,,,,
2026-03-08T02:11:27+00:00,56387,78.0,69.0,8.6,0.0,,,,
2026-03-08T02:14:27+00:00,56388,78.0,69.5,8.6,0.0,,,,
2026-03-08T02:17:27+00:00,56389,78.0,69.5,8.6,0.0,,,,
2026-03-08T02:20:27+00:00,56390,78.0,69.5,8.5,0.0,,,,
2026-03-08T02:23:27+00:00,56391,78.0,69.0,8.5,0.0,,,,
2026-03-08T02:26:27+00:00,56392,78.0,68.5,8.5,0.0,,,,
2026-03-08T02:29:27+00:00,56393,78.0,68.5,8.6,0.0,,,,
2026-03-08T02:32:27+00:00,56394,78.0,68.5,8.5,0.0,,,,
2026-03-08T02:35:27+00:00,56395,78.0,68.0,8.7,0.0,,,,
2026-03-08T02:38:27+00:00,56396,78.0,67.5,8.6,0.0,,,,
2026-03-08T02:41:27+00:00,56397,78.0,67.0,8.8,0.0,,,,
2026-03-08T02:44:27+00:00,56398,78.0,66.5,9.0,0.0,,,,
2026-03-08T02:47:27+00:00,56399,78.0,66.5,8.9,0.0,,,,
2026-03-08T02:50:27+00:00,56400,78.0,67.0,8.9,0.0,,,,
2026-03-08T02:53:27+00:00,56401,78.0,67.0,8.9,0.0,,,,
2026-03-08T02:56:27+00:00,56402,78.0,67.0,8.9,0.0,,,,
2026-03-08T02:59:27+00:00,56403,78.0,67.5,8.9,0.0,,,,
2026-03-08T03:02:27+00:00,56404,78.0,66.5,8.9,0.0,,,,
2026-03-08T03:05:26+00:00,56405,78.0,66.0,9.0,0.0,,,,
2026-03-08T03:08:26+00:00,56406,78.0,66.0,9.2,0.0,,,,
2026-03-08T03:11:26+00:00,56407,78.0,65.5,9.2,0.0,,,,
2026-03-08T03:14:26+00:00,56408,78.0,65.0,9.2,0.0,,,,
2026-03-08T03:17:26+00:00,56409,78.0,65.5,9.2,0.0,,,,
2026-03-08T03:20:26+00:00,56410,78.0,66.0,9.2,0.0,,,,
2026-03-08T03:23:26+00:00,56411,78.0,66.0,9.2,0.0,,,,
2026-03-08T03:26:26+00:00,56412,78.0,66.0,9.1,0.0,,,,
2026-03-08T03:29:26+00:00,56413,78.0,66.5,9.0,0.0,,,,
2026-03-08T03:32:26+00:00,56414,78.0,67.0,8.8,0.0,,,,
2026-03-08T03:35:26+00:00,56415,78.0,67.0,8.9,0.0,,,,
2026-03-08T03:38:26+00:00,56416,78.0,67.0,8.9,0.0,,,,
2026-03-08T03:41:26+00:00,56417,78.0,67.0,8.9,0.0,,,,
2026-03-08T03:44:26+00:00,56418,78.0,67.0,8.9,0.0,,,,
2026-03-08T03:47:26+00:00,56419,78.0,68.0,9.0,0.0,,,,
2026-03-08T03:50:26+00:00,56420,78.0,68.0,9.0,0.0,,,,
2026-03-08T03:53:26+00:00,56421,78.0,68.0,8.9,0.0,,,,
2026-03-08T03:56:26+00:00,56422,78.0,68.5,8.8,0.0,,,,
2026-03-08T03:59:26+00:00,56423,78.0,68.5,8.7,0.0,,,,
2026-03-08T04:02:26+00:00,56424,78.0,67.5,8.8,0.0,,,,
2026-03-08T04:05:26+00:00,56425,78.0,68.0,8.7,0.0,,,,
2026-03-08T04:08:26+00:00,56426,78.0,68.0,8.6,0.0,,,,
2026-03-08T04:11:26+00:00,56427,78.0,69.0,8.6,0.0,,,,
2026-03-08T04:14:26+00:00,56428,78.0,69.0,8.6,0.0,,,,
2026-03-08T04:17:26+00:00,56429,78.0,69.0,8.6,0.0,,,,
2026-03-08T04:20:26+00:00,56430,78.0,70.0,8.5,0.0,,,,
2026-03-08T04:23:26+00:00,56431,78.0,69.5,8.6,0.0,,,,
2026-03-08T04:26:26+00:00,56432,78.0,70.5,8.4,0.0,,,,
2026-03-08T04:29:26+00:00,56433,78.0,70.5,8.3,0.0,,,,
2026-03-08T04:32:26+00:00,56434,78.0,71.5,8.0,0.0,,,,
2026-03-08T04:35:26+00:00,56435,78.0,71.5,8.1,0.0,,,,
2026-03-08T04:38:26+00:00,56436,78.0,71.0,8.0,0.0,,,,
2026-03-08T04:41:26+00:00,56437,78.0,70.5,8.0,0.0,,,,
2026-03-08T04:44:26+00:00,56438,78.0,70.5,7.9,0.0,,,,
2026-03-08T04:47:26+00:00,56439,78.0,70.5,8.0,0.0,,,,
2026-03-08T04:50:26+00:00,56440,78.0,71.0,8.0,0.0,,,,
2026-03-08T04:53:26+00:00,56441,78.0,70.0,8.0,0.0,,,,
2026-03-08T04:56:26+00:00,56442,78.0,69.5,8.0,0.0,,,,
2026-03-08T04:59:26+00:00,56443,78.0,69.0,8.1,0.0,,,,
2026-03-08T05:02:26+00:00,56444,78.0,69.5,8.3,0.0,,,,
2026-03-08T05:05:26+00:00,56445,78.0,70.0,8.2,0.0,,,,
2026-03-08T05:08:26+00:00,56446,78.0,70.5,8.3,0.0,,,,
2026-03-08T05:11:26+00:00,56447,78.0,70.5,8.4,0.0,,,,
2026-03-08T05:14:26+00:00,56448,78.0,71.0,8.4,0.0,,,,
2026-03-08T05:17:26+00:00,56449,78.0,71.0,8.3,0.0,,,,
2026-03-08T05:20:26+00:00,56450,78.0,70.5,8.3,0.0,,,,
2026-03-08T05:23:26+00:00,56451,78.0,69.0,8.2,0.0,,,,
2026-03-08T05:26:26+00:00,56452,78.0,68.0,8.3,0.0,,,,
2026-03-08T05:29:26+00:00,56453,78.0,68.0,8.2,0.0,,,,
2026-03-08T05:32:26+00:00,56454,78.0,66.5,8.3,0.0,,,,
2026-03-08T05:35:26+00:00,56455,78.0,65.0,8.2,0.0,,,,
2026-03-08T05:38:26+00:00,56456,78.0,63.5,8.2,0.0,,,,
2026-03-08T05:41:26+00:00,56457,78.0,64.0,8.2,0.0,,,,
2026-03-08T05:44:26+00:00,56458,78.0,64.0,8.1,0.0,,,,
2026-03-08T05:47:26+00:00,56459,78.0,65.0,8.0,0.0,,,,
2026-03-08T05:50:26+00:00,56460,78.0,66.5,7.9,0.0,,,,
2026-03-08T05:53:26+00:00,56461,78.0,69.0,7.9,0.0,,,,
2026-03-08T05:56:26+00:00,56462,78.0,70.0,7.8,0.0,,,,
2026-03-08T05:59:26+00:00,56463,78.0,70.0,7.8,0.0,,,,
2026-03-08T06:02:26+00:00,56464,78.0,69.5,7.9,0.0,,,,
2026-03-08T06:05:26+00:00,56465,78.0,68.5,7.9,0.0,,,,
2026-03-08T06:08:26+00:00,56466,78.0,67.5,7.9,0.0,,,,
2026-03-08T06:11:26+00:00,56467,78.0,68.0,7.9,0.0,,,,
2026-03-08T06:14:26+00:00,56468,78.0,67.5,7.8,0.0,,,,
2026-03-08T06:17:26+00:00,56469,78.0,68.0,7.7,0.0,,,,
2026-03-08T06:20:26+00:00,56470,78.0,67.5,7.8,0.0,,,,
2026-03-08T06:23:26+00:00,56471,78.0,67.0,7.6,0.0,,,,
2026-03-08T06:26:26+00:00,56472,78.0,67.0,7.8,0.0,,,,
2026-03-08T06:29:26+00:00,56473,78.0,67.0,7.6,0.0,,,,
2026-03-08T06:32:26+00:00,56474,78.0,67.0,7.5,0.0,,,,
2026-03-08T06:35:26+00:00,56475,78.0,66.5,7.5,0.0,,,,
2026-03-08T06:38:26+00:00,56476,78.0,66.5,7.5,0.0,,,,
2026-03-08T06:41:26+00:00,56477,78.0,67.0,7.5,0.0,,,,
2026-03-08T06:44:26+00:00,56478,78.0,67.5,7.3,0.0,,,,
2026-03-08T06:47:26+00:00,56479,78.0,67.5,7.3,0.0,,,,
2026-03-08T06:50:26+00:00,56480,78.0,68.0,7.3,0.0,,,,
2026-03-08T06:53:26+00:00,56481,78.0,68.0,7.4,0.0,,,,
2026-03-08T06:56:26+00:00,56482,78.0,68.0,7.3,0.0,,,,
2026-03-08T06:59:26+00:00,56483,78.0,68.5,7.3,0.0,,,,
2026-03-08T07:02:26+00:00,56484,78.0,68.5,7.3,0.0,,,,
2026-03-08T07:05:26+00:00,56485,78.0,68.5,7.4,0.0,,,,
2026-03-08T07:08:26+00:00,56486,78.0,69.0,7.4,0.0,,,,
2026-03-08T07:11:26+00:00,56487,78.0,69.0,7.4,0.0,,,,
2026-03-08T07:14:26+00:00,56488,78.0,69.0,7.6,0.0,,,,
2026-03-08T07:17:26+00:00,56489,78.0,69.0,7.7,0.0,,,,
2026-03-08T07:20:26+00:00,56490,78.0,69.0,7.7,0.0,,,,
2026-03-08T07:23:26+00:00,56491,78.0,68.5,7.9,0.0,,,,
2026-03-08T07:26:26+00:00,56492,78.0,68.5,7.9,0.0,,,,
2026-03-08T07:29:26+00:00,56493,78.0,68.0,8.0,0.0,,,,
2026-03-08T07:32:26+00:00,56494,78.0,67.5,8.0,0.0,,,,
2026-03-08T07:35:26+00:00,56495,78.0,68.0,8.1,0.0,,,,
2026-03-08T07:38:26+00:00,56496,78.0,67.0,8.1,0.0,,,,
2026-03-08T07:41:26+00:00,56497,78.0,66.5,8.2,0.0,,,,
2026-03-08T07:44:26+00:00,56498,78.0,66.5,8.3,0.0,,,,
2026-03-08T07:47:26+00:00,56499,78.0,66.0,8.4,0.0,,,,
2026-03-08T07:50:26+00:00,56500,78.0,65.5,8.4,0.0,,,,
2026-03-08T07:53:26+00:00,56501,78.0,65.5,8.6,0.0,,,,
2026-03-08T07:56:26+00:00,56502,78.0,65.0,9.0,0.0,,,,
2026-03-08T07:59:26+00:00,56503,78.0,62.0,9.2,0.0,,,,
2026-03-08T08:02:26+00:00,56504,78.0,62.5,9.6,0.0,,,,
2026-03-08T08:05:26+00:00,56505,78.0,61.0,9.5,0.0,,,,
2026-03-08T08:08:26+00:00,56506,78.0,60.5,9.8,0.0,,,,
2026-03-08T08:11:26+00:00,56507,78.0,59.0,10.0,0.0,,,,
2026-03-08T08:14:26+00:00,56508,78.0,61.0,10.2,0.0,,,,
2026-03-08T08:17:26+00:00,56509,78.0,57.5,10.7,0.0,,,,
2026-03-08T08:20:26+00:00,56510,78.0,56.0,10.9,0.0,,,,
2026-03-08T08:23:26+00:00,56511,78.0,54.5,11.2,0.0,,,,
2026-03-08T08:26:26+00:00,56512,78.0,53.5,11.4,0.0,,,,
2026-03-08T08:29:26+00:00,56513,78.0,53.0,11.5,0.0,,,,
2026-03-08T08:32:26+00:00,56514,78.0,53.0,12.0,0.0,,,,
2026-03-08T08:35:26+00:00,56515,78.0,52.0,12.2,0.0,,,,
2026-03-08T08:38:26+00:00,56516,78.0,51.5,12.6,0.0,,,,
2026-03-08T08:41:26+00:00,56517,78.0,51.0,12.5,0.0,,,,
2026-03-08T08:44:26+00:00,56518,78.0,51.0,12.6,0.0,,,,
2026-03-08T08:47:26+00:00,56519,78.0,50.5,12.6,0.0,,,,
2026-03-08T08:50:26+00:00,56520,78.0,52.0,12.6,0.0,,,,
2026-03-08T08:53:26+00:00,56521,78.0,52.0,12.5,0.0,,,,
2026-03-08T08:56:26+00:00,56522,78.0,51.5,12.5,0.0,,,,
2026-03-08T08:59:26+00:00,56523,78.0,50.5,12.9,0.0,,,,
2026-03-08T09:02:26+00:00,56524,78.0,49.0,12.9,0.0,,,,
2026-03-08T09:05:26+00:00,56525,78.0,49.0,13.3,0.0,,,,
2026-03-08T09:08:26+00:00,56526,78.0,50.5,13.7,0.0,,,,
2026-03-08T09:11:26+00:00,56527,78.0,48.5,14.2,0.0,,,,
2026-03-08T09:14:26+00:00,56528,78.0,48.0,14.5,0.0,,,,
2026-03-08T09:17:26+00:00,56529,78.0,46.5,14.9,0.0,,,,
2026-03-08T09:20:26+00:00,56530,78.0,47.5,15.1,0.0,,,,
2026-03-08T09:23:26+00:00,56531,78.0,46.5,15.4,0.0,,,,
2026-03-08T09:26:26+00:00,56532,78.0,45.5,15.6,0.0,,,,
2026-03-08T09:29:26+00:00,56533,78.0,44.0,16.0,0.0,,,,
2026-03-08T09:32:26+00:00,56534,78.0,44.0,16.2,0.0,,,,
2026-03-08T09:35:26+00:00,56535,78.0,45.0,15.9,0.0,,,,
2026-03-08T09:38:26+00:00,56536,78.0,47.0,15.2,0.0,,,,
2026-03-08T09:41:26+00:00,56537,78.0,49.0,14.6,0.0,,,,
2026-03-08T09:44:26+00:00,56538,78.0,48.5,14.6,0.0,,,,
2026-03-08T09:47:26+00:00,56539,78.0,48.0,14.8,0.0,,,,
2026-03-08T09:50:26+00:00,56540,78.0,48.5,14.9,0.0,,,,
2026-03-08T09:53:26+00:00,56541,78.0,47.5,15.3,0.0,,,,
2026-03-08T09:56:26+00:00,56542,78.0,47.5,15.5,0.0,,,,
2026-03-08T09:59:26+00:00,56543,78.0,46.5,15.6,0.0,,,,
2026-03-08T10:02:26+00:00,56544,78.0,46.5,15.7,0.0,,,,
2026-03-08T10:05:26+00:00,56545,78.0,46.5,16.0,0.0,,,,
2026-03-08T10:08:26+00:00,56546,78.0,45.5,16.7,0.0,,,,
2026-03-08T10:11:26+00:00,56547,78.0,46.5,16.6,0.0,,,,
2026-03-08T10:14:26+00:00,56548,78.0,43.5,16.9,0.0,,,,
2026-03-08T10:17:26+00:00,56549,78.0,43.5,17.3,0.0,,,,
2026-03-08T10:20:26+00:00,56550,78.0,41.5,18.0,0.0,,,,
2026-03-08T10:23:26+00:00,56551,78.0,41.5,17.8,0.0,,,,
2026-03-08T10:26:26+00:00,56552,78.0,41.0,17.8,0.0,,,,
2026-03-08T10:29:26+00:00,56553,78.0,40.0,18.1,0.0,,,,
2026-03-08T10:32:26+00:00,56554,78.0,40.0,18.2,0.0,,,,
2026-03-08T10:35:26+00:00,56555,78.0,40.0,18.0,0.0,,,,
2026-03-08T10:38:26+00:00,56556,78.0,40.5,18.1,0.0,,,,
2026-03-08T10:41:26+00:00,56557,78.0,40.0,18.0,0.0,,,,
2026-03-08T10:44:26+00:00,56558,78.0,41.5,18.0,0.0,,,,
2026-03-08T10:47:26+00:00,56559,78.0,41.0,17.9,0.0,,,,
2026-03-08T10:50:26+00:00,56560,78.0,42.5,17.7,0.0,,,,
2026-03-08T10:53:26+00:00,56561,78.0,43.0,17.5,0.0,,,,
2026-03-08T10:56:26+00:00,56562,78.0,43.0,17.3,0.0,,,,
2026-03-08T10:59:26+00:00,56563,78.0,43.0,17.4,0.0,,,,
2026-03-08T11:02:26+00:00,56564,78.0,42.5,17.4,0.0,,,,
2026-03-08T11:05:26+00:00,56565,78.0,42.5,17.6,0.0,,,,
2026-03-08T11:08:26+00:00,56566,78.0,41.5,17.7,0.0,,,,
2026-03-08T11:11:26+00:00,56567,78.0,42.5,17.7,0.0,,,,
2026-03-08T11:14:26+00:00,56568,78.0,42.5,17.9,0.0,,,,
2026-03-08T11:17:26+00:00,56569,78.0,41.0,18.1,0.0,,,,
2026-03-08T11:20:26+00:00,56570,78.0,41.0,17.9,0.0,,,,
2026-03-08T11:23:26+00:00,56571,78.0,41.0,17.9,0.0,,,,
2026-03-08T11:26:25+00:00,56572,78.0,42.0,17.8,0.0,,,,
2026-03-08T11:29:25+00:00,56573,78.0,41.0,18.0,0.0,,,,
2026-03-08T11:32:25+00:00,56574,78.0,42.0,18.1,0.0,,,,
2026-03-08T11:35:25+00:00,56575,78.0,42.5,18.2,0.0,,,,
2026-03-08T11:38:25+00:00,56576,78.0,41.5,18.4,0.0,,,,
2026-03-08T11:41:25+00:00,56577,78.0,41.0,18.4,0.0,,,,
2026-03-08T11:44:25+00:00,56578,78.0,41.0,18.4,0.0,,,,
2026-03-08T11:47:25+00:00,56579,78.0,40.0,18.5,0.0,,,,
2026-03-08T11:50:25+00:00,56580,78.0,40.5,18.3,0.0,,,,
2026-03-08T11:53:25+00:00,56581,78.0,40.5,18.4,0.0,,,,
2026-03-08T11:56:25+00:00,56582,78.0,41.0,18.4,0.0,,,,
2026-03-08T11:59:25+00:00,56583,78.0,40.5,18.7,0.0,,,,
2026-03-08T12:02:25+00:00,56584,78.0,40.0,18.5,0.0,,,,
2026-03-08T12:05:25+00:00,56585,78.0,41.0,18.5,0.0,,,,
2026-03-08T12:08:25+00:00,56586,78.0,41.5,18.8,0.0,,,,
2026-03-08T12:11:25+00:00,56587,78.0,40.0,18.9,0.0,,,,
2026-03-08T12:14:25+00:00,56588,78.0,40.0,19.0,0.0,,,,
2026-03-08T12:17:25+00:00,56589,78.0,39.5,19.1,0.0,,,,
2026-03-08T12:20:25+00:00,56590,78.0,39.5,19.1,0.0,,,,
2026-03-08T12:23:25+00:00,56591,78.0,39.5,19.2,0.0,,,,
2026-03-08T12:26:25+00:00,56592,78.0,39.5,19.2,0.0,,,,
2026-03-08T12:29:25+00:00,56593,78.0,39.0,19.2,0.0,,,,
2026-03-08T12:32:25+00:00,56594,78.0,41.0,19.4,0.0,,,,
2026-03-08T12:35:25+00:00,56595,78.0,39.0,19.8,0.0,,,,
2026-03-08T12:38:25+00:00,56596,78.0,39.0,19.9,0.0,,,,
2026-03-08T12:41:25+00:00,56597,78.0,39.0,19.7,0.0,,,,
2026-03-08T12:44:25+00:00,56598,78.0,39.0,19.3,0.0,,,,
2026-03-08T12:47:25+00:00,56599,78.0,40.0,19.2,0.0,,,,
2026-03-08T12:50:25+00:00,56600,78.0,40.5,19.1,0.0,,,,
2026-03-08T12:53:25+00:00,56601,78.0,40.0,19.1,0.0,,,,
2026-03-08T12:56:25+00:00,56602,78.0,40.0,19.1,0.0,,,,
2026-03-08T12:59:25+00:00,56603,78.0,40.5,19.1,0.0,,,,
2026-03-08T13:02:25+00:00,56604,78.0,41.0,19.3,0.0,,,,
2026-03-08T13:05:25+00:00,56605,78.0,39.5,19.5,0.0,,,,
2026-03-08T13:08:25+00:00,56606,78.0,39.5,19.7,0.0,,,,
2026-03-08T13:11:25+00:00,56607,78.0,39.0,20.0,0.0,,,,
2026-03-08T13:14:25+00:00,56608,78.0,38.5,20.2,0.0,,,,
2026-03-08T13:17:25+00:00,56609,78.0,38.5,20.4,0.0,,,,
2026-03-08T13:20:25+00:00,56610,78.0,38.0,20.5,0.0,,,,
2026-03-08T13:23:25+00:00,56611,78.0,38.5,20.3,0.0,,,,
2026-03-08T13:26:25+00:00,56612,78.0,38.5,20.1,0.0,,,,
2026-03-08T13:29:25+00:00,56613,78.0,39.0,20.2,0.0,,,,
2026-03-08T13:32:25+00:00,56614,78.0,39.0,19.9,0.0,,,,
2026-03-08T13:35:25+00:00,56615,78.0,39.0,19.8,0.0,,,,
2026-03-08T13:38:26+00:00,56616,78.0,39.5,19.6,0.0,,,,
2026-03-08T13:41:25+00:00,56617,78.0,40.5,19.2,0.0,,,,
2026-03-08T13:44:25+00:00,56618,78.0,41.0,19.2,0.0,,,,
2026-03-08T13:47:25+00:00,56619,78.0,39.5,19.3,0.0,,,,
2026-03-08T13:50:25+00:00,56620,78.0,40.0,19.3,0.0,,,,
2026-03-08T13:53:25+00:00,56621,78.0,41.0,19.2,0.0,,,,
2026-03-08T13:56:25+00:00,56622,78.0,40.0,19.5,0.0,,,,
2026-03-08T13:59:25+00:00,56623,78.0,40.0,19.6,0.0,,,,
2026-03-08T14:02:25+00:00,56624,78.0,40.0,19.6,0.0,,,,
2026-03-08T14:05:25+00:00,56625,78.0,40.5,19.3,0.0,,,,
2026-03-08T14:08:25+00:00,56626,78.0,40.5,19.6,0.0,,,,
2026-03-08T14:11:25+00:00,56627,78.0,39.5,20.0,0.0,,,,
2026-03-08T14:14:25+00:00,56628,78.0,39.0,19.9,0.0,,,,
2026-03-08T14:17:25+00:00,56629,78.0,39.0,19.9,0.0,,,,
2026-03-08T14:20:25+00:00,56630,78.0,39.5,20.1,0.0,,,,
2026-03-08T14:23:25+00:00,56631,78.0,39.0,20.1,0.0,,,,
2026-03-08T14:26:25+00:00,56632,78.0,40.0,20.1,0.0,,,,
2026-03-08T14:29:25+00:00,56633,78.0,39.0,20.5,0.0,,,,
2026-03-08T14:32:25+00:00,56634,78.0,39.5,20.1,0.0,,,,
2026-03-08T14:35:25+00:00,56635,78.0,40.0,20.0,0.0,,,,
2026-03-08T14:38:25+00:00,56636,78.0,40.5,19.8,0.0,,,,
2026-03-08T14:41:25+00:00,56637,78.0,41.0,19.8,0.0,,,,
2026-03-08T14:44:25+00:00,56638,78.0,40.0,19.8,0.0,,,,
2026-03-08T14:47:25+00:00,56639,78.0,40.5,19.8,0.0,,,,
2026-03-08T14:50:25+00:00,56640,78.0,40.0,19.9,0.0,,,,
2026-03-08T14:53:25+00:00,56641,78.0,39.5,19.7,0.0,,,,
2026-03-08T14:56:25+00:00,56642,78.0,40.5,19.5,0.0,,,,
2026-03-08T14:59:25+00:00,56643,78.0,40.5,19.6,0.0,,,,
2026-03-08T15:02:25+00:00,56644,78.0,41.5,19.5,0.0,,,,
2026-03-08T15:05:25+00:00,56645,78.0,40.0,19.6,0.0,,,,
2026-03-08T15:08:25+00:00,56646,78.0,39.5,19.5,0.0,,,,
2026-03-08T15:11:25+00:00,56647,78.0,40.5,19.4,0.0,,,,
2026-03-08T15:14:25+00:00,56648,78.0,40.0,19.4,0.0,,,,
2026-03-08T15:17:25+00:00,56649,78.0,39.5,19.5,0.0,,,,
2026-03-08T15:20:25+00:00,56650,78.0,40.0,19.4,0.0,,,,
2026-03-08T15:23:25+00:00,56651,78.0,39.0,19.4,0.0,,,,
2026-03-08T15:26:25+00:00,56652,78.0,39.0,19.2,0.0,,,,
2026-03-08T15:29:25+00:00,56653,78.0,39.5,19.3,0.0,,,,
2026-03-08T15:32:25+00:00,56654,78.0,39.0,19.4,0.0,,,,
2026-03-08T15:35:25+00:00,56655,78.0,38.5,19.5,0.0,,,,
2026-03-08T15:38:25+00:00,56656,78.0,38.5,19.5,0.0,,,,
2026-03-08T15:41:25+00:00,56657,78.0,40.5,19.1,0.0,,,,
2026-03-08T15:44:25+00:00,56658,78.0,39.0,19.2,0.0,,,,
2026-03-08T15:47:25+00:00,56659,78.0,39.0,19.3,0.0,,,,
2026-03-08T15:50:25+00:00,56660,78.0,39.0,19.3,0.0,,,,
2026-03-08T15:53:25+00:00,56661,78.0,39.0,19.3,0.0,,,,
2026-03-08T15:56:25+00:00,56662,78.0,38.5,19.1,0.0,,,,
2026-03-08T15:59:25+00:00,56663,78.0,39.0,18.9,0.0,,,,
2026-03-08T16:02:25+00:00,56664,78.0,39.5,18.6,0.0,,,,
2026-03-08T16:05:25+00:00,56665,78.0,40.0,18.8,0.0,,,,
2026-03-08T16:08:25+00:00,56666,78.0,39.0,18.7,0.0,,,,
2026-03-08T16:11:25+00:00,56667,78.0,38.5,18.5,0.0,,,,
2026-03-08T16:14:25+00:00,56668,78.0,40.0,18.2,0.0,,,,
2026-03-08T16:17:25+00:00,56669,78.0,41.0,18.0,0.0,,,,
2026-03-08T16:20:25+00:00,56670,78.0,41.5,17.9,0.0,,,,
2026-03-08T16:23:25+00:00,56671,78.0,40.5,17.9,0.0,,,,
2026-03-08T16:26:25+00:00,56672,78.0,41.5,17.8,0.0,,,,
2026-03-08T16:29:25+00:00,56673,78.0,41.5,17.8,0.0,,,,
2026-03-08T16:32:25+00:00,56674,78.0,42.0,17.7,0.0,,,,
2026-03-08T16:35:25+00:00,56675,78.0,42.5,17.5,0.0,,,,
2026-03-08T16:38:25+00:00,56676,78.0,43.0,17.2,0.0,,,,
2026-03-08T16:41:25+00:00,56677,78.0,43.0,17.1,0.0,,,,
2026-03-08T16:44:25+00:00,56678,78.0,43.0,17.0,0.0,,,,
2026-03-08T16:47:25+00:00,56679,78.0,43.5,16.8,0.0,,,,
2026-03-08T16:50:25+00:00,56680,78.0,44.0,16.6,0.0,,,,
2026-03-08T16:53:25+00:00,56681,78.0,44.0,16.4,0.0,,,,
2026-03-08T16:56:25+00:00,56682,78.0,45.0,16.2,0.0,,,,
2026-03-08T16:59:25+00:00,56683,78.0,44.5,15.9,0.0,,,,
2026-03-08T17:02:25+00:00,56684,78.0,45.0,15.6,0.0,,,,
2026-03-08T17:05:25+00:00,56685,78.0,45.5,15.5,0.0,,,,
2026-03-08T17:08:25+00:00,56686,78.0,46.0,15.2,0.0,,,,
2026-03-08T17:11:25+00:00,56687,78.0,47.0,14.9,0.0,,,,
2026-03-08T17:14:25+00:00,56688,78.0,47.5,14.7,0.0,,,,
2026-03-08T17:17:25+00:00,56689,78.0,48.0,14.5,0.0,,,,
2026-03-08T17:20:25+00:00,56690,78.0,49.0,14.2,0.0,,,,
2026-03-08T17:23:25+00:00,56691,78.0,49.0,14.0,0.0,,,,
2026-03-08T17:26:25+00:00,56692,78.0,50.0,13.7,0.0,,,,
2026-03-08T17:29:25+00:00,56693,78.0,51.0,13.5,0.0,,,,
2026-03-08T17:32:25+00:00,56694,78.0,52.0,13.3,0.0,,,,
2026-03-08T17:35:25+00:00,56695,78.0,52.5,13.1,0.0,,,,
2026-03-08T17:38:25+00:00,56696,78.0,53.5,12.7,0.0,,,,
2026-03-08T17:41:25+00:00,56697,78.0,54.0,12.6,0.0,,,,
2026-03-08T17:44:25+00:00,56698,78.0,55.0,12.5,0.0,,,,
2026-03-08T17:47:25+00:00,56699,78.0,55.0,12.3,0.0,,,,
2026-03-08T17:50:25+00:00,56700,78.0,55.5,12.1,0.0,,,,
2026-03-08T17:53:25+00:00,56701,78.0,55.0,12.1,0.0,,,,
2026-03-08T17:56:25+00:00,56702,78.0,55.5,11.8,0.0,,,,
2026-03-08T17:59:25+00:00,56703,78.0,57.0,11.7,0.0,,,,
2026-03-08T18:02:25+00:00,56704,78.0,57.0,11.5,0.0,,,,
2026-03-08T18:05:25+00:00,56705,78.0,57.5,11.4,0.0,,,,
2026-03-08T18:08:25+00:00,56706,78.0,58.0,11.2,0.0,,,,
2026-03-08T18:11:25+00:00,56707,78.0,59.0,11.1,0.0,,,,
2026-03-08T18:14:25+00:00,56708,78.0,59.0,11.1,0.0,,,,
2026-03-08T18:17:25+00:00,56709,78.0,59.0,11.0,0.0,,,,
2026-03-08T18:20:25+00:00,56710,78.0,59.5,11.1,0.0,,,,
2026-03-08T18:23:25+00:00,56711,78.0,59.5,11.0,0.0,,,,
2026-03-08T18:26:25+00:00,56712,78.0,60.0,11.0,0.0,,,,
2026-03-08T18:29:25+00:00,56713,78.0,60.5,10.9,0.0,,,,
2026-03-08T18:32:25+00:00,56714,78.0,61.0,10.9,0.0,,,,
2026-03-08T18:35:25+00:00,56715,78.0,64.0,11.1,0.0,,,,
2026-03-08T18:38:25+00:00,56716,78.0,63.0,11.3,0.0,,,,
2026-03-08T18:41:25+00:00,56717,78.0,64.0,11.5,0.0,,,,
2026-03-08T18:44:25+00:00,56718,78.0,64.0,11.4,0.0,,,,
2026-03-08T18:47:25+00:00,56719,78.0,64.5,11.5,0.0,,,,
2026-03-08T18:50:25+00:00,56720,78.0,64.5,11.5,0.0,,,,
2026-03-08T18:53:25+00:00,56721,78.0,64.5,11.4,0.0,,,,
2026-03-08T18:56:25+00:00,56722,78.0,64.0,11.4,0.0,,,,
2026-03-08T18:59:25+00:00,56723,78.0,65.0,11.2,0.0,,,,
2026-03-08T19:02:24+00:00,56724,78.0,65.5,11.0,0.0,,,,
2026-03-08T19:05:24+00:00,56725,78.0,66.0,10.8,0.0,,,,
2026-03-08T19:08:24+00:00,56726,78.0,65.5,10.8,0.0,,,,
2026-03-08T19:11:24+00:00,56727,78.0,66.5,10.7,0.0,,,,
2026-03-08T19:14:24+00:00,56728,78.0,67.0,10.5,0.0,,,,
2026-03-08T19:17:24+00:00,56729,78.0,67.5,10.3,0.0,,,,
2026-03-08T19:20:24+00:00,56730,78.0,68.0,10.3,0.0,,,,
2026-03-08T19:23:24+00:00,56731,78.0,68.0,10.2,0.0,,,,
2026-03-08T19:26:24+00:00,56732,78.0,68.0,10.3,0.0,,,,
2026-03-08T19:29:24+00:00,56733,78.0,68.5,10.5,0.0,,,,
2026-03-08T19:32:24+00:00,56734,78.0,68.0,10.5,0.0,,,,
2026-03-08T19:35:24+00:00,56735,78.0,68.0,10.6,0.0,,,,
2026-03-08T19:38:24+00:00,56736,78.0,68.0,10.6,0.0,,,,
2026-03-08T19:41:24+00:00,56737,78.0,68.5,10.6,0.0,,,,
2026-03-08T19:44:24+00:00,56738,78.0,68.0,10.6,0.0,,,,
2026-03-08T19:47:24+00:00,56739,78.0,68.0,10.6,0.0,,,,
2026-03-08T19:50:24+00:00,56740,78.0,68.0,10.6,0.0,,,,
2026-03-08T19:53:24+00:00,56741,78.0,68.0,10.5,0.0,,,,
2026-03-08T19:56:24+00:00,56742,78.0,68.5,10.5,0.0,,,,
2026-03-08T19:59:24+00:00,56743,78.0,68.0,10.6,0.0,,,,
2026-03-08T20:02:24+00:00,56744,78.0,68.5,10.6,0.0,,,,
2026-03-08T20:05:24+00:00,56745,78.0,68.5,10.5,0.0,,,,
2026-03-08T20:08:24+00:00,56746,78.0,68.5,10.6,0.0,,,,
2026-03-08T20:11:24+00:00,56747,78.0,68.5,10.5,0.0,,,,
2026-03-08T20:14:24+00:00,56748,78.0,68.5,10.4,0.0,,,,
2026-03-08T20:17:24+00:00,56749,78.0,69.0,10.4,0.0,,,,
2026-03-08T20:20:24+00:00,56750,78.0,69.0,10.5,0.0,,,,
2026-03-08T20:23:24+00:00,56751,78.0,68.5,10.4,0.0,,,,
2026-03-08T20:26:24+00:00,56752,78.0,68.5,10.4,0.0,,,,
2026-03-08T20:29:24+00:00,56753,78.0,68.5,10.4,0.0,,,,
2026-03-08T20:32:24+00:00,56754,78.0,68.5,10.3,0.0,,,,
2026-03-08T20:35:24+00:00,56755,78.0,69.0,10.1,0.0,,,,
2026-03-08T20:38:24+00:00,56756,78.0,69.0,10.0,0.0,,,,
2026-03-08T20:41:24+00:00,56757,78.0,69.0,9.9,0.0,,,,
2026-03-08T20:44:24+00:00,56758,78.0,69.5,9.9,0.0,,,,
2026-03-08T20:47:24+00:00,56759,78.0,70.0,9.8,0.0,,,,
2026-03-08T20:50:24+00:00,56760,78.0,68.0,9.9,0.0,,,,
2026-03-08T20:53:24+00:00,56761,78.0,69.5,9.9,0.0,,,,
2026-03-08T20:56:24+00:00,56762,78.0,70.0,9.9,0.0,,,,
2026-03-08T20:59:24+00:00,56763,78.0,70.0,9.7,0.0,,,,
2026-03-08T21:02:24+00:00,56764,78.0,70.5,9.9,0.0,,,,
2026-03-08T21:05:24+00:00,56765,78.0,70.5,10.0,0.0,,,,
2026-03-08T21:08:24+00:00,56766,78.0,70.5,9.9,0.0,,,,
2026-03-08T21:11:24+00:00,56767,78.0,69.5,9.9,0.0,,,,
2026-03-08T21:14:24+00:00,56768,78.0,69.5,10.0,0.0,,,,
2026-03-08T21:17:24+00:00,56769,78.0,69.5,10.0,0.0,,,,
2026-03-08T21:20:24+00:00,56770,78.0,69.5,10.0,0.0,,,,
2026-03-08T21:23:24+00:00,56771,78.0,69.5,9.8,0.0,,,,
2026-03-08T21:26:24+00:00,56772,78.0,69.0,9.9,0.0,,,,
2026-03-08T21:29:24+00:00,56773,78.0,69.5,10.1,0.0,,,,
2026-03-08T21:32:24+00:00,56774,78.0,69.0,10.0,0.0,,,,
2026-03-08T21:35:24+00:00,56775,78.0,69.5,10.0,0.0,,,,
2026-03-08T21:38:24+00:00,56776,78.0,69.5,10.0,0.0,,,,
2026-03-08T21:41:24+00:00,56777,78.0,70.0,9.8,0.0,,,,
2026-03-08T21:44:24+00:00,56778,78.0,70.5,9.9,0.0,,,,
2026-03-08T21:47:24+00:00,56779,78.0,70.5,9.8,0.0,,,,
2026-03-08T21:50:24+00:00,56780,78.0,71.0,9.8,0.0,,,,
2026-03-08T21:53:24+00:00,56781,78.0,71.0,9.7,0.0,,,,
2026-03-08T21:56:24+00:00,56782,78.0,71.5,9.6,0.0,,,,
2026-03-08T21:59:24+00:00,56783,78.0,71.5,9.6,0.0,,,,
2026-03-08T22:02:24+00:00,56784,78.0,71.5,9.5,0.0,,,,
2026-03-08T22:05:24+00:00,56785,78.0,71.5,9.6,0.0,,,,
2026-03-08T22:08:24+00:00,56786,78.0,71.0,9.6,0.0,,,,
2026-03-08T22:11:24+00:00,56787,78.0,71.5,9.6,0.0,,,,
2026-03-08T22:14:24+00:00,56788,78.0,71.5,9.5,0.0,,,,
2026-03-08T22:20:24+00:00,56789,78.0,71.0,9.5,0.0,,,,
2026-03-08T22:23:24+00:00,56790,78.0,71.5,9.4,0.0,,,,
2026-03-08T22:26:24+00:00,56791,78.0,72.0,9.3,0.0,,,,
2026-03-08T22:29:24+00:00,56792,78.0,72.0,9.1,0.0,,,,
2026-03-08T22:32:24+00:00,56793,78.0,72.5,9.2,0.0,,,,
2026-03-08T22:35:24+00:00,56794,78.0,71.5,9.3,0.0,,,,
2026-03-08T22:38:24+00:00,56795,78.0,71.5,9.4,0.0,,,,
2026-03-08T22:41:24+00:00,56796,78.0,71.5,9.3,0.0,,,,
2026-03-08T22:44:24+00:00,56797,78.0,71.5,9.3,0.0,,,,
2026-03-08T22:47:24+00:00,56798,78.0,71.0,9.4,0.0,,,,
2026-03-08T22:50:24+00:00,56799,78.0,71.0,9.3,0.0,,,,
2026-03-08T22:53:24+00:00,56800,78.0,71.0,9.2,0.0,,,,
2026-03-08T22:56:24+00:00,56801,78.0,70.5,9.2,0.0,,,,
2026-03-08T22:59:24+00:00,56802,78.0,70.5,9.1,0.0,,,,
2026-03-08T23:02:24+00:00,56803,78.0,69.5,9.0,0.0,,,,
2026-03-08T23:05:24+00:00,56804,78.0,68.5,8.9,0.0,,,,
2026-03-08T23:08:24+00:00,56805,78.0,68.0,8.8,0.0,,,,
2026-03-08T23:11:24+00:00,56806,78.0,68.5,8.8,0.0,,,,
2026-03-08T23:14:24+00:00,56807,78.0,68.5,8.7,0.0,,,,
2026-03-08T23:17:24+00:00,56808,78.0,68.5,8.6,0.0,,,,
2026-03-08T23:20:24+00:00,56809,78.0,68.0,8.5,0.0,,,,
2026-03-08T23:23:24+00:00,56810,78.0,67.5,8.4,0.0,,,,
2026-03-08T23:26:24+00:00,56811,78.0,67.5,8.5,0.0,,,,
2026-03-08T23:29:24+00:00,56812,78.0,67.5,8.6,0.0,,,,
2026-03-08T23:32:24+00:00,56813,78.0,67.5,8.6,0.0,,,,
2026-03-08T23:35:24+00:00,56814,78.0,68.5,8.6,0.0,,,,
2026-03-08T23:38:24+00:00,56815,78.0,68.5,8.5,0.0,,,,
2026-03-08T23:41:24+00:00,56816,78.0,69.5,8.3,0.0,,,,
2026-03-08T23:44:24+00:00,56817,78.0,71.0,8.1,0.0,,,,
2026-03-08T23:47:24+00:00,56818,78.0,71.0,8.0,0.0,,,,
2026-03-08T23:50:24+00:00,56819,78.0,71.0,8.0,0.0,,,,
2026-03-08T23:53:24+00:00,56820,78.0,71.0,7.9,0.0,,,,
2026-03-08T23:56:24+00:00,56821,78.0,70.5,7.9,0.0,,,,
2026-03-08T23:59:24+00:00,56822,78.0,70.5,7.8,0.0,,,,
2026-03-09T00:02:24+00:00,56823,78.0,71.0,7.6,0.0,,,,
2026-03-09T00:05:24+00:00,56824,78.0,72.0,7.3,0.0,,,,
2026-03-09T00:08:24+00:00,56825,78.0,73.5,7.2,0.0,,,,
2026-03-09T00:11:24+00:00,56826,78.0,73.5,7.3,0.0,,,,
2026-03-09T00:14:24+00:00,56827,78.0,72.5,7.2,0.0,,,,
2026-03-09T00:17:24+00:00,56828,78.0,73.5,7.2,0.0,,,,
2026-03-09T00:20:24+00:00,56829,78.0,74.0,7.1,0.0,,,,
2026-03-09T00:23:24+00:00,56830,78.0,74.0,7.0,0.0,,,,
2026-03-09T00:26:24+00:00,56831,78.0,74.5,7.0,0.0,,,,
2026-03-09T00:29:24+00:00,56832,78.0,73.5,7.0,0.0,,,,
2026-03-09T00:32:24+00:00,56833,78.0,73.5,7.1,0.0,,,,
2026-03-09T00:35:24+00:00,56834,78.0,74.0,7.0,0.0,,,,
2026-03-09T00:38:24+00:00,56835,78.0,74.0,7.1,0.0,,,,
2026-03-09T00:41:24+00:00,56836,78.0,74.0,7.1,0.0,,,,
2026-03-09T00:44:24+00:00,56837,78.0,74.5,7.0,0.0,,,,
2026-03-09T00:47:24+00:00,56838,78.0,75.0,7.0,0.0,,,,
2026-03-09T00:50:24+00:00,56839,78.0,75.0,7.1,0.0,,,,
2026-03-09T00:53:24+00:00,56840,78.0,75.5,6.9,0.0,,,,
2026-03-09T00:56:24+00:00,56841,78.0,75.5,7.0,0.0,,,,
2026-03-09T00:59:24+00:00,56842,78.0,75.0,7.0,0.0,,,,
2026-03-09T01:02:24+00:00,56843,78.0,75.0,7.0,0.0,,,,
2026-03-09T01:05:24+00:00,56844,78.0,75.5,7.0,0.0,,,,
2026-03-09T01:08:24+00:00,56845,78.0,75.5,6.8,0.0,,,,
2026-03-09T01:11:24+00:00,56846,78.0,76.5,6.7,0.0,,,,
2026-03-09T01:14:24+00:00,56847,78.0,76.5,6.6,0.0,,,,
2026-03-09T01:17:24+00:00,56848,78.0,77.0,6.7,0.0,,,,
2026-03-09T01:20:24+00:00,56849,78.0,77.0,6.7,0.0,,,,
2026-03-09T01:23:24+00:00,56850,78.0,77.5,6.6,0.0,,,,
2026-03-09T01:26:24+00:00,56851,78.0,77.5,6.6,0.0,,,,
2026-03-09T01:29:24+00:00,56852,78.0,77.5,6.7,0.0,,,,
2026-03-09T01:32:24+00:00,56853,78.0,77.5,6.8,0.0,,,,
2026-03-09T01:35:24+00:00,56854,78.0,77.0,6.8,0.0,,,,
2026-03-09T01:38:24+00:00,56855,78.0,76.5,6.8,0.0,,,,
2026-03-09T01:41:24+00:00,56856,78.0,77.0,6.6,0.0,,,,
2026-03-09T01:44:24+00:00,56857,78.0,76.5,6.7,0.0,,,,
2026-03-09T01:47:24+00:00,56858,78.0,76.0,6.8,0.0,,,,
2026-03-09T01:50:24+00:00,56859,78.0,76.0,6.8,0.0,,,,
2026-03-09T01:53:24+00:00,56860,78.0,76.0,6.8,0.0,,,,
2026-03-09T01:56:24+00:00,56861,78.0,76.0,6.7,0.0,,,,
2026-03-09T01:59:24+00:00,56862,78.0,75.5,7.0,0.0,,,,
2026-03-09T02:02:24+00:00,56863,78.0,75.5,6.9,0.0,,,,
2026-03-09T02:05:24+00:00,56864,78.0,76.0,6.9,0.0,,,,
2026-03-09T02:08:24+00:00,56865,78.0,76.0,7.0,0.0,,,,
2026-03-09T02:11:24+00:00,56866,78.0,76.0,7.0,0.0,,,,
2026-03-09T02:14:24+00:00,56867,78.0,75.5,7.1,0.0,,,,
2026-03-09T02:17:24+00:00,56868,78.0,75.0,7.2,0.0,,,,
2026-03-09T02:20:24+00:00,56869,78.0,74.5,7.2,0.0,,,,
2026-03-09T02:23:24+00:00,56870,78.0,75.0,7.1,0.0,,,,
2026-03-09T02:26:24+00:00,56871,78.0,75.0,7.1,0.0,,,,
2026-03-09T02:29:24+00:00,56872,78.0,75.0,7.2,0.0,,,,
2026-03-09T02:32:24+00:00,56873,78.0,75.0,7.2,0.0,,,,
2026-03-09T02:35:24+00:00,56874,78.0,74.5,7.3,0.0,,,,
2026-03-09T02:38:24+00:00,56875,78.0,74.5,7.1,0.0,,,,
2026-03-09T02:41:24+00:00,56876,78.0,75.5,7.1,0.0,,,,
2026-03-09T02:44:24+00:00,56877,78.0,75.5,7.0,0.0,,,,
2026-03-09T02:47:24+00:00,56878,78.0,76.0,7.0,0.0,,,,
2026-03-09T02:50:24+00:00,56879,78.0,75.5,7.1,0.0,,,,
2026-03-09T02:53:24+00:00,56880,78.0,76.0,7.0,0.0,,,,
2026-03-09T02:56:24+00:00,56881,78.0,76.5,7.0,0.0,,,,
2026-03-09T02:59:24+00:00,56882,78.0,77.0,6.7,0.0,,,,
2026-03-09T03:02:24+00:00,56883,78.0,78.0,6.7,0.0,,,,
2026-03-09T03:05:24+00:00,56884,78.0,78.0,6.6,0.0,,,,
2026-03-09T03:08:24+00:00,56885,78.0,77.5,6.7,0.0,,,,
2026-03-09T03:11:24+00:00,56886,78.0,77.5,6.8,0.0,,,,
2026-03-09T03:14:24+00:00,56887,78.0,77.0,6.8,0.0,,,,
2026-03-09T03:17:24+00:00,56888,78.0,77.0,6.7,0.0,,,,
2026-03-09T03:20:24+00:00,56889,78.0,77.5,6.7,0.0,,,,
2026-03-09T03:23:24+00:00,56890,78.0,78.0,6.7,0.0,,,,
2026-03-09T03:26:24+00:00,56891,78.0,78.0,6.7,0.0,,,,
2026-03-09T03:29:24+00:00,56892,78.0,77.5,6.8,0.0,,,,
2026-03-09T03:32:24+00:00,56893,78.0,77.5,6.7,0.0,,,,
2026-03-09T03:35:24+00:00,56894,78.0,77.5,6.6,0.0,,,,
2026-03-09T03:38:24+00:00,56895,78.0,77.5,6.7,0.0,,,,
2026-03-09T03:41:24+00:00,56896,78.0,77.5,6.6,0.0,,,,
2026-03-09T03:44:23+00:00,56897,78.0,78.0,6.6,0.0,,,,
2026-03-09T03:47:23+00:00,56898,78.0,78.0,6.7,0.0,,,,
2026-03-09T03:50:23+00:00,56899,78.0,78.0,6.7,0.0,,,,
2026-03-09T03:53:23+00:00,56900,78.0,78.0,6.8,0.0,,,,
2026-03-09T03:56:23+00:00,56901,78.0,78.0,6.8,0.0,,,,
2026-03-09T03:59:23+00:00,56902,78.0,77.5,6.8,0.0,,,,
2026-03-09T04:02:23+00:00,56903,78.0,77.5,6.8,0.0,,,,
2026-03-09T04:05:23+00:00,56904,78.0,77.5,6.7,0.0,,,,
2026-03-09T04:08:23+00:00,56905,78.0,78.0,6.6,0.0,,,,
2026-03-09T04:11:23+00:00,56906,78.0,78.5,6.7,0.0,,,,
2026-03-09T04:14:23+00:00,56907,78.0,78.0,6.8,0.0,,,,
2026-03-09T04:17:23+00:00,56908,78.0,78.0,6.6,0.0,,,,
2026-03-09T04:20:23+00:00,56909,78.0,78.5,6.4,0.0,,,,
2026-03-09T04:23:23+00:00,56910,78.0,78.5,6.3,0.0,,,,
2026-03-09T04:26:23+00:00,56911,78.0,79.0,6.3,0.0,,,,
2026-03-09T04:29:23+00:00,56912,78.0,79.5,6.2,0.0,,,,
2026-03-09T04:32:23+00:00,56913,78.0,80.0,6.1,0.0,,,,
2026-03-09T04:35:23+00:00,56914,78.0,80.5,6.1,0.0,,,,
2026-03-09T04:38:23+00:00,56915,78.0,80.5,6.2,0.0,,,,
2026-03-09T04:41:23+00:00,56916,78.0,79.5,6.3,0.0,,,,
2026-03-09T04:44:23+00:00,56917,78.0,79.5,6.4,0.0,,,,
2026-03-09T04:47:23+00:00,56918,78.0,79.0,6.5,0.0,,,,
2026-03-09T04:50:23+00:00,56919,78.0,79.0,6.5,0.0,,,,
2026-03-09T04:53:23+00:00,56920,78.0,79.5,6.4,0.0,,,,
2026-03-09T04:56:23+00:00,56921,78.0,79.0,6.3,0.0,,,,
2026-03-09T04:59:23+00:00,56922,78.0,79.5,6.2,0.0,,,,
2026-03-09T05:02:23+00:00,56923,78.0,80.0,6.2,0.0,,,,
2026-03-09T05:05:23+00:00,56924,78.0,80.0,6.1,0.0,,,,
2026-03-09T05:08:23+00:00,56925,78.0,80.0,6.2,0.0,,,,
2026-03-09T05:11:23+00:00,56926,78.0,80.0,6.2,0.0,,,,
2026-03-09T05:14:23+00:00,56927,78.0,80.0,6.3,0.0,,,,
2026-03-09T05:17:23+00:00,56928,78.0,80.0,6.4,0.0,,,,
2026-03-09T05:20:23+00:00,56929,78.0,79.5,6.6,0.0,,,,
2026-03-09T05:23:23+00:00,56930,78.0,79.0,6.7,0.0,,,,
2026-03-09T05:26:23+00:00,56931,78.0,78.5,6.7,0.0,,,,
2026-03-09T05:29:23+00:00,56932,78.0,77.5,6.8,0.0,,,,
2026-03-09T05:32:23+00:00,56933,78.0,77.5,6.7,0.0,,,,
2026-03-09T05:35:23+00:00,56934,78.0,77.0,6.8,0.0,,,,
2026-03-09T05:38:23+00:00,56935,78.0,77.0,6.7,0.0,,,,
2026-03-09T05:41:23+00:00,56936,78.0,77.5,6.5,0.0,,,,
2026-03-09T05:44:23+00:00,56937,78.0,77.0,6.5,0.0,,,,
2026-03-09T05:47:23+00:00,56938,78.0,76.5,6.6,0.0,,,,
2026-03-09T05:50:23+00:00,56939,78.0,76.0,6.5,0.0,,,,
2026-03-09T05:53:23+00:00,56940,78.0,75.5,6.6,0.0,,,,
2026-03-09T05:56:23+00:00,56941,78.0,74.5,6.5,0.0,,,,
2026-03-09T05:59:23+00:00,56942,78.0,73.0,6.5,0.0,,,,
2026-03-09T06:02:23+00:00,56943,78.0,72.0,6.6,0.0,,,,
2026-03-09T06:05:23+00:00,56944,78.0,72.5,6.4,0.0,,,,
2026-03-09T06:08:23+00:00,56945,78.0,72.5,6.6,0.0,,,,
2026-03-09T06:11:23+00:00,56946,78.0,72.0,6.5,0.0,,,,
2026-03-09T06:14:23+00:00,56947,78.0,71.5,6.5,0.0,,,,
2026-03-09T06:17:23+00:00,56948,78.0,71.0,6.6,0.0,,,,
2026-03-09T06:20:23+00:00,56949,78.0,71.0,6.7,0.0,,,,
2026-03-09T06:23:23+00:00,56950,78.0,70.5,6.7,0.0,,,,
2026-03-09T06:26:23+00:00,56951,78.0,70.5,6.7,0.0,,,,
2026-03-09T06:29:23+00:00,56952,78.0,70.5,6.7,0.0,,,,
2026-03-09T06:32:23+00:00,56953,78.0,72.0,6.6,0.0,,,,
2026-03-09T06:35:23+00:00,56954,78.0,73.0,6.8,0.0,,,,
2026-03-09T06:38:23+00:00,56955,78.0,73.5,6.8,0.0,,,,
2026-03-09T06:41:23+00:00,56956,78.0,73.0,6.8,0.0,,,,
2026-03-09T06:44:23+00:00,56957,78.0,71.5,6.9,0.0,,,,
2026-03-09T06:47:23+00:00,56958,78.0,71.0,7.1,0.0,,,,
2026-03-09T06:50:23+00:00,56959,78.0,68.0,7.3,0.0,,,,
2026-03-09T06:53:23+00:00,56960,78.0,67.5,7.4,0.0,,,,
2026-03-09T06:56:23+00:00,56961,78.0,68.0,7.5,0.0,,,,
2026-03-09T06:59:23+00:00,56962,78.0,65.5,7.7,0.0,,,,
2026-03-09T07:02:23+00:00,56963,78.0,66.0,7.9,0.0,,,,
2026-03-09T07:05:23+00:00,56964,78.0,64.5,8.1,0.0,,,,
2026-03-09T07:08:23+00:00,56965,78.0,61.5,8.2,0.0,,,,
2026-03-09T07:11:23+00:00,56966,78.0,60.5,8.5,0.0,,,,
2026-03-09T07:14:23+00:00,56967,78.0,59.5,8.6,0.0,,,,
2026-03-09T07:17:23+00:00,56968,78.0,58.0,8.9,0.0,,,,
2026-03-09T07:20:23+00:00,56969,78.0,58.0,9.1,0.0,,,,
2026-03-09T07:23:23+00:00,56970,78.0,57.5,9.3,0.0,,,,
2026-03-09T07:26:23+00:00,56971,78.0,56.5,9.4,0.0,,,,
2026-03-09T07:29:23+00:00,56972,78.0,56.0,9.6,0.0,,,,
2026-03-09T07:32:23+00:00,56973,78.0,56.0,9.7,0.0,,,,
2026-03-09T07:35:23+00:00,56974,78.0,55.0,9.7,0.0,,,,
2026-03-09T07:38:23+00:00,56975,78.0,55.5,9.7,0.0,,,,
2026-03-09T07:41:23+00:00,56976,78.0,55.0,9.8,0.0,,,,
2026-03-09T07:44:23+00:00,56977,78.0,55.0,9.9,0.0,,,,
2026-03-09T07:47:23+00:00,56978,78.0,54.5,10.0,0.0,,,,
2026-03-09T07:50:23+00:00,56979,78.0,53.5,10.2,0.0,,,,
2026-03-09T07:53:23+00:00,56980,78.0,53.5,10.4,0.0,,,,
2026-03-09T07:56:23+00:00,56981,78.0,53.0,10.7,0.0,,,,
2026-03-09T07:59:23+00:00,56982,78.0,53.0,10.6,0.0,,,,
2026-03-09T08:02:23+00:00,56983,78.0,53.5,10.5,0.0,,,,
2026-03-09T08:05:23+00:00,56984,78.0,53.0,10.5,0.0,,,,
2026-03-09T08:08:23+00:00,56985,78.0,53.5,10.5,0.0,,,,
2026-03-09T08:11:23+00:00,56986,78.0,54.0,10.5,0.0,,,,
2026-03-09T08:14:23+00:00,56987,78.0,54.0,10.5,0.0,,,,
2026-03-09T08:17:23+00:00,56988,78.0,52.5,10.8,0.0,,,,
2026-03-09T08:20:23+00:00,56989,78.0,53.5,11.2,0.0,,,,
2026-03-09T08:23:23+00:00,56990,78.0,52.5,11.5,0.0,,,,
2026-03-09T08:26:23+00:00,56991,78.0,52.5,11.8,0.0,,,,
2026-03-09T08:29:23+00:00,56992,78.0,51.0,12.3,0.0,,,,
2026-03-09T08:32:23+00:00,56993,78.0,49.5,12.8,0.0,,,,
2026-03-09T08:35:23+00:00,56994,78.0,48.0,13.3,0.0,,,,
2026-03-09T08:38:23+00:00,56995,78.0,47.5,13.5,0.0,,,,
2026-03-09T08:41:23+00:00,56996,78.0,47.5,13.8,0.0,,,,
2026-03-09T08:44:23+00:00,56997,78.0,46.5,13.9,0.0,,,,
2026-03-09T08:47:23+00:00,56998,78.0,45.5,13.8,0.0,,,,
2026-03-09T08:50:23+00:00,56999,78.0,46.0,13.8,0.0,,,,
2026-03-09T08:53:23+00:00,57000,78.0,46.5,13.9,0.0,,,,
2026-03-09T08:56:23+00:00,57001,78.0,47.0,14.0,0.0,,,,
2026-03-09T08:59:23+00:00,57002,78.0,44.5,14.5,0.0,,,,
2026-03-09T09:02:23+00:00,57003,78.0,43.0,15.0,0.0,,,,
2026-03-09T09:05:23+00:00,57004,78.0,43.0,15.1,0.0,,,,
2026-03-09T09:08:23+00:00,57005,78.0,44.5,14.9,0.0,,,,
2026-03-09T09:11:23+00:00,57006,78.0,45.0,14.7,0.0,,,,
2026-03-09T09:14:23+00:00,57007,78.0,45.0,15.0,0.0,,,,
2026-03-09T09:17:23+00:00,57008,78.0,44.0,15.0,0.0,,,,
2026-03-09T09:20:23+00:00,57009,78.0,44.0,14.9,0.0,,,,
2026-03-09T09:23:23+00:00,57010,78.0,43.5,15.2,0.0,,,,
2026-03-09T09:26:23+00:00,57011,78.0,42.5,15.3,0.0,,,,
2026-03-09T09:29:23+00:00,57012,78.0,43.5,15.2,0.0,,,,
2026-03-09T09:32:23+00:00,57013,78.0,42.5,15.2,0.0,,,,
2026-03-09T09:35:23+00:00,57014,78.0,41.5,15.6,0.0,,,,
2026-03-09T09:38:23+00:00,57015,78.0,42.0,15.7,0.0,,,,
2026-03-09T09:41:23+00:00,57016,78.0,40.5,15.8,0.0,,,,
2026-03-09T09:44:23+00:00,57017,78.0,41.0,16.0,0.0,,,,
2026-03-09T09:47:23+00:00,57018,78.0,39.5,16.0,0.0,,,,
2026-03-09T09:50:23+00:00,57019,78.0,40.5,16.2,0.0,,,,
2026-03-09T09:53:23+00:00,57020,78.0,38.5,16.5,0.0,,,,
2026-03-09T09:56:23+00:00,57021,78.0,39.0,16.1,0.0,,,,
2026-03-09T09:59:23+00:00,57022,78.0,39.5,16.3,0.0,,,,
2026-03-09T10:02:23+00:00,57023,78.0,39.5,16.7,0.0,,,,
2026-03-09T10:05:23+00:00,57024,78.0,37.5,16.7,0.0,,,,
2026-03-09T10:08:23+00:00,57025,78.0,37.5,16.8,0.0,,,,
2026-03-09T10:11:23+00:00,57026,78.0,37.0,16.8,0.0,,,,
2026-03-09T10:14:23+00:00,57027,78.0,38.0,17.0,0.0,,,,
2026-03-09T10:17:23+00:00,57028,78.0,37.0,17.1,0.0,,,,
2026-03-09T10:20:23+00:00,57029,78.0,37.5,16.8,0.0,,,,
2026-03-09T10:23:23+00:00,57030,78.0,37.0,17.1,0.0,,,,
2026-03-09T10:26:23+00:00,57031,78.0,35.5,17.1,0.0,,,,
2026-03-09T10:29:23+00:00,57032,78.0,35.5,17.0,0.0,,,,
2026-03-09T10:32:23+00:00,57033,78.0,36.0,16.8,0.0,,,,
2026-03-09T10:35:23+00:00,57034,78.0,35.0,16.9,0.0,,,,
2026-03-09T10:38:23+00:00,57035,78.0,34.5,16.7,0.0,,,,
2026-03-09T10:41:23+00:00,57036,78.0,35.5,16.6,0.0,,,,
2026-03-09T10:44:23+00:00,57037,78.0,34.0,16.8,0.0,,,,
2026-03-09T10:47:23+00:00,57038,78.0,35.5,16.3,0.0,,,,
2026-03-09T10:50:23+00:00,57039,78.0,37.0,16.1,0.0,,,,
2026-03-09T10:53:23+00:00,57040,78.0,36.0,16.5,0.0,,,,
2026-03-09T10:56:23+00:00,57041,78.0,36.0,16.6,0.0,,,,
2026-03-09T10:59:23+00:00,57042,78.0,37.0,16.8,0.0,,,,
2026-03-09T11:02:23+00:00,57043,78.0,37.0,17.1,0.0,,,,
2026-03-09T11:05:23+00:00,57044,78.0,36.0,17.2,0.0,,,,
2026-03-09T11:08:23+00:00,57045,78.0,36.0,17.1,0.0,,,,
2026-03-09T11:11:23+00:00,57046,78.0,35.5,17.3,0.0,,,,
2026-03-09T11:14:23+00:00,57047,78.0,36.0,17.5,0.0,,,,
2026-03-09T11:17:23+00:00,57048,78.0,36.0,17.8,0.0,,,,
2026-03-09T11:20:23+00:00,57049,78.0,35.5,18.0,0.0,,,,
2026-03-09T11:23:23+00:00,57050,78.0,35.0,18.0,0.0,,,,
2026-03-09T11:26:23+00:00,57051,78.0,35.5,18.2,0.0,,,,
2026-03-09T11:29:23+00:00,57052,78.0,33.5,18.3,0.0,,,,
2026-03-09T11:32:23+00:00,57053,78.0,33.0,18.4,0.0,,,,
2026-03-09T11:35:23+00:00,57054,78.0,33.5,18.4,0.0,,,,
2026-03-09T11:38:23+00:00,57055,78.0,33.0,18.3,0.0,,,,
2026-03-09T11:41:23+00:00,57056,78.0,32.0,18.1,0.0,,,,
2026-03-09T11:44:23+00:00,57057,78.0,34.0,18.3,0.0,,,,
2026-03-09T11:47:23+00:00,57058,78.0,33.0,18.9,0.0,,,,
2026-03-09T11:50:23+00:00,57059,78.0,31.0,18.7,0.0,,,,
2026-03-09T11:53:23+00:00,57060,78.0,32.0,18.3,0.0,,,,
2026-03-09T11:56:23+00:00,57061,78.0,31.0,18.3,0.0,,,,
2026-03-09T11:59:23+00:00,57062,78.0,32.5,18.5,0.0,,,,
2026-03-09T12:02:23+00:00,57063,78.0,31.5,18.7,0.0,,,,
2026-03-09T12:05:23+00:00,57064,78.0,32.5,18.8,0.0,,,,
2026-03-09T12:08:22+00:00,57065,78.0,33.5,19.1,0.0,,,,
2026-03-09T12:11:23+00:00,57066,78.0,32.5,19.1,0.0,,,,
2026-03-09T12:14:22+00:00,57067,78.0,34.0,19.0,0.0,,,,
2026-03-09T12:17:22+00:00,57068,78.0,34.0,19.0,0.0,,,,
2026-03-09T12:20:22+00:00,57069,78.0,33.5,18.8,0.0,,,,
2026-03-09T12:23:22+00:00,57070,78.0,33.0,19.3,0.0,,,,
2026-03-09T12:26:22+00:00,57071,78.0,31.0,19.6,0.0,,,,
2026-03-09T12:29:22+00:00,57072,78.0,31.5,19.9,0.0,,,,
2026-03-09T12:32:22+00:00,57073,78.0,30.5,20.0,0.0,,,,
2026-03-09T12:35:22+00:00,57074,78.0,30.0,20.2,0.0,,,,
2026-03-09T12:38:22+00:00,57075,78.0,30.5,20.5,0.0,,,,
2026-03-09T12:41:22+00:00,57076,78.0,30.5,20.5,0.0,,,,
2026-03-09T12:44:22+00:00,57077,78.0,30.5,20.2,0.0,,,,
2026-03-09T12:47:22+00:00,57078,78.0,31.5,20.1,0.0,,,,
2026-03-09T12:50:22+00:00,57079,78.0,31.5,20.1,0.0,,,,
2026-03-09T12:53:22+00:00,57080,78.0,31.5,20.0,0.0,,,,
2026-03-09T12:56:22+00:00,57081,78.0,32.0,20.1,0.0,,,,
2026-03-09T12:59:22+00:00,57082,78.0,30.5,20.1,0.0,,,,
2026-03-09T13:02:22+00:00,57083,78.0,31.0,20.0,0.0,,,,
2026-03-09T13:05:22+00:00,57084,78.0,30.5,20.1,0.0,,,,
2026-03-09T13:08:22+00:00,57085,78.0,32.0,20.1,0.0,,,,
2026-03-09T13:11:22+00:00,57086,78.0,30.5,20.3,0.0,,,,
2026-03-09T13:14:22+00:00,57087,78.0,31.0,20.5,0.0,,,,
2026-03-09T13:17:22+00:00,57088,78.0,30.5,20.7,0.0,,,,
2026-03-09T13:20:22+00:00,57089,78.0,31.0,20.8,0.0,,,,
2026-03-09T13:23:22+00:00,57090,78.0,31.5,20.8,0.0,,,,
2026-03-09T13:26:22+00:00,57091,78.0,32.0,20.5,0.0,,,,
2026-03-09T13:29:22+00:00,57092,78.0,32.0,20.3,0.0,,,,
2026-03-09T13:32:22+00:00,57093,78.0,33.0,20.2,0.0,,,,
2026-03-09T13:35:22+00:00,57094,78.0,33.5,20.4,0.0,,,,
2026-03-09T13:38:22+00:00,57095,78.0,33.5,20.2,0.0,,,,
2026-03-09T13:41:22+00:00,57096,78.0,33.5,20.0,0.0,,,,
2026-03-09T13:44:22+00:00,57097,78.0,34.0,19.8,0.0,,,,
2026-03-09T13:47:22+00:00,57098,78.0,33.5,20.1,0.0,,,,
2026-03-09T13:50:22+00:00,57099,78.0,33.5,20.3,0.0,,,,
2026-03-09T13:53:22+00:00,57100,78.0,33.5,20.3,0.0,,,,
2026-03-09T13:56:22+00:00,57101,78.0,34.5,20.2,0.0,,,,
2026-03-09T13:59:22+00:00,57102,78.0,34.5,19.9,0.0,,,,
2026-03-09T14:02:22+00:00,57103,78.0,34.5,19.4,0.0,,,,
2026-03-09T14:05:22+00:00,57104,78.0,35.0,19.8,0.0,,,,
2026-03-09T14:08:22+00:00,57105,78.0,33.0,20.0,0.0,,,,
2026-03-09T14:11:22+00:00,57106,78.0,32.5,20.0,0.0,,,,
2026-03-09T14:14:22+00:00,57107,78.0,32.5,20.1,0.0,,,,
2026-03-09T14:17:22+00:00,57108,78.0,31.0,19.9,0.0,,,,
2026-03-09T14:20:22+00:00,57109,78.0,32.5,20.0,0.0,,,,
2026-03-09T14:23:22+00:00,57110,78.0,32.0,20.4,0.0,,,,
2026-03-09T14:26:22+00:00,57111,78.0,30.0,20.4,0.0,,,,
2026-03-09T14:29:22+00:00,57112,78.0,32.0,20.3,0.0,,,,
2026-03-09T14:32:22+00:00,57113,78.0,29.5,20.4,0.0,,,,
2026-03-09T14:35:22+00:00,57114,78.0,31.0,20.2,0.0,,,,
2026-03-09T14:38:22+00:00,57115,78.0,31.0,20.5,0.0,,,,
2026-03-09T14:41:22+00:00,57116,78.0,31.5,20.6,0.0,,,,
2026-03-09T14:44:22+00:00,57117,78.0,31.0,20.8,0.0,,,,
2026-03-09T14:47:22+00:00,57118,78.0,31.0,20.8,0.0,,,,
2026-03-09T14:50:22+00:00,57119,78.0,31.5,20.9,0.0,,,,
2026-03-09T14:53:22+00:00,57120,78.0,32.0,20.9,0.0,,,,
2026-03-09T14:56:22+00:00,57121,78.0,32.0,20.8,0.0,,,,
2026-03-09T14:59:22+00:00,57122,78.0,30.0,20.6,0.0,,,,
2026-03-09T15:02:22+00:00,57123,78.0,30.5,20.4,0.0,,,,
2026-03-09T15:05:22+00:00,57124,78.0,31.0,20.4,0.0,,,,
2026-03-09T15:08:22+00:00,57125,78.0,31.0,20.4,0.0,,,,
2026-03-09T15:11:22+00:00,57126,78.0,31.5,20.3,0.0,,,,
2026-03-09T15:14:22+00:00,57127,78.0,32.0,20.2,0.0,,,,
2026-03-09T15:17:22+00:00,57128,78.0,32.0,20.5,0.0,,,,
2026-03-09T15:20:22+00:00,57129,78.0,33.0,20.7,0.0,,,,
2026-03-09T15:23:22+00:00,57130,78.0,31.0,20.5,0.0,,,,
2026-03-09T15:26:22+00:00,57131,78.0,30.5,20.2,0.0,,,,
2026-03-09T15:29:22+00:00,57132,78.0,31.5,20.2,0.0,,,,
2026-03-09T15:32:22+00:00,57133,78.0,31.5,20.2,0.0,,,,
2026-03-09T15:35:22+00:00,57134,78.0,31.0,20.1,0.0,,,,
2026-03-09T15:38:22+00:00,57135,78.0,30.5,19.9,0.0,,,,
2026-03-09T15:41:22+00:00,57136,78.0,31.0,19.7,0.0,,,,
2026-03-09T15:44:22+00:00,57137,78.0,32.0,19.4,0.0,,,,
2026-03-09T15:47:22+00:00,57138,78.0,32.0,19.2,0.0,,,,
2026-03-09T15:50:22+00:00,57139,78.0,32.5,18.5,0.0,,,,
2026-03-09T15:53:22+00:00,57140,78.0,32.5,18.4,0.0,,,,
2026-03-09T15:56:22+00:00,57141,78.0,31.5,18.4,0.0,,,,
2026-03-09T15:59:22+00:00,57142,78.0,32.0,18.4,0.0,,,,
2026-03-09T16:02:22+00:00,57143,77.0,31.5,18.4,0.0,,,,
2026-03-09T16:05:22+00:00,57144,77.0,32.5,18.1,0.0,,,,
2026-03-09T16:08:22+00:00,57145,77.0,33.0,18.1,0.0,,,,
2026-03-09T16:11:22+00:00,57146,77.0,34.0,17.9,0.0,,,,
2026-03-09T16:14:22+00:00,57147,77.0,35.0,18.0,0.0,,,,
2026-03-09T16:17:22+00:00,57148,77.0,34.5,18.2,0.0,,,,
2026-03-09T16:20:22+00:00,57149,77.0,34.5,18.3,0.0,,,,
2026-03-09T16:23:22+00:00,57150,77.0,35.0,18.4,0.0,,,,
2026-03-09T16:26:22+00:00,57151,77.0,35.0,18.4,0.0,,,,
2026-03-09T16:29:22+00:00,57152,77.0,34.5,18.3,0.0,,,,
2026-03-09T16:32:22+00:00,57153,77.0,35.0,18.1,0.0,,,,
2026-03-09T16:35:22+00:00,57154,77.0,35.5,18.0,0.0,,,,
2026-03-09T16:38:22+00:00,57155,77.0,35.5,18.0,0.0,,,,
2026-03-09T16:41:22+00:00,57156,77.0,35.5,17.8,0.0,,,,
2026-03-09T16:44:22+00:00,57157,77.0,35.5,17.5,0.0,,,,
2026-03-09T16:47:22+00:00,57158,77.0,36.0,17.3,0.0,,,,
2026-03-09T16:50:22+00:00,57159,77.0,36.0,16.9,0.0,,,,
2026-03-09T16:53:22+00:00,57160,77.0,37.0,16.8,0.0,,,,
2026-03-09T16:56:22+00:00,57161,77.0,36.5,16.4,0.0,,,,
2026-03-09T16:59:22+00:00,57162,77.0,36.5,16.0,0.0,,,,
2026-03-09T17:02:22+00:00,57163,77.0,37.0,15.7,0.0,,,,
2026-03-09T17:05:22+00:00,57164,77.0,37.5,15.5,0.0,,,,
2026-03-09T17:08:22+00:00,57165,77.0,38.5,15.3,0.0,,,,
2026-03-09T17:11:22+00:00,57166,77.0,39.0,15.0,0.0,,,,
2026-03-09T17:14:22+00:00,57167,77.0,39.5,14.8,0.0,,,,
2026-03-09T17:17:22+00:00,57168,77.0,40.5,14.5,0.0,,,,
2026-03-09T17:20:22+00:00,57169,77.0,41.5,14.2,0.0,,,,
2026-03-09T17:23:22+00:00,57170,77.0,41.0,13.9,0.0,,,,
2026-03-09T17:26:22+00:00,57171,77.0,41.5,13.7,0.0,,,,
2026-03-09T17:29:22+00:00,57172,77.0,42.0,13.5,0.0,,,,
2026-03-09T17:32:22+00:00,57173,77.0,43.0,13.4,0.0,,,,
2026-03-09T17:35:22+00:00,57174,77.0,43.0,13.2,0.0,,,,
2026-03-09T17:38:22+00:00,57175,77.0,42.5,13.0,0.0,,,,
2026-03-09T17:41:22+00:00,57176,77.0,43.0,13.0,0.0,,,,
2026-03-09T17:44:22+00:00,57177,77.0,43.0,12.9,0.0,,,,
2026-03-09T17:47:22+00:00,57178,77.0,44.0,12.6,0.0,,,,
2026-03-09T17:50:22+00:00,57179,77.0,45.5,12.4,0.0,,,,
2026-03-09T17:53:22+00:00,57180,77.0,45.5,12.1,0.0,,,,
2026-03-09T17:56:22+00:00,57181,77.0,45.0,12.0,0.0,,,,
2026-03-09T17:59:22+00:00,57182,77.0,45.0,12.0,0.0,,,,
2026-03-09T18:02:22+00:00,57183,77.0,46.0,11.7,0.0,,,,
2026-03-09T18:05:22+00:00,57184,77.0,48.0,11.7,0.0,,,,
2026-03-09T18:08:22+00:00,57185,77.0,47.0,11.6,0.0,,,,
2026-03-09T18:11:22+00:00,57186,77.0,49.0,11.5,0.0,,,,
2026-03-09T18:14:22+00:00,57187,77.0,49.5,11.5,0.0,,,,
2026-03-09T18:17:22+00:00,57188,77.0,50.5,11.5,0.0,,,,
2026-03-09T18:20:22+00:00,57189,77.0,49.5,11.5,0.0,,,,
2026-03-09T18:23:22+00:00,57190,77.0,48.5,11.6,0.0,,,,
2026-03-09T18:26:22+00:00,57191,77.0,49.0,11.5,0.0,,,,
2026-03-09T18:29:22+00:00,57192,77.0,51.5,11.6,0.0,,,,
2026-03-09T18:32:22+00:00,57193,77.0,52.0,11.5,0.0,,,,
2026-03-09T18:35:22+00:00,57194,77.0,55.0,11.5,0.0,,,,
2026-03-09T18:38:22+00:00,57195,77.0,51.5,11.4,0.0,,,,
2026-03-09T18:41:22+00:00,57196,77.0,49.5,11.5,0.0,,,,
2026-03-09T18:44:22+00:00,57197,77.0,50.0,11.7,0.0,,,,
2026-03-09T18:47:22+00:00,57198,77.0,52.5,11.7,0.0,,,,
2026-03-09T18:50:22+00:00,57199,77.0,55.0,11.6,0.0,,,,
2026-03-09T18:53:22+00:00,57200,77.0,57.5,11.4,0.0,,,,
2026-03-09T18:56:22+00:00,57201,77.0,58.0,11.4,0.0,,,,
2026-03-09T18:59:22+00:00,57202,77.0,59.5,11.3,0.0,,,,
2026-03-09T19:02:22+00:00,57203,77.0,59.5,11.3,0.0,,,,
2026-03-09T19:05:22+00:00,57204,77.0,60.5,11.2,0.0,,,,
2026-03-09T19:08:22+00:00,57205,77.0,59.5,11.3,0.0,,,,
2026-03-09T19:11:22+00:00,57206,77.0,58.5,11.3,0.0,,,,
2026-03-09T19:14:22+00:00,57207,77.0,57.5,11.3,0.0,,,,
2026-03-09T19:17:22+00:00,57208,77.0,55.0,11.4,0.0,,,,
2026-03-09T19:20:22+00:00,57209,77.0,52.5,11.3,0.0,,,,
2026-03-09T19:23:22+00:00,57210,77.0,51.5,11.3,0.0,,,,
2026-03-09T19:26:22+00:00,57211,77.0,52.5,11.3,0.0,,,,
2026-03-09T19:29:22+00:00,57212,77.0,52.5,11.3,0.0,,,,
2026-03-09T19:32:22+00:00,57213,77.0,53.5,11.3,0.0,,,,
2026-03-09T19:35:22+00:00,57214,77.0,54.0,11.3,0.0,,,,
2026-03-09T19:38:22+00:00,57215,77.0,55.5,11.3,0.0,,,,
2026-03-09T19:41:22+00:00,57216,77.0,56.0,11.2,0.0,,,,
2026-03-09T19:44:22+00:00,57217,77.0,56.5,11.2,0.0,,,,
2026-03-09T19:47:21+00:00,57218,77.0,56.5,11.1,0.0,,,,
2026-03-09T19:50:21+00:00,57219,77.0,56.5,11.1,0.0,,,,
2026-03-09T19:53:21+00:00,57220,77.0,57.0,11.0,0.0,,,,
2026-03-09T19:56:21+00:00,57221,77.0,57.5,11.0,0.0,,,,
2026-03-09T19:59:21+00:00,57222,77.0,58.0,10.9,0.0,,,,
2026-03-09T20:02:21+00:00,57223,77.0,58.5,10.8,0.0,,,,
2026-03-09T20:05:21+00:00,57224,77.0,58.5,10.8,0.0,,,,
2026-03-09T20:08:21+00:00,57225,77.0,58.5,10.9,0.0,,,,
2026-03-09T20:11:21+00:00,57226,77.0,59.5,10.6,0.0,,,,
2026-03-09T20:14:21+00:00,57227,77.0,59.5,10.7,0.0,,,,
2026-03-09T20:17:21+00:00,57228,77.0,59.5,10.9,0.0,,,,
2026-03-09T20:20:21+00:00,57229,77.0,59.5,10.9,0.0,,,,
2026-03-09T20:23:21+00:00,57230,77.0,59.5,10.9,0.0,,,,
2026-03-09T20:26:21+00:00,57231,77.0,59.5,11.0,0.0,,,,
2026-03-09T20:29:21+00:00,57232,77.0,59.5,10.9,0.0,,,,
2026-03-09T20:32:21+00:00,57233,77.0,60.0,10.8,0.0,,,,
2026-03-09T20:35:21+00:00,57234,77.0,61.5,10.6,0.0,,,,
2026-03-09T20:38:21+00:00,57235,77.0,62.0,10.3,0.0,,,,
2026-03-09T20:41:21+00:00,57236,77.0,62.0,10.3,0.0,,,,
2026-03-09T20:44:21+00:00,57237,77.0,62.5,10.1,0.0,,,,
2026-03-09T20:47:21+00:00,57238,77.0,63.5,9.9,0.0,,,,
2026-03-09T20:50:21+00:00,57239,77.0,63.5,10.0,0.0,,,,
2026-03-09T20:53:21+00:00,57240,77.0,63.0,10.0,0.0,,,,
2026-03-09T20:56:21+00:00,57241,77.0,63.5,10.0,0.0,,,,
2026-03-09T20:59:21+00:00,57242,77.0,65.5,9.9,0.0,,,,
2026-03-09T21:02:21+00:00,57243,77.0,66.0,9.7,0.0,,,,
2026-03-09T21:05:21+00:00,57244,77.0,67.0,9.7,0.0,,,,
2026-03-09T21:08:21+00:00,57245,77.0,67.5,9.7,0.0,,,,
2026-03-09T21:11:21+00:00,57246,77.0,67.0,9.7,0.0,,,,
2026-03-09T21:14:21+00:00,57247,77.0,67.5,9.6,0.0,,,,
2026-03-09T21:17:21+00:00,57248,77.0,67.5,9.4,0.0,,,,
2026-03-09T21:20:21+00:00,57249,77.0,67.5,9.4,0.0,,,,
2026-03-09T21:23:21+00:00,57250,77.0,67.5,9.3,0.0,,,,
2026-03-09T21:26:21+00:00,57251,77.0,67.5,9.4,0.0,,,,
2026-03-09T21:29:21+00:00,57252,77.0,67.5,9.4,0.0,,,,
2026-03-09T21:32:21+00:00,57253,77.0,67.0,9.4,0.0,,,,
2026-03-09T21:35:21+00:00,57254,77.0,68.0,9.4,0.0,,,,
2026-03-09T21:38:21+00:00,57255,77.0,68.0,9.5,0.0,,,,
2026-03-09T21:41:21+00:00,57256,77.0,68.0,9.5,0.0,,,,
2026-03-09T21:44:21+00:00,57257,77.0,68.0,9.4,0.0,,,,
2026-03-09T21:47:21+00:00,57258,77.0,68.5,9.2,0.0,,,,
2026-03-09T21:50:21+00:00,57259,77.0,70.0,9.1,0.0,,,,
2026-03-09T21:53:21+00:00,57260,77.0,70.5,8.8,0.0,,,,
2026-03-09T21:56:21+00:00,57261,77.0,70.0,8.7,0.0,,,,
2026-03-09T21:59:21+00:00,57262,77.0,70.5,8.7,0.0,,,,
2026-03-09T22:02:21+00:00,57263,77.0,71.0,8.7,0.0,,,,
2026-03-09T22:05:21+00:00,57264,77.0,71.5,8.6,0.0,,,,
2026-03-09T22:08:21+00:00,57265,77.0,71.5,8.5,0.0,,,,
2026-03-09T22:11:21+00:00,57266,77.0,71.5,8.5,0.0,,,,
2026-03-09T22:14:21+00:00,57267,77.0,71.5,8.5,0.0,,,,
2026-03-09T22:17:21+00:00,57268,77.0,71.5,8.5,0.0,,,,
2026-03-09T22:20:21+00:00,57269,77.0,71.0,8.5,0.0,,,,
2026-03-09T22:23:21+00:00,57270,77.0,71.0,8.5,0.0,,,,
2026-03-09T22:26:21+00:00,57271,77.0,70.5,8.7,0.0,,,,
2026-03-09T22:29:21+00:00,57272,77.0,71.0,8.6,0.0,,,,
2026-03-09T22:32:21+00:00,57273,77.0,71.0,8.6,0.0,,,,
2026-03-09T22:35:21+00:00,57274,77.0,71.0,8.4,0.0,,,,
2026-03-09T22:38:21+00:00,57275,77.0,71.5,8.2,0.0,,,,
2026-03-09T22:41:21+00:00,57276,77.0,72.5,8.3,0.0,,,,
2026-03-09T22:44:21+00:00,57277,77.0,71.5,8.4,0.0,,,,
2026-03-09T22:47:21+00:00,57278,77.0,71.0,8.5,0.0,,,,
2026-03-09T22:50:21+00:00,57279,77.0,72.0,8.4,0.0,,,,
2026-03-09T22:53:21+00:00,57280,77.0,71.5,8.5,0.0,,,,
2026-03-09T22:56:21+00:00,57281,77.0,71.0,8.5,0.0,,,,
2026-03-09T22:59:21+00:00,57282,77.0,71.0,8.6,0.0,,,,
2026-03-09T23:02:21+00:00,57283,77.0,71.0,8.5,0.0,,,,
2026-03-09T23:05:21+00:00,57284,77.0,71.0,8.4,0.0,,,,
2026-03-09T23:08:21+00:00,57285,77.0,71.0,8.5,0.0,,,,
2026-03-09T23:11:21+00:00,57286,77.0,71.0,8.3,0.0,,,,
2026-03-09T23:14:21+00:00,57287,77.0,71.5,8.2,0.0,,,,
2026-03-09T23:17:21+00:00,57288,77.0,71.5,8.3,0.0,,,,
2026-03-09T23:20:21+00:00,57289,77.0,71.5,8.3,0.0,,,,
2026-03-09T23:23:21+00:00,57290,77.0,71.5,8.4,0.0,,,,
2026-03-09T23:26:21+00:00,57291,77.0,71.0,8.5,0.0,,,,
2026-03-09T23:29:21+00:00,57292,77.0,70.5,8.7,0.0,,,,
2026-03-09T23:32:21+00:00,57293,77.0,70.0,8.8,0.0,,,,
2026-03-09T23:35:21+00:00,57294,77.0,70.0,8.8,0.0,,,,
2026-03-09T23:38:21+00:00,57295,77.0,69.5,8.9,0.0,,,,
2026-03-09T23:41:21+00:00,57296,77.0,69.0,8.9,0.0,,,,
2026-03-09T23:44:21+00:00,57297,77.0,69.0,8.9,0.0,,,,
2026-03-09T23:47:21+00:00,57298,77.0,69.0,8.9,0.0,,,,
2026-03-09T23:50:21+00:00,57299,77.0,67.5,9.1,0.0,,,,
2026-03-09T23:53:21+00:00,57300,77.0,67.0,9.2,0.0,,,,
2026-03-09T23:56:21+00:00,57301,77.0,67.0,9.1,0.0,,,,
2026-03-09T23:59:21+00:00,57302,77.0,66.5,9.1,0.0,,,,
2026-03-10T00:02:21+00:00,57303,77.0,66.5,9.3,0.0,,,,
2026-03-10T00:05:21+00:00,57304,77.0,66.5,9.4,0.0,,,,
2026-03-10T00:08:21+00:00,57305,77.0,66.5,9.2,0.0,,,,
2026-03-10T00:11:21+00:00,57306,77.0,66.5,9.4,0.0,,,,
2026-03-10T00:14:21+00:00,57307,77.0,66.5,9.3,0.0,,,,
2026-03-10T00:17:21+00:00,57308,77.0,67.0,9.2,0.0,,,,
2026-03-10T00:20:21+00:00,57309,77.0,67.0,9.2,0.0,,,,
2026-03-10T00:23:21+00:00,57310,77.0,67.0,9.1,0.0,,,,
2026-03-10T00:26:21+00:00,57311,77.0,67.0,9.1,0.0,,,,
2026-03-10T00:29:21+00:00,57312,77.0,67.0,9.0,0.0,,,,
2026-03-10T00:32:21+00:00,57313,77.0,67.0,9.0,0.0,,,,
2026-03-10T00:35:21+00:00,57314,77.0,67.5,9.0,0.0,,,,
2026-03-10T00:38:21+00:00,57315,77.0,67.5,9.2,0.0,,,,
2026-03-10T00:41:21+00:00,57316,77.0,67.0,9.1,0.0,,,,
2026-03-10T00:44:21+00:00,57317,77.0,67.0,9.1,0.0,,,,
2026-03-10T00:47:21+00:00,57318,77.0,67.0,9.0,0.0,,,,
2026-03-10T00:50:21+00:00,57319,77.0,68.0,9.0,0.0,,,,
2026-03-10T00:53:21+00:00,57320,77.0,68.0,9.1,0.0,,,,
2026-03-10T00:56:21+00:00,57321,77.0,67.5,8.9,0.0,,,,
2026-03-10T00:59:21+00:00,57322,77.0,67.5,9.0,0.0,,,,
2026-03-10T01:02:21+00:00,57323,77.0,67.5,9.0,0.0,,,,
2026-03-10T01:05:21+00:00,57324,77.0,66.5,9.2,0.0,,,,
2026-03-10T01:08:21+00:00,57325,77.0,66.5,9.1,0.0,,,,
2026-03-10T01:11:21+00:00,57326,77.0,66.5,9.2,0.0,,,,
2026-03-10T01:14:21+00:00,57327,77.0,66.0,9.2,0.0,,,,
2026-03-10T01:17:21+00:00,57328,77.0,66.5,9.2,0.0,,,,
2026-03-10T01:20:21+00:00,57329,77.0,67.0,9.0,0.0,,,,
2026-03-10T01:23:21+00:00,57330,77.0,67.0,9.0,0.0,,,,
2026-03-10T01:26:21+00:00,57331,77.0,66.5,9.0,0.0,,,,
2026-03-10T01:29:21+00:00,57332,77.0,66.5,9.1,0.0,,,,
2026-03-10T01:32:21+00:00,57333,77.0,66.0,9.0,0.0,,,,
2026-03-10T01:35:21+00:00,57334,77.0,66.0,9.0,0.0,,,,
2026-03-10T01:38:21+00:00,57335,77.0,66.0,9.1,0.0,,,,
2026-03-10T01:41:21+00:00,57336,77.0,66.0,9.1,0.0,,,,
2026-03-10T01:44:21+00:00,57337,77.0,66.0,9.1,0.0,,,,
2026-03-10T01:47:21+00:00,57338,77.0,66.5,9.2,0.0,,,,
2026-03-10T01:50:21+00:00,57339,77.0,67.0,9.0,0.0,,,,
2026-03-10T01:53:21+00:00,57340,77.0,67.5,9.1,0.0,,,,
2026-03-10T01:56:21+00:00,57341,77.0,67.5,9.1,0.0,,,,
2026-03-10T01:59:21+00:00,57342,77.0,67.0,9.1,0.0,,,,
2026-03-10T02:02:21+00:00,57343,77.0,67.0,9.2,0.0,,,,
2026-03-10T02:05:21+00:00,57344,77.0,66.5,9.2,0.0,,,,
2026-03-10T02:08:21+00:00,57345,77.0,66.5,9.2,0.0,,,,
2026-03-10T02:11:21+00:00,57346,77.0,66.5,9.2,0.0,,,,
2026-03-10T02:14:21+00:00,57347,77.0,66.5,9.3,0.0,,,,
2026-03-10T02:17:21+00:00,57348,77.0,66.5,9.3,0.0,,,,
2026-03-10T02:20:21+00:00,57349,77.0,66.5,9.4,0.0,,,,
2026-03-10T02:23:21+00:00,57350,77.0,66.0,9.4,0.0,,,,
2026-03-10T02:26:21+00:00,57351,77.0,66.0,9.5,0.0,,,,
2026-03-10T02:29:21+00:00,57352,77.0,66.0,9.5,0.0,,,,
2026-03-10T02:32:21+00:00,57353,77.0,66.0,9.4,0.0,,,,
2026-03-10T02:35:21+00:00,57354,77.0,66.5,9.6,0.0,,,,
2026-03-10T02:38:21+00:00,57355,77.0,66.0,9.3,0.0,,,,
2026-03-10T02:41:21+00:00,57356,77.0,66.0,9.4,0.0,,,,
2026-03-10T02:44:21+00:00,57357,77.0,66.5,9.3,0.0,,,,
2026-03-10T02:47:21+00:00,57358,77.0,67.5,9.2,0.0,,,,
2026-03-10T02:50:21+00:00,57359,77.0,67.5,9.2,0.0,,,,
2026-03-10T02:53:21+00:00,57360,77.0,67.5,9.1,0.0,,,,
2026-03-10T02:56:21+00:00,57361,77.0,68.0,9.0,0.0,,,,
2026-03-10T02:59:21+00:00,57362,77.0,68.5,9.1,0.0,,,,
2026-03-10T03:02:21+00:00,57363,77.0,69.0,9.0,0.0,,,,
2026-03-10T03:05:21+00:00,57364,77.0,69.0,8.8,0.0,,,,
2026-03-10T03:08:21+00:00,57365,77.0,69.0,8.8,0.0,,,,
2026-03-10T03:11:21+00:00,57366,77.0,69.5,9.0,0.0,,,,
2026-03-10T03:14:21+00:00,57367,77.0,69.5,9.0,0.0,,,,
2026-03-10T03:17:21+00:00,57368,77.0,69.0,8.9,0.0,,,,
2026-03-10T03:20:21+00:00,57369,77.0,68.5,9.0,0.0,,,,
2026-03-10T03:23:21+00:00,57370,77.0,68.0,9.1,0.0,,,,
2026-03-10T03:26:21+00:00,57371,77.0,67.5,9.2,0.0,,,,
2026-03-10T03:29:21+00:00,57372,77.0,68.0,9.1,0.0,,,,
2026-03-10T03:32:21+00:00,57373,77.0,68.0,9.1,0.0,,,,
2026-03-10T03:35:21+00:00,57374,77.0,68.0,9.0,0.0,,,,
2026-03-10T03:38:21+00:00,57375,77.0,68.0,9.0,0.0,,,,
2026-03-10T03:41:21+00:00,57376,77.0,68.0,9.0,0.0,,,,
2026-03-10T03:44:21+00:00,57377,77.0,67.0,9.1,0.0,,,,
2026-03-10T03:47:21+00:00,57378,77.0,67.5,9.2,0.0,,,,
2026-03-10T03:50:21+00:00,57379,77.0,67.5,9.0,0.0,,,,
2026-03-10T03:53:21+00:00,57380,77.0,68.0,8.9,0.0,,,,
2026-03-10T03:56:21+00:00,57381,77.0,68.5,8.7,0.0,,,,
2026-03-10T03:59:21+00:00,57382,77.0,69.0,8.7,0.0,,,,
2026-03-10T04:02:21+00:00,57383,77.0,68.0,8.7,0.0,,,,
2026-03-10T04:05:21+00:00,57384,77.0,69.0,8.7,0.0,,,,
2026-03-10T04:08:21+00:00,57385,77.0,69.0,8.9,0.0,,,,
2026-03-10T04:11:21+00:00,57386,77.0,68.5,8.9,0.0,,,,
2026-03-10T04:14:21+00:00,57387,77.0,68.5,8.8,0.0,,,,
2026-03-10T04:17:21+00:00,57388,77.0,68.0,8.7,0.0,,,,
2026-03-10T04:20:21+00:00,57389,77.0,68.0,8.8,0.0,,,,
2026-03-10T04:23:20+00:00,57390,77.0,67.0,9.0,0.0,,,,
2026-03-10T04:26:21+00:00,57391,77.0,67.0,8.9,0.0,,,,
2026-03-10T04:29:20+00:00,57392,77.0,67.5,9.0,0.0,,,,
2026-03-10T04:32:20+00:00,57393,77.0,67.0,9.0,0.0,,,,
2026-03-10T04:35:20+00:00,57394,77.0,66.5,8.9,0.0,,,,
2026-03-10T04:38:20+00:00,57395,77.0,66.5,9.0,0.0,,,,
2026-03-10T04:41:20+00:00,57396,77.0,67.0,9.1,0.0,,,,
2026-03-10T04:44:20+00:00,57397,77.0,67.5,9.1,0.0,,,,
2026-03-10T04:47:20+00:00,57398,77.0,68.5,9.1,0.0,,,,
2026-03-10T04:50:20+00:00,57399,77.0,68.5,9.0,0.0,,,,
2026-03-10T04:53:20+00:00,57400,77.0,68.0,8.9,0.0,,,,
2026-03-10T04:56:20+00:00,57401,77.0,68.0,9.0,0.0,,,,
2026-03-10T04:59:20+00:00,57402,77.0,68.5,8.8,0.0,,,,
2026-03-10T05:02:20+00:00,57403,77.0,68.5,8.8,0.0,,,,
2026-03-10T05:05:20+00:00,57404,77.0,69.0,8.7,0.0,,,,
2026-03-10T05:08:20+00:00,57405,77.0,69.0,8.8,0.0,,,,
2026-03-10T05:11:20+00:00,57406,77.0,69.5,8.6,0.0,,,,
2026-03-10T05:14:20+00:00,57407,77.0,69.5,8.6,0.0,,,,
2026-03-10T05:17:20+00:00,57408,77.0,69.5,8.4,0.0,,,,
2026-03-10T05:20:20+00:00,57409,77.0,69.5,8.4,0.0,,,,
2026-03-10T05:23:20+00:00,57410,77.0,69.0,8.5,0.0,,,,
2026-03-10T05:26:20+00:00,57411,77.0,69.5,8.5,0.0,,,,
2026-03-10T05:29:20+00:00,57412,77.0,70.0,8.4,0.0,,,,
2026-03-10T05:32:20+00:00,57413,77.0,72.0,8.4,0.0,,,,
2026-03-10T05:35:20+00:00,57414,77.0,72.5,8.5,0.0,,,,
2026-03-10T05:38:20+00:00,57415,77.0,73.0,8.5,0.0,,,,
2026-03-10T05:41:20+00:00,57416,77.0,72.5,8.4,0.0,,,,
2026-03-10T05:44:20+00:00,57417,77.0,73.0,8.4,0.0,,,,
2026-03-10T05:47:20+00:00,57418,77.0,73.0,8.3,0.0,,,,
2026-03-10T05:50:20+00:00,57419,77.0,72.5,8.3,0.0,,,,
2026-03-10T05:53:20+00:00,57420,77.0,73.0,8.3,0.0,,,,
2026-03-10T05:56:20+00:00,57421,77.0,73.0,8.1,0.0,,,,
2026-03-10T05:59:20+00:00,57422,77.0,73.0,8.1,0.0,,,,
2026-03-10T06:02:20+00:00,57423,77.0,73.0,8.2,0.0,,,,
2026-03-10T06:05:20+00:00,57424,77.0,72.5,8.2,0.0,,,,
2026-03-10T06:08:20+00:00,57425,77.0,73.0,8.1,0.0,,,,
2026-03-10T06:11:20+00:00,57426,77.0,73.0,8.1,0.0,,,,
2026-03-10T06:14:20+00:00,57427,77.0,73.0,8.1,0.0,,,,
2026-03-10T06:17:20+00:00,57428,77.0,73.5,8.1,0.0,,,,
2026-03-10T06:20:20+00:00,57429,77.0,73.5,8.1,0.0,,,,
2026-03-10T06:23:20+00:00,57430,77.0,73.5,8.2,0.0,,,,
2026-03-10T06:26:20+00:00,57431,77.0,73.0,8.3,0.0,,,,
2026-03-10T06:29:20+00:00,57432,77.0,72.5,8.3,0.0,,,,
2026-03-10T06:32:20+00:00,57433,77.0,72.5,8.3,0.0,,,,
2026-03-10T06:35:20+00:00,57434,77.0,72.5,8.4,0.0,,,,
2026-03-10T06:38:20+00:00,57435,77.0,72.0,8.3,0.0,,,,
2026-03-10T06:41:20+00:00,57436,77.0,72.0,8.4,0.0,,,,
2026-03-10T06:44:20+00:00,57437,77.0,71.5,8.5,0.0,,,,
2026-03-10T06:47:20+00:00,57438,77.0,71.0,8.6,0.0,,,,
2026-03-10T06:50:20+00:00,57439,77.0,71.0,8.6,0.0,,,,
2026-03-10T06:53:20+00:00,57440,77.0,71.0,8.5,0.0,,,,
2026-03-10T06:56:20+00:00,57441,77.0,71.5,8.6,0.0,,,,
2026-03-10T06:59:20+00:00,57442,77.0,70.5,8.6,0.0,,,,
2026-03-10T07:02:20+00:00,57443,77.0,71.0,8.7,0.0,,,,
2026-03-10T07:05:20+00:00,57444,77.0,71.5,8.8,0.0,,,,
2026-03-10T07:08:20+00:00,57445,77.0,72.0,8.8,0.0,,,,
2026-03-10T07:11:20+00:00,57446,77.0,73.5,8.9,0.0,,,,
2026-03-10T07:14:20+00:00,57447,77.0,74.5,8.9,0.0,,,,
2026-03-10T07:17:20+00:00,57448,77.0,75.5,9.1,0.0,,,,
2026-03-10T07:20:20+00:00,57449,77.0,76.0,9.0,0.0,,,,
2026-03-10T07:23:20+00:00,57450,77.0,75.5,9.1,0.0,,,,
2026-03-10T07:26:20+00:00,57451,77.0,75.0,9.2,0.0,,,,
2026-03-10T07:29:20+00:00,57452,77.0,73.5,9.4,0.0,,,,
2026-03-10T07:32:20+00:00,57453,77.0,73.0,9.5,0.0,,,,
2026-03-10T07:35:20+00:00,57454,77.0,72.5,9.7,0.0,,,,
2026-03-10T07:38:20+00:00,57455,77.0,71.0,9.8,0.0,,,,
2026-03-10T07:41:20+00:00,57456,77.0,70.5,10.0,0.0,,,,
2026-03-10T07:44:20+00:00,57457,77.0,70.0,10.3,0.0,,,,
2026-03-10T07:47:20+00:00,57458,77.0,68.5,10.6,0.0,,,,
2026-03-10T07:50:20+00:00,57459,77.0,66.0,10.8,0.0,,,,
2026-03-10T07:53:20+00:00,57460,77.0,65.0,11.1,0.0,,,,
2026-03-10T07:56:20+00:00,57461,77.0,65.0,11.3,0.0,,,,
2026-03-10T07:59:20+00:00,57462,77.0,64.0,11.4,0.0,,,,
2026-03-10T08:02:20+00:00,57463,77.0,62.5,11.5,0.0,,,,
2026-03-10T08:05:20+00:00,57464,77.0,62.5,11.5,0.0,,,,
2026-03-10T08:08:20+00:00,57465,77.0,62.0,11.5,0.0,,,,
2026-03-10T08:11:20+00:00,57466,77.0,61.0,11.6,0.0,,,,
2026-03-10T08:14:20+00:00,57467,77.0,62.5,11.6,0.0,,,,
2026-03-10T08:17:20+00:00,57468,77.0,63.0,11.7,0.0,,,,
2026-03-10T08:20:20+00:00,57469,77.0,61.5,11.9,0.0,,,,
2026-03-10T08:23:20+00:00,57470,77.0,61.0,12.2,0.0,,,,
2026-03-10T08:26:20+00:00,57471,77.0,60.0,12.6,0.0,,,,
2026-03-10T08:29:20+00:00,57472,77.0,58.5,12.7,0.0,,,,
2026-03-10T08:32:20+00:00,57473,77.0,58.5,12.7,0.0,,,,
2026-03-10T08:35:20+00:00,57474,77.0,58.5,12.6,0.0,,,,
2026-03-10T08:38:20+00:00,57475,77.0,58.5,12.7,0.0,,,,
2026-03-10T08:41:20+00:00,57476,77.0,58.5,12.7,0.0,,,,
2026-03-10T08:44:20+00:00,57477,77.0,58.5,12.6,0.0,,,,
2026-03-10T08:47:20+00:00,57478,77.0,58.5,12.7,0.0,,,,
2026-03-10T08:50:20+00:00,57479,77.0,58.5,12.6,0.0,,,,
2026-03-10T08:53:20+00:00,57480,77.0,58.0,12.8,0.0,,,,
2026-03-10T08:56:20+00:00,57481,77.0,58.0,12.7,0.0,,,,
2026-03-10T08:59:20+00:00,57482,77.0,58.5,12.6,0.0,,,,
2026-03-10T09:02:20+00:00,57483,77.0,58.5,12.6,0.0,,,,
2026-03-10T09:05:20+00:00,57484,77.0,59.0,12.5,0.0,,,,
2026-03-10T09:08:20+00:00,57485,77.0,59.0,12.5,0.0,,,,
2026-03-10T09:11:20+00:00,57486,77.0,60.0,12.4,0.0,,,,
2026-03-10T09:14:20+00:00,57487,77.0,60.0,12.3,0.0,,,,
2026-03-10T09:17:20+00:00,57488,77.0,60.0,12.2,0.0,,,,
2026-03-10T09:20:20+00:00,57489,77.0,60.5,12.0,0.0,,,,
2026-03-10T09:23:20+00:00,57490,77.0,60.5,11.9,0.0,,,,
2026-03-10T09:26:20+00:00,57491,77.0,60.0,11.9,0.0,,,,
2026-03-10T09:29:20+00:00,57492,77.0,60.0,12.0,0.0,,,,
2026-03-10T09:32:20+00:00,57493,77.0,59.0,12.1,0.0,,,,
2026-03-10T09:35:20+00:00,57494,77.0,58.5,12.2,0.0,,,,
2026-03-10T09:38:20+00:00,57495,77.0,58.5,12.3,0.0,,,,
2026-03-10T09:41:20+00:00,57496,77.0,59.0,12.5,0.0,,,,
2026-03-10T09:44:20+00:00,57497,77.0,61.0,12.9,0.0,,,,
2026-03-10T09:47:20+00:00,57498,77.0,58.5,13.3,0.0,,,,
2026-03-10T09:50:20+00:00,57499,77.0,57.0,13.7,0.0,,,,
2026-03-10T09:53:20+00:00,57500,77.0,55.5,14.0,0.0,,,,
2026-03-10T09:56:20+00:00,57501,77.0,56.5,14.1,0.0,,,,
2026-03-10T09:59:20+00:00,57502,77.0,55.0,14.7,0.0,,,,
2026-03-10T10:02:20+00:00,57503,77.0,54.0,14.8,0.0,,,,
2026-03-10T10:05:20+00:00,57504,77.0,53.5,15.1,0.0,,,,
2026-03-10T10:08:20+00:00,57505,77.0,53.5,15.3,0.0,,,,
2026-03-10T10:11:20+00:00,57506,77.0,53.0,15.4,0.0,,,,
2026-03-10T10:14:20+00:00,57507,77.0,52.0,15.4,0.0,,,,
2026-03-10T10:17:20+00:00,57508,77.0,53.0,15.5,0.0,,,,
2026-03-10T10:20:20+00:00,57509,77.0,53.0,15.8,0.0,,,,
2026-03-10T10:23:20+00:00,57510,77.0,52.0,15.9,0.0,,,,
2026-03-10T10:26:20+00:00,57511,77.0,52.5,15.7,0.0,,,,
2026-03-10T10:29:20+00:00,57512,77.0,52.5,15.7,0.0,,,,
2026-03-10T10:32:20+00:00,57513,77.0,53.5,15.2,0.0,,,,
2026-03-10T10:35:20+00:00,57514,77.0,55.0,14.7,0.0,,,,
2026-03-10T10:38:20+00:00,57515,77.0,56.0,14.4,0.0,,,,
2026-03-10T10:41:20+00:00,57516,77.0,57.0,14.0,0.0,,,,
2026-03-10T10:44:20+00:00,57517,77.0,57.5,13.7,0.0,,,,
2026-03-10T10:47:20+00:00,57518,77.0,58.5,13.5,0.0,,,,
2026-03-10T10:50:20+00:00,57519,77.0,58.5,13.6,0.0,,,,
2026-03-10T10:53:20+00:00,57520,77.0,58.5,13.5,0.0,,,,
2026-03-10T10:56:20+00:00,57521,77.0,58.5,13.7,0.0,,,,
2026-03-10T10:59:20+00:00,57522,77.0,58.0,13.9,0.0,,,,
2026-03-10T11:02:20+00:00,57523,77.0,57.0,14.3,0.0,,,,
2026-03-10T11:05:20+00:00,57524,77.0,56.5,14.7,0.0,,,,
2026-03-10T11:08:20+00:00,57525,77.0,55.5,14.8,0.0,,,,
2026-03-10T11:11:20+00:00,57526,77.0,55.5,14.8,0.0,,,,
2026-03-10T11:14:20+00:00,57527,77.0,55.0,15.0,0.0,,,,
2026-03-10T11:17:20+00:00,57528,77.0,55.0,15.0,0.0,,,,
2026-03-10T11:20:20+00:00,57529,77.0,54.5,15.1,0.0,,,,
2026-03-10T11:23:20+00:00,57530,77.0,54.0,15.0,0.0,,,,
2026-03-10T11:26:20+00:00,57531,77.0,54.5,15.1,0.0,,,,
2026-03-10T11:29:20+00:00,57532,77.0,54.0,15.2,0.0,,,,
2026-03-10T11:32:20+00:00,57533,77.0,54.0,15.3,0.0,,,,
2026-03-10T11:35:20+00:00,57534,77.0,53.5,15.2,0.0,,,,
2026-03-10T11:38:20+00:00,57535,77.0,54.0,15.1,0.0,,,,
2026-03-10T11:41:20+00:00,57536,77.0,54.5,15.2,0.0,,,,
2026-03-10T11:44:20+00:00,57537,77.0,54.5,15.0,0.0,,,,
2026-03-10T11:47:20+00:00,57538,77.0,54.5,14.9,0.0,,,,
2026-03-10T11:50:20+00:00,57539,77.0,55.0,14.9,0.0,,,,
2026-03-10T11:53:20+00:00,57540,77.0,55.0,14.8,0.0,,,,
2026-03-10T11:56:20+00:00,57541,77.0,55.0,14.8,0.0,,,,
2026-03-10T11:59:20+00:00,57542,77.0,55.5,14.8,0.0,,,,
2026-03-10T12:02:20+00:00,57543,77.0,55.0,14.7,0.0,,,,
2026-03-10T12:05:20+00:00,57544,77.0,55.0,14.6,0.0,,,,
2026-03-10T12:08:20+00:00,57545,77.0,56.0,14.6,0.0,,,,
2026-03-10T12:11:20+00:00,57546,77.0,56.0,14.5,0.0,,,,
2026-03-10T12:14:20+00:00,57547,77.0,56.5,14.4,0.0,,,,
2026-03-10T12:17:20+00:00,57548,77.0,58.0,14.2,0.0,,,,
2026-03-10T12:20:20+00:00,57549,77.0,58.0,14.1,0.0,,,,
2026-03-10T12:23:20+00:00,57550,77.0,57.5,14.2,0.0,,,,
2026-03-10T12:26:20+00:00,57551,77.0,58.0,14.0,0.0,,,,
2026-03-10T12:29:20+00:00,57552,77.0,58.0,14.1,0.0,,,,
2026-03-10T12:32:20+00:00,57553,77.0,58.5,14.1,0.0,,,,
2026-03-10T12:35:19+00:00,57554,77.0,58.5,14.1,0.0,,,,
2026-03-10T12:38:20+00:00,57555,77.0,58.0,14.2,0.0,,,,
2026-03-10T12:41:19+00:00,57556,77.0,58.0,14.2,0.0,,,,
2026-03-10T12:44:19+00:00,57557,77.0,58.0,14.2,0.0,,,,
2026-03-10T12:47:19+00:00,57558,77.0,58.0,14.1,0.0,,,,
2026-03-10T12:50:19+00:00,57559,77.0,58.5,14.0,0.0,,,,
2026-03-10T12:53:19+00:00,57560,77.0,59.5,13.8,0.0,,,,
2026-03-10T12:56:19+00:00,57561,77.0,59.0,13.9,0.0,,,,
2026-03-10T12:59:19+00:00,57562,77.0,59.5,13.8,0.0,,,,
2026-03-10T13:02:19+00:00,57563,77.0,59.0,13.8,0.0,,,,
2026-03-10T13:05:19+00:00,57564,77.0,59.0,13.9,0.0,,,,
2026-03-10T13:08:19+00:00,57565,77.0,58.5,14.1,0.0,,,,
2026-03-10T13:11:19+00:00,57566,77.0,57.5,14.1,0.0,,,,
2026-03-10T13:14:19+00:00,57567,77.0,57.5,14.2,0.0,,,,
2026-03-10T13:17:19+00:00,57568,77.0,58.0,14.1,0.0,,,,
2026-03-10T13:20:20+00:00,57569,77.0,58.5,14.0,0.0,,,,
2026-03-10T13:23:19+00:00,57570,77.0,59.0,14.0,0.0,,,,
2026-03-10T13:26:19+00:00,57571,77.0,58.5,14.2,0.0,,,,
2026-03-10T13:29:19+00:00,57572,77.0,58.5,14.3,0.0,,,,
2026-03-10T13:32:19+00:00,57573,77.0,58.5,14.3,0.0,,,,
2026-03-10T13:35:19+00:00,57574,77.0,58.0,14.2,0.0,,,,
2026-03-10T13:38:19+00:00,57575,77.0,58.5,13.9,0.0,,,,
2026-03-10T13:41:19+00:00,57576,77.0,59.0,13.8,0.0,,,,
2026-03-10T13:44:19+00:00,57577,77.0,59.5,13.8,0.0,,,,
2026-03-10T13:47:19+00:00,57578,77.0,58.5,13.9,0.0,,,,
2026-03-10T13:50:19+00:00,57579,77.0,57.5,13.8,0.0,,,,
2026-03-10T13:53:19+00:00,57580,77.0,59.0,13.7,0.0,,,,
2026-03-10T13:56:19+00:00,57581,77.0,59.0,13.5,0.0,,,,
2026-03-10T13:59:19+00:00,57582,77.0,58.5,13.5,0.0,,,,
2026-03-10T14:02:19+00:00,57583,77.0,59.5,13.4,0.0,,,,
2026-03-10T14:05:19+00:00,57584,77.0,59.5,13.3,0.0,,,,
2026-03-10T14:08:19+00:00,57585,77.0,59.5,13.4,0.0,,,,
2026-03-10T14:11:19+00:00,57586,77.0,59.5,13.4,0.0,,,,
2026-03-10T14:14:19+00:00,57587,77.0,58.5,13.4,0.0,,,,
2026-03-10T14:17:19+00:00,57588,77.0,58.5,13.5,0.0,,,,
2026-03-10T14:20:19+00:00,57589,77.0,57.5,13.5,0.0,,,,
2026-03-10T14:23:19+00:00,57590,77.0,58.0,13.4,0.0,,,,
2026-03-10T14:26:19+00:00,57591,77.0,58.0,13.5,0.0,,,,
2026-03-10T14:29:19+00:00,57592,77.0,57.5,13.4,0.0,,,,
2026-03-10T14:32:19+00:00,57593,77.0,57.5,13.3,0.0,,,,
2026-03-10T14:35:19+00:00,57594,77.0,58.5,13.3,0.0,,,,
2026-03-10T14:38:19+00:00,57595,77.0,59.0,13.1,0.0,,,,
2026-03-10T14:41:19+00:00,57596,77.0,59.0,13.2,0.0,,,,
2026-03-10T14:44:19+00:00,57597,77.0,59.5,13.1,0.0,,,,
2026-03-10T14:47:19+00:00,57598,77.0,60.0,13.3,0.0,,,,
2026-03-10T14:50:19+00:00,57599,77.0,61.0,13.1,0.0,,,,
2026-03-10T14:53:19+00:00,57600,77.0,61.5,12.9,0.0,,,,
2026-03-10T14:56:19+00:00,57601,77.0,61.5,12.8,0.0,,,,
2026-03-10T14:59:19+00:00,57602,77.0,62.0,12.9,0.0,,,,
2026-03-10T15:02:19+00:00,57603,77.0,63.0,12.7,0.0,,,,
2026-03-10T15:05:19+00:00,57604,77.0,63.5,12.6,0.0,,,,
2026-03-10T15:08:19+00:00,57605,77.0,64.5,12.4,0.0,,,,
2026-03-10T15:11:19+00:00,57606,77.0,65.5,12.5,0.0,,,,
2026-03-10T15:14:19+00:00,57607,77.0,66.5,12.4,0.0,,,,
2026-03-10T15:17:19+00:00,57608,77.0,67.0,12.3,0.0,,,,
2026-03-10T15:20:19+00:00,57609,77.0,67.5,12.2,0.0,,,,
2026-03-10T15:23:19+00:00,57610,77.0,67.5,12.1,0.0,,,,
2026-03-10T15:26:19+00:00,57611,77.0,65.5,12.0,0.0,,,,
2026-03-10T15:29:19+00:00,57612,77.0,65.5,11.8,0.0,,,,
2026-03-10T15:32:19+00:00,57613,77.0,66.0,11.7,0.0,,,,
2026-03-10T15:35:19+00:00,57614,77.0,66.5,11.7,0.0,,,,
2026-03-10T15:38:19+00:00,57615,77.0,67.5,11.6,0.0,,,,
2026-03-10T15:41:19+00:00,57616,77.0,67.5,11.6,0.0,,,,
2026-03-10T15:44:19+00:00,57617,77.0,68.0,11.6,0.0,,,,
2026-03-10T15:47:19+00:00,57618,77.0,68.5,11.5,0.0,,,,
2026-03-10T15:50:19+00:00,57619,77.0,68.5,11.5,0.0,,,,
2026-03-10T15:53:19+00:00,57620,77.0,68.5,11.4,0.0,,,,
2026-03-10T15:56:19+00:00,57621,77.0,68.5,11.3,0.0,,,,
2026-03-10T15:59:19+00:00,57622,77.0,69.0,11.2,0.0,,,,
2026-03-10T16:02:19+00:00,57623,77.0,69.0,11.1,0.0,,,,
2026-03-10T16:05:19+00:00,57624,77.0,69.5,11.1,0.0,,,,
2026-03-10T16:08:19+00:00,57625,77.0,69.5,11.0,0.0,,,,
2026-03-10T16:11:19+00:00,57626,77.0,70.5,10.9,0.0,,,,
2026-03-10T16:14:19+00:00,57627,77.0,71.0,10.8,0.0,,,,
2026-03-10T16:17:19+00:00,57628,77.0,71.0,10.7,0.0,,,,
2026-03-10T16:20:19+00:00,57629,77.0,71.5,10.6,0.0,,,,
2026-03-10T16:23:19+00:00,57630,77.0,72.0,10.5,0.0,,,,
2026-03-10T16:26:19+00:00,57631,77.0,72.0,10.5,0.0,,,,
2026-03-10T16:29:19+00:00,57632,77.0,72.5,10.4,0.0,,,,
2026-03-10T16:32:19+00:00,57633,77.0,73.0,10.4,0.0,,,,
2026-03-10T16:35:19+00:00,57634,77.0,73.5,10.2,0.0,,,,
2026-03-10T16:38:19+00:00,57635,77.0,74.5,10.2,0.0,,,,
2026-03-10T16:41:19+00:00,57636,77.0,75.0,10.0,0.0,,,,
2026-03-10T16:44:19+00:00,57637,77.0,76.0,9.9,0.0,,,,
2026-03-10T16:47:19+00:00,57638,77.0,75.5,9.9,0.0,,,,
2026-03-10T16:50:19+00:00,57639,77.0,76.5,9.7,0.0,,,,
2026-03-10T16:53:19+00:00,57640,77.0,76.5,9.6,0.0,,,,
2026-03-10T16:56:19+00:00,57641,77.0,76.5,9.5,0.0,,,,
2026-03-10T16:59:19+00:00,57642,77.0,78.0,9.4,0.0,,,,
2026-03-10T17:02:19+00:00,57643,77.0,78.0,9.4,0.0,,,,
2026-03-10T17:05:19+00:00,57644,77.0,78.5,9.3,0.0,,,,
2026-03-10T17:08:19+00:00,57645,77.0,79.0,9.4,0.0,,,,
2026-03-10T17:11:19+00:00,57646,77.0,78.5,9.3,0.0,,,,
2026-03-10T17:14:19+00:00,57647,77.0,77.5,9.1,0.0,,,,
2026-03-10T17:17:19+00:00,57648,77.0,77.0,9.3,0.0,,,,
2026-03-10T17:20:19+00:00,57649,77.0,77.0,9.3,0.0,,,,
2026-03-10T17:23:19+00:00,57650,77.0,75.5,9.3,0.0,,,,
2026-03-10T17:26:19+00:00,57651,77.0,75.0,9.3,0.0,,,,
2026-03-10T17:29:19+00:00,57652,77.0,75.5,9.3,0.0,,,,
2026-03-10T17:32:19+00:00,57653,77.0,75.5,9.2,0.0,,,,
2026-03-10T17:35:19+00:00,57654,77.0,75.0,9.3,0.0,,,,
2026-03-10T17:38:19+00:00,57655,77.0,75.0,9.3,0.0,,,,
2026-03-10T17:41:19+00:00,57656,77.0,75.5,9.3,0.0,,,,
2026-03-10T17:44:19+00:00,57657,77.0,75.5,9.2,0.0,,,,
2026-03-10T17:47:19+00:00,57658,77.0,76.5,9.1,0.0,,,,
2026-03-10T17:50:19+00:00,57659,77.0,77.5,9.1,0.0,,,,
2026-03-10T17:53:19+00:00,57660,77.0,77.5,9.3,0.0,,,,
2026-03-10T17:56:19+00:00,57661,77.0,77.5,9.1,0.0,,,,
2026-03-10T17:59:19+00:00,57662,77.0,77.5,9.1,0.0,,,,
2026-03-10T18:02:19+00:00,57663,77.0,78.0,9.2,0.0,,,,
2026-03-10T18:05:19+00:00,57664,77.0,78.5,9.2,0.0,,,,
2026-03-10T18:08:19+00:00,57665,77.0,78.5,9.1,0.0,,,,
2026-03-10T18:11:19+00:00,57666,77.0,78.5,9.2,0.0,,,,
2026-03-10T18:14:19+00:00,57667,77.0,79.0,9.2,0.0,,,,
2026-03-10T18:17:19+00:00,57668,77.0,79.5,9.1,0.0,,,,
2026-03-10T18:20:19+00:00,57669,77.0,79.5,9.2,0.0,,,,
2026-03-10T18:23:19+00:00,57670,77.0,79.5,9.2,0.0,,,,
2026-03-10T18:26:19+00:00,57671,77.0,80.0,9.1,0.0,,,,
2026-03-10T18:29:19+00:00,57672,77.0,80.0,9.2,0.0,,,,
2026-03-10T18:32:19+00:00,57673,77.0,81.0,9.1,3.0,,,,
2026-03-10T18:35:19+00:00,57674,77.0,80.5,9.1,0.0,,,,
2026-03-10T18:38:19+00:00,57675,77.0,80.5,9.0,0.0,,,,
2026-03-10T18:41:19+00:00,57676,77.0,81.0,9.0,0.0,,,,
2026-03-10T18:44:19+00:00,57677,77.0,81.0,8.8,4.0,,,,
2026-03-10T18:47:19+00:00,57678,77.0,81.0,9.0,3.0,,,,
2026-03-10T18:50:19+00:00,57679,77.0,81.0,8.9,1.0,,,,
2026-03-10T18:53:19+00:00,57680,77.0,81.5,8.9,1.0,,,,
2026-03-10T18:56:19+00:00,57681,77.0,82.0,8.9,0.0,,,,
2026-03-10T18:59:19+00:00,57682,77.0,81.5,8.8,0.0,,,,
2026-03-10T19:02:19+00:00,57683,77.0,82.5,8.8,1.0,,,,
2026-03-10T19:05:19+00:00,57684,77.0,82.5,8.6,0.0,,,,
2026-03-10T19:08:19+00:00,57685,77.0,82.5,8.6,1.0,,,,
2026-03-10T19:11:19+00:00,57686,77.0,83.0,8.6,0.0,,,,
2026-03-10T19:14:19+00:00,57687,77.0,83.0,8.7,1.0,,,,
2026-03-10T19:17:19+00:00,57688,77.0,83.5,8.6,1.0,,,,
2026-03-10T19:20:19+00:00,57689,77.0,84.0,8.6,2.0,,,,
2026-03-10T19:23:19+00:00,57690,77.0,83.5,8.6,0.0,,,,
2026-03-10T19:26:19+00:00,57691,77.0,83.0,8.6,1.0,,,,
2026-03-10T19:29:19+00:00,57692,77.0,83.5,8.5,0.0,,,,
2026-03-10T19:32:19+00:00,57693,77.0,83.0,8.6,1.0,,,,
2026-03-10T19:35:19+00:00,57694,77.0,82.5,8.6,0.0,,,,
2026-03-10T19:38:19+00:00,57695,77.0,83.0,8.5,0.0,,,,
2026-03-10T19:41:19+00:00,57696,77.0,83.0,8.5,0.0,,,,
2026-03-10T19:44:19+00:00,57697,77.0,82.0,8.5,1.0,,,,
2026-03-10T19:47:19+00:00,57698,77.0,82.5,8.4,0.0,,,,
2026-03-10T19:50:19+00:00,57699,77.0,82.5,8.5,0.0,,,,
2026-03-10T19:53:19+00:00,57700,77.0,82.0,8.4,0.0,,,,
2026-03-10T19:56:19+00:00,57701,77.0,81.5,8.4,1.0,,,,
2026-03-10T19:59:19+00:00,57702,77.0,80.5,8.4,0.0,,,,
2026-03-10T20:02:19+00:00,57703,77.0,81.0,8.5,0.0,,,,
2026-03-10T20:05:19+00:00,57704,77.0,82.0,8.5,0.0,,,,
2026-03-10T20:08:19+00:00,57705,77.0,81.5,8.6,0.0,,,,
2026-03-10T20:11:19+00:00,57706,77.0,81.5,8.7,0.0,,,,
2026-03-10T20:14:19+00:00,57707,77.0,81.5,8.7,1.0,,,,
2026-03-10T20:17:19+00:00,57708,77.0,82.0,8.6,0.0,,,,
2026-03-10T20:20:19+00:00,57709,77.0,83.0,8.6,0.0,,,,
2026-03-10T20:23:19+00:00,57710,77.0,83.0,8.5,0.0,,,,
2026-03-10T20:26:19+00:00,57711,77.0,83.5,8.5,0.0,,,,
2026-03-10T20:29:19+00:00,57712,77.0,83.0,8.3,0.0,,,,
2026-03-10T20:32:19+00:00,57713,77.0,82.0,8.3,0.0,,,,
2026-03-10T20:35:19+00:00,57714,77.0,82.5,8.5,0.0,,,,
2026-03-10T20:38:19+00:00,57715,77.0,83.0,8.5,0.0,,,,
2026-03-10T20:41:19+00:00,57716,77.0,83.5,8.5,1.0,,,,
2026-03-10T20:44:19+00:00,57717,77.0,83.5,8.4,0.0,,,,
2026-03-10T20:47:19+00:00,57718,77.0,83.5,8.3,0.0,,,,
2026-03-10T20:50:19+00:00,57719,77.0,84.0,8.3,0.0,,,,
2026-03-10T20:53:19+00:00,57720,77.0,84.0,8.2,0.0,,,,
2026-03-10T20:56:18+00:00,57721,77.0,84.0,8.3,0.0,,,,
2026-03-10T20:59:19+00:00,57722,77.0,84.0,8.1,0.0,,,,
2026-03-10T21:02:18+00:00,57723,77.0,84.5,8.3,0.0,,,,
2026-03-10T21:05:18+00:00,57724,77.0,85.0,8.2,0.0,,,,
2026-03-10T21:08:18+00:00,57725,77.0,85.0,8.4,0.0,,,,
2026-03-10T21:11:18+00:00,57726,77.0,84.5,8.2,0.0,,,,
2026-03-10T21:14:18+00:00,57727,77.0,84.5,8.4,0.0,,,,
2026-03-10T21:17:18+00:00,57728,77.0,84.5,8.3,0.0,,,,
2026-03-10T21:20:18+00:00,57729,77.0,84.5,8.4,1.0,,,,
2026-03-10T21:23:18+00:00,57730,77.0,84.0,8.3,0.0,,,,
2026-03-10T21:26:18+00:00,57731,77.0,84.0,8.4,0.0,,,,
2026-03-10T21:29:18+00:00,57732,77.0,84.0,8.4,0.0,,,,
2026-03-10T21:32:18+00:00,57733,77.0,84.0,8.4,0.0,,,,
2026-03-10T21:35:18+00:00,57734,77.0,84.0,8.5,0.0,,,,
2026-03-10T21:38:18+00:00,57735,77.0,83.5,8.6,0.0,,,,
2026-03-10T21:41:18+00:00,57736,77.0,83.0,8.5,0.0,,,,
2026-03-10T21:44:18+00:00,57737,77.0,83.5,8.5,0.0,,,,
2026-03-10T21:47:18+00:00,57738,77.0,83.5,8.5,0.0,,,,
2026-03-10T21:50:18+00:00,57739,77.0,83.0,8.6,0.0,,,,
2026-03-10T21:53:18+00:00,57740,77.0,82.5,8.5,0.0,,,,
2026-03-10T21:56:18+00:00,57741,77.0,83.0,8.6,0.0,,,,
2026-03-10T21:59:18+00:00,57742,77.0,82.5,8.6,0.0,,,,
2026-03-10T22:02:18+00:00,57743,77.0,83.0,8.6,0.0,,,,
2026-03-10T22:05:18+00:00,57744,77.0,82.0,8.7,0.0,,,,
2026-03-10T22:08:18+00:00,57745,77.0,82.0,8.7,0.0,,,,
2026-03-10T22:11:18+00:00,57746,77.0,81.0,8.7,0.0,,,,
2026-03-10T22:14:18+00:00,57747,77.0,81.5,8.7,0.0,,,,
2026-03-10T22:17:18+00:00,57748,77.0,81.0,8.8,0.0,,,,
2026-03-10T22:20:18+00:00,57749,77.0,81.0,8.7,0.0,,,,
2026-03-10T22:23:18+00:00,57750,77.0,80.0,8.7,0.0,,,,
2026-03-10T22:26:18+00:00,57751,77.0,80.0,8.9,0.0,,,,
2026-03-10T22:29:18+00:00,57752,77.0,80.0,8.7,0.0,,,,
2026-03-10T22:32:18+00:00,57753,77.0,80.0,8.7,1.0,,,,
2026-03-10T22:35:18+00:00,57754,77.0,80.5,8.8,0.0,,,,
2026-03-10T22:38:18+00:00,57755,77.0,80.0,8.8,0.0,,,,
2026-03-10T22:41:18+00:00,57756,77.0,80.5,8.8,0.0,,,,
2026-03-10T22:44:18+00:00,57757,77.0,79.5,8.8,0.0,,,,
2026-03-10T22:47:18+00:00,57758,77.0,80.0,8.7,0.0,,,,
2026-03-10T22:50:18+00:00,57759,77.0,80.5,8.7,0.0,,,,
2026-03-10T22:53:18+00:00,57760,77.0,80.0,8.7,0.0,,,,
2026-03-10T22:56:18+00:00,57761,77.0,80.0,8.7,0.0,,,,
2026-03-10T22:59:18+00:00,57762,77.0,79.5,8.7,0.0,,,,
2026-03-10T23:02:18+00:00,57763,77.0,79.5,8.7,0.0,,,,
2026-03-10T23:05:18+00:00,57764,77.0,79.5,8.7,0.0,,,,
2026-03-10T23:08:18+00:00,57765,77.0,79.0,8.8,0.0,,,,
2026-03-10T23:11:18+00:00,57766,77.0,79.0,8.7,0.0,,,,
2026-03-10T23:14:18+00:00,57767,77.0,78.5,8.7,0.0,,,,
2026-03-10T23:17:18+00:00,57768,77.0,78.0,8.7,0.0,,,,
2026-03-10T23:20:18+00:00,57769,77.0,77.5,8.8,0.0,,,,
2026-03-10T23:23:18+00:00,57770,77.0,77.5,8.8,0.0,,,,
2026-03-10T23:26:18+00:00,57771,77.0,78.0,8.7,0.0,,,,
2026-03-10T23:29:18+00:00,57772,77.0,78.0,8.6,0.0,,,,
2026-03-10T23:32:18+00:00,57773,77.0,79.0,8.6,0.0,,,,
2026-03-10T23:35:18+00:00,57774,77.0,79.0,8.7,0.0,,,,
2026-03-10T23:38:18+00:00,57775,77.0,79.0,8.6,0.0,,,,
2026-03-10T23:41:18+00:00,57776,77.0,79.0,8.6,0.0,,,,
2026-03-10T23:44:18+00:00,57777,77.0,79.5,8.5,0.0,,,,
2026-03-10T23:47:18+00:00,57778,77.0,80.0,8.5,0.0,,,,
2026-03-10T23:50:18+00:00,57779,77.0,80.5,8.5,0.0,,,,
2026-03-10T23:53:18+00:00,57780,77.0,80.5,8.3,0.0,,,,
2026-03-10T23:56:18+00:00,57781,77.0,80.5,8.5,0.0,,,,
2026-03-10T23:59:18+00:00,57782,77.0,81.0,8.4,0.0,,,,
2026-03-11T00:02:18+00:00,57783,77.0,81.5,8.3,0.0,,,,
2026-03-11T00:05:18+00:00,57784,77.0,81.5,8.4,0.0,,,,
2026-03-11T00:08:18+00:00,57785,77.0,81.5,8.5,0.0,,,,
2026-03-11T00:11:18+00:00,57786,77.0,82.0,8.5,0.0,,,,
2026-03-11T00:14:18+00:00,57787,77.0,82.0,8.4,1.0,,,,
2026-03-11T00:17:18+00:00,57788,77.0,82.0,8.4,0.0,,,,
2026-03-11T00:20:18+00:00,57789,77.0,82.0,8.4,0.0,,,,
2026-03-11T00:23:18+00:00,57790,77.0,82.5,8.4,0.0,,,,
2026-03-11T00:26:18+00:00,57791,77.0,82.5,8.3,0.0,,,,
2026-03-11T00:29:18+00:00,57792,77.0,82.5,8.1,0.0,,,,
2026-03-11T00:32:18+00:00,57793,77.0,82.5,8.2,0.0,,,,
2026-03-11T00:35:18+00:00,57794,77.0,82.5,8.3,0.0,,,,
2026-03-11T00:38:18+00:00,57795,77.0,82.5,8.2,0.0,,,,
2026-03-11T00:41:18+00:00,57796,77.0,82.5,8.2,0.0,,,,
2026-03-11T00:44:18+00:00,57797,77.0,82.0,8.3,0.0,,,,
2026-03-11T00:47:18+00:00,57798,77.0,82.0,8.2,0.0,,,,
2026-03-11T00:50:18+00:00,57799,77.0,81.5,8.2,0.0,,,,
2026-03-11T00:53:18+00:00,57800,77.0,82.0,8.3,0.0,,,,
2026-03-11T00:56:18+00:00,57801,77.0,82.0,8.3,0.0,,,,
2026-03-11T00:59:18+00:00,57802,77.0,82.5,8.3,0.0,,,,
2026-03-11T01:02:18+00:00,57803,77.0,82.0,8.2,0.0,,,,
2026-03-11T01:05:18+00:00,57804,77.0,82.0,8.1,0.0,,,,
2026-03-11T01:08:18+00:00,57805,77.0,82.0,8.2,0.0,,,,
2026-03-11T01:11:18+00:00,57806,77.0,82.0,8.2,0.0,,,,
2026-03-11T01:14:18+00:00,57807,77.0,82.0,8.3,0.0,,,,
2026-03-11T01:17:18+00:00,57808,77.0,82.0,8.2,0.0,,,,
2026-03-11T01:20:18+00:00,57809,77.0,82.0,8.3,0.0,,,,
2026-03-11T01:23:18+00:00,57810,77.0,82.0,8.3,0.0,,,,
2026-03-11T01:26:18+00:00,57811,77.0,82.0,8.2,0.0,,,,
2026-03-11T01:29:18+00:00,57812,77.0,82.0,8.1,0.0,,,,
2026-03-11T01:32:18+00:00,57813,77.0,82.0,8.3,0.0,,,,
2026-03-11T01:35:18+00:00,57814,77.0,81.5,8.2,0.0,,,,
2026-03-11T01:38:18+00:00,57815,77.0,82.0,8.4,0.0,,,,
2026-03-11T01:41:18+00:00,57816,77.0,81.5,8.2,0.0,,,,
2026-03-11T01:44:18+00:00,57817,77.0,82.0,8.3,0.0,,,,
2026-03-11T01:47:18+00:00,57818,77.0,81.0,8.2,0.0,,,,
2026-03-11T01:50:18+00:00,57819,77.0,81.0,8.2,0.0,,,,
2026-03-11T01:53:18+00:00,57820,77.0,81.0,8.2,0.0,,,,
2026-03-11T01:56:18+00:00,57821,77.0,81.0,8.2,0.0,,,,
2026-03-11T01:59:18+00:00,57822,77.0,81.0,8.1,1.0,,,,
2026-03-11T02:02:18+00:00,57823,77.0,81.0,8.1,0.0,,,,
2026-03-11T02:05:18+00:00,57824,77.0,81.5,8.1,0.0,,,,
2026-03-11T02:08:18+00:00,57825,77.0,81.0,8.1,0.0,,,,
2026-03-11T02:11:18+00:00,57826,77.0,80.5,8.0,0.0,,,,
2026-03-11T02:14:18+00:00,57827,77.0,80.5,8.0,0.0,,,,
2026-03-11T02:17:18+00:00,57828,77.0,80.5,7.9,0.0,,,,
2026-03-11T02:20:18+00:00,57829,77.0,81.0,7.9,0.0,,,,
2026-03-11T02:23:18+00:00,57830,77.0,81.5,7.9,0.0,,,,
2026-03-11T02:26:18+00:00,57831,77.0,81.5,7.9,0.0,,,,
2026-03-11T02:29:18+00:00,57832,77.0,81.5,8.0,0.0,,,,
2026-03-11T02:32:18+00:00,57833,77.0,81.0,8.1,0.0,,,,
2026-03-11T02:35:18+00:00,57834,77.0,81.0,8.1,0.0,,,,
2026-03-11T02:38:18+00:00,57835,77.0,81.5,8.1,0.0,,,,
2026-03-11T02:41:18+00:00,57836,77.0,81.5,8.1,0.0,,,,
2026-03-11T02:44:18+00:00,57837,77.0,81.5,8.2,1.0,,,,
2026-03-11T02:47:18+00:00,57838,77.0,81.0,8.2,0.0,,,,
2026-03-11T02:50:18+00:00,57839,77.0,80.5,8.3,0.0,,,,
2026-03-11T02:53:18+00:00,57840,77.0,80.5,8.2,0.0,,,,
2026-03-11T02:56:18+00:00,57841,77.0,80.5,8.3,0.0,,,,
2026-03-11T02:59:18+00:00,57842,77.0,80.0,8.2,0.0,,,,
2026-03-11T03:02:18+00:00,57843,77.0,80.5,8.3,0.0,,,,
2026-03-11T03:05:18+00:00,57844,77.0,80.5,8.2,0.0,,,,
2026-03-11T03:08:18+00:00,57845,77.0,81.0,8.1,0.0,,,,
2026-03-11T03:11:18+00:00,57846,77.0,81.5,8.1,0.0,,,,
2026-03-11T03:14:18+00:00,57847,77.0,82.0,8.1,0.0,,,,
2026-03-11T03:17:18+00:00,57848,77.0,82.0,8.1,0.0,,,,
2026-03-11T03:20:18+00:00,57849,77.0,82.5,8.1,0.0,,,,
2026-03-11T03:23:18+00:00,57850,77.0,82.5,8.1,0.0,,,,
2026-03-11T03:26:18+00:00,57851,77.0,82.5,8.1,0.0,,,,
2026-03-11T03:29:18+00:00,57852,77.0,82.5,8.1,1.0,,,,
2026-03-11T03:32:18+00:00,57853,77.0,83.0,8.1,0.0,,,,
2026-03-11T03:35:18+00:00,57854,77.0,83.0,8.2,0.0,,,,
2026-03-11T03:38:18+00:00,57855,77.0,83.0,8.1,0.0,,,,
2026-03-11T03:41:18+00:00,57856,77.0,82.5,8.2,0.0,,,,
2026-03-11T03:44:18+00:00,57857,77.0,83.0,8.2,0.0,,,,
2026-03-11T03:47:18+00:00,57858,77.0,83.0,8.2,0.0,,,,
2026-03-11T03:50:18+00:00,57859,77.0,82.5,8.2,0.0,,,,
2026-03-11T03:53:18+00:00,57860,77.0,82.5,8.2,0.0,,,,
2026-03-11T03:56:18+00:00,57861,77.0,83.0,8.2,0.0,,,,
2026-03-11T03:59:18+00:00,57862,77.0,83.0,8.3,0.0,,,,
2026-03-11T04:02:18+00:00,57863,77.0,82.5,8.4,0.0,,,,
2026-03-11T04:05:18+00:00,57864,77.0,82.5,8.4,0.0,,,,
2026-03-11T04:08:18+00:00,57865,77.0,82.5,8.3,0.0,,,,
2026-03-11T04:11:18+00:00,57866,77.0,82.5,8.3,0.0,,,,
2026-03-11T04:14:18+00:00,57867,77.0,82.5,8.3,0.0,,,,
2026-03-11T04:17:18+00:00,57868,77.0,82.5,8.2,0.0,,,,
2026-03-11T04:20:18+00:00,57869,77.0,82.5,8.2,0.0,,,,
2026-03-11T04:23:18+00:00,57870,77.0,83.0,8.3,0.0,,,,
2026-03-11T04:26:18+00:00,57871,77.0,82.5,8.3,0.0,,,,
2026-03-11T04:29:18+00:00,57872,77.0,82.0,8.3,0.0,,,,
2026-03-11T04:32:18+00:00,57873,77.0,82.0,8.3,0.0,,,,
2026-03-11T04:35:18+00:00,57874,77.0,82.0,8.4,0.0,,,,
2026-03-11T04:38:18+00:00,57875,77.0,82.0,8.4,0.0,,,,
2026-03-11T04:41:18+00:00,57876,77.0,82.0,8.4,0.0,,,,
2026-03-11T04:44:18+00:00,57877,77.0,82.0,8.4,0.0,,,,
2026-03-11T04:47:18+00:00,57878,77.0,82.5,8.3,1.0,,,,
2026-03-11T04:50:18+00:00,57879,77.0,82.5,8.3,0.0,,,,
2026-03-11T04:53:18+00:00,57880,77.0,83.0,8.4,0.0,,,,
2026-03-11T04:56:18+00:00,57881,77.0,83.0,8.3,0.0,,,,
2026-03-11T04:59:18+00:00,57882,77.0,83.0,8.2,0.0,,,,
2026-03-11T05:02:18+00:00,57883,77.0,83.0,8.1,0.0,,,,
2026-03-11T05:05:18+00:00,57884,77.0,83.5,8.3,0.0,,,,
2026-03-11T05:08:18+00:00,57885,77.0,83.5,8.1,0.0,,,,
2026-03-11T05:11:18+00:00,57886,77.0,83.5,8.2,0.0,,,,
2026-03-11T05:14:18+00:00,57887,77.0,84.0,8.1,0.0,,,,
2026-03-11T05:17:18+00:00,57888,77.0,84.5,8.1,0.0,,,,
2026-03-11T05:20:18+00:00,57889,77.0,85.5,8.0,0.0,,,,
2026-03-11T05:23:18+00:00,57890,77.0,87.0,8.1,0.0,,,,
2026-03-11T05:26:18+00:00,57891,77.0,87.0,8.0,0.0,,,,
2026-03-11T05:29:18+00:00,57892,77.0,87.5,8.0,0.0,,,,
2026-03-11T05:32:18+00:00,57893,77.0,87.5,8.0,0.0,,,,
2026-03-11T05:35:18+00:00,57894,77.0,88.0,7.9,0.0,,,,
2026-03-11T05:38:18+00:00,57895,77.0,88.0,8.0,0.0,,,,
2026-03-11T05:41:18+00:00,57896,77.0,88.0,7.9,0.0,,,,
2026-03-11T05:44:17+00:00,57897,77.0,88.0,7.9,0.0,,,,
2026-03-11T05:47:17+00:00,57898,77.0,88.0,7.9,0.0,,,,
2026-03-11T05:50:17+00:00,57899,77.0,87.5,7.8,0.0,,,,
2026-03-11T05:53:17+00:00,57900,77.0,87.5,7.9,0.0,,,,
2026-03-11T05:56:17+00:00,57901,77.0,87.0,7.9,0.0,,,,
2026-03-11T05:59:17+00:00,57902,77.0,87.0,7.9,0.0,,,,
2026-03-11T06:02:17+00:00,57903,77.0,87.0,7.9,0.0,,,,
2026-03-11T06:05:17+00:00,57904,77.0,86.5,8.0,0.0,,,,
2026-03-11T06:08:17+00:00,57905,77.0,86.5,7.9,0.0,,,,
2026-03-11T06:11:17+00:00,57906,77.0,86.5,8.0,0.0,,,,
2026-03-11T06:14:17+00:00,57907,77.0,86.5,7.9,0.0,,,,
2026-03-11T06:17:17+00:00,57908,77.0,86.5,8.0,0.0,,,,
2026-03-11T06:20:17+00:00,57909,77.0,86.0,7.9,0.0,,,,
2026-03-11T06:23:17+00:00,57910,77.0,86.0,8.0,0.0,,,,
2026-03-11T06:26:17+00:00,57911,77.0,86.0,7.9,0.0,,,,
2026-03-11T06:29:17+00:00,57912,77.0,85.5,7.9,0.0,,,,
2026-03-11T06:32:17+00:00,57913,77.0,85.5,8.0,0.0,,,,
2026-03-11T06:35:17+00:00,57914,77.0,85.5,7.9,0.0,,,,
2026-03-11T06:38:17+00:00,57915,77.0,85.5,8.0,0.0,,,,
2026-03-11T06:41:17+00:00,57916,77.0,85.5,8.0,0.0,,,,
2026-03-11T06:44:17+00:00,57917,77.0,85.5,8.0,0.0,,,,
2026-03-11T06:47:17+00:00,57918,77.0,85.5,8.1,0.0,,,,
2026-03-11T06:50:17+00:00,57919,77.0,86.0,8.0,0.0,,,,
2026-03-11T06:53:17+00:00,57920,77.0,85.5,8.2,0.0,,,,
2026-03-11T06:56:17+00:00,57921,77.0,86.5,8.1,0.0,,,,
2026-03-11T06:59:17+00:00,57922,77.0,87.0,8.0,0.0,,,,
2026-03-11T07:02:17+00:00,57923,77.0,87.5,8.2,0.0,,,,
2026-03-11T07:05:17+00:00,57924,77.0,87.5,8.2,0.0,,,,
2026-03-11T07:08:17+00:00,57925,77.0,86.5,8.2,0.0,,,,
2026-03-11T07:11:17+00:00,57926,77.0,86.0,8.2,0.0,,,,
2026-03-11T07:14:17+00:00,57927,77.0,85.0,8.4,0.0,,,,
2026-03-11T07:17:17+00:00,57928,77.0,84.0,8.4,0.0,,,,
2026-03-11T07:20:17+00:00,57929,77.0,83.0,8.5,0.0,,,,
2026-03-11T07:23:17+00:00,57930,77.0,82.5,8.5,0.0,,,,
2026-03-11T07:26:17+00:00,57931,77.0,82.0,8.6,0.0,,,,
2026-03-11T07:29:17+00:00,57932,77.0,81.5,8.6,0.0,,,,
2026-03-11T07:32:17+00:00,57933,77.0,81.5,8.7,0.0,,,,
2026-03-11T07:35:17+00:00,57934,77.0,81.5,8.8,0.0,,,,
2026-03-11T07:38:17+00:00,57935,77.0,80.5,8.9,0.0,,,,
2026-03-11T07:41:17+00:00,57936,77.0,80.0,9.0,0.0,,,,
2026-03-11T07:44:17+00:00,57937,77.0,79.0,9.1,0.0,,,,
2026-03-11T07:47:17+00:00,57938,77.0,78.0,9.1,0.0,,,,
2026-03-11T07:50:17+00:00,57939,77.0,78.5,9.2,0.0,,,,
2026-03-11T07:53:17+00:00,57940,77.0,78.0,9.2,0.0,,,,
2026-03-11T07:56:17+00:00,57941,77.0,78.0,9.3,0.0,,,,
2026-03-11T07:59:17+00:00,57942,77.0,78.5,9.3,0.0,,,,
2026-03-11T08:02:17+00:00,57943,77.0,78.5,9.4,0.0,,,,
2026-03-11T08:05:17+00:00,57944,77.0,78.0,9.6,0.0,,,,
2026-03-11T08:08:17+00:00,57945,77.0,77.5,9.7,0.0,,,,
2026-03-11T08:11:17+00:00,57946,77.0,77.0,9.8,0.0,,,,
2026-03-11T08:14:17+00:00,57947,77.0,76.5,9.8,0.0,,,,
2026-03-11T08:17:17+00:00,57948,77.0,76.0,9.8,0.0,,,,
2026-03-11T08:20:17+00:00,57949,77.0,76.0,9.9,0.0,,,,
2026-03-11T08:23:17+00:00,57950,77.0,76.0,9.8,0.0,,,,
2026-03-11T08:26:17+00:00,57951,77.0,76.0,9.8,0.0,,,,
2026-03-11T08:29:17+00:00,57952,77.0,76.0,9.9,0.0,,,,
2026-03-11T08:32:17+00:00,57953,77.0,76.0,9.8,0.0,,,,
2026-03-11T08:35:17+00:00,57954,77.0,76.0,9.9,0.0,,,,
2026-03-11T08:38:17+00:00,57955,77.0,75.5,9.9,0.0,,,,
2026-03-11T08:41:17+00:00,57956,77.0,75.0,9.9,0.0,,,,
2026-03-11T08:44:17+00:00,57957,77.0,75.0,10.0,0.0,,,,
2026-03-11T08:47:17+00:00,57958,77.0,75.0,10.1,0.0,,,,
2026-03-11T08:50:17+00:00,57959,77.0,74.0,10.1,0.0,,,,
2026-03-11T08:53:17+00:00,57960,77.0,73.5,10.1,0.0,,,,
2026-03-11T08:56:17+00:00,57961,77.0,73.0,10.2,0.0,,,,
2026-03-11T08:59:17+00:00,57962,77.0,73.0,10.2,0.0,,,,
2026-03-11T09:02:17+00:00,57963,77.0,73.0,10.1,0.0,,,,
2026-03-11T09:05:17+00:00,57964,77.0,73.0,10.2,0.0,,,,
2026-03-11T09:08:17+00:00,57965,77.0,73.0,10.2,0.0,,,,
2026-03-11T09:11:17+00:00,57966,77.0,73.0,10.2,0.0,,,,
2026-03-11T09:14:17+00:00,57967,77.0,73.5,10.2,0.0,,,,
2026-03-11T09:17:17+00:00,57968,77.0,73.5,10.2,0.0,,,,
2026-03-11T09:20:17+00:00,57969,77.0,73.5,10.2,0.0,,,,
2026-03-11T09:23:17+00:00,57970,77.0,73.5,10.3,0.0,,,,
2026-03-11T09:26:17+00:00,57971,77.0,73.5,10.4,0.0,,,,
2026-03-11T09:29:17+00:00,57972,77.0,73.0,10.4,0.0,,,,
2026-03-11T09:32:17+00:00,57973,77.0,73.0,10.5,0.0,,,,
2026-03-11T09:35:17+00:00,57974,77.0,73.0,10.5,0.0,,,,
2026-03-11T09:38:17+00:00,57975,77.0,72.5,10.5,0.0,,,,
2026-03-11T09:41:17+00:00,57976,77.0,72.5,10.5,0.0,,,,
2026-03-11T09:44:17+00:00,57977,77.0,72.5,10.4,0.0,,,,
2026-03-11T09:47:17+00:00,57978,77.0,72.5,10.4,0.0,,,,
2026-03-11T09:50:17+00:00,57979,77.0,72.5,10.6,0.0,,,,
2026-03-11T09:53:17+00:00,57980,77.0,72.5,10.6,0.0,,,,
2026-03-11T09:56:17+00:00,57981,77.0,72.5,10.6,0.0,,,,
2026-03-11T09:59:17+00:00,57982,77.0,72.5,10.6,0.0,,,,
2026-03-11T10:02:17+00:00,57983,77.0,72.5,10.6,0.0,,,,
2026-03-11T10:05:17+00:00,57984,77.0,72.0,10.5,0.0,,,,
2026-03-11T10:08:17+00:00,57985,77.0,72.5,10.6,0.0,,,,
2026-03-11T10:11:17+00:00,57986,77.0,73.0,10.6,0.0,,,,
2026-03-11T10:14:17+00:00,57987,77.0,72.5,10.5,0.0,,,,
2026-03-11T10:17:17+00:00,57988,77.0,73.5,10.5,0.0,,,,
2026-03-11T10:20:17+00:00,57989,77.0,73.0,10.5,0.0,,,,
2026-03-11T10:23:17+00:00,57990,77.0,72.5,10.7,0.0,,,,
2026-03-11T10:26:17+00:00,57991,77.0,72.0,10.6,0.0,,,,
2026-03-11T10:29:17+00:00,57992,77.0,71.5,10.8,0.0,,,,
2026-03-11T10:32:17+00:00,57993,77.0,70.5,10.9,0.0,,,,
2026-03-11T10:35:17+00:00,57994,77.0,69.0,11.3,0.0,,,,
2026-03-11T10:38:17+00:00,57995,77.0,69.0,11.5,0.0,,,,
2026-03-11T10:41:17+00:00,57996,77.0,68.0,11.6,0.0,,,,
2026-03-11T10:44:17+00:00,57997,77.0,67.5,11.8,0.0,,,,
2026-03-11T10:47:17+00:00,57998,77.0,67.0,11.9,0.0,,,,
2026-03-11T10:50:17+00:00,57999,77.0,66.5,12.1,0.0,,,,
2026-03-11T10:53:17+00:00,58000,77.0,65.5,12.1,0.0,,,,
2026-03-11T10:56:17+00:00,58001,77.0,65.0,12.2,0.0,,,,
2026-03-11T10:59:17+00:00,58002,77.0,64.5,12.3,0.0,,,,
2026-03-11T11:02:17+00:00,58003,77.0,63.5,12.6,0.0,,,,
2026-03-11T11:05:17+00:00,58004,77.0,62.5,12.6,0.0,,,,
2026-03-11T11:08:17+00:00,58005,77.0,62.5,12.5,0.0,,,,
2026-03-11T11:11:17+00:00,58006,77.0,61.5,12.4,0.0,,,,
2026-03-11T11:14:17+00:00,58007,77.0,63.0,12.6,0.0,,,,
2026-03-11T11:17:17+00:00,58008,77.0,62.0,12.6,0.0,,,,
2026-03-11T11:20:17+00:00,58009,77.0,61.5,12.8,0.0,,,,
2026-03-11T11:23:17+00:00,58010,77.0,60.5,13.0,0.0,,,,
2026-03-11T11:26:17+00:00,58011,77.0,60.0,13.0,0.0,,,,
2026-03-11T11:29:17+00:00,58012,77.0,60.0,13.2,0.0,,,,
2026-03-11T11:32:17+00:00,58013,77.0,60.5,13.1,0.0,,,,
2026-03-11T11:35:17+00:00,58014,77.0,59.0,13.3,0.0,,,,
2026-03-11T11:38:17+00:00,58015,77.0,58.5,13.4,0.0,,,,
2026-03-11T11:41:17+00:00,58016,77.0,58.0,13.6,0.0,,,,
2026-03-11T11:44:17+00:00,58017,77.0,57.0,13.6,0.0,,,,
2026-03-11T11:47:17+00:00,58018,77.0,56.5,13.6,0.0,,,,
2026-03-11T11:50:17+00:00,58019,77.0,56.5,13.5,0.0,,,,
2026-03-11T11:53:17+00:00,58020,77.0,56.0,13.6,0.0,,,,
2026-03-11T11:56:17+00:00,58021,77.0,57.0,13.6,0.0,,,,
2026-03-11T11:59:17+00:00,58022,77.0,57.0,13.5,0.0,,,,
2026-03-11T12:02:17+00:00,58023,77.0,57.0,13.3,0.0,,,,
2026-03-11T12:05:17+00:00,58024,77.0,57.0,13.2,0.0,,,,
2026-03-11T12:08:17+00:00,58025,77.0,57.5,13.4,0.0,,,,
2026-03-11T12:11:17+00:00,58026,77.0,58.5,13.3,0.0,,,,
2026-03-11T12:14:17+00:00,58027,77.0,58.5,13.3,0.0,,,,
2026-03-11T12:17:17+00:00,58028,77.0,58.5,13.3,0.0,,,,
2026-03-11T12:20:17+00:00,58029,77.0,58.5,13.4,0.0,,,,
2026-03-11T12:23:17+00:00,58030,77.0,58.0,13.5,0.0,,,,
2026-03-11T12:26:17+00:00,58031,77.0,57.5,13.3,0.0,,,,
2026-03-11T12:29:17+00:00,58032,77.0,58.0,13.4,0.0,,,,
2026-03-11T12:32:17+00:00,58033,77.0,57.5,13.4,0.0,,,,
2026-03-11T12:35:17+00:00,58034,77.0,58.0,13.4,0.0,,,,
2026-03-11T12:38:17+00:00,58035,77.0,58.5,13.6,0.0,,,,
2026-03-11T12:41:17+00:00,58036,77.0,57.5,13.5,0.0,,,,
2026-03-11T12:44:17+00:00,58037,77.0,57.0,13.3,0.0,,,,
2026-03-11T12:47:17+00:00,58038,77.0,58.0,13.2,0.0,,,,
2026-03-11T12:50:17+00:00,58039,77.0,58.5,13.1,0.0,,,,
2026-03-11T12:53:17+00:00,58040,77.0,58.5,13.2,0.0,,,,
2026-03-11T12:56:17+00:00,58041,77.0,58.0,13.1,0.0,,,,
2026-03-11T12:59:17+00:00,58042,77.0,58.5,13.0,0.0,,,,
2026-03-11T13:02:17+00:00,58043,77.0,58.5,13.0,0.0,,,,
2026-03-11T13:05:17+00:00,58044,77.0,59.0,12.8,0.0,,,,
2026-03-11T13:08:17+00:00,58045,77.0,59.0,12.7,0.0,,,,
2026-03-11T13:11:17+00:00,58046,77.0,59.0,12.8,0.0,,,,
2026-03-11T13:14:17+00:00,58047,77.0,59.0,12.8,0.0,,,,
2026-03-11T13:17:17+00:00,58048,77.0,59.0,12.7,0.0,,,,
2026-03-11T13:20:17+00:00,58049,77.0,59.0,12.7,0.0,,,,
2026-03-11T13:23:17+00:00,58050,77.0,58.5,12.9,0.0,,,,
2026-03-11T13:26:17+00:00,58051,77.0,58.5,12.8,0.0,,,,
2026-03-11T13:29:17+00:00,58052,77.0,58.0,12.8,0.0,,,,
2026-03-11T13:32:17+00:00,58053,77.0,58.5,12.7,0.0,,,,
2026-03-11T13:35:17+00:00,58054,77.0,59.0,12.7,0.0,,,,
2026-03-11T13:38:17+00:00,58055,77.0,58.5,12.7,0.0,,,,
2026-03-11T13:41:17+00:00,58056,77.0,58.5,12.6,0.0,,,,
2026-03-11T13:44:17+00:00,58057,77.0,58.5,12.6,0.0,,,,
2026-03-11T13:47:17+00:00,58058,77.0,59.0,12.6,0.0,,,,
2026-03-11T13:50:17+00:00,58059,77.0,59.5,12.5,0.0,,,,
2026-03-11T13:53:17+00:00,58060,77.0,59.5,12.4,0.0,,,,
2026-03-11T13:56:17+00:00,58061,77.0,59.5,12.4,0.0,,,,
2026-03-11T13:59:17+00:00,58062,77.0,59.5,12.4,0.0,,,,
2026-03-11T14:02:16+00:00,58063,77.0,59.5,12.3,0.0,,,,
2026-03-11T14:05:16+00:00,58064,77.0,59.5,12.3,0.0,,,,
2026-03-11T14:08:16+00:00,58065,77.0,59.0,12.3,0.0,,,,
2026-03-11T14:11:16+00:00,58066,77.0,59.5,12.4,0.0,,,,
2026-03-11T14:14:16+00:00,58067,77.0,59.0,12.4,0.0,,,,
2026-03-11T14:17:16+00:00,58068,77.0,60.0,12.4,0.0,,,,
2026-03-11T14:20:16+00:00,58069,77.0,59.5,12.3,0.0,,,,
2026-03-11T14:23:16+00:00,58070,77.0,59.0,12.4,0.0,,,,
2026-03-11T14:26:16+00:00,58071,77.0,59.5,12.4,0.0,,,,
2026-03-11T14:29:16+00:00,58072,77.0,59.5,12.3,0.0,,,,
2026-03-11T14:32:16+00:00,58073,77.0,60.0,12.3,0.0,,,,
2026-03-11T14:35:16+00:00,58074,77.0,60.0,12.2,0.0,,,,
2026-03-11T14:38:16+00:00,58075,77.0,60.0,12.1,0.0,,,,
2026-03-11T14:41:16+00:00,58076,77.0,60.0,12.2,0.0,,,,
2026-03-11T14:44:16+00:00,58077,77.0,60.5,12.2,0.0,,,,
2026-03-11T14:47:16+00:00,58078,77.0,61.5,12.0,0.0,,,,
2026-03-11T14:50:16+00:00,58079,77.0,61.5,12.0,0.0,,,,
2026-03-11T14:53:16+00:00,58080,77.0,61.0,11.9,0.0,,,,
2026-03-11T14:56:16+00:00,58081,77.0,61.0,11.9,0.0,,,,
2026-03-11T14:59:16+00:00,58082,77.0,60.5,11.9,0.0,,,,
2026-03-11T15:02:16+00:00,58083,77.0,60.5,11.8,0.0,,,,
2026-03-11T15:05:16+00:00,58084,77.0,60.5,11.8,0.0,,,,
2026-03-11T15:08:16+00:00,58085,77.0,61.0,11.8,0.0,,,,
2026-03-11T15:11:16+00:00,58086,77.0,61.5,11.6,0.0,,,,
2026-03-11T15:14:16+00:00,58087,77.0,62.0,11.6,0.0,,,,
2026-03-11T15:17:16+00:00,58088,77.0,62.5,11.6,0.0,,,,
2026-03-11T15:20:16+00:00,58089,77.0,62.5,11.5,0.0,,,,
2026-03-11T15:23:16+00:00,58090,77.0,63.0,11.5,0.0,,,,
2026-03-11T15:26:16+00:00,58091,77.0,63.5,11.3,0.0,,,,
2026-03-11T15:29:16+00:00,58092,77.0,64.5,11.3,0.0,,,,
2026-03-11T15:32:16+00:00,58093,77.0,65.0,11.2,0.0,,,,
2026-03-11T15:35:16+00:00,58094,77.0,66.5,11.1,0.0,,,,
2026-03-11T15:38:16+00:00,58095,77.0,68.0,10.9,0.0,,,,
2026-03-11T15:41:16+00:00,58096,77.0,68.0,10.8,0.0,,,,
2026-03-11T15:44:16+00:00,58097,77.0,67.5,10.8,0.0,,,,
2026-03-11T15:47:16+00:00,58098,77.0,68.0,10.8,0.0,,,,
2026-03-11T15:50:16+00:00,58099,77.0,69.0,10.6,0.0,,,,
2026-03-11T15:53:16+00:00,58100,77.0,68.5,10.6,0.0,,,,
2026-03-11T15:56:16+00:00,58101,77.0,69.0,10.6,0.0,,,,
2026-03-11T15:59:16+00:00,58102,77.0,69.0,10.6,0.0,,,,
2026-03-11T16:02:16+00:00,58103,77.0,69.5,10.5,0.0,,,,
2026-03-11T16:05:16+00:00,58104,77.0,71.0,10.6,0.0,,,,
2026-03-11T16:08:16+00:00,58105,77.0,72.0,10.4,0.0,,,,
2026-03-11T16:11:16+00:00,58106,77.0,73.0,10.3,0.0,,,,
2026-03-11T16:14:16+00:00,58107,77.0,74.0,10.2,0.0,,,,
2026-03-11T16:17:16+00:00,58108,77.0,75.0,10.0,0.0,,,,
2026-03-11T16:20:16+00:00,58109,77.0,76.5,9.9,0.0,,,,
2026-03-11T16:23:16+00:00,58110,77.0,77.0,9.8,0.0,,,,
2026-03-11T16:26:16+00:00,58111,77.0,77.5,9.8,3.0,,,,
2026-03-11T16:29:16+00:00,58112,77.0,78.0,9.7,0.0,,,,
2026-03-11T16:32:16+00:00,58113,77.0,78.5,9.6,0.0,,,,
2026-03-11T16:35:16+00:00,58114,77.0,79.5,9.5,0.0,,,,
2026-03-11T16:38:16+00:00,58115,77.0,79.5,9.5,0.0,,,,
2026-03-11T16:41:16+00:00,58116,77.0,80.0,9.3,0.0,,,,
2026-03-11T16:44:16+00:00,58117,77.0,80.5,9.2,1.0,,,,
2026-03-11T16:47:16+00:00,58118,77.0,81.5,9.2,4.0,,,,
2026-03-11T16:50:16+00:00,58119,77.0,82.5,9.1,3.0,,,,
2026-03-11T16:53:16+00:00,58120,77.0,83.0,8.9,2.0,,,,
2026-03-11T16:56:16+00:00,58121,77.0,83.5,8.8,3.0,,,,
2026-03-11T16:59:16+00:00,58122,77.0,84.0,8.8,8.0,,,,
2026-03-11T17:02:16+00:00,58123,77.0,84.0,8.7,0.0,,,,
2026-03-11T17:05:16+00:00,58124,77.0,84.5,8.6,1.0,,,,
2026-03-11T17:08:16+00:00,58125,77.0,85.5,8.6,0.0,,,,
2026-03-11T17:11:16+00:00,58126,77.0,85.5,8.5,2.0,,,,
2026-03-11T17:14:16+00:00,58127,77.0,85.0,8.5,3.0,,,,
2026-03-11T17:17:16+00:00,58128,77.0,85.0,8.5,5.0,,,,
2026-03-11T17:20:16+00:00,58129,77.0,85.0,8.5,6.0,,,,
2026-03-11T17:23:16+00:00,58130,77.0,85.0,8.5,6.0,,,,
2026-03-11T17:26:16+00:00,58131,77.0,85.0,8.4,4.0,,,,
2026-03-11T17:29:16+00:00,58132,77.0,85.0,8.3,11.0,,,,
2026-03-11T17:32:16+00:00,58133,77.0,86.0,8.2,2.0,,,,
2026-03-11T17:35:16+00:00,58134,77.0,86.5,8.2,7.0,,,,
2026-03-11T17:38:16+00:00,58135,77.0,87.0,8.3,6.0,,,,
2026-03-11T17:41:16+00:00,58136,77.0,87.0,8.2,6.0,,,,
2026-03-11T17:44:16+00:00,58137,77.0,87.5,8.1,5.0,,,,
2026-03-11T17:47:16+00:00,58138,77.0,88.0,8.0,4.0,,,,
2026-03-11T17:50:16+00:00,58139,77.0,88.0,8.0,3.0,,,,
2026-03-11T17:53:16+00:00,58140,77.0,88.0,8.0,8.0,,,,
2026-03-11T17:56:16+00:00,58141,77.0,88.5,7.9,1.0,,,,
2026-03-11T17:59:16+00:00,58142,77.0,88.5,8.0,4.0,,,,
2026-03-11T18:02:16+00:00,58143,77.0,88.5,8.0,5.0,,,,
2026-03-11T18:05:16+00:00,58144,77.0,89.0,7.9,5.0,,,,
2026-03-11T18:08:16+00:00,58145,77.0,88.5,7.9,4.0,,,,
2026-03-11T18:11:16+00:00,58146,77.0,89.0,7.9,3.0,,,,
2026-03-11T18:14:16+00:00,58147,77.0,88.5,7.9,3.0,,,,
2026-03-11T18:17:16+00:00,58148,77.0,88.5,7.8,7.0,,,,
2026-03-11T18:20:16+00:00,58149,77.0,89.0,7.9,4.0,,,,
2026-03-11T18:23:16+00:00,58150,77.0,88.5,7.9,3.0,,,,
2026-03-11T18:26:16+00:00,58151,77.0,89.0,7.9,3.0,,,,
2026-03-11T18:29:16+00:00,58152,77.0,88.5,7.9,3.0,,,,
2026-03-11T18:32:16+00:00,58153,77.0,88.5,7.9,9.0,,,,
2026-03-11T18:35:16+00:00,58154,77.0,88.0,8.0,0.0,,,,
2026-03-11T18:38:16+00:00,58155,77.0,88.5,7.9,2.0,,,,
2026-03-11T18:41:16+00:00,58156,77.0,88.5,7.9,4.0,,,,
2026-03-11T18:44:16+00:00,58157,77.0,88.5,7.8,4.0,,,,
2026-03-11T18:47:16+00:00,58158,77.0,89.0,7.9,4.0,,,,
2026-03-11T18:50:16+00:00,58159,77.0,89.0,7.8,4.0,,,,
2026-03-11T18:53:16+00:00,58160,77.0,89.0,7.8,3.0,,,,
2026-03-11T18:56:16+00:00,58161,77.0,89.0,7.8,2.0,,,,
2026-03-11T18:59:16+00:00,58162,77.0,89.5,7.8,8.0,,,,
2026-03-11T19:02:16+00:00,58163,77.0,89.5,7.8,1.0,,,,
2026-03-11T19:05:16+00:00,58164,77.0,90.0,7.7,4.0,,,,
2026-03-11T19:08:16+00:00,58165,77.0,90.0,7.7,4.0,,,,
2026-03-11T19:11:16+00:00,58166,77.0,90.0,7.7,4.0,,,,
2026-03-11T19:14:16+00:00,58167,77.0,90.0,7.7,4.0,,,,
2026-03-11T19:17:18+00:00,58168,77.0,90.5,7.6,4.0,,,,
2026-03-11T19:20:16+00:00,58169,77.0,90.5,7.6,6.0,,,,
2026-03-11T19:23:16+00:00,58170,77.0,90.5,7.7,11.0,,,,
2026-03-11T19:26:16+00:00,58171,77.0,91.0,7.7,9.0,,,,
2026-03-11T19:29:16+00:00,58172,77.0,91.0,7.6,10.0,,,,
2026-03-11T19:32:16+00:00,58173,77.0,91.0,7.6,2.0,,,,
2026-03-11T19:35:16+00:00,58174,77.0,91.0,7.5,4.0,,,,
2026-03-11T19:38:16+00:00,58175,77.0,91.0,7.6,6.0,,,,
2026-03-11T19:41:16+00:00,58176,77.0,91.0,7.5,12.0,,,,
2026-03-11T19:44:16+00:00,58177,77.0,91.0,7.5,9.0,,,,
2026-03-11T19:47:16+00:00,58178,77.0,91.0,7.5,4.0,,,,
2026-03-11T19:50:16+00:00,58179,77.0,91.0,7.5,6.0,,,,
2026-03-11T19:53:16+00:00,58180,77.0,91.0,7.4,6.0,,,,
2026-03-11T19:56:16+00:00,58181,77.0,90.5,7.3,7.0,,,,
2026-03-11T19:59:16+00:00,58182,77.0,91.0,7.4,10.0,,,,
2026-03-11T20:02:16+00:00,58183,77.0,91.0,7.3,12.0,,,,
2026-03-11T20:05:16+00:00,58184,77.0,91.5,7.3,9.0,,,,
2026-03-11T20:08:16+00:00,58185,77.0,91.5,7.3,14.0,,,,
2026-03-11T20:11:16+00:00,58186,77.0,91.5,7.4,6.0,,,,
2026-03-11T20:14:16+00:00,58187,77.0,91.5,7.3,11.0,,,,
2026-03-11T20:17:16+00:00,58188,77.0,92.0,7.3,1.0,,,,
2026-03-11T20:20:16+00:00,58189,77.0,92.0,7.2,4.0,,,,
2026-03-11T20:23:16+00:00,58190,77.0,92.0,7.3,7.0,,,,
2026-03-11T20:26:16+00:00,58191,77.0,92.0,7.3,10.0,,,,
2026-03-11T20:29:16+00:00,58192,77.0,92.0,7.3,6.0,,,,
2026-03-11T20:32:16+00:00,58193,77.0,92.5,7.2,6.0,,,,
2026-03-11T20:35:16+00:00,58194,77.0,92.5,7.2,5.0,,,,
2026-03-11T20:38:16+00:00,58195,77.0,93.0,7.2,6.0,,,,
2026-03-11T20:41:16+00:00,58196,77.0,93.0,7.2,6.0,,,,
2026-03-11T20:44:16+00:00,58197,77.0,93.0,7.3,5.0,,,,
2026-03-11T20:47:16+00:00,58198,77.0,93.5,7.2,6.0,,,,
2026-03-11T20:50:16+00:00,58199,77.0,93.5,7.3,11.0,,,,
2026-03-11T20:53:16+00:00,58200,77.0,93.5,7.3,9.0,,,,
2026-03-11T20:56:16+00:00,58201,77.0,93.5,7.1,3.0,,,,
2026-03-11T20:59:16+00:00,58202,77.0,93.5,7.1,8.0,,,,
2026-03-11T21:02:16+00:00,58203,77.0,93.5,7.3,7.0,,,,
2026-03-11T21:05:16+00:00,58204,77.0,93.5,7.1,4.0,,,,
2026-03-11T21:08:16+00:00,58205,77.0,93.5,7.2,3.0,,,,
2026-03-11T21:11:16+00:00,58206,77.0,93.5,7.3,5.0,,,,
2026-03-11T21:14:16+00:00,58207,77.0,93.5,7.2,2.0,,,,
2026-03-11T21:17:16+00:00,58208,77.0,93.5,7.2,7.0,,,,
2026-03-11T21:20:16+00:00,58209,77.0,93.5,7.1,2.0,,,,
2026-03-11T21:23:16+00:00,58210,77.0,93.5,7.2,2.0,,,,
2026-03-11T21:26:16+00:00,58211,77.0,93.5,7.1,9.0,,,,
2026-03-11T21:29:16+00:00,58212,77.0,93.5,7.1,6.0,,,,
2026-03-11T21:32:16+00:00,58213,77.0,93.5,7.2,6.0,,,,
2026-03-11T21:35:16+00:00,58214,77.0,93.5,7.3,4.0,,,,
2026-03-11T21:38:16+00:00,58215,77.0,93.5,7.3,4.0,,,,
2026-03-11T21:41:16+00:00,58216,77.0,93.5,7.1,2.0,,,,
2026-03-11T21:44:16+00:00,58217,77.0,93.5,7.2,2.0,,,,
2026-03-11T21:47:16+00:00,58218,77.0,93.5,7.2,2.0,,,,
2026-03-11T21:50:16+00:00,58219,77.0,93.5,7.3,2.0,,,,
2026-03-11T21:53:16+00:00,58220,77.0,93.5,7.3,2.0,,,,
2026-03-11T21:56:16+00:00,58221,77.0,93.5,7.2,0.0,,,,
2026-03-11T21:59:16+00:00,58222,77.0,93.5,7.3,1.0,,,,
2026-03-11T22:02:16+00:00,58223,77.0,93.5,7.2,1.0,,,,
2026-03-11T22:05:16+00:00,58224,77.0,93.5,7.1,1.0,,,,
2026-03-11T22:08:16+00:00,58225,77.0,93.5,7.2,0.0,,,,
2026-03-11T22:11:16+00:00,58226,77.0,93.5,7.1,0.0,,,,
2026-03-11T22:14:16+00:00,58227,77.0,93.5,7.0,1.0,,,,
2026-03-11T22:17:16+00:00,58228,77.0,93.5,7.2,0.0,,,,
2026-03-11T22:20:16+00:00,58229,77.0,93.5,7.1,1.0,,,,
2026-03-11T22:23:16+00:00,58230,77.0,93.5,7.0,2.0,,,,
2026-03-11T22:26:16+00:00,58231,77.0,93.5,7.1,3.0,,,,
2026-03-11T22:29:16+00:00,58232,77.0,93.5,7.2,3.0,,,,
2026-03-11T22:32:16+00:00,58233,77.0,93.5,7.0,4.0,,,,
2026-03-11T22:35:16+00:00,58234,77.0,93.5,7.0,11.0,,,,
2026-03-11T22:38:16+00:00,58235,77.0,93.5,7.0,5.0,,,,
2026-03-11T22:41:15+00:00,58236,77.0,93.0,7.1,7.0,,,,
2026-03-11T22:44:15+00:00,58237,77.0,93.0,7.0,6.0,,,,
2026-03-11T22:47:15+00:00,58238,77.0,93.5,7.0,10.0,,,,
2026-03-11T22:50:15+00:00,58239,77.0,93.0,7.0,13.0,,,,
2026-03-11T22:53:15+00:00,58240,77.0,93.0,7.0,5.0,,,,
2026-03-11T22:56:15+00:00,58241,77.0,93.0,6.9,8.0,,,,
2026-03-11T22:59:15+00:00,58242,77.0,93.0,6.9,5.0,,,,
2026-03-11T23:02:15+00:00,58243,77.0,93.0,6.8,8.0,,,,
2026-03-11T23:05:15+00:00,58244,77.0,92.5,6.7,15.0,,,,
2026-03-11T23:08:15+00:00,58245,77.0,92.5,6.7,11.0,,,,
2026-03-11T23:11:15+00:00,58246,77.0,92.5,6.6,9.0,,,,
2026-03-11T23:14:15+00:00,58247,77.0,92.5,6.6,10.0,,,,
2026-03-11T23:17:15+00:00,58248,77.0,93.0,6.6,7.0,,,,
2026-03-11T23:20:15+00:00,58249,77.0,93.0,6.5,15.0,,,,
2026-03-11T23:23:15+00:00,58250,77.0,93.0,6.5,2.0,,,,
2026-03-11T23:26:15+00:00,58251,77.0,92.5,6.6,10.0,,,,
2026-03-11T23:29:15+00:00,58252,77.0,92.5,6.6,4.0,,,,
2026-03-11T23:32:15+00:00,58253,77.0,92.5,6.5,8.0,,,,
2026-03-11T23:35:15+00:00,58254,77.0,92.5,6.4,11.0,,,,
2026-03-11T23:38:15+00:00,58255,77.0,92.5,6.3,6.0,,,,
2026-03-11T23:41:15+00:00,58256,77.0,92.5,6.3,6.0,,,,
2026-03-11T23:44:16+00:00,58257,77.0,92.5,6.1,4.0,,,,
2026-03-11T23:47:15+00:00,58258,77.0,92.0,6.3,3.0,,,,
2026-03-11T23:50:15+00:00,58259,77.0,92.0,6.3,3.0,,,,
2026-03-11T23:53:15+00:00,58260,77.0,92.5,6.2,3.0,,,,
2026-03-11T23:56:15+00:00,58261,77.0,92.5,6.2,2.0,,,,
2026-03-11T23:59:15+00:00,58262,77.0,92.5,6.2,2.0,,,,
2026-03-12T00:02:15+00:00,58263,77.0,92.5,6.1,1.0,,,,
2026-03-12T00:05:15+00:00,58264,77.0,93.0,6.3,1.0,,,,
2026-03-12T00:08:15+00:00,58265,77.0,93.0,6.2,0.0,,,,
2026-03-12T00:11:15+00:00,58266,77.0,93.0,6.1,1.0,,,,
2026-03-12T00:14:15+00:00,58267,77.0,93.5,6.2,0.0,,,,
2026-03-12T00:17:15+00:00,58268,77.0,93.5,6.3,0.0,,,,
2026-03-12T00:20:15+00:00,58269,77.0,93.5,6.3,1.0,,,,
2026-03-12T00:23:15+00:00,58270,77.0,93.5,6.2,0.0,,,,
2026-03-12T00:26:15+00:00,58271,77.0,93.0,6.2,0.0,,,,
2026-03-12T00:29:15+00:00,58272,77.0,93.0,6.2,1.0,,,,
2026-03-12T00:32:15+00:00,58273,77.0,93.0,6.2,0.0,,,,
2026-03-12T00:35:15+00:00,58274,77.0,93.0,6.2,0.0,,,,
2026-03-12T00:38:15+00:00,58275,77.0,93.0,6.2,1.0,,,,
2026-03-12T00:41:15+00:00,58276,77.0,93.0,6.3,0.0,,,,
2026-03-12T00:44:15+00:00,58277,77.0,93.0,6.3,0.0,,,,
2026-03-12T00:47:15+00:00,58278,77.0,93.0,6.2,0.0,,,,
2026-03-12T00:50:15+00:00,58279,77.0,93.0,6.2,1.0,,,,
2026-03-12T00:53:15+00:00,58280,77.0,92.5,6.1,0.0,,,,
2026-03-12T00:56:15+00:00,58281,77.0,93.0,6.1,0.0,,,,
2026-03-12T00:59:15+00:00,58282,77.0,92.5,6.2,0.0,,,,
2026-03-12T01:02:15+00:00,58283,77.0,92.0,6.2,0.0,,,,
2026-03-12T01:05:15+00:00,58284,77.0,92.0,6.2,1.0,,,,
2026-03-12T01:08:15+00:00,58285,77.0,92.0,6.2,0.0,,,,
2026-03-12T01:11:15+00:00,58286,77.0,91.5,6.1,0.0,,,,
2026-03-12T01:14:15+00:00,58287,77.0,92.0,6.1,0.0,,,,
2026-03-12T01:17:15+00:00,58288,77.0,92.0,6.2,0.0,,,,
2026-03-12T01:20:15+00:00,58289,77.0,92.5,6.2,1.0,,,,
2026-03-12T01:23:15+00:00,58290,77.0,92.5,6.2,0.0,,,,
2026-03-12T01:26:15+00:00,58291,77.0,93.0,6.2,0.0,,,,
2026-03-12T01:29:15+00:00,58292,77.0,93.0,6.2,1.0,,,,
2026-03-12T01:32:15+00:00,58293,77.0,93.5,6.2,13.0,,,,
2026-03-12T01:35:15+00:00,58294,77.0,93.5,6.2,11.0,,,,
2026-03-12T01:38:15+00:00,58295,77.0,93.5,6.2,9.0,,,,
2026-03-12T01:41:15+00:00,58296,77.0,93.5,6.2,9.0,,,,
2026-03-12T01:44:15+00:00,58297,77.0,93.5,6.2,14.0,,,,
2026-03-12T01:47:15+00:00,58298,77.0,93.5,6.2,4.0,,,,
2026-03-12T01:50:15+00:00,58299,77.0,93.5,6.3,5.0,,,,
2026-03-12T01:53:15+00:00,58300,77.0,93.5,6.1,9.0,,,,
2026-03-12T01:56:15+00:00,58301,77.0,93.5,6.1,4.0,,,,
2026-03-12T01:59:15+00:00,58302,77.0,93.5,6.2,2.0,,,,
2026-03-12T02:02:15+00:00,58303,77.0,93.5,6.1,2.0,,,,
2026-03-12T02:05:15+00:00,58304,77.0,93.5,6.1,1.0,,,,
2026-03-12T02:08:15+00:00,58305,77.0,93.5,6.2,1.0,,,,
2026-03-12T02:11:15+00:00,58306,77.0,93.5,6.2,1.0,,,,
2026-03-12T02:14:15+00:00,58307,77.0,93.5,6.2,1.0,,,,
2026-03-12T02:17:15+00:00,58308,77.0,93.5,6.2,0.0,,,,
2026-03-12T02:20:15+00:00,58309,77.0,93.5,6.2,1.0,,,,
2026-03-12T02:23:15+00:00,58310,77.0,93.5,6.2,1.0,,,,
2026-03-12T02:26:15+00:00,58311,77.0,93.5,6.2,0.0,,,,
2026-03-12T02:29:15+00:00,58312,77.0,93.5,6.2,1.0,,,,
2026-03-12T02:32:15+00:00,58313,77.0,93.5,6.2,2.0,,,,
2026-03-12T02:35:15+00:00,58314,77.0,93.5,6.2,3.0,,,,
2026-03-12T02:38:15+00:00,58315,77.0,93.5,6.2,1.0,,,,
2026-03-12T02:41:15+00:00,58316,77.0,93.5,6.2,3.0,,,,
2026-03-12T02:44:15+00:00,58317,77.0,93.5,6.1,8.0,,,,
2026-03-12T02:47:15+00:00,58318,77.0,93.5,6.1,1.0,,,,
2026-03-12T02:50:15+00:00,58319,77.0,93.5,6.1,0.0,,,,
2026-03-12T02:53:15+00:00,58320,77.0,93.5,6.1,1.0,,,,
2026-03-12T02:56:15+00:00,58321,77.0,93.5,6.2,0.0,,,,
2026-03-12T02:59:15+00:00,58322,77.0,93.0,6.1,0.0,,,,
2026-03-12T03:02:15+00:00,58323,77.0,93.5,6.0,1.0,,,,
2026-03-12T03:05:15+00:00,58324,77.0,93.5,6.2,0.0,,,,
2026-03-12T03:08:15+00:00,58325,77.0,93.5,6.0,0.0,,,,
2026-03-12T03:11:15+00:00,58326,77.0,93.5,6.1,0.0,,,,
2026-03-12T03:14:15+00:00,58327,77.0,93.5,6.1,1.0,,,,
2026-03-12T03:17:15+00:00,58328,77.0,93.5,6.1,0.0,,,,
2026-03-12T03:20:15+00:00,58329,77.0,93.5,6.1,0.0,,,,
2026-03-12T03:23:15+00:00,58330,77.0,93.5,6.1,0.0,,,,
2026-03-12T03:26:15+00:00,58331,77.0,93.5,6.0,0.0,,,,
2026-03-12T03:29:15+00:00,58332,77.0,93.0,6.0,1.0,,,,
2026-03-12T03:32:15+00:00,58333,77.0,93.5,6.0,0.0,,,,
2026-03-12T03:35:15+00:00,58334,77.0,93.5,5.9,0.0,,,,
2026-03-12T03:38:15+00:00,58335,77.0,93.5,5.9,0.0,,,,
2026-03-12T03:41:15+00:00,58336,77.0,93.5,5.9,0.0,,,,
2026-03-12T03:44:15+00:00,58337,77.0,94.0,6.0,0.0,,,,
2026-03-12T03:47:15+00:00,58338,77.0,94.0,6.0,0.0,,,,
2026-03-12T03:50:15+00:00,58339,77.0,94.0,6.0,1.0,,,,
2026-03-12T03:53:15+00:00,58340,77.0,94.0,6.1,0.0,,,,
2026-03-12T03:56:15+00:00,58341,77.0,94.5,6.1,0.0,,,,
2026-03-12T03:59:15+00:00,58342,77.0,94.0,6.0,0.0,,,,
2026-03-12T04:02:15+00:00,58343,77.0,94.0,6.0,0.0,,,,
2026-03-12T04:05:15+00:00,58344,77.0,94.0,5.9,0.0,,,,
2026-03-12T04:08:15+00:00,58345,77.0,94.0,5.8,0.0,,,,
2026-03-12T04:11:15+00:00,58346,77.0,94.0,5.8,0.0,,,,
2026-03-12T04:14:15+00:00,58347,77.0,94.0,5.6,1.0,,,,
2026-03-12T04:17:15+00:00,58348,77.0,94.0,5.6,0.0,,,,
2026-03-12T04:20:15+00:00,58349,77.0,94.5,5.7,0.0,,,,
2026-03-12T04:23:15+00:00,58350,77.0,94.5,5.6,0.0,,,,
2026-03-12T04:26:15+00:00,58351,77.0,94.5,5.5,0.0,,,,
2026-03-12T04:29:15+00:00,58352,77.0,94.5,5.6,0.0,,,,
2026-03-12T04:32:15+00:00,58353,77.0,94.5,5.6,0.0,,,,
2026-03-12T04:35:15+00:00,58354,77.0,94.5,5.5,0.0,,,,
2026-03-12T04:38:15+00:00,58355,77.0,94.5,5.4,0.0,,,,
2026-03-12T04:41:15+00:00,58356,77.0,94.5,5.4,0.0,,,,
2026-03-12T04:44:15+00:00,58357,77.0,94.5,5.4,1.0,,,,
2026-03-12T04:47:15+00:00,58358,77.0,95.0,5.4,0.0,,,,
2026-03-12T04:50:15+00:00,58359,77.0,95.0,5.4,0.0,,,,
2026-03-12T04:53:15+00:00,58360,77.0,95.0,5.4,0.0,,,,
2026-03-12T04:56:15+00:00,58361,77.0,94.5,5.2,0.0,,,,
2026-03-12T04:59:15+00:00,58362,77.0,95.0,5.2,0.0,,,,
2026-03-12T05:02:15+00:00,58363,77.0,95.0,5.3,0.0,,,,
2026-03-12T05:05:15+00:00,58364,77.0,95.0,5.2,0.0,,,,
2026-03-12T05:08:15+00:00,58365,77.0,95.0,5.0,0.0,,,,
2026-03-12T05:11:15+00:00,58366,77.0,95.0,5.1,0.0,,,,
2026-03-12T05:14:15+00:00,58367,77.0,95.5,5.1,0.0,,,,
2026-03-12T05:17:15+00:00,58368,77.0,95.0,5.0,1.0,,,,
2026-03-12T05:20:15+00:00,58369,77.0,95.5,4.9,0.0,,,,
2026-03-12T05:23:15+00:00,58370,77.0,95.5,5.0,0.0,,,,
2026-03-12T05:26:15+00:00,58371,77.0,95.5,4.9,0.0,,,,
2026-03-12T05:29:15+00:00,58372,77.0,95.0,4.8,0.0,,,,
2026-03-12T05:32:15+00:00,58373,77.0,95.5,4.7,0.0,,,,
2026-03-12T05:35:15+00:00,58374,77.0,95.5,4.8,0.0,,,,
2026-03-12T05:38:15+00:00,58375,77.0,95.5,4.7,0.0,,,,
2026-03-12T05:41:15+00:00,58376,77.0,95.5,4.6,0.0,,,,
2026-03-12T05:44:15+00:00,58377,77.0,95.5,4.6,0.0,,,,
2026-03-12T05:47:15+00:00,58378,77.0,95.5,4.4,0.0,,,,
2026-03-12T05:50:15+00:00,58379,77.0,95.5,4.5,0.0,,,,
2026-03-12T05:53:15+00:00,58380,77.0,95.0,4.5,0.0,,,,
2026-03-12T05:56:15+00:00,58381,77.0,95.0,4.4,1.0,,,,
2026-03-12T05:59:15+00:00,58382,77.0,95.0,4.4,0.0,,,,
2026-03-12T06:02:15+00:00,58383,77.0,95.0,4.2,0.0,,,,
2026-03-12T06:05:15+00:00,58384,77.0,94.5,4.2,0.0,,,,
2026-03-12T06:08:15+00:00,58385,77.0,94.0,4.2,0.0,,,,
2026-03-12T06:11:15+00:00,58386,77.0,93.0,4.2,0.0,,,,
2026-03-12T06:14:15+00:00,58387,77.0,92.0,4.3,0.0,,,,
2026-03-12T06:17:15+00:00,58388,77.0,91.0,4.4,0.0,,,,
2026-03-12T06:20:15+00:00,58389,77.0,90.0,4.3,0.0,,,,
2026-03-12T06:23:15+00:00,58390,77.0,90.5,4.2,0.0,,,,
2026-03-12T06:26:15+00:00,58391,77.0,91.0,4.1,0.0,,,,
2026-03-12T06:29:15+00:00,58392,77.0,91.0,4.0,0.0,,,,
2026-03-12T06:32:15+00:00,58393,77.0,91.0,4.0,0.0,,,,
2026-03-12T06:35:15+00:00,58394,77.0,91.0,4.0,0.0,,,,
2026-03-12T06:38:15+00:00,58395,77.0,91.0,4.0,0.0,,,,
2026-03-12T06:41:15+00:00,58396,77.0,91.0,4.1,0.0,,,,
2026-03-12T06:44:15+00:00,58397,77.0,91.0,4.1,1.0,,,,
2026-03-12T06:47:15+00:00,58398,77.0,90.5,4.1,0.0,,,,
2026-03-12T06:50:15+00:00,58399,77.0,90.5,4.2,0.0,,,,
2026-03-12T06:53:15+00:00,58400,77.0,90.5,4.1,0.0,,,,
2026-03-12T06:56:15+00:00,58401,77.0,90.5,4.2,0.0,,,,
2026-03-12T06:59:15+00:00,58402,77.0,90.0,4.2,0.0,,,,
2026-03-12T07:02:15+00:00,58403,77.0,90.0,4.3,0.0,,,,
2026-03-12T07:05:15+00:00,58404,77.0,89.5,4.2,0.0,,,,
2026-03-12T07:08:15+00:00,58405,77.0,89.0,4.3,0.0,,,,
2026-03-12T07:11:15+00:00,58406,77.0,89.0,4.4,0.0,,,,
2026-03-12T07:14:15+00:00,58407,77.0,89.0,4.4,0.0,,,,
2026-03-12T07:17:15+00:00,58408,77.0,88.5,4.5,0.0,,,,
2026-03-12T07:20:15+00:00,58409,77.0,88.5,4.6,0.0,,,,
2026-03-12T07:23:15+00:00,58410,77.0,88.0,4.7,0.0,,,,
2026-03-12T07:26:15+00:00,58411,77.0,87.5,4.7,0.0,,,,
2026-03-12T07:29:15+00:00,58412,77.0,86.5,4.9,0.0,,,,
2026-03-12T07:32:15+00:00,58413,77.0,86.5,4.8,0.0,,,,
2026-03-12T07:35:15+00:00,58414,77.0,86.5,5.0,1.0,,,,
2026-03-12T07:38:15+00:00,58415,77.0,86.5,5.1,0.0,,,,
2026-03-12T07:41:15+00:00,58416,77.0,86.5,5.1,0.0,,,,
2026-03-12T07:44:15+00:00,58417,77.0,86.0,5.2,0.0,,,,
2026-03-12T07:47:15+00:00,58418,77.0,83.5,5.4,0.0,,,,
2026-03-12T07:50:15+00:00,58419,77.0,82.5,5.7,0.0,,,,
2026-03-12T07:53:15+00:00,58420,77.0,81.0,5.8,0.0,,,,
2026-03-12T07:56:15+00:00,58421,77.0,80.0,5.9,0.0,,,,
2026-03-12T07:59:15+00:00,58422,77.0,79.5,5.9,0.0,,,,
2026-03-12T08:02:15+00:00,58423,77.0,80.5,6.0,0.0,,,,
2026-03-12T08:05:15+00:00,58424,77.0,79.0,6.1,0.0,,,,
2026-03-12T08:08:15+00:00,58425,77.0,78.0,6.0,0.0,,,,
2026-03-12T08:11:15+00:00,58426,77.0,78.5,6.2,0.0,,,,
2026-03-12T08:14:14+00:00,58427,77.0,76.5,6.2,0.0,,,,
2026-03-12T08:17:15+00:00,58428,77.0,77.0,6.3,0.0,,,,
2026-03-12T08:20:14+00:00,58429,77.0,77.5,6.4,0.0,,,,
2026-03-12T08:23:14+00:00,58430,77.0,77.0,6.6,0.0,,,,
2026-03-12T08:26:14+00:00,58431,77.0,74.5,6.9,0.0,,,,
2026-03-12T08:29:14+00:00,58432,77.0,74.5,7.3,0.0,,,,
2026-03-12T08:32:14+00:00,58433,77.0,73.0,7.7,0.0,,,,
2026-03-12T08:35:14+00:00,58434,77.0,71.5,8.1,0.0,,,,
2026-03-12T08:38:14+00:00,58435,77.0,73.0,8.4,0.0,,,,
2026-03-12T08:41:14+00:00,58436,77.0,70.5,8.9,0.0,,,,
2026-03-12T08:44:14+00:00,58437,77.0,69.0,9.0,0.0,,,,
2026-03-12T08:47:14+00:00,58438,77.0,70.0,9.2,0.0,,,,
2026-03-12T08:50:14+00:00,58439,77.0,66.5,10.1,0.0,,,,
2026-03-12T08:53:14+00:00,58440,77.0,65.0,10.5,0.0,,,,
2026-03-12T08:56:14+00:00,58441,77.0,65.5,11.3,0.0,,,,
2026-03-12T08:59:14+00:00,58442,77.0,62.5,11.6,0.0,,,,
2026-03-12T09:02:14+00:00,58443,77.0,62.0,11.9,0.0,,,,
2026-03-12T09:05:14+00:00,58444,77.0,63.0,12.0,0.0,,,,
2026-03-12T09:08:14+00:00,58445,77.0,64.5,12.1,0.0,,,,
2026-03-12T09:11:14+00:00,58446,77.0,62.5,12.4,0.0,,,,
2026-03-12T09:14:14+00:00,58447,77.0,63.5,12.7,0.0,,,,
2026-03-12T09:17:14+00:00,58448,77.0,62.0,12.7,0.0,,,,
2026-03-12T09:20:14+00:00,58449,77.0,60.0,12.8,0.0,,,,
2026-03-12T09:23:14+00:00,58450,77.0,60.0,12.8,0.0,,,,
2026-03-12T09:26:14+00:00,58451,77.0,60.0,12.7,0.0,,,,
2026-03-12T09:29:14+00:00,58452,77.0,60.5,12.8,0.0,,,,
2026-03-12T09:32:14+00:00,58453,77.0,58.5,13.0,0.0,,,,
2026-03-12T09:35:14+00:00,58454,77.0,57.5,13.2,0.0,,,,
2026-03-12T09:38:14+00:00,58455,77.0,59.5,13.1,0.0,,,,
2026-03-12T09:41:14+00:00,58456,77.0,56.5,13.3,0.0,,,,
2026-03-12T09:44:14+00:00,58457,77.0,58.0,12.9,0.0,,,,
2026-03-12T09:47:14+00:00,58458,77.0,59.0,12.6,0.0,,,,
2026-03-12T09:50:14+00:00,58459,77.0,60.0,12.1,0.0,,,,
2026-03-12T09:53:14+00:00,58460,77.0,61.5,12.2,0.0,,,,
2026-03-12T09:56:14+00:00,58461,77.0,59.5,12.7,0.0,,,,
2026-03-12T09:59:14+00:00,58462,77.0,59.5,13.1,0.0,,,,
2026-03-12T10:02:14+00:00,58463,77.0,60.0,13.0,0.0,,,,
2026-03-12T10:05:14+00:00,58464,77.0,58.5,13.1,0.0,,,,
2026-03-12T10:08:14+00:00,58465,77.0,57.5,12.9,0.0,,,,
2026-03-12T10:11:14+00:00,58466,77.0,59.5,12.9,0.0,,,,
2026-03-12T10:14:14+00:00,58467,77.0,59.0,12.9,0.0,,,,
2026-03-12T10:17:14+00:00,58468,77.0,58.5,12.8,0.0,,,,
2026-03-12T10:20:14+00:00,58469,77.0,58.5,12.8,0.0,,,,
2026-03-12T10:23:14+00:00,58470,77.0,58.5,12.7,0.0,,,,
2026-03-12T10:26:14+00:00,58471,77.0,58.5,12.6,0.0,,,,
2026-03-12T10:29:14+00:00,58472,77.0,57.5,12.4,0.0,,,,
2026-03-12T10:32:14+00:00,58473,77.0,60.5,12.4,0.0,,,,
2026-03-12T10:35:14+00:00,58474,77.0,58.5,12.4,0.0,,,,
2026-03-12T10:38:14+00:00,58475,77.0,58.5,12.4,0.0,,,,
2026-03-12T10:41:14+00:00,58476,77.0,58.5,12.3,0.0,,,,
2026-03-12T10:44:14+00:00,58477,77.0,59.0,12.3,0.0,,,,
2026-03-12T10:47:14+00:00,58478,77.0,58.0,12.3,0.0,,,,
2026-03-12T10:50:14+00:00,58479,77.0,59.5,12.0,0.0,,,,
2026-03-12T10:53:14+00:00,58480,77.0,59.5,11.8,0.0,,,,
2026-03-12T10:56:14+00:00,58481,77.0,61.0,11.3,0.0,,,,
2026-03-12T10:59:14+00:00,58482,77.0,62.0,11.2,0.0,,,,
2026-03-12T11:02:14+00:00,58483,77.0,63.0,11.1,0.0,,,,
2026-03-12T11:05:14+00:00,58484,77.0,62.0,11.2,0.0,,,,
2026-03-12T11:08:14+00:00,58485,77.0,63.0,11.4,0.0,,,,
2026-03-12T11:11:14+00:00,58486,77.0,61.0,11.5,0.0,,,,
2026-03-12T11:14:14+00:00,58487,77.0,62.0,11.2,0.0,,,,
2026-03-12T11:17:14+00:00,58488,77.0,62.5,11.2,0.0,,,,
2026-03-12T11:20:14+00:00,58489,77.0,61.0,11.2,0.0,,,,
2026-03-12T11:23:14+00:00,58490,77.0,61.0,11.1,0.0,,,,
2026-03-12T11:26:14+00:00,58491,77.0,61.0,10.9,0.0,,,,
2026-03-12T11:29:14+00:00,58492,77.0,62.0,10.8,0.0,,,,
2026-03-12T11:32:14+00:00,58493,77.0,63.0,10.9,0.0,,,,
2026-03-12T11:35:14+00:00,58494,77.0,64.0,11.2,0.0,,,,
2026-03-12T11:38:14+00:00,58495,77.0,61.5,11.8,0.0,,,,
2026-03-12T11:41:14+00:00,58496,77.0,58.5,12.5,0.0,,,,
2026-03-12T11:44:14+00:00,58497,77.0,59.5,13.0,0.0,,,,
2026-03-12T11:47:14+00:00,58498,77.0,60.5,13.2,0.0,,,,
2026-03-12T11:50:14+00:00,58499,77.0,58.0,13.4,0.0,,,,
2026-03-12T11:53:14+00:00,58500,77.0,55.5,13.5,0.0,,,,
2026-03-12T11:56:14+00:00,58501,77.0,57.0,13.7,0.0,,,,
2026-03-12T11:59:14+00:00,58502,77.0,53.5,14.1,0.0,,,,
2026-03-12T12:02:14+00:00,58503,77.0,55.0,14.4,0.0,,,,
2026-03-12T12:05:14+00:00,58504,77.0,52.5,14.6,0.0,,,,
2026-03-12T12:08:14+00:00,58505,77.0,54.0,14.5,0.0,,,,
2026-03-12T12:11:14+00:00,58506,77.0,53.5,14.6,0.0,,,,
2026-03-12T12:14:14+00:00,58507,77.0,53.0,14.7,0.0,,,,
2026-03-12T12:17:14+00:00,58508,77.0,51.5,15.0,0.0,,,,
2026-03-12T12:20:14+00:00,58509,77.0,53.0,15.0,0.0,,,,
2026-03-12T12:23:14+00:00,58510,77.0,50.5,15.3,0.0,,,,
2026-03-12T12:26:14+00:00,58511,77.0,51.5,15.2,0.0,,,,
2026-03-12T12:29:14+00:00,58512,77.0,50.0,15.3,0.0,,,,
2026-03-12T12:32:14+00:00,58513,77.0,52.0,15.1,0.0,,,,
2026-03-12T12:35:14+00:00,58514,77.0,51.0,14.7,0.0,,,,
2026-03-12T12:38:14+00:00,58515,77.0,52.0,14.8,0.0,,,,
2026-03-12T12:41:14+00:00,58516,77.0,51.5,14.8,0.0,,,,
2026-03-12T12:44:14+00:00,58517,77.0,54.0,14.9,0.0,,,,
2026-03-12T12:47:14+00:00,58518,77.0,52.5,15.2,0.0,,,,
2026-03-12T12:50:14+00:00,58519,77.0,49.0,15.3,0.0,,,,
2026-03-12T12:53:14+00:00,58520,77.0,49.5,15.4,0.0,,,,
2026-03-12T12:56:14+00:00,58521,77.0,50.5,15.5,0.0,,,,
2026-03-12T12:59:14+00:00,58522,77.0,49.0,15.6,0.0,,,,
2026-03-12T13:02:14+00:00,58523,77.0,49.0,15.6,0.0,,,,
2026-03-12T13:05:14+00:00,58524,77.0,48.0,15.7,0.0,,,,
2026-03-12T13:08:14+00:00,58525,77.0,48.5,15.8,0.0,,,,
2026-03-12T13:11:14+00:00,58526,77.0,49.0,15.8,0.0,,,,
2026-03-12T13:14:14+00:00,58527,77.0,48.5,15.8,0.0,,,,
2026-03-12T13:17:14+00:00,58528,77.0,48.5,15.8,0.0,,,,
2026-03-12T13:20:14+00:00,58529,77.0,48.5,16.1,0.0,,,,
2026-03-12T13:23:14+00:00,58530,77.0,48.0,16.0,0.0,,,,
2026-03-12T13:26:14+00:00,58531,77.0,48.0,16.0,0.0,,,,
2026-03-12T13:29:14+00:00,58532,77.0,47.5,16.1,0.0,,,,
2026-03-12T13:32:14+00:00,58533,77.0,48.5,15.8,0.0,,,,
2026-03-12T13:35:14+00:00,58534,77.0,48.5,15.1,0.0,,,,
2026-03-12T13:38:14+00:00,58535,77.0,49.5,15.1,0.0,,,,
2026-03-12T13:41:14+00:00,58536,77.0,49.0,15.0,0.0,,,,
2026-03-12T13:44:14+00:00,58537,77.0,51.0,15.2,0.0,,,,
2026-03-12T13:47:14+00:00,58538,77.0,52.0,15.4,0.0,,,,
2026-03-12T13:50:14+00:00,58539,77.0,51.0,15.8,0.0,,,,
2026-03-12T13:53:14+00:00,58540,77.0,48.5,15.9,0.0,,,,
2026-03-12T13:56:14+00:00,58541,77.0,47.5,15.8,0.0,,,,
2026-03-12T13:59:14+00:00,58542,77.0,49.0,15.7,0.0,,,,
2026-03-12T14:02:14+00:00,58543,77.0,48.0,16.0,0.0,,,,
2026-03-12T14:05:14+00:00,58544,77.0,47.0,16.0,0.0,,,,
2026-03-12T14:08:14+00:00,58545,77.0,46.5,16.3,0.0,,,,
2026-03-12T14:11:14+00:00,58546,77.0,46.5,16.0,0.0,,,,
2026-03-12T14:14:14+00:00,58547,77.0,45.5,16.0,0.0,,,,
2026-03-12T14:17:14+00:00,58548,77.0,48.0,15.7,0.0,,,,
2026-03-12T14:20:14+00:00,58549,77.0,46.0,15.9,0.0,,,,
2026-03-12T14:23:14+00:00,58550,77.0,47.0,15.8,0.0,,,,
2026-03-12T14:26:14+00:00,58551,77.0,47.5,15.8,0.0,,,,
2026-03-12T14:29:14+00:00,58552,77.0,46.5,15.8,0.0,,,,
2026-03-12T14:32:14+00:00,58553,77.0,45.0,15.8,0.0,,,,
2026-03-12T14:35:14+00:00,58554,77.0,45.5,15.5,0.0,,,,
2026-03-12T14:38:14+00:00,58555,77.0,46.0,15.4,0.0,,,,
2026-03-12T14:41:14+00:00,58556,77.0,46.5,15.2,0.0,,,,
2026-03-12T14:44:14+00:00,58557,77.0,47.0,15.4,0.0,,,,
2026-03-12T14:47:14+00:00,58558,77.0,46.0,15.5,0.0,,,,
2026-03-12T14:50:14+00:00,58559,77.0,45.0,15.9,0.0,,,,
2026-03-12T14:53:14+00:00,58560,77.0,44.5,15.8,0.0,,,,
2026-03-12T14:56:14+00:00,58561,77.0,45.0,15.4,0.0,,,,
2026-03-12T14:59:14+00:00,58562,77.0,44.0,15.4,0.0,,,,
2026-03-12T15:02:14+00:00,58563,77.0,45.5,15.4,0.0,,,,
2026-03-12T15:05:14+00:00,58564,77.0,44.5,15.5,0.0,,,,
2026-03-12T15:08:14+00:00,58565,77.0,43.5,15.6,0.0,,,,
2026-03-12T15:11:14+00:00,58566,77.0,44.0,15.3,0.0,,,,
2026-03-12T15:14:14+00:00,58567,77.0,44.0,15.3,0.0,,,,
2026-03-12T15:17:14+00:00,58568,77.0,47.0,15.3,0.0,,,,
2026-03-12T15:20:14+00:00,58569,77.0,47.5,15.4,0.0,,,,
2026-03-12T15:23:14+00:00,58570,77.0,44.5,15.4,0.0,,,,
2026-03-12T15:26:14+00:00,58571,77.0,44.0,15.5,0.0,,,,
2026-03-12T15:29:14+00:00,58572,77.0,45.5,15.5,0.0,,,,
2026-03-12T15:32:14+00:00,58573,77.0,44.5,15.6,0.0,,,,
2026-03-12T15:35:14+00:00,58574,77.0,45.5,15.6,0.0,,,,
2026-03-12T15:38:14+00:00,58575,77.0,43.5,15.4,0.0,,,,
2026-03-12T15:41:14+00:00,58576,77.0,44.5,15.4,0.0,,,,
2026-03-12T15:44:14+00:00,58577,77.0,45.5,15.3,0.0,,,,
2026-03-12T15:47:14+00:00,58578,77.0,45.0,15.3,0.0,,,,
2026-03-12T15:50:14+00:00,58579,77.0,43.5,15.3,0.0,,,,
2026-03-12T15:53:14+00:00,58580,77.0,44.5,15.3,0.0,,,,
2026-03-12T15:56:14+00:00,58581,77.0,45.5,15.3,0.0,,,,
2026-03-12T15:59:14+00:00,58582,77.0,44.5,15.3,0.0,,,,
2026-03-12T16:02:14+00:00,58583,77.0,44.5,15.5,0.0,,,,
2026-03-12T16:05:14+00:00,58584,77.0,43.0,15.5,0.0,,,,
2026-03-12T16:08:13+00:00,58585,77.0,42.5,15.5,0.0,,,,
2026-03-12T16:11:14+00:00,58586,77.0,44.0,15.5,0.0,,,,
2026-03-12T16:14:13+00:00,58587,77.0,43.0,15.3,0.0,,,,
2026-03-12T16:17:13+00:00,58588,77.0,45.5,15.2,0.0,,,,
2026-03-12T16:20:13+00:00,58589,77.0,42.5,15.4,0.0,,,,
2026-03-12T16:23:13+00:00,58590,77.0,43.5,15.1,0.0,,,,
2026-03-12T16:26:13+00:00,58591,77.0,43.5,15.1,0.0,,,,
2026-03-12T16:29:13+00:00,58592,77.0,43.0,14.9,0.0,,,,
2026-03-12T16:32:13+00:00,58593,77.0,43.5,14.8,0.0,,,,
2026-03-12T16:35:13+00:00,58594,77.0,43.5,14.6,0.0,,,,
2026-03-12T16:38:13+00:00,58595,77.0,44.0,14.6,0.0,,,,
2026-03-12T16:41:13+00:00,58596,77.0,45.5,14.4,0.0,,,,
2026-03-12T16:44:13+00:00,58597,77.0,45.0,14.3,0.0,,,,
2026-03-12T16:47:13+00:00,58598,77.0,47.0,14.2,0.0,,,,
2026-03-12T16:50:13+00:00,58599,77.0,45.5,14.2,0.0,,,,
2026-03-12T16:53:13+00:00,58600,77.0,46.5,14.0,0.0,,,,
2026-03-12T16:56:13+00:00,58601,77.0,47.0,13.8,0.0,,,,
2026-03-12T16:59:13+00:00,58602,77.0,47.0,13.5,0.0,,,,
2026-03-12T17:02:13+00:00,58603,77.0,48.0,13.2,0.0,,,,
2026-03-12T17:05:13+00:00,58604,77.0,48.0,12.9,0.0,,,,
2026-03-12T17:08:13+00:00,58605,77.0,47.0,12.7,0.0,,,,
2026-03-12T17:11:13+00:00,58606,77.0,48.5,12.5,0.0,,,,
2026-03-12T17:14:13+00:00,58607,77.0,46.5,12.4,0.0,,,,
2026-03-12T17:17:13+00:00,58608,77.0,48.0,12.2,0.0,,,,
2026-03-12T17:20:13+00:00,58609,77.0,47.5,12.0,0.0,,,,
2026-03-12T17:23:13+00:00,58610,77.0,47.0,11.7,0.0,,,,
2026-03-12T17:26:13+00:00,58611,77.0,47.5,11.5,0.0,,,,
2026-03-12T17:29:13+00:00,58612,77.0,48.5,11.1,0.0,,,,
2026-03-12T17:32:13+00:00,58613,77.0,49.5,10.9,0.0,,,,
2026-03-12T17:35:13+00:00,58614,77.0,49.0,10.5,0.0,,,,
2026-03-12T17:38:13+00:00,58615,77.0,50.5,10.4,0.0,,,,
2026-03-12T17:41:13+00:00,58616,77.0,51.0,10.1,0.0,,,,
2026-03-12T17:44:13+00:00,58617,77.0,51.5,9.8,0.0,,,,
2026-03-12T17:47:13+00:00,58618,77.0,52.0,9.6,0.0,,,,
2026-03-12T17:50:13+00:00,58619,77.0,54.0,9.4,0.0,,,,
2026-03-12T17:53:13+00:00,58620,77.0,54.5,9.3,0.0,,,,
2026-03-12T17:56:13+00:00,58621,77.0,54.0,9.1,0.0,,,,
2026-03-12T17:59:13+00:00,58622,77.0,55.0,9.0,0.0,,,,
2026-03-12T18:02:13+00:00,58623,77.0,55.0,8.8,0.0,,,,
2026-03-12T18:05:13+00:00,58624,77.0,56.0,8.7,0.0,,,,
2026-03-12T18:08:13+00:00,58625,77.0,57.0,8.6,0.0,,,,
2026-03-12T18:11:13+00:00,58626,77.0,57.0,8.6,0.0,,,,
2026-03-12T18:14:13+00:00,58627,77.0,56.5,8.5,0.0,,,,
2026-03-12T18:17:13+00:00,58628,77.0,57.5,8.5,0.0,,,,
2026-03-12T18:20:13+00:00,58629,77.0,59.0,8.4,0.0,,,,
2026-03-12T18:23:13+00:00,58630,77.0,60.5,8.4,0.0,,,,
2026-03-12T18:26:13+00:00,58631,77.0,61.0,8.2,0.0,,,,
2026-03-12T18:29:13+00:00,58632,77.0,60.5,8.2,0.0,,,,
2026-03-12T18:32:13+00:00,58633,77.0,61.0,8.0,0.0,,,,
2026-03-12T18:35:13+00:00,58634,77.0,60.5,8.0,0.0,,,,
2026-03-12T18:38:13+00:00,58635,77.0,61.5,8.2,0.0,,,,
2026-03-12T18:41:13+00:00,58636,77.0,62.5,8.0,0.0,,,,
2026-03-12T18:44:13+00:00,58637,77.0,63.5,8.1,0.0,,,,
2026-03-12T18:47:13+00:00,58638,77.0,64.5,7.8,0.0,,,,
2026-03-12T18:50:13+00:00,58639,77.0,65.0,7.5,0.0,,,,
2026-03-12T18:53:13+00:00,58640,77.0,65.0,7.5,0.0,,,,
2026-03-12T18:56:13+00:00,58641,77.0,65.5,7.3,0.0,,,,
2026-03-12T18:59:13+00:00,58642,77.0,65.5,7.3,0.0,,,,
2026-03-12T19:02:13+00:00,58643,77.0,65.5,7.2,0.0,,,,
2026-03-12T19:05:13+00:00,58644,77.0,67.0,7.2,0.0,,,,
2026-03-12T19:08:13+00:00,58645,77.0,67.5,7.1,0.0,,,,
2026-03-12T19:11:13+00:00,58646,77.0,68.0,7.0,0.0,,,,
2026-03-12T19:14:13+00:00,58647,77.0,67.5,7.0,0.0,,,,
2026-03-12T19:17:13+00:00,58648,77.0,69.0,6.9,0.0,,,,
2026-03-12T19:20:13+00:00,58649,77.0,70.0,6.7,0.0,,,,
2026-03-12T19:23:13+00:00,58650,77.0,70.5,6.6,0.0,,,,
2026-03-12T19:26:13+00:00,58651,77.0,70.5,6.6,0.0,,,,
2026-03-12T19:29:13+00:00,58652,77.0,70.5,6.6,0.0,,,,
2026-03-12T19:32:13+00:00,58653,77.0,70.5,6.7,0.0,,,,
2026-03-12T19:35:13+00:00,58654,77.0,70.5,6.5,0.0,,,,
2026-03-12T19:38:13+00:00,58655,77.0,71.0,6.4,0.0,,,,
2026-03-12T19:41:13+00:00,58656,77.0,71.5,6.4,0.0,,,,
2026-03-12T19:44:13+00:00,58657,77.0,71.0,6.5,0.0,,,,
2026-03-12T19:47:13+00:00,58658,77.0,71.0,6.5,0.0,,,,
2026-03-12T19:50:13+00:00,58659,77.0,71.0,6.7,0.0,,,,
2026-03-12T19:53:13+00:00,58660,77.0,71.5,6.6,0.0,,,,
2026-03-12T19:56:13+00:00,58661,77.0,71.5,6.6,0.0,,,,
2026-03-12T19:59:13+00:00,58662,77.0,71.5,6.5,0.0,,,,
2026-03-12T20:02:13+00:00,58663,77.0,71.0,6.6,0.0,,,,
2026-03-12T20:05:13+00:00,58664,77.0,70.0,6.6,0.0,,,,
2026-03-12T20:08:13+00:00,58665,77.0,70.0,6.6,0.0,,,,
2026-03-12T20:11:13+00:00,58666,77.0,70.0,6.5,0.0,,,,
2026-03-12T20:14:13+00:00,58667,77.0,69.5,6.6,0.0,,,,
2026-03-12T20:17:13+00:00,58668,77.0,69.5,6.5,0.0,,,,
2026-03-12T20:20:13+00:00,58669,77.0,69.0,6.5,0.0,,,,
2026-03-12T20:23:13+00:00,58670,77.0,69.0,6.6,0.0,,,,
2026-03-12T20:26:13+00:00,58671,77.0,69.0,6.6,0.0,,,,
2026-03-12T20:29:13+00:00,58672,77.0,69.0,6.7,0.0,,,,
2026-03-12T20:32:13+00:00,58673,77.0,69.0,6.6,0.0,,,,
2026-03-12T20:35:13+00:00,58674,77.0,69.0,6.5,0.0,,,,
2026-03-12T20:38:13+00:00,58675,77.0,69.5,6.5,0.0,,,,
2026-03-12T20:41:13+00:00,58676,77.0,69.5,6.4,0.0,,,,
2026-03-12T20:44:13+00:00,58677,77.0,69.5,6.4,0.0,,,,
2026-03-12T20:47:13+00:00,58678,77.0,69.5,6.5,0.0,,,,
2026-03-12T20:50:13+00:00,58679,77.0,69.5,6.5,0.0,,,,
2026-03-12T20:53:13+00:00,58680,77.0,69.5,6.5,0.0,,,,
2026-03-12T20:56:13+00:00,58681,77.0,69.5,6.5,0.0,,,,
2026-03-12T20:59:13+00:00,58682,77.0,70.0,6.4,0.0,,,,
2026-03-12T21:02:13+00:00,58683,77.0,70.0,6.4,0.0,,,,
2026-03-12T21:05:13+00:00,58684,77.0,70.0,6.4,0.0,,,,
2026-03-12T21:08:13+00:00,58685,77.0,70.0,6.3,0.0,,,,
2026-03-12T21:11:13+00:00,58686,77.0,69.5,6.4,0.0,,,,
2026-03-12T21:14:13+00:00,58687,77.0,69.5,6.3,0.0,,,,
2026-03-12T21:17:13+00:00,58688,77.0,70.0,6.4,0.0,,,,
2026-03-12T21:20:13+00:00,58689,77.0,70.0,6.3,0.0,,,,
2026-03-12T21:23:13+00:00,58690,77.0,71.0,6.2,0.0,,,,
2026-03-12T21:26:13+00:00,58691,77.0,71.5,6.0,0.0,,,,
2026-03-12T21:29:13+00:00,58692,77.0,71.5,6.0,0.0,,,,
2026-03-12T21:32:13+00:00,58693,77.0,72.0,6.0,0.0,,,,
2026-03-12T21:35:13+00:00,58694,77.0,72.0,5.9,0.0,,,,
2026-03-12T21:38:13+00:00,58695,77.0,72.0,6.0,0.0,,,,
2026-03-12T21:41:13+00:00,58696,77.0,72.5,5.8,0.0,,,,
2026-03-12T21:44:13+00:00,58697,77.0,73.0,5.5,0.0,,,,
2026-03-12T21:47:13+00:00,58698,77.0,73.0,5.7,0.0,,,,
2026-03-12T21:50:13+00:00,58699,77.0,73.0,5.7,0.0,,,,
2026-03-12T21:53:13+00:00,58700,77.0,72.5,5.7,0.0,,,,
2026-03-12T21:56:13+00:00,58701,77.0,73.0,5.6,0.0,,,,
2026-03-12T21:59:13+00:00,58702,77.0,73.0,5.5,0.0,,,,
2026-03-12T22:02:13+00:00,58703,77.0,73.5,5.5,0.0,,,,
2026-03-12T22:05:13+00:00,58704,77.0,73.0,5.4,0.0,,,,
2026-03-12T22:08:13+00:00,58705,77.0,73.0,5.5,0.0,,,,
2026-03-12T22:11:13+00:00,58706,77.0,73.0,5.6,0.0,,,,
2026-03-12T22:14:13+00:00,58707,77.0,73.0,5.4,0.0,,,,
2026-03-12T22:17:13+00:00,58708,77.0,73.0,5.4,0.0,,,,
2026-03-12T22:20:13+00:00,58709,77.0,73.5,5.5,0.0,,,,
2026-03-12T22:23:13+00:00,58710,77.0,73.5,5.4,0.0,,,,
2026-03-12T22:26:13+00:00,58711,77.0,73.5,5.2,0.0,,,,
2026-03-12T22:29:13+00:00,58712,77.0,73.5,5.3,0.0,,,,
2026-03-12T22:32:13+00:00,58713,77.0,74.0,5.3,0.0,,,,
2026-03-12T22:35:13+00:00,58714,77.0,74.0,5.3,0.0,,,,
2026-03-12T22:38:13+00:00,58715,77.0,74.0,5.4,0.0,,,,
2026-03-12T22:41:13+00:00,58716,77.0,74.0,5.4,0.0,,,,
2026-03-12T22:44:13+00:00,58717,77.0,74.5,5.1,0.0,,,,
2026-03-12T22:47:13+00:00,58718,77.0,75.5,5.0,0.0,,,,
2026-03-12T22:50:13+00:00,58719,77.0,76.5,4.9,0.0,,,,
2026-03-12T22:53:13+00:00,58720,77.0,77.0,4.9,0.0,,,,
2026-03-12T22:56:13+00:00,58721,77.0,77.5,4.7,0.0,,,,
2026-03-12T22:59:13+00:00,58722,77.0,78.5,4.7,0.0,,,,
2026-03-12T23:02:13+00:00,58723,77.0,79.0,4.6,0.0,,,,
2026-03-12T23:05:13+00:00,58724,77.0,79.5,4.6,0.0,,,,
2026-03-12T23:08:13+00:00,58725,77.0,79.0,4.5,0.0,,,,
2026-03-12T23:11:13+00:00,58726,77.0,79.5,4.3,0.0,,,,
2026-03-12T23:14:13+00:00,58727,77.0,80.5,4.3,0.0,,,,
2026-03-12T23:17:13+00:00,58728,77.0,81.0,4.3,0.0,,,,
2026-03-12T23:20:13+00:00,58729,77.0,81.0,4.5,0.0,,,,
2026-03-12T23:23:13+00:00,58730,77.0,80.0,4.6,0.0,,,,
2026-03-12T23:26:13+00:00,58731,77.0,79.0,4.7,0.0,,,,
2026-03-12T23:29:13+00:00,58732,77.0,79.0,4.6,0.0,,,,
2026-03-12T23:32:13+00:00,58733,77.0,79.0,4.5,0.0,,,,
2026-03-12T23:35:13+00:00,58734,77.0,79.5,4.5,0.0,,,,
2026-03-12T23:38:13+00:00,58735,77.0,79.5,4.6,0.0,,,,
2026-03-12T23:41:13+00:00,58736,77.0,79.0,4.6,0.0,,,,
2026-03-12T23:44:13+00:00,58737,77.0,79.5,4.4,0.0,,,,
2026-03-12T23:47:13+00:00,58738,77.0,79.5,4.5,0.0,,,,
2026-03-12T23:50:13+00:00,58739,77.0,80.0,4.4,0.0,,,,
2026-03-12T23:53:13+00:00,58740,77.0,80.5,4.4,0.0,,,,
2026-03-12T23:56:13+00:00,58741,77.0,81.0,4.3,0.0,,,,
2026-03-12T23:59:13+00:00,58742,77.0,81.0,4.3,0.0,,,,
2026-03-13T00:02:13+00:00,58743,77.0,81.5,4.2,0.0,,,,
2026-03-13T00:05:13+00:00,58744,77.0,81.5,4.3,0.0,,,,
2026-03-13T00:08:13+00:00,58745,77.0,81.5,4.2,0.0,,,,
2026-03-13T00:11:13+00:00,58746,77.0,81.5,4.1,0.0,,,,
2026-03-13T00:14:13+00:00,58747,77.0,82.0,4.2,0.0,,,,
2026-03-13T00:17:13+00:00,58748,77.0,82.0,4.2,0.0,,,,
2026-03-13T00:20:13+00:00,58749,77.0,82.5,4.1,0.0,,,,
2026-03-13T00:23:13+00:00,58750,77.0,82.5,4.1,0.0,,,,
2026-03-13T00:26:13+00:00,58751,77.0,82.5,4.0,0.0,,,,
2026-03-13T00:29:13+00:00,58752,77.0,83.0,4.1,0.0,,,,
2026-03-13T00:32:13+00:00,58753,77.0,83.0,4.1,0.0,,,,
2026-03-13T00:35:13+00:00,58754,77.0,82.5,4.1,0.0,,,,
2026-03-13T00:38:13+00:00,58755,77.0,82.5,4.0,0.0,,,,
2026-03-13T00:41:13+00:00,58756,77.0,83.0,4.0,0.0,,,,
2026-03-13T00:44:13+00:00,58757,77.0,83.0,4.0,0.0,,,,
2026-03-13T00:47:13+00:00,58758,77.0,83.0,4.0,0.0,,,,
2026-03-13T00:50:13+00:00,58759,77.0,83.0,3.9,0.0,,,,
2026-03-13T00:53:13+00:00,58760,77.0,83.5,3.8,0.0,,,,
2026-03-13T00:56:13+00:00,58761,77.0,84.0,3.8,0.0,,,,
2026-03-13T00:59:13+00:00,58762,77.0,84.5,3.8,0.0,,,,
2026-03-13T01:02:13+00:00,58763,77.0,85.0,3.8,0.0,,,,
2026-03-13T01:05:13+00:00,58764,77.0,85.5,3.8,0.0,,,,
2026-03-13T01:08:13+00:00,58765,77.0,85.5,3.7,0.0,,,,
2026-03-13T01:11:13+00:00,58766,77.0,85.5,3.6,0.0,,,,
2026-03-13T01:14:13+00:00,58767,77.0,86.0,3.7,0.0,,,,
2026-03-13T01:17:13+00:00,58768,77.0,86.0,3.7,0.0,,,,
2026-03-13T01:20:12+00:00,58769,77.0,85.5,3.9,0.0,,,,
2026-03-13T01:23:12+00:00,58770,77.0,84.5,3.9,0.0,,,,
2026-03-13T01:26:12+00:00,58771,77.0,84.5,3.8,0.0,,,,
2026-03-13T01:29:12+00:00,58772,77.0,84.5,3.7,0.0,,,,
2026-03-13T01:32:12+00:00,58773,77.0,85.5,3.6,0.0,,,,
2026-03-13T01:35:12+00:00,58774,77.0,85.5,3.7,0.0,,,,
2026-03-13T01:38:12+00:00,58775,77.0,85.5,3.7,0.0,,,,
2026-03-13T01:41:12+00:00,58776,77.0,85.5,3.7,0.0,,,,
2026-03-13T01:44:12+00:00,58777,77.0,85.5,3.7,0.0,,,,
2026-03-13T01:47:12+00:00,58778,77.0,85.0,3.6,0.0,,,,
2026-03-13T01:50:12+00:00,58779,77.0,86.0,3.5,0.0,,,,
2026-03-13T01:53:12+00:00,58780,77.0,86.5,3.3,0.0,,,,
2026-03-13T01:56:12+00:00,58781,77.0,87.0,3.4,0.0,,,,
2026-03-13T01:59:12+00:00,58782,77.0,87.0,3.3,0.0,,,,
2026-03-13T02:02:12+00:00,58783,77.0,87.5,3.4,0.0,,,,
2026-03-13T02:05:12+00:00,58784,77.0,88.0,3.7,0.0,,,,
2026-03-13T02:08:12+00:00,58785,77.0,86.5,3.9,0.0,,,,
2026-03-13T02:11:12+00:00,58786,77.0,85.5,3.9,0.0,,,,
2026-03-13T02:14:12+00:00,58787,77.0,85.5,3.8,0.0,,,,
2026-03-13T02:17:12+00:00,58788,77.0,85.0,3.7,0.0,,,,
2026-03-13T02:20:12+00:00,58789,77.0,86.0,3.5,0.0,,,,
2026-03-13T02:23:12+00:00,58790,77.0,86.0,3.6,0.0,,,,
2026-03-13T02:26:12+00:00,58791,77.0,86.5,3.3,0.0,,,,
2026-03-13T02:29:12+00:00,58792,77.0,87.0,3.5,0.0,,,,
2026-03-13T02:32:12+00:00,58793,77.0,87.5,3.4,0.0,,,,
2026-03-13T02:35:12+00:00,58794,77.0,87.0,3.6,0.0,,,,
2026-03-13T02:38:12+00:00,58795,77.0,87.0,3.5,0.0,,,,
2026-03-13T02:41:12+00:00,58796,77.0,87.0,3.4,0.0,,,,
2026-03-13T02:44:12+00:00,58797,77.0,86.5,3.3,0.0,,,,
2026-03-13T02:47:12+00:00,58798,77.0,87.0,3.1,0.0,,,,
2026-03-13T02:50:12+00:00,58799,77.0,87.5,3.0,0.0,,,,
2026-03-13T02:53:12+00:00,58800,77.0,88.0,2.9,0.0,,,,
2026-03-13T02:56:13+00:00,58801,77.0,89.0,3.0,0.0,,,,
2026-03-13T02:59:12+00:00,58802,77.0,89.0,3.1,0.0,,,,
2026-03-13T03:02:12+00:00,58803,77.0,89.5,3.2,0.0,,,,
2026-03-13T03:05:12+00:00,58804,77.0,90.0,3.1,0.0,,,,
2026-03-13T03:08:12+00:00,58805,77.0,90.0,3.2,0.0,,,,
2026-03-13T03:11:12+00:00,58806,77.0,90.5,3.3,0.0,,,,
2026-03-13T03:14:12+00:00,58807,77.0,90.5,3.3,0.0,,,,
2026-03-13T03:17:12+00:00,58808,77.0,90.0,3.3,0.0,,,,
2026-03-13T03:20:12+00:00,58809,77.0,90.5,3.3,0.0,,,,
2026-03-13T03:23:12+00:00,58810,77.0,90.5,3.3,0.0,,,,
2026-03-13T03:26:12+00:00,58811,77.0,90.5,3.2,0.0,,,,
2026-03-13T03:29:12+00:00,58812,77.0,90.5,3.3,0.0,,,,
2026-03-13T03:32:12+00:00,58813,77.0,90.5,3.3,0.0,,,,
2026-03-13T03:35:12+00:00,58814,77.0,90.0,3.4,0.0,,,,
2026-03-13T03:38:12+00:00,58815,77.0,89.5,3.3,0.0,,,,
2026-03-13T03:41:12+00:00,58816,77.0,89.5,3.2,0.0,,,,
2026-03-13T03:44:12+00:00,58817,77.0,89.5,3.1,0.0,,,,
2026-03-13T03:47:12+00:00,58818,77.0,89.5,3.1,0.0,,,,
2026-03-13T03:50:12+00:00,58819,77.0,89.5,2.9,0.0,,,,
2026-03-13T03:53:12+00:00,58820,77.0,90.0,2.8,0.0,,,,
2026-03-13T03:56:12+00:00,58821,77.0,90.0,2.7,0.0,,,,
2026-03-13T03:59:12+00:00,58822,77.0,90.0,2.6,0.0,,,,
2026-03-13T04:02:12+00:00,58823,77.0,90.5,2.6,0.0,,,,
2026-03-13T04:05:12+00:00,58824,77.0,90.5,2.4,0.0,,,,
2026-03-13T04:08:12+00:00,58825,77.0,91.0,2.6,0.0,,,,
2026-03-13T04:11:12+00:00,58826,77.0,91.0,2.4,0.0,,,,
2026-03-13T04:14:12+00:00,58827,77.0,91.0,2.4,0.0,,,,
2026-03-13T04:17:12+00:00,58828,77.0,92.0,2.4,0.0,,,,
2026-03-13T04:20:12+00:00,58829,77.0,92.0,2.5,0.0,,,,
2026-03-13T04:23:12+00:00,58830,77.0,92.0,2.6,0.0,,,,
2026-03-13T04:26:12+00:00,58831,77.0,92.0,2.6,0.0,,,,
2026-03-13T04:29:12+00:00,58832,77.0,92.0,2.6,0.0,,,,
2026-03-13T04:32:12+00:00,58833,77.0,92.5,2.7,0.0,,,,
2026-03-13T04:35:12+00:00,58834,77.0,92.5,2.7,0.0,,,,
2026-03-13T04:38:12+00:00,58835,77.0,92.0,2.6,0.0,,,,
2026-03-13T04:41:12+00:00,58836,77.0,92.0,2.6,0.0,,,,
2026-03-13T04:44:12+00:00,58837,77.0,92.0,2.7,0.0,,,,
2026-03-13T04:47:12+00:00,58838,77.0,91.5,2.7,0.0,,,,
2026-03-13T04:50:12+00:00,58839,77.0,91.5,2.4,0.0,,,,
2026-03-13T04:53:12+00:00,58840,77.0,91.5,2.4,0.0,,,,
2026-03-13T04:56:12+00:00,58841,77.0,91.5,2.5,0.0,,,,
2026-03-13T04:59:12+00:00,58842,77.0,91.5,2.4,0.0,,,,
2026-03-13T05:02:12+00:00,58843,77.0,91.5,2.5,0.0,,,,
2026-03-13T05:05:12+00:00,58844,77.0,91.5,2.5,0.0,,,,
2026-03-13T05:08:12+00:00,58845,77.0,91.5,2.4,0.0,,,,
2026-03-13T05:11:12+00:00,58846,77.0,91.5,2.4,0.0,,,,
2026-03-13T05:14:12+00:00,58847,77.0,91.5,2.3,0.0,,,,
2026-03-13T05:17:12+00:00,58848,77.0,91.5,2.2,0.0,,,,
2026-03-13T05:20:12+00:00,58849,77.0,92.0,2.3,0.0,,,,
2026-03-13T05:23:12+00:00,58850,77.0,92.5,2.3,0.0,,,,
2026-03-13T05:26:12+00:00,58851,77.0,93.0,2.4,0.0,,,,
2026-03-13T05:29:12+00:00,58852,77.0,92.5,2.4,0.0,,,,
2026-03-13T05:32:12+00:00,58853,77.0,93.0,2.5,0.0,,,,
2026-03-13T05:35:12+00:00,58854,77.0,93.0,2.4,0.0,,,,
2026-03-13T05:38:12+00:00,58855,77.0,93.0,2.4,0.0,,,,
2026-03-13T05:41:12+00:00,58856,77.0,92.5,2.4,0.0,,,,
2026-03-13T05:44:12+00:00,58857,77.0,92.5,2.3,0.0,,,,
2026-03-13T05:47:12+00:00,58858,77.0,92.5,2.3,0.0,,,,
2026-03-13T05:50:12+00:00,58859,77.0,92.5,2.3,0.0,,,,
2026-03-13T05:53:12+00:00,58860,77.0,93.0,2.4,0.0,,,,
2026-03-13T05:56:12+00:00,58861,77.0,92.5,2.4,0.0,,,,
2026-03-13T05:59:12+00:00,58862,77.0,92.0,2.3,0.0,,,,
2026-03-13T06:02:12+00:00,58863,77.0,92.0,2.2,0.0,,,,
2026-03-13T06:05:12+00:00,58864,77.0,92.5,2.3,0.0,,,,
2026-03-13T06:08:12+00:00,58865,77.0,92.5,2.5,0.0,,,,
2026-03-13T06:11:12+00:00,58866,77.0,92.0,2.4,0.0,,,,
2026-03-13T06:14:12+00:00,58867,77.0,92.0,2.3,0.0,,,,
2026-03-13T06:17:12+00:00,58868,77.0,92.0,2.4,0.0,,,,
2026-03-13T06:20:12+00:00,58869,77.0,92.0,2.3,0.0,,,,
2026-03-13T06:23:12+00:00,58870,77.0,92.0,2.2,0.0,,,,
2026-03-13T06:26:12+00:00,58871,77.0,92.0,2.1,0.0,,,,
2026-03-13T06:29:12+00:00,58872,77.0,92.5,2.2,0.0,,,,
2026-03-13T06:32:12+00:00,58873,77.0,92.5,2.1,0.0,,,,
2026-03-13T06:35:12+00:00,58874,77.0,93.0,2.4,0.0,,,,
2026-03-13T06:38:12+00:00,58875,77.0,93.0,2.4,0.0,,,,
2026-03-13T06:41:12+00:00,58876,77.0,93.0,2.5,0.0,,,,
2026-03-13T06:44:12+00:00,58877,77.0,93.0,2.5,0.0,,,,
2026-03-13T06:47:12+00:00,58878,77.0,93.0,2.4,0.0,,,,
2026-03-13T06:50:12+00:00,58879,77.0,93.0,2.6,0.0,,,,
2026-03-13T06:53:12+00:00,58880,77.0,93.0,2.6,0.0,,,,
2026-03-13T06:56:12+00:00,58881,77.0,93.0,2.6,0.0,,,,
2026-03-13T06:59:12+00:00,58882,77.0,93.0,2.7,0.0,,,,
2026-03-13T07:02:12+00:00,58883,77.0,93.0,2.8,0.0,,,,
2026-03-13T07:05:12+00:00,58884,77.0,93.0,3.0,0.0,,,,
2026-03-13T07:08:12+00:00,58885,77.0,92.5,2.9,0.0,,,,
2026-03-13T07:11:12+00:00,58886,77.0,93.0,3.0,0.0,,,,
2026-03-13T07:14:12+00:00,58887,77.0,92.5,3.2,0.0,,,,
2026-03-13T07:17:12+00:00,58888,77.0,92.5,3.5,0.0,,,,
2026-03-13T07:20:12+00:00,58889,77.0,92.0,3.8,0.0,,,,
2026-03-13T07:23:12+00:00,58890,77.0,91.5,4.0,0.0,,,,
2026-03-13T07:26:12+00:00,58891,77.0,90.5,4.1,0.0,,,,
2026-03-13T07:29:12+00:00,58892,77.0,89.5,4.1,0.0,,,,
2026-03-13T07:32:12+00:00,58893,77.0,89.5,4.1,0.0,,,,
2026-03-13T07:35:12+00:00,58894,77.0,89.0,4.2,0.0,,,,
2026-03-13T07:38:12+00:00,58895,77.0,89.0,4.2,0.0,,,,
2026-03-13T07:41:12+00:00,58896,77.0,89.0,4.4,0.0,,,,
2026-03-13T07:44:12+00:00,58897,77.0,88.5,4.5,0.0,,,,
2026-03-13T07:47:12+00:00,58898,77.0,88.0,4.8,0.0,,,,
2026-03-13T07:50:12+00:00,58899,77.0,86.5,5.1,0.0,,,,
2026-03-13T07:53:12+00:00,58900,77.0,84.5,5.2,0.0,,,,
2026-03-13T07:56:12+00:00,58901,77.0,84.0,5.2,0.0,,,,
2026-03-13T07:59:12+00:00,58902,77.0,83.5,5.2,0.0,,,,
2026-03-13T08:02:12+00:00,58903,77.0,83.0,5.2,0.0,,,,
2026-03-13T08:05:12+00:00,58904,77.0,82.5,5.3,0.0,,,,
2026-03-13T08:08:12+00:00,58905,77.0,83.0,5.3,0.0,,,,
2026-03-13T08:11:12+00:00,58906,77.0,82.5,5.3,0.0,,,,
2026-03-13T08:14:12+00:00,58907,77.0,81.5,5.5,0.0,,,,
2026-03-13T08:17:12+00:00,58908,77.0,80.5,5.6,0.0,,,,
2026-03-13T08:20:12+00:00,58909,77.0,80.0,5.8,0.0,,,,
2026-03-13T08:23:12+00:00,58910,77.0,78.5,6.2,0.0,,,,
2026-03-13T08:26:12+00:00,58911,77.0,78.0,6.7,0.0,,,,
2026-03-13T08:29:12+00:00,58912,77.0,75.5,7.4,0.0,,,,
2026-03-13T08:32:12+00:00,58913,77.0,73.0,8.2,0.0,,,,
2026-03-13T08:35:12+00:00,58914,77.0,70.5,8.5,0.0,,,,
2026-03-13T08:38:12+00:00,58915,77.0,67.5,9.1,0.0,,,,
2026-03-13T08:41:12+00:00,58916,77.0,65.0,9.4,0.0,,,,
2026-03-13T08:44:12+00:00,58917,77.0,63.5,9.4,0.0,,,,
2026-03-13T08:47:12+00:00,58918,77.0,61.0,9.9,0.0,,,,
2026-03-13T08:50:12+00:00,58919,77.0,59.0,10.0,0.0,,,,
2026-03-13T08:53:12+00:00,58920,77.0,60.0,10.3,0.0,,,,
2026-03-13T08:56:12+00:00,58921,77.0,60.5,10.4,0.0,,,,
2026-03-13T08:59:12+00:00,58922,77.0,60.5,10.7,0.0,,,,
2026-03-13T09:02:12+00:00,58923,77.0,58.5,10.9,0.0,,,,
2026-03-13T09:05:12+00:00,58924,77.0,58.0,11.1,0.0,,,,
2026-03-13T09:08:12+00:00,58925,77.0,59.5,11.2,0.0,,,,
2026-03-13T09:11:12+00:00,58926,77.0,58.5,11.5,0.0,,,,
2026-03-13T09:14:12+00:00,58927,77.0,60.0,11.3,0.0,,,,
2026-03-13T09:17:12+00:00,58928,77.0,57.0,11.4,0.0,,,,
2026-03-13T09:20:12+00:00,58929,77.0,56.5,11.5,0.0,,,,
2026-03-13T09:23:12+00:00,58930,77.0,56.5,11.8,0.0,,,,
2026-03-13T09:26:12+00:00,58931,77.0,57.5,12.2,0.0,,,,
2026-03-13T09:29:12+00:00,58932,77.0,56.0,12.2,0.0,,,,
2026-03-13T09:32:12+00:00,58933,77.0,55.0,12.2,0.0,,,,
2026-03-13T09:35:12+00:00,58934,77.0,55.0,11.8,0.0,,,,
2026-03-13T09:38:12+00:00,58935,77.0,56.0,11.8,0.0,,,,
2026-03-13T09:41:12+00:00,58936,77.0,55.5,12.4,0.0,,,,
2026-03-13T09:44:12+00:00,58937,77.0,53.5,12.7,0.0,,,,
2026-03-13T09:47:12+00:00,58938,77.0,54.0,12.7,0.0,,,,
2026-03-13T09:50:12+00:00,58939,77.0,53.0,12.6,0.0,,,,
2026-03-13T09:53:12+00:00,58940,77.0,53.0,12.7,0.0,,,,
2026-03-13T09:56:12+00:00,58941,77.0,52.0,12.8,0.0,,,,
2026-03-13T09:59:12+00:00,58942,77.0,51.5,13.3,0.0,,,,
2026-03-13T10:02:12+00:00,58943,77.0,50.5,13.4,0.0,,,,
2026-03-13T10:05:12+00:00,58944,77.0,53.0,13.5,0.0,,,,
2026-03-13T10:08:12+00:00,58945,77.0,52.5,13.7,0.0,,,,
2026-03-13T10:11:12+00:00,58946,77.0,48.0,14.0,0.0,,,,
2026-03-13T10:14:12+00:00,58947,77.0,49.5,14.3,0.0,,,,
2026-03-13T10:17:12+00:00,58948,77.0,48.5,14.7,0.0,,,,
2026-03-13T10:20:12+00:00,58949,77.0,46.0,14.6,0.0,,,,
2026-03-13T10:23:12+00:00,58950,77.0,47.5,14.4,0.0,,,,
2026-03-13T10:26:12+00:00,58951,77.0,48.5,14.3,0.0,,,,
2026-03-13T10:29:12+00:00,58952,77.0,47.5,14.5,0.0,,,,
2026-03-13T10:32:12+00:00,58953,77.0,46.0,14.5,0.0,,,,
2026-03-13T10:35:12+00:00,58954,77.0,46.0,14.8,0.0,,,,
2026-03-13T10:38:12+00:00,58955,77.0,47.5,15.0,0.0,,,,
2026-03-13T10:41:12+00:00,58956,77.0,46.0,14.9,0.0,,,,
2026-03-13T10:44:12+00:00,58957,77.0,46.5,14.9,0.0,,,,
2026-03-13T10:47:12+00:00,58958,77.0,47.0,14.9,0.0,,,,
2026-03-13T10:50:12+00:00,58959,77.0,45.5,15.1,0.0,,,,
2026-03-13T10:53:12+00:00,58960,77.0,44.5,15.2,0.0,,,,
2026-03-13T10:56:12+00:00,58961,77.0,45.0,15.1,0.0,,,,
2026-03-13T10:59:12+00:00,58962,77.0,46.5,15.1,0.0,,,,
2026-03-13T11:02:12+00:00,58963,77.0,46.0,15.4,0.0,,,,
2026-03-13T11:05:12+00:00,58964,77.0,46.5,15.4,0.0,,,,
2026-03-13T11:08:11+00:00,58965,77.0,46.5,15.6,0.0,,,,
2026-03-13T11:11:11+00:00,58966,77.0,45.0,15.5,0.0,,,,
2026-03-13T11:14:11+00:00,58967,77.0,43.5,15.5,0.0,,,,
2026-03-13T11:17:11+00:00,58968,77.0,44.5,15.7,0.0,,,,
2026-03-13T11:20:11+00:00,58969,77.0,43.5,15.6,0.0,,,,
2026-03-13T11:23:11+00:00,58970,77.0,47.0,15.4,0.0,,,,
2026-03-13T11:26:11+00:00,58971,77.0,45.0,15.4,0.0,,,,
2026-03-13T11:29:11+00:00,58972,77.0,45.0,15.4,0.0,,,,
2026-03-13T11:32:11+00:00,58973,77.0,47.0,15.5,0.0,,,,
2026-03-13T11:35:11+00:00,58974,77.0,44.5,15.6,0.0,,,,
2026-03-13T11:38:11+00:00,58975,77.0,45.0,15.3,0.0,,,,
2026-03-13T11:41:11+00:00,58976,77.0,45.5,15.3,0.0,,,,
2026-03-13T11:44:11+00:00,58977,77.0,44.0,15.4,0.0,,,,
2026-03-13T11:47:11+00:00,58978,77.0,45.5,15.2,0.0,,,,
2026-03-13T11:50:11+00:00,58979,77.0,45.0,15.2,0.0,,,,
2026-03-13T11:53:11+00:00,58980,77.0,45.5,15.2,0.0,,,,
2026-03-13T11:56:11+00:00,58981,77.0,46.5,14.7,0.0,,,,
2026-03-13T11:59:11+00:00,58982,77.0,47.0,14.3,0.0,,,,
2026-03-13T12:02:11+00:00,58983,77.0,47.5,14.4,0.0,,,,
2026-03-13T12:05:11+00:00,58984,77.0,49.0,14.5,0.0,,,,
2026-03-13T12:08:11+00:00,58985,77.0,46.5,14.8,0.0,,,,
2026-03-13T12:11:11+00:00,58986,77.0,48.5,15.3,0.0,,,,
2026-03-13T12:14:11+00:00,58987,77.0,47.0,15.7,0.0,,,,
2026-03-13T12:17:11+00:00,58988,77.0,43.5,16.0,0.0,,,,
2026-03-13T12:20:11+00:00,58989,77.0,44.0,16.1,0.0,,,,
2026-03-13T12:23:11+00:00,58990,77.0,45.5,15.7,0.0,,,,
2026-03-13T12:26:11+00:00,58991,77.0,45.5,15.4,0.0,,,,
2026-03-13T12:29:11+00:00,58992,77.0,44.0,15.3,0.0,,,,
2026-03-13T12:32:11+00:00,58993,77.0,44.0,15.2,0.0,,,,
2026-03-13T12:35:11+00:00,58994,77.0,45.5,14.9,0.0,,,,
2026-03-13T12:38:11+00:00,58995,77.0,46.0,14.8,0.0,,,,
2026-03-13T12:41:11+00:00,58996,77.0,46.5,14.6,0.0,,,,
2026-03-13T12:44:11+00:00,58997,77.0,46.0,14.2,0.0,,,,
2026-03-13T12:47:11+00:00,58998,77.0,47.0,14.2,0.0,,,,
2026-03-13T12:50:11+00:00,58999,77.0,47.5,13.9,0.0,,,,
2026-03-13T12:53:11+00:00,59000,77.0,47.0,14.0,0.0,,,,
2026-03-13T12:56:11+00:00,59001,77.0,46.0,14.0,0.0,,,,
2026-03-13T12:59:11+00:00,59002,77.0,46.5,13.8,0.0,,,,
2026-03-13T13:02:11+00:00,59003,77.0,46.0,13.7,0.0,,,,
2026-03-13T13:05:11+00:00,59004,77.0,46.5,13.5,0.0,,,,
2026-03-13T13:08:11+00:00,59005,77.0,47.0,13.4,0.0,,,,
2026-03-13T13:11:11+00:00,59006,77.0,46.5,13.3,0.0,,,,
2026-03-13T13:14:11+00:00,59007,77.0,46.0,13.4,0.0,,,,
2026-03-13T13:17:11+00:00,59008,77.0,46.5,13.2,0.0,,,,
2026-03-13T13:20:11+00:00,59009,77.0,47.0,13.2,0.0,,,,
2026-03-13T13:23:11+00:00,59010,77.0,47.5,13.6,0.0,,,,
2026-03-13T13:26:11+00:00,59011,77.0,45.0,14.1,0.0,,,,
2026-03-13T13:29:11+00:00,59012,77.0,45.5,14.2,0.0,,,,
2026-03-13T13:32:11+00:00,59013,77.0,46.0,14.3,0.0,,,,
2026-03-13T13:35:11+00:00,59014,77.0,45.5,14.5,0.0,,,,
2026-03-13T13:38:11+00:00,59015,77.0,46.0,14.9,0.0,,,,
2026-03-13T13:41:11+00:00,59016,77.0,42.5,14.9,0.0,,,,
2026-03-13T13:44:11+00:00,59017,77.0,44.5,15.2,0.0,,,,
2026-03-13T13:47:11+00:00,59018,77.0,40.5,15.5,0.0,,,,
2026-03-13T13:50:11+00:00,59019,77.0,40.0,15.5,0.0,,,,
2026-03-13T13:53:11+00:00,59020,77.0,41.0,15.5,0.0,,,,
2026-03-13T13:56:11+00:00,59021,77.0,41.0,15.3,0.0,,,,
2026-03-13T13:59:11+00:00,59022,77.0,42.0,14.8,0.0,,,,
2026-03-13T14:02:11+00:00,59023,77.0,42.5,14.5,0.0,,,,
2026-03-13T14:05:11+00:00,59024,77.0,43.0,14.2,0.0,,,,
2026-03-13T14:08:11+00:00,59025,77.0,43.0,14.1,0.0,,,,
2026-03-13T14:11:11+00:00,59026,77.0,43.0,14.2,0.0,,,,
2026-03-13T14:14:11+00:00,59027,77.0,43.5,14.5,0.0,,,,
2026-03-13T14:17:11+00:00,59028,77.0,43.0,14.8,0.0,,,,
2026-03-13T14:20:11+00:00,59029,77.0,42.5,15.2,0.0,,,,
2026-03-13T14:23:11+00:00,59030,77.0,42.0,15.6,0.0,,,,
2026-03-13T14:26:11+00:00,59031,77.0,40.0,15.8,0.0,,,,
2026-03-13T14:29:11+00:00,59032,77.0,39.5,15.9,0.0,,,,
2026-03-13T14:32:11+00:00,59033,77.0,39.5,16.0,0.0,,,,
2026-03-13T14:35:11+00:00,59034,77.0,39.0,16.1,0.0,,,,
2026-03-13T14:38:11+00:00,59035,77.0,39.5,15.7,0.0,,,,
2026-03-13T14:41:11+00:00,59036,77.0,40.0,15.7,0.0,,,,
2026-03-13T14:44:11+00:00,59037,77.0,40.5,15.5,0.0,,,,
2026-03-13T14:47:11+00:00,59038,77.0,40.5,15.4,0.0,,,,
2026-03-13T14:50:11+00:00,59039,77.0,40.5,15.0,0.0,,,,
2026-03-13T14:53:11+00:00,59040,77.0,41.5,14.9,0.0,,,,
2026-03-13T14:56:11+00:00,59041,77.0,40.5,14.8,0.0,,,,
2026-03-13T14:59:11+00:00,59042,77.0,39.5,14.7,0.0,,,,
2026-03-13T15:02:11+00:00,59043,77.0,41.0,14.5,0.0,,,,
2026-03-13T15:05:11+00:00,59044,77.0,40.5,14.6,0.0,,,,
2026-03-13T15:08:11+00:00,59045,77.0,40.0,14.7,0.0,,,,
2026-03-13T15:11:11+00:00,59046,77.0,39.5,14.7,0.0,,,,
2026-03-13T15:14:11+00:00,59047,77.0,41.0,14.7,0.0,,,,
2026-03-13T15:17:11+00:00,59048,77.0,40.0,14.7,0.0,,,,
2026-03-13T15:20:11+00:00,59049,77.0,40.0,14.7,0.0,,,,
2026-03-13T15:23:11+00:00,59050,77.0,40.0,14.6,0.0,,,,
2026-03-13T15:26:11+00:00,59051,77.0,41.0,14.5,0.0,,,,
2026-03-13T15:29:11+00:00,59052,77.0,41.0,14.5,0.0,,,,
2026-03-13T15:32:11+00:00,59053,77.0,42.5,14.5,0.0,,,,
2026-03-13T15:35:11+00:00,59054,77.0,41.5,14.3,0.0,,,,
2026-03-13T15:38:11+00:00,59055,77.0,42.5,14.3,0.0,,,,
2026-03-13T15:41:11+00:00,59056,77.0,43.0,14.2,0.0,,,,
2026-03-13T15:44:11+00:00,59057,77.0,43.5,14.2,0.0,,,,
2026-03-13T15:47:11+00:00,59058,77.0,44.5,14.0,0.0,,,,
2026-03-13T15:50:11+00:00,59059,77.0,45.0,13.9,0.0,,,,
2026-03-13T15:53:11+00:00,59060,77.0,45.5,13.8,0.0,,,,
2026-03-13T15:56:11+00:00,59061,77.0,45.5,13.7,0.0,,,,
2026-03-13T15:59:11+00:00,59062,77.0,45.5,13.6,0.0,,,,
2026-03-13T16:02:11+00:00,59063,77.0,46.0,13.6,0.0,,,,
2026-03-13T16:05:11+00:00,59064,77.0,45.5,13.6,0.0,,,,
2026-03-13T16:08:11+00:00,59065,77.0,45.5,13.4,0.0,,,,
2026-03-13T16:11:11+00:00,59066,77.0,46.0,13.4,0.0,,,,
2026-03-13T16:14:11+00:00,59067,77.0,46.5,13.4,0.0,,,,
2026-03-13T16:17:11+00:00,59068,77.0,47.0,13.2,0.0,,,,
2026-03-13T16:20:11+00:00,59069,77.0,48.0,13.1,0.0,,,,
2026-03-13T16:23:11+00:00,59070,77.0,48.0,12.9,0.0,,,,
2026-03-13T16:26:11+00:00,59071,77.0,49.5,12.8,0.0,,,,
2026-03-13T16:29:11+00:00,59072,77.0,50.0,12.6,0.0,,,,
2026-03-13T16:32:11+00:00,59073,77.0,51.0,12.6,0.0,,,,
2026-03-13T16:35:11+00:00,59074,77.0,52.5,12.5,0.0,,,,
2026-03-13T16:38:11+00:00,59075,77.0,52.0,12.4,0.0,,,,
2026-03-13T16:41:11+00:00,59076,77.0,51.5,12.3,0.0,,,,
2026-03-13T16:44:11+00:00,59077,77.0,51.0,12.3,0.0,,,,
2026-03-13T16:47:11+00:00,59078,77.0,51.0,12.4,0.0,,,,
2026-03-13T16:50:11+00:00,59079,77.0,51.0,12.3,0.0,,,,
2026-03-13T16:53:11+00:00,59080,77.0,51.5,12.3,0.0,,,,
2026-03-13T16:56:11+00:00,59081,77.0,52.0,12.2,0.0,,,,
2026-03-13T16:59:11+00:00,59082,77.0,51.5,12.2,0.0,,,,
2026-03-13T17:02:11+00:00,59083,77.0,51.0,12.2,0.0,,,,
2026-03-13T17:05:11+00:00,59084,77.0,50.0,12.2,0.0,,,,
2026-03-13T17:08:11+00:00,59085,77.0,51.5,12.1,0.0,,,,
2026-03-13T17:11:11+00:00,59086,77.0,50.5,12.1,0.0,,,,
2026-03-13T17:14:11+00:00,59087,77.0,50.5,12.2,0.0,,,,
2026-03-13T17:17:11+00:00,59088,77.0,50.0,12.3,0.0,,,,
2026-03-13T17:20:11+00:00,59089,77.0,50.5,12.2,0.0,,,,
2026-03-13T17:23:11+00:00,59090,77.0,50.0,12.3,0.0,,,,
2026-03-13T17:26:11+00:00,59091,77.0,50.0,12.2,0.0,,,,
2026-03-13T17:29:11+00:00,59092,77.0,50.5,12.1,0.0,,,,
2026-03-13T17:32:11+00:00,59093,77.0,49.5,12.1,0.0,,,,
2026-03-13T17:35:11+00:00,59094,77.0,50.5,12.0,0.0,,,,
2026-03-13T17:38:11+00:00,59095,77.0,50.0,12.0,0.0,,,,
2026-03-13T17:41:11+00:00,59096,77.0,50.5,11.9,0.0,,,,
2026-03-13T17:44:11+00:00,59097,77.0,49.5,11.8,0.0,,,,
2026-03-13T17:47:11+00:00,59098,77.0,50.0,11.8,0.0,,,,
2026-03-13T17:50:11+00:00,59099,77.0,48.5,11.6,0.0,,,,
2026-03-13T17:53:11+00:00,59100,77.0,48.0,11.7,0.0,,,,
2026-03-13T17:56:11+00:00,59101,77.0,48.5,11.9,0.0,,,,
2026-03-13T18:02:11+00:00,59102,77.0,49.5,11.7,0.0,,,,
2026-03-13T18:05:11+00:00,59103,77.0,49.0,11.7,0.0,,,,
2026-03-13T18:08:11+00:00,59104,77.0,49.0,11.7,0.0,,,,
2026-03-13T18:11:11+00:00,59105,77.0,49.0,11.6,0.0,,,,
2026-03-13T18:14:11+00:00,59106,77.0,49.0,11.6,0.0,,,,
2026-03-13T18:17:11+00:00,59107,77.0,49.5,11.5,0.0,,,,
2026-03-13T18:20:11+00:00,59108,77.0,50.0,11.3,0.0,,,,
2026-03-13T18:23:11+00:00,59109,77.0,49.5,11.3,0.0,,,,
2026-03-13T18:26:11+00:00,59110,77.0,50.0,11.3,0.0,,,,
2026-03-13T18:29:11+00:00,59111,77.0,50.0,11.3,0.0,,,,
2026-03-13T18:32:11+00:00,59112,77.0,50.0,11.3,0.0,,,,
2026-03-13T18:35:11+00:00,59113,77.0,50.5,11.2,0.0,,,,
2026-03-13T18:38:11+00:00,59114,77.0,51.5,11.2,0.0,,,,
2026-03-13T18:41:11+00:00,59115,77.0,52.0,10.9,0.0,,,,
2026-03-13T18:44:11+00:00,59116,77.0,53.0,10.8,0.0,,,,
2026-03-13T18:47:11+00:00,59117,77.0,52.5,10.9,0.0,,,,
2026-03-13T18:50:11+00:00,59118,77.0,52.5,10.8,0.0,,,,
2026-03-13T18:53:11+00:00,59119,77.0,52.5,10.7,0.0,,,,
2026-03-13T18:56:11+00:00,59120,77.0,52.5,10.6,0.0,,,,
2026-03-13T18:59:11+00:00,59121,77.0,51.0,10.9,0.0,,,,
2026-03-13T19:02:10+00:00,59122,77.0,51.5,11.1,0.0,,,,
2026-03-13T19:05:11+00:00,59123,77.0,50.5,11.2,0.0,,,,
2026-03-13T19:08:10+00:00,59124,77.0,51.0,11.2,0.0,,,,
2026-03-13T19:11:10+00:00,59125,77.0,52.0,11.2,0.0,,,,
2026-03-13T19:14:10+00:00,59126,77.0,51.0,11.1,0.0,,,,
2026-03-13T19:17:10+00:00,59127,77.0,51.0,11.1,0.0,,,,
2026-03-13T19:20:10+00:00,59128,77.0,51.5,11.1,0.0,,,,
2026-03-13T19:23:10+00:00,59129,77.0,53.0,11.0,0.0,,,,
2026-03-13T19:26:10+00:00,59130,77.0,53.0,10.9,0.0,,,,
2026-03-13T19:29:10+00:00,59131,77.0,53.0,10.9,0.0,,,,
2026-03-13T19:32:10+00:00,59132,77.0,52.5,11.0,0.0,,,,
2026-03-13T19:35:10+00:00,59133,77.0,52.5,11.2,0.0,,,,
2026-03-13T19:38:10+00:00,59134,77.0,53.0,11.3,0.0,,,,
2026-03-13T19:41:10+00:00,59135,77.0,53.0,11.3,0.0,,,,
2026-03-13T19:44:10+00:00,59136,77.0,54.0,11.4,0.0,,,,
2026-03-13T19:47:10+00:00,59137,77.0,54.5,11.4,0.0,,,,
2026-03-13T19:50:10+00:00,59138,77.0,55.0,11.5,0.0,,,,
2026-03-13T19:53:10+00:00,59139,77.0,55.5,11.4,0.0,,,,
2026-03-13T19:56:10+00:00,59140,77.0,55.0,11.3,0.0,,,,
2026-03-13T19:59:10+00:00,59141,77.0,56.5,11.3,0.0,,,,
2026-03-13T20:02:10+00:00,59142,77.0,56.0,11.3,0.0,,,,
2026-03-13T20:05:10+00:00,59143,77.0,56.0,11.4,0.0,,,,
2026-03-13T20:08:10+00:00,59144,77.0,56.5,11.4,0.0,,,,
2026-03-13T20:11:10+00:00,59145,77.0,56.0,11.5,0.0,,,,
2026-03-13T20:14:10+00:00,59146,77.0,56.5,11.4,0.0,,,,
2026-03-13T20:17:10+00:00,59147,77.0,56.5,11.5,0.0,,,,
2026-03-13T20:20:10+00:00,59148,77.0,56.5,11.5,0.0,,,,
2026-03-13T20:23:10+00:00,59149,77.0,56.5,11.6,0.0,,,,
2026-03-13T20:26:10+00:00,59150,77.0,57.0,11.6,0.0,,,,
2026-03-13T20:29:10+00:00,59151,77.0,57.0,11.6,0.0,,,,
2026-03-13T20:32:10+00:00,59152,77.0,56.5,11.5,0.0,,,,
2026-03-13T20:35:10+00:00,59153,77.0,57.5,11.5,0.0,,,,
2026-03-13T20:38:10+00:00,59154,77.0,58.0,11.5,0.0,,,,
2026-03-13T20:41:10+00:00,59155,77.0,58.5,11.4,0.0,,,,
2026-03-13T20:44:10+00:00,59156,77.0,59.0,11.5,0.0,,,,
2026-03-13T20:47:10+00:00,59157,77.0,59.0,11.4,0.0,,,,
2026-03-13T20:50:10+00:00,59158,77.0,59.5,11.2,0.0,,,,
2026-03-13T20:53:10+00:00,59159,77.0,59.5,11.3,0.0,,,,
2026-03-13T20:56:10+00:00,59160,77.0,59.0,11.2,0.0,,,,
2026-03-13T20:59:10+00:00,59161,77.0,59.0,11.3,0.0,,,,
2026-03-13T21:02:10+00:00,59162,77.0,59.5,11.4,0.0,,,,
2026-03-13T21:05:10+00:00,59163,77.0,58.5,11.2,0.0,,,,
2026-03-13T21:08:10+00:00,59164,77.0,58.0,11.4,0.0,,,,
2026-03-13T21:11:10+00:00,59165,77.0,58.5,11.4,0.0,,,,
2026-03-13T21:14:10+00:00,59166,77.0,58.0,11.4,0.0,,,,
2026-03-13T21:17:10+00:00,59167,77.0,58.5,11.4,0.0,,,,
2026-03-13T21:20:10+00:00,59168,77.0,58.0,11.4,0.0,,,,
2026-03-13T21:23:10+00:00,59169,77.0,58.0,11.3,0.0,,,,
2026-03-13T21:26:10+00:00,59170,77.0,58.0,11.3,0.0,,,,
2026-03-13T21:29:10+00:00,59171,77.0,57.5,11.4,0.0,,,,
2026-03-13T21:32:10+00:00,59172,77.0,57.5,11.4,0.0,,,,
2026-03-13T21:35:10+00:00,59173,77.0,57.5,11.4,0.0,,,,
2026-03-13T21:38:10+00:00,59174,77.0,58.0,11.2,0.0,,,,
2026-03-13T21:41:10+00:00,59175,77.0,58.0,11.3,0.0,,,,
2026-03-13T21:44:10+00:00,59176,77.0,58.0,11.3,0.0,,,,
2026-03-13T21:47:10+00:00,59177,77.0,58.0,11.3,0.0,,,,
2026-03-13T21:50:10+00:00,59178,77.0,58.5,11.2,0.0,,,,
2026-03-13T21:53:10+00:00,59179,77.0,58.5,11.2,0.0,,,,
2026-03-13T21:56:10+00:00,59180,77.0,58.5,11.2,0.0,,,,
2026-03-13T21:59:10+00:00,59181,77.0,59.0,11.2,0.0,,,,
2026-03-13T22:02:10+00:00,59182,77.0,59.0,11.2,0.0,,,,
2026-03-13T22:05:10+00:00,59183,77.0,59.0,11.2,0.0,,,,
2026-03-13T22:08:10+00:00,59184,77.0,59.0,11.1,0.0,,,,
2026-03-13T22:11:10+00:00,59185,77.0,59.5,11.1,0.0,,,,
2026-03-13T22:14:10+00:00,59186,77.0,59.5,11.1,0.0,,,,
2026-03-13T22:17:10+00:00,59187,77.0,59.5,11.1,0.0,,,,
2026-03-13T22:20:10+00:00,59188,77.0,59.5,11.0,0.0,,,,
2026-03-13T22:23:10+00:00,59189,77.0,59.5,11.0,0.0,,,,
2026-03-13T22:26:10+00:00,59190,77.0,60.0,11.1,0.0,,,,
2026-03-13T22:29:10+00:00,59191,77.0,60.0,10.9,0.0,,,,
2026-03-13T22:32:10+00:00,59192,77.0,60.5,11.0,0.0,,,,
2026-03-13T22:35:10+00:00,59193,77.0,60.5,10.9,0.0,,,,
2026-03-13T22:38:10+00:00,59194,77.0,61.0,10.9,0.0,,,,
2026-03-13T22:41:10+00:00,59195,77.0,62.0,10.8,0.0,,,,
2026-03-13T22:44:10+00:00,59196,77.0,61.5,10.9,0.0,,,,
2026-03-13T22:47:10+00:00,59197,77.0,61.5,10.8,0.0,,,,
2026-03-13T22:50:10+00:00,59198,77.0,62.0,10.7,0.0,,,,
2026-03-13T22:53:10+00:00,59199,77.0,61.5,10.9,0.0,,,,
2026-03-13T22:56:10+00:00,59200,77.0,61.5,10.7,0.0,,,,
2026-03-13T22:59:10+00:00,59201,77.0,62.0,10.7,0.0,,,,
2026-03-13T23:02:10+00:00,59202,77.0,63.0,10.8,0.0,,,,
2026-03-13T23:05:10+00:00,59203,77.0,63.0,10.5,0.0,,,,
2026-03-13T23:08:10+00:00,59204,77.0,63.0,10.7,0.0,,,,
2026-03-13T23:11:10+00:00,59205,77.0,63.5,10.6,0.0,,,,
2026-03-13T23:14:10+00:00,59206,77.0,63.5,10.6,0.0,,,,
2026-03-13T23:17:10+00:00,59207,77.0,64.0,10.5,0.0,,,,
2026-03-13T23:20:10+00:00,59208,77.0,63.5,10.5,0.0,,,,
2026-03-13T23:23:10+00:00,59209,77.0,63.5,10.5,0.0,,,,
2026-03-13T23:26:10+00:00,59210,77.0,63.0,10.6,0.0,,,,
2026-03-13T23:29:10+00:00,59211,77.0,63.0,10.5,0.0,,,,
2026-03-13T23:32:10+00:00,59212,77.0,63.0,10.5,0.0,,,,
2026-03-13T23:35:10+00:00,59213,77.0,62.5,10.6,0.0,,,,
2026-03-13T23:38:10+00:00,59214,77.0,62.5,10.5,0.0,,,,
2026-03-13T23:41:10+00:00,59215,77.0,62.5,10.6,0.0,,,,
2026-03-13T23:44:10+00:00,59216,77.0,63.0,10.5,0.0,,,,
2026-03-13T23:47:10+00:00,59217,77.0,63.0,10.6,0.0,,,,
2026-03-13T23:50:10+00:00,59218,77.0,63.5,10.5,0.0,,,,
2026-03-13T23:53:10+00:00,59219,77.0,63.5,10.4,0.0,,,,
2026-03-13T23:56:10+00:00,59220,77.0,64.0,10.5,0.0,,,,
2026-03-13T23:59:10+00:00,59221,77.0,64.0,10.5,0.0,,,,
2026-03-14T00:02:10+00:00,59222,77.0,63.5,10.5,0.0,,,,
2026-03-14T00:05:10+00:00,59223,77.0,63.5,10.5,0.0,,,,
2026-03-14T00:08:10+00:00,59224,77.0,64.0,10.5,0.0,,,,
2026-03-14T00:11:10+00:00,59225,77.0,64.5,10.4,0.0,,,,
2026-03-14T00:14:10+00:00,59226,77.0,64.5,10.4,0.0,,,,
2026-03-14T00:17:10+00:00,59227,77.0,64.5,10.3,0.0,,,,
2026-03-14T00:20:10+00:00,59228,77.0,64.5,10.3,0.0,,,,
2026-03-14T00:23:10+00:00,59229,77.0,64.5,10.2,0.0,,,,
2026-03-14T00:26:10+00:00,59230,77.0,65.0,10.3,0.0,,,,
2026-03-14T00:29:10+00:00,59231,77.0,65.0,10.3,0.0,,,,
2026-03-14T00:32:10+00:00,59232,77.0,65.5,10.2,0.0,,,,
2026-03-14T00:35:10+00:00,59233,77.0,66.0,10.2,0.0,,,,
2026-03-14T00:38:10+00:00,59234,77.0,66.0,10.0,0.0,,,,
2026-03-14T00:41:10+00:00,59235,77.0,66.0,10.0,0.0,,,,
2026-03-14T00:44:10+00:00,59236,77.0,66.5,10.0,0.0,,,,
2026-03-14T00:47:10+00:00,59237,77.0,66.5,10.0,0.0,,,,
2026-03-14T00:50:10+00:00,59238,77.0,66.5,10.0,0.0,,,,
2026-03-14T00:53:10+00:00,59239,77.0,67.0,9.9,0.0,,,,
2026-03-14T00:56:10+00:00,59240,77.0,67.0,9.9,0.0,,,,
2026-03-14T00:59:10+00:00,59241,77.0,67.5,9.8,0.0,,,,
2026-03-14T01:02:10+00:00,59242,77.0,67.5,9.9,0.0,,,,
2026-03-14T01:05:10+00:00,59243,77.0,68.0,9.8,0.0,,,,
2026-03-14T01:08:10+00:00,59244,77.0,68.5,9.6,0.0,,,,
2026-03-14T01:11:10+00:00,59245,77.0,68.5,9.7,0.0,,,,
2026-03-14T01:14:10+00:00,59246,77.0,68.5,9.7,0.0,,,,
2026-03-14T01:17:10+00:00,59247,77.0,69.0,9.7,0.0,,,,
2026-03-14T01:20:10+00:00,59248,77.0,69.5,9.5,0.0,,,,
2026-03-14T01:23:10+00:00,59249,77.0,69.5,9.5,0.0,,,,
2026-03-14T01:26:10+00:00,59250,77.0,69.5,9.5,0.0,,,,
2026-03-14T01:29:10+00:00,59251,77.0,70.0,9.4,0.0,,,,
2026-03-14T01:32:10+00:00,59252,77.0,70.5,9.3,0.0,,,,
2026-03-14T01:35:10+00:00,59253,77.0,70.5,9.3,0.0,,,,
2026-03-14T01:38:10+00:00,59254,77.0,71.0,9.2,0.0,,,,
2026-03-14T01:41:10+00:00,59255,77.0,71.0,9.1,0.0,,,,
2026-03-14T01:44:10+00:00,59256,77.0,71.0,9.2,0.0,,,,
2026-03-14T01:47:10+00:00,59257,77.0,71.0,9.0,0.0,,,,
2026-03-14T01:50:10+00:00,59258,77.0,71.5,9.1,0.0,,,,
2026-03-14T01:53:10+00:00,59259,77.0,71.5,9.1,0.0,,,,
2026-03-14T01:56:10+00:00,59260,77.0,71.5,9.1,0.0,,,,
2026-03-14T01:59:10+00:00,59261,77.0,72.0,9.0,0.0,,,,
2026-03-14T02:02:10+00:00,59262,77.0,73.5,8.8,0.0,,,,
2026-03-14T02:05:10+00:00,59263,77.0,74.5,8.8,0.0,,,,
2026-03-14T02:08:10+00:00,59264,77.0,76.0,8.6,0.0,,,,
2026-03-14T02:11:10+00:00,59265,77.0,77.5,8.4,0.0,,,,
2026-03-14T02:14:10+00:00,59266,77.0,79.0,8.3,0.0,,,,
2026-03-14T02:17:10+00:00,59267,77.0,80.0,8.1,5.0,,,,
2026-03-14T02:20:10+00:00,59268,77.0,81.0,8.0,0.0,,,,
2026-03-14T02:23:10+00:00,59269,77.0,82.0,7.9,3.0,,,,
2026-03-14T02:26:10+00:00,59270,77.0,83.0,7.7,2.0,,,,
2026-03-14T02:29:10+00:00,59271,77.0,83.5,7.6,3.0,,,,
2026-03-14T02:32:10+00:00,59272,77.0,84.5,7.4,9.0,,,,
2026-03-14T02:35:10+00:00,59273,77.0,85.0,7.6,1.0,,,,
2026-03-14T02:38:10+00:00,59274,77.0,85.0,7.3,4.0,,,,
2026-03-14T02:41:10+00:00,59275,77.0,85.5,7.3,5.0,,,,
2026-03-14T02:44:10+00:00,59276,77.0,85.0,7.4,3.0,,,,
2026-03-14T02:47:09+00:00,59277,77.0,85.0,7.2,2.0,,,,
2026-03-14T02:50:10+00:00,59278,77.0,84.5,7.2,3.0,,,,
2026-03-14T02:53:10+00:00,59279,77.0,84.5,7.2,3.0,,,,
2026-03-14T02:56:10+00:00,59280,77.0,84.5,7.2,3.0,,,,
2026-03-14T02:59:10+00:00,59281,77.0,85.0,7.1,3.0,,,,
2026-03-14T03:02:10+00:00,59282,77.0,86.0,7.1,5.0,,,,
2026-03-14T03:05:10+00:00,59283,77.0,86.5,7.1,3.0,,,,
2026-03-14T03:08:10+00:00,59284,77.0,87.5,7.1,5.0,,,,
2026-03-14T03:11:10+00:00,59285,77.0,87.5,6.9,5.0,,,,
2026-03-14T03:14:10+00:00,59286,77.0,87.5,7.0,6.0,,,,
2026-03-14T03:17:10+00:00,59287,77.0,87.5,7.1,4.0,,,,
2026-03-14T03:20:10+00:00,59288,77.0,86.5,7.1,3.0,,,,
2026-03-14T03:23:09+00:00,59289,77.0,85.0,7.2,4.0,,,,
2026-03-14T03:26:10+00:00,59290,77.0,84.0,7.1,3.0,,,,
2026-03-14T03:29:09+00:00,59291,77.0,84.0,7.1,2.0,,,,
2026-03-14T03:32:09+00:00,59292,77.0,84.5,7.1,2.0,,,,
2026-03-14T03:35:09+00:00,59293,77.0,85.5,7.0,1.0,,,,
2026-03-14T03:38:09+00:00,59294,77.0,86.0,7.0,2.0,,,,
2026-03-14T03:41:09+00:00,59295,77.0,86.5,7.0,3.0,,,,
2026-03-14T03:44:09+00:00,59296,77.0,86.0,7.1,3.0,,,,
2026-03-14T03:47:09+00:00,59297,77.0,86.5,7.1,3.0,,,,
2026-03-14T03:50:09+00:00,59298,77.0,86.5,7.1,2.0,,,,
2026-03-14T03:53:09+00:00,59299,77.0,86.5,7.0,2.0,,,,
2026-03-14T03:56:09+00:00,59300,77.0,86.0,7.0,3.0,,,,
2026-03-14T03:59:09+00:00,59301,77.0,86.0,7.1,1.0,,,,
2026-03-14T04:02:09+00:00,59302,77.0,86.0,7.0,2.0,,,,
2026-03-14T04:05:09+00:00,59303,77.0,86.0,7.0,5.0,,,,
2026-03-14T04:08:09+00:00,59304,77.0,86.0,6.9,8.0,,,,
2026-03-14T04:11:09+00:00,59305,77.0,85.5,6.8,9.0,,,,
2026-03-14T04:14:09+00:00,59306,77.0,85.0,6.7,9.0,,,,
2026-03-14T04:17:09+00:00,59307,77.0,83.0,6.7,8.0,,,,
2026-03-14T04:20:09+00:00,59308,77.0,83.5,6.8,13.0,,,,
2026-03-14T04:23:09+00:00,59309,77.0,84.0,6.8,13.0,,,,
2026-03-14T04:26:09+00:00,59310,77.0,84.5,6.7,12.0,,,,
2026-03-14T04:29:09+00:00,59311,77.0,85.0,6.7,10.0,,,,
2026-03-14T04:32:09+00:00,59312,77.0,85.5,6.6,9.0,,,,
2026-03-14T04:35:09+00:00,59313,77.0,85.5,6.6,8.0,,,,
2026-03-14T04:38:09+00:00,59314,77.0,86.0,6.7,8.0,,,,
2026-03-14T04:41:09+00:00,59315,77.0,86.0,6.6,10.0,,,,
2026-03-14T04:44:09+00:00,59316,77.0,86.5,6.6,11.0,,,,
2026-03-14T04:47:09+00:00,59317,77.0,86.0,6.5,10.0,,,,
2026-03-14T04:50:09+00:00,59318,77.0,86.0,6.6,2.0,,,,
2026-03-14T04:53:09+00:00,59319,77.0,86.0,6.6,1.0,,,,
2026-03-14T04:56:09+00:00,59320,77.0,86.0,6.5,4.0,,,,
2026-03-14T04:59:09+00:00,59321,77.0,86.5,6.5,4.0,,,,
2026-03-14T05:02:09+00:00,59322,77.0,87.0,6.4,4.0,,,,
2026-03-14T05:05:09+00:00,59323,77.0,87.5,6.4,11.0,,,,
2026-03-14T05:08:09+00:00,59324,77.0,88.0,6.3,7.0,,,,
2026-03-14T05:11:09+00:00,59325,77.0,88.0,6.3,8.0,,,,
2026-03-14T05:14:09+00:00,59326,77.0,88.0,6.2,13.0,,,,
2026-03-14T05:17:09+00:00,59327,77.0,88.0,6.2,3.0,,,,
2026-03-14T05:20:09+00:00,59328,77.0,88.0,6.1,6.0,,,,
2026-03-14T05:23:09+00:00,59329,77.0,87.5,5.9,8.0,,,,
2026-03-14T05:26:09+00:00,59330,77.0,87.0,5.9,9.0,,,,
2026-03-14T05:29:09+00:00,59331,77.0,86.5,5.7,15.0,,,,
2026-03-14T05:32:09+00:00,59332,77.0,87.0,5.5,6.0,,,,
2026-03-14T05:35:09+00:00,59333,77.0,87.5,5.5,10.0,,,,
2026-03-14T05:38:09+00:00,59334,77.0,87.5,5.4,14.0,,,,
2026-03-14T05:41:09+00:00,59335,77.0,87.5,5.3,6.0,,,,
2026-03-14T05:44:09+00:00,59336,77.0,87.0,5.3,11.0,,,,
2026-03-14T05:47:09+00:00,59337,77.0,86.5,5.3,8.0,,,,
2026-03-14T05:50:09+00:00,59338,77.0,86.5,5.3,4.0,,,,
2026-03-14T05:53:09+00:00,59339,77.0,86.5,5.2,3.0,,,,
2026-03-14T05:56:09+00:00,59340,77.0,85.5,5.3,1.0,,,,
2026-03-14T05:59:09+00:00,59341,77.0,85.0,5.2,6.0,,,,
2026-03-14T06:02:09+00:00,59342,77.0,84.5,5.2,1.0,,,,
2026-03-14T06:05:09+00:00,59343,77.0,84.0,5.3,1.0,,,,
2026-03-14T06:08:09+00:00,59344,77.0,83.0,5.2,0.0,,,,
2026-03-14T06:11:09+00:00,59345,77.0,82.0,5.1,1.0,,,,
2026-03-14T06:14:09+00:00,59346,77.0,81.0,5.2,0.0,,,,
2026-03-14T06:17:09+00:00,59347,77.0,81.5,5.2,1.0,,,,
2026-03-14T06:20:09+00:00,59348,77.0,82.5,5.0,5.0,,,,
2026-03-14T06:23:09+00:00,59349,77.0,82.5,5.0,0.0,,,,
2026-03-14T06:26:09+00:00,59350,77.0,83.0,5.0,4.0,,,,
2026-03-14T06:29:09+00:00,59351,77.0,82.0,4.9,7.0,,,,
2026-03-14T06:32:09+00:00,59352,77.0,83.0,4.9,9.0,,,,
2026-03-14T06:35:09+00:00,59353,77.0,82.5,4.9,12.0,,,,
2026-03-14T06:38:09+00:00,59354,77.0,84.0,4.9,7.0,,,,
2026-03-14T06:41:09+00:00,59355,77.0,84.5,4.8,13.0,,,,
2026-03-14T06:44:09+00:00,59356,77.0,85.0,4.8,5.0,,,,
2026-03-14T06:47:09+00:00,59357,77.0,85.0,4.7,11.0,,,,
2026-03-14T06:50:09+00:00,59358,77.0,84.5,4.6,17.0,,,,
2026-03-14T06:53:09+00:00,59359,77.0,84.5,4.6,8.0,,,,
2026-03-14T06:56:09+00:00,59360,77.0,85.0,4.6,16.0,,,,
2026-03-14T06:59:09+00:00,59361,77.0,86.0,4.5,4.0,,,,
2026-03-14T07:02:09+00:00,59362,77.0,86.5,4.6,7.0,,,,
2026-03-14T07:05:09+00:00,59363,77.0,86.0,4.5,10.0,,,,
2026-03-14T07:08:09+00:00,59364,77.0,85.0,4.3,5.0,,,,
2026-03-14T07:11:09+00:00,59365,77.0,84.5,4.3,11.0,,,,
2026-03-14T07:14:09+00:00,59366,77.0,86.0,4.3,3.0,,,,
2026-03-14T07:17:09+00:00,59367,77.0,86.0,4.2,3.0,,,,
2026-03-14T07:20:09+00:00,59368,77.0,86.5,4.2,7.0,,,,
2026-03-14T07:23:09+00:00,59369,77.0,86.5,4.3,7.0,,,,
2026-03-14T07:26:09+00:00,59370,77.0,87.0,4.2,11.0,,,,
2026-03-14T07:29:09+00:00,59371,77.0,87.5,4.2,4.0,,,,
2026-03-14T07:32:09+00:00,59372,77.0,86.0,4.1,4.0,,,,
2026-03-14T07:35:09+00:00,59373,77.0,86.0,4.2,6.0,,,,
2026-03-14T07:38:09+00:00,59374,77.0,85.5,4.1,12.0,,,,
2026-03-14T07:41:09+00:00,59375,77.0,86.5,4.0,2.0,,,,
2026-03-14T07:44:09+00:00,59376,77.0,88.0,4.1,3.0,,,,
2026-03-14T07:47:09+00:00,59377,77.0,88.5,4.0,8.0,,,,
2026-03-14T07:50:09+00:00,59378,77.0,88.5,3.9,6.0,,,,
2026-03-14T07:53:09+00:00,59379,77.0,89.0,3.9,5.0,,,,
2026-03-14T07:56:09+00:00,59380,77.0,89.0,4.0,6.0,,,,
2026-03-14T07:59:09+00:00,59381,77.0,89.0,3.9,8.0,,,,
2026-03-14T08:02:09+00:00,59382,77.0,89.5,4.0,9.0,,,,
2026-03-14T08:05:09+00:00,59383,77.0,89.5,3.9,9.0,,,,
2026-03-14T08:08:09+00:00,59384,77.0,90.0,4.0,12.0,,,,
2026-03-14T08:11:09+00:00,59385,77.0,90.0,3.9,4.0,,,,
2026-03-14T08:14:09+00:00,59386,77.0,90.0,3.9,10.0,,,,
2026-03-14T08:17:09+00:00,59387,77.0,90.0,3.9,9.0,,,,
2026-03-14T08:20:09+00:00,59388,77.0,90.0,3.9,5.0,,,,
2026-03-14T08:23:09+00:00,59389,77.0,90.0,3.8,12.0,,,,
2026-03-14T08:26:09+00:00,59390,77.0,90.0,3.9,5.0,,,,
2026-03-14T08:29:09+00:00,59391,77.0,90.0,3.9,2.0,,,,
2026-03-14T08:32:09+00:00,59392,77.0,89.5,3.8,3.0,,,,
2026-03-14T08:35:09+00:00,59393,77.0,89.5,3.8,7.0,,,,
2026-03-14T08:38:09+00:00,59394,77.0,89.5,3.7,7.0,,,,
2026-03-14T08:41:09+00:00,59395,77.0,89.5,3.8,6.0,,,,
2026-03-14T08:44:09+00:00,59396,77.0,89.5,3.7,6.0,,,,
2026-03-14T08:47:09+00:00,59397,77.0,90.0,3.8,6.0,,,,
2026-03-14T08:50:09+00:00,59398,77.0,90.0,3.7,6.0,,,,
2026-03-14T08:53:09+00:00,59399,77.0,90.0,3.7,6.0,,,,
2026-03-14T08:56:09+00:00,59400,77.0,90.0,3.6,7.0,,,,
2026-03-14T08:59:09+00:00,59401,77.0,90.0,3.7,7.0,,,,
2026-03-14T09:02:09+00:00,59402,77.0,90.0,3.7,7.0,,,,
2026-03-14T09:05:09+00:00,59403,77.0,89.5,3.6,5.0,,,,
2026-03-14T09:08:09+00:00,59404,77.0,89.5,3.5,6.0,,,,
2026-03-14T09:11:09+00:00,59405,77.0,89.5,3.6,7.0,,,,
2026-03-14T09:14:09+00:00,59406,77.0,89.5,3.6,4.0,,,,
2026-03-14T09:17:09+00:00,59407,77.0,89.5,3.6,7.0,,,,
2026-03-14T09:20:09+00:00,59408,77.0,89.0,3.6,7.0,,,,
2026-03-14T09:23:09+00:00,59409,77.0,89.5,3.5,6.0,,,,
2026-03-14T09:26:09+00:00,59410,77.0,89.5,3.5,5.0,,,,
2026-03-14T09:29:09+00:00,59411,77.0,89.5,3.5,5.0,,,,
2026-03-14T09:32:09+00:00,59412,77.0,89.0,3.4,7.0,,,,
2026-03-14T09:35:09+00:00,59413,77.0,89.0,3.4,6.0,,,,
2026-03-14T09:38:09+00:00,59414,77.0,89.0,3.3,8.0,,,,
2026-03-14T09:41:09+00:00,59415,77.0,89.5,3.3,5.0,,,,
2026-03-14T09:44:09+00:00,59416,77.0,89.5,3.3,6.0,,,,
2026-03-14T09:47:09+00:00,59417,77.0,90.0,3.3,7.0,,,,
2026-03-14T09:50:09+00:00,59418,77.0,90.0,3.3,5.0,,,,
2026-03-14T09:53:09+00:00,59419,77.0,90.0,3.4,4.0,,,,
2026-03-14T09:56:09+00:00,59420,77.0,90.0,3.3,7.0,,,,
2026-03-14T09:59:09+00:00,59421,77.0,89.5,3.3,4.0,,,,
2026-03-14T10:02:09+00:00,59422,77.0,90.0,3.3,4.0,,,,
2026-03-14T10:05:09+00:00,59423,77.0,90.0,3.3,3.0,,,,
2026-03-14T10:08:09+00:00,59424,77.0,90.0,3.3,5.0,,,,
2026-03-14T10:11:09+00:00,59425,77.0,90.0,3.4,4.0,,,,
2026-03-14T10:14:09+00:00,59426,77.0,90.0,3.5,6.0,,,,
2026-03-14T10:17:09+00:00,59427,77.0,90.5,3.3,5.0,,,,
2026-03-14T10:20:09+00:00,59428,77.0,90.5,3.4,5.0,,,,
2026-03-14T10:23:09+00:00,59429,77.0,90.5,3.4,6.0,,,,
2026-03-14T10:26:09+00:00,59430,77.0,90.0,3.4,6.0,,,,
2026-03-14T10:29:09+00:00,59431,77.0,90.0,3.3,4.0,,,,
2026-03-14T10:32:09+00:00,59432,77.0,90.0,3.4,6.0,,,,
2026-03-14T10:35:09+00:00,59433,77.0,90.0,3.3,6.0,,,,
2026-03-14T10:38:09+00:00,59434,77.0,90.0,3.4,5.0,,,,
2026-03-14T10:41:09+00:00,59435,77.0,90.0,3.4,6.0,,,,
2026-03-14T10:44:09+00:00,59436,77.0,90.0,3.4,5.0,,,,
2026-03-14T10:47:09+00:00,59437,77.0,89.5,3.5,4.0,,,,
2026-03-14T10:50:09+00:00,59438,77.0,89.5,3.3,4.0,,,,
2026-03-14T10:53:09+00:00,59439,77.0,90.0,3.3,3.0,,,,
2026-03-14T10:56:09+00:00,59440,77.0,90.0,3.3,3.0,,,,
2026-03-14T10:59:09+00:00,59441,77.0,90.0,3.3,3.0,,,,
2026-03-14T11:02:09+00:00,59442,77.0,90.0,3.3,3.0,,,,
2026-03-14T11:05:09+00:00,59443,77.0,89.0,3.3,4.0,,,,
2026-03-14T11:08:09+00:00,59444,77.0,89.0,3.3,4.0,,,,
2026-03-14T11:11:10+00:00,59445,77.0,89.5,3.2,3.0,,,,
2026-03-14T11:14:09+00:00,59446,77.0,89.5,3.3,5.0,,,,
2026-03-14T11:17:12+00:00,59447,77.0,89.5,3.2,4.0,,,,
2026-03-14T11:20:09+00:00,59448,77.0,89.5,3.1,4.0,,,,
2026-03-14T11:23:09+00:00,59449,77.0,89.0,3.0,3.0,,,,
2026-03-14T11:26:09+00:00,59450,77.0,89.5,3.2,4.0,,,,
2026-03-14T11:29:09+00:00,59451,77.0,89.5,3.2,6.0,,,,
2026-03-14T11:32:09+00:00,59452,77.0,90.0,3.2,8.0,,,,
2026-03-14T11:35:09+00:00,59453,77.0,90.0,3.1,15.0,,,,
2026-03-14T11:38:09+00:00,59454,77.0,90.5,3.1,11.0,,,,
2026-03-14T11:41:09+00:00,59455,77.0,90.5,3.0,25.0,,,,
2026-03-14T11:44:09+00:00,59456,77.0,90.5,3.0,14.0,,,,
2026-03-14T11:47:09+00:00,59457,77.0,90.0,2.9,7.0,,,,
2026-03-14T11:50:09+00:00,59458,77.0,90.0,2.8,8.0,,,,
2026-03-14T11:53:09+00:00,59459,77.0,90.0,2.9,6.0,,,,
2026-03-14T11:56:09+00:00,59460,77.0,90.0,2.8,7.0,,,,
2026-03-14T11:59:09+00:00,59461,77.0,89.5,2.8,5.0,,,,
2026-03-14T12:02:09+00:00,59462,77.0,89.5,2.8,8.0,,,,
2026-03-14T12:05:09+00:00,59463,77.0,89.0,2.8,7.0,,,,
2026-03-14T12:08:09+00:00,59464,77.0,89.0,2.7,8.0,,,,
2026-03-14T12:11:09+00:00,59465,77.0,89.0,2.7,14.0,,,,
2026-03-14T12:14:09+00:00,59466,77.0,89.5,2.7,9.0,,,,
2026-03-14T12:17:09+00:00,59467,77.0,89.5,2.7,6.0,,,,
2026-03-14T12:20:09+00:00,59468,77.0,89.5,2.7,4.0,,,,
2026-03-14T12:23:09+00:00,59469,77.0,90.0,2.7,4.0,,,,
2026-03-14T12:26:09+00:00,59470,77.0,90.0,2.8,5.0,,,,
2026-03-14T12:29:09+00:00,59471,77.0,89.5,2.9,17.0,,,,
2026-03-14T12:32:09+00:00,59472,77.0,89.5,2.6,9.0,,,,
2026-03-14T12:35:09+00:00,59473,77.0,89.5,2.7,9.0,,,,
2026-03-14T12:38:09+00:00,59474,77.0,89.5,2.6,16.0,,,,
2026-03-14T12:41:09+00:00,59475,77.0,89.5,2.3,27.0,,,,
2026-03-14T12:44:09+00:00,59476,77.0,89.5,2.1,14.0,,,,
2026-03-14T12:47:09+00:00,59477,77.0,90.0,2.0,12.0,,,,
2026-03-14T12:50:09+00:00,59478,77.0,90.0,2.0,8.0,,,,
2026-03-14T12:53:09+00:00,59479,77.0,90.5,2.1,12.0,,,,
2026-03-14T12:56:09+00:00,59480,77.0,90.0,1.8,11.0,,,,
2026-03-14T12:59:09+00:00,59481,77.0,90.0,1.7,9.0,,,,
2026-03-14T13:02:09+00:00,59482,77.0,90.5,1.6,7.0,,,,
2026-03-14T13:05:09+00:00,59483,77.0,90.5,1.7,6.0,,,,
2026-03-14T13:08:09+00:00,59484,77.0,90.5,1.7,7.0,,,,
2026-03-14T13:11:09+00:00,59485,77.0,91.0,1.7,3.0,,,,
2026-03-14T13:14:09+00:00,59486,77.0,91.0,1.8,3.0,,,,
2026-03-14T13:17:09+00:00,59487,77.0,90.5,2.0,1.0,,,,
2026-03-14T13:20:09+00:00,59488,77.0,90.5,2.0,1.0,,,,
2026-03-14T13:23:08+00:00,59489,77.0,90.5,1.9,1.0,,,,
2026-03-14T13:26:08+00:00,59490,77.0,90.5,2.0,2.0,,,,
2026-03-14T13:29:09+00:00,59491,77.0,91.0,2.2,2.0,,,,
2026-03-14T13:32:08+00:00,59492,77.0,90.5,2.2,2.0,,,,
2026-03-14T13:35:08+00:00,59493,77.0,90.0,2.2,2.0,,,,
2026-03-14T13:38:08+00:00,59494,77.0,90.0,2.3,1.0,,,,
2026-03-14T13:41:08+00:00,59495,77.0,90.0,2.4,2.0,,,,
2026-03-14T13:44:09+00:00,59496,77.0,90.0,2.4,1.0,,,,
2026-03-14T13:47:08+00:00,59497,77.0,88.5,2.4,0.0,,,,
2026-03-14T13:50:08+00:00,59498,77.0,89.0,2.4,1.0,,,,
2026-03-14T13:53:08+00:00,59499,77.0,89.0,2.4,1.0,,,,
2026-03-14T13:56:08+00:00,59500,77.0,89.5,2.5,0.0,,,,
2026-03-14T13:59:08+00:00,59501,77.0,89.0,2.6,0.0,,,,
2026-03-14T14:02:08+00:00,59502,77.0,88.0,2.7,1.0,,,,
2026-03-14T14:05:08+00:00,59503,77.0,88.5,2.6,0.0,,,,
2026-03-14T14:08:08+00:00,59504,77.0,88.0,2.7,1.0,,,,
2026-03-14T14:11:08+00:00,59505,77.0,88.5,2.8,0.0,,,,
2026-03-14T14:14:08+00:00,59506,77.0,88.0,2.7,0.0,,,,
2026-03-14T14:17:08+00:00,59507,77.0,87.0,2.7,1.0,,,,
2026-03-14T14:20:08+00:00,59508,77.0,86.0,2.5,0.0,,,,
2026-03-14T14:23:08+00:00,59509,77.0,85.5,2.4,0.0,,,,
2026-03-14T14:26:08+00:00,59510,77.0,87.0,2.3,0.0,,,,
2026-03-14T14:29:08+00:00,59511,77.0,87.5,2.4,1.0,,,,
2026-03-14T14:32:08+00:00,59512,77.0,87.0,2.5,0.0,,,,
2026-03-14T14:35:08+00:00,59513,77.0,87.0,2.5,0.0,,,,
2026-03-14T14:38:08+00:00,59514,77.0,87.5,2.4,1.0,,,,
2026-03-14T14:41:08+00:00,59515,77.0,87.5,2.5,0.0,,,,
2026-03-14T14:44:08+00:00,59516,77.0,88.0,2.5,0.0,,,,
2026-03-14T14:47:08+00:00,59517,77.0,88.0,2.5,1.0,,,,
2026-03-14T14:50:08+00:00,59518,77.0,87.5,2.5,0.0,,,,
2026-03-14T14:53:08+00:00,59519,77.0,88.0,2.6,1.0,,,,
2026-03-14T14:56:08+00:00,59520,77.0,88.5,2.7,0.0,,,,
2026-03-14T14:59:08+00:00,59521,77.0,89.0,2.6,2.0,,,,
2026-03-14T15:02:08+00:00,59522,77.0,89.5,2.6,3.0,,,,
2026-03-14T15:05:08+00:00,59523,77.0,89.5,2.5,3.0,,,,
2026-03-14T15:08:08+00:00,59524,77.0,90.0,2.5,2.0,,,,
2026-03-14T15:11:08+00:00,59525,77.0,90.0,2.4,2.0,,,,
2026-03-14T15:14:08+00:00,59526,77.0,90.5,2.3,3.0,,,,
2026-03-14T15:17:08+00:00,59527,77.0,90.5,2.3,3.0,,,,
2026-03-14T15:20:08+00:00,59528,77.0,91.0,2.2,2.0,,,,
2026-03-14T15:23:08+00:00,59529,77.0,91.0,2.2,2.0,,,,
2026-03-14T15:26:08+00:00,59530,77.0,91.0,2.1,1.0,,,,
2026-03-14T15:29:08+00:00,59531,77.0,91.5,2.1,1.0,,,,
2026-03-14T15:32:08+00:00,59532,77.0,91.5,2.1,1.0,,,,
2026-03-14T15:35:08+00:00,59533,77.0,91.5,2.0,1.0,,,,
2026-03-14T15:38:08+00:00,59534,77.0,91.5,2.1,0.0,,,,
2026-03-14T15:41:08+00:00,59535,77.0,91.5,2.1,0.0,,,,
2026-03-14T15:44:08+00:00,59536,77.0,92.0,2.1,1.0,,,,
2026-03-14T15:47:08+00:00,59537,77.0,91.5,2.1,0.0,,,,
2026-03-14T15:50:08+00:00,59538,77.0,92.0,2.1,1.0,,,,
2026-03-14T15:53:08+00:00,59539,77.0,92.0,2.1,1.0,,,,
2026-03-14T15:56:08+00:00,59540,77.0,92.0,2.0,1.0,,,,
2026-03-14T15:59:08+00:00,59541,77.0,92.0,2.1,1.0,,,,
2026-03-14T16:02:08+00:00,59542,77.0,92.0,2.1,1.0,,,,
2026-03-14T16:05:08+00:00,59543,77.0,92.0,2.1,0.0,,,,
2026-03-14T16:08:08+00:00,59544,77.0,92.0,2.1,1.0,,,,
2026-03-14T16:11:08+00:00,59545,77.0,92.0,2.1,1.0,,,,
2026-03-14T16:14:08+00:00,59546,77.0,92.0,2.1,1.0,,,,
2026-03-14T16:17:08+00:00,59547,77.0,92.0,2.1,1.0,,,,
2026-03-14T16:20:08+00:00,59548,77.0,92.0,2.0,1.0,,,,
2026-03-14T16:23:08+00:00,59549,77.0,92.0,2.0,1.0,,,,
2026-03-14T16:26:08+00:00,59550,77.0,92.0,1.9,1.0,,,,
2026-03-14T16:29:08+00:00,59551,77.0,92.0,2.0,1.0,,,,
2026-03-14T16:32:08+00:00,59552,77.0,92.0,2.0,1.0,,,,
2026-03-14T16:35:08+00:00,59553,77.0,92.0,1.9,0.0,,,,
2026-03-14T16:38:08+00:00,59554,77.0,92.0,2.0,1.0,,,,
2026-03-14T16:41:08+00:00,59555,77.0,92.0,1.9,0.0,,,,
2026-03-14T16:44:08+00:00,59556,77.0,92.0,2.0,1.0,,,,
2026-03-14T16:47:08+00:00,59557,77.0,92.0,2.0,0.0,,,,
2026-03-14T16:50:08+00:00,59558,77.0,91.5,1.9,0.0,,,,
2026-03-14T16:53:08+00:00,59559,77.0,91.5,1.9,1.0,,,,
2026-03-14T16:56:08+00:00,59560,77.0,91.5,1.9,0.0,,,,
2026-03-14T16:59:08+00:00,59561,77.0,91.5,2.0,0.0,,,,
2026-03-14T17:02:08+00:00,59562,77.0,91.5,2.0,1.0,,,,
2026-03-14T17:05:08+00:00,59563,77.0,91.5,2.0,0.0,,,,
2026-03-14T17:08:08+00:00,59564,77.0,92.0,2.0,0.0,,,,
2026-03-14T17:11:08+00:00,59565,77.0,92.0,1.9,0.0,,,,
2026-03-14T17:14:08+00:00,59566,77.0,92.0,1.9,1.0,,,,
2026-03-14T17:17:08+00:00,59567,77.0,92.0,1.9,0.0,,,,
2026-03-14T17:20:08+00:00,59568,77.0,92.0,1.8,0.0,,,,
2026-03-14T17:23:08+00:00,59569,77.0,92.0,1.8,0.0,,,,
2026-03-14T17:26:08+00:00,59570,77.0,92.0,1.8,0.0,,,,
2026-03-14T17:29:08+00:00,59571,77.0,92.0,1.8,1.0,,,,
2026-03-14T17:32:08+00:00,59572,77.0,91.5,1.8,0.0,,,,
2026-03-14T17:35:08+00:00,59573,77.0,91.5,1.8,0.0,,,,
2026-03-14T17:38:08+00:00,59574,77.0,91.0,1.7,0.0,,,,
2026-03-14T17:41:08+00:00,59575,77.0,91.0,1.7,0.0,,,,
2026-03-14T17:44:08+00:00,59576,77.0,91.0,1.6,1.0,,,,
2026-03-14T17:47:08+00:00,59577,77.0,91.0,1.7,0.0,,,,
2026-03-14T17:50:08+00:00,59578,77.0,91.0,1.6,0.0,,,,
2026-03-14T17:53:08+00:00,59579,77.0,91.5,1.7,0.0,,,,
2026-03-14T17:56:08+00:00,59580,77.0,91.5,1.7,0.0,,,,
2026-03-14T17:59:08+00:00,59581,77.0,91.0,1.6,0.0,,,,
2026-03-14T18:02:08+00:00,59582,77.0,90.5,1.5,0.0,,,,
2026-03-14T18:05:08+00:00,59583,77.0,90.0,1.6,0.0,,,,
2026-03-14T18:08:08+00:00,59584,77.0,89.5,1.5,1.0,,,,
2026-03-14T18:11:08+00:00,59585,77.0,89.5,1.5,0.0,,,,
2026-03-14T18:14:08+00:00,59586,77.0,89.0,1.5,0.0,,,,
2026-03-14T18:17:08+00:00,59587,77.0,88.5,1.6,0.0,,,,
2026-03-14T18:20:08+00:00,59588,77.0,88.5,1.7,0.0,,,,
2026-03-14T18:23:08+00:00,59589,77.0,88.0,1.5,0.0,,,,
2026-03-14T18:26:08+00:00,59590,77.0,88.0,1.5,0.0,,,,
2026-03-14T18:29:08+00:00,59591,77.0,87.0,1.5,0.0,,,,
2026-03-14T18:32:08+00:00,59592,77.0,87.5,1.6,0.0,,,,
2026-03-14T18:35:08+00:00,59593,77.0,87.5,1.5,0.0,,,,
2026-03-14T18:38:08+00:00,59594,77.0,87.0,1.5,1.0,,,,
2026-03-14T18:41:08+00:00,59595,77.0,87.5,1.5,0.0,,,,
2026-03-14T18:44:08+00:00,59596,77.0,86.5,1.5,0.0,,,,
2026-03-14T18:47:08+00:00,59597,77.0,86.5,1.5,0.0,,,,
2026-03-14T18:50:08+00:00,59598,77.0,87.0,1.6,0.0,,,,
2026-03-14T18:53:08+00:00,59599,77.0,86.0,1.5,0.0,,,,
2026-03-14T18:56:08+00:00,59600,77.0,86.5,1.6,0.0,,,,
2026-03-14T18:59:08+00:00,59601,77.0,86.5,1.5,0.0,,,,
2026-03-14T19:02:08+00:00,59602,77.0,86.0,1.5,0.0,,,,
2026-03-14T19:05:08+00:00,59603,77.0,86.5,1.5,0.0,,,,
2026-03-14T19:08:08+00:00,59604,77.0,86.5,1.4,0.0,,,,
2026-03-14T19:11:08+00:00,59605,77.0,87.0,1.5,0.0,,,,
2026-03-14T19:14:08+00:00,59606,77.0,87.0,1.5,0.0,,,,
2026-03-14T19:17:08+00:00,59607,77.0,87.0,1.5,1.0,,,,
2026-03-14T19:20:08+00:00,59608,77.0,87.0,1.5,0.0,,,,
2026-03-14T19:23:08+00:00,59609,77.0,87.5,1.5,0.0,,,,
2026-03-14T19:26:08+00:00,59610,77.0,87.5,1.5,0.0,,,,
2026-03-14T19:29:08+00:00,59611,77.0,87.5,1.4,0.0,,,,
2026-03-14T19:32:08+00:00,59612,77.0,87.5,1.4,0.0,,,,
2026-03-14T19:35:08+00:00,59613,77.0,87.5,1.4,0.0,,,,
2026-03-14T19:38:08+00:00,59614,77.0,87.5,1.4,0.0,,,,
2026-03-14T19:41:08+00:00,59615,77.0,88.0,1.4,0.0,,,,
2026-03-14T19:44:08+00:00,59616,77.0,88.0,1.4,0.0,,,,
2026-03-14T19:47:08+00:00,59617,77.0,87.5,1.4,0.0,,,,
2026-03-14T19:50:08+00:00,59618,77.0,88.0,1.3,0.0,,,,
2026-03-14T19:53:08+00:00,59619,77.0,88.5,1.4,0.0,,,,
2026-03-14T19:56:08+00:00,59620,77.0,88.5,1.4,0.0,,,,
2026-03-14T19:59:08+00:00,59621,77.0,88.5,1.4,0.0,,,,
2026-03-14T20:02:08+00:00,59622,77.0,88.5,1.3,0.0,,,,
2026-03-14T20:05:08+00:00,59623,77.0,88.5,1.4,0.0,,,,
2026-03-14T20:08:08+00:00,59624,77.0,89.0,1.3,1.0,,,,
2026-03-14T20:11:08+00:00,59625,77.0,88.5,1.3,0.0,,,,
2026-03-14T20:14:08+00:00,59626,77.0,88.5,1.3,0.0,,,,
2026-03-14T20:17:08+00:00,59627,77.0,88.5,1.3,0.0,,,,
2026-03-14T20:20:08+00:00,59628,77.0,88.5,1.3,0.0,,,,
2026-03-14T20:23:08+00:00,59629,77.0,88.0,1.4,0.0,,,,
2026-03-14T20:26:08+00:00,59630,77.0,88.0,1.3,0.0,,,,
2026-03-14T20:29:08+00:00,59631,77.0,88.0,1.5,0.0,,,,
2026-03-14T20:32:08+00:00,59632,77.0,88.5,1.3,0.0,,,,
2026-03-14T20:35:08+00:00,59633,77.0,88.5,1.3,0.0,,,,
2026-03-14T20:38:08+00:00,59634,77.0,88.5,1.3,0.0,,,,
2026-03-14T20:41:08+00:00,59635,77.0,88.5,1.3,0.0,,,,
2026-03-14T20:44:08+00:00,59636,77.0,88.0,1.3,0.0,,,,
2026-03-14T20:47:08+00:00,59637,77.0,87.5,1.3,0.0,,,,
2026-03-14T20:50:08+00:00,59638,77.0,88.0,1.3,0.0,,,,
2026-03-14T20:53:08+00:00,59639,77.0,87.5,1.4,0.0,,,,
2026-03-14T20:56:08+00:00,59640,77.0,87.5,1.4,0.0,,,,
2026-03-14T20:59:08+00:00,59641,77.0,87.5,1.3,0.0,,,,
2026-03-14T21:02:08+00:00,59642,77.0,87.5,1.2,1.0,,,,
2026-03-14T21:05:08+00:00,59643,77.0,87.0,1.3,0.0,,,,
2026-03-14T21:08:08+00:00,59644,77.0,86.5,1.3,0.0,,,,
2026-03-14T21:11:08+00:00,59645,77.0,86.5,1.3,0.0,,,,
2026-03-14T21:14:08+00:00,59646,77.0,86.5,1.3,0.0,,,,
2026-03-14T21:17:08+00:00,59647,77.0,87.0,1.3,0.0,,,,
2026-03-14T21:20:08+00:00,59648,77.0,87.0,1.3,0.0,,,,
2026-03-14T21:23:08+00:00,59649,77.0,87.0,1.3,0.0,,,,
2026-03-14T21:26:08+00:00,59650,77.0,87.0,1.2,0.0,,,,
2026-03-14T21:29:08+00:00,59651,77.0,87.0,1.3,0.0,,,,
2026-03-14T21:32:08+00:00,59652,77.0,87.0,1.3,0.0,,,,
2026-03-14T21:35:08+00:00,59653,77.0,86.5,1.3,0.0,,,,
2026-03-14T21:38:08+00:00,59654,77.0,86.5,1.3,0.0,,,,
2026-03-14T21:41:08+00:00,59655,77.0,86.5,1.2,0.0,,,,
2026-03-14T21:44:08+00:00,59656,77.0,85.5,1.3,0.0,,,,
2026-03-14T21:47:08+00:00,59657,77.0,85.5,1.3,0.0,,,,
2026-03-14T21:50:08+00:00,59658,77.0,86.0,1.3,0.0,,,,
2026-03-14T21:53:08+00:00,59659,77.0,85.5,1.3,0.0,,,,
2026-03-14T21:56:08+00:00,59660,77.0,85.0,1.3,0.0,,,,
2026-03-14T21:59:08+00:00,59661,77.0,85.0,1.3,0.0,,,,
2026-03-14T22:02:08+00:00,59662,77.0,85.5,1.2,0.0,,,,
2026-03-14T22:05:08+00:00,59663,76.0,86.5,1.2,0.0,,,,
2026-03-14T22:08:08+00:00,59664,76.0,86.5,1.2,0.0,,,,
2026-03-14T22:11:08+00:00,59665,76.0,86.5,1.1,0.0,,,,
2026-03-14T22:14:08+00:00,59666,76.0,86.5,1.3,0.0,,,,
2026-03-14T22:17:08+00:00,59667,76.0,86.5,1.2,0.0,,,,
2026-03-14T22:20:08+00:00,59668,76.0,86.0,1.2,0.0,,,,
2026-03-14T22:23:08+00:00,59669,76.0,86.0,1.2,0.0,,,,
2026-03-14T22:26:08+00:00,59670,76.0,86.5,1.2,0.0,,,,
2026-03-14T22:29:08+00:00,59671,76.0,86.0,1.3,0.0,,,,
2026-03-14T22:32:08+00:00,59672,76.0,85.5,1.3,0.0,,,,
2026-03-14T22:35:08+00:00,59673,76.0,85.5,1.3,0.0,,,,
2026-03-14T22:38:08+00:00,59674,76.0,85.5,1.3,1.0,,,,
2026-03-14T22:41:08+00:00,59675,76.0,85.5,1.3,0.0,,,,
2026-03-14T22:44:08+00:00,59676,76.0,85.5,1.3,0.0,,,,
2026-03-14T22:47:08+00:00,59677,76.0,85.5,1.3,0.0,,,,
2026-03-14T22:50:08+00:00,59678,76.0,85.5,1.3,0.0,,,,
2026-03-14T22:53:08+00:00,59679,76.0,85.5,1.4,0.0,,,,
2026-03-14T22:56:08+00:00,59680,76.0,85.5,1.3,0.0,,,,
2026-03-14T22:59:08+00:00,59681,76.0,86.0,1.3,0.0,,,,
2026-03-14T23:02:08+00:00,59682,76.0,85.5,1.2,0.0,,,,
2026-03-14T23:05:08+00:00,59683,76.0,85.0,1.3,0.0,,,,
2026-03-14T23:08:08+00:00,59684,76.0,85.0,1.3,0.0,,,,
2026-03-14T23:11:08+00:00,59685,76.0,85.0,1.2,0.0,,,,
2026-03-14T23:14:08+00:00,59686,76.0,85.0,1.4,0.0,,,,
2026-03-14T23:17:08+00:00,59687,76.0,85.0,1.3,0.0,,,,
2026-03-14T23:20:08+00:00,59688,76.0,85.0,1.2,0.0,,,,
2026-03-14T23:23:08+00:00,59689,76.0,85.0,1.3,0.0,,,,
2026-03-14T23:26:08+00:00,59690,76.0,85.0,1.3,0.0,,,,
2026-03-14T23:29:08+00:00,59691,76.0,85.0,1.3,0.0,,,,
2026-03-14T23:32:08+00:00,59692,76.0,85.5,1.2,0.0,,,,
2026-03-14T23:35:08+00:00,59693,76.0,85.0,1.3,0.0,,,,
2026-03-14T23:38:08+00:00,59694,76.0,85.5,1.3,0.0,,,,
2026-03-14T23:41:08+00:00,59695,76.0,85.5,1.2,0.0,,,,
2026-03-14T23:44:08+00:00,59696,76.0,85.5,1.1,0.0,,,,
2026-03-14T23:47:08+00:00,59697,76.0,86.0,1.2,0.0,,,,
2026-03-14T23:50:08+00:00,59698,76.0,86.0,1.3,0.0,,,,
2026-03-14T23:53:08+00:00,59699,76.0,86.0,1.2,0.0,,,,
2026-03-14T23:56:08+00:00,59700,76.0,86.5,1.2,0.0,,,,
2026-03-14T23:59:08+00:00,59701,76.0,86.0,1.2,0.0,,,,
2026-03-15T00:02:08+00:00,59702,76.0,86.0,1.3,0.0,,,,
2026-03-15T00:05:08+00:00,59703,76.0,86.0,1.3,0.0,,,,
2026-03-15T00:08:08+00:00,59704,76.0,85.5,1.3,0.0,,,,
2026-03-15T00:11:08+00:00,59705,76.0,85.5,1.3,0.0,,,,
2026-03-15T00:14:08+00:00,59706,76.0,85.5,1.3,0.0,,,,
2026-03-15T00:17:08+00:00,59707,76.0,86.0,1.3,0.0,,,,
2026-03-15T00:20:08+00:00,59708,76.0,86.0,1.2,0.0,,,,
2026-03-15T00:23:08+00:00,59709,76.0,86.0,1.2,0.0,,,,
2026-03-15T00:26:08+00:00,59710,76.0,86.0,1.3,0.0,,,,
2026-03-15T00:29:08+00:00,59711,76.0,85.5,1.4,0.0,,,,
2026-03-15T00:32:08+00:00,59712,76.0,86.0,1.3,0.0,,,,
2026-03-15T00:35:07+00:00,59713,76.0,86.0,1.3,0.0,,,,
2026-03-15T00:38:08+00:00,59714,76.0,85.5,1.4,0.0,,,,
2026-03-15T00:41:07+00:00,59715,76.0,85.5,1.3,0.0,,,,
2026-03-15T00:44:07+00:00,59716,76.0,85.5,1.4,0.0,,,,
2026-03-15T00:47:07+00:00,59717,76.0,85.5,1.2,0.0,,,,
2026-03-15T00:50:07+00:00,59718,76.0,85.0,1.3,0.0,,,,
2026-03-15T00:53:07+00:00,59719,76.0,85.0,1.5,0.0,,,,
2026-03-15T00:56:07+00:00,59720,76.0,85.0,1.4,0.0,,,,
2026-03-15T00:59:07+00:00,59721,76.0,84.5,1.5,0.0,,,,
2026-03-15T01:02:07+00:00,59722,76.0,84.5,1.4,0.0,,,,
2026-03-15T01:05:07+00:00,59723,76.0,84.5,1.4,0.0,,,,
2026-03-15T01:08:07+00:00,59724,76.0,84.5,1.5,0.0,,,,
2026-03-15T01:11:07+00:00,59725,76.0,84.5,1.5,0.0,,,,
2026-03-15T01:14:07+00:00,59726,76.0,84.5,1.5,0.0,,,,
2026-03-15T01:17:07+00:00,59727,76.0,84.5,1.4,0.0,,,,
2026-03-15T01:20:07+00:00,59728,76.0,84.5,1.4,0.0,,,,
2026-03-15T01:23:07+00:00,59729,76.0,84.5,1.5,0.0,,,,
2026-03-15T01:26:07+00:00,59730,76.0,84.5,1.5,0.0,,,,
2026-03-15T01:29:07+00:00,59731,76.0,84.5,1.5,0.0,,,,
2026-03-15T01:32:07+00:00,59732,76.0,85.0,1.4,0.0,,,,
2026-03-15T01:35:07+00:00,59733,76.0,84.5,1.4,0.0,,,,
2026-03-15T01:38:07+00:00,59734,76.0,84.5,1.5,0.0,,,,
2026-03-15T01:41:07+00:00,59735,76.0,85.0,1.4,0.0,,,,
2026-03-15T01:44:07+00:00,59736,76.0,85.0,1.4,0.0,,,,
2026-03-15T01:47:07+00:00,59737,76.0,85.0,1.4,0.0,,,,
2026-03-15T01:50:07+00:00,59738,76.0,85.0,1.4,0.0,,,,
2026-03-15T01:53:07+00:00,59739,76.0,84.5,1.5,0.0,,,,
2026-03-15T01:56:07+00:00,59740,76.0,84.5,1.6,0.0,,,,
2026-03-15T01:59:08+00:00,59741,76.0,84.5,1.5,0.0,,,,
2026-03-15T02:02:07+00:00,59742,76.0,85.0,1.4,0.0,,,,
2026-03-15T02:05:07+00:00,59743,76.0,85.0,1.5,0.0,,,,
2026-03-15T02:08:07+00:00,59744,76.0,85.5,1.5,0.0,,,,
2026-03-15T02:11:07+00:00,59745,76.0,85.5,1.4,0.0,,,,
2026-03-15T02:14:07+00:00,59746,76.0,85.5,1.4,0.0,,,,
2026-03-15T02:17:07+00:00,59747,76.0,85.5,1.4,0.0,,,,
2026-03-15T02:20:07+00:00,59748,76.0,85.5,1.4,0.0,,,,
2026-03-15T02:23:07+00:00,59749,76.0,85.0,1.5,0.0,,,,
2026-03-15T02:26:07+00:00,59750,76.0,85.0,1.4,0.0,,,,
2026-03-15T02:29:07+00:00,59751,76.0,85.0,1.5,0.0,,,,
2026-03-15T02:32:07+00:00,59752,76.0,84.5,1.5,0.0,,,,
2026-03-15T02:35:07+00:00,59753,76.0,84.5,1.4,0.0,,,,
2026-03-15T02:38:07+00:00,59754,76.0,84.5,1.4,0.0,,,,
2026-03-15T02:41:07+00:00,59755,76.0,84.5,1.4,0.0,,,,
2026-03-15T02:44:07+00:00,59756,76.0,84.0,1.4,0.0,,,,
2026-03-15T02:47:07+00:00,59757,76.0,84.0,1.4,0.0,,,,
2026-03-15T02:50:07+00:00,59758,76.0,84.0,1.4,0.0,,,,
2026-03-15T02:53:07+00:00,59759,76.0,83.5,1.4,0.0,,,,
2026-03-15T02:56:07+00:00,59760,76.0,83.5,1.4,0.0,,,,
2026-03-15T02:59:07+00:00,59761,76.0,84.0,1.4,0.0,,,,
2026-03-15T03:02:07+00:00,59762,76.0,84.0,1.5,0.0,,,,
2026-03-15T03:05:07+00:00,59763,76.0,83.5,1.4,0.0,,,,
2026-03-15T03:08:07+00:00,59764,76.0,83.5,1.5,0.0,,,,
2026-03-15T03:11:07+00:00,59765,76.0,83.5,1.5,0.0,,,,
2026-03-15T03:14:07+00:00,59766,76.0,83.5,1.4,0.0,,,,
2026-03-15T03:17:07+00:00,59767,76.0,83.0,1.6,0.0,,,,
2026-03-15T03:20:07+00:00,59768,76.0,83.0,1.5,0.0,,,,
2026-03-15T03:23:07+00:00,59769,76.0,83.0,1.5,0.0,,,,
2026-03-15T03:26:07+00:00,59770,76.0,83.0,1.4,0.0,,,,
2026-03-15T03:29:07+00:00,59771,76.0,83.0,1.5,0.0,,,,
2026-03-15T03:32:07+00:00,59772,76.0,83.0,1.4,0.0,,,,
2026-03-15T03:35:07+00:00,59773,76.0,83.0,1.5,0.0,,,,
2026-03-15T03:38:07+00:00,59774,76.0,83.0,1.5,0.0,,,,
2026-03-15T03:41:07+00:00,59775,76.0,82.5,1.5,0.0,,,,
2026-03-15T03:44:07+00:00,59776,76.0,82.5,1.6,0.0,,,,
2026-03-15T03:47:07+00:00,59777,76.0,82.0,1.6,0.0,,,,
2026-03-15T03:50:07+00:00,59778,76.0,82.0,1.6,0.0,,,,
2026-03-15T03:53:07+00:00,59779,76.0,82.0,1.5,0.0,,,,
2026-03-15T03:56:07+00:00,59780,76.0,82.5,1.5,0.0,,,,
2026-03-15T03:59:07+00:00,59781,76.0,83.0,1.5,0.0,,,,
2026-03-15T04:02:07+00:00,59782,76.0,83.0,1.4,0.0,,,,
2026-03-15T04:05:07+00:00,59783,76.0,83.0,1.5,0.0,,,,
2026-03-15T04:08:07+00:00,59784,76.0,83.0,1.4,0.0,,,,
2026-03-15T04:11:07+00:00,59785,76.0,83.0,1.5,0.0,,,,
2026-03-15T04:14:07+00:00,59786,76.0,83.0,1.5,0.0,,,,
2026-03-15T04:17:07+00:00,59787,76.0,82.5,1.6,0.0,,,,
2026-03-15T04:20:07+00:00,59788,76.0,82.5,1.4,0.0,,,,
2026-03-15T04:23:07+00:00,59789,76.0,82.5,1.6,0.0,,,,
2026-03-15T04:26:07+00:00,59790,76.0,82.5,1.7,0.0,,,,
2026-03-15T04:29:07+00:00,59791,76.0,82.5,1.6,0.0,,,,
2026-03-15T04:32:07+00:00,59792,76.0,82.5,1.6,0.0,,,,
2026-03-15T04:35:07+00:00,59793,76.0,82.0,1.6,0.0,,,,
2026-03-15T04:38:07+00:00,59794,76.0,82.0,1.6,0.0,,,,
2026-03-15T04:41:07+00:00,59795,76.0,82.0,1.6,0.0,,,,
2026-03-15T04:44:07+00:00,59796,76.0,82.0,1.6,0.0,,,,
2026-03-15T04:47:07+00:00,59797,76.0,82.0,1.5,0.0,,,,
2026-03-15T04:50:07+00:00,59798,76.0,82.0,1.6,0.0,,,,
2026-03-15T04:53:07+00:00,59799,76.0,82.0,1.7,0.0,,,,
2026-03-15T04:56:07+00:00,59800,76.0,82.0,1.5,0.0,,,,
2026-03-15T04:59:07+00:00,59801,76.0,82.5,1.5,0.0,,,,
2026-03-15T05:02:07+00:00,59802,76.0,82.5,1.6,0.0,,,,
2026-03-15T05:05:07+00:00,59803,76.0,82.5,1.5,0.0,,,,
2026-03-15T05:08:07+00:00,59804,76.0,82.5,1.6,0.0,,,,
2026-03-15T05:11:07+00:00,59805,76.0,82.0,1.5,0.0,,,,
2026-03-15T05:14:07+00:00,59806,76.0,82.0,1.6,0.0,,,,
2026-03-15T05:17:07+00:00,59807,76.0,81.5,1.6,0.0,,,,
2026-03-15T05:20:07+00:00,59808,76.0,81.0,1.6,0.0,,,,
2026-03-15T05:23:07+00:00,59809,76.0,81.0,1.5,0.0,,,,
2026-03-15T05:26:07+00:00,59810,76.0,80.5,1.5,0.0,,,,
2026-03-15T05:29:07+00:00,59811,76.0,81.0,1.6,0.0,,,,
2026-03-15T05:32:07+00:00,59812,76.0,81.0,1.5,0.0,,,,
2026-03-15T05:35:07+00:00,59813,76.0,80.5,1.6,0.0,,,,
2026-03-15T05:38:07+00:00,59814,76.0,81.0,1.6,0.0,,,,
2026-03-15T05:41:07+00:00,59815,76.0,81.0,1.6,0.0,,,,
2026-03-15T05:44:07+00:00,59816,76.0,81.5,1.6,0.0,,,,
2026-03-15T05:47:07+00:00,59817,76.0,81.5,1.6,0.0,,,,
2026-03-15T05:50:07+00:00,59818,76.0,81.5,1.6,0.0,,,,
2026-03-15T05:53:07+00:00,59819,76.0,81.5,1.6,0.0,,,,
2026-03-15T05:56:07+00:00,59820,76.0,81.5,1.6,0.0,,,,
2026-03-15T05:59:07+00:00,59821,76.0,81.0,1.6,0.0,,,,
2026-03-15T06:02:07+00:00,59822,76.0,81.0,1.6,0.0,,,,
2026-03-15T06:05:07+00:00,59823,76.0,81.0,1.6,0.0,,,,
2026-03-15T06:08:07+00:00,59824,76.0,81.0,1.7,0.0,,,,
2026-03-15T06:11:07+00:00,59825,76.0,81.0,1.6,0.0,,,,
2026-03-15T06:14:07+00:00,59826,76.0,81.0,1.6,0.0,,,,
2026-03-15T06:17:07+00:00,59827,76.0,81.0,1.7,0.0,,,,
2026-03-15T06:20:07+00:00,59828,76.0,81.0,1.7,0.0,,,,
2026-03-15T06:23:07+00:00,59829,76.0,81.0,1.6,0.0,,,,
2026-03-15T06:26:07+00:00,59830,76.0,80.5,1.9,0.0,,,,
2026-03-15T06:29:07+00:00,59831,76.0,80.5,1.8,0.0,,,,
2026-03-15T06:32:07+00:00,59832,76.0,80.0,1.8,0.0,,,,
2026-03-15T06:35:07+00:00,59833,76.0,80.0,1.8,0.0,,,,
2026-03-15T06:38:07+00:00,59834,76.0,80.0,1.9,0.0,,,,
2026-03-15T06:41:07+00:00,59835,76.0,79.5,1.8,0.0,,,,
2026-03-15T06:44:07+00:00,59836,76.0,79.0,2.1,0.0,,,,
2026-03-15T06:47:07+00:00,59837,76.0,78.5,2.0,0.0,,,,
2026-03-15T06:50:07+00:00,59838,76.0,78.5,2.1,0.0,,,,
2026-03-15T06:53:07+00:00,59839,76.0,78.5,2.0,0.0,,,,
2026-03-15T06:56:07+00:00,59840,76.0,78.5,2.1,0.0,,,,
2026-03-15T06:59:07+00:00,59841,76.0,77.5,2.1,0.0,,,,
2026-03-15T07:02:07+00:00,59842,76.0,77.5,2.2,0.0,,,,
2026-03-15T07:05:07+00:00,59843,76.0,77.5,2.2,0.0,,,,
2026-03-15T07:08:07+00:00,59844,76.0,77.5,2.1,0.0,,,,
2026-03-15T07:11:07+00:00,59845,76.0,77.5,2.1,0.0,,,,
2026-03-15T07:14:07+00:00,59846,76.0,78.0,2.3,0.0,,,,
2026-03-15T07:17:07+00:00,59847,76.0,78.0,2.3,0.0,,,,
2026-03-15T07:20:07+00:00,59848,76.0,78.0,2.4,0.0,,,,
2026-03-15T07:23:07+00:00,59849,76.0,78.0,2.3,0.0,,,,
2026-03-15T07:26:07+00:00,59850,76.0,77.5,2.4,0.0,,,,
2026-03-15T07:29:07+00:00,59851,76.0,78.0,2.4,0.0,,,,
2026-03-15T07:32:07+00:00,59852,76.0,77.5,2.5,0.0,,,,
2026-03-15T07:35:07+00:00,59853,76.0,77.5,2.5,0.0,,,,
2026-03-15T07:38:07+00:00,59854,76.0,77.0,2.6,0.0,,,,
2026-03-15T07:41:07+00:00,59855,76.0,76.5,2.5,0.0,,,,
2026-03-15T07:44:07+00:00,59856,76.0,76.0,2.7,0.0,,,,
2026-03-15T07:47:07+00:00,59857,76.0,76.5,2.7,0.0,,,,
2026-03-15T07:50:07+00:00,59858,76.0,76.0,2.8,0.0,,,,
2026-03-15T07:53:07+00:00,59859,76.0,76.0,2.9,0.0,,,,
2026-03-15T07:56:07+00:00,59860,76.0,75.5,2.9,0.0,,,,
2026-03-15T07:59:07+00:00,59861,76.0,75.5,3.0,0.0,,,,
2026-03-15T08:02:07+00:00,59862,76.0,75.5,2.9,0.0,,,,
2026-03-15T08:05:07+00:00,59863,76.0,75.5,3.0,0.0,,,,
2026-03-15T08:08:07+00:00,59864,76.0,75.5,3.0,0.0,,,,
2026-03-15T08:11:07+00:00,59865,76.0,76.0,2.9,0.0,,,,
2026-03-15T08:14:07+00:00,59866,76.0,76.0,3.0,0.0,,,,
2026-03-15T08:17:07+00:00,59867,76.0,76.0,3.0,0.0,,,,
2026-03-15T08:20:07+00:00,59868,76.0,76.0,3.1,0.0,,,,
2026-03-15T08:23:07+00:00,59869,76.0,75.0,3.3,0.0,,,,
2026-03-15T08:26:07+00:00,59870,76.0,74.5,3.4,0.0,,,,
2026-03-15T08:29:07+00:00,59871,76.0,74.0,3.3,0.0,,,,
2026-03-15T08:32:07+00:00,59872,76.0,74.0,3.4,0.0,,,,
2026-03-15T08:35:07+00:00,59873,76.0,74.0,3.5,0.0,,,,
2026-03-15T08:38:07+00:00,59874,76.0,73.5,3.7,0.0,,,,
2026-03-15T08:41:07+00:00,59875,76.0,72.5,4.1,0.0,,,,
2026-03-15T08:44:07+00:00,59876,76.0,71.0,4.4,0.0,,,,
2026-03-15T08:47:07+00:00,59877,76.0,70.5,4.6,0.0,,,,
2026-03-15T08:50:07+00:00,59878,76.0,69.0,4.9,0.0,,,,
2026-03-15T08:53:07+00:00,59879,76.0,68.0,4.9,0.0,,,,
2026-03-15T08:56:07+00:00,59880,76.0,68.5,5.0,0.0,,,,
2026-03-15T08:59:07+00:00,59881,76.0,67.5,5.3,0.0,,,,
2026-03-15T09:02:07+00:00,59882,76.0,67.5,5.5,0.0,,,,
2026-03-15T09:05:07+00:00,59883,76.0,66.5,5.5,0.0,,,,
2026-03-15T09:08:07+00:00,59884,76.0,66.5,5.5,0.0,,,,
2026-03-15T09:11:07+00:00,59885,76.0,66.0,5.7,0.0,,,,
2026-03-15T09:14:07+00:00,59886,76.0,64.5,5.7,0.0,,,,
2026-03-15T09:17:07+00:00,59887,76.0,67.5,5.6,0.0,,,,
2026-03-15T09:20:07+00:00,59888,76.0,66.0,5.6,0.0,,,,
2026-03-15T09:23:07+00:00,59889,76.0,66.0,5.9,0.0,,,,
2026-03-15T09:26:07+00:00,59890,76.0,65.5,5.9,0.0,,,,
2026-03-15T09:29:07+00:00,59891,76.0,65.0,5.9,0.0,,,,
2026-03-15T09:32:07+00:00,59892,76.0,65.5,5.9,0.0,,,,
2026-03-15T09:35:07+00:00,59893,76.0,65.5,6.0,0.0,,,,
2026-03-15T09:38:07+00:00,59894,76.0,64.0,6.0,0.0,,,,
2026-03-15T09:41:07+00:00,59895,76.0,64.0,6.1,0.0,,,,
2026-03-15T09:44:07+00:00,59896,76.0,63.5,6.3,0.0,,,,
2026-03-15T09:47:07+00:00,59897,76.0,63.0,6.2,0.0,,,,
2026-03-15T09:50:07+00:00,59898,76.0,65.0,6.2,0.0,,,,
2026-03-15T09:53:07+00:00,59899,76.0,64.5,6.6,0.0,,,,
2026-03-15T09:56:07+00:00,59900,76.0,63.0,6.9,0.0,,,,
2026-03-15T09:59:07+00:00,59901,76.0,61.0,6.8,0.0,,,,
2026-03-15T10:02:07+00:00,59902,76.0,62.0,6.8,0.0,,,,
2026-03-15T10:05:07+00:00,59903,76.0,61.5,7.0,0.0,,,,
2026-03-15T10:08:07+00:00,59904,76.0,61.0,7.0,0.0,,,,
2026-03-15T10:11:07+00:00,59905,76.0,61.5,7.4,0.0,,,,
2026-03-15T10:14:07+00:00,59906,76.0,60.0,7.7,0.0,,,,
2026-03-15T10:17:07+00:00,59907,76.0,59.5,7.6,0.0,,,,
2026-03-15T10:20:07+00:00,59908,76.0,59.0,7.9,0.0,,,,
2026-03-15T10:23:07+00:00,59909,76.0,59.5,8.5,0.0,,,,
2026-03-15T10:26:07+00:00,59910,76.0,56.5,8.2,0.0,,,,
2026-03-15T10:29:07+00:00,59911,76.0,59.0,8.0,0.0,,,,
2026-03-15T10:32:07+00:00,59912,76.0,56.5,8.1,0.0,,,,
2026-03-15T10:35:07+00:00,59913,76.0,57.5,7.9,0.0,,,,
2026-03-15T10:38:07+00:00,59914,76.0,59.5,8.2,0.0,,,,
2026-03-15T10:41:07+00:00,59915,76.0,54.5,8.5,0.0,,,,
2026-03-15T10:44:07+00:00,59916,76.0,58.0,8.0,0.0,,,,
2026-03-15T10:47:07+00:00,59917,76.0,57.5,8.4,0.0,,,,
2026-03-15T10:50:07+00:00,59918,76.0,56.5,8.7,0.0,,,,
2026-03-15T10:53:07+00:00,59919,76.0,56.0,8.4,0.0,,,,
2026-03-15T10:56:07+00:00,59920,76.0,55.5,8.3,0.0,,,,
2026-03-15T10:59:07+00:00,59921,76.0,56.5,8.5,0.0,,,,
2026-03-15T11:02:07+00:00,59922,76.0,57.0,8.4,0.0,,,,
2026-03-15T11:05:07+00:00,59923,76.0,55.5,8.6,0.0,,,,
2026-03-15T11:08:07+00:00,59924,76.0,54.5,8.5,0.0,,,,
2026-03-15T11:11:06+00:00,59925,76.0,56.0,9.2,0.0,,,,
2026-03-15T11:14:06+00:00,59926,76.0,54.5,9.3,0.0,,,,
2026-03-15T11:17:06+00:00,59927,76.0,56.0,8.9,0.0,,,,
2026-03-15T11:20:06+00:00,59928,76.0,58.0,8.4,0.0,,,,
2026-03-15T11:23:06+00:00,59929,76.0,58.5,8.2,0.0,,,,
2026-03-15T11:26:06+00:00,59930,76.0,60.5,8.2,0.0,,,,
2026-03-15T11:29:06+00:00,59931,76.0,58.0,8.4,0.0,,,,
2026-03-15T11:32:06+00:00,59932,76.0,57.5,8.0,0.0,,,,
2026-03-15T11:35:06+00:00,59933,76.0,58.0,7.8,0.0,,,,
2026-03-15T11:38:06+00:00,59934,76.0,58.5,8.1,0.0,,,,
2026-03-15T11:41:06+00:00,59935,76.0,58.0,8.3,0.0,,,,
2026-03-15T11:44:06+00:00,59936,76.0,57.0,8.3,0.0,,,,
2026-03-15T11:47:06+00:00,59937,76.0,57.0,7.9,0.0,,,,
2026-03-15T11:50:06+00:00,59938,76.0,57.0,8.0,0.0,,,,
2026-03-15T11:53:06+00:00,59939,76.0,59.0,7.7,0.0,,,,
2026-03-15T11:56:06+00:00,59940,76.0,58.5,7.4,0.0,,,,
2026-03-15T11:59:06+00:00,59941,76.0,58.0,7.5,0.0,,,,
2026-03-15T12:02:06+00:00,59942,76.0,58.0,7.8,0.0,,,,
2026-03-15T12:05:06+00:00,59943,76.0,59.0,8.3,0.0,,,,
2026-03-15T12:08:06+00:00,59944,76.0,58.0,8.6,0.0,,,,
2026-03-15T12:11:06+00:00,59945,76.0,56.0,9.1,0.0,,,,
2026-03-15T12:14:06+00:00,59946,76.0,56.0,9.0,0.0,,,,
2026-03-15T12:17:06+00:00,59947,76.0,56.5,9.1,0.0,,,,
2026-03-15T12:20:06+00:00,59948,76.0,53.5,9.6,0.0,,,,
2026-03-15T12:23:06+00:00,59949,76.0,49.5,9.6,0.0,,,,
2026-03-15T12:26:06+00:00,59950,76.0,52.0,9.1,0.0,,,,
2026-03-15T12:29:06+00:00,59951,76.0,52.5,8.7,0.0,,,,
2026-03-15T12:32:06+00:00,59952,76.0,54.5,8.9,0.0,,,,
2026-03-15T12:35:06+00:00,59953,76.0,52.5,8.9,0.0,,,,
2026-03-15T12:38:06+00:00,59954,76.0,52.0,8.9,0.0,,,,
2026-03-15T12:41:06+00:00,59955,76.0,52.0,8.6,0.0,,,,
2026-03-15T12:44:06+00:00,59956,76.0,52.5,8.7,0.0,,,,
2026-03-15T12:47:06+00:00,59957,76.0,53.0,8.9,0.0,,,,
2026-03-15T12:50:06+00:00,59958,76.0,52.0,8.9,0.0,,,,
2026-03-15T12:53:06+00:00,59959,76.0,51.0,9.1,0.0,,,,
2026-03-15T12:56:06+00:00,59960,76.0,52.0,9.1,0.0,,,,
2026-03-15T12:59:06+00:00,59961,76.0,55.0,9.2,0.0,,,,
2026-03-15T13:02:06+00:00,59962,76.0,54.0,9.6,0.0,,,,
2026-03-15T13:05:06+00:00,59963,76.0,53.5,9.5,0.0,,,,
2026-03-15T13:08:06+00:00,59964,76.0,51.5,9.8,0.0,,,,
2026-03-15T13:11:06+00:00,59965,76.0,52.0,9.3,0.0,,,,
2026-03-15T13:14:06+00:00,59966,76.0,54.5,8.6,0.0,,,,
2026-03-15T13:17:06+00:00,59967,76.0,56.5,8.6,0.0,,,,
2026-03-15T13:20:06+00:00,59968,76.0,54.0,8.5,0.0,,,,
2026-03-15T13:23:06+00:00,59969,76.0,54.5,8.5,0.0,,,,
2026-03-15T13:26:06+00:00,59970,76.0,53.5,8.5,0.0,,,,
2026-03-15T13:29:06+00:00,59971,76.0,55.0,8.5,0.0,,,,
2026-03-15T13:32:06+00:00,59972,76.0,53.0,8.3,0.0,,,,
2026-03-15T13:35:06+00:00,59973,76.0,55.0,7.8,0.0,,,,
2026-03-15T13:38:06+00:00,59974,76.0,55.5,7.9,0.0,,,,
2026-03-15T13:41:06+00:00,59975,76.0,55.5,7.6,0.0,,,,
2026-03-15T13:44:06+00:00,59976,76.0,55.5,7.4,0.0,,,,
2026-03-15T13:47:06+00:00,59977,76.0,57.0,7.4,0.0,,,,
2026-03-15T13:50:06+00:00,59978,76.0,58.0,7.5,0.0,,,,
2026-03-15T13:53:06+00:00,59979,76.0,57.0,7.3,0.0,,,,
2026-03-15T13:56:06+00:00,59980,76.0,57.5,7.1,0.0,,,,
2026-03-15T13:59:06+00:00,59981,76.0,59.5,7.0,0.0,,,,
2026-03-15T14:02:06+00:00,59982,76.0,59.0,6.9,0.0,,,,
2026-03-15T14:05:06+00:00,59983,76.0,60.0,7.0,0.0,,,,
2026-03-15T14:08:06+00:00,59984,76.0,60.0,7.1,0.0,,,,
2026-03-15T14:11:06+00:00,59985,76.0,59.5,6.9,0.0,,,,
2026-03-15T14:14:06+00:00,59986,76.0,58.5,6.8,0.0,,,,
2026-03-15T14:17:06+00:00,59987,76.0,60.5,6.7,0.0,,,,
2026-03-15T14:20:06+00:00,59988,76.0,61.0,6.6,0.0,,,,
2026-03-15T14:23:06+00:00,59989,76.0,61.5,6.5,0.0,,,,
2026-03-15T14:26:06+00:00,59990,76.0,61.0,6.5,0.0,,,,
2026-03-15T14:29:06+00:00,59991,76.0,61.5,6.4,0.0,,,,
2026-03-15T14:32:06+00:00,59992,76.0,61.5,6.6,0.0,,,,
2026-03-15T14:35:06+00:00,59993,76.0,61.0,6.7,0.0,,,,
2026-03-15T14:38:06+00:00,59994,76.0,61.0,6.6,0.0,,,,
2026-03-15T14:41:06+00:00,59995,76.0,60.5,6.6,0.0,,,,
2026-03-15T14:44:06+00:00,59996,76.0,61.5,6.3,0.0,,,,
2026-03-15T14:47:06+00:00,59997,76.0,62.5,6.4,0.0,,,,
2026-03-15T14:50:06+00:00,59998,76.0,62.0,6.3,0.0,,,,
2026-03-15T14:53:06+00:00,59999,76.0,63.0,6.3,0.0,,,,
2026-03-15T14:56:06+00:00,60000,76.0,63.0,6.1,0.0,,,,
2026-03-15T14:59:06+00:00,60001,76.0,63.0,6.1,0.0,,,,
2026-03-15T15:02:06+00:00,60002,76.0,64.0,6.3,0.0,,,,
2026-03-15T15:05:06+00:00,60003,76.0,63.5,6.2,0.0,,,,
2026-03-15T15:08:06+00:00,60004,76.0,63.0,6.0,0.0,,,,
2026-03-15T15:11:06+00:00,60005,76.0,63.5,5.9,0.0,,,,
2026-03-15T15:14:06+00:00,60006,76.0,64.0,5.9,0.0,,,,
2026-03-15T15:17:06+00:00,60007,76.0,63.5,6.0,0.0,,,,
2026-03-15T15:20:06+00:00,60008,76.0,64.5,5.9,0.0,,,,
2026-03-15T15:23:06+00:00,60009,76.0,64.5,5.8,0.0,,,,
2026-03-15T15:26:06+00:00,60010,76.0,64.0,5.7,0.0,,,,
2026-03-15T15:29:06+00:00,60011,76.0,63.0,5.8,0.0,,,,
2026-03-15T15:32:06+00:00,60012,76.0,64.0,5.6,0.0,,,,
2026-03-15T15:35:06+00:00,60013,76.0,64.0,5.7,0.0,,,,
2026-03-15T15:38:06+00:00,60014,76.0,63.5,5.7,0.0,,,,
2026-03-15T15:41:06+00:00,60015,76.0,63.5,5.7,0.0,,,,
2026-03-15T15:44:06+00:00,60016,76.0,63.5,5.6,0.0,,,,
2026-03-15T15:47:06+00:00,60017,76.0,64.0,5.6,0.0,,,,
2026-03-15T15:50:06+00:00,60018,76.0,63.5,5.5,0.0,,,,
2026-03-15T15:53:06+00:00,60019,76.0,64.0,5.5,0.0,,,,
2026-03-15T15:56:06+00:00,60020,76.0,65.0,5.5,0.0,,,,
2026-03-15T15:59:06+00:00,60021,76.0,65.0,5.6,0.0,,,,
2026-03-15T16:02:06+00:00,60022,76.0,65.5,5.4,0.0,,,,
2026-03-15T16:05:06+00:00,60023,76.0,65.5,5.4,0.0,,,,
2026-03-15T16:08:06+00:00,60024,76.0,65.5,5.3,0.0,,,,
2026-03-15T16:11:06+00:00,60025,76.0,65.5,5.4,0.0,,,,
2026-03-15T16:14:06+00:00,60026,76.0,66.0,5.4,0.0,,,,
2026-03-15T16:17:06+00:00,60027,76.0,65.0,5.4,0.0,,,,
2026-03-15T16:20:06+00:00,60028,76.0,65.0,5.3,0.0,,,,
2026-03-15T16:23:06+00:00,60029,76.0,65.5,5.4,0.0,,,,
2026-03-15T16:26:06+00:00,60030,76.0,65.5,5.4,0.0,,,,
2026-03-15T16:29:06+00:00,60031,76.0,65.5,5.3,0.0,,,,
2026-03-15T16:32:06+00:00,60032,76.0,65.0,5.4,0.0,,,,
2026-03-15T16:35:06+00:00,60033,76.0,64.5,5.3,0.0,,,,
2026-03-15T16:38:06+00:00,60034,76.0,65.5,5.2,0.0,,,,
2026-03-15T16:41:06+00:00,60035,76.0,65.0,5.3,0.0,,,,
2026-03-15T16:44:06+00:00,60036,76.0,65.5,5.2,0.0,,,,
2026-03-15T16:47:06+00:00,60037,76.0,65.5,5.2,0.0,,,,
2026-03-15T16:50:06+00:00,60038,76.0,66.0,5.2,0.0,,,,
2026-03-15T16:53:06+00:00,60039,76.0,66.5,5.1,0.0,,,,
2026-03-15T16:56:06+00:00,60040,76.0,66.5,5.2,0.0,,,,
2026-03-15T16:59:06+00:00,60041,76.0,67.0,5.1,0.0,,,,
2026-03-15T17:02:06+00:00,60042,76.0,67.0,5.1,0.0,,,,
2026-03-15T17:05:06+00:00,60043,76.0,67.0,5.0,0.0,,,,
2026-03-15T17:08:06+00:00,60044,76.0,68.0,5.1,0.0,,,,
2026-03-15T17:11:06+00:00,60045,76.0,67.5,5.0,0.0,,,,
2026-03-15T17:14:06+00:00,60046,76.0,67.5,5.0,0.0,,,,
2026-03-15T17:17:06+00:00,60047,76.0,67.5,5.0,0.0,,,,
2026-03-15T17:20:06+00:00,60048,76.0,67.5,5.0,0.0,,,,
2026-03-15T17:23:06+00:00,60049,76.0,67.5,4.9,0.0,,,,
2026-03-15T17:26:06+00:00,60050,76.0,68.0,4.9,0.0,,,,
2026-03-15T17:29:06+00:00,60051,76.0,68.5,4.9,0.0,,,,
2026-03-15T17:32:06+00:00,60052,76.0,68.0,4.9,0.0,,,,
2026-03-15T17:35:06+00:00,60053,76.0,68.0,4.8,0.0,,,,
2026-03-15T17:38:06+00:00,60054,76.0,68.0,4.9,0.0,,,,
2026-03-15T17:41:06+00:00,60055,76.0,68.0,4.8,0.0,,,,
2026-03-15T17:44:06+00:00,60056,76.0,68.0,4.8,0.0,,,,
2026-03-15T17:47:06+00:00,60057,76.0,68.5,4.8,0.0,,,,
2026-03-15T17:50:06+00:00,60058,76.0,68.5,4.8,0.0,,,,
2026-03-15T17:53:06+00:00,60059,76.0,68.5,4.7,0.0,,,,
2026-03-15T17:56:06+00:00,60060,76.0,68.0,4.7,0.0,,,,
2026-03-15T17:59:06+00:00,60061,76.0,68.0,4.7,0.0,,,,
2026-03-15T18:02:06+00:00,60062,76.0,68.5,4.7,0.0,,,,
2026-03-15T18:05:06+00:00,60063,76.0,68.5,4.7,0.0,,,,
2026-03-15T18:08:06+00:00,60064,76.0,68.5,4.7,0.0,,,,
2026-03-15T18:11:06+00:00,60065,76.0,68.5,4.7,0.0,,,,
2026-03-15T18:14:06+00:00,60066,76.0,68.5,4.6,0.0,,,,
2026-03-15T18:17:06+00:00,60067,76.0,68.5,4.8,0.0,,,,
2026-03-15T18:20:07+00:00,60068,76.0,68.5,4.7,0.0,,,,
2026-03-15T18:23:07+00:00,60069,76.0,68.5,4.7,0.0,,,,
2026-03-15T18:26:07+00:00,60070,76.0,68.0,4.7,0.0,,,,
2026-03-15T18:29:07+00:00,60071,76.0,68.5,4.7,0.0,,,,
2026-03-15T18:32:07+00:00,60072,76.0,68.0,4.8,0.0,,,,
2026-03-15T18:35:07+00:00,60073,76.0,68.0,4.6,0.0,,,,
2026-03-15T18:38:07+00:00,60074,76.0,68.5,4.7,0.0,,,,
2026-03-15T18:41:07+00:00,60075,76.0,68.0,4.7,0.0,,,,
2026-03-15T18:44:07+00:00,60076,76.0,68.0,4.7,0.0,,,,
2026-03-15T18:47:07+00:00,60077,76.0,68.0,4.7,0.0,,,,
2026-03-15T18:50:07+00:00,60078,76.0,68.5,4.7,0.0,,,,
2026-03-15T18:53:07+00:00,60079,76.0,69.0,4.6,0.0,,,,
2026-03-15T18:56:07+00:00,60080,76.0,69.0,4.7,0.0,,,,
2026-03-15T18:59:07+00:00,60081,76.0,69.0,4.6,0.0,,,,
2026-03-15T19:02:07+00:00,60082,76.0,69.0,4.6,0.0,,,,
2026-03-15T19:05:07+00:00,60083,76.0,69.0,4.6,0.0,,,,
2026-03-15T19:08:07+00:00,60084,76.0,68.5,4.7,0.0,,,,
2026-03-15T19:11:07+00:00,60085,76.0,68.5,4.6,0.0,,,,
2026-03-15T19:14:07+00:00,60086,76.0,68.5,4.6,0.0,,,,
2026-03-15T19:17:07+00:00,60087,76.0,68.0,4.6,0.0,,,,
2026-03-15T19:20:07+00:00,60088,76.0,68.5,4.6,0.0,,,,
2026-03-15T19:23:07+00:00,60089,76.0,68.0,4.6,0.0,,,,
2026-03-15T19:26:07+00:00,60090,76.0,68.0,4.6,0.0,,,,
2026-03-15T19:29:07+00:00,60091,76.0,68.0,4.5,0.0,,,,
2026-03-15T19:32:07+00:00,60092,76.0,68.0,4.5,0.0,,,,
2026-03-15T19:35:07+00:00,60093,76.0,67.0,4.6,0.0,,,,
2026-03-15T19:38:07+00:00,60094,76.0,67.0,4.6,0.0,,,,
2026-03-15T19:41:07+00:00,60095,76.0,67.0,4.5,0.0,,,,
2026-03-15T19:44:07+00:00,60096,76.0,67.0,4.6,0.0,,,,
2026-03-15T19:47:07+00:00,60097,76.0,67.5,4.6,0.0,,,,
2026-03-15T19:50:07+00:00,60098,76.0,67.5,4.6,0.0,,,,
2026-03-15T19:53:07+00:00,60099,76.0,67.5,4.7,0.0,,,,
2026-03-15T19:56:07+00:00,60100,76.0,67.5,4.5,0.0,,,,
2026-03-15T19:59:07+00:00,60101,76.0,67.5,4.6,0.0,,,,
2026-03-15T20:02:07+00:00,60102,76.0,68.0,4.6,0.0,,,,
2026-03-15T20:05:07+00:00,60103,76.0,68.5,4.5,0.0,,,,
2026-03-15T20:08:07+00:00,60104,76.0,68.0,4.5,0.0,,,,
2026-03-15T20:11:07+00:00,60105,76.0,67.5,4.5,0.0,,,,
2026-03-15T20:14:07+00:00,60106,76.0,68.0,4.5,0.0,,,,
2026-03-15T20:17:07+00:00,60107,76.0,68.0,4.5,0.0,,,,
2026-03-15T20:20:07+00:00,60108,76.0,68.5,4.6,0.0,,,,
2026-03-15T20:23:07+00:00,60109,76.0,67.5,4.4,0.0,,,,
2026-03-15T20:26:07+00:00,60110,76.0,67.5,4.4,0.0,,,,
2026-03-15T20:29:07+00:00,60111,76.0,68.0,4.6,0.0,,,,
2026-03-15T20:32:07+00:00,60112,76.0,68.0,4.5,0.0,,,,
2026-03-15T20:35:07+00:00,60113,76.0,67.5,4.5,0.0,,,,
2026-03-15T20:38:07+00:00,60114,76.0,68.0,4.5,0.0,,,,
2026-03-15T20:41:07+00:00,60115,76.0,68.0,4.5,0.0,,,,
2026-03-15T20:44:07+00:00,60116,76.0,68.0,4.3,0.0,,,,
2026-03-15T20:47:07+00:00,60117,76.0,68.5,4.4,0.0,,,,
2026-03-15T20:50:07+00:00,60118,76.0,68.5,4.4,0.0,,,,
2026-03-15T20:53:07+00:00,60119,76.0,68.5,4.3,0.0,,,,
2026-03-15T20:56:07+00:00,60120,76.0,68.5,4.4,0.0,,,,
2026-03-15T20:59:07+00:00,60121,76.0,69.5,4.3,0.0,,,,
2026-03-15T21:02:07+00:00,60122,76.0,69.0,4.4,0.0,,,,
2026-03-15T21:05:07+00:00,60123,76.0,68.0,4.3,0.0,,,,
2026-03-15T21:08:07+00:00,60124,76.0,67.0,4.4,0.0,,,,
2026-03-15T21:11:07+00:00,60125,76.0,68.0,4.5,0.0,,,,
2026-03-15T21:14:07+00:00,60126,76.0,67.5,4.3,0.0,,,,
2026-03-15T21:17:07+00:00,60127,76.0,68.5,4.4,0.0,,,,
2026-03-15T21:20:07+00:00,60128,76.0,68.0,4.4,0.0,,,,
2026-03-15T21:23:07+00:00,60129,76.0,68.0,4.3,0.0,,,,
2026-03-15T21:26:07+00:00,60130,76.0,68.5,4.3,0.0,,,,
2026-03-15T21:29:07+00:00,60131,76.0,68.5,4.3,0.0,,,,
2026-03-15T21:32:07+00:00,60132,76.0,69.0,4.3,0.0,,,,
2026-03-15T21:35:07+00:00,60133,76.0,69.5,4.3,0.0,,,,
2026-03-15T21:38:07+00:00,60134,76.0,69.5,4.2,0.0,,,,
2026-03-15T21:41:07+00:00,60135,76.0,68.5,4.2,0.0,,,,
2026-03-15T21:44:07+00:00,60136,76.0,68.5,4.3,0.0,,,,
2026-03-15T21:47:07+00:00,60137,76.0,68.5,4.2,0.0,,,,
2026-03-15T21:50:07+00:00,60138,76.0,68.5,4.2,0.0,,,,
2026-03-15T21:53:07+00:00,60139,76.0,69.5,4.1,0.0,,,,
2026-03-15T21:56:07+00:00,60140,76.0,70.0,3.9,0.0,,,,
2026-03-15T21:59:07+00:00,60141,76.0,71.0,3.8,0.0,,,,
2026-03-15T22:02:07+00:00,60142,76.0,71.5,3.6,0.0,,,,
2026-03-15T22:05:07+00:00,60143,76.0,72.5,3.4,0.0,,,,
2026-03-15T22:08:07+00:00,60144,76.0,73.0,3.4,0.0,,,,
2026-03-15T22:11:07+00:00,60145,76.0,73.5,3.3,0.0,,,,
2026-03-15T22:14:07+00:00,60146,76.0,73.5,3.0,0.0,,,,
2026-03-15T22:17:07+00:00,60147,76.0,74.5,2.8,0.0,,,,
2026-03-15T22:20:07+00:00,60148,76.0,75.0,2.6,0.0,,,,
2026-03-15T22:23:07+00:00,60149,76.0,75.5,2.4,0.0,,,,
2026-03-15T22:26:07+00:00,60150,76.0,76.0,2.5,0.0,,,,
2026-03-15T22:29:07+00:00,60151,76.0,75.5,2.5,0.0,,,,
2026-03-15T22:32:07+00:00,60152,76.0,76.0,2.6,0.0,,,,
2026-03-15T22:35:07+00:00,60153,76.0,76.0,2.6,0.0,,,,
2026-03-15T22:38:07+00:00,60154,76.0,76.0,2.5,0.0,,,,
2026-03-15T22:41:07+00:00,60155,76.0,76.5,2.4,0.0,,,,
2026-03-15T22:44:07+00:00,60156,76.0,76.5,2.5,0.0,,,,
2026-03-15T22:47:07+00:00,60157,76.0,76.5,2.5,0.0,,,,
2026-03-15T22:50:07+00:00,60158,76.0,77.0,2.4,0.0,,,,
2026-03-15T22:53:07+00:00,60159,76.0,76.5,2.5,0.0,,,,
2026-03-15T22:56:07+00:00,60160,76.0,76.5,2.4,0.0,,,,
2026-03-15T22:59:07+00:00,60161,76.0,76.0,2.6,0.0,,,,
2026-03-15T23:02:07+00:00,60162,76.0,75.5,2.6,0.0,,,,
2026-03-15T23:05:07+00:00,60163,76.0,76.0,2.7,0.0,,,,
2026-03-15T23:08:07+00:00,60164,76.0,76.5,2.6,0.0,,,,
2026-03-15T23:11:07+00:00,60165,76.0,77.0,2.5,0.0,,,,
2026-03-15T23:14:07+00:00,60166,76.0,77.0,2.3,0.0,,,,
2026-03-15T23:17:07+00:00,60167,76.0,77.0,2.3,0.0,,,,
2026-03-15T23:20:07+00:00,60168,76.0,77.0,2.2,0.0,,,,
2026-03-15T23:23:07+00:00,60169,76.0,77.0,2.2,0.0,,,,
2026-03-15T23:26:07+00:00,60170,76.0,77.0,2.2,0.0,,,,
2026-03-15T23:29:07+00:00,60171,76.0,76.5,2.4,0.0,,,,
2026-03-15T23:32:07+00:00,60172,76.0,76.5,2.3,0.0,,,,
2026-03-15T23:35:07+00:00,60173,76.0,76.5,2.3,0.0,,,,
2026-03-15T23:38:07+00:00,60174,76.0,77.0,2.2,0.0,,,,
2026-03-15T23:41:07+00:00,60175,76.0,77.0,2.1,0.0,,,,
2026-03-15T23:44:07+00:00,60176,76.0,77.0,2.0,0.0,,,,
2026-03-15T23:47:07+00:00,60177,76.0,77.0,2.0,0.0,,,,
2026-03-15T23:50:07+00:00,60178,76.0,76.5,2.1,0.0,,,,
2026-03-15T23:53:07+00:00,60179,76.0,76.5,2.0,0.0,,,,
2026-03-15T23:56:07+00:00,60180,76.0,77.0,1.9,0.0,,,,
2026-03-15T23:59:07+00:00,60181,76.0,77.0,2.0,0.0,,,,
2026-03-16T00:02:07+00:00,60182,76.0,77.0,1.9,0.0,,,,
2026-03-16T00:05:07+00:00,60183,76.0,77.0,1.9,0.0,,,,
2026-03-16T00:08:07+00:00,60184,76.0,77.0,2.0,0.0,,,,
2026-03-16T00:11:07+00:00,60185,76.0,77.5,1.9,0.0,,,,
2026-03-16T00:14:07+00:00,60186,76.0,77.0,1.9,0.0,,,,
2026-03-16T00:17:07+00:00,60187,76.0,77.0,1.9,0.0,,,,
2026-03-16T00:20:06+00:00,60188,76.0,77.0,2.0,0.0,,,,
2026-03-16T00:23:06+00:00,60189,76.0,76.5,1.9,0.0,,,,
2026-03-16T00:26:06+00:00,60190,76.0,76.0,2.0,0.0,,,,
2026-03-16T00:29:06+00:00,60191,76.0,76.0,1.9,0.0,,,,
2026-03-16T00:32:06+00:00,60192,76.0,76.5,1.8,0.0,,,,
2026-03-16T00:35:06+00:00,60193,76.0,76.5,1.8,0.0,,,,
2026-03-16T00:38:06+00:00,60194,76.0,76.5,1.8,0.0,,,,
2026-03-16T00:41:06+00:00,60195,76.0,76.0,2.0,0.0,,,,
2026-03-16T00:44:06+00:00,60196,76.0,76.0,1.8,0.0,,,,
2026-03-16T00:47:06+00:00,60197,76.0,76.0,1.8,0.0,,,,
2026-03-16T00:50:06+00:00,60198,76.0,76.0,1.9,0.0,,,,
2026-03-16T00:53:06+00:00,60199,76.0,76.0,1.8,0.0,,,,
2026-03-16T00:56:06+00:00,60200,76.0,76.0,1.8,0.0,,,,
2026-03-16T00:59:06+00:00,60201,76.0,76.5,1.7,0.0,,,,
2026-03-16T01:02:06+00:00,60202,76.0,76.5,1.8,0.0,,,,
2026-03-16T01:05:06+00:00,60203,76.0,76.5,1.8,0.0,,,,
2026-03-16T01:08:06+00:00,60204,76.0,76.5,1.7,0.0,,,,
2026-03-16T01:11:06+00:00,60205,76.0,77.0,1.7,0.0,,,,
2026-03-16T01:14:06+00:00,60206,76.0,77.5,1.7,0.0,,,,
2026-03-16T01:17:06+00:00,60207,76.0,78.5,1.8,0.0,,,,
2026-03-16T01:20:06+00:00,60208,76.0,78.5,1.9,0.0,,,,
2026-03-16T01:23:06+00:00,60209,76.0,79.0,1.9,0.0,,,,
2026-03-16T01:26:06+00:00,60210,76.0,79.0,1.9,0.0,,,,
2026-03-16T01:29:06+00:00,60211,76.0,79.0,1.8,0.0,,,,
2026-03-16T01:32:06+00:00,60212,76.0,79.5,1.9,0.0,,,,
2026-03-16T01:35:06+00:00,60213,76.0,79.5,1.8,0.0,,,,
2026-03-16T01:38:06+00:00,60214,76.0,80.0,1.8,0.0,,,,
2026-03-16T01:41:06+00:00,60215,76.0,80.0,1.6,0.0,,,,
2026-03-16T01:44:06+00:00,60216,76.0,80.5,1.4,0.0,,,,
2026-03-16T01:47:06+00:00,60217,76.0,81.0,1.4,0.0,,,,
2026-03-16T01:50:06+00:00,60218,76.0,81.5,1.4,0.0,,,,
2026-03-16T01:53:06+00:00,60219,76.0,82.0,1.4,0.0,,,,
2026-03-16T01:56:06+00:00,60220,76.0,81.0,1.6,0.0,,,,
2026-03-16T01:59:06+00:00,60221,76.0,80.5,1.7,0.0,,,,
2026-03-16T02:02:06+00:00,60222,76.0,80.0,1.7,0.0,,,,
2026-03-16T02:05:06+00:00,60223,76.0,80.0,1.7,0.0,,,,
2026-03-16T02:08:06+00:00,60224,76.0,80.5,1.5,0.0,,,,
2026-03-16T02:11:06+00:00,60225,76.0,81.0,1.4,0.0,,,,
2026-03-16T02:14:06+00:00,60226,76.0,81.5,1.5,0.0,,,,
2026-03-16T02:17:06+00:00,60227,76.0,81.5,1.4,0.0,,,,
2026-03-16T02:20:06+00:00,60228,76.0,81.5,1.5,0.0,,,,
2026-03-16T02:23:06+00:00,60229,76.0,81.5,1.4,0.0,,,,
2026-03-16T02:26:06+00:00,60230,76.0,82.5,1.3,0.0,,,,
2026-03-16T02:29:06+00:00,60231,76.0,83.0,1.1,0.0,,,,
2026-03-16T02:32:06+00:00,60232,76.0,83.5,1.0,0.0,,,,
2026-03-16T02:35:06+00:00,60233,76.0,84.0,1.1,0.0,,,,
2026-03-16T02:38:06+00:00,60234,76.0,85.0,1.1,0.0,,,,
2026-03-16T02:41:06+00:00,60235,76.0,85.0,1.2,0.0,,,,
2026-03-16T02:44:06+00:00,60236,76.0,85.0,1.1,0.0,,,,
2026-03-16T02:47:06+00:00,60237,76.0,85.0,1.2,0.0,,,,
2026-03-16T02:50:06+00:00,60238,76.0,85.0,1.2,0.0,,,,
2026-03-16T02:53:06+00:00,60239,76.0,85.0,0.9,0.0,,,,
2026-03-16T02:56:06+00:00,60240,76.0,85.5,1.0,0.0,,,,
2026-03-16T02:59:06+00:00,60241,76.0,85.0,1.0,0.0,,,,
2026-03-16T03:02:06+00:00,60242,76.0,85.5,0.9,0.0,,,,
2026-03-16T03:05:06+00:00,60243,76.0,85.5,0.8,0.0,,,,
2026-03-16T03:08:06+00:00,60244,76.0,86.0,0.6,0.0,,,,
2026-03-16T03:11:06+00:00,60245,76.0,86.5,0.7,0.0,,,,
2026-03-16T03:14:06+00:00,60246,76.0,87.0,0.6,0.0,,,,
2026-03-16T03:17:06+00:00,60247,76.0,87.0,0.6,0.0,,,,
2026-03-16T03:20:06+00:00,60248,76.0,87.5,0.8,0.0,,,,
2026-03-16T03:23:05+00:00,60249,76.0,87.0,0.7,0.0,,,,
2026-03-16T03:26:05+00:00,60250,76.0,86.0,0.9,0.0,,,,
2026-03-16T03:29:05+00:00,60251,76.0,85.5,0.7,0.0,,,,
2026-03-16T03:32:05+00:00,60252,76.0,85.5,0.7,0.0,,,,
2026-03-16T03:35:05+00:00,60253,76.0,85.0,0.8,0.0,,,,
2026-03-16T03:38:05+00:00,60254,76.0,85.5,0.9,0.0,,,,
2026-03-16T03:41:05+00:00,60255,76.0,85.5,1.0,0.0,,,,
2026-03-16T03:44:05+00:00,60256,76.0,85.0,1.1,0.0,,,,
2026-03-16T03:47:05+00:00,60257,76.0,85.5,1.1,0.0,,,,
2026-03-16T03:50:05+00:00,60258,76.0,86.0,1.0,0.0,,,,
2026-03-16T03:53:05+00:00,60259,76.0,86.5,0.9,0.0,,,,
2026-03-16T03:56:05+00:00,60260,76.0,86.0,1.0,0.0,,,,
2026-03-16T03:59:05+00:00,60261,76.0,85.5,0.7,0.0,,,,
2026-03-16T04:02:05+00:00,60262,76.0,85.5,0.7,0.0,,,,
2026-03-16T04:05:05+00:00,60263,76.0,86.0,0.8,0.0,,,,
2026-03-16T04:08:05+00:00,60264,76.0,86.0,0.7,0.0,,,,
2026-03-16T04:11:05+00:00,60265,76.0,86.0,0.7,0.0,,,,
2026-03-16T04:14:05+00:00,60266,76.0,86.0,0.7,0.0,,,,
2026-03-16T04:17:05+00:00,60267,76.0,86.0,0.6,0.0,,,,
2026-03-16T04:20:07+00:00,60268,76.0,86.0,0.5,0.0,,,,
2026-03-16T04:23:05+00:00,60269,76.0,86.0,0.5,0.0,,,,
2026-03-16T04:26:05+00:00,60270,76.0,86.5,0.3,0.0,,,,
2026-03-16T04:29:05+00:00,60271,76.0,87.0,0.5,0.0,,,,
2026-03-16T04:32:05+00:00,60272,76.0,87.5,0.4,0.0,,,,
2026-03-16T04:35:05+00:00,60273,76.0,87.5,0.4,0.0,,,,
2026-03-16T04:38:05+00:00,60274,76.0,87.5,0.6,0.0,,,,
2026-03-16T04:41:05+00:00,60275,76.0,87.5,0.8,0.0,,,,
2026-03-16T04:44:05+00:00,60276,76.0,87.0,0.8,0.0,,,,
2026-03-16T04:47:05+00:00,60277,76.0,87.0,0.7,0.0,,,,
2026-03-16T04:50:05+00:00,60278,76.0,87.5,0.7,0.0,,,,
2026-03-16T04:53:05+00:00,60279,76.0,88.0,0.8,0.0,,,,
2026-03-16T04:56:05+00:00,60280,76.0,88.0,0.9,0.0,,,,
2026-03-16T04:59:05+00:00,60281,76.0,88.0,0.9,0.0,,,,
2026-03-16T05:02:05+00:00,60282,76.0,87.5,0.9,0.0,,,,
2026-03-16T05:05:05+00:00,60283,76.0,87.5,0.8,0.0,,,,
2026-03-16T05:08:05+00:00,60284,76.0,87.5,0.8,0.0,,,,
2026-03-16T05:11:05+00:00,60285,76.0,87.5,0.7,0.0,,,,
2026-03-16T05:14:05+00:00,60286,76.0,87.5,0.7,0.0,,,,
2026-03-16T05:17:05+00:00,60287,76.0,87.5,0.7,0.0,,,,
2026-03-16T05:20:05+00:00,60288,76.0,87.5,0.7,0.0,,,,
2026-03-16T05:23:05+00:00,60289,76.0,87.5,0.9,0.0,,,,
2026-03-16T05:26:05+00:00,60290,76.0,87.0,0.9,0.0,,,,
2026-03-16T05:29:05+00:00,60291,76.0,86.5,0.8,0.0,,,,
2026-03-16T05:32:05+00:00,60292,76.0,87.0,0.8,0.0,,,,
2026-03-16T05:35:05+00:00,60293,76.0,86.5,0.8,0.0,,,,
2026-03-16T05:38:05+00:00,60294,76.0,86.5,0.8,0.0,,,,
2026-03-16T05:41:05+00:00,60295,76.0,86.5,0.8,0.0,,,,
2026-03-16T05:44:05+00:00,60296,76.0,86.0,1.0,0.0,,,,
2026-03-16T05:47:05+00:00,60297,76.0,86.0,0.9,0.0,,,,
2026-03-16T05:50:05+00:00,60298,76.0,85.5,0.9,0.0,,,,
2026-03-16T05:53:05+00:00,60299,76.0,85.0,1.1,0.0,,,,
2026-03-16T05:56:05+00:00,60300,76.0,85.0,1.0,0.0,,,,
2026-03-16T05:59:05+00:00,60301,76.0,85.0,1.1,0.0,,,,
2026-03-16T06:02:05+00:00,60302,76.0,85.5,1.1,0.0,,,,
2026-03-16T06:05:05+00:00,60303,76.0,85.5,1.2,0.0,,,,
2026-03-16T06:08:05+00:00,60304,76.0,85.0,1.3,0.0,,,,
2026-03-16T06:11:05+00:00,60305,76.0,84.5,1.1,0.0,,,,
2026-03-16T06:14:05+00:00,60306,76.0,84.5,1.1,0.0,,,,
2026-03-16T06:17:05+00:00,60307,76.0,85.0,1.1,0.0,,,,
2026-03-16T06:20:05+00:00,60308,76.0,85.5,1.2,0.0,,,,
2026-03-16T06:23:05+00:00,60309,76.0,85.5,1.1,0.0,,,,
2026-03-16T06:26:05+00:00,60310,76.0,85.5,0.9,0.0,,,,
2026-03-16T06:29:05+00:00,60311,76.0,86.0,0.8,0.0,,,,
2026-03-16T06:32:05+00:00,60312,76.0,87.0,0.8,0.0,,,,
2026-03-16T06:35:05+00:00,60313,76.0,87.0,1.0,0.0,,,,
2026-03-16T06:38:05+00:00,60314,76.0,87.0,0.9,0.0,,,,
2026-03-16T06:41:05+00:00,60315,76.0,87.0,1.0,0.0,,,,
2026-03-16T06:44:05+00:00,60316,76.0,87.0,0.9,0.0,,,,
2026-03-16T06:47:05+00:00,60317,76.0,87.5,0.7,0.0,,,,
2026-03-16T06:50:05+00:00,60318,76.0,88.0,0.9,0.0,,,,
2026-03-16T06:53:05+00:00,60319,76.0,88.0,1.2,0.0,,,,
2026-03-16T06:56:05+00:00,60320,76.0,87.0,1.4,0.0,,,,
2026-03-16T06:59:05+00:00,60321,76.0,86.5,1.6,0.0,,,,
2026-03-16T07:02:05+00:00,60322,76.0,86.0,1.5,0.0,,,,
2026-03-16T07:05:05+00:00,60323,76.0,85.5,1.6,0.0,,,,
2026-03-16T07:08:05+00:00,60324,76.0,86.0,1.6,0.0,,,,
2026-03-16T07:11:05+00:00,60325,76.0,86.0,1.5,0.0,,,,
2026-03-16T07:14:05+00:00,60326,76.0,87.0,1.8,0.0,,,,
2026-03-16T07:17:05+00:00,60327,76.0,86.0,2.4,0.0,,,,
2026-03-16T07:20:05+00:00,60328,76.0,84.0,3.4,0.0,,,,
2026-03-16T07:23:05+00:00,60329,76.0,81.5,3.9,0.0,,,,
2026-03-16T07:26:05+00:00,60330,76.0,80.5,3.8,0.0,,,,
2026-03-16T07:29:05+00:00,60331,76.0,80.5,3.9,0.0,,,,
2026-03-16T07:32:05+00:00,60332,76.0,80.0,4.3,0.0,,,,
2026-03-16T07:35:05+00:00,60333,76.0,79.0,4.4,0.0,,,,
2026-03-16T07:38:05+00:00,60334,76.0,78.5,4.6,0.0,,,,
2026-03-16T07:41:05+00:00,60335,76.0,78.5,4.6,0.0,,,,
2026-03-16T07:44:05+00:00,60336,76.0,78.0,4.7,0.0,,,,
2026-03-16T07:47:05+00:00,60337,76.0,78.0,4.8,0.0,,,,
2026-03-16T07:50:05+00:00,60338,76.0,77.5,4.8,0.0,,,,
2026-03-16T07:53:05+00:00,60339,76.0,77.0,5.0,0.0,,,,
2026-03-16T07:56:05+00:00,60340,76.0,76.5,5.2,0.0,,,,
2026-03-16T07:59:05+00:00,60341,76.0,76.0,5.2,0.0,,,,
2026-03-16T08:02:05+00:00,60342,76.0,76.0,5.4,0.0,,,,
2026-03-16T08:05:05+00:00,60343,76.0,75.5,5.4,0.0,,,,
2026-03-16T08:08:05+00:00,60344,76.0,75.5,5.3,0.0,,,,
2026-03-16T08:11:05+00:00,60345,76.0,76.0,5.3,0.0,,,,
2026-03-16T08:14:05+00:00,60346,76.0,76.0,5.2,0.0,,,,
2026-03-16T08:17:05+00:00,60347,76.0,76.0,5.3,0.0,,,,
2026-03-16T08:20:05+00:00,60348,76.0,75.0,5.5,0.0,,,,
2026-03-16T08:23:05+00:00,60349,76.0,75.0,5.3,0.0,,,,
2026-03-16T08:26:05+00:00,60350,76.0,76.0,5.4,0.0,,,,
2026-03-16T08:29:05+00:00,60351,76.0,75.0,5.4,0.0,,,,
2026-03-16T08:32:05+00:00,60352,76.0,75.0,5.5,0.0,,,,
2026-03-16T08:35:05+00:00,60353,76.0,74.5,5.4,0.0,,,,
2026-03-16T08:38:05+00:00,60354,76.0,75.0,5.6,0.0,,,,
2026-03-16T08:41:05+00:00,60355,76.0,74.5,5.5,0.0,,,,
2026-03-16T08:44:05+00:00,60356,76.0,74.5,5.5,0.0,,,,
2026-03-16T08:47:05+00:00,60357,76.0,74.5,5.6,0.0,,,,
2026-03-16T08:50:05+00:00,60358,76.0,75.0,5.5,0.0,,,,
2026-03-16T08:53:05+00:00,60359,76.0,74.0,5.6,0.0,,,,
2026-03-16T08:56:05+00:00,60360,76.0,74.5,5.9,0.0,,,,
2026-03-16T08:59:05+00:00,60361,76.0,73.5,6.0,0.0,,,,
2026-03-16T09:02:05+00:00,60362,76.0,73.5,5.9,0.0,,,,
2026-03-16T09:05:05+00:00,60363,76.0,74.0,6.2,0.0,,,,
2026-03-16T09:08:05+00:00,60364,76.0,72.5,6.4,0.0,,,,
2026-03-16T09:11:05+00:00,60365,76.0,71.0,6.5,0.0,,,,
2026-03-16T09:14:05+00:00,60366,76.0,71.0,6.5,0.0,,,,
2026-03-16T09:17:05+00:00,60367,76.0,71.0,6.8,0.0,,,,
2026-03-16T09:20:05+00:00,60368,76.0,71.0,6.6,0.0,,,,
2026-03-16T09:23:05+00:00,60369,76.0,71.0,6.6,0.0,,,,
2026-03-16T09:26:05+00:00,60370,76.0,70.0,6.6,0.0,,,,
2026-03-16T09:29:05+00:00,60371,76.0,70.5,6.5,0.0,,,,
2026-03-16T09:32:05+00:00,60372,76.0,69.5,6.5,0.0,,,,
2026-03-16T09:35:05+00:00,60373,76.0,70.0,6.6,0.0,,,,
2026-03-16T09:38:05+00:00,60374,76.0,69.5,6.6,0.0,,,,
2026-03-16T09:41:05+00:00,60375,76.0,68.5,6.6,0.0,,,,
2026-03-16T09:44:05+00:00,60376,76.0,68.5,6.5,0.0,,,,
2026-03-16T09:47:05+00:00,60377,76.0,69.5,6.5,0.0,,,,
2026-03-16T09:50:05+00:00,60378,76.0,69.0,6.5,0.0,,,,
2026-03-16T09:53:05+00:00,60379,76.0,70.0,6.5,0.0,,,,
2026-03-16T09:56:05+00:00,60380,76.0,70.5,6.6,0.0,,,,
2026-03-16T09:59:05+00:00,60381,76.0,71.0,6.6,0.0,,,,
2026-03-16T10:02:05+00:00,60382,76.0,70.0,6.9,0.0,,,,
2026-03-16T10:05:05+00:00,60383,76.0,68.0,6.9,0.0,,,,
2026-03-16T10:08:05+00:00,60384,76.0,68.5,7.1,0.0,,,,
2026-03-16T10:11:05+00:00,60385,76.0,67.5,7.1,0.0,,,,
2026-03-16T10:14:05+00:00,60386,76.0,65.5,7.2,0.0,,,,
2026-03-16T10:17:05+00:00,60387,76.0,67.0,7.4,0.0,,,,
2026-03-16T10:20:05+00:00,60388,76.0,66.0,7.4,0.0,,,,
2026-03-16T10:23:05+00:00,60389,76.0,64.0,7.7,0.0,,,,
2026-03-16T10:26:05+00:00,60390,76.0,62.5,7.9,0.0,,,,
2026-03-16T10:29:05+00:00,60391,76.0,61.5,8.0,0.0,,,,
2026-03-16T10:32:05+00:00,60392,76.0,61.0,7.9,0.0,,,,
2026-03-16T10:35:05+00:00,60393,76.0,61.5,7.6,0.0,,,,
2026-03-16T10:38:05+00:00,60394,76.0,61.5,7.9,0.0,,,,
2026-03-16T10:41:05+00:00,60395,76.0,62.0,8.0,0.0,,,,
2026-03-16T10:44:05+00:00,60396,76.0,61.5,8.2,0.0,,,,
2026-03-16T10:47:05+00:00,60397,76.0,61.5,8.5,0.0,,,,
2026-03-16T10:50:05+00:00,60398,76.0,61.5,8.7,0.0,,,,
2026-03-16T10:53:05+00:00,60399,76.0,59.0,9.0,0.0,,,,
2026-03-16T10:56:05+00:00,60400,76.0,58.5,9.2,0.0,,,,
2026-03-16T10:59:05+00:00,60401,76.0,59.5,9.2,0.0,,,,
2026-03-16T11:02:05+00:00,60402,76.0,58.0,9.2,0.0,,,,
2026-03-16T11:05:05+00:00,60403,76.0,58.5,9.5,0.0,,,,
2026-03-16T11:08:05+00:00,60404,76.0,58.5,9.8,0.0,,,,
2026-03-16T11:11:05+00:00,60405,76.0,56.5,10.3,0.0,,,,
2026-03-16T11:14:05+00:00,60406,76.0,55.5,10.6,0.0,,,,
2026-03-16T11:17:05+00:00,60407,76.0,55.0,10.9,0.0,,,,
2026-03-16T11:20:05+00:00,60408,76.0,55.5,11.2,0.0,,,,
2026-03-16T11:23:05+00:00,60409,76.0,53.5,11.5,0.0,,,,
2026-03-16T11:26:05+00:00,60410,76.0,55.0,11.5,0.0,,,,
2026-03-16T11:29:05+00:00,60411,76.0,52.5,11.5,0.0,,,,
2026-03-16T11:32:05+00:00,60412,76.0,52.5,11.6,0.0,,,,
2026-03-16T11:35:05+00:00,60413,76.0,53.0,11.7,0.0,,,,
2026-03-16T11:38:05+00:00,60414,76.0,54.0,11.7,0.0,,,,
2026-03-16T11:41:05+00:00,60415,76.0,52.0,11.6,0.0,,,,
2026-03-16T11:44:05+00:00,60416,76.0,50.0,11.5,0.0,,,,
2026-03-16T11:47:05+00:00,60417,76.0,50.5,11.3,0.0,,,,
2026-03-16T11:50:05+00:00,60418,76.0,49.5,11.2,0.0,,,,
2026-03-16T11:53:05+00:00,60419,76.0,50.5,11.2,0.0,,,,
2026-03-16T11:56:05+00:00,60420,76.0,50.0,11.2,0.0,,,,
2026-03-16T11:59:05+00:00,60421,76.0,49.5,11.2,0.0,,,,
2026-03-16T12:02:05+00:00,60422,76.0,49.5,11.5,0.0,,,,
2026-03-16T12:05:05+00:00,60423,76.0,47.0,11.4,0.0,,,,
2026-03-16T12:08:05+00:00,60424,76.0,47.5,11.2,0.0,,,,
2026-03-16T12:11:05+00:00,60425,76.0,46.0,11.2,0.0,,,,
2026-03-16T12:14:05+00:00,60426,76.0,49.0,11.0,0.0,,,,
2026-03-16T12:17:05+00:00,60427,76.0,50.0,11.0,0.0,,,,
2026-03-16T12:20:05+00:00,60428,76.0,50.5,10.7,0.0,,,,
2026-03-16T12:23:05+00:00,60429,76.0,51.5,10.4,0.0,,,,
2026-03-16T12:26:05+00:00,60430,76.0,53.0,10.4,0.0,,,,
2026-03-16T12:29:04+00:00,60431,76.0,52.0,10.4,0.0,,,,
2026-03-16T12:32:04+00:00,60432,76.0,53.0,10.7,0.0,,,,
2026-03-16T12:35:04+00:00,60433,76.0,52.5,10.6,0.0,,,,
2026-03-16T12:38:04+00:00,60434,76.0,52.5,10.4,0.0,,,,
2026-03-16T12:41:04+00:00,60435,76.0,51.0,10.2,0.0,,,,
2026-03-16T12:44:04+00:00,60436,76.0,53.0,10.1,0.0,,,,
2026-03-16T12:47:04+00:00,60437,76.0,52.0,10.2,0.0,,,,
2026-03-16T12:50:04+00:00,60438,76.0,52.5,9.9,0.0,,,,
2026-03-16T12:53:04+00:00,60439,76.0,53.5,9.8,0.0,,,,
2026-03-16T12:56:04+00:00,60440,76.0,52.0,9.8,0.0,,,,
2026-03-16T12:59:04+00:00,60441,76.0,52.0,9.8,0.0,,,,
2026-03-16T13:02:04+00:00,60442,76.0,53.0,9.7,0.0,,,,
2026-03-16T13:05:04+00:00,60443,76.0,53.5,9.7,0.0,,,,
2026-03-16T13:08:04+00:00,60444,76.0,53.0,9.4,0.0,,,,
2026-03-16T13:11:04+00:00,60445,76.0,54.5,9.5,0.0,,,,
2026-03-16T13:14:04+00:00,60446,76.0,55.5,9.5,0.0,,,,
2026-03-16T13:17:04+00:00,60447,76.0,54.5,9.6,0.0,,,,
2026-03-16T13:20:04+00:00,60448,76.0,56.0,9.6,0.0,,,,
2026-03-16T13:23:04+00:00,60449,76.0,55.0,9.5,0.0,,,,
2026-03-16T13:26:04+00:00,60450,76.0,54.0,9.4,0.0,,,,
2026-03-16T13:29:04+00:00,60451,76.0,54.5,9.2,0.0,,,,
2026-03-16T13:32:04+00:00,60452,76.0,53.5,9.2,0.0,,,,
2026-03-16T13:35:04+00:00,60453,76.0,54.0,9.1,0.0,,,,
2026-03-16T13:38:04+00:00,60454,76.0,54.0,9.4,0.0,,,,
2026-03-16T13:41:04+00:00,60455,76.0,54.5,9.3,0.0,,,,
2026-03-16T13:44:04+00:00,60456,76.0,52.5,9.4,0.0,,,,
2026-03-16T13:47:04+00:00,60457,76.0,51.5,9.4,0.0,,,,
2026-03-16T13:50:04+00:00,60458,76.0,51.5,9.3,0.0,,,,
2026-03-16T13:53:04+00:00,60459,76.0,50.0,9.2,0.0,,,,
2026-03-16T13:56:04+00:00,60460,76.0,50.5,9.2,0.0,,,,
2026-03-16T13:59:04+00:00,60461,76.0,49.5,9.4,0.0,,,,
2026-03-16T14:02:04+00:00,60462,76.0,48.0,9.3,0.0,,,,
2026-03-16T14:05:04+00:00,60463,76.0,48.5,9.4,0.0,,,,
2026-03-16T14:08:04+00:00,60464,76.0,47.5,9.5,0.0,,,,
2026-03-16T14:11:04+00:00,60465,76.0,46.5,9.8,0.0,,,,
2026-03-16T14:14:04+00:00,60466,76.0,48.0,10.0,0.0,,,,
2026-03-16T14:17:04+00:00,60467,76.0,49.5,10.0,0.0,,,,
2026-03-16T14:20:04+00:00,60468,76.0,46.5,10.2,0.0,,,,
2026-03-16T14:23:04+00:00,60469,76.0,44.5,10.0,0.0,,,,
2026-03-16T14:26:04+00:00,60470,76.0,47.0,10.0,0.0,,,,
2026-03-16T14:29:04+00:00,60471,76.0,46.5,10.1,0.0,,,,
2026-03-16T14:32:04+00:00,60472,76.0,47.5,10.3,0.0,,,,
2026-03-16T14:35:04+00:00,60473,76.0,47.0,10.4,0.0,,,,
2026-03-16T14:38:04+00:00,60474,76.0,47.0,10.4,0.0,,,,
2026-03-16T14:41:04+00:00,60475,76.0,47.0,10.2,0.0,,,,
2026-03-16T14:44:04+00:00,60476,76.0,46.5,10.2,0.0,,,,
2026-03-16T14:47:04+00:00,60477,76.0,46.5,10.3,0.0,,,,
2026-03-16T14:50:04+00:00,60478,76.0,47.0,10.3,0.0,,,,
2026-03-16T14:53:04+00:00,60479,76.0,48.0,10.3,0.0,,,,
2026-03-16T14:56:04+00:00,60480,76.0,50.5,10.0,0.0,,,,
2026-03-16T14:59:04+00:00,60481,76.0,50.5,10.0,0.0,,,,
2026-03-16T15:02:04+00:00,60482,76.0,51.5,9.9,0.0,,,,
2026-03-16T15:05:04+00:00,60483,76.0,53.0,9.7,0.0,,,,
2026-03-16T15:08:04+00:00,60484,76.0,54.0,9.5,0.0,,,,
2026-03-16T15:11:04+00:00,60485,76.0,53.0,9.4,0.0,,,,
2026-03-16T15:14:04+00:00,60486,76.0,56.0,9.4,0.0,,,,
2026-03-16T15:17:04+00:00,60487,76.0,55.0,9.2,0.0,,,,
2026-03-16T15:20:04+00:00,60488,76.0,56.5,9.0,0.0,,,,
2026-03-16T15:23:04+00:00,60489,76.0,55.5,9.2,0.0,,,,
2026-03-16T15:26:04+00:00,60490,76.0,55.0,8.9,0.0,,,,
2026-03-16T15:29:04+00:00,60491,76.0,54.5,8.9,0.0,,,,
2026-03-16T15:32:04+00:00,60492,76.0,55.0,8.7,0.0,,,,
2026-03-16T15:35:04+00:00,60493,76.0,55.5,8.9,0.0,,,,
2026-03-16T15:38:04+00:00,60494,76.0,55.5,8.7,0.0,,,,
2026-03-16T15:41:04+00:00,60495,76.0,56.5,8.7,0.0,,,,
2026-03-16T15:44:04+00:00,60496,76.0,57.0,8.5,0.0,,,,
2026-03-16T15:47:04+00:00,60497,76.0,57.5,8.6,0.0,,,,
2026-03-16T15:50:04+00:00,60498,76.0,57.5,8.5,0.0,,,,
2026-03-16T15:53:04+00:00,60499,76.0,58.5,8.6,0.0,,,,
2026-03-16T15:56:04+00:00,60500,76.0,58.5,8.6,0.0,,,,
2026-03-16T15:59:04+00:00,60501,76.0,59.5,8.8,0.0,,,,
2026-03-16T16:02:04+00:00,60502,76.0,57.5,8.6,0.0,,,,
2026-03-16T16:05:04+00:00,60503,76.0,56.5,8.7,0.0,,,,
2026-03-16T16:08:04+00:00,60504,76.0,57.0,8.7,0.0,,,,
2026-03-16T16:11:04+00:00,60505,76.0,57.5,8.7,0.0,,,,
2026-03-16T16:14:04+00:00,60506,76.0,57.0,8.7,0.0,,,,
2026-03-16T16:17:04+00:00,60507,76.0,56.5,8.7,0.0,,,,
2026-03-16T16:20:04+00:00,60508,76.0,56.5,8.8,0.0,,,,
2026-03-16T16:23:04+00:00,60509,76.0,56.5,8.7,0.0,,,,
2026-03-16T16:26:04+00:00,60510,76.0,57.0,8.7,0.0,,,,
2026-03-16T16:29:04+00:00,60511,76.0,56.5,8.5,0.0,,,,
2026-03-16T16:32:04+00:00,60512,76.0,57.0,8.5,0.0,,,,
2026-03-16T16:35:04+00:00,60513,76.0,57.5,8.5,0.0,,,,
2026-03-16T16:38:04+00:00,60514,76.0,57.5,8.6,0.0,,,,
2026-03-16T16:41:04+00:00,60515,76.0,57.5,8.5,0.0,,,,
2026-03-16T16:44:04+00:00,60516,76.0,58.5,8.4,0.0,,,,
2026-03-16T16:47:04+00:00,60517,76.0,57.0,8.5,0.0,,,,
2026-03-16T16:50:04+00:00,60518,76.0,57.0,8.5,0.0,,,,
2026-03-16T16:53:04+00:00,60519,76.0,58.0,8.4,0.0,,,,
2026-03-16T16:56:04+00:00,60520,76.0,58.0,8.3,0.0,,,,
2026-03-16T16:59:04+00:00,60521,76.0,60.5,8.3,0.0,,,,
2026-03-16T17:02:04+00:00,60522,76.0,58.5,8.2,0.0,,,,
2026-03-16T17:05:04+00:00,60523,76.0,59.0,8.2,0.0,,,,
2026-03-16T17:08:04+00:00,60524,76.0,59.0,8.2,0.0,,,,
2026-03-16T17:11:04+00:00,60525,76.0,59.0,8.1,0.0,,,,
2026-03-16T17:14:04+00:00,60526,76.0,59.0,8.1,0.0,,,,
2026-03-16T17:17:04+00:00,60527,76.0,60.0,8.1,0.0,,,,
2026-03-16T17:20:04+00:00,60528,76.0,60.5,8.1,0.0,,,,
2026-03-16T17:23:04+00:00,60529,76.0,59.0,8.0,0.0,,,,
2026-03-16T17:26:04+00:00,60530,76.0,59.0,8.1,0.0,,,,
2026-03-16T17:29:04+00:00,60531,76.0,58.5,8.0,0.0,,,,
2026-03-16T17:32:04+00:00,60532,76.0,59.0,8.0,0.0,,,,
2026-03-16T17:35:04+00:00,60533,76.0,60.0,8.0,0.0,,,,
2026-03-16T17:38:04+00:00,60534,76.0,60.5,8.0,0.0,,,,
2026-03-16T17:41:04+00:00,60535,76.0,60.5,8.0,0.0,,,,
2026-03-16T17:44:04+00:00,60536,76.0,61.0,7.8,0.0,,,,
2026-03-16T17:47:04+00:00,60537,76.0,62.0,8.0,0.0,,,,
2026-03-16T17:50:04+00:00,60538,76.0,64.0,8.0,0.0,,,,
2026-03-16T17:53:04+00:00,60539,76.0,65.0,8.0,0.0,,,,
2026-03-16T17:56:04+00:00,60540,76.0,65.0,8.1,0.0,,,,
2026-03-16T17:59:04+00:00,60541,76.0,65.5,8.0,0.0,,,,
2026-03-16T18:02:04+00:00,60542,76.0,65.5,8.0,0.0,,,,
2026-03-16T18:05:04+00:00,60543,76.0,65.5,8.0,0.0,,,,
2026-03-16T18:08:04+00:00,60544,76.0,65.5,8.1,0.0,,,,
2026-03-16T18:11:04+00:00,60545,76.0,65.0,8.0,0.0,,,,
2026-03-16T18:14:04+00:00,60546,76.0,65.5,8.0,0.0,,,,
2026-03-16T18:17:04+00:00,60547,76.0,65.0,8.1,0.0,,,,
2026-03-16T18:20:04+00:00,60548,76.0,65.5,8.1,0.0,,,,
2026-03-16T18:23:04+00:00,60549,76.0,65.5,7.9,0.0,,,,
2026-03-16T18:26:04+00:00,60550,76.0,66.0,7.9,0.0,,,,
2026-03-16T18:29:04+00:00,60551,76.0,66.0,8.0,0.0,,,,
2026-03-16T18:32:04+00:00,60552,76.0,66.0,7.8,0.0,,,,
2026-03-16T18:35:04+00:00,60553,76.0,67.0,7.9,0.0,,,,
2026-03-16T18:38:04+00:00,60554,76.0,66.5,7.8,0.0,,,,
2026-03-16T18:41:04+00:00,60555,76.0,66.5,7.9,0.0,,,,
2026-03-16T18:44:04+00:00,60556,76.0,67.5,7.8,0.0,,,,
2026-03-16T18:47:04+00:00,60557,76.0,67.0,7.8,0.0,,,,
2026-03-16T18:50:04+00:00,60558,76.0,67.0,7.8,0.0,,,,
2026-03-16T18:53:04+00:00,60559,76.0,67.0,7.8,0.0,,,,
2026-03-16T18:56:04+00:00,60560,76.0,67.0,7.7,0.0,,,,
2026-03-16T18:59:04+00:00,60561,76.0,66.5,7.8,0.0,,,,
2026-03-16T19:02:04+00:00,60562,76.0,66.5,7.6,0.0,,,,
2026-03-16T19:05:04+00:00,60563,76.0,64.5,7.7,0.0,,,,
2026-03-16T19:08:04+00:00,60564,76.0,63.5,7.8,0.0,,,,
2026-03-16T19:11:04+00:00,60565,76.0,62.5,7.7,0.0,,,,
2026-03-16T19:14:04+00:00,60566,76.0,63.0,7.7,0.0,,,,
2026-03-16T19:17:04+00:00,60567,76.0,63.5,7.7,0.0,,,,
2026-03-16T19:20:04+00:00,60568,76.0,63.5,7.7,0.0,,,,
2026-03-16T19:23:04+00:00,60569,76.0,64.0,7.6,0.0,,,,
2026-03-16T19:26:04+00:00,60570,76.0,64.0,7.6,0.0,,,,
2026-03-16T19:29:04+00:00,60571,76.0,64.5,7.6,0.0,,,,
2026-03-16T19:32:04+00:00,60572,76.0,65.5,7.5,0.0,,,,
2026-03-16T19:35:04+00:00,60573,76.0,66.0,7.6,0.0,,,,
2026-03-16T19:38:04+00:00,60574,76.0,65.5,7.5,0.0,,,,
2026-03-16T19:41:04+00:00,60575,76.0,66.0,7.4,0.0,,,,
2026-03-16T19:44:04+00:00,60576,76.0,66.0,7.4,0.0,,,,
2026-03-16T19:47:04+00:00,60577,76.0,65.5,7.5,0.0,,,,
2026-03-16T19:50:04+00:00,60578,76.0,66.0,7.5,0.0,,,,
2026-03-16T19:53:04+00:00,60579,76.0,66.0,7.3,0.0,,,,
2026-03-16T19:56:04+00:00,60580,76.0,66.0,7.4,0.0,,,,
2026-03-16T19:59:04+00:00,60581,76.0,66.0,7.4,0.0,,,,
2026-03-16T20:02:04+00:00,60582,76.0,66.5,7.4,0.0,,,,
2026-03-16T20:05:04+00:00,60583,76.0,65.5,7.4,0.0,,,,
2026-03-16T20:08:04+00:00,60584,76.0,65.5,7.4,0.0,,,,
2026-03-16T20:11:04+00:00,60585,76.0,65.5,7.5,0.0,,,,
2026-03-16T20:14:04+00:00,60586,76.0,65.5,7.4,0.0,,,,
2026-03-16T20:17:04+00:00,60587,76.0,65.5,7.4,0.0,,,,
2026-03-16T20:20:04+00:00,60588,76.0,66.0,7.4,0.0,,,,
2026-03-16T20:23:04+00:00,60589,76.0,66.0,7.4,0.0,,,,
2026-03-16T20:26:04+00:00,60590,76.0,66.0,7.4,0.0,,,,
2026-03-16T20:29:04+00:00,60591,76.0,66.5,7.3,0.0,,,,
2026-03-16T20:32:04+00:00,60592,76.0,66.0,7.4,0.0,,,,
2026-03-16T20:35:04+00:00,60593,76.0,66.0,7.4,0.0,,,,
2026-03-16T20:38:04+00:00,60594,76.0,66.0,7.3,0.0,,,,
2026-03-16T20:41:04+00:00,60595,76.0,65.5,7.2,0.0,,,,
2026-03-16T20:44:04+00:00,60596,76.0,66.0,7.2,0.0,,,,
2026-03-16T20:47:04+00:00,60597,76.0,66.0,7.2,0.0,,,,
2026-03-16T20:50:04+00:00,60598,76.0,65.5,7.4,0.0,,,,
2026-03-16T20:53:04+00:00,60599,76.0,66.0,7.3,0.0,,,,
2026-03-16T20:56:04+00:00,60600,76.0,66.5,7.2,0.0,,,,
2026-03-16T20:59:04+00:00,60601,76.0,66.0,7.2,0.0,,,,
2026-03-16T21:02:04+00:00,60602,76.0,66.0,7.1,0.0,,,,
2026-03-16T21:05:04+00:00,60603,76.0,66.0,7.1,0.0,,,,
2026-03-16T21:08:04+00:00,60604,76.0,66.0,7.0,0.0,,,,
2026-03-16T21:11:04+00:00,60605,76.0,66.0,6.8,0.0,,,,
2026-03-16T21:14:03+00:00,60606,76.0,66.5,6.7,0.0,,,,
2026-03-16T21:17:03+00:00,60607,76.0,67.5,6.8,0.0,,,,
2026-03-16T21:20:04+00:00,60608,76.0,67.5,6.7,0.0,,,,
2026-03-16T21:23:03+00:00,60609,76.0,68.5,6.8,0.0,,,,
2026-03-16T21:26:04+00:00,60610,76.0,68.5,6.6,0.0,,,,
2026-03-16T21:29:04+00:00,60611,76.0,68.5,6.6,0.0,,,,
2026-03-16T21:32:04+00:00,60612,76.0,68.0,6.7,0.0,,,,
2026-03-16T21:35:04+00:00,60613,76.0,68.0,6.7,0.0,,,,
2026-03-16T21:38:03+00:00,60614,76.0,67.5,6.7,0.0,,,,
2026-03-16T21:41:03+00:00,60615,76.0,68.0,6.8,0.0,,,,
2026-03-16T21:44:03+00:00,60616,76.0,68.5,6.8,0.0,,,,
2026-03-16T21:47:03+00:00,60617,76.0,68.5,6.7,0.0,,,,
2026-03-16T21:50:03+00:00,60618,76.0,69.0,6.7,0.0,,,,
2026-03-16T21:53:03+00:00,60619,76.0,69.5,6.7,0.0,,,,
2026-03-16T21:56:03+00:00,60620,76.0,69.5,6.6,0.0,,,,
2026-03-16T21:59:03+00:00,60621,76.0,69.5,6.5,0.0,,,,
2026-03-16T22:02:03+00:00,60622,76.0,69.5,6.5,0.0,,,,
2026-03-16T22:05:03+00:00,60623,76.0,69.5,6.5,0.0,,,,
2026-03-16T22:08:03+00:00,60624,76.0,69.5,6.4,0.0,,,,
2026-03-16T22:11:03+00:00,60625,76.0,70.0,6.4,0.0,,,,
2026-03-16T22:14:03+00:00,60626,76.0,70.0,6.3,0.0,,,,
2026-03-16T22:17:03+00:00,60627,76.0,69.5,6.4,0.0,,,,
2026-03-16T22:20:03+00:00,60628,76.0,69.5,6.5,0.0,,,,
2026-03-16T22:23:03+00:00,60629,76.0,69.5,6.4,0.0,,,,
2026-03-16T22:26:03+00:00,60630,76.0,69.0,6.3,0.0,,,,
2026-03-16T22:29:03+00:00,60631,76.0,69.5,6.2,0.0,,,,
2026-03-16T22:32:03+00:00,60632,76.0,69.5,6.0,0.0,,,,
2026-03-16T22:35:03+00:00,60633,76.0,69.0,6.0,0.0,,,,
2026-03-16T22:38:03+00:00,60634,76.0,69.0,5.9,0.0,,,,
2026-03-16T22:41:03+00:00,60635,76.0,68.5,5.9,0.0,,,,
2026-03-16T22:44:03+00:00,60636,76.0,68.5,5.7,0.0,,,,
2026-03-16T22:47:03+00:00,60637,76.0,69.0,5.6,0.0,,,,
2026-03-16T22:50:03+00:00,60638,76.0,68.5,5.6,0.0,,,,
2026-03-16T22:53:03+00:00,60639,76.0,67.5,5.4,0.0,,,,
2026-03-16T22:56:03+00:00,60640,76.0,67.0,5.6,0.0,,,,
2026-03-16T22:59:03+00:00,60641,76.0,67.0,5.6,0.0,,,,
2026-03-16T23:02:03+00:00,60642,76.0,67.0,5.5,0.0,,,,
2026-03-16T23:05:03+00:00,60643,76.0,66.5,5.6,0.0,,,,
2026-03-16T23:08:03+00:00,60644,76.0,66.0,5.6,0.0,,,,
2026-03-16T23:11:03+00:00,60645,76.0,65.5,5.6,0.0,,,,
2026-03-16T23:14:03+00:00,60646,76.0,65.0,5.5,0.0,,,,
2026-03-16T23:17:03+00:00,60647,76.0,65.0,5.5,0.0,,,,
2026-03-16T23:20:03+00:00,60648,76.0,65.0,5.5,0.0,,,,
2026-03-16T23:23:03+00:00,60649,76.0,65.0,5.6,0.0,,,,
2026-03-16T23:26:03+00:00,60650,76.0,65.0,5.6,0.0,,,,
2026-03-16T23:29:03+00:00,60651,76.0,65.0,5.8,0.0,,,,
2026-03-16T23:32:03+00:00,60652,76.0,65.0,5.7,0.0,,,,
2026-03-16T23:35:03+00:00,60653,76.0,65.0,5.6,0.0,,,,
2026-03-16T23:38:03+00:00,60654,76.0,65.0,5.5,0.0,,,,
2026-03-16T23:41:03+00:00,60655,76.0,65.0,5.5,0.0,,,,
2026-03-16T23:44:03+00:00,60656,76.0,65.0,5.4,0.0,,,,
2026-03-16T23:47:03+00:00,60657,76.0,65.0,5.3,0.0,,,,
2026-03-16T23:50:03+00:00,60658,76.0,65.0,5.5,0.0,,,,
2026-03-16T23:53:03+00:00,60659,76.0,65.0,5.3,0.0,,,,
2026-03-16T23:56:03+00:00,60660,76.0,65.0,5.3,0.0,,,,
2026-03-16T23:59:03+00:00,60661,76.0,65.0,5.1,0.0,,,,
2026-03-17T00:02:03+00:00,60662,76.0,65.0,5.2,0.0,,,,
2026-03-17T00:05:03+00:00,60663,76.0,65.5,5.0,0.0,,,,
2026-03-17T00:08:03+00:00,60664,76.0,66.0,5.0,0.0,,,,
2026-03-17T00:11:03+00:00,60665,76.0,65.5,4.9,0.0,,,,
2026-03-17T00:14:03+00:00,60666,76.0,65.5,5.0,0.0,,,,
2026-03-17T00:17:03+00:00,60667,76.0,65.5,5.1,0.0,,,,
2026-03-17T00:20:03+00:00,60668,76.0,65.5,5.1,0.0,,,,
2026-03-17T00:23:03+00:00,60669,76.0,66.0,5.0,0.0,,,,
2026-03-17T00:26:03+00:00,60670,76.0,66.5,4.9,0.0,,,,
2026-03-17T00:29:03+00:00,60671,76.0,67.0,4.8,0.0,,,,
2026-03-17T00:32:03+00:00,60672,76.0,67.0,4.9,0.0,,,,
2026-03-17T00:35:03+00:00,60673,76.0,67.5,4.8,0.0,,,,
2026-03-17T00:38:03+00:00,60674,76.0,67.5,4.7,0.0,,,,
2026-03-17T00:41:03+00:00,60675,76.0,67.5,4.6,0.0,,,,
2026-03-17T00:44:03+00:00,60676,76.0,68.0,4.6,0.0,,,,
2026-03-17T00:47:03+00:00,60677,76.0,67.0,4.5,0.0,,,,
2026-03-17T00:50:03+00:00,60678,76.0,67.0,4.6,0.0,,,,
2026-03-17T00:53:03+00:00,60679,76.0,67.5,4.4,0.0,,,,
2026-03-17T00:56:03+00:00,60680,76.0,67.5,4.3,0.0,,,,
2026-03-17T00:59:03+00:00,60681,76.0,67.5,4.4,0.0,,,,
2026-03-17T01:02:03+00:00,60682,76.0,67.0,4.2,0.0,,,,
2026-03-17T01:05:03+00:00,60683,76.0,67.5,4.1,0.0,,,,
2026-03-17T01:08:03+00:00,60684,76.0,68.0,4.0,0.0,,,,
2026-03-17T01:11:03+00:00,60685,76.0,67.5,4.0,0.0,,,,
2026-03-17T01:14:03+00:00,60686,76.0,68.5,3.9,0.0,,,,
2026-03-17T01:17:03+00:00,60687,76.0,69.0,3.8,0.0,,,,
2026-03-17T01:20:03+00:00,60688,76.0,68.5,4.0,0.0,,,,
2026-03-17T01:23:03+00:00,60689,76.0,68.0,3.9,0.0,,,,
2026-03-17T01:26:03+00:00,60690,76.0,69.0,3.8,0.0,,,,
2026-03-17T01:29:03+00:00,60691,76.0,68.5,3.9,0.0,,,,
2026-03-17T01:32:03+00:00,60692,76.0,68.5,3.8,0.0,,,,
2026-03-17T01:35:03+00:00,60693,76.0,69.0,3.6,0.0,,,,
2026-03-17T01:38:03+00:00,60694,76.0,70.0,3.8,0.0,,,,
2026-03-17T01:41:03+00:00,60695,76.0,69.5,4.0,0.0,,,,
2026-03-17T01:44:03+00:00,60696,76.0,68.5,4.0,0.0,,,,
2026-03-17T01:47:03+00:00,60697,76.0,67.5,4.2,0.0,,,,
2026-03-17T01:50:03+00:00,60698,76.0,67.5,4.3,0.0,,,,
2026-03-17T01:53:03+00:00,60699,76.0,67.0,4.3,0.0,,,,
2026-03-17T01:56:03+00:00,60700,76.0,67.5,4.3,0.0,,,,
2026-03-17T01:59:03+00:00,60701,76.0,68.0,4.2,0.0,,,,
2026-03-17T02:02:03+00:00,60702,76.0,68.5,4.1,0.0,,,,
2026-03-17T02:05:03+00:00,60703,76.0,69.5,3.8,0.0,,,,
2026-03-17T02:08:03+00:00,60704,76.0,70.5,4.0,0.0,,,,
2026-03-17T02:11:03+00:00,60705,76.0,70.5,4.2,0.0,,,,
2026-03-17T02:14:03+00:00,60706,76.0,70.0,4.4,0.0,,,,
2026-03-17T02:17:03+00:00,60707,76.0,69.5,4.5,0.0,,,,
2026-03-17T02:20:03+00:00,60708,76.0,70.0,4.6,0.0,,,,
2026-03-17T02:23:03+00:00,60709,76.0,70.0,4.5,0.0,,,,
2026-03-17T02:26:03+00:00,60710,76.0,70.5,4.6,0.0,,,,
2026-03-17T02:29:03+00:00,60711,76.0,71.0,4.6,0.0,,,,
2026-03-17T02:32:03+00:00,60712,76.0,71.0,4.6,0.0,,,,
2026-03-17T02:35:03+00:00,60713,76.0,70.5,4.8,0.0,,,,
2026-03-17T02:38:03+00:00,60714,76.0,70.0,4.7,0.0,,,,
2026-03-17T02:41:03+00:00,60715,76.0,70.5,4.6,0.0,,,,
2026-03-17T02:44:03+00:00,60716,76.0,70.5,4.5,0.0,,,,
2026-03-17T02:47:03+00:00,60717,76.0,71.0,4.6,0.0,,,,
2026-03-17T02:50:03+00:00,60718,76.0,71.0,4.5,0.0,,,,
2026-03-17T02:53:03+00:00,60719,76.0,71.0,4.5,0.0,,,,
2026-03-17T02:56:03+00:00,60720,76.0,71.5,4.3,0.0,,,,
2026-03-17T02:59:03+00:00,60721,76.0,71.0,4.5,0.0,,,,
2026-03-17T03:02:03+00:00,60722,76.0,70.5,4.5,0.0,,,,
2026-03-17T03:05:03+00:00,60723,76.0,70.0,4.6,0.0,,,,
2026-03-17T03:08:03+00:00,60724,76.0,70.0,4.5,0.0,,,,
2026-03-17T03:11:03+00:00,60725,76.0,69.5,4.5,0.0,,,,
2026-03-17T03:14:03+00:00,60726,76.0,69.5,4.4,0.0,,,,
2026-03-17T03:17:03+00:00,60727,76.0,70.0,4.3,0.0,,,,
2026-03-17T03:20:03+00:00,60728,76.0,69.5,4.4,0.0,,,,
2026-03-17T03:23:03+00:00,60729,76.0,69.5,4.3,0.0,,,,
2026-03-17T03:26:03+00:00,60730,76.0,70.0,4.2,0.0,,,,
2026-03-17T03:29:03+00:00,60731,76.0,70.0,4.2,0.0,,,,
2026-03-17T03:32:03+00:00,60732,76.0,70.0,4.2,0.0,,,,
2026-03-17T03:35:03+00:00,60733,76.0,69.5,4.2,0.0,,,,
2026-03-17T03:38:03+00:00,60734,76.0,69.5,4.2,0.0,,,,
2026-03-17T03:41:03+00:00,60735,76.0,70.0,4.3,0.0,,,,
2026-03-17T03:44:03+00:00,60736,76.0,70.5,4.4,0.0,,,,
2026-03-17T03:47:03+00:00,60737,76.0,70.5,4.3,0.0,,,,
2026-03-17T03:50:03+00:00,60738,76.0,71.0,4.1,0.0,,,,
2026-03-17T03:53:03+00:00,60739,76.0,71.5,4.0,0.0,,,,
2026-03-17T03:56:03+00:00,60740,76.0,72.0,3.9,0.0,,,,
2026-03-17T03:59:03+00:00,60741,76.0,72.0,3.7,0.0,,,,
2026-03-17T04:02:03+00:00,60742,76.0,72.5,3.7,0.0,,,,
2026-03-17T04:05:03+00:00,60743,76.0,73.0,3.6,0.0,,,,
2026-03-17T04:08:03+00:00,60744,76.0,73.5,3.5,0.0,,,,
2026-03-17T04:11:03+00:00,60745,76.0,74.0,3.4,0.0,,,,
2026-03-17T04:14:03+00:00,60746,76.0,74.5,3.3,0.0,,,,
2026-03-17T04:17:03+00:00,60747,76.0,75.0,3.3,0.0,,,,
2026-03-17T04:20:03+00:00,60748,76.0,75.5,3.1,0.0,,,,
2026-03-17T04:23:03+00:00,60749,76.0,76.0,2.9,0.0,,,,
2026-03-17T04:26:03+00:00,60750,76.0,76.5,2.8,0.0,,,,
2026-03-17T04:29:03+00:00,60751,76.0,77.0,2.7,0.0,,,,
2026-03-17T04:32:03+00:00,60752,76.0,77.5,2.9,0.0,,,,
2026-03-17T04:35:03+00:00,60753,76.0,76.0,3.2,0.0,,,,
2026-03-17T04:38:03+00:00,60754,76.0,75.0,3.3,0.0,,,,
2026-03-17T04:41:03+00:00,60755,76.0,74.5,3.6,0.0,,,,
2026-03-17T04:44:03+00:00,60756,76.0,74.0,3.5,0.0,,,,
2026-03-17T04:47:03+00:00,60757,76.0,74.0,3.4,0.0,,,,
2026-03-17T04:50:03+00:00,60758,76.0,74.0,3.5,0.0,,,,
2026-03-17T04:53:03+00:00,60759,76.0,73.5,3.6,0.0,,,,
2026-03-17T04:56:03+00:00,60760,76.0,74.0,3.3,0.0,,,,
2026-03-17T04:59:03+00:00,60761,76.0,74.0,3.3,0.0,,,,
2026-03-17T05:02:03+00:00,60762,76.0,73.0,3.6,0.0,,,,
2026-03-17T05:05:03+00:00,60763,76.0,72.5,3.8,0.0,,,,
2026-03-17T05:08:03+00:00,60764,76.0,72.0,3.9,0.0,,,,
2026-03-17T05:11:03+00:00,60765,76.0,72.0,3.9,0.0,,,,
2026-03-17T05:14:03+00:00,60766,76.0,72.0,3.7,0.0,,,,
2026-03-17T05:17:03+00:00,60767,76.0,72.5,3.7,0.0,,,,
2026-03-17T05:20:03+00:00,60768,76.0,73.0,3.5,0.0,,,,
2026-03-17T05:23:03+00:00,60769,76.0,73.5,3.3,0.0,,,,
2026-03-17T05:26:03+00:00,60770,76.0,73.5,3.1,0.0,,,,
2026-03-17T05:29:03+00:00,60771,76.0,74.5,2.9,0.0,,,,
2026-03-17T05:32:03+00:00,60772,76.0,75.5,3.0,0.0,,,,
2026-03-17T05:35:03+00:00,60773,76.0,75.5,2.9,0.0,,,,
2026-03-17T05:38:03+00:00,60774,76.0,75.5,2.7,0.0,,,,
2026-03-17T05:41:03+00:00,60775,76.0,76.5,2.6,0.0,,,,
2026-03-17T05:44:03+00:00,60776,76.0,76.5,2.6,0.0,,,,
2026-03-17T05:47:03+00:00,60777,76.0,77.5,2.4,0.0,,,,
2026-03-17T05:50:03+00:00,60778,76.0,77.5,2.4,0.0,,,,
2026-03-17T05:53:03+00:00,60779,76.0,77.5,2.5,0.0,,,,
2026-03-17T05:56:03+00:00,60780,76.0,77.5,2.6,0.0,,,,
2026-03-17T05:59:03+00:00,60781,76.0,77.0,2.9,0.0,,,,
2026-03-17T06:02:03+00:00,60782,76.0,76.5,3.0,0.0,,,,
2026-03-17T06:05:03+00:00,60783,76.0,76.0,3.0,0.0,,,,
2026-03-17T06:08:03+00:00,60784,76.0,76.5,3.0,0.0,,,,
2026-03-17T06:11:03+00:00,60785,76.0,76.0,3.2,0.0,,,,
2026-03-17T06:14:03+00:00,60786,76.0,75.5,3.3,0.0,,,,
2026-03-17T06:17:03+00:00,60787,76.0,75.5,3.3,0.0,,,,
2026-03-17T06:20:03+00:00,60788,76.0,75.5,3.4,0.0,,,,
2026-03-17T06:23:03+00:00,60789,76.0,75.5,3.3,0.0,,,,
2026-03-17T06:26:03+00:00,60790,76.0,75.0,3.5,0.0,,,,
2026-03-17T06:29:03+00:00,60791,76.0,75.0,3.4,0.0,,,,
2026-03-17T06:32:03+00:00,60792,76.0,75.0,3.5,0.0,,,,
2026-03-17T06:35:03+00:00,60793,76.0,75.0,3.5,0.0,,,,
2026-03-17T06:38:03+00:00,60794,76.0,75.0,3.5,0.0,,,,
2026-03-17T06:41:03+00:00,60795,76.0,75.0,3.6,0.0,,,,
2026-03-17T06:44:03+00:00,60796,76.0,74.5,3.7,0.0,,,,
2026-03-17T06:47:03+00:00,60797,76.0,74.5,3.6,0.0,,,,
2026-03-17T06:50:03+00:00,60798,76.0,74.5,3.6,0.0,,,,
2026-03-17T06:53:03+00:00,60799,76.0,74.5,3.7,0.0,,,,
2026-03-17T06:56:03+00:00,60800,76.0,74.5,3.8,0.0,,,,
2026-03-17T06:59:03+00:00,60801,76.0,74.5,3.9,0.0,,,,
2026-03-17T07:02:03+00:00,60802,76.0,74.0,4.0,0.0,,,,
2026-03-17T07:05:03+00:00,60803,76.0,74.0,4.1,0.0,,,,
2026-03-17T07:08:03+00:00,60804,76.0,73.5,4.3,0.0,,,,
2026-03-17T07:11:03+00:00,60805,76.0,73.0,4.4,0.0,,,,
2026-03-17T07:14:03+00:00,60806,76.0,73.0,4.4,0.0,,,,
2026-03-17T07:17:03+00:00,60807,76.0,72.5,4.8,0.0,,,,
2026-03-17T07:20:02+00:00,60808,76.0,71.0,5.3,0.0,,,,
2026-03-17T07:23:02+00:00,60809,76.0,70.5,5.3,0.0,,,,
2026-03-17T07:26:02+00:00,60810,76.0,70.5,5.3,0.0,,,,
2026-03-17T07:29:02+00:00,60811,76.0,70.5,5.4,0.0,,,,
2026-03-17T07:32:02+00:00,60812,76.0,71.0,5.3,0.0,,,,
2026-03-17T07:35:02+00:00,60813,76.0,70.5,5.3,0.0,,,,
2026-03-17T07:38:02+00:00,60814,76.0,71.0,5.3,0.0,,,,
2026-03-17T07:41:02+00:00,60815,76.0,71.0,5.4,0.0,,,,
2026-03-17T07:44:02+00:00,60816,76.0,70.0,5.5,0.0,,,,
2026-03-17T07:47:02+00:00,60817,76.0,70.0,5.5,0.0,,,,
2026-03-17T07:50:02+00:00,60818,76.0,70.0,5.8,0.0,,,,
2026-03-17T07:53:02+00:00,60819,76.0,68.5,5.8,0.0,,,,
2026-03-17T07:56:02+00:00,60820,76.0,68.5,6.0,0.0,,,,
2026-03-17T07:59:02+00:00,60821,76.0,68.5,6.0,0.0,,,,
2026-03-17T08:02:02+00:00,60822,76.0,68.5,6.0,0.0,,,,
2026-03-17T08:05:02+00:00,60823,76.0,68.0,6.1,0.0,,,,
2026-03-17T08:08:02+00:00,60824,76.0,68.0,6.2,0.0,,,,
2026-03-17T08:11:02+00:00,60825,76.0,68.0,6.3,0.0,,,,
2026-03-17T08:14:02+00:00,60826,76.0,68.0,6.5,0.0,,,,
2026-03-17T08:17:02+00:00,60827,76.0,66.5,6.4,0.0,,,,
2026-03-17T08:20:02+00:00,60828,76.0,66.5,6.4,0.0,,,,
2026-03-17T08:23:02+00:00,60829,76.0,66.0,6.7,0.0,,,,
2026-03-17T08:26:02+00:00,60830,76.0,65.5,7.1,0.0,,,,
2026-03-17T08:29:02+00:00,60831,76.0,64.5,7.1,0.0,,,,
2026-03-17T08:32:02+00:00,60832,76.0,64.0,7.2,0.0,,,,
2026-03-17T08:35:02+00:00,60833,76.0,64.5,7.4,0.0,,,,
2026-03-17T08:38:02+00:00,60834,76.0,63.0,8.0,0.0,,,,
2026-03-17T08:41:02+00:00,60835,76.0,61.5,8.6,0.0,,,,
2026-03-17T08:44:02+00:00,60836,76.0,57.0,9.3,0.0,,,,
2026-03-17T08:47:02+00:00,60837,76.0,55.5,9.4,0.0,,,,
2026-03-17T08:50:02+00:00,60838,76.0,56.5,9.5,0.0,,,,
2026-03-17T08:53:02+00:00,60839,76.0,57.0,9.7,0.0,,,,
2026-03-17T08:56:02+00:00,60840,76.0,54.0,10.0,0.0,,,,
2026-03-17T08:59:02+00:00,60841,76.0,53.5,10.0,0.0,,,,
2026-03-17T09:02:02+00:00,60842,76.0,54.5,10.0,0.0,,,,
2026-03-17T09:05:02+00:00,60843,76.0,56.5,10.6,0.0,,,,
2026-03-17T09:08:02+00:00,60844,76.0,57.5,10.9,0.0,,,,
2026-03-17T09:11:02+00:00,60845,76.0,57.5,11.1,0.0,,,,
2026-03-17T09:14:02+00:00,60846,76.0,51.0,11.5,0.0,,,,
2026-03-17T09:17:02+00:00,60847,76.0,56.5,11.7,0.0,,,,
2026-03-17T09:20:02+00:00,60848,76.0,57.0,11.6,0.0,,,,
2026-03-17T09:23:02+00:00,60849,76.0,57.0,11.4,0.0,,,,
2026-03-17T09:26:02+00:00,60850,76.0,58.5,11.3,0.0,,,,
2026-03-17T09:29:02+00:00,60851,76.0,56.5,11.5,0.0,,,,
2026-03-17T09:32:02+00:00,60852,76.0,55.5,11.5,0.0,,,,
2026-03-17T09:35:02+00:00,60853,76.0,56.0,11.6,0.0,,,,
2026-03-17T09:38:02+00:00,60854,76.0,56.0,12.0,0.0,,,,
2026-03-17T09:41:02+00:00,60855,76.0,55.5,12.2,0.0,,,,
2026-03-17T09:44:02+00:00,60856,76.0,55.0,12.3,0.0,,,,
2026-03-17T09:47:02+00:00,60857,76.0,56.0,12.5,0.0,,,,
2026-03-17T09:50:02+00:00,60858,76.0,54.5,12.7,0.0,,,,
2026-03-17T09:53:02+00:00,60859,76.0,53.5,12.7,0.0,,,,
2026-03-17T09:56:02+00:00,60860,76.0,54.0,12.7,0.0,,,,
2026-03-17T09:59:02+00:00,60861,76.0,52.5,13.1,0.0,,,,
2026-03-17T10:02:02+00:00,60862,76.0,51.5,13.1,0.0,,,,
2026-03-17T10:05:02+00:00,60863,76.0,54.0,13.2,0.0,,,,
2026-03-17T10:08:02+00:00,60864,76.0,52.0,13.5,0.0,,,,
2026-03-17T10:11:02+00:00,60865,76.0,52.0,13.9,0.0,,,,
2026-03-17T10:14:02+00:00,60866,76.0,54.5,13.5,0.0,,,,
2026-03-17T10:17:02+00:00,60867,76.0,52.0,13.9,0.0,,,,
2026-03-17T10:20:02+00:00,60868,76.0,51.0,13.8,0.0,,,,
2026-03-17T10:23:02+00:00,60869,76.0,51.5,14.1,0.0,,,,
2026-03-17T10:26:02+00:00,60870,76.0,50.5,14.2,0.0,,,,
2026-03-17T10:29:02+00:00,60871,76.0,53.0,14.0,0.0,,,,
2026-03-17T10:32:02+00:00,60872,76.0,51.0,14.3,0.0,,,,
2026-03-17T10:35:02+00:00,60873,76.0,52.0,14.0,0.0,,,,
2026-03-17T10:38:02+00:00,60874,76.0,52.0,14.1,0.0,,,,
2026-03-17T10:41:02+00:00,60875,76.0,51.5,13.9,0.0,,,,
2026-03-17T10:44:02+00:00,60876,76.0,53.0,14.1,0.0,,,,
2026-03-17T10:47:02+00:00,60877,76.0,53.0,14.1,0.0,,,,
2026-03-17T10:50:02+00:00,60878,76.0,52.5,14.3,0.0,,,,
2026-03-17T10:53:02+00:00,60879,76.0,51.0,14.4,0.0,,,,
2026-03-17T10:56:02+00:00,60880,76.0,50.5,14.6,0.0,,,,
2026-03-17T10:59:02+00:00,60881,76.0,49.5,14.7,0.0,,,,
2026-03-17T11:02:02+00:00,60882,76.0,51.0,14.7,0.0,,,,
2026-03-17T11:05:02+00:00,60883,76.0,49.5,14.7,0.0,,,,
2026-03-17T11:08:02+00:00,60884,76.0,49.5,14.9,0.0,,,,
2026-03-17T11:11:02+00:00,60885,76.0,50.0,15.0,0.0,,,,
2026-03-17T11:14:02+00:00,60886,76.0,49.0,15.1,0.0,,,,
2026-03-17T11:17:02+00:00,60887,76.0,48.5,14.9,0.0,,,,
2026-03-17T11:20:02+00:00,60888,76.0,49.5,14.6,0.0,,,,
2026-03-17T11:23:02+00:00,60889,76.0,49.5,14.5,0.0,,,,
2026-03-17T11:26:02+00:00,60890,76.0,52.0,14.6,0.0,,,,
2026-03-17T11:29:02+00:00,60891,76.0,48.5,14.8,0.0,,,,
2026-03-17T11:32:02+00:00,60892,76.0,48.0,14.8,0.0,,,,
2026-03-17T11:35:02+00:00,60893,76.0,48.0,14.6,0.0,,,,
2026-03-17T11:38:02+00:00,60894,76.0,48.0,14.6,0.0,,,,
2026-03-17T11:41:02+00:00,60895,76.0,49.0,14.6,0.0,,,,
2026-03-17T11:44:02+00:00,60896,76.0,47.5,14.5,0.0,,,,
2026-03-17T11:47:02+00:00,60897,76.0,49.5,14.6,0.0,,,,
2026-03-17T11:50:02+00:00,60898,76.0,47.5,14.8,0.0,,,,
2026-03-17T11:53:02+00:00,60899,76.0,48.5,15.1,0.0,,,,
2026-03-17T11:56:02+00:00,60900,76.0,48.0,15.4,0.0,,,,
2026-03-17T11:59:02+00:00,60901,76.0,48.5,15.6,0.0,,,,
2026-03-17T12:02:02+00:00,60902,76.0,47.0,15.7,0.0,,,,
2026-03-17T12:05:02+00:00,60903,76.0,44.5,15.7,0.0,,,,
2026-03-17T12:08:02+00:00,60904,76.0,46.5,15.9,0.0,,,,
2026-03-17T12:11:02+00:00,60905,76.0,44.5,16.1,0.0,,,,
2026-03-17T12:14:02+00:00,60906,76.0,45.5,16.0,0.0,,,,
2026-03-17T12:17:02+00:00,60907,76.0,45.0,15.8,0.0,,,,
2026-03-17T12:20:02+00:00,60908,76.0,48.0,15.3,0.0,,,,
2026-03-17T12:23:02+00:00,60909,76.0,48.0,15.5,0.0,,,,
2026-03-17T12:26:02+00:00,60910,76.0,46.5,15.7,0.0,,,,
2026-03-17T12:29:02+00:00,60911,76.0,46.0,15.6,0.0,,,,
2026-03-17T12:32:02+00:00,60912,76.0,46.0,15.5,0.0,,,,
2026-03-17T12:35:02+00:00,60913,76.0,45.5,15.6,0.0,,,,
2026-03-17T12:38:02+00:00,60914,76.0,47.0,15.4,0.0,,,,
2026-03-17T12:41:02+00:00,60915,76.0,48.5,15.5,0.0,,,,
2026-03-17T12:44:02+00:00,60916,76.0,47.5,15.7,0.0,,,,
2026-03-17T12:47:02+00:00,60917,76.0,47.5,15.7,0.0,,,,
2026-03-17T12:50:02+00:00,60918,76.0,46.0,15.7,0.0,,,,
2026-03-17T12:53:02+00:00,60919,76.0,48.5,15.8,0.0,,,,
2026-03-17T12:56:02+00:00,60920,76.0,45.0,16.0,0.0,,,,
2026-03-17T12:59:02+00:00,60921,76.0,45.5,15.9,0.0,,,,
2026-03-17T13:02:02+00:00,60922,76.0,47.0,15.9,0.0,,,,
2026-03-17T13:05:02+00:00,60923,76.0,47.5,16.2,0.0,,,,
2026-03-17T13:08:02+00:00,60924,76.0,46.0,16.4,0.0,,,,
2026-03-17T13:11:02+00:00,60925,76.0,46.0,16.5,0.0,,,,
2026-03-17T13:14:02+00:00,60926,76.0,43.5,16.6,0.0,,,,
2026-03-17T13:17:02+00:00,60927,76.0,42.5,16.7,0.0,,,,
2026-03-17T13:20:02+00:00,60928,76.0,41.5,16.5,0.0,,,,
2026-03-17T13:23:02+00:00,60929,76.0,44.0,16.5,0.0,,,,
2026-03-17T13:26:02+00:00,60930,76.0,44.0,16.5,0.0,,,,
2026-03-17T13:29:02+00:00,60931,76.0,44.0,16.3,0.0,,,,
2026-03-17T13:32:02+00:00,60932,76.0,41.0,16.5,0.0,,,,
2026-03-17T13:35:02+00:00,60933,76.0,42.5,16.3,0.0,,,,
2026-03-17T13:38:02+00:00,60934,76.0,39.0,16.5,0.0,,,,
2026-03-17T13:41:02+00:00,60935,76.0,38.5,16.7,0.0,,,,
2026-03-17T13:44:02+00:00,60936,76.0,40.0,16.4,0.0,,,,
2026-03-17T13:47:02+00:00,60937,76.0,38.0,16.4,0.0,,,,
2026-03-17T13:50:02+00:00,60938,76.0,39.5,16.6,0.0,,,,
2026-03-17T13:53:02+00:00,60939,76.0,40.5,16.5,0.0,,,,
2026-03-17T13:56:02+00:00,60940,76.0,38.0,16.5,0.0,,,,
2026-03-17T13:59:02+00:00,60941,76.0,39.0,16.1,0.0,,,,
2026-03-17T14:02:02+00:00,60942,76.0,40.0,15.7,0.0,,,,
2026-03-17T14:05:02+00:00,60943,76.0,40.5,16.1,0.0,,,,
2026-03-17T14:08:02+00:00,60944,76.0,39.5,16.0,0.0,,,,
2026-03-17T14:11:02+00:00,60945,76.0,39.5,16.1,0.0,,,,
2026-03-17T14:14:02+00:00,60946,76.0,41.5,16.1,0.0,,,,
2026-03-17T14:17:02+00:00,60947,76.0,39.5,16.7,0.0,,,,
2026-03-17T14:20:02+00:00,60948,76.0,39.5,16.9,0.0,,,,
2026-03-17T14:23:02+00:00,60949,76.0,39.5,16.8,0.0,,,,
2026-03-17T14:26:02+00:00,60950,76.0,39.5,16.7,0.0,,,,
2026-03-17T14:29:02+00:00,60951,76.0,39.5,16.4,0.0,,,,
2026-03-17T14:32:02+00:00,60952,76.0,39.0,16.4,0.0,,,,
2026-03-17T14:35:02+00:00,60953,76.0,39.0,16.2,0.0,,,,
2026-03-17T14:38:02+00:00,60954,76.0,40.5,16.1,0.0,,,,
2026-03-17T14:41:02+00:00,60955,76.0,40.5,16.1,0.0,,,,
2026-03-17T14:44:02+00:00,60956,76.0,41.5,16.2,0.0,,,,
2026-03-17T14:47:02+00:00,60957,76.0,41.0,16.4,0.0,,,,
2026-03-17T14:50:02+00:00,60958,76.0,41.0,16.3,0.0,,,,
2026-03-17T14:53:02+00:00,60959,76.0,40.5,16.2,0.0,,,,
2026-03-17T14:56:02+00:00,60960,76.0,40.5,16.3,0.0,,,,
2026-03-17T14:59:02+00:00,60961,76.0,41.0,16.2,0.0,,,,
2026-03-17T15:02:02+00:00,60962,76.0,41.0,16.4,0.0,,,,
2026-03-17T15:05:02+00:00,60963,76.0,41.0,16.4,0.0,,,,
2026-03-17T15:08:02+00:00,60964,76.0,41.5,16.3,0.0,,,,
2026-03-17T15:11:02+00:00,60965,76.0,41.5,16.3,0.0,,,,
2026-03-17T15:14:02+00:00,60966,76.0,40.0,16.4,0.0,,,,
2026-03-17T15:17:02+00:00,60967,76.0,39.0,16.5,0.0,,,,
2026-03-17T15:20:02+00:00,60968,76.0,39.5,15.8,0.0,,,,
2026-03-17T15:23:01+00:00,60969,76.0,40.0,15.4,0.0,,,,
2026-03-17T15:26:01+00:00,60970,76.0,41.5,15.5,0.0,,,,
2026-03-17T15:29:01+00:00,60971,76.0,40.5,15.6,0.0,,,,
2026-03-17T15:32:01+00:00,60972,76.0,41.0,15.7,0.0,,,,
2026-03-17T15:35:01+00:00,60973,76.0,40.0,15.9,0.0,,,,
2026-03-17T15:38:01+00:00,60974,76.0,40.5,15.9,0.0,,,,
2026-03-17T15:41:01+00:00,60975,76.0,39.5,15.9,0.0,,,,
2026-03-17T15:44:01+00:00,60976,76.0,39.5,15.7,0.0,,,,
2026-03-17T15:47:01+00:00,60977,76.0,39.0,15.5,0.0,,,,
2026-03-17T15:50:01+00:00,60978,76.0,39.5,15.7,0.0,,,,
2026-03-17T15:53:01+00:00,60979,76.0,39.0,15.6,0.0,,,,
2026-03-17T15:56:01+00:00,60980,76.0,39.0,15.8,0.0,,,,
2026-03-17T15:59:01+00:00,60981,76.0,40.5,15.9,0.0,,,,
2026-03-17T16:02:01+00:00,60982,76.0,39.0,15.8,0.0,,,,
2026-03-17T16:05:01+00:00,60983,76.0,39.0,15.6,0.0,,,,
2026-03-17T16:08:01+00:00,60984,76.0,39.5,15.6,0.0,,,,
2026-03-17T16:11:01+00:00,60985,76.0,40.0,15.5,0.0,,,,
2026-03-17T16:14:01+00:00,60986,76.0,39.5,15.5,0.0,,,,
2026-03-17T16:17:01+00:00,60987,76.0,39.5,15.3,0.0,,,,
2026-03-17T16:20:04+00:00,60988,76.0,39.5,15.3,0.0,,,,
2026-03-17T16:23:01+00:00,60989,76.0,39.5,15.2,0.0,,,,
2026-03-17T16:26:01+00:00,60990,76.0,40.5,15.2,0.0,,,,
2026-03-17T16:29:01+00:00,60991,76.0,40.0,14.9,0.0,,,,
2026-03-17T16:32:01+00:00,60992,76.0,40.5,14.6,0.0,,,,
2026-03-17T16:35:01+00:00,60993,76.0,41.5,14.4,0.0,,,,
2026-03-17T16:38:01+00:00,60994,76.0,40.5,14.2,0.0,,,,
2026-03-17T16:41:01+00:00,60995,76.0,42.0,14.0,0.0,,,,
2026-03-17T16:44:01+00:00,60996,76.0,42.5,13.9,0.0,,,,
2026-03-17T16:47:01+00:00,60997,76.0,42.0,13.8,0.0,,,,
2026-03-17T16:50:01+00:00,60998,76.0,42.5,13.9,0.0,,,,
2026-03-17T16:53:01+00:00,60999,76.0,42.5,13.8,0.0,,,,
2026-03-17T16:56:01+00:00,61000,76.0,43.0,13.6,0.0,,,,
2026-03-17T16:59:01+00:00,61001,76.0,43.0,13.5,0.0,,,,
2026-03-17T17:02:01+00:00,61002,76.0,44.0,13.4,0.0,,,,
2026-03-17T17:05:01+00:00,61003,75.0,43.5,13.4,0.0,,,,
2026-03-17T17:08:01+00:00,61004,75.0,44.5,13.2,0.0,,,,
2026-03-17T17:11:01+00:00,61005,75.0,44.5,13.0,0.0,,,,
2026-03-17T17:14:01+00:00,61006,75.0,45.0,13.0,0.0,,,,
2026-03-17T17:17:01+00:00,61007,75.0,45.0,13.0,0.0,,,,
2026-03-17T17:20:01+00:00,61008,75.0,45.5,12.8,0.0,,,,
2026-03-17T17:23:01+00:00,61009,75.0,46.0,12.7,0.0,,,,
2026-03-17T17:26:01+00:00,61010,75.0,46.5,12.5,0.0,,,,
2026-03-17T17:29:01+00:00,61011,75.0,47.0,12.3,0.0,,,,
2026-03-17T17:32:01+00:00,61012,75.0,48.0,12.2,0.0,,,,
2026-03-17T17:35:01+00:00,61013,75.0,48.5,12.0,0.0,,,,
2026-03-17T17:38:01+00:00,61014,75.0,49.0,11.8,0.0,,,,
2026-03-17T17:41:01+00:00,61015,75.0,49.5,11.7,0.0,,,,
2026-03-17T17:44:01+00:00,61016,75.0,49.0,11.5,0.0,,,,
2026-03-17T17:47:01+00:00,61017,75.0,50.0,11.4,0.0,,,,
2026-03-17T17:50:01+00:00,61018,75.0,50.5,11.2,0.0,,,,
2026-03-17T17:53:01+00:00,61019,75.0,51.0,11.2,0.0,,,,
2026-03-17T17:56:01+00:00,61020,75.0,51.0,11.0,0.0,,,,
2026-03-17T17:59:01+00:00,61021,75.0,51.5,10.9,0.0,,,,
2026-03-17T18:02:01+00:00,61022,75.0,52.0,10.9,0.0,,,,
2026-03-17T18:05:01+00:00,61023,75.0,52.0,10.7,0.0,,,,
2026-03-17T18:08:01+00:00,61024,75.0,52.5,10.7,0.0,,,,
2026-03-17T18:11:01+00:00,61025,75.0,52.0,10.6,0.0,,,,
2026-03-17T18:14:01+00:00,61026,75.0,52.5,10.5,0.0,,,,
2026-03-17T18:17:01+00:00,61027,75.0,52.0,10.5,0.0,,,,
2026-03-17T18:20:01+00:00,61028,75.0,52.0,10.5,0.0,,,,
2026-03-17T18:23:01+00:00,61029,75.0,52.0,10.4,0.0,,,,
2026-03-17T18:26:01+00:00,61030,75.0,52.0,10.3,0.0,,,,
2026-03-17T18:29:01+00:00,61031,75.0,52.5,10.2,0.0,,,,
2026-03-17T18:32:01+00:00,61032,75.0,52.0,10.2,0.0,,,,
2026-03-17T18:35:01+00:00,61033,75.0,52.5,10.2,0.0,,,,
2026-03-17T18:38:01+00:00,61034,75.0,52.5,10.2,0.0,,,,
2026-03-17T18:41:01+00:00,61035,75.0,52.5,10.1,0.0,,,,
2026-03-17T18:44:01+00:00,61036,75.0,53.0,10.1,0.0,,,,
2026-03-17T18:47:01+00:00,61037,75.0,53.0,10.0,0.0,,,,
2026-03-17T18:50:01+00:00,61038,75.0,53.0,10.1,0.0,,,,
2026-03-17T18:53:01+00:00,61039,75.0,53.5,10.0,0.0,,,,
2026-03-17T18:56:01+00:00,61040,75.0,53.5,10.0,0.0,,,,
2026-03-17T18:59:01+00:00,61041,75.0,54.0,9.9,0.0,,,,
2026-03-17T19:02:01+00:00,61042,75.0,53.5,9.9,0.0,,,,
2026-03-17T19:05:01+00:00,61043,75.0,53.5,9.9,0.0,,,,
2026-03-17T19:08:01+00:00,61044,75.0,54.0,9.8,0.0,,,,
2026-03-17T19:11:01+00:00,61045,75.0,53.5,9.8,0.0,,,,
2026-03-17T19:14:01+00:00,61046,75.0,54.0,9.8,0.0,,,,
2026-03-17T19:17:01+00:00,61047,75.0,54.5,9.6,0.0,,,,
2026-03-17T19:20:01+00:00,61048,75.0,54.5,9.7,0.0,,,,
2026-03-17T19:23:01+00:00,61049,75.0,54.5,9.6,0.0,,,,
2026-03-17T19:26:01+00:00,61050,75.0,55.0,9.6,0.0,,,,
2026-03-17T19:29:01+00:00,61051,75.0,54.5,9.6,0.0,,,,
2026-03-17T19:32:01+00:00,61052,75.0,54.5,9.6,0.0,,,,
2026-03-17T19:35:01+00:00,61053,75.0,55.0,9.5,0.0,,,,
2026-03-17T19:38:01+00:00,61054,75.0,55.0,9.5,0.0,,,,
2026-03-17T19:41:01+00:00,61055,75.0,55.0,9.5,0.0,,,,
2026-03-17T19:44:01+00:00,61056,75.0,55.0,9.4,0.0,,,,
2026-03-17T19:47:01+00:00,61057,75.0,55.5,9.4,0.0,,,,
2026-03-17T19:50:01+00:00,61058,75.0,55.5,9.3,0.0,,,,
2026-03-17T19:53:01+00:00,61059,75.0,56.0,9.2,0.0,,,,
2026-03-17T19:56:01+00:00,61060,75.0,56.0,9.2,0.0,,,,
2026-03-17T19:59:01+00:00,61061,75.0,55.5,9.2,0.0,,,,
2026-03-17T20:02:01+00:00,61062,75.0,55.5,9.2,0.0,,,,
2026-03-17T20:05:01+00:00,61063,75.0,55.5,9.1,0.0,,,,
2026-03-17T20:08:01+00:00,61064,75.0,56.0,9.2,0.0,,,,
2026-03-17T20:11:01+00:00,61065,75.0,55.5,9.1,0.0,,,,
2026-03-17T20:14:01+00:00,61066,75.0,56.0,9.0,0.0,,,,
2026-03-17T20:17:01+00:00,61067,75.0,56.0,8.9,0.0,,,,
2026-03-17T20:20:01+00:00,61068,75.0,56.0,8.9,0.0,,,,
2026-03-17T20:23:01+00:00,61069,75.0,56.0,8.9,0.0,,,,
2026-03-17T20:26:01+00:00,61070,75.0,56.0,8.9,0.0,,,,
2026-03-17T20:29:01+00:00,61071,75.0,56.5,8.8,0.0,,,,
2026-03-17T20:32:01+00:00,61072,75.0,56.5,8.9,0.0,,,,
2026-03-17T20:35:01+00:00,61073,75.0,56.5,8.7,0.0,,,,
2026-03-17T20:38:01+00:00,61074,75.0,56.5,8.7,0.0,,,,
2026-03-17T20:41:01+00:00,61075,75.0,57.0,8.7,0.0,,,,
2026-03-17T20:44:01+00:00,61076,75.0,57.0,8.5,0.0,,,,
2026-03-17T20:47:01+00:00,61077,75.0,57.0,8.6,0.0,,,,
2026-03-17T20:50:01+00:00,61078,75.0,57.0,8.5,0.0,,,,
2026-03-17T20:53:01+00:00,61079,75.0,57.5,8.4,0.0,,,,
2026-03-17T20:56:01+00:00,61080,75.0,57.0,8.4,0.0,,,,
2026-03-17T20:59:01+00:00,61081,75.0,57.5,8.3,0.0,,,,
2026-03-17T21:02:01+00:00,61082,75.0,57.5,8.4,0.0,,,,
2026-03-17T21:05:01+00:00,61083,75.0,58.0,8.2,0.0,,,,
2026-03-17T21:08:01+00:00,61084,75.0,58.5,8.1,0.0,,,,
2026-03-17T21:11:01+00:00,61085,75.0,58.5,8.1,0.0,,,,
2026-03-17T21:14:01+00:00,61086,75.0,58.5,8.0,0.0,,,,
2026-03-17T21:17:01+00:00,61087,75.0,58.5,8.1,0.0,,,,
2026-03-17T21:20:01+00:00,61088,75.0,59.0,7.9,0.0,,,,
2026-03-17T21:23:01+00:00,61089,75.0,59.0,7.9,0.0,,,,
2026-03-17T21:26:01+00:00,61090,75.0,59.0,7.9,0.0,,,,
2026-03-17T21:29:01+00:00,61091,75.0,60.0,7.7,0.0,,,,
2026-03-17T21:32:01+00:00,61092,75.0,60.0,7.7,0.0,,,,
2026-03-17T21:35:01+00:00,61093,75.0,60.0,7.7,0.0,,,,
2026-03-17T21:38:01+00:00,61094,75.0,60.5,7.6,0.0,,,,
2026-03-17T21:41:01+00:00,61095,75.0,60.5,7.5,0.0,,,,
2026-03-17T21:44:01+00:00,61096,75.0,61.0,7.3,0.0,,,,
2026-03-17T21:47:01+00:00,61097,75.0,61.0,7.4,0.0,,,,
2026-03-17T21:50:01+00:00,61098,75.0,61.5,7.3,0.0,,,,
2026-03-17T21:53:01+00:00,61099,75.0,62.0,7.1,0.0,,,,
2026-03-17T21:56:01+00:00,61100,75.0,62.0,7.1,0.0,,,,
2026-03-17T21:59:01+00:00,61101,75.0,63.0,6.9,0.0,,,,
2026-03-17T22:02:01+00:00,61102,75.0,63.0,6.9,0.0,,,,
2026-03-17T22:05:01+00:00,61103,75.0,63.0,6.8,0.0,,,,
2026-03-17T22:08:01+00:00,61104,75.0,63.5,6.8,0.0,,,,
2026-03-17T22:11:01+00:00,61105,75.0,64.5,6.6,0.0,,,,
2026-03-17T22:14:01+00:00,61106,75.0,64.5,6.6,0.0,,,,
2026-03-17T22:17:01+00:00,61107,75.0,63.5,6.6,0.0,,,,
2026-03-17T22:20:01+00:00,61108,75.0,64.5,6.7,0.0,,,,
2026-03-17T22:23:01+00:00,61109,75.0,63.5,6.8,0.0,,,,
2026-03-17T22:26:01+00:00,61110,75.0,64.0,6.8,0.0,,,,
2026-03-17T22:29:01+00:00,61111,75.0,64.5,6.7,0.0,,,,
2026-03-17T22:32:01+00:00,61112,75.0,64.5,6.5,0.0,,,,
2026-03-17T22:35:01+00:00,61113,75.0,64.5,6.6,0.0,,,,
2026-03-17T22:38:01+00:00,61114,75.0,65.0,6.6,0.0,,,,
2026-03-17T22:41:01+00:00,61115,75.0,65.0,6.5,0.0,,,,
2026-03-17T22:44:01+00:00,61116,75.0,65.0,6.4,0.0,,,,
2026-03-17T22:47:01+00:00,61117,75.0,66.0,6.2,0.0,,,,
2026-03-17T22:50:01+00:00,61118,75.0,66.5,6.1,0.0,,,,
2026-03-17T22:53:01+00:00,61119,75.0,67.0,6.0,0.0,,,,
2026-03-17T22:56:01+00:00,61120,75.0,67.0,6.0,0.0,,,,
2026-03-17T22:59:01+00:00,61121,75.0,67.0,6.0,0.0,,,,
2026-03-17T23:02:01+00:00,61122,75.0,67.0,6.1,0.0,,,,
2026-03-17T23:05:01+00:00,61123,75.0,67.5,6.1,0.0,,,,
2026-03-17T23:08:01+00:00,61124,75.0,67.5,6.0,0.0,,,,
2026-03-17T23:11:01+00:00,61125,75.0,68.0,5.9,0.0,,,,
2026-03-17T23:14:01+00:00,61126,75.0,67.5,5.9,0.0,,,,
2026-03-17T23:17:01+00:00,61127,75.0,67.5,6.1,0.0,,,,
2026-03-17T23:20:01+00:00,61128,75.0,67.5,6.1,0.0,,,,
2026-03-17T23:23:01+00:00,61129,75.0,68.0,6.1,0.0,,,,
2026-03-17T23:26:01+00:00,61130,75.0,68.0,6.0,0.0,,,,
2026-03-17T23:29:01+00:00,61131,75.0,68.0,6.0,0.0,,,,
2026-03-17T23:32:01+00:00,61132,75.0,67.5,6.2,0.0,,,,
2026-03-17T23:35:01+00:00,61133,75.0,67.0,6.1,0.0,,,,
2026-03-17T23:38:01+00:00,61134,75.0,67.0,6.2,0.0,,,,
2026-03-17T23:41:01+00:00,61135,75.0,67.0,6.2,0.0,,,,
2026-03-17T23:44:01+00:00,61136,75.0,67.0,6.1,0.0,,,,
2026-03-17T23:47:01+00:00,61137,75.0,67.5,6.1,0.0,,,,
2026-03-17T23:50:01+00:00,61138,75.0,68.0,5.9,0.0,,,,
2026-03-17T23:53:01+00:00,61139,75.0,68.5,5.7,0.0,,,,
2026-03-17T23:56:01+00:00,61140,75.0,68.5,5.8,0.0,,,,
2026-03-17T23:59:00+00:00,61141,75.0,69.0,5.7,0.0,,,,
2026-03-18T00:02:00+00:00,61142,75.0,70.5,5.4,0.0,,,,
2026-03-18T00:05:00+00:00,61143,75.0,70.5,5.5,0.0,,,,
2026-03-18T00:08:01+00:00,61144,75.0,71.0,5.3,0.0,,,,
2026-03-18T00:11:00+00:00,61145,75.0,71.0,5.4,0.0,,,,
2026-03-18T00:14:00+00:00,61146,75.0,69.5,5.6,0.0,,,,
2026-03-18T00:17:00+00:00,61147,75.0,70.0,5.5,0.0,,,,
2026-03-18T00:20:00+00:00,61148,75.0,70.0,5.4,0.0,,,,
2026-03-18T00:23:00+00:00,61149,75.0,70.0,5.5,0.0,,,,
2026-03-18T00:26:00+00:00,61150,75.0,69.5,5.6,0.0,,,,
2026-03-18T00:29:00+00:00,61151,75.0,69.5,5.6,0.0,,,,
2026-03-18T00:32:00+00:00,61152,75.0,70.0,5.6,0.0,,,,
2026-03-18T00:35:00+00:00,61153,75.0,70.0,5.5,0.0,,,,
2026-03-18T00:38:00+00:00,61154,75.0,70.0,5.6,0.0,,,,
2026-03-18T00:41:00+00:00,61155,75.0,70.5,5.4,0.0,,,,
2026-03-18T00:44:00+00:00,61156,75.0,70.0,5.5,0.0,,,,
2026-03-18T00:47:00+00:00,61157,75.0,70.0,5.4,0.0,,,,
2026-03-18T00:50:00+00:00,61158,75.0,70.5,5.4,0.0,,,,
2026-03-18T00:53:00+00:00,61159,75.0,70.5,5.3,0.0,,,,
2026-03-18T00:56:00+00:00,61160,75.0,70.5,5.1,0.0,,,,
2026-03-18T00:59:00+00:00,61161,75.0,71.0,5.0,0.0,,,,
2026-03-18T01:02:00+00:00,61162,75.0,72.0,5.0,0.0,,,,
2026-03-18T01:05:00+00:00,61163,75.0,72.0,4.7,0.0,,,,
2026-03-18T01:08:00+00:00,61164,75.0,72.5,4.5,0.0,,,,
2026-03-18T01:11:00+00:00,61165,75.0,73.5,4.5,0.0,,,,
2026-03-18T01:14:00+00:00,61166,75.0,74.0,4.5,0.0,,,,
2026-03-18T01:17:00+00:00,61167,75.0,73.5,4.6,0.0,,,,
2026-03-18T01:20:00+00:00,61168,75.0,74.0,4.6,0.0,,,,
2026-03-18T01:23:00+00:00,61169,75.0,74.0,4.6,0.0,,,,
2026-03-18T01:26:00+00:00,61170,75.0,74.5,4.5,0.0,,,,
2026-03-18T01:29:00+00:00,61171,75.0,74.0,4.6,0.0,,,,
2026-03-18T01:32:00+00:00,61172,75.0,74.0,4.4,0.0,,,,
2026-03-18T01:35:00+00:00,61173,75.0,75.0,4.3,0.0,,,,
2026-03-18T01:38:00+00:00,61174,75.0,75.5,4.2,0.0,,,,
2026-03-18T01:41:00+00:00,61175,75.0,76.0,4.2,0.0,,,,
2026-03-18T01:44:00+00:00,61176,75.0,76.5,4.0,0.0,,,,
2026-03-18T01:47:00+00:00,61177,75.0,77.0,4.0,0.0,,,,
2026-03-18T01:50:00+00:00,61178,75.0,77.5,4.1,0.0,,,,
2026-03-18T01:53:00+00:00,61179,75.0,77.5,4.0,0.0,,,,
2026-03-18T01:56:00+00:00,61180,75.0,77.5,3.8,0.0,,,,
2026-03-18T01:59:00+00:00,61181,75.0,79.0,3.7,0.0,,,,
2026-03-18T02:02:00+00:00,61182,75.0,79.5,3.5,0.0,,,,
2026-03-18T02:05:00+00:00,61183,75.0,79.5,3.7,0.0,,,,
2026-03-18T02:08:00+00:00,61184,75.0,80.0,3.5,0.0,,,,
2026-03-18T02:11:00+00:00,61185,75.0,80.5,3.5,0.0,,,,
2026-03-18T02:14:01+00:00,61186,75.0,81.0,3.4,0.0,,,,
2026-03-18T02:17:00+00:00,61187,75.0,80.5,3.5,0.0,,,,
2026-03-18T02:20:00+00:00,61188,75.0,81.0,3.4,0.0,,,,
2026-03-18T02:23:00+00:00,61189,75.0,81.5,3.5,0.0,,,,
2026-03-18T02:26:00+00:00,61190,75.0,81.5,3.3,0.0,,,,
2026-03-18T02:29:00+00:00,61191,75.0,81.5,3.4,0.0,,,,
2026-03-18T02:32:00+00:00,61192,75.0,82.0,3.3,0.0,,,,
2026-03-18T02:35:00+00:00,61193,75.0,82.5,3.2,0.0,,,,
2026-03-18T02:38:00+00:00,61194,75.0,82.5,3.3,0.0,,,,
2026-03-18T02:41:00+00:00,61195,75.0,82.5,3.2,0.0,,,,
2026-03-18T02:44:00+00:00,61196,75.0,83.0,3.2,0.0,,,,
2026-03-18T02:47:00+00:00,61197,75.0,84.0,3.2,0.0,,,,
2026-03-18T02:50:00+00:00,61198,75.0,84.0,3.3,0.0,,,,
2026-03-18T02:53:00+00:00,61199,75.0,83.5,3.4,0.0,,,,
2026-03-18T02:56:00+00:00,61200,75.0,83.0,3.4,0.0,,,,
2026-03-18T02:59:00+00:00,61201,75.0,83.0,3.4,0.0,,,,
2026-03-18T03:02:00+00:00,61202,75.0,82.5,3.3,0.0,,,,
2026-03-18T03:05:00+00:00,61203,75.0,83.5,3.2,0.0,,,,
2026-03-18T03:08:00+00:00,61204,75.0,83.5,3.2,0.0,,,,
2026-03-18T03:11:00+00:00,61205,75.0,83.5,3.3,0.0,,,,
2026-03-18T03:14:00+00:00,61206,75.0,84.0,3.2,0.0,,,,
2026-03-18T03:17:00+00:00,61207,75.0,83.5,3.2,0.0,,,,
2026-03-18T03:20:00+00:00,61208,75.0,83.5,3.1,0.0,,,,
2026-03-18T03:23:00+00:00,61209,75.0,84.0,3.1,0.0,,,,
2026-03-18T03:26:00+00:00,61210,75.0,84.0,3.2,0.0,,,,
2026-03-18T03:29:00+00:00,61211,75.0,84.5,3.2,0.0,,,,
2026-03-18T03:32:00+00:00,61212,75.0,84.5,3.4,0.0,,,,
2026-03-18T03:35:00+00:00,61213,75.0,84.0,3.4,0.0,,,,
2026-03-18T03:38:00+00:00,61214,75.0,84.0,3.3,0.0,,,,
2026-03-18T03:41:00+00:00,61215,75.0,84.0,3.4,0.0,,,,
2026-03-18T03:44:00+00:00,61216,75.0,83.5,3.5,0.0,,,,
2026-03-18T03:47:00+00:00,61217,75.0,83.5,3.4,0.0,,,,
2026-03-18T03:50:00+00:00,61218,75.0,84.0,3.4,0.0,,,,
2026-03-18T03:53:00+00:00,61219,75.0,84.0,3.4,0.0,,,,
2026-03-18T03:56:00+00:00,61220,75.0,84.5,3.5,0.0,,,,
2026-03-18T03:59:00+00:00,61221,75.0,84.0,3.4,0.0,,,,
2026-03-18T04:02:00+00:00,61222,75.0,83.5,3.5,0.0,,,,
2026-03-18T04:05:00+00:00,61223,75.0,84.0,3.4,0.0,,,,
2026-03-18T04:08:02+00:00,61224,75.0,84.0,3.5,0.0,,,,
2026-03-18T04:11:00+00:00,61225,75.0,84.0,3.5,0.0,,,,
2026-03-18T04:14:00+00:00,61226,75.0,84.0,3.5,0.0,,,,
2026-03-18T04:17:00+00:00,61227,75.0,84.0,3.5,0.0,,,,
2026-03-18T04:20:00+00:00,61228,75.0,84.0,3.4,0.0,,,,
2026-03-18T04:23:00+00:00,61229,75.0,83.5,3.5,0.0,,,,
2026-03-18T04:26:00+00:00,61230,75.0,83.5,3.5,0.0,,,,
2026-03-18T04:29:00+00:00,61231,75.0,83.5,3.5,0.0,,,,
2026-03-18T04:32:00+00:00,61232,75.0,83.0,3.4,0.0,,,,
2026-03-18T04:35:00+00:00,61233,75.0,83.0,3.5,0.0,,,,
2026-03-18T04:38:00+00:00,61234,75.0,83.0,3.4,0.0,,,,
2026-03-18T04:41:00+00:00,61235,75.0,83.5,3.4,0.0,,,,
2026-03-18T04:44:00+00:00,61236,75.0,83.0,3.5,0.0,,,,
2026-03-18T04:47:00+00:00,61237,75.0,83.0,3.4,0.0,,,,
2026-03-18T04:50:00+00:00,61238,75.0,83.0,3.4,0.0,,,,
2026-03-18T04:53:00+00:00,61239,75.0,83.0,3.5,0.0,,,,
2026-03-18T04:56:00+00:00,61240,75.0,83.5,3.4,0.0,,,,
2026-03-18T04:59:00+00:00,61241,75.0,83.0,3.3,0.0,,,,
2026-03-18T05:02:00+00:00,61242,75.0,83.5,3.3,0.0,,,,
2026-03-18T05:05:00+00:00,61243,75.0,83.5,3.3,0.0,,,,
2026-03-18T05:08:00+00:00,61244,75.0,83.5,3.3,0.0,,,,
2026-03-18T05:11:00+00:00,61245,75.0,83.5,3.2,0.0,,,,
2026-03-18T05:14:00+00:00,61246,75.0,83.5,3.3,0.0,,,,
2026-03-18T05:17:00+00:00,61247,75.0,83.5,3.2,0.0,,,,
2026-03-18T05:20:00+00:00,61248,75.0,83.5,3.1,0.0,,,,
2026-03-18T05:23:00+00:00,61249,75.0,83.5,3.1,0.0,,,,
2026-03-18T05:26:00+00:00,61250,75.0,83.5,3.2,0.0,,,,
2026-03-18T05:29:00+00:00,61251,75.0,83.5,3.1,0.0,,,,
2026-03-18T05:32:00+00:00,61252,75.0,83.0,3.1,0.0,,,,
2026-03-18T05:35:00+00:00,61253,75.0,83.5,3.1,0.0,,,,
2026-03-18T05:38:00+00:00,61254,75.0,83.0,3.0,0.0,,,,
2026-03-18T05:41:00+00:00,61255,75.0,83.0,3.0,0.0,,,,
2026-03-18T05:44:00+00:00,61256,75.0,83.0,3.1,0.0,,,,
2026-03-18T05:47:00+00:00,61257,75.0,83.0,3.1,0.0,,,,
2026-03-18T05:50:00+00:00,61258,75.0,83.0,3.2,0.0,,,,
2026-03-18T05:53:00+00:00,61259,75.0,82.5,3.1,0.0,,,,
2026-03-18T05:56:00+00:00,61260,75.0,82.0,3.3,0.0,,,,
2026-03-18T05:59:00+00:00,61261,75.0,82.0,3.3,0.0,,,,
2026-03-18T06:02:00+00:00,61262,75.0,81.5,3.2,0.0,,,,
2026-03-18T06:05:00+00:00,61263,75.0,81.0,3.3,0.0,,,,
2026-03-18T06:08:00+00:00,61264,75.0,81.0,3.3,0.0,,,,
2026-03-18T06:11:00+00:00,61265,75.0,80.5,3.3,0.0,,,,
2026-03-18T06:14:00+00:00,61266,75.0,80.5,3.4,0.0,,,,
2026-03-18T06:17:00+00:00,61267,75.0,80.5,3.5,0.0,,,,
2026-03-18T06:20:00+00:00,61268,75.0,80.0,3.4,0.0,,,,
2026-03-18T06:23:00+00:00,61269,75.0,80.0,3.4,0.0,,,,
2026-03-18T06:26:00+00:00,61270,75.0,79.5,3.5,0.0,,,,
2026-03-18T06:29:00+00:00,61271,75.0,79.0,3.6,0.0,,,,
2026-03-18T06:32:00+00:00,61272,75.0,79.0,3.6,0.0,,,,
2026-03-18T06:35:00+00:00,61273,75.0,78.5,3.5,0.0,,,,
2026-03-18T06:38:00+00:00,61274,75.0,79.0,3.6,0.0,,,,
2026-03-18T06:41:00+00:00,61275,75.0,78.5,3.6,0.0,,,,
2026-03-18T06:44:00+00:00,61276,75.0,78.0,3.6,0.0,,,,
2026-03-18T06:47:00+00:00,61277,75.0,78.0,3.6,0.0,,,,
2026-03-18T06:50:00+00:00,61278,75.0,77.5,3.8,0.0,,,,
2026-03-18T06:53:00+00:00,61279,75.0,77.0,3.8,0.0,,,,
2026-03-18T06:56:00+00:00,61280,75.0,77.0,3.7,0.0,,,,
2026-03-18T06:59:00+00:00,61281,75.0,76.5,3.8,0.0,,,,
2026-03-18T07:02:00+00:00,61282,75.0,75.5,3.7,0.0,,,,
2026-03-18T07:05:00+00:00,61283,75.0,75.5,3.7,0.0,,,,
2026-03-18T07:08:00+00:00,61284,75.0,76.0,3.8,0.0,,,,
2026-03-18T07:11:00+00:00,61285,75.0,75.5,4.0,0.0,,,,
2026-03-18T07:14:00+00:00,61286,75.0,74.5,4.0,0.0,,,,
2026-03-18T07:17:00+00:00,61287,75.0,75.0,3.9,0.0,,,,
2026-03-18T07:20:00+00:00,61288,75.0,73.5,4.1,0.0,,,,
2026-03-18T07:23:00+00:00,61289,75.0,74.0,4.1,0.0,,,,
2026-03-18T07:26:00+00:00,61290,75.0,73.0,4.1,0.0,,,,
2026-03-18T07:29:00+00:00,61291,75.0,73.0,4.0,0.0,,,,
2026-03-18T07:32:00+00:00,61292,75.0,73.5,4.1,0.0,,,,
2026-03-18T07:35:00+00:00,61293,75.0,72.5,4.0,0.0,,,,
2026-03-18T07:38:00+00:00,61294,75.0,72.5,4.1,0.0,,,,
2026-03-18T07:41:00+00:00,61295,75.0,72.5,4.2,0.0,,,,
2026-03-18T07:44:00+00:00,61296,75.0,71.5,4.5,0.0,,,,
2026-03-18T07:47:00+00:00,61297,75.0,70.0,4.5,0.0,,,,
2026-03-18T07:50:00+00:00,61298,75.0,71.0,4.7,0.0,,,,
2026-03-18T07:53:00+00:00,61299,75.0,70.0,4.8,0.0,,,,
2026-03-18T07:56:00+00:00,61300,75.0,69.5,4.8,0.0,,,,
2026-03-18T07:59:00+00:00,61301,75.0,70.0,4.8,0.0,,,,
2026-03-18T08:02:00+00:00,61302,75.0,69.5,4.6,0.0,,,,
2026-03-18T08:05:00+00:00,61303,75.0,69.5,4.5,0.0,,,,
2026-03-18T08:08:00+00:00,61304,75.0,70.0,4.3,0.0,,,,
2026-03-18T08:11:00+00:00,61305,75.0,70.0,4.5,0.0,,,,
2026-03-18T08:14:00+00:00,61306,75.0,70.5,4.4,0.0,,,,
2026-03-18T08:17:00+00:00,61307,75.0,70.0,4.4,0.0,,,,
2026-03-18T08:20:00+00:00,61308,75.0,70.0,4.5,0.0,,,,
2026-03-18T08:23:00+00:00,61309,75.0,70.0,4.6,0.0,,,,
2026-03-18T08:26:00+00:00,61310,75.0,69.0,4.6,0.0,,,,
2026-03-18T08:29:00+00:00,61311,75.0,68.5,4.6,0.0,,,,
2026-03-18T08:32:00+00:00,61312,75.0,69.0,4.7,0.0,,,,
2026-03-18T08:35:00+00:00,61313,75.0,68.5,4.9,0.0,,,,
2026-03-18T08:38:00+00:00,61314,75.0,66.5,5.4,0.0,,,,
2026-03-18T08:41:00+00:00,61315,75.0,66.0,5.7,0.0,,,,
2026-03-18T08:44:00+00:00,61316,75.0,64.5,6.3,0.0,,,,
2026-03-18T08:47:00+00:00,61317,75.0,62.0,7.0,0.0,,,,
2026-03-18T08:50:00+00:00,61318,75.0,61.0,7.1,0.0,,,,
2026-03-18T08:53:00+00:00,61319,75.0,60.5,7.7,0.0,,,,
2026-03-18T08:56:00+00:00,61320,75.0,57.0,8.3,0.0,,,,
2026-03-18T08:59:00+00:00,61321,75.0,59.0,8.2,0.0,,,,
2026-03-18T09:02:00+00:00,61322,75.0,56.5,8.9,0.0,,,,
2026-03-18T09:05:00+00:00,61323,75.0,56.0,9.1,0.0,,,,
2026-03-18T09:08:00+00:00,61324,75.0,54.5,9.0,0.0,,,,
2026-03-18T09:11:00+00:00,61325,75.0,54.0,9.1,0.0,,,,
2026-03-18T09:14:00+00:00,61326,75.0,54.5,9.1,0.0,,,,
2026-03-18T09:17:00+00:00,61327,75.0,56.0,8.6,0.0,,,,
2026-03-18T09:20:00+00:00,61328,75.0,56.0,8.6,0.0,,,,
2026-03-18T09:23:00+00:00,61329,75.0,55.0,8.6,0.0,,,,
2026-03-18T09:26:00+00:00,61330,75.0,56.5,8.9,0.0,,,,
2026-03-18T09:29:00+00:00,61331,75.0,54.0,8.9,0.0,,,,
2026-03-18T09:32:00+00:00,61332,75.0,55.5,8.7,0.0,,,,
2026-03-18T09:35:00+00:00,61333,75.0,55.0,8.8,0.0,,,,
2026-03-18T09:38:00+00:00,61334,75.0,55.5,8.5,0.0,,,,
2026-03-18T09:41:00+00:00,61335,75.0,57.0,8.0,0.0,,,,
2026-03-18T09:44:00+00:00,61336,75.0,57.5,7.9,0.0,,,,
2026-03-18T09:47:00+00:00,61337,75.0,58.0,8.0,0.0,,,,
2026-03-18T09:50:00+00:00,61338,75.0,58.5,7.5,0.0,,,,
2026-03-18T09:53:00+00:00,61339,75.0,60.0,7.6,0.0,,,,
2026-03-18T09:56:00+00:00,61340,75.0,59.0,7.6,0.0,,,,
2026-03-18T09:59:00+00:00,61341,75.0,60.0,7.6,0.0,,,,
2026-03-18T10:01:59+00:00,61342,75.0,60.0,7.8,0.0,,,,
2026-03-18T10:04:59+00:00,61343,75.0,59.0,8.1,0.0,,,,
2026-03-18T10:07:59+00:00,61344,75.0,58.0,8.4,0.0,,,,
2026-03-18T10:10:59+00:00,61345,75.0,58.5,8.4,0.0,,,,
2026-03-18T10:13:59+00:00,61346,75.0,57.5,8.5,0.0,,,,
2026-03-18T10:16:59+00:00,61347,75.0,57.5,8.2,0.0,,,,
2026-03-18T10:19:59+00:00,61348,75.0,58.0,8.1,0.0,,,,
2026-03-18T10:22:59+00:00,61349,75.0,58.0,8.1,0.0,,,,
2026-03-18T10:25:59+00:00,61350,75.0,57.5,8.3,0.0,,,,
2026-03-18T10:28:59+00:00,61351,75.0,58.0,9.0,0.0,,,,
2026-03-18T10:31:59+00:00,61352,75.0,57.0,9.5,0.0,,,,
2026-03-18T10:34:59+00:00,61353,75.0,54.0,10.0,0.0,,,,
2026-03-18T10:37:59+00:00,61354,75.0,54.5,10.0,0.0,,,,
2026-03-18T10:40:59+00:00,61355,75.0,54.0,9.9,0.0,,,,
2026-03-18T10:43:59+00:00,61356,75.0,54.0,9.6,0.0,,,,
2026-03-18T10:46:59+00:00,61357,75.0,54.5,9.6,0.0,,,,
2026-03-18T10:49:59+00:00,61358,75.0,54.5,9.5,0.0,,,,
2026-03-18T10:52:59+00:00,61359,75.0,57.0,9.4,0.0,,,,
2026-03-18T10:55:59+00:00,61360,75.0,56.5,10.0,0.0,,,,
2026-03-18T10:58:59+00:00,61361,75.0,53.0,10.4,0.0,,,,
2026-03-18T11:01:59+00:00,61362,75.0,53.5,10.6,0.0,,,,
2026-03-18T11:04:59+00:00,61363,75.0,52.5,10.5,0.0,,,,
2026-03-18T11:07:59+00:00,61364,75.0,52.5,10.8,0.0,,,,
2026-03-18T11:10:59+00:00,61365,75.0,51.5,10.9,0.0,,,,
2026-03-18T11:13:59+00:00,61366,75.0,51.0,11.0,0.0,,,,
2026-03-18T11:16:59+00:00,61367,75.0,52.0,11.1,0.0,,,,
2026-03-18T11:19:59+00:00,61368,75.0,50.5,11.6,0.0,,,,
2026-03-18T11:22:59+00:00,61369,75.0,51.0,11.8,0.0,,,,
2026-03-18T11:25:59+00:00,61370,75.0,49.5,12.2,0.0,,,,
2026-03-18T11:28:59+00:00,61371,75.0,47.5,12.2,0.0,,,,
2026-03-18T11:31:59+00:00,61372,75.0,50.0,12.0,0.0,,,,
2026-03-18T11:34:59+00:00,61373,75.0,51.0,12.2,0.0,,,,
2026-03-18T11:37:59+00:00,61374,75.0,48.5,12.1,0.0,,,,
2026-03-18T11:40:59+00:00,61375,75.0,50.5,12.7,0.0,,,,
2026-03-18T11:43:59+00:00,61376,75.0,50.5,13.3,0.0,,,,
2026-03-18T11:46:59+00:00,61377,75.0,49.5,13.4,0.0,,,,
2026-03-18T11:49:59+00:00,61378,75.0,49.0,13.8,0.0,,,,
2026-03-18T11:52:59+00:00,61379,75.0,46.5,14.0,0.0,,,,
2026-03-18T11:55:59+00:00,61380,75.0,45.0,13.7,0.0,,,,
2026-03-18T11:58:59+00:00,61381,75.0,46.0,13.3,0.0,,,,
2026-03-18T12:01:59+00:00,61382,75.0,46.0,13.8,0.0,,,,
2026-03-18T12:04:59+00:00,61383,75.0,44.5,14.2,0.0,,,,
2026-03-18T12:07:59+00:00,61384,75.0,47.0,14.2,0.0,,,,
2026-03-18T12:10:59+00:00,61385,75.0,49.0,14.2,0.0,,,,
2026-03-18T12:13:59+00:00,61386,75.0,48.0,14.4,0.0,,,,
2026-03-18T12:16:59+00:00,61387,75.0,49.0,14.2,0.0,,,,
2026-03-18T12:19:59+00:00,61388,75.0,50.0,14.1,0.0,,,,
2026-03-18T12:22:59+00:00,61389,75.0,49.0,14.2,0.0,,,,
2026-03-18T12:25:59+00:00,61390,75.0,49.5,14.0,0.0,,,,
2026-03-18T12:28:59+00:00,61391,75.0,49.5,13.6,0.0,,,,
2026-03-18T12:31:59+00:00,61392,75.0,50.5,13.9,0.0,,,,
2026-03-18T12:34:59+00:00,61393,75.0,49.5,14.5,0.0,,,,
2026-03-18T12:37:59+00:00,61394,75.0,46.5,14.8,0.0,,,,
2026-03-18T12:40:59+00:00,61395,75.0,45.0,15.3,0.0,,,,
2026-03-18T12:43:59+00:00,61396,75.0,44.0,15.4,0.0,,,,
2026-03-18T12:46:59+00:00,61397,75.0,46.5,15.4,0.0,,,,
2026-03-18T12:49:59+00:00,61398,75.0,46.0,15.2,0.0,,,,
2026-03-18T12:52:59+00:00,61399,75.0,45.5,15.2,0.0,,,,
2026-03-18T12:55:59+00:00,61400,75.0,46.0,15.2,0.0,,,,
2026-03-18T12:58:59+00:00,61401,75.0,42.5,15.4,0.0,,,,
2026-03-18T13:01:59+00:00,61402,75.0,37.5,15.2,0.0,,,,
2026-03-18T13:04:59+00:00,61403,75.0,42.5,15.2,0.0,,,,
2026-03-18T13:07:59+00:00,61404,75.0,42.0,15.6,0.0,,,,
2026-03-18T13:10:59+00:00,61405,75.0,43.0,15.9,0.0,,,,
2026-03-18T13:13:59+00:00,61406,75.0,42.0,15.8,0.0,,,,
2026-03-18T13:16:59+00:00,61407,75.0,46.0,15.4,0.0,,,,
2026-03-18T13:19:59+00:00,61408,75.0,43.0,15.2,0.0,,,,
2026-03-18T13:22:59+00:00,61409,75.0,46.5,15.1,0.0,,,,
2026-03-18T13:25:59+00:00,61410,75.0,47.0,15.6,0.0,,,,
2026-03-18T13:28:59+00:00,61411,75.0,45.5,15.9,0.0,,,,
2026-03-18T13:31:59+00:00,61412,75.0,43.0,16.0,0.0,,,,
2026-03-18T13:34:59+00:00,61413,75.0,44.0,16.1,0.0,,,,
2026-03-18T13:37:59+00:00,61414,75.0,43.5,16.1,0.0,,,,
2026-03-18T13:40:59+00:00,61415,75.0,44.0,16.2,0.0,,,,
2026-03-18T13:43:59+00:00,61416,75.0,41.5,16.5,0.0,,,,
2026-03-18T13:46:59+00:00,61417,75.0,35.5,15.9,0.0,,,,
2026-03-18T13:49:59+00:00,61418,75.0,40.5,15.8,0.0,,,,
2026-03-18T13:52:59+00:00,61419,75.0,39.5,16.4,0.0,,,,
2026-03-18T13:55:59+00:00,61420,75.0,37.0,17.0,0.0,,,,
2026-03-18T13:58:59+00:00,61421,75.0,35.5,17.1,0.0,,,,
2026-03-18T14:01:59+00:00,61422,75.0,37.5,17.4,0.0,,,,
2026-03-18T14:04:59+00:00,61423,75.0,42.0,16.5,0.0,,,,
2026-03-18T14:07:59+00:00,61424,75.0,42.0,16.3,0.0,,,,
2026-03-18T14:10:59+00:00,61425,75.0,42.0,16.3,0.0,,,,
2026-03-18T14:13:59+00:00,61426,75.0,43.5,16.4,0.0,,,,
2026-03-18T14:16:59+00:00,61427,75.0,41.5,16.7,0.0,,,,
2026-03-18T14:19:59+00:00,61428,75.0,40.5,16.8,0.0,,,,
2026-03-18T14:22:59+00:00,61429,75.0,38.0,16.9,0.0,,,,
2026-03-18T14:25:59+00:00,61430,75.0,35.5,17.2,0.0,,,,
2026-03-18T14:28:59+00:00,61431,75.0,36.0,17.3,0.0,,,,
2026-03-18T14:31:59+00:00,61432,75.0,35.5,17.6,0.0,,,,
2026-03-18T14:34:59+00:00,61433,75.0,38.5,17.4,0.0,,,,
2026-03-18T14:37:59+00:00,61434,75.0,39.0,17.3,0.0,,,,
2026-03-18T14:40:59+00:00,61435,75.0,43.0,17.1,0.0,,,,
2026-03-18T14:43:59+00:00,61436,75.0,35.5,17.3,0.0,,,,
2026-03-18T14:46:59+00:00,61437,75.0,34.0,17.3,0.0,,,,
2026-03-18T14:49:59+00:00,61438,75.0,33.5,17.0,0.0,,,,
2026-03-18T14:52:59+00:00,61439,75.0,33.5,17.0,0.0,,,,
2026-03-18T14:55:59+00:00,61440,75.0,35.5,16.9,0.0,,,,
2026-03-18T14:58:59+00:00,61441,75.0,36.0,17.2,0.0,,,,
2026-03-18T15:01:59+00:00,61442,75.0,34.0,17.1,0.0,,,,
2026-03-18T15:04:59+00:00,61443,75.0,34.0,16.8,0.0,,,,
2026-03-18T15:07:59+00:00,61444,75.0,35.5,16.7,0.0,,,,
2026-03-18T15:10:59+00:00,61445,75.0,35.0,16.6,0.0,,,,
2026-03-18T15:13:59+00:00,61446,75.0,35.0,16.7,0.0,,,,
2026-03-18T15:16:59+00:00,61447,75.0,36.0,16.4,0.0,,,,
2026-03-18T15:19:59+00:00,61448,75.0,35.5,16.5,0.0,,,,
2026-03-18T15:22:59+00:00,61449,75.0,34.5,16.2,0.0,,,,
2026-03-18T15:25:59+00:00,61450,75.0,35.0,16.2,0.0,,,,
2026-03-18T15:28:59+00:00,61451,75.0,35.5,16.0,0.0,,,,
2026-03-18T15:31:59+00:00,61452,75.0,34.5,15.6,0.0,,,,
2026-03-18T15:34:59+00:00,61453,75.0,36.5,15.5,0.0,,,,
2026-03-18T15:37:59+00:00,61454,75.0,35.0,15.4,0.0,,,,
2026-03-18T15:40:59+00:00,61455,75.0,36.5,15.1,0.0,,,,
2026-03-18T15:43:59+00:00,61456,75.0,36.0,15.0,0.0,,,,
2026-03-18T15:46:59+00:00,61457,75.0,36.5,14.8,0.0,,,,
2026-03-18T15:49:59+00:00,61458,75.0,36.0,14.7,0.0,,,,
2026-03-18T15:52:59+00:00,61459,75.0,36.5,14.6,0.0,,,,
2026-03-18T15:55:59+00:00,61460,75.0,36.5,14.4,0.0,,,,
2026-03-18T15:58:59+00:00,61461,75.0,37.5,14.4,0.0,,,,
2026-03-18T16:01:59+00:00,61462,75.0,37.5,14.3,0.0,,,,
2026-03-18T16:04:59+00:00,61463,75.0,37.5,14.2,0.0,,,,
2026-03-18T16:07:59+00:00,61464,75.0,37.5,14.2,0.0,,,,
2026-03-18T16:10:59+00:00,61465,75.0,37.0,14.4,0.0,,,,
2026-03-18T16:13:59+00:00,61466,75.0,38.0,14.2,0.0,,,,
2026-03-18T16:16:59+00:00,61467,75.0,37.5,14.1,0.0,,,,
2026-03-18T16:19:59+00:00,61468,75.0,37.0,14.1,0.0,,,,
2026-03-18T16:22:59+00:00,61469,75.0,37.5,14.0,0.0,,,,
2026-03-18T16:25:59+00:00,61470,75.0,37.5,13.8,0.0,,,,
2026-03-18T16:28:59+00:00,61471,75.0,37.5,13.7,0.0,,,,
2026-03-18T16:31:59+00:00,61472,75.0,39.0,13.5,0.0,,,,
2026-03-18T16:34:59+00:00,61473,75.0,38.0,13.6,0.0,,,,
2026-03-18T16:37:59+00:00,61474,75.0,38.0,13.4,0.0,,,,
2026-03-18T16:40:59+00:00,61475,75.0,39.0,13.3,0.0,,,,
2026-03-18T16:43:59+00:00,61476,75.0,38.5,13.2,0.0,,,,
2026-03-18T16:46:59+00:00,61477,75.0,38.5,13.1,0.0,,,,
2026-03-18T16:49:59+00:00,61478,75.0,39.0,13.0,0.0,,,,
2026-03-18T16:52:59+00:00,61479,75.0,39.0,12.9,0.0,,,,
2026-03-18T16:55:59+00:00,61480,75.0,39.0,12.9,0.0,,,,
2026-03-18T16:58:59+00:00,61481,75.0,39.0,12.8,0.0,,,,
2026-03-18T17:01:59+00:00,61482,75.0,39.5,12.7,0.0,,,,
2026-03-18T17:04:59+00:00,61483,75.0,39.5,12.5,0.0,,,,
2026-03-18T17:07:59+00:00,61484,75.0,40.0,12.5,0.0,,,,
2026-03-18T17:10:59+00:00,61485,75.0,40.5,12.3,0.0,,,,
2026-03-18T17:13:59+00:00,61486,75.0,40.5,12.3,0.0,,,,
2026-03-18T17:16:59+00:00,61487,75.0,41.0,12.2,0.0,,,,
2026-03-18T17:19:59+00:00,61488,75.0,41.0,12.1,0.0,,,,
2026-03-18T17:22:59+00:00,61489,75.0,41.5,12.0,0.0,,,,
2026-03-18T17:25:59+00:00,61490,75.0,42.0,11.7,0.0,,,,
2026-03-18T17:28:59+00:00,61491,75.0,42.0,11.7,0.0,,,,
2026-03-18T17:31:59+00:00,61492,75.0,42.5,11.6,0.0,,,,
2026-03-18T17:34:59+00:00,61493,75.0,43.5,11.4,0.0,,,,
2026-03-18T17:37:59+00:00,61494,75.0,43.5,11.2,0.0,,,,
2026-03-18T17:40:59+00:00,61495,75.0,44.5,11.0,0.0,,,,
2026-03-18T17:43:59+00:00,61496,75.0,45.5,11.0,0.0,,,,
2026-03-18T17:46:59+00:00,61497,75.0,46.0,10.8,0.0,,,,
2026-03-18T17:49:59+00:00,61498,75.0,46.0,10.7,0.0,,,,
2026-03-18T17:52:59+00:00,61499,75.0,47.0,10.6,0.0,,,,
2026-03-18T17:55:59+00:00,61500,75.0,47.0,10.4,0.0,,,,
2026-03-18T17:58:59+00:00,61501,75.0,47.5,10.4,0.0,,,,
2026-03-18T18:01:58+00:00,61502,75.0,48.0,10.3,0.0,,,,
2026-03-18T18:04:58+00:00,61503,75.0,48.5,10.2,0.0,,,,
2026-03-18T18:07:58+00:00,61504,75.0,49.0,10.1,0.0,,,,
2026-03-18T18:10:58+00:00,61505,75.0,49.0,9.9,0.0,,,,
2026-03-18T18:13:58+00:00,61506,75.0,49.5,9.9,0.0,,,,
2026-03-18T18:16:58+00:00,61507,75.0,49.5,9.8,0.0,,,,
2026-03-18T18:19:58+00:00,61508,75.0,50.0,9.8,0.0,,,,
2026-03-18T18:22:58+00:00,61509,75.0,50.0,9.8,0.0,,,,
2026-03-18T18:25:58+00:00,61510,75.0,50.5,9.7,0.0,,,,
2026-03-18T18:28:58+00:00,61511,75.0,51.0,9.6,0.0,,,,
2026-03-18T18:31:58+00:00,61512,75.0,51.0,9.5,0.0,,,,
2026-03-18T18:34:58+00:00,61513,75.0,51.5,9.4,0.0,,,,
2026-03-18T18:37:58+00:00,61514,75.0,52.0,9.4,0.0,,,,
2026-03-18T18:40:58+00:00,61515,75.0,52.0,9.3,0.0,,,,
2026-03-18T18:43:58+00:00,61516,75.0,52.5,9.3,0.0,,,,
2026-03-18T18:46:58+00:00,61517,75.0,52.5,9.2,0.0,,,,
2026-03-18T18:49:58+00:00,61518,75.0,53.0,9.2,0.0,,,,
2026-03-18T18:52:58+00:00,61519,75.0,53.5,9.1,0.0,,,,
2026-03-18T18:55:58+00:00,61520,75.0,54.0,9.1,0.0,,,,
2026-03-18T18:58:58+00:00,61521,75.0,54.5,8.9,0.0,,,,
2026-03-18T19:01:58+00:00,61522,75.0,54.5,8.9,0.0,,,,
2026-03-18T19:04:58+00:00,61523,75.0,55.0,8.8,0.0,,,,
2026-03-18T19:07:58+00:00,61524,75.0,55.5,8.6,0.0,,,,
2026-03-18T19:10:58+00:00,61525,75.0,56.0,8.5,0.0,,,,
2026-03-18T19:13:58+00:00,61526,75.0,56.0,8.6,0.0,,,,
2026-03-18T19:16:58+00:00,61527,75.0,56.5,8.5,0.0,,,,
2026-03-18T19:19:58+00:00,61528,75.0,56.5,8.5,0.0,,,,
2026-03-18T19:22:58+00:00,61529,75.0,56.5,8.3,0.0,,,,
2026-03-18T19:25:58+00:00,61530,75.0,57.0,8.3,0.0,,,,
2026-03-18T19:28:58+00:00,61531,75.0,57.0,8.3,0.0,,,,
2026-03-18T19:31:58+00:00,61532,75.0,57.0,8.3,0.0,,,,
2026-03-18T19:34:58+00:00,61533,75.0,57.5,8.3,0.0,,,,
2026-03-18T19:37:58+00:00,61534,75.0,57.5,8.1,0.0,,,,
2026-03-18T19:40:58+00:00,61535,75.0,57.5,8.0,0.0,,,,
2026-03-18T19:43:58+00:00,61536,75.0,58.0,8.1,0.0,,,,
2026-03-18T19:46:58+00:00,61537,75.0,57.5,8.0,0.0,,,,
2026-03-18T19:49:58+00:00,61538,75.0,58.0,7.9,0.0,,,,
2026-03-18T19:52:58+00:00,61539,75.0,58.0,7.9,0.0,,,,
2026-03-18T19:55:58+00:00,61540,75.0,58.0,7.9,0.0,,,,
2026-03-18T19:58:58+00:00,61541,75.0,58.5,7.8,0.0,,,,
2026-03-18T20:01:58+00:00,61542,75.0,58.0,7.6,0.0,,,,
2026-03-18T20:04:58+00:00,61543,75.0,58.0,7.8,0.0,,,,
2026-03-18T20:07:58+00:00,61544,75.0,57.5,7.8,0.0,,,,
2026-03-18T20:10:57+00:00,61545,75.0,57.5,7.8,0.0,,,,
2026-03-18T20:13:58+00:00,61546,75.0,58.0,7.8,0.0,,,,
2026-03-18T20:16:57+00:00,61547,75.0,58.5,7.6,0.0,,,,
2026-03-18T20:19:57+00:00,61548,75.0,59.0,7.6,0.0,,,,
2026-03-18T20:22:57+00:00,61549,75.0,59.0,7.6,0.0,,,,
2026-03-18T20:25:57+00:00,61550,75.0,59.5,7.4,0.0,,,,
2026-03-18T20:28:57+00:00,61551,75.0,59.5,7.5,0.0,,,,
2026-03-18T20:31:57+00:00,61552,75.0,59.5,7.4,0.0,,,,
2026-03-18T20:34:57+00:00,61553,75.0,59.5,7.3,0.0,,,,
2026-03-18T20:37:57+00:00,61554,75.0,60.5,7.2,0.0,,,,
2026-03-18T20:40:57+00:00,61555,75.0,60.5,7.1,0.0,,,,
2026-03-18T20:43:57+00:00,61556,75.0,60.5,7.0,0.0,,,,
2026-03-18T20:46:57+00:00,61557,75.0,61.0,7.0,0.0,,,,
2026-03-18T20:49:57+00:00,61558,75.0,61.0,6.8,0.0,,,,
2026-03-18T20:52:57+00:00,61559,75.0,62.0,6.6,0.0,,,,
2026-03-18T20:55:57+00:00,61560,75.0,62.5,6.4,0.0,,,,
2026-03-18T20:58:57+00:00,61561,75.0,62.5,6.4,0.0,,,,
2026-03-18T21:01:57+00:00,61562,75.0,62.5,6.3,0.0,,,,
2026-03-18T21:04:57+00:00,61563,75.0,63.0,6.2,0.0,,,,
2026-03-18T21:07:57+00:00,61564,75.0,63.5,6.2,0.0,,,,
2026-03-18T21:10:57+00:00,61565,75.0,64.0,6.1,0.0,,,,
2026-03-18T21:13:57+00:00,61566,75.0,64.0,6.2,0.0,,,,
2026-03-18T21:16:57+00:00,61567,75.0,64.0,6.1,0.0,,,,
2026-03-18T21:19:57+00:00,61568,75.0,63.5,6.1,0.0,,,,
2026-03-18T21:22:57+00:00,61569,75.0,64.0,6.0,0.0,,,,
2026-03-18T21:25:57+00:00,61570,75.0,64.5,6.0,0.0,,,,
2026-03-18T21:28:57+00:00,61571,75.0,64.0,6.1,0.0,,,,
2026-03-18T21:31:57+00:00,61572,75.0,64.5,6.0,0.0,,,,
2026-03-18T21:34:57+00:00,61573,75.0,64.5,5.7,0.0,,,,
2026-03-18T21:37:57+00:00,61574,75.0,65.5,5.5,0.0,,,,
2026-03-18T21:40:57+00:00,61575,75.0,66.5,5.3,0.0,,,,
2026-03-18T21:43:57+00:00,61576,75.0,67.0,5.2,0.0,,,,
2026-03-18T21:46:57+00:00,61577,75.0,67.5,5.1,0.0,,,,
2026-03-18T21:49:57+00:00,61578,75.0,67.5,5.0,0.0,,,,
2026-03-18T21:52:57+00:00,61579,75.0,68.0,4.8,0.0,,,,
2026-03-18T21:55:57+00:00,61580,75.0,68.5,4.7,0.0,,,,
2026-03-18T21:58:57+00:00,61581,75.0,68.5,4.7,0.0,,,,
2026-03-18T22:01:57+00:00,61582,75.0,69.5,4.7,0.0,,,,
2026-03-18T22:04:57+00:00,61583,75.0,69.5,4.6,0.0,,,,
2026-03-18T22:07:57+00:00,61584,75.0,69.5,4.6,0.0,,,,
2026-03-18T22:10:57+00:00,61585,75.0,70.0,4.5,0.0,,,,
2026-03-18T22:13:57+00:00,61586,75.0,70.0,4.7,0.0,,,,
2026-03-18T22:16:57+00:00,61587,75.0,70.0,4.7,0.0,,,,
2026-03-18T22:19:57+00:00,61588,75.0,70.0,4.5,0.0,,,,
2026-03-18T22:22:57+00:00,61589,75.0,70.0,4.5,0.0,,,,
2026-03-18T22:25:57+00:00,61590,75.0,70.0,4.5,0.0,,,,
2026-03-18T22:28:57+00:00,61591,75.0,71.0,4.3,0.0,,,,
2026-03-18T22:31:57+00:00,61592,75.0,71.0,4.4,0.0,,,,
2026-03-18T22:34:57+00:00,61593,75.0,71.0,4.3,0.0,,,,
2026-03-18T22:37:57+00:00,61594,75.0,71.0,4.4,0.0,,,,
2026-03-18T22:40:57+00:00,61595,75.0,70.5,4.4,0.0,,,,
2026-03-18T22:43:57+00:00,61596,75.0,70.5,4.2,0.0,,,,
2026-03-18T22:46:57+00:00,61597,75.0,71.0,4.3,0.0,,,,
2026-03-18T22:49:57+00:00,61598,75.0,71.0,4.2,0.0,,,,
2026-03-18T22:52:57+00:00,61599,75.0,71.0,4.2,0.0,,,,
2026-03-18T22:55:57+00:00,61600,75.0,71.5,4.2,0.0,,,,
2026-03-18T22:58:57+00:00,61601,75.0,72.0,4.3,0.0,,,,
2026-03-18T23:01:57+00:00,61602,75.0,71.5,4.3,0.0,,,,
2026-03-18T23:04:57+00:00,61603,75.0,72.0,4.4,0.0,,,,
2026-03-18T23:07:57+00:00,61604,75.0,71.5,4.6,0.0,,,,
2026-03-18T23:10:57+00:00,61605,75.0,71.0,4.6,0.0,,,,
2026-03-18T23:13:57+00:00,61606,75.0,71.0,4.8,0.0,,,,
2026-03-18T23:16:57+00:00,61607,75.0,70.5,4.8,0.0,,,,
2026-03-18T23:19:57+00:00,61608,75.0,71.0,4.8,0.0,,,,
2026-03-18T23:22:57+00:00,61609,75.0,71.0,4.7,0.0,,,,
2026-03-18T23:25:57+00:00,61610,75.0,71.5,4.6,0.0,,,,
2026-03-18T23:28:57+00:00,61611,75.0,71.5,4.7,0.0,,,,
2026-03-18T23:31:57+00:00,61612,75.0,71.0,4.6,0.0,,,,
2026-03-18T23:34:57+00:00,61613,75.0,71.5,4.5,0.0,,,,
2026-03-18T23:37:57+00:00,61614,75.0,72.0,4.5,0.0,,,,
2026-03-18T23:40:57+00:00,61615,75.0,72.0,4.5,0.0,,,,
2026-03-18T23:43:57+00:00,61616,75.0,72.5,4.4,0.0,,,,
2026-03-18T23:46:57+00:00,61617,75.0,72.5,4.4,0.0,,,,
2026-03-18T23:49:57+00:00,61618,75.0,72.5,4.4,0.0,,,,
2026-03-18T23:52:57+00:00,61619,75.0,72.5,4.5,0.0,,,,
2026-03-18T23:55:57+00:00,61620,75.0,72.5,4.4,0.0,,,,
2026-03-18T23:58:57+00:00,61621,75.0,72.5,4.5,0.0,,,,
2026-03-19T00:01:57+00:00,61622,75.0,72.5,4.4,0.0,,,,
2026-03-19T00:04:57+00:00,61623,75.0,72.5,4.4,0.0,,,,
2026-03-19T00:07:57+00:00,61624,75.0,72.5,4.4,0.0,,,,
2026-03-19T00:10:57+00:00,61625,75.0,72.5,4.5,0.0,,,,
2026-03-19T00:13:57+00:00,61626,75.0,72.5,4.4,0.0,,,,
2026-03-19T00:16:57+00:00,61627,75.0,73.0,4.3,0.0,,,,
2026-03-19T00:19:57+00:00,61628,75.0,73.5,4.2,0.0,,,,
2026-03-19T00:22:57+00:00,61629,75.0,73.5,4.4,0.0,,,,
2026-03-19T00:25:57+00:00,61630,75.0,73.5,4.2,0.0,,,,
2026-03-19T00:28:57+00:00,61631,75.0,73.5,4.3,0.0,,,,
2026-03-19T00:31:57+00:00,61632,75.0,73.5,4.2,0.0,,,,
2026-03-19T00:34:57+00:00,61633,75.0,73.5,4.1,0.0,,,,
2026-03-19T00:37:57+00:00,61634,75.0,73.5,4.3,0.0,,,,
2026-03-19T00:40:57+00:00,61635,75.0,73.5,4.2,0.0,,,,
2026-03-19T00:43:57+00:00,61636,75.0,73.5,4.2,0.0,,,,
2026-03-19T00:46:57+00:00,61637,75.0,73.5,4.3,0.0,,,,
2026-03-19T00:49:57+00:00,61638,75.0,73.5,4.3,0.0,,,,
2026-03-19T00:52:57+00:00,61639,75.0,73.5,4.2,0.0,,,,
2026-03-19T00:55:57+00:00,61640,75.0,74.0,4.2,0.0,,,,
2026-03-19T00:58:57+00:00,61641,75.0,74.0,4.1,0.0,,,,
2026-03-19T01:01:57+00:00,61642,75.0,74.0,4.1,0.0,,,,
2026-03-19T01:04:57+00:00,61643,75.0,74.5,4.0,0.0,,,,
2026-03-19T01:07:57+00:00,61644,75.0,74.5,4.1,0.0,,,,
2026-03-19T01:10:57+00:00,61645,75.0,74.0,4.1,0.0,,,,
2026-03-19T01:13:57+00:00,61646,75.0,74.5,4.0,0.0,,,,
2026-03-19T01:16:57+00:00,61647,75.0,74.5,4.0,0.0,,,,
2026-03-19T01:19:57+00:00,61648,75.0,74.5,4.0,0.0,,,,
2026-03-19T01:22:57+00:00,61649,75.0,74.5,4.1,0.0,,,,
2026-03-19T01:25:57+00:00,61650,75.0,74.5,3.9,0.0,,,,
2026-03-19T01:28:57+00:00,61651,75.0,75.0,3.8,0.0,,,,
2026-03-19T01:31:57+00:00,61652,75.0,75.0,3.9,0.0,,,,
2026-03-19T01:34:57+00:00,61653,75.0,75.0,3.9,0.0,,,,
2026-03-19T01:37:57+00:00,61654,75.0,75.0,3.9,0.0,,,,
2026-03-19T01:40:57+00:00,61655,75.0,75.0,3.8,0.0,,,,
2026-03-19T01:43:57+00:00,61656,75.0,75.0,3.8,0.0,,,,
2026-03-19T01:46:57+00:00,61657,75.0,75.5,3.7,0.0,,,,
2026-03-19T01:49:57+00:00,61658,75.0,75.5,3.7,0.0,,,,
2026-03-19T01:52:57+00:00,61659,75.0,75.5,3.8,0.0,,,,
2026-03-19T01:55:57+00:00,61660,75.0,75.5,3.9,0.0,,,,
2026-03-19T01:58:57+00:00,61661,75.0,75.5,3.7,0.0,,,,
2026-03-19T02:01:57+00:00,61662,75.0,75.5,3.7,0.0,,,,
2026-03-19T02:04:57+00:00,61663,75.0,76.0,3.5,0.0,,,,
2026-03-19T02:07:57+00:00,61664,75.0,76.5,3.4,0.0,,,,
2026-03-19T02:10:57+00:00,61665,75.0,76.5,3.4,0.0,,,,
2026-03-19T02:13:57+00:00,61666,75.0,76.5,3.4,0.0,,,,
2026-03-19T02:16:57+00:00,61667,75.0,76.5,3.3,0.0,,,,
2026-03-19T02:19:57+00:00,61668,75.0,77.0,3.3,0.0,,,,
2026-03-19T02:22:57+00:00,61669,75.0,77.0,3.3,0.0,,,,
2026-03-19T02:25:57+00:00,61670,75.0,77.5,3.3,0.0,,,,
2026-03-19T02:28:57+00:00,61671,75.0,77.5,3.3,0.0,,,,
2026-03-19T02:31:57+00:00,61672,75.0,77.0,3.3,0.0,,,,
2026-03-19T02:34:57+00:00,61673,75.0,77.5,3.3,0.0,,,,
2026-03-19T02:37:57+00:00,61674,75.0,77.5,3.3,0.0,,,,
2026-03-19T02:40:57+00:00,61675,75.0,77.0,3.3,0.0,,,,
2026-03-19T02:43:57+00:00,61676,75.0,77.5,3.1,0.0,,,,
2026-03-19T02:46:57+00:00,61677,75.0,77.5,3.2,0.0,,,,
2026-03-19T02:49:57+00:00,61678,75.0,77.5,3.2,0.0,,,,
2026-03-19T02:52:57+00:00,61679,75.0,77.5,3.3,0.0,,,,
2026-03-19T02:55:57+00:00,61680,75.0,77.5,3.2,0.0,,,,
2026-03-19T02:58:57+00:00,61681,75.0,77.5,3.1,0.0,,,,
2026-03-19T03:01:57+00:00,61682,75.0,77.5,3.2,0.0,,,,
2026-03-19T03:04:57+00:00,61683,75.0,77.5,3.3,0.0,,,,
2026-03-19T03:07:57+00:00,61684,75.0,77.5,3.1,0.0,,,,
2026-03-19T03:10:57+00:00,61685,75.0,77.5,3.1,0.0,,,,
2026-03-19T03:13:57+00:00,61686,75.0,77.5,3.2,0.0,,,,
2026-03-19T03:16:57+00:00,61687,75.0,77.5,3.1,0.0,,,,
2026-03-19T03:19:57+00:00,61688,75.0,77.5,3.2,0.0,,,,
2026-03-19T03:22:57+00:00,61689,75.0,77.5,3.2,0.0,,,,
2026-03-19T03:25:57+00:00,61690,75.0,77.0,3.3,0.0,,,,
2026-03-19T03:28:57+00:00,61691,75.0,77.0,3.3,0.0,,,,
2026-03-19T03:31:57+00:00,61692,75.0,77.0,3.3,0.0,,,,
2026-03-19T03:34:57+00:00,61693,75.0,77.5,3.2,0.0,,,,
2026-03-19T03:37:57+00:00,61694,75.0,77.5,3.1,0.0,,,,
2026-03-19T03:40:57+00:00,61695,75.0,78.0,3.2,0.0,,,,
2026-03-19T03:43:57+00:00,61696,75.0,77.5,3.0,0.0,,,,
2026-03-19T03:46:57+00:00,61697,75.0,77.5,3.1,0.0,,,,
2026-03-19T03:49:57+00:00,61698,75.0,77.5,3.1,0.0,,,,
2026-03-19T03:52:57+00:00,61699,75.0,77.5,3.1,0.0,,,,
2026-03-19T03:55:57+00:00,61700,75.0,78.0,3.1,0.0,,,,
2026-03-19T03:58:57+00:00,61701,75.0,78.0,3.0,0.0,,,,
2026-03-19T04:01:57+00:00,61702,75.0,78.0,2.9,0.0,,,,
2026-03-19T04:04:57+00:00,61703,75.0,78.0,3.0,0.0,,,,
2026-03-19T04:07:57+00:00,61704,75.0,78.0,3.0,0.0,,,,
2026-03-19T04:10:57+00:00,61705,75.0,78.0,3.0,0.0,,,,
2026-03-19T04:13:57+00:00,61706,75.0,78.5,2.9,0.0,,,,
2026-03-19T04:16:57+00:00,61707,75.0,78.5,2.7,0.0,,,,
2026-03-19T04:19:57+00:00,61708,75.0,78.5,2.8,0.0,,,,
2026-03-19T04:22:57+00:00,61709,75.0,79.0,2.7,0.0,,,,
2026-03-19T04:25:57+00:00,61710,75.0,79.0,2.6,0.0,,,,
2026-03-19T04:28:57+00:00,61711,75.0,79.0,2.5,0.0,,,,
2026-03-19T04:31:57+00:00,61712,75.0,79.5,2.6,0.0,,,,
2026-03-19T04:34:57+00:00,61713,75.0,78.5,2.8,0.0,,,,
2026-03-19T04:37:57+00:00,61714,75.0,78.5,2.7,0.0,,,,
2026-03-19T04:40:57+00:00,61715,75.0,78.0,2.9,0.0,,,,
2026-03-19T04:43:57+00:00,61716,75.0,78.0,2.9,0.0,,,,
2026-03-19T04:46:57+00:00,61717,75.0,78.0,2.8,0.0,,,,
2026-03-19T04:49:57+00:00,61718,75.0,78.5,2.7,0.0,,,,
2026-03-19T04:52:57+00:00,61719,75.0,78.5,2.8,0.0,,,,
2026-03-19T04:55:57+00:00,61720,75.0,78.0,2.8,0.0,,,,
2026-03-19T04:58:57+00:00,61721,75.0,77.5,2.8,0.0,,,,
2026-03-19T05:01:57+00:00,61722,75.0,78.0,2.7,0.0,,,,
2026-03-19T05:04:57+00:00,61723,75.0,78.0,2.5,0.0,,,,
2026-03-19T05:07:57+00:00,61724,75.0,78.5,2.5,0.0,,,,
2026-03-19T05:10:57+00:00,61725,75.0,79.0,2.5,0.0,,,,
2026-03-19T05:13:57+00:00,61726,75.0,78.5,2.4,0.0,,,,
2026-03-19T05:16:57+00:00,61727,75.0,80.0,2.2,0.0,,,,
2026-03-19T05:19:57+00:00,61728,75.0,80.5,2.3,0.0,,,,
2026-03-19T05:22:57+00:00,61729,75.0,80.5,2.4,0.0,,,,
2026-03-19T05:25:57+00:00,61730,75.0,80.5,2.3,0.0,,,,
2026-03-19T05:28:57+00:00,61731,75.0,80.5,2.3,0.0,,,,
2026-03-19T05:31:57+00:00,61732,75.0,80.5,2.1,0.0,,,,
2026-03-19T05:34:57+00:00,61733,75.0,81.5,1.8,0.0,,,,
2026-03-19T05:37:57+00:00,61734,75.0,82.0,2.1,0.0,,,,
2026-03-19T05:40:57+00:00,61735,75.0,82.0,2.1,0.0,,,,
2026-03-19T05:43:57+00:00,61736,75.0,82.5,2.0,0.0,,,,
2026-03-19T05:46:57+00:00,61737,75.0,82.0,2.0,0.0,,,,
2026-03-19T05:49:57+00:00,61738,75.0,82.0,1.9,0.0,,,,
2026-03-19T05:52:57+00:00,61739,75.0,82.5,1.7,0.0,,,,
2026-03-19T05:55:57+00:00,61740,75.0,83.0,1.8,0.0,,,,
2026-03-19T05:58:57+00:00,61741,75.0,83.0,1.9,0.0,,,,
2026-03-19T06:01:57+00:00,61742,75.0,83.0,1.9,0.0,,,,
2026-03-19T06:04:57+00:00,61743,75.0,83.5,2.0,0.0,,,,
2026-03-19T06:07:57+00:00,61744,75.0,83.5,2.0,0.0,,,,
2026-03-19T06:10:57+00:00,61745,75.0,83.5,2.3,0.0,,,,
2026-03-19T06:13:57+00:00,61746,75.0,83.0,2.3,0.0,,,,
2026-03-19T06:16:57+00:00,61747,75.0,83.5,2.2,0.0,,,,
2026-03-19T06:19:57+00:00,61748,75.0,84.0,2.2,0.0,,,,
2026-03-19T06:22:57+00:00,61749,75.0,85.0,2.4,0.0,,,,
2026-03-19T06:25:56+00:00,61750,75.0,85.5,2.3,0.0,,,,
2026-03-19T06:28:57+00:00,61751,75.0,85.5,2.2,0.0,,,,
2026-03-19T06:31:56+00:00,61752,75.0,86.5,2.3,0.0,,,,
2026-03-19T06:34:56+00:00,61753,75.0,86.0,2.4,0.0,,,,
2026-03-19T06:37:56+00:00,61754,75.0,85.0,2.6,0.0,,,,
2026-03-19T06:40:56+00:00,61755,75.0,85.0,2.4,0.0,,,,
2026-03-19T06:43:56+00:00,61756,75.0,86.5,2.3,0.0,,,,
2026-03-19T06:46:56+00:00,61757,75.0,87.0,2.2,0.0,,,,
2026-03-19T06:49:56+00:00,61758,75.0,87.5,2.3,0.0,,,,
2026-03-19T06:52:56+00:00,61759,75.0,88.0,2.4,0.0,,,,
2026-03-19T06:55:56+00:00,61760,75.0,87.5,2.7,0.0,,,,
2026-03-19T06:58:56+00:00,61761,75.0,87.5,2.8,0.0,,,,
2026-03-19T07:01:56+00:00,61762,75.0,87.0,3.0,0.0,,,,
2026-03-19T07:04:56+00:00,61763,75.0,86.5,3.6,0.0,,,,
2026-03-19T07:07:56+00:00,61764,75.0,84.0,4.3,0.0,,,,
2026-03-19T07:10:56+00:00,61765,75.0,81.0,4.5,0.0,,,,
2026-03-19T07:13:56+00:00,61766,75.0,80.5,4.4,0.0,,,,
2026-03-19T07:16:56+00:00,61767,75.0,81.0,4.4,0.0,,,,
2026-03-19T07:19:56+00:00,61768,75.0,81.0,4.4,0.0,,,,
2026-03-19T07:22:56+00:00,61769,75.0,80.0,4.6,0.0,,,,
2026-03-19T07:25:56+00:00,61770,75.0,80.0,4.6,0.0,,,,
2026-03-19T07:28:56+00:00,61771,75.0,80.0,4.7,0.0,,,,
2026-03-19T07:31:56+00:00,61772,75.0,79.0,4.8,0.0,,,,
2026-03-19T07:34:56+00:00,61773,75.0,79.0,4.8,0.0,,,,
2026-03-19T07:37:56+00:00,61774,75.0,80.0,4.8,0.0,,,,
2026-03-19T07:40:56+00:00,61775,75.0,80.5,4.8,0.0,,,,
2026-03-19T07:43:56+00:00,61776,75.0,80.0,4.9,0.0,,,,
2026-03-19T07:46:56+00:00,61777,75.0,80.0,5.1,0.0,,,,
2026-03-19T07:49:56+00:00,61778,75.0,79.5,5.3,0.0,,,,
2026-03-19T07:52:56+00:00,61779,75.0,79.0,5.3,0.0,,,,
2026-03-19T07:55:56+00:00,61780,75.0,79.0,5.3,0.0,,,,
2026-03-19T07:58:56+00:00,61781,75.0,79.0,5.4,0.0,,,,
2026-03-19T08:01:56+00:00,61782,75.0,79.0,5.4,0.0,,,,
2026-03-19T08:04:56+00:00,61783,75.0,79.0,5.5,0.0,,,,
2026-03-19T08:07:56+00:00,61784,75.0,78.5,5.5,0.0,,,,
2026-03-19T08:10:56+00:00,61785,75.0,78.0,5.6,0.0,,,,
2026-03-19T08:13:56+00:00,61786,75.0,78.0,5.7,0.0,,,,
2026-03-19T08:16:56+00:00,61787,75.0,78.0,5.6,0.0,,,,
2026-03-19T08:19:56+00:00,61788,75.0,78.0,5.7,0.0,,,,
2026-03-19T08:22:56+00:00,61789,75.0,77.0,6.0,0.0,,,,
2026-03-19T08:25:56+00:00,61790,75.0,76.5,6.1,0.0,,,,
2026-03-19T08:28:56+00:00,61791,75.0,75.5,6.2,0.0,,,,
2026-03-19T08:31:56+00:00,61792,75.0,75.0,6.5,0.0,,,,
2026-03-19T08:34:56+00:00,61793,75.0,74.0,6.8,0.0,,,,
2026-03-19T08:37:56+00:00,61794,75.0,73.0,7.1,0.0,,,,
2026-03-19T08:40:56+00:00,61795,75.0,72.5,7.9,0.0,,,,
2026-03-19T08:43:56+00:00,61796,75.0,68.0,8.7,0.0,,,,
2026-03-19T08:46:56+00:00,61797,75.0,66.5,9.4,0.0,,,,
2026-03-19T08:49:56+00:00,61798,75.0,64.0,10.1,0.0,,,,
2026-03-19T08:52:56+00:00,61799,75.0,62.0,10.6,0.0,,,,
2026-03-19T08:55:56+00:00,61800,75.0,61.5,10.7,0.0,,,,
2026-03-19T08:58:56+00:00,61801,75.0,61.0,11.1,0.0,,,,
2026-03-19T09:01:56+00:00,61802,75.0,59.0,11.3,0.0,,,,
2026-03-19T09:04:56+00:00,61803,75.0,57.0,11.7,0.0,,,,
2026-03-19T09:07:56+00:00,61804,75.0,56.5,11.9,0.0,,,,
2026-03-19T09:10:56+00:00,61805,75.0,56.5,12.0,0.0,,,,
2026-03-19T09:13:56+00:00,61806,75.0,55.0,12.4,0.0,,,,
2026-03-19T09:16:56+00:00,61807,75.0,54.5,12.4,0.0,,,,
2026-03-19T09:19:56+00:00,61808,75.0,55.5,12.2,0.0,,,,
2026-03-19T09:22:56+00:00,61809,75.0,54.0,12.4,0.0,,,,
2026-03-19T09:25:56+00:00,61810,75.0,55.0,12.5,0.0,,,,
2026-03-19T09:28:56+00:00,61811,75.0,54.0,12.6,0.0,,,,
2026-03-19T09:31:56+00:00,61812,75.0,56.0,12.0,0.0,,,,
2026-03-19T09:34:56+00:00,61813,75.0,55.5,12.2,0.0,,,,
2026-03-19T09:37:56+00:00,61814,75.0,55.0,12.6,0.0,,,,
2026-03-19T09:40:56+00:00,61815,75.0,54.0,13.1,0.0,,,,
2026-03-19T09:43:56+00:00,61816,75.0,53.0,13.2,0.0,,,,
2026-03-19T09:46:56+00:00,61817,75.0,52.5,13.2,0.0,,,,
2026-03-19T09:49:56+00:00,61818,75.0,53.0,13.1,0.0,,,,
2026-03-19T09:52:56+00:00,61819,75.0,53.0,12.9,0.0,,,,
2026-03-19T09:55:56+00:00,61820,75.0,54.0,13.3,0.0,,,,
2026-03-19T09:58:56+00:00,61821,75.0,53.0,13.0,0.0,,,,
2026-03-19T10:01:56+00:00,61822,75.0,53.5,13.3,0.0,,,,
2026-03-19T10:04:56+00:00,61823,75.0,53.0,13.5,0.0,,,,
2026-03-19T10:07:56+00:00,61824,75.0,52.0,13.7,0.0,,,,
2026-03-19T10:10:56+00:00,61825,75.0,52.5,13.6,0.0,,,,
2026-03-19T10:13:56+00:00,61826,75.0,53.0,13.7,0.0,,,,
2026-03-19T10:16:56+00:00,61827,75.0,52.5,14.1,0.0,,,,
2026-03-19T10:19:56+00:00,61828,75.0,52.0,14.2,0.0,,,,
2026-03-19T10:22:56+00:00,61829,75.0,51.0,14.0,0.0,,,,
2026-03-19T10:25:56+00:00,61830,75.0,51.5,14.0,0.0,,,,
2026-03-19T10:28:56+00:00,61831,75.0,51.5,14.3,0.0,,,,
2026-03-19T10:31:56+00:00,61832,75.0,50.0,14.1,0.0,,,,
2026-03-19T10:34:56+00:00,61833,75.0,50.0,14.0,0.0,,,,
2026-03-19T10:37:56+00:00,61834,75.0,50.5,13.7,0.0,,,,
2026-03-19T10:40:56+00:00,61835,75.0,50.5,13.8,0.0,,,,
2026-03-19T10:43:56+00:00,61836,75.0,50.5,13.8,0.0,,,,
2026-03-19T10:46:56+00:00,61837,75.0,50.5,13.9,0.0,,,,
2026-03-19T10:49:56+00:00,61838,75.0,49.0,13.9,0.0,,,,
2026-03-19T10:52:56+00:00,61839,75.0,50.5,13.8,0.0,,,,
2026-03-19T10:55:56+00:00,61840,75.0,51.0,13.9,0.0,,,,
2026-03-19T10:58:56+00:00,61841,75.0,50.5,14.2,0.0,,,,
2026-03-19T11:01:56+00:00,61842,75.0,50.5,14.3,0.0,,,,
2026-03-19T11:04:56+00:00,61843,75.0,51.5,14.3,0.0,,,,
2026-03-19T11:07:56+00:00,61844,75.0,50.0,14.6,0.0,,,,
2026-03-19T11:10:56+00:00,61845,75.0,49.5,15.0,0.0,,,,
2026-03-19T11:13:56+00:00,61846,75.0,46.5,15.3,0.0,,,,
2026-03-19T11:16:56+00:00,61847,75.0,46.0,15.2,0.0,,,,
2026-03-19T11:19:56+00:00,61848,75.0,48.0,15.1,0.0,,,,
2026-03-19T11:22:56+00:00,61849,75.0,48.5,15.0,0.0,,,,
2026-03-19T11:25:56+00:00,61850,75.0,46.5,15.3,0.0,,,,
2026-03-19T11:28:56+00:00,61851,75.0,47.0,15.4,0.0,,,,
2026-03-19T11:31:56+00:00,61852,75.0,46.0,15.7,0.0,,,,
2026-03-19T11:34:56+00:00,61853,75.0,47.5,15.6,0.0,,,,
2026-03-19T11:37:56+00:00,61854,75.0,45.0,15.8,0.0,,,,
2026-03-19T11:40:56+00:00,61855,75.0,47.0,15.9,0.0,,,,
2026-03-19T11:43:56+00:00,61856,75.0,45.0,15.8,0.0,,,,
2026-03-19T11:46:56+00:00,61857,75.0,45.0,15.8,0.0,,,,
2026-03-19T11:49:56+00:00,61858,75.0,45.5,16.0,0.0,,,,
2026-03-19T11:52:56+00:00,61859,75.0,47.5,16.2,0.0,,,,
2026-03-19T11:55:56+00:00,61860,75.0,44.5,16.1,0.0,,,,
2026-03-19T11:58:56+00:00,61861,75.0,44.5,16.3,0.0,,,,
2026-03-19T12:01:56+00:00,61862,75.0,45.0,16.0,0.0,,,,
2026-03-19T12:04:56+00:00,61863,75.0,45.0,16.1,0.0,,,,
2026-03-19T12:07:56+00:00,61864,75.0,45.5,15.9,0.0,,,,
2026-03-19T12:10:56+00:00,61865,75.0,45.5,15.9,0.0,,,,
2026-03-19T12:13:56+00:00,61866,75.0,45.5,15.9,0.0,,,,
2026-03-19T12:16:56+00:00,61867,75.0,45.0,16.0,0.0,,,,
2026-03-19T12:19:56+00:00,61868,75.0,45.5,16.1,0.0,,,,
2026-03-19T12:22:56+00:00,61869,75.0,45.0,16.2,0.0,,,,
2026-03-19T12:25:56+00:00,61870,75.0,46.0,16.1,0.0,,,,
2026-03-19T12:28:56+00:00,61871,75.0,45.5,16.2,0.0,,,,
2026-03-19T12:31:56+00:00,61872,75.0,45.0,16.3,0.0,,,,
2026-03-19T12:34:56+00:00,61873,75.0,44.5,16.4,0.0,,,,
2026-03-19T12:37:56+00:00,61874,75.0,45.0,16.4,0.0,,,,
2026-03-19T12:40:56+00:00,61875,75.0,44.0,16.5,0.0,,,,
2026-03-19T12:43:56+00:00,61876,75.0,42.5,16.5,0.0,,,,
2026-03-19T12:46:56+00:00,61877,75.0,44.0,16.4,0.0,,,,
2026-03-19T12:49:56+00:00,61878,75.0,43.0,16.3,0.0,,,,
2026-03-19T12:52:56+00:00,61879,75.0,45.0,16.4,0.0,,,,
2026-03-19T12:55:56+00:00,61880,75.0,42.5,16.6,0.0,,,,
2026-03-19T12:58:56+00:00,61881,75.0,43.0,16.3,0.0,,,,
2026-03-19T13:01:56+00:00,61882,75.0,42.0,16.3,0.0,,,,
2026-03-19T13:04:56+00:00,61883,75.0,43.0,16.5,0.0,,,,
2026-03-19T13:07:56+00:00,61884,75.0,42.5,16.8,0.0,,,,
2026-03-19T13:10:56+00:00,61885,75.0,43.0,16.9,0.0,,,,
2026-03-19T13:13:56+00:00,61886,75.0,42.5,17.2,0.0,,,,
2026-03-19T13:16:56+00:00,61887,75.0,41.5,17.5,0.0,,,,
2026-03-19T13:19:56+00:00,61888,75.0,41.0,17.5,0.0,,,,
2026-03-19T13:22:56+00:00,61889,75.0,41.0,17.8,0.0,,,,
2026-03-19T13:25:56+00:00,61890,75.0,40.5,18.0,0.0,,,,
2026-03-19T13:28:56+00:00,61891,75.0,40.0,17.8,0.0,,,,
2026-03-19T13:31:56+00:00,61892,75.0,41.0,17.6,0.0,,,,
2026-03-19T13:34:56+00:00,61893,75.0,40.5,17.6,0.0,,,,
2026-03-19T13:37:56+00:00,61894,75.0,41.0,17.7,0.0,,,,
2026-03-19T13:40:56+00:00,61895,75.0,38.5,17.8,0.0,,,,
2026-03-19T13:43:56+00:00,61896,75.0,40.5,17.5,0.0,,,,
2026-03-19T13:46:56+00:00,61897,75.0,41.0,17.7,0.0,,,,
2026-03-19T13:49:56+00:00,61898,75.0,38.5,17.6,0.0,,,,
2026-03-19T13:52:56+00:00,61899,75.0,40.0,17.4,0.0,,,,
2026-03-19T13:55:56+00:00,61900,75.0,40.0,17.3,0.0,,,,
2026-03-19T13:58:56+00:00,61901,75.0,41.0,17.5,0.0,,,,
2026-03-19T14:01:56+00:00,61902,75.0,40.0,17.7,0.0,,,,
2026-03-19T14:04:56+00:00,61903,75.0,41.0,17.8,0.0,,,,
2026-03-19T14:07:56+00:00,61904,75.0,39.5,17.8,0.0,,,,
2026-03-19T14:10:56+00:00,61905,75.0,39.5,17.8,0.0,,,,
2026-03-19T14:13:56+00:00,61906,75.0,40.0,17.9,0.0,,,,
2026-03-19T14:16:56+00:00,61907,75.0,39.0,17.8,0.0,,,,
2026-03-19T14:19:56+00:00,61908,75.0,39.5,17.9,0.0,,,,
2026-03-19T14:22:56+00:00,61909,75.0,39.0,17.9,0.0,,,,
2026-03-19T14:25:56+00:00,61910,75.0,41.5,18.2,0.0,,,,
2026-03-19T14:28:56+00:00,61911,75.0,39.5,18.2,0.0,,,,
2026-03-19T14:31:56+00:00,61912,75.0,38.5,18.3,0.0,,,,
2026-03-19T14:34:56+00:00,61913,75.0,37.5,18.5,0.0,,,,
2026-03-19T14:37:56+00:00,61914,75.0,39.0,18.5,0.0,,,,
2026-03-19T14:40:55+00:00,61915,75.0,36.5,18.9,0.0,,,,
2026-03-19T14:43:55+00:00,61916,75.0,35.5,19.1,0.0,,,,
2026-03-19T14:46:55+00:00,61917,75.0,37.0,18.8,0.0,,,,
2026-03-19T14:49:55+00:00,61918,75.0,35.5,18.8,0.0,,,,
2026-03-19T14:52:55+00:00,61919,75.0,37.5,18.7,0.0,,,,
2026-03-19T14:55:55+00:00,61920,75.0,33.5,18.3,0.0,,,,
2026-03-19T14:58:55+00:00,61921,75.0,32.0,18.2,0.0,,,,
2026-03-19T15:01:55+00:00,61922,75.0,32.0,18.0,0.0,,,,
2026-03-19T15:04:55+00:00,61923,75.0,33.5,18.0,0.0,,,,
2026-03-19T15:07:55+00:00,61924,75.0,34.0,18.1,0.0,,,,
2026-03-19T15:10:55+00:00,61925,75.0,33.0,17.8,0.0,,,,
2026-03-19T15:13:55+00:00,61926,75.0,33.5,17.7,0.0,,,,
2026-03-19T15:16:55+00:00,61927,75.0,34.5,17.6,0.0,,,,
2026-03-19T15:19:55+00:00,61928,75.0,36.0,17.1,0.0,,,,
2026-03-19T15:22:55+00:00,61929,75.0,36.0,17.0,0.0,,,,
2026-03-19T15:25:55+00:00,61930,75.0,36.5,16.8,0.0,,,,
2026-03-19T15:28:55+00:00,61931,75.0,37.0,16.6,0.0,,,,
2026-03-19T15:31:55+00:00,61932,75.0,37.5,16.7,0.0,,,,
2026-03-19T15:34:55+00:00,61933,75.0,37.0,17.1,0.0,,,,
2026-03-19T15:37:55+00:00,61934,75.0,36.0,17.2,0.0,,,,
2026-03-19T15:40:55+00:00,61935,75.0,38.5,16.9,0.0,,,,
2026-03-19T15:43:55+00:00,61936,75.0,38.0,16.9,0.0,,,,
2026-03-19T15:46:55+00:00,61937,75.0,37.0,16.7,0.0,,,,
2026-03-19T15:49:55+00:00,61938,75.0,37.0,16.6,0.0,,,,
2026-03-19T15:52:55+00:00,61939,75.0,38.0,16.6,0.0,,,,
2026-03-19T15:55:55+00:00,61940,75.0,38.5,16.6,0.0,,,,
2026-03-19T15:58:55+00:00,61941,75.0,38.0,16.7,0.0,,,,
2026-03-19T16:01:55+00:00,61942,75.0,38.0,16.8,0.0,,,,
2026-03-19T16:04:55+00:00,61943,75.0,38.5,16.6,0.0,,,,
2026-03-19T16:07:55+00:00,61944,75.0,38.5,16.2,0.0,,,,
2026-03-19T16:10:55+00:00,61945,75.0,40.5,16.0,0.0,,,,
2026-03-19T16:13:55+00:00,61946,75.0,39.0,16.2,0.0,,,,
2026-03-19T16:16:55+00:00,61947,75.0,40.5,16.1,0.0,,,,
2026-03-19T16:19:55+00:00,61948,75.0,40.0,16.0,0.0,,,,
2026-03-19T16:22:55+00:00,61949,75.0,39.0,15.8,0.0,,,,
2026-03-19T16:25:55+00:00,61950,75.0,40.0,15.5,0.0,,,,
2026-03-19T16:28:55+00:00,61951,75.0,41.0,15.5,0.0,,,,
2026-03-19T16:31:55+00:00,61952,75.0,41.0,15.6,0.0,,,,
2026-03-19T16:34:55+00:00,61953,75.0,40.0,15.8,0.0,,,,
2026-03-19T16:37:55+00:00,61954,75.0,40.0,15.7,0.0,,,,
2026-03-19T16:40:55+00:00,61955,75.0,39.5,15.6,0.0,,,,
2026-03-19T16:43:55+00:00,61956,75.0,40.0,15.4,0.0,,,,
2026-03-19T16:46:55+00:00,61957,75.0,41.0,15.5,0.0,,,,
2026-03-19T16:49:55+00:00,61958,75.0,39.5,15.6,0.0,,,,
2026-03-19T16:52:55+00:00,61959,75.0,39.5,15.6,0.0,,,,
2026-03-19T16:55:55+00:00,61960,75.0,40.0,15.4,0.0,,,,
2026-03-19T16:58:55+00:00,61961,75.0,40.5,15.1,0.0,,,,
2026-03-19T17:01:55+00:00,61962,75.0,41.5,14.9,0.0,,,,
2026-03-19T17:04:55+00:00,61963,75.0,42.0,14.8,0.0,,,,
2026-03-19T17:07:55+00:00,61964,75.0,42.5,14.6,0.0,,,,
2026-03-19T17:10:55+00:00,61965,75.0,43.0,14.6,0.0,,,,
2026-03-19T17:13:55+00:00,61966,75.0,43.0,14.2,0.0,,,,
2026-03-19T17:16:55+00:00,61967,75.0,43.5,14.0,0.0,,,,
2026-03-19T17:19:55+00:00,61968,75.0,44.0,13.7,0.0,,,,
2026-03-19T17:22:55+00:00,61969,75.0,44.5,13.5,0.0,,,,
2026-03-19T17:25:55+00:00,61970,75.0,45.0,13.4,0.0,,,,
2026-03-19T17:28:55+00:00,61971,75.0,44.5,13.3,0.0,,,,
2026-03-19T17:31:55+00:00,61972,75.0,45.0,13.1,0.0,,,,
2026-03-19T17:34:55+00:00,61973,75.0,45.0,12.8,0.0,,,,
2026-03-19T17:37:55+00:00,61974,75.0,44.5,12.6,0.0,,,,
2026-03-19T17:40:55+00:00,61975,75.0,44.5,12.4,0.0,,,,
2026-03-19T17:43:55+00:00,61976,75.0,45.0,12.3,0.0,,,,
2026-03-19T17:46:55+00:00,61977,75.0,45.0,12.1,0.0,,,,
2026-03-19T17:49:55+00:00,61978,75.0,45.5,11.9,0.0,,,,
2026-03-19T17:52:55+00:00,61979,75.0,45.5,11.8,0.0,,,,
2026-03-19T17:55:55+00:00,61980,75.0,45.5,11.7,0.0,,,,
2026-03-19T17:58:55+00:00,61981,75.0,45.5,11.6,0.0,,,,
2026-03-19T18:01:55+00:00,61982,75.0,45.5,11.6,0.0,,,,
2026-03-19T18:04:55+00:00,61983,75.0,46.0,11.5,0.0,,,,
2026-03-19T18:07:55+00:00,61984,75.0,46.5,11.3,0.0,,,,
2026-03-19T18:10:55+00:00,61985,75.0,46.5,11.2,0.0,,,,
2026-03-19T18:13:55+00:00,61986,75.0,46.5,11.2,0.0,,,,
2026-03-19T18:16:55+00:00,61987,75.0,46.5,11.1,0.0,,,,
2026-03-19T18:19:55+00:00,61988,75.0,47.0,11.1,0.0,,,,
2026-03-19T18:22:55+00:00,61989,75.0,47.0,11.1,0.0,,,,
2026-03-19T18:25:55+00:00,61990,75.0,47.0,11.0,0.0,,,,
2026-03-19T18:28:55+00:00,61991,75.0,47.0,11.0,0.0,,,,
2026-03-19T18:31:55+00:00,61992,75.0,47.5,10.9,0.0,,,,
2026-03-19T18:34:55+00:00,61993,75.0,47.5,10.9,0.0,,,,
2026-03-19T18:37:55+00:00,61994,75.0,47.5,10.8,0.0,,,,
2026-03-19T18:40:55+00:00,61995,75.0,48.0,10.8,0.0,,,,
2026-03-19T18:43:55+00:00,61996,75.0,48.0,10.8,0.0,,,,
2026-03-19T18:46:55+00:00,61997,75.0,48.0,10.7,0.0,,,,
2026-03-19T18:49:55+00:00,61998,75.0,48.5,10.6,0.0,,,,
2026-03-19T18:52:55+00:00,61999,75.0,48.5,10.7,0.0,,,,
2026-03-19T18:55:55+00:00,62000,75.0,49.0,10.5,0.0,,,,
2026-03-19T18:58:55+00:00,62001,75.0,49.0,10.4,0.0,,,,
2026-03-19T19:01:55+00:00,62002,75.0,49.5,10.4,0.0,,,,
2026-03-19T19:04:55+00:00,62003,75.0,50.0,10.3,0.0,,,,
2026-03-19T19:07:55+00:00,62004,75.0,50.0,10.2,0.0,,,,
2026-03-19T19:10:55+00:00,62005,75.0,50.5,10.2,0.0,,,,
2026-03-19T19:13:55+00:00,62006,75.0,50.5,10.1,0.0,,,,
2026-03-19T19:16:55+00:00,62007,75.0,50.5,10.0,0.0,,,,
2026-03-19T19:19:55+00:00,62008,75.0,51.0,10.0,0.0,,,,
2026-03-19T19:22:55+00:00,62009,75.0,50.5,9.9,0.0,,,,
2026-03-19T19:28:55+00:00,62010,75.0,50.5,9.9,0.0,,,,
2026-03-19T19:31:55+00:00,62011,75.0,51.0,9.8,0.0,,,,
2026-03-19T19:34:55+00:00,62012,75.0,51.0,9.8,0.0,,,,
2026-03-19T19:37:55+00:00,62013,75.0,51.0,9.8,0.0,,,,
2026-03-19T19:40:55+00:00,62014,75.0,51.0,9.8,0.0,,,,
2026-03-19T19:43:55+00:00,62015,75.0,51.0,9.7,0.0,,,,
2026-03-19T19:46:55+00:00,62016,75.0,51.0,9.6,0.0,,,,
2026-03-19T19:49:55+00:00,62017,75.0,51.0,9.7,0.0,,,,
2026-03-19T19:52:55+00:00,62018,75.0,51.0,9.6,0.0,,,,
2026-03-19T19:55:55+00:00,62019,75.0,51.0,9.6,0.0,,,,
2026-03-19T19:58:55+00:00,62020,75.0,51.5,9.6,0.0,,,,
2026-03-19T20:01:55+00:00,62021,75.0,51.5,9.5,0.0,,,,
2026-03-19T20:04:55+00:00,62022,75.0,51.5,9.4,0.0,,,,
2026-03-19T20:07:55+00:00,62023,75.0,51.5,9.4,0.0,,,,
2026-03-19T20:10:55+00:00,62024,75.0,52.0,9.3,0.0,,,,
2026-03-19T20:13:55+00:00,62025,75.0,52.0,9.3,0.0,,,,
2026-03-19T20:16:55+00:00,62026,75.0,52.5,9.3,0.0,,,,
2026-03-19T20:19:55+00:00,62027,75.0,52.5,9.0,0.0,,,,
2026-03-19T20:22:55+00:00,62028,75.0,52.5,9.1,0.0,,,,
2026-03-19T20:25:55+00:00,62029,75.0,52.5,9.0,0.0,,,,
2026-03-19T20:28:55+00:00,62030,75.0,52.5,9.1,0.0,,,,
2026-03-19T20:31:55+00:00,62031,75.0,52.5,9.2,0.0,,,,
2026-03-19T20:34:55+00:00,62032,75.0,52.5,9.0,0.0,,,,
2026-03-19T20:37:55+00:00,62033,75.0,52.5,9.0,0.0,,,,
2026-03-19T20:40:55+00:00,62034,75.0,52.5,9.0,0.0,,,,
2026-03-19T20:43:55+00:00,62035,75.0,52.5,9.0,0.0,,,,
2026-03-19T20:46:55+00:00,62036,75.0,53.0,8.9,0.0,,,,
2026-03-19T20:54:33+00:00,62038,75.0,53.0,9.0,0.0,,,,
2026-03-19T20:55:10+00:00,62039,75.0,53.0,8.9,0.0,,,,
2026-03-19T20:58:10+00:00,62040,75.0,53.0,8.9,0.0,,,,
2026-03-19T21:01:10+00:00,62041,75.0,53.0,8.8,0.0,,,,
2026-03-19T21:04:10+00:00,62042,75.0,53.0,8.8,0.0,,,,
2026-03-19T21:07:10+00:00,62043,75.0,53.0,8.8,0.0,,,,
2026-03-19T21:10:10+00:00,62044,75.0,53.5,8.7,0.0,,,,
2026-03-19T21:13:10+00:00,62045,75.0,53.0,8.7,0.0,,,,
2026-03-19T21:16:10+00:00,62046,75.0,53.0,8.7,0.0,,,,
2026-03-19T21:19:10+00:00,62048,75.0,53.5,8.6,0.0,,,,
2026-03-19T21:22:10+00:00,62049,75.0,53.5,8.5,0.0,,,,
2026-03-19T21:25:10+00:00,62050,75.0,53.5,8.5,0.0,,,,
2026-03-19T21:28:10+00:00,62052,75.0,53.0,8.5,0.0,,,,
2026-03-19T21:31:10+00:00,62053,75.0,53.0,8.5,0.0,,,,
2026-03-19T21:34:10+00:00,62054,75.0,52.5,8.4,0.0,,,,
2026-03-19T21:37:10+00:00,62055,75.0,52.5,8.4,0.0,,,,
2026-03-19T21:40:10+00:00,62057,75.0,52.5,8.5,0.0,,,,
2026-03-19T21:43:09+00:00,62058,75.0,52.5,8.4,0.0,,,,
2026-03-19T21:46:09+00:00,62059,75.0,52.0,8.3,0.0,,,,
2026-03-19T21:49:09+00:00,62061,75.0,52.0,8.3,0.0,,,,
2026-03-19T21:52:09+00:00,62062,75.0,52.5,8.3,0.0,,,,
2026-03-19T21:55:09+00:00,62063,75.0,52.5,8.3,0.0,,,,
2026-03-19T21:58:09+00:00,62065,75.0,52.5,8.2,0.0,,,,
2026-03-19T22:01:09+00:00,62066,75.0,52.5,8.2,0.0,,,,
2026-03-19T22:04:09+00:00,62067,75.0,53.0,8.1,0.0,,,,
2026-03-19T22:07:09+00:00,62068,75.0,53.0,8.1,0.0,,,,
2026-03-19T22:10:09+00:00,62070,75.0,53.5,8.0,0.0,,,,
2026-03-19T22:13:09+00:00,62071,75.0,53.5,8.0,0.0,,,,
2026-03-19T22:16:09+00:00,62072,75.0,53.5,7.9,0.0,,,,
2026-03-19T22:19:09+00:00,62074,75.0,54.0,7.8,0.0,,,,
2026-03-19T22:22:09+00:00,62075,75.0,54.0,7.9,0.0,,,,
2026-03-19T22:25:09+00:00,62076,75.0,54.0,7.8,0.0,,,,
2026-03-19T22:28:09+00:00,62078,75.0,54.5,7.7,0.0,,,,
2026-03-19T22:31:09+00:00,62079,75.0,54.0,7.7,0.0,,,,
2026-03-19T22:34:09+00:00,62080,75.0,54.5,7.7,0.0,,,,
2026-03-19T22:37:09+00:00,62081,75.0,54.5,7.6,0.0,,,,
2026-03-19T22:40:09+00:00,62083,75.0,55.0,7.6,0.0,,,,
2026-03-19T22:43:09+00:00,62084,75.0,55.0,7.6,0.0,,,,
2026-03-19T22:46:09+00:00,62085,75.0,55.0,7.4,0.0,,,,
2026-03-19T22:49:09+00:00,62087,75.0,55.5,7.4,0.0,,,,
2026-03-19T22:52:09+00:00,62088,75.0,55.5,7.5,0.0,,,,
2026-03-19T22:55:09+00:00,62089,75.0,55.5,7.4,0.0,,,,
2026-03-19T22:58:09+00:00,62091,75.0,55.5,7.3,0.0,,,,
2026-03-19T23:01:09+00:00,62092,75.0,55.5,7.3,0.0,,,,
2026-03-19T23:04:09+00:00,62093,75.0,55.0,7.2,0.0,,,,
2026-03-19T23:07:09+00:00,62094,75.0,55.0,7.3,0.0,,,,
2026-03-19T23:10:09+00:00,62096,75.0,55.0,7.2,0.0,,,,
2026-03-19T23:13:09+00:00,62097,75.0,55.0,7.3,0.0,,,,
2026-03-19T23:16:09+00:00,62098,75.0,55.0,7.2,0.0,,,,
2026-03-19T23:19:09+00:00,62100,75.0,54.5,7.2,0.0,,,,
2026-03-19T23:22:09+00:00,62101,75.0,54.5,7.2,0.0,,,,
2026-03-19T23:25:09+00:00,62102,75.0,54.5,7.2,0.0,,,,
2026-03-19T23:28:09+00:00,62104,75.0,55.0,7.3,0.0,,,,
2026-03-19T23:31:09+00:00,62105,75.0,55.5,7.2,0.0,,,,
2026-03-19T23:34:09+00:00,62106,75.0,55.5,7.1,0.0,,,,
2026-03-19T23:37:09+00:00,62107,75.0,55.5,7.1,0.0,,,,
2026-03-19T23:40:09+00:00,62109,75.0,55.5,7.0,0.0,,,,
2026-03-19T23:43:09+00:00,62110,75.0,55.5,6.9,0.0,,,,
2026-03-19T23:46:09+00:00,62111,75.0,56.0,6.9,0.0,,,,
2026-03-19T23:49:09+00:00,62113,75.0,56.0,6.8,0.0,,,,
2026-03-19T23:52:09+00:00,62114,75.0,56.5,6.8,0.0,,,,
2026-03-19T23:55:09+00:00,62115,75.0,56.5,6.7,0.0,,,,
2026-03-19T23:58:09+00:00,62117,75.0,56.5,6.7,0.0,,,,
2026-03-20T00:01:09+00:00,62118,75.0,56.0,6.7,0.0,,,,
2026-03-20T00:04:09+00:00,62119,75.0,56.5,6.7,0.0,,,,
2026-03-20T00:07:09+00:00,62120,75.0,56.5,6.6,0.0,,,,
2026-03-20T00:10:09+00:00,62122,75.0,56.5,6.7,0.0,,,,
2026-03-20T00:13:09+00:00,62123,75.0,57.0,6.5,0.0,,,,
2026-03-20T00:16:09+00:00,62124,75.0,57.0,6.4,0.0,,,,
2026-03-20T00:19:11+00:00,62126,75.0,57.5,6.5,0.0,,,,
2026-03-20T00:22:09+00:00,62127,75.0,58.0,6.3,0.0,,,,
2026-03-20T00:25:09+00:00,62128,75.0,58.0,6.3,0.0,,,,
2026-03-20T00:28:09+00:00,62130,75.0,58.0,6.3,0.0,,,,
2026-03-20T00:31:09+00:00,62131,75.0,58.5,6.1,0.0,,,,
2026-03-20T00:34:09+00:00,62132,75.0,59.5,5.9,0.0,,,,
2026-03-20T00:37:09+00:00,62133,75.0,60.0,5.8,0.0,,,,
2026-03-20T00:40:09+00:00,62135,75.0,61.0,5.6,0.0,,,,
2026-03-20T00:43:09+00:00,62136,75.0,61.0,5.4,0.0,,,,
2026-03-20T00:46:09+00:00,62137,75.0,62.0,5.1,0.0,,,,
2026-03-20T00:49:09+00:00,62139,75.0,62.5,4.9,0.0,,,,
2026-03-20T00:52:09+00:00,62140,75.0,62.5,4.9,0.0,,,,
2026-03-20T00:55:09+00:00,62141,75.0,63.0,4.9,0.0,,,,
2026-03-20T00:58:09+00:00,62143,75.0,62.5,4.9,0.0,,,,
2026-03-20T01:01:09+00:00,62144,75.0,63.0,4.9,0.0,,,,
2026-03-20T01:04:09+00:00,62145,75.0,62.5,5.0,0.0,,,,
2026-03-20T01:07:09+00:00,62146,75.0,62.5,5.1,0.0,,,,
2026-03-20T01:10:09+00:00,62148,75.0,62.5,5.0,0.0,,,,
2026-03-20T01:13:09+00:00,62149,75.0,63.0,4.9,0.0,,,,
2026-03-20T01:16:09+00:00,62150,75.0,63.0,5.0,0.0,,,,
2026-03-20T01:19:09+00:00,62152,75.0,63.5,4.9,0.0,,,,
2026-03-20T01:22:09+00:00,62153,75.0,63.5,4.8,0.0,,,,
2026-03-20T01:25:09+00:00,62154,75.0,63.5,4.8,0.0,,,,
2026-03-20T01:28:09+00:00,62156,75.0,64.0,4.7,0.0,,,,
2026-03-20T01:31:09+00:00,62157,75.0,64.0,4.8,0.0,,,,
2026-03-20T01:34:09+00:00,62158,75.0,64.0,4.8,0.0,,,,
2026-03-20T01:37:09+00:00,62159,75.0,64.0,4.8,0.0,,,,
2026-03-20T01:40:09+00:00,62161,75.0,64.0,4.8,0.0,,,,
2026-03-20T01:43:09+00:00,62162,75.0,63.5,4.8,0.0,,,,
2026-03-20T01:46:09+00:00,62163,75.0,64.0,4.7,0.0,,,,
2026-03-20T01:49:09+00:00,62165,75.0,64.0,4.8,0.0,,,,
2026-03-20T01:52:09+00:00,62166,75.0,64.0,4.9,0.0,,,,
2026-03-20T01:55:09+00:00,62167,75.0,64.0,4.9,0.0,,,,
2026-03-20T01:58:09+00:00,62169,75.0,64.0,4.8,0.0,,,,
2026-03-20T02:01:09+00:00,62170,75.0,64.5,4.7,0.0,,,,
2026-03-20T02:04:09+00:00,62171,75.0,65.0,4.5,0.0,,,,
2026-03-20T02:07:09+00:00,62172,75.0,65.0,4.4,0.0,,,,
2026-03-20T02:10:09+00:00,62174,75.0,65.5,4.5,0.0,,,,
2026-03-20T02:13:09+00:00,62175,75.0,65.5,4.4,0.0,,,,
2026-03-20T02:16:09+00:00,62176,75.0,66.0,4.4,0.0,,,,
2026-03-20T02:19:09+00:00,62178,75.0,66.0,4.3,0.0,,,,
2026-03-20T02:22:09+00:00,62179,75.0,66.0,4.4,0.0,,,,
2026-03-20T02:25:09+00:00,62180,75.0,66.0,4.4,0.0,,,,
2026-03-20T02:28:09+00:00,62182,75.0,66.0,4.5,0.0,,,,
2026-03-20T02:31:09+00:00,62183,75.0,65.5,4.4,0.0,,,,
2026-03-20T02:34:09+00:00,62184,75.0,66.0,4.4,0.0,,,,
2026-03-20T02:37:09+00:00,62185,75.0,66.0,4.5,0.0,,,,
2026-03-20T02:40:09+00:00,62187,75.0,66.0,4.5,0.0,,,,
2026-03-20T02:43:09+00:00,62188,75.0,65.5,4.5,0.0,,,,
2026-03-20T02:46:09+00:00,62189,75.0,65.0,4.7,0.0,,,,
2026-03-20T02:49:09+00:00,62191,75.0,65.0,4.7,0.0,,,,
2026-03-20T02:52:09+00:00,62192,75.0,65.0,4.6,0.0,,,,
2026-03-20T02:55:09+00:00,62193,75.0,65.0,4.6,0.0,,,,
2026-03-20T02:58:09+00:00,62195,75.0,64.5,4.7,0.0,,,,
2026-03-20T03:01:09+00:00,62196,75.0,64.5,4.7,0.0,,,,
2026-03-20T03:04:09+00:00,62197,75.0,64.5,4.7,0.0,,,,
2026-03-20T03:07:09+00:00,62198,75.0,65.0,4.6,0.0,,,,
2026-03-20T03:10:09+00:00,62200,75.0,65.0,4.6,0.0,,,,
2026-03-20T03:13:09+00:00,62201,75.0,65.0,4.5,0.0,,,,
2026-03-20T03:16:09+00:00,62202,75.0,65.0,4.5,0.0,,,,
2026-03-20T03:19:09+00:00,62204,75.0,65.5,4.5,0.0,,,,
2026-03-20T03:22:09+00:00,62205,75.0,66.0,4.5,0.0,,,,
2026-03-20T03:25:09+00:00,62206,75.0,66.0,4.5,0.0,,,,
2026-03-20T03:28:09+00:00,62208,75.0,66.0,4.4,0.0,,,,
2026-03-20T03:31:09+00:00,62209,75.0,66.0,4.5,0.0,,,,
2026-03-20T03:34:09+00:00,62210,75.0,65.5,4.5,0.0,,,,
2026-03-20T03:37:09+00:00,62211,75.0,66.0,4.3,0.0,,,,
2026-03-20T03:40:09+00:00,62213,75.0,66.0,4.3,0.0,,,,
2026-03-20T03:43:09+00:00,62214,75.0,66.0,4.4,0.0,,,,
2026-03-20T03:46:09+00:00,62215,75.0,66.5,4.2,0.0,,,,
2026-03-20T03:49:09+00:00,62217,75.0,66.5,4.2,0.0,,,,
2026-03-20T03:52:09+00:00,62218,75.0,66.5,4.3,0.0,,,,
2026-03-20T03:55:09+00:00,62219,75.0,66.5,4.4,0.0,,,,
2026-03-20T03:58:09+00:00,62221,75.0,66.5,4.1,0.0,,,,
2026-03-20T04:01:09+00:00,62222,75.0,67.0,4.0,0.0,,,,
2026-03-20T04:04:09+00:00,62223,75.0,67.0,4.0,0.0,,,,
2026-03-20T04:07:09+00:00,62224,75.0,67.0,3.9,0.0,,,,
2026-03-20T04:10:09+00:00,62226,75.0,67.5,4.0,0.0,,,,
2026-03-20T04:13:09+00:00,62227,75.0,67.5,4.1,0.0,,,,
2026-03-20T04:16:09+00:00,62228,75.0,68.0,4.0,0.0,,,,
2026-03-20T04:19:09+00:00,62230,75.0,68.0,3.9,0.0,,,,
2026-03-20T04:22:09+00:00,62231,75.0,68.0,3.9,0.0,,,,
2026-03-20T04:25:09+00:00,62232,75.0,68.0,3.9,0.0,,,,
2026-03-20T04:28:09+00:00,62234,75.0,68.5,4.0,0.0,,,,
2026-03-20T04:31:09+00:00,62235,75.0,68.0,3.9,0.0,,,,
2026-03-20T04:34:09+00:00,62236,75.0,68.0,3.9,0.0,,,,
2026-03-20T04:37:09+00:00,62237,75.0,68.0,4.0,0.0,,,,
2026-03-20T04:40:09+00:00,62239,75.0,68.0,4.0,0.0,,,,
2026-03-20T04:43:09+00:00,62240,75.0,68.5,3.9,0.0,,,,
2026-03-20T04:46:09+00:00,62241,75.0,68.5,3.9,0.0,,,,
2026-03-20T04:49:09+00:00,62243,75.0,68.5,4.0,0.0,,,,
2026-03-20T04:52:09+00:00,62244,75.0,68.5,3.9,0.0,,,,
2026-03-20T04:55:09+00:00,62245,75.0,68.5,3.9,0.0,,,,
2026-03-20T04:58:09+00:00,62247,75.0,68.5,3.9,0.0,,,,
2026-03-20T05:01:09+00:00,62248,75.0,69.0,3.8,0.0,,,,
2026-03-20T05:04:09+00:00,62249,75.0,69.5,3.7,0.0,,,,
2026-03-20T05:07:09+00:00,62250,75.0,69.5,3.7,0.0,,,,
2026-03-20T05:10:09+00:00,62252,75.0,70.0,3.7,0.0,,,,
2026-03-20T05:13:09+00:00,62253,75.0,70.0,3.6,0.0,,,,
2026-03-20T05:16:09+00:00,62254,75.0,70.5,3.6,0.0,,,,
2026-03-20T05:19:09+00:00,62256,75.0,70.5,3.6,0.0,,,,
2026-03-20T05:22:09+00:00,62257,75.0,71.0,3.5,0.0,,,,
2026-03-20T05:25:09+00:00,62258,75.0,71.0,3.4,0.0,,,,
2026-03-20T05:28:09+00:00,62260,75.0,71.5,3.2,0.0,,,,
2026-03-20T05:31:09+00:00,62261,75.0,72.0,3.1,0.0,,,,
2026-03-20T05:34:09+00:00,62262,75.0,72.5,3.2,0.0,,,,
2026-03-20T05:37:09+00:00,62263,75.0,72.5,3.2,0.0,,,,
2026-03-20T05:40:09+00:00,62265,75.0,72.5,3.2,0.0,,,,
2026-03-20T05:43:09+00:00,62266,75.0,72.5,3.1,0.0,,,,
2026-03-20T05:46:09+00:00,62267,75.0,73.0,3.1,0.0,,,,
2026-03-20T05:49:09+00:00,62269,75.0,73.0,3.0,0.0,,,,
2026-03-20T05:52:09+00:00,62270,75.0,73.5,3.1,0.0,,,,
2026-03-20T05:55:09+00:00,62271,75.0,73.0,3.1,0.0,,,,
2026-03-20T05:58:09+00:00,62273,75.0,73.0,3.1,0.0,,,,
2026-03-20T06:01:09+00:00,62274,75.0,73.5,3.0,0.0,,,,
2026-03-20T06:04:09+00:00,62275,75.0,74.0,2.9,0.0,,,,
2026-03-20T06:07:09+00:00,62276,75.0,73.5,3.2,0.0,,,,
2026-03-20T06:10:09+00:00,62278,75.0,73.5,3.2,0.0,,,,
2026-03-20T06:13:09+00:00,62279,75.0,73.5,3.3,0.0,,,,
2026-03-20T06:16:09+00:00,62280,75.0,74.0,3.2,0.0,,,,
2026-03-20T06:19:09+00:00,62282,75.0,74.0,3.5,0.0,,,,
2026-03-20T06:22:09+00:00,62283,75.0,74.0,3.6,0.0,,,,
2026-03-20T06:25:09+00:00,62284,75.0,74.0,3.7,0.0,,,,
2026-03-20T06:28:09+00:00,62286,75.0,74.0,3.6,0.0,,,,
2026-03-20T06:31:09+00:00,62287,75.0,74.0,3.7,0.0,,,,
2026-03-20T06:34:08+00:00,62288,75.0,74.0,3.7,0.0,,,,
2026-03-20T06:37:08+00:00,62289,75.0,75.0,3.8,0.0,,,,
2026-03-20T06:40:08+00:00,62291,75.0,75.5,3.8,0.0,,,,
2026-03-20T06:43:08+00:00,62292,75.0,75.5,4.0,0.0,,,,
2026-03-20T06:46:08+00:00,62293,75.0,75.5,3.9,0.0,,,,
2026-03-20T06:49:08+00:00,62295,75.0,76.0,3.7,0.0,,,,
2026-03-20T06:52:08+00:00,62296,75.0,77.0,3.6,0.0,,,,
2026-03-20T06:55:09+00:00,62297,75.0,78.5,3.8,0.0,,,,
2026-03-20T06:58:08+00:00,62299,75.0,78.5,3.8,0.0,,,,
2026-03-20T07:01:08+00:00,62300,75.0,78.5,4.1,0.0,,,,
2026-03-20T07:04:08+00:00,62301,75.0,77.5,4.8,0.0,,,,
2026-03-20T07:07:08+00:00,62302,75.0,74.5,5.4,0.0,,,,
2026-03-20T07:10:08+00:00,62304,75.0,72.5,5.7,0.0,,,,
2026-03-20T07:13:08+00:00,62305,75.0,72.0,5.8,0.0,,,,
2026-03-20T07:16:08+00:00,62306,75.0,72.5,5.7,0.0,,,,
2026-03-20T07:19:08+00:00,62308,75.0,72.5,5.7,0.0,,,,
2026-03-20T07:22:08+00:00,62309,75.0,73.0,5.7,0.0,,,,
2026-03-20T07:25:08+00:00,62310,75.0,72.5,5.7,0.0,,,,
2026-03-20T07:28:08+00:00,62312,75.0,73.0,5.8,0.0,,,,
2026-03-20T07:31:08+00:00,62313,75.0,72.5,5.9,0.0,,,,
2026-03-20T07:34:08+00:00,62314,75.0,72.0,5.8,0.0,,,,
2026-03-20T07:37:08+00:00,62315,75.0,72.5,5.9,0.0,,,,
2026-03-20T07:40:08+00:00,62317,75.0,72.0,6.0,0.0,,,,
2026-03-20T07:43:08+00:00,62318,75.0,72.0,5.9,0.0,,,,
2026-03-20T07:46:08+00:00,62319,75.0,71.5,6.0,0.0,,,,
2026-03-20T07:49:08+00:00,62321,75.0,71.0,6.0,0.0,,,,
2026-03-20T07:52:08+00:00,62322,75.0,71.5,6.2,0.0,,,,
2026-03-20T07:55:08+00:00,62323,75.0,71.0,6.3,0.0,,,,
2026-03-20T07:58:08+00:00,62325,75.0,71.0,6.4,0.0,,,,
2026-03-20T08:01:08+00:00,62326,75.0,70.0,6.4,0.0,,,,
2026-03-20T08:04:08+00:00,62327,75.0,71.0,6.4,0.0,,,,
2026-03-20T08:07:08+00:00,62328,75.0,71.5,6.7,0.0,,,,
2026-03-20T08:10:08+00:00,62330,75.0,71.0,6.7,0.0,,,,
2026-03-20T08:13:08+00:00,62331,75.0,71.0,6.8,0.0,,,,
2026-03-20T08:16:08+00:00,62332,75.0,71.5,6.9,0.0,,,,
2026-03-20T08:19:08+00:00,62334,75.0,71.0,7.0,0.0,,,,
2026-03-20T08:22:08+00:00,62335,75.0,70.5,7.2,0.0,,,,
2026-03-20T08:25:08+00:00,62336,75.0,70.0,7.5,0.0,,,,
2026-03-20T08:28:08+00:00,62338,75.0,69.0,7.6,0.0,,,,
2026-03-20T08:31:08+00:00,62339,75.0,68.0,8.0,0.0,,,,
2026-03-20T08:34:08+00:00,62340,75.0,67.5,8.1,0.0,,,,
2026-03-20T08:37:08+00:00,62341,75.0,67.5,8.4,0.0,,,,
2026-03-20T08:40:08+00:00,62343,75.0,65.5,8.8,0.0,,,,
2026-03-20T08:43:08+00:00,62344,75.0,64.0,9.2,0.0,,,,
2026-03-20T08:46:08+00:00,62345,75.0,63.5,9.5,0.0,,,,
2026-03-20T08:49:08+00:00,62347,75.0,62.0,9.9,0.0,,,,
2026-03-20T08:52:08+00:00,62348,75.0,61.0,10.5,0.0,,,,
2026-03-20T08:55:08+00:00,62349,75.0,59.5,10.8,0.0,,,,
2026-03-20T08:58:08+00:00,62351,75.0,58.5,11.1,0.0,,,,
2026-03-20T09:01:08+00:00,62352,75.0,57.0,11.5,0.0,,,,
2026-03-20T09:04:08+00:00,62353,75.0,56.5,11.5,0.0,,,,
2026-03-20T09:07:08+00:00,62354,75.0,55.5,11.7,0.0,,,,
2026-03-20T09:10:08+00:00,62356,75.0,56.0,11.9,0.0,,,,
2026-03-20T09:13:08+00:00,62357,75.0,54.0,12.4,0.0,,,,
2026-03-20T09:16:08+00:00,62358,75.0,55.0,12.5,0.0,,,,
2026-03-20T09:19:08+00:00,62360,75.0,53.0,12.7,0.0,,,,
2026-03-20T09:22:08+00:00,62361,75.0,52.5,12.7,0.0,,,,
2026-03-20T09:25:08+00:00,62362,75.0,52.5,12.8,0.0,,,,
2026-03-20T09:28:08+00:00,62364,75.0,53.0,12.7,0.0,,,,
2026-03-20T09:31:08+00:00,62365,75.0,52.0,12.9,0.0,,,,
2026-03-20T09:34:08+00:00,62366,75.0,51.5,13.0,0.0,,,,
2026-03-20T09:37:08+00:00,62367,75.0,51.5,13.3,0.0,,,,
2026-03-20T09:40:08+00:00,62369,75.0,49.5,13.4,0.0,,,,
2026-03-20T09:43:08+00:00,62370,75.0,50.0,13.6,0.0,,,,
2026-03-20T09:46:08+00:00,62371,75.0,49.5,13.5,0.0,,,,
2026-03-20T09:49:08+00:00,62373,75.0,49.5,13.4,0.0,,,,
2026-03-20T09:52:08+00:00,62374,75.0,50.5,13.4,0.0,,,,
2026-03-20T09:55:08+00:00,62375,75.0,49.5,13.8,0.0,,,,
2026-03-20T09:58:08+00:00,62377,75.0,49.5,14.1,0.0,,,,
2026-03-20T10:01:08+00:00,62378,75.0,48.5,14.1,0.0,,,,
2026-03-20T10:04:08+00:00,62379,75.0,46.5,14.3,0.0,,,,
2026-03-20T10:07:08+00:00,62380,75.0,47.0,14.4,0.0,,,,
2026-03-20T10:13:08+00:00,62381,75.0,46.0,14.8,0.0,,,,
2026-03-20T10:16:08+00:00,62382,75.0,46.5,15.1,0.0,,,,
2026-03-20T10:19:08+00:00,62384,75.0,45.5,15.0,0.0,,,,
2026-03-20T10:22:08+00:00,62385,75.0,47.5,14.8,0.0,,,,
2026-03-20T10:25:08+00:00,62386,75.0,46.5,14.4,0.0,,,,
2026-03-20T10:28:08+00:00,62388,75.0,48.0,14.5,0.0,,,,
2026-03-20T10:31:08+00:00,62389,75.0,47.5,14.5,0.0,,,,
2026-03-20T10:34:08+00:00,62390,75.0,47.0,14.7,0.0,,,,
2026-03-20T10:37:08+00:00,62391,75.0,48.0,14.5,0.0,,,,
2026-03-20T10:40:08+00:00,62393,75.0,46.5,14.6,0.0,,,,
2026-03-20T10:43:08+00:00,62394,75.0,46.5,14.7,0.0,,,,
2026-03-20T10:46:08+00:00,62395,75.0,45.5,14.9,0.0,,,,
2026-03-20T10:49:08+00:00,62397,75.0,45.0,15.0,0.0,,,,
2026-03-20T10:52:08+00:00,62398,75.0,45.5,15.2,0.0,,,,
2026-03-20T10:55:08+00:00,62399,75.0,44.0,15.3,0.0,,,,
2026-03-20T10:58:08+00:00,62401,75.0,46.0,15.2,0.0,,,,
2026-03-20T11:01:08+00:00,62402,75.0,45.5,15.3,0.0,,,,
2026-03-20T11:04:08+00:00,62403,75.0,44.0,15.4,0.0,,,,
2026-03-20T11:07:08+00:00,62404,75.0,45.5,15.2,0.0,,,,
2026-03-20T11:10:08+00:00,62406,75.0,45.0,14.9,0.0,,,,
2026-03-20T11:13:08+00:00,62407,75.0,45.5,15.1,0.0,,,,
2026-03-20T11:16:08+00:00,62408,75.0,45.0,15.3,0.0,,,,
2026-03-20T11:19:08+00:00,62410,75.0,45.0,15.4,0.0,,,,
2026-03-20T11:22:08+00:00,62411,75.0,45.5,15.7,0.0,,,,
2026-03-20T11:25:08+00:00,62412,75.0,44.0,15.6,0.0,,,,
2026-03-20T11:28:08+00:00,62414,75.0,45.0,15.6,0.0,,,,
2026-03-20T11:31:08+00:00,62415,75.0,45.5,15.4,0.0,,,,
2026-03-20T11:34:08+00:00,62416,75.0,45.0,15.3,0.0,,,,
2026-03-20T11:37:08+00:00,62417,75.0,46.0,15.4,0.0,,,,
2026-03-20T11:40:08+00:00,62419,75.0,44.0,15.9,0.0,,,,
2026-03-20T11:43:08+00:00,62420,75.0,43.0,16.1,0.0,,,,
2026-03-20T11:46:08+00:00,62421,75.0,44.5,16.1,0.0,,,,
2026-03-20T11:49:08+00:00,62423,75.0,43.0,16.0,0.0,,,,
2026-03-20T11:52:08+00:00,62424,75.0,44.0,16.0,0.0,,,,
2026-03-20T11:55:08+00:00,62425,75.0,42.5,16.2,0.0,,,,
2026-03-20T11:58:08+00:00,62427,75.0,42.5,16.1,0.0,,,,
2026-03-20T12:01:08+00:00,62428,75.0,43.0,15.9,0.0,,,,
2026-03-20T12:04:08+00:00,62429,75.0,43.5,15.9,0.0,,,,
2026-03-20T12:07:08+00:00,62430,75.0,42.5,16.1,0.0,,,,
2026-03-20T12:10:08+00:00,62432,75.0,44.0,16.2,0.0,,,,
2026-03-20T12:13:08+00:00,62433,75.0,42.5,16.3,0.0,,,,
2026-03-20T12:16:08+00:00,62434,75.0,43.0,16.7,0.0,,,,
2026-03-20T12:19:08+00:00,62436,75.0,41.0,16.7,0.0,,,,
2026-03-20T12:22:08+00:00,62437,75.0,41.0,16.9,0.0,,,,
2026-03-20T12:25:08+00:00,62438,75.0,41.0,17.1,0.0,,,,
2026-03-20T12:28:08+00:00,62440,75.0,40.0,17.1,0.0,,,,
2026-03-20T12:31:08+00:00,62441,75.0,41.5,17.0,0.0,,,,
2026-03-20T12:34:08+00:00,62442,75.0,39.5,17.2,0.0,,,,
2026-03-20T12:37:08+00:00,62443,75.0,41.0,17.1,0.0,,,,
2026-03-20T12:40:08+00:00,62445,75.0,40.5,17.5,0.0,,,,
2026-03-20T12:43:08+00:00,62446,75.0,40.0,17.5,0.0,,,,
2026-03-20T12:46:08+00:00,62447,75.0,39.5,17.4,0.0,,,,
2026-03-20T12:49:08+00:00,62449,75.0,40.0,17.3,0.0,,,,
2026-03-20T12:52:08+00:00,62450,75.0,41.0,17.4,0.0,,,,
2026-03-20T12:55:08+00:00,62451,75.0,39.0,17.6,0.0,,,,
2026-03-20T12:58:08+00:00,62453,75.0,38.0,17.5,0.0,,,,
2026-03-20T13:01:08+00:00,62454,75.0,40.0,17.5,0.0,,,,
2026-03-20T13:04:08+00:00,62455,75.0,40.5,17.7,0.0,,,,
2026-03-20T13:07:08+00:00,62456,75.0,40.0,18.0,0.0,,,,
2026-03-20T13:10:08+00:00,62458,75.0,39.0,18.0,0.0,,,,
2026-03-20T13:13:08+00:00,62459,75.0,39.0,17.7,0.0,,,,
2026-03-20T13:16:08+00:00,62460,75.0,39.0,17.8,0.0,,,,
2026-03-20T13:19:08+00:00,62462,75.0,38.0,17.8,0.0,,,,
2026-03-20T13:22:08+00:00,62463,75.0,39.5,17.8,0.0,,,,
2026-03-20T13:25:08+00:00,62464,75.0,39.0,17.7,0.0,,,,
2026-03-20T13:28:08+00:00,62466,75.0,39.0,17.4,0.0,,,,
2026-03-20T13:31:08+00:00,62467,75.0,39.0,17.5,0.0,,,,
2026-03-20T13:34:08+00:00,62468,75.0,41.0,17.4,0.0,,,,
2026-03-20T13:37:08+00:00,62469,75.0,39.5,17.7,0.0,,,,
2026-03-20T13:40:08+00:00,62471,75.0,39.0,17.8,0.0,,,,
2026-03-20T13:43:08+00:00,62472,75.0,40.0,18.0,0.0,,,,
2026-03-20T13:46:08+00:00,62473,75.0,38.5,18.4,0.0,,,,
2026-03-20T13:49:08+00:00,62475,75.0,35.5,18.5,0.0,,,,
2026-03-20T13:52:08+00:00,62476,75.0,35.5,18.2,0.0,,,,
2026-03-20T13:55:08+00:00,62477,75.0,38.5,18.3,0.0,,,,
2026-03-20T13:58:08+00:00,62479,75.0,37.0,18.4,0.0,,,,
2026-03-20T14:01:08+00:00,62480,75.0,38.5,17.9,0.0,,,,
2026-03-20T14:04:08+00:00,62481,75.0,39.5,17.9,0.0,,,,
2026-03-20T14:07:40+00:00,62483,75.0,39.5,18.2,0.0,,,,
2026-03-20T14:10:40+00:00,62484,75.0,37.5,18.5,0.0,,,,
2026-03-20T14:13:40+00:00,62485,75.0,39.0,18.3,0.0,,,,
2026-03-20T14:16:40+00:00,62486,75.0,38.5,18.3,0.0,,,,
2026-03-20T14:19:40+00:00,62487,75.0,38.5,18.2,0.0,,,,
2026-03-20T14:22:40+00:00,62488,75.0,39.5,18.0,0.0,,,,
2026-03-20T14:25:40+00:00,62489,75.0,40.5,17.9,0.0,,,,
2026-03-20T14:28:40+00:00,62490,75.0,39.5,17.9,0.0,,,,
2026-03-20T14:31:40+00:00,62492,75.0,40.0,17.8,0.0,,,,
2026-03-20T14:34:40+00:00,62493,75.0,40.0,17.9,0.0,,,,
2026-03-20T14:37:40+00:00,62494,75.0,39.5,17.9,0.0,,,,
2026-03-20T14:40:40+00:00,62496,75.0,39.5,18.0,0.0,,,,
2026-03-20T14:43:40+00:00,62497,75.0,39.5,17.7,0.0,,,,
2026-03-20T14:46:40+00:00,62498,75.0,40.0,17.6,0.0,,,,
2026-03-20T14:49:40+00:00,62499,75.0,40.5,17.7,0.0,,,,
2026-03-20T14:52:40+00:00,62501,75.0,39.0,17.9,0.0,,,,
2026-03-20T14:55:40+00:00,62502,75.0,39.0,17.8,0.0,,,,
2026-03-20T14:58:40+00:00,62503,75.0,36.5,17.7,0.0,,,,
2026-03-20T15:01:40+00:00,62505,75.0,38.5,17.8,0.0,,,,
2026-03-20T15:04:40+00:00,62506,75.0,37.5,17.7,0.0,,,,
2026-03-20T15:07:40+00:00,62507,75.0,39.0,17.7,0.0,,,,
2026-03-20T15:10:40+00:00,62509,75.0,36.5,17.5,0.0,,,,
2026-03-20T15:13:40+00:00,62510,75.0,37.5,17.5,0.0,,,,
2026-03-20T15:16:40+00:00,62511,75.0,38.5,17.2,0.0,,,,
2026-03-20T15:19:40+00:00,62512,75.0,38.5,17.2,0.0,,,,
2026-03-20T15:22:40+00:00,62514,75.0,38.5,17.4,0.0,,,,
2026-03-20T15:25:40+00:00,62515,75.0,37.0,17.2,0.0,,,,
2026-03-20T15:28:40+00:00,62516,75.0,38.0,17.1,0.0,,,,
2026-03-20T15:31:40+00:00,62518,75.0,38.0,17.2,0.0,,,,
2026-03-20T15:34:40+00:00,62519,75.0,38.0,17.1,0.0,,,,
2026-03-20T15:37:40+00:00,62520,75.0,38.5,17.0,0.0,,,,
2026-03-20T15:40:40+00:00,62522,75.0,38.5,16.9,0.0,,,,
2026-03-20T15:43:40+00:00,62523,75.0,38.0,16.9,0.0,,,,
2026-03-20T15:46:40+00:00,62524,75.0,39.5,16.8,0.0,,,,
2026-03-20T15:49:40+00:00,62525,75.0,39.0,16.9,0.0,,,,
2026-03-20T15:52:40+00:00,62527,75.0,39.0,17.0,0.0,,,,
2026-03-20T15:55:40+00:00,62528,75.0,37.0,17.2,0.0,,,,
2026-03-20T15:58:40+00:00,62529,75.0,37.5,17.4,0.0,,,,
2026-03-20T16:01:40+00:00,62531,75.0,37.0,17.5,0.0,,,,
2026-03-20T16:04:40+00:00,62532,75.0,36.5,17.6,0.0,,,,
2026-03-20T16:07:40+00:00,62533,75.0,37.5,17.5,0.0,,,,
2026-03-20T16:10:40+00:00,62535,75.0,37.5,17.4,0.0,,,,
2026-03-20T16:13:40+00:00,62536,75.0,38.0,17.6,0.0,,,,
2026-03-20T16:16:40+00:00,62537,75.0,37.0,17.3,0.0,,,,
2026-03-20T16:19:40+00:00,62538,75.0,37.0,17.2,0.0,,,,
2026-03-20T16:22:40+00:00,62540,75.0,37.0,17.1,0.0,,,,
2026-03-20T16:25:40+00:00,62541,75.0,37.5,17.0,0.0,,,,
2026-03-20T16:28:40+00:00,62542,75.0,37.5,16.8,0.0,,,,
2026-03-20T16:31:40+00:00,62544,75.0,38.0,16.3,0.0,,,,
2026-03-20T16:34:40+00:00,62545,75.0,38.5,16.1,0.0,,,,
2026-03-20T16:37:40+00:00,62546,75.0,39.0,16.1,0.0,,,,
2026-03-20T16:40:40+00:00,62548,75.0,39.5,16.2,0.0,,,,
2026-03-20T16:43:40+00:00,62549,75.0,39.0,16.0,0.0,,,,
2026-03-20T16:46:40+00:00,62550,75.0,38.5,15.8,0.0,,,,
2026-03-20T16:49:40+00:00,62551,75.0,39.0,15.4,0.0,,,,
2026-03-20T16:52:40+00:00,62553,75.0,39.5,15.0,0.0,,,,
2026-03-20T16:55:40+00:00,62554,75.0,40.5,14.8,0.0,,,,
2026-03-20T16:58:40+00:00,62555,75.0,41.0,14.7,0.0,,,,
2026-03-20T17:01:39+00:00,62557,75.0,41.5,14.4,0.0,,,,
2026-03-20T17:04:39+00:00,62558,75.0,42.0,14.1,0.0,,,,
2026-03-20T17:07:40+00:00,62559,75.0,42.5,14.1,0.0,,,,
2026-03-20T17:10:39+00:00,62561,75.0,42.5,13.9,0.0,,,,
2026-03-20T17:13:39+00:00,62562,75.0,42.5,13.9,0.0,,,,
2026-03-20T17:16:39+00:00,62563,75.0,43.0,13.7,0.0,,,,
2026-03-20T17:19:39+00:00,62564,75.0,43.5,13.5,0.0,,,,
2026-03-20T17:22:39+00:00,62566,75.0,43.5,13.3,0.0,,,,
2026-03-20T17:25:39+00:00,62567,75.0,43.5,13.0,0.0,,,,
2026-03-20T17:28:39+00:00,62568,75.0,44.5,12.8,0.0,,,,
2026-03-20T17:31:39+00:00,62570,75.0,45.5,12.5,0.0,,,,
2026-03-20T17:34:39+00:00,62571,75.0,46.0,12.2,0.0,,,,
2026-03-20T17:37:39+00:00,62572,75.0,46.5,11.8,0.0,,,,
2026-03-20T17:40:39+00:00,62574,75.0,48.5,11.5,0.0,,,,
2026-03-20T17:43:39+00:00,62575,75.0,48.5,11.3,0.0,,,,
2026-03-20T17:46:39+00:00,62576,75.0,49.0,11.0,0.0,,,,
2026-03-20T17:49:39+00:00,62577,75.0,50.0,10.9,0.0,,,,
2026-03-20T17:52:39+00:00,62579,75.0,50.5,10.7,0.0,,,,
2026-03-20T17:55:39+00:00,62580,75.0,51.5,10.6,0.0,,,,
2026-03-20T17:58:39+00:00,62581,75.0,51.5,10.4,0.0,,,,
2026-03-20T18:01:39+00:00,62583,75.0,52.5,10.3,0.0,,,,
2026-03-20T18:04:39+00:00,62584,75.0,53.5,10.1,0.0,,,,
2026-03-20T18:07:39+00:00,62585,75.0,54.5,10.0,0.0,,,,
2026-03-20T18:10:39+00:00,62587,75.0,54.5,10.0,0.0,,,,
2026-03-20T18:13:39+00:00,62588,75.0,55.5,9.9,0.0,,,,
2026-03-20T18:16:39+00:00,62589,75.0,55.0,10.0,0.0,,,,
2026-03-20T18:19:39+00:00,62590,75.0,54.5,10.0,0.0,,,,
2026-03-20T18:22:39+00:00,62592,75.0,53.5,10.0,0.0,,,,
2026-03-20T18:25:39+00:00,62593,75.0,53.0,10.0,0.0,,,,
2026-03-20T18:28:39+00:00,62594,75.0,52.5,10.0,0.0,,,,
2026-03-20T18:31:39+00:00,62596,75.0,52.5,10.0,0.0,,,,
2026-03-20T18:34:39+00:00,62597,75.0,52.0,10.0,0.0,,,,
2026-03-20T18:37:39+00:00,62598,75.0,52.0,10.1,0.0,,,,
2026-03-20T18:40:39+00:00,62600,75.0,51.5,10.0,0.0,,,,
2026-03-20T18:43:39+00:00,62601,75.0,51.5,10.1,0.0,,,,
2026-03-20T18:46:39+00:00,62602,75.0,51.5,10.0,0.0,,,,
2026-03-20T18:49:39+00:00,62603,75.0,51.5,9.9,0.0,,,,
2026-03-20T18:52:39+00:00,62605,75.0,51.0,9.8,0.0,,,,
2026-03-20T18:55:39+00:00,62606,75.0,51.0,9.9,0.0,,,,
2026-03-20T18:58:39+00:00,62607,75.0,50.5,9.9,0.0,,,,
2026-03-20T19:01:39+00:00,62609,75.0,50.0,9.8,0.0,,,,
2026-03-20T19:04:39+00:00,62610,75.0,50.0,9.8,0.0,,,,
2026-03-20T19:07:39+00:00,62611,75.0,50.0,9.8,0.0,,,,
2026-03-20T19:10:39+00:00,62613,75.0,50.0,9.7,0.0,,,,
2026-03-20T19:13:39+00:00,62614,75.0,49.5,9.8,0.0,,,,
2026-03-20T19:16:39+00:00,62615,75.0,49.5,9.8,0.0,,,,
2026-03-20T19:19:39+00:00,62616,75.0,50.0,9.8,0.0,,,,
2026-03-20T19:22:39+00:00,62618,75.0,49.5,9.7,0.0,,,,
2026-03-20T19:25:39+00:00,62619,75.0,49.5,9.7,0.0,,,,
2026-03-20T19:28:39+00:00,62620,75.0,49.5,9.8,0.0,,,,
2026-03-20T19:31:39+00:00,62622,75.0,49.5,9.8,0.0,,,,
2026-03-20T19:34:39+00:00,62623,75.0,49.0,9.8,0.0,,,,
2026-03-20T19:37:39+00:00,62624,75.0,49.0,9.7,0.0,,,,
2026-03-20T19:40:39+00:00,62626,75.0,49.0,9.7,0.0,,,,
2026-03-20T19:43:39+00:00,62627,75.0,49.0,9.6,0.0,,,,
2026-03-20T19:46:39+00:00,62628,75.0,49.0,9.7,0.0,,,,
2026-03-20T19:49:39+00:00,62629,75.0,49.0,9.8,0.0,,,,
2026-03-20T19:52:39+00:00,62631,75.0,49.0,9.6,0.0,,,,
2026-03-20T19:55:39+00:00,62632,75.0,50.0,9.5,0.0,,,,
2026-03-20T19:58:39+00:00,62633,75.0,50.0,9.4,0.0,,,,
2026-03-20T20:01:39+00:00,62635,75.0,50.5,9.4,0.0,,,,
2026-03-20T20:04:39+00:00,62636,75.0,50.5,9.4,0.0,,,,
2026-03-20T20:07:39+00:00,62637,75.0,51.0,9.4,0.0,,,,
2026-03-20T20:10:39+00:00,62639,75.0,51.0,9.1,0.0,,,,
2026-03-20T20:13:39+00:00,62640,75.0,51.5,8.9,0.0,,,,
2026-03-20T20:16:39+00:00,62641,75.0,52.5,8.9,0.0,,,,
2026-03-20T20:19:39+00:00,62642,75.0,52.5,8.8,0.0,,,,
2026-03-20T20:22:39+00:00,62644,75.0,53.5,8.6,0.0,,,,
2026-03-20T20:25:39+00:00,62645,75.0,54.5,8.4,0.0,,,,
2026-03-20T20:28:39+00:00,62646,75.0,55.5,8.3,0.0,,,,
2026-03-20T20:31:39+00:00,62648,75.0,56.0,8.1,0.0,,,,
2026-03-20T20:34:39+00:00,62649,75.0,56.5,8.1,0.0,,,,
2026-03-20T20:37:39+00:00,62650,75.0,56.5,8.0,0.0,,,,
2026-03-20T20:40:39+00:00,62652,75.0,56.5,7.9,0.0,,,,
2026-03-20T20:43:39+00:00,62653,75.0,56.5,7.9,0.0,,,,
2026-03-20T20:46:39+00:00,62654,75.0,57.0,7.7,0.0,,,,
2026-03-20T20:49:39+00:00,62655,75.0,57.5,7.6,0.0,,,,
2026-03-20T20:52:39+00:00,62657,75.0,57.5,7.6,0.0,,,,
2026-03-20T20:55:39+00:00,62658,75.0,57.5,7.7,0.0,,,,
2026-03-20T20:58:39+00:00,62659,75.0,58.0,7.5,0.0,,,,
2026-03-20T21:01:39+00:00,62661,75.0,58.0,7.4,0.0,,,,
2026-03-20T21:04:39+00:00,62662,75.0,57.5,7.4,0.0,,,,
2026-03-20T21:07:39+00:00,62663,75.0,57.5,7.3,0.0,,,,
2026-03-20T21:10:39+00:00,62665,75.0,57.5,7.1,0.0,,,,
2026-03-20T21:13:39+00:00,62666,75.0,58.0,7.2,0.0,,,,
2026-03-20T21:16:39+00:00,62667,75.0,57.0,7.1,0.0,,,,
2026-03-20T21:19:39+00:00,62668,75.0,57.5,7.1,0.0,,,,
2026-03-20T21:22:39+00:00,62670,75.0,57.0,7.0,0.0,,,,
2026-03-20T21:25:39+00:00,62671,75.0,56.5,7.0,0.0,,,,
2026-03-20T21:28:39+00:00,62672,75.0,56.5,7.1,0.0,,,,
2026-03-20T21:31:39+00:00,62674,75.0,56.0,7.1,0.0,,,,
2026-03-20T21:34:39+00:00,62675,75.0,56.0,7.2,0.0,,,,
2026-03-20T21:37:39+00:00,62676,75.0,55.5,7.1,0.0,,,,
2026-03-20T21:40:39+00:00,62678,75.0,55.5,7.1,0.0,,,,
2026-03-20T21:43:39+00:00,62679,75.0,55.5,7.0,0.0,,,,
2026-03-20T21:46:39+00:00,62680,75.0,55.5,6.9,0.0,,,,
2026-03-20T21:49:39+00:00,62681,75.0,56.0,6.8,0.0,,,,
2026-03-20T21:52:39+00:00,62683,75.0,56.0,6.9,0.0,,,,
2026-03-20T21:55:39+00:00,62684,75.0,56.5,6.7,0.0,,,,
2026-03-20T21:58:39+00:00,62685,75.0,57.0,6.5,0.0,,,,
2026-03-20T22:01:39+00:00,62687,75.0,57.0,6.6,0.0,,,,
2026-03-20T22:04:39+00:00,62688,75.0,57.0,6.5,0.0,,,,
2026-03-20T22:07:39+00:00,62689,75.0,58.0,6.4,0.0,,,,
2026-03-20T22:10:39+00:00,62691,75.0,58.0,6.3,0.0,,,,
2026-03-20T22:13:39+00:00,62692,75.0,58.5,6.1,0.0,,,,
2026-03-20T22:16:39+00:00,62693,75.0,59.0,6.2,0.0,,,,
2026-03-20T22:19:39+00:00,62694,75.0,59.0,6.1,0.0,,,,
2026-03-20T22:22:39+00:00,62696,75.0,58.5,6.1,0.0,,,,
2026-03-20T22:25:39+00:00,62697,75.0,59.0,6.0,0.0,,,,
2026-03-20T22:28:39+00:00,62698,75.0,59.0,5.9,0.0,,,,
2026-03-20T22:31:39+00:00,62700,75.0,59.0,5.7,0.0,,,,
2026-03-20T22:34:39+00:00,62701,75.0,59.0,5.7,0.0,,,,
2026-03-20T22:37:39+00:00,62702,75.0,58.5,6.0,0.0,,,,
2026-03-20T22:40:39+00:00,62704,75.0,58.0,5.9,0.0,,,,
2026-03-20T22:43:39+00:00,62705,75.0,58.0,6.1,0.0,,,,
2026-03-20T22:46:39+00:00,62706,75.0,57.5,6.0,0.0,,,,
2026-03-20T22:49:39+00:00,62707,75.0,57.5,6.1,0.0,,,,
2026-03-20T22:52:39+00:00,62709,75.0,57.0,6.3,0.0,,,,
2026-03-20T22:55:39+00:00,62710,75.0,57.0,6.4,0.0,,,,
2026-03-20T22:58:39+00:00,62711,75.0,56.5,6.4,0.0,,,,
2026-03-20T23:01:39+00:00,62713,75.0,56.0,6.3,0.0,,,,
2026-03-20T23:04:39+00:00,62714,75.0,56.5,6.3,0.0,,,,
2026-03-20T23:07:39+00:00,62715,75.0,56.5,6.5,0.0,,,,
2026-03-20T23:10:39+00:00,62717,75.0,56.5,6.4,0.0,,,,
2026-03-20T23:13:39+00:00,62718,75.0,57.0,6.2,0.0,,,,
2026-03-20T23:16:39+00:00,62719,75.0,58.0,6.1,0.0,,,,
2026-03-20T23:19:39+00:00,62720,75.0,58.5,5.9,0.0,,,,
2026-03-20T23:22:39+00:00,62722,75.0,59.5,5.7,0.0,,,,
2026-03-20T23:25:39+00:00,62723,75.0,59.5,5.6,0.0,,,,
2026-03-20T23:28:39+00:00,62724,75.0,60.0,5.6,0.0,,,,
2026-03-20T23:31:39+00:00,62726,75.0,60.5,5.6,0.0,,,,
2026-03-20T23:34:39+00:00,62727,75.0,60.5,5.6,0.0,,,,
2026-03-20T23:37:39+00:00,62728,75.0,60.0,5.6,0.0,,,,
2026-03-20T23:40:39+00:00,62730,75.0,60.0,5.6,0.0,,,,
2026-03-20T23:43:39+00:00,62731,75.0,59.5,5.7,0.0,,,,
2026-03-20T23:46:39+00:00,62732,75.0,59.5,5.9,0.0,,,,
2026-03-20T23:49:39+00:00,62733,75.0,59.5,5.9,0.0,,,,
2026-03-20T23:52:39+00:00,62735,75.0,59.5,6.0,0.0,,,,
2026-03-20T23:55:39+00:00,62736,75.0,59.0,6.1,0.0,,,,
2026-03-20T23:58:39+00:00,62737,75.0,59.0,6.2,0.0,,,,
2026-03-21T00:01:39+00:00,62739,75.0,59.0,6.2,0.0,,,,
2026-03-21T00:04:39+00:00,62740,75.0,59.5,6.2,0.0,,,,
2026-03-21T00:07:39+00:00,62741,75.0,59.5,6.2,0.0,,,,
2026-03-21T00:10:39+00:00,62743,75.0,60.0,6.1,0.0,,,,
2026-03-21T00:13:39+00:00,62744,75.0,60.0,6.2,0.0,,,,
2026-03-21T00:16:39+00:00,62745,75.0,60.0,6.3,0.0,,,,
2026-03-21T00:19:39+00:00,62746,75.0,60.0,6.1,0.0,,,,
2026-03-21T00:22:39+00:00,62748,75.0,60.5,6.1,0.0,,,,
2026-03-21T00:25:39+00:00,62749,75.0,60.5,6.1,0.0,,,,
2026-03-21T00:28:39+00:00,62750,75.0,61.0,6.1,0.0,,,,
2026-03-21T00:31:39+00:00,62752,75.0,61.0,6.2,0.0,,,,
2026-03-21T00:34:39+00:00,62753,75.0,61.0,6.1,0.0,,,,
2026-03-21T00:37:39+00:00,62754,75.0,61.0,6.1,0.0,,,,
2026-03-21T00:40:39+00:00,62756,75.0,61.0,5.8,0.0,,,,
2026-03-21T00:43:39+00:00,62757,75.0,61.0,5.8,0.0,,,,
2026-03-21T00:46:39+00:00,62758,75.0,61.5,5.9,0.0,,,,
2026-03-21T00:49:38+00:00,62759,75.0,62.0,5.6,0.0,,,,
2026-03-21T00:52:38+00:00,62761,75.0,62.5,5.6,0.0,,,,
2026-03-21T00:55:39+00:00,62762,75.0,62.5,5.5,0.0,,,,
2026-03-21T00:58:38+00:00,62763,75.0,62.5,5.6,0.0,,,,
2026-03-21T01:01:38+00:00,62765,75.0,63.0,5.6,0.0,,,,
2026-03-21T01:04:38+00:00,62766,75.0,63.0,5.5,0.0,,,,
2026-03-21T01:07:38+00:00,62767,75.0,63.5,5.5,0.0,,,,
2026-03-21T01:10:38+00:00,62769,75.0,63.5,5.3,0.0,,,,
2026-03-21T01:13:38+00:00,62770,75.0,64.0,5.3,0.0,,,,
2026-03-21T01:16:38+00:00,62771,75.0,64.5,5.2,0.0,,,,
2026-03-21T01:19:38+00:00,62772,75.0,65.0,5.2,0.0,,,,
2026-03-21T01:22:39+00:00,62774,75.0,65.0,5.2,0.0,,,,
2026-03-21T01:25:38+00:00,62775,75.0,65.5,5.3,0.0,,,,
2026-03-21T01:28:38+00:00,62776,75.0,65.5,5.2,0.0,,,,
2026-03-21T01:31:38+00:00,62778,75.0,66.0,5.1,0.0,,,,
2026-03-21T01:34:38+00:00,62779,75.0,66.0,5.0,0.0,,,,
2026-03-21T01:37:38+00:00,62780,75.0,66.5,4.9,0.0,,,,
2026-03-21T01:40:38+00:00,62782,75.0,67.0,4.9,0.0,,,,
2026-03-21T01:43:38+00:00,62783,75.0,67.0,5.0,0.0,,,,
2026-03-21T01:46:38+00:00,62784,75.0,67.0,4.8,0.0,,,,
2026-03-21T01:49:38+00:00,62785,75.0,67.5,4.9,0.0,,,,
2026-03-21T01:52:38+00:00,62787,75.0,67.5,4.9,0.0,,,,
2026-03-21T01:55:38+00:00,62788,75.0,67.5,4.8,0.0,,,,
2026-03-21T01:58:38+00:00,62789,75.0,67.5,5.0,0.0,,,,
2026-03-21T02:01:38+00:00,62791,75.0,67.5,4.9,0.0,,,,
2026-03-21T02:04:38+00:00,62792,75.0,68.0,4.9,0.0,,,,
2026-03-21T02:07:38+00:00,62793,75.0,68.0,4.9,0.0,,,,
2026-03-21T02:10:38+00:00,62795,75.0,68.0,4.9,0.0,,,,
2026-03-21T02:13:38+00:00,62796,75.0,68.5,4.8,0.0,,,,
2026-03-21T02:16:38+00:00,62797,75.0,68.5,4.9,0.0,,,,
2026-03-21T02:19:38+00:00,62798,75.0,69.0,4.8,0.0,,,,
2026-03-21T02:22:38+00:00,62800,75.0,69.0,4.8,0.0,,,,
2026-03-21T02:25:38+00:00,62801,75.0,69.0,4.8,0.0,,,,
2026-03-21T02:28:38+00:00,62802,75.0,69.5,4.8,0.0,,,,
2026-03-21T02:31:38+00:00,62804,75.0,69.5,4.7,0.0,,,,
2026-03-21T02:34:38+00:00,62805,75.0,70.0,4.5,0.0,,,,
2026-03-21T02:37:38+00:00,62806,75.0,70.5,4.5,0.0,,,,
2026-03-21T02:40:38+00:00,62808,75.0,70.5,4.5,0.0,,,,
2026-03-21T02:43:38+00:00,62809,75.0,71.0,4.7,0.0,,,,
2026-03-21T02:46:38+00:00,62810,75.0,71.0,4.6,0.0,,,,
2026-03-21T02:49:38+00:00,62811,75.0,70.5,4.6,0.0,,,,
2026-03-21T02:52:38+00:00,62813,75.0,70.5,4.6,0.0,,,,
2026-03-21T02:55:38+00:00,62814,75.0,70.5,4.5,0.0,,,,
2026-03-21T02:58:38+00:00,62815,75.0,70.5,4.6,0.0,,,,
2026-03-21T03:01:38+00:00,62817,75.0,70.5,4.5,0.0,,,,
2026-03-21T03:04:38+00:00,62818,75.0,70.5,4.5,0.0,,,,
2026-03-21T03:07:38+00:00,62819,75.0,70.5,4.4,0.0,,,,
2026-03-21T03:10:38+00:00,62821,75.0,71.0,4.4,0.0,,,,
2026-03-21T03:13:38+00:00,62822,75.0,71.5,4.4,0.0,,,,
2026-03-21T03:16:38+00:00,62823,75.0,71.5,4.2,0.0,,,,
2026-03-21T03:19:38+00:00,62824,75.0,72.0,4.2,0.0,,,,
2026-03-21T03:22:38+00:00,62826,75.0,72.0,4.2,0.0,,,,
2026-03-21T03:25:38+00:00,62827,75.0,71.5,4.2,0.0,,,,
2026-03-21T03:28:38+00:00,62828,75.0,72.0,4.1,0.0,,,,
2026-03-21T03:31:38+00:00,62830,75.0,72.5,4.1,0.0,,,,
2026-03-21T03:34:38+00:00,62831,75.0,72.5,4.0,0.0,,,,
2026-03-21T03:37:38+00:00,62832,75.0,72.0,4.1,0.0,,,,
2026-03-21T03:40:38+00:00,62834,75.0,72.0,4.2,0.0,,,,
2026-03-21T03:43:38+00:00,62835,75.0,72.0,4.1,0.0,,,,
2026-03-21T03:46:38+00:00,62836,75.0,72.0,4.2,0.0,,,,
2026-03-21T03:49:38+00:00,62837,75.0,72.0,4.2,0.0,,,,
2026-03-21T03:52:38+00:00,62839,75.0,71.5,4.2,0.0,,,,
2026-03-21T03:55:38+00:00,62840,75.0,71.5,4.4,0.0,,,,
2026-03-21T03:58:38+00:00,62841,75.0,71.5,4.4,0.0,,,,
2026-03-21T04:01:38+00:00,62843,75.0,71.5,4.3,0.0,,,,
2026-03-21T04:04:38+00:00,62844,75.0,71.5,4.3,0.0,,,,
2026-03-21T04:07:38+00:00,62845,75.0,72.0,4.4,0.0,,,,
2026-03-21T04:10:38+00:00,62847,75.0,72.0,4.1,0.0,,,,
2026-03-21T04:13:38+00:00,62848,75.0,72.5,4.2,0.0,,,,
2026-03-21T04:16:38+00:00,62849,75.0,72.5,4.1,0.0,,,,
2026-03-21T04:19:38+00:00,62850,75.0,72.5,4.2,0.0,,,,
2026-03-21T04:22:38+00:00,62852,75.0,72.5,4.2,0.0,,,,
2026-03-21T04:25:38+00:00,62853,75.0,72.5,4.2,0.0,,,,
2026-03-21T04:28:38+00:00,62854,75.0,73.0,4.2,0.0,,,,
2026-03-21T04:31:38+00:00,62856,75.0,73.0,4.2,0.0,,,,
2026-03-21T04:34:38+00:00,62857,75.0,73.0,4.1,0.0,,,,
2026-03-21T04:37:38+00:00,62858,75.0,73.5,4.1,0.0,,,,
2026-03-21T04:40:38+00:00,62860,75.0,74.0,4.1,0.0,,,,
2026-03-21T04:43:38+00:00,62861,75.0,73.5,4.2,0.0,,,,
2026-03-21T04:46:38+00:00,62862,75.0,73.5,4.2,0.0,,,,
2026-03-21T04:49:38+00:00,62863,75.0,73.5,4.1,0.0,,,,
2026-03-21T04:55:38+00:00,62864,75.0,74.0,4.0,0.0,,,,
2026-03-21T04:58:38+00:00,62865,75.0,74.0,3.8,0.0,,,,
2026-03-21T05:01:38+00:00,62867,75.0,75.0,3.9,0.0,,,,
2026-03-21T05:04:38+00:00,62868,75.0,75.5,3.8,0.0,,,,
2026-03-21T05:07:38+00:00,62869,75.0,75.5,3.9,0.0,,,,
2026-03-21T05:10:38+00:00,62871,75.0,75.5,3.9,0.0,,,,
2026-03-21T05:13:38+00:00,62872,75.0,75.5,3.9,0.0,,,,
2026-03-21T05:16:38+00:00,62873,75.0,75.5,3.9,0.0,,,,
2026-03-21T05:19:38+00:00,62874,75.0,75.5,4.1,0.0,,,,
2026-03-21T05:22:38+00:00,62876,75.0,75.5,4.0,0.0,,,,
2026-03-21T05:25:38+00:00,62877,75.0,75.5,4.1,0.0,,,,
2026-03-21T05:28:38+00:00,62878,75.0,75.5,3.9,0.0,,,,
2026-03-21T05:31:38+00:00,62880,75.0,76.0,3.8,0.0,,,,
2026-03-21T05:34:38+00:00,62881,75.0,75.5,3.9,0.0,,,,
2026-03-21T05:37:38+00:00,62882,75.0,75.5,3.9,0.0,,,,
2026-03-21T05:40:38+00:00,62884,75.0,75.5,3.9,0.0,,,,
2026-03-21T05:43:38+00:00,62885,75.0,75.5,3.9,0.0,,,,
2026-03-21T05:46:38+00:00,62886,75.0,75.5,3.9,0.0,,,,
2026-03-21T05:49:38+00:00,62887,75.0,75.5,4.0,0.0,,,,
2026-03-21T05:52:38+00:00,62889,75.0,75.5,4.0,0.0,,,,
2026-03-21T05:55:38+00:00,62890,75.0,75.0,4.1,0.0,,,,
2026-03-21T05:58:38+00:00,62891,75.0,75.0,3.9,0.0,,,,
2026-03-21T06:01:38+00:00,62893,75.0,75.5,3.8,0.0,,,,
2026-03-21T06:04:38+00:00,62894,75.0,75.5,3.9,0.0,,,,
2026-03-21T06:07:38+00:00,62895,75.0,76.0,3.9,0.0,,,,
2026-03-21T06:10:38+00:00,62897,75.0,76.0,3.8,0.0,,,,
2026-03-21T06:13:38+00:00,62898,75.0,76.5,3.7,0.0,,,,
2026-03-21T06:16:38+00:00,62899,75.0,76.5,3.7,0.0,,,,
2026-03-21T06:19:38+00:00,62900,75.0,76.5,3.8,0.0,,,,
2026-03-21T06:22:38+00:00,62902,75.0,76.5,3.8,0.0,,,,
2026-03-21T06:25:38+00:00,62903,75.0,77.0,3.9,0.0,,,,
2026-03-21T06:28:38+00:00,62904,75.0,76.5,4.0,0.0,,,,
2026-03-21T06:31:38+00:00,62906,75.0,76.0,4.0,0.0,,,,
2026-03-21T06:34:38+00:00,62907,75.0,76.0,4.0,0.0,,,,
2026-03-21T06:37:38+00:00,62908,75.0,76.0,4.0,0.0,,,,
2026-03-21T06:40:38+00:00,62910,75.0,76.0,4.1,0.0,,,,
2026-03-21T06:43:38+00:00,62911,75.0,76.0,4.2,0.0,,,,
2026-03-21T06:46:38+00:00,62912,75.0,75.5,4.1,0.0,,,,
2026-03-21T06:49:38+00:00,62913,75.0,75.5,4.2,0.0,,,,
2026-03-21T06:52:38+00:00,62915,75.0,76.0,4.2,0.0,,,,
2026-03-21T06:55:38+00:00,62916,75.0,75.5,4.3,0.0,,,,
2026-03-21T06:58:38+00:00,62917,75.0,75.0,4.4,0.0,,,,
2026-03-21T07:01:38+00:00,62919,75.0,73.5,5.0,0.0,,,,
2026-03-21T07:04:38+00:00,62920,75.0,72.0,5.5,0.0,,,,
2026-03-21T07:07:38+00:00,62921,75.0,70.0,6.0,0.0,,,,
2026-03-21T07:10:38+00:00,62923,75.0,69.0,6.2,0.0,,,,
2026-03-21T07:13:38+00:00,62924,75.0,69.0,6.1,0.0,,,,
2026-03-21T07:16:38+00:00,62925,75.0,69.5,6.0,0.0,,,,
2026-03-21T07:19:38+00:00,62926,75.0,69.5,5.9,0.0,,,,
2026-03-21T07:22:38+00:00,62928,75.0,70.0,6.0,0.0,,,,
2026-03-21T07:25:38+00:00,62929,75.0,70.5,6.0,0.0,,,,
2026-03-21T07:28:38+00:00,62930,75.0,70.0,6.0,0.0,,,,
2026-03-21T07:31:38+00:00,62932,75.0,70.0,6.1,0.0,,,,
2026-03-21T07:34:38+00:00,62933,75.0,70.0,6.0,0.0,,,,
2026-03-21T07:37:38+00:00,62934,75.0,70.5,5.9,0.0,,,,
2026-03-21T07:40:38+00:00,62936,75.0,71.0,6.0,0.0,,,,
2026-03-21T07:43:38+00:00,62937,75.0,71.5,6.1,0.0,,,,
2026-03-21T07:46:38+00:00,62938,75.0,73.0,6.1,0.0,,,,
2026-03-21T07:49:38+00:00,62939,75.0,73.0,6.1,0.0,,,,
2026-03-21T07:52:38+00:00,62941,75.0,72.5,6.3,0.0,,,,
2026-03-21T07:55:38+00:00,62942,75.0,72.5,6.4,0.0,,,,
2026-03-21T07:58:38+00:00,62943,75.0,72.0,6.3,0.0,,,,
2026-03-21T08:01:38+00:00,62945,75.0,72.0,6.5,0.0,,,,
2026-03-21T08:04:38+00:00,62946,75.0,70.0,6.4,0.0,,,,
2026-03-21T08:07:38+00:00,62947,75.0,71.5,6.5,0.0,,,,
2026-03-21T08:10:38+00:00,62949,75.0,71.0,6.6,0.0,,,,
2026-03-21T08:13:38+00:00,62950,75.0,71.5,6.7,0.0,,,,
2026-03-21T08:16:38+00:00,62951,75.0,70.5,6.8,0.0,,,,
2026-03-21T08:19:38+00:00,62952,75.0,70.5,6.9,0.0,,,,
2026-03-21T08:22:38+00:00,62954,75.0,71.0,7.2,0.0,,,,
2026-03-21T08:25:38+00:00,62955,75.0,70.5,7.3,0.0,,,,
2026-03-21T08:28:38+00:00,62956,75.0,70.0,7.5,0.0,,,,
2026-03-21T08:31:38+00:00,62958,75.0,69.0,7.8,0.0,,,,
2026-03-21T08:34:38+00:00,62959,75.0,67.5,8.0,0.0,,,,
2026-03-21T08:37:38+00:00,62960,75.0,66.5,8.5,0.0,,,,
2026-03-21T08:40:38+00:00,62962,75.0,64.5,9.0,0.0,,,,
2026-03-21T08:43:38+00:00,62963,75.0,62.5,9.7,0.0,,,,
2026-03-21T08:46:38+00:00,62964,75.0,61.0,10.0,0.0,,,,
2026-03-21T08:49:38+00:00,62965,75.0,59.0,10.4,0.0,,,,
2026-03-21T08:52:38+00:00,62967,75.0,58.5,10.8,0.0,,,,
2026-03-21T08:55:38+00:00,62968,75.0,56.5,11.2,0.0,,,,
2026-03-21T08:58:38+00:00,62969,75.0,57.0,11.6,0.0,,,,
2026-03-21T09:01:38+00:00,62971,75.0,56.0,12.0,0.0,,,,
2026-03-21T09:04:38+00:00,62972,75.0,54.0,12.3,0.0,,,,
2026-03-21T09:07:38+00:00,62973,75.0,51.5,12.8,0.0,,,,
2026-03-21T09:10:38+00:00,62975,75.0,52.0,13.0,0.0,,,,
2026-03-21T09:13:38+00:00,62976,75.0,50.5,13.0,0.0,,,,
2026-03-21T09:16:38+00:00,62977,75.0,51.0,13.2,0.0,,,,
2026-03-21T09:19:38+00:00,62978,75.0,50.5,13.1,0.0,,,,
2026-03-21T09:22:38+00:00,62980,75.0,51.0,13.2,0.0,,,,
2026-03-21T09:25:38+00:00,62981,75.0,50.0,13.5,0.0,,,,
2026-03-21T09:28:38+00:00,62982,75.0,48.0,13.5,0.0,,,,
2026-03-21T09:31:38+00:00,62984,75.0,48.5,13.9,0.0,,,,
2026-03-21T09:34:38+00:00,62985,75.0,50.0,14.2,0.0,,,,
2026-03-21T09:37:38+00:00,62986,75.0,46.5,14.4,0.0,,,,
2026-03-21T09:40:38+00:00,62988,75.0,44.5,14.4,0.0,,,,
2026-03-21T09:43:38+00:00,62989,75.0,46.5,14.1,0.0,,,,
2026-03-21T09:47:30+00:00,62991,75.0,44.5,14.7,0.0,,,,
2026-03-21T09:48:26+00:00,62992,75.0,45.0,14.6,0.0,,,,
2026-03-21T09:51:26+00:00,62993,75.0,44.5,14.6,0.0,,,,
2026-03-21T09:54:26+00:00,62994,75.0,45.0,14.4,0.0,,,,
2026-03-21T09:57:26+00:00,62996,75.0,44.0,14.4,0.0,,,,
2026-03-21T10:00:26+00:00,62997,75.0,44.5,14.6,0.0,,,,
2026-03-21T10:03:26+00:00,62998,75.0,44.5,14.8,0.0,,,,
2026-03-21T10:06:26+00:00,62999,75.0,44.5,15.2,0.0,,,,
2026-03-21T10:09:26+00:00,63001,75.0,43.5,15.5,0.0,,,,
2026-03-21T10:12:26+00:00,63002,75.0,43.0,15.7,0.0,,,,
2026-03-21T10:15:26+00:00,63003,75.0,42.0,15.7,0.0,,,,
2026-03-21T10:18:26+00:00,63005,75.0,43.0,15.4,0.0,,,,
2026-03-21T10:21:26+00:00,63006,75.0,43.0,15.3,0.0,,,,
2026-03-21T10:24:26+00:00,63007,75.0,42.5,15.2,0.0,,,,
2026-03-21T10:27:26+00:00,63009,75.0,43.5,15.1,0.0,,,,
2026-03-21T10:30:26+00:00,63010,75.0,45.0,15.3,0.0,,,,
2026-03-21T10:33:26+00:00,63011,75.0,43.0,15.1,0.0,,,,
2026-03-21T10:36:26+00:00,63012,75.0,44.0,15.2,0.0,,,,
2026-03-21T10:39:26+00:00,63014,75.0,43.5,15.2,0.0,,,,
2026-03-21T10:42:26+00:00,63015,75.0,43.5,15.3,0.0,,,,
2026-03-21T10:45:26+00:00,63016,75.0,42.5,15.5,0.0,,,,
2026-03-21T10:48:26+00:00,63018,75.0,43.5,15.5,0.0,,,,
2026-03-21T10:51:26+00:00,63019,75.0,44.0,15.6,0.0,,,,
2026-03-21T10:54:26+00:00,63020,75.0,42.5,15.7,0.0,,,,
2026-03-21T10:57:26+00:00,63022,75.0,42.5,16.1,0.0,,,,
2026-03-21T11:00:26+00:00,63023,75.0,42.0,16.2,0.0,,,,
2026-03-21T11:03:26+00:00,63024,75.0,41.5,16.1,0.0,,,,
2026-03-21T11:06:26+00:00,63025,75.0,43.0,16.3,0.0,,,,
2026-03-21T11:09:26+00:00,63027,75.0,41.5,15.9,0.0,,,,
2026-03-21T11:12:26+00:00,63028,75.0,43.5,15.6,0.0,,,,
2026-03-21T11:15:26+00:00,63029,75.0,43.5,15.7,0.0,,,,
2026-03-21T11:18:26+00:00,63031,75.0,44.0,15.7,0.0,,,,
2026-03-21T11:21:26+00:00,63032,75.0,44.0,15.6,0.0,,,,
2026-03-21T11:24:26+00:00,63033,75.0,43.0,15.6,0.0,,,,
2026-03-21T11:27:26+00:00,63035,75.0,44.5,15.3,0.0,,,,
2026-03-21T11:30:25+00:00,63036,75.0,45.0,15.6,0.0,,,,
2026-03-21T11:33:25+00:00,63037,75.0,43.5,16.0,0.0,,,,
2026-03-21T11:36:25+00:00,63038,75.0,42.5,16.2,0.0,,,,
2026-03-21T11:39:25+00:00,63040,75.0,43.0,16.7,0.0,,,,
2026-03-21T11:42:25+00:00,63041,75.0,40.5,16.6,0.0,,,,
2026-03-21T11:45:25+00:00,63042,75.0,42.0,16.7,0.0,,,,
2026-03-21T11:48:25+00:00,63044,75.0,41.0,17.1,0.0,,,,
2026-03-21T11:51:25+00:00,63045,75.0,40.5,17.4,0.0,,,,
2026-03-21T11:54:25+00:00,63046,75.0,39.0,17.7,0.0,,,,
2026-03-21T11:57:25+00:00,63048,75.0,39.5,17.3,0.0,,,,
2026-03-21T12:00:25+00:00,63049,75.0,40.5,16.9,0.0,,,,
2026-03-21T12:03:25+00:00,63050,75.0,42.5,16.3,0.0,,,,
2026-03-21T12:06:25+00:00,63051,75.0,41.5,16.0,0.0,,,,
2026-03-21T12:09:25+00:00,63053,75.0,43.5,15.7,0.0,,,,
2026-03-21T12:12:25+00:00,63054,75.0,43.0,15.9,0.0,,,,
2026-03-21T12:15:25+00:00,63055,75.0,42.5,15.6,0.0,,,,
2026-03-21T12:18:25+00:00,63057,75.0,43.0,15.6,0.0,,,,
2026-03-21T12:21:25+00:00,63058,75.0,43.0,15.4,0.0,,,,
2026-03-21T12:24:25+00:00,63059,75.0,43.5,15.6,0.0,,,,
2026-03-21T12:27:25+00:00,63061,75.0,45.0,15.5,0.0,,,,
2026-03-21T12:30:25+00:00,63062,75.0,44.0,15.5,0.0,,,,
2026-03-21T12:33:25+00:00,63063,75.0,42.5,16.1,0.0,,,,
2026-03-21T12:36:25+00:00,63064,75.0,41.0,16.2,0.0,,,,
2026-03-21T12:39:25+00:00,63066,75.0,41.5,15.9,0.0,,,,
2026-03-21T12:42:25+00:00,63067,75.0,41.0,16.1,0.0,,,,
2026-03-21T12:45:25+00:00,63068,75.0,41.5,16.3,0.0,,,,
2026-03-21T12:48:25+00:00,63070,75.0,39.5,16.6,0.0,,,,
2026-03-21T12:51:25+00:00,63071,75.0,40.5,16.8,0.0,,,,
2026-03-21T12:54:25+00:00,63072,75.0,40.0,17.0,0.0,,,,
2026-03-21T12:57:25+00:00,63074,75.0,38.5,16.4,0.0,,,,
2026-03-21T13:00:25+00:00,63075,75.0,39.0,16.4,0.0,,,,
2026-03-21T13:03:25+00:00,63076,75.0,39.0,16.3,0.0,,,,
2026-03-21T13:06:25+00:00,63077,75.0,39.0,16.1,0.0,,,,
2026-03-21T13:09:25+00:00,63079,75.0,39.5,16.1,0.0,,,,
2026-03-21T13:12:25+00:00,63080,75.0,40.0,15.9,0.0,,,,
2026-03-21T13:15:25+00:00,63081,75.0,40.5,15.7,0.0,,,,
2026-03-21T13:18:25+00:00,63083,75.0,42.0,15.4,0.0,,,,
2026-03-21T13:21:25+00:00,63084,75.0,42.0,15.2,0.0,,,,
2026-03-21T13:24:25+00:00,63085,75.0,42.5,15.1,0.0,,,,
2026-03-21T13:27:25+00:00,63087,75.0,43.0,15.1,0.0,,,,
2026-03-21T13:30:25+00:00,63088,75.0,42.0,15.3,0.0,,,,
2026-03-21T13:33:25+00:00,63089,75.0,41.0,15.3,0.0,,,,
2026-03-21T13:36:25+00:00,63090,75.0,42.5,15.2,0.0,,,,
2026-03-21T13:39:25+00:00,63092,75.0,42.0,15.1,0.0,,,,
2026-03-21T13:42:25+00:00,63093,75.0,42.5,14.9,0.0,,,,
2026-03-21T13:45:25+00:00,63094,75.0,42.5,15.2,0.0,,,,
2026-03-21T13:48:25+00:00,63096,75.0,41.0,15.6,0.0,,,,
2026-03-21T13:51:25+00:00,63097,75.0,41.0,15.7,0.0,,,,
2026-03-21T13:54:25+00:00,63098,75.0,42.0,15.6,0.0,,,,
2026-03-21T13:57:25+00:00,63100,75.0,42.0,15.6,0.0,,,,
2026-03-21T14:00:25+00:00,63101,75.0,41.5,15.6,0.0,,,,
2026-03-21T14:03:25+00:00,63102,75.0,41.5,15.4,0.0,,,,
2026-03-21T14:06:25+00:00,63103,75.0,41.5,15.6,0.0,,,,
2026-03-21T14:09:25+00:00,63105,75.0,40.5,15.9,0.0,,,,
2026-03-21T14:12:25+00:00,63106,75.0,42.0,16.0,0.0,,,,
2026-03-21T14:15:25+00:00,63107,75.0,40.0,16.6,0.0,,,,
2026-03-21T14:18:25+00:00,63109,75.0,39.5,16.9,0.0,,,,
2026-03-21T14:21:25+00:00,63110,75.0,38.5,17.2,0.0,,,,
2026-03-21T14:24:25+00:00,63111,75.0,38.0,17.1,0.0,,,,
2026-03-21T14:27:25+00:00,63113,75.0,38.5,17.0,0.0,,,,
2026-03-21T14:30:25+00:00,63114,75.0,39.0,16.6,0.0,,,,
2026-03-21T14:33:25+00:00,63115,75.0,40.0,16.3,0.0,,,,
2026-03-21T14:36:25+00:00,63116,75.0,40.0,15.7,0.0,,,,
2026-03-21T14:39:25+00:00,63118,75.0,41.5,15.3,0.0,,,,
2026-03-21T14:42:25+00:00,63119,75.0,40.5,15.2,0.0,,,,
2026-03-21T14:45:25+00:00,63120,75.0,42.0,15.0,0.0,,,,
2026-03-21T14:48:25+00:00,63122,75.0,42.0,15.2,0.0,,,,
2026-03-21T14:51:25+00:00,63123,75.0,42.0,15.3,0.0,,,,
2026-03-21T14:54:25+00:00,63124,75.0,40.5,15.8,0.0,,,,
2026-03-21T14:57:25+00:00,63126,75.0,40.0,15.4,0.0,,,,
2026-03-21T15:00:25+00:00,63127,75.0,41.5,15.6,0.0,,,,
2026-03-21T15:03:25+00:00,63128,75.0,39.5,16.1,0.0,,,,
2026-03-21T15:06:25+00:00,63129,75.0,39.0,16.1,0.0,,,,
2026-03-21T15:09:25+00:00,63131,75.0,39.5,16.2,0.0,,,,
2026-03-21T15:12:25+00:00,63132,75.0,39.0,16.2,0.0,,,,
2026-03-21T15:15:25+00:00,63133,75.0,39.0,16.3,0.0,,,,
2026-03-21T15:18:25+00:00,63135,75.0,39.0,16.1,0.0,,,,
2026-03-21T15:21:25+00:00,63136,75.0,39.0,16.2,0.0,,,,
2026-03-21T15:24:25+00:00,63137,75.0,38.5,16.2,0.0,,,,
2026-03-21T15:27:25+00:00,63139,75.0,38.5,16.5,0.0,,,,
2026-03-21T15:30:25+00:00,63140,75.0,37.5,16.8,0.0,,,,
2026-03-21T15:33:25+00:00,63141,75.0,38.0,16.6,0.0,,,,
2026-03-21T15:36:25+00:00,63142,75.0,37.5,16.7,0.0,,,,
2026-03-21T15:39:25+00:00,63144,75.0,38.0,16.8,0.0,,,,
2026-03-21T15:42:25+00:00,63145,75.0,38.0,16.8,0.0,,,,
2026-03-21T15:45:25+00:00,63146,75.0,37.5,17.1,0.0,,,,
2026-03-21T15:48:25+00:00,63148,75.0,36.0,17.2,0.0,,,,
2026-03-21T15:51:25+00:00,63149,75.0,37.0,16.7,0.0,,,,
2026-03-21T15:54:25+00:00,63150,75.0,37.5,16.4,0.0,,,,
2026-03-21T15:57:25+00:00,63152,75.0,38.0,16.2,0.0,,,,
2026-03-21T16:00:25+00:00,63153,75.0,39.0,15.9,0.0,,,,
2026-03-21T16:03:25+00:00,63154,75.0,38.5,15.5,0.0,,,,
2026-03-21T16:06:25+00:00,63155,75.0,40.5,15.0,0.0,,,,
2026-03-21T16:09:25+00:00,63157,75.0,41.0,14.7,0.0,,,,
2026-03-21T16:12:25+00:00,63158,75.0,42.0,14.5,0.0,,,,
2026-03-21T16:15:25+00:00,63159,75.0,41.5,14.4,0.0,,,,
2026-03-21T16:18:25+00:00,63161,75.0,41.0,14.2,0.0,,,,
2026-03-21T16:21:25+00:00,63162,75.0,42.0,14.0,0.0,,,,
2026-03-21T16:24:25+00:00,63163,75.0,43.0,13.7,0.0,,,,
2026-03-21T16:27:25+00:00,63165,75.0,42.0,13.4,0.0,,,,
2026-03-21T16:30:25+00:00,63166,75.0,43.0,13.2,0.0,,,,
2026-03-21T16:33:25+00:00,63167,75.0,44.0,13.0,0.0,,,,
2026-03-21T16:36:25+00:00,63168,75.0,43.0,13.0,0.0,,,,
2026-03-21T16:39:25+00:00,63170,75.0,44.0,12.8,0.0,,,,
2026-03-21T16:42:25+00:00,63171,75.0,44.0,12.7,0.0,,,,
2026-03-21T16:45:25+00:00,63172,75.0,45.0,12.6,0.0,,,,
2026-03-21T16:48:25+00:00,63174,75.0,45.0,12.6,0.0,,,,
2026-03-21T16:51:25+00:00,63175,75.0,44.5,12.5,0.0,,,,
2026-03-21T16:54:25+00:00,63176,75.0,45.0,12.4,0.0,,,,
2026-03-21T16:57:25+00:00,63178,75.0,45.0,12.3,0.0,,,,
2026-03-21T17:00:25+00:00,63179,75.0,45.0,12.3,0.0,,,,
2026-03-21T17:03:25+00:00,63180,75.0,45.5,12.2,0.0,,,,
2026-03-21T17:06:25+00:00,63181,75.0,46.0,12.2,0.0,,,,
2026-03-21T17:09:25+00:00,63183,75.0,46.5,12.2,0.0,,,,
2026-03-21T17:12:25+00:00,63184,75.0,46.0,12.2,0.0,,,,
2026-03-21T17:15:25+00:00,63185,75.0,46.5,12.0,0.0,,,,
2026-03-21T17:18:25+00:00,63187,75.0,46.5,12.0,0.0,,,,
2026-03-21T17:21:25+00:00,63188,75.0,46.5,11.9,0.0,,,,
2026-03-21T17:24:25+00:00,63189,75.0,47.0,12.0,0.0,,,,
2026-03-21T17:27:25+00:00,63191,75.0,47.5,11.9,0.0,,,,
2026-03-21T17:30:25+00:00,63192,75.0,47.0,11.7,0.0,,,,
2026-03-21T17:33:25+00:00,63193,75.0,47.0,11.7,0.0,,,,
2026-03-21T17:36:25+00:00,63194,75.0,48.0,11.6,0.0,,,,
2026-03-21T17:39:25+00:00,63196,75.0,47.5,11.6,0.0,,,,
2026-03-21T17:42:25+00:00,63197,75.0,47.5,11.5,0.0,,,,
2026-03-21T17:45:25+00:00,63198,75.0,48.0,11.6,0.0,,,,
2026-03-21T17:48:25+00:00,63200,75.0,48.5,11.5,0.0,,,,
2026-03-21T17:51:25+00:00,63201,75.0,49.0,11.4,0.0,,,,
2026-03-21T17:54:25+00:00,63202,75.0,49.0,11.4,0.0,,,,
2026-03-21T17:57:25+00:00,63204,75.0,49.0,11.4,0.0,,,,
2026-03-21T18:00:25+00:00,63205,75.0,49.0,11.3,0.0,,,,
2026-03-21T18:03:25+00:00,63206,75.0,49.0,11.3,0.0,,,,
2026-03-21T18:06:25+00:00,63207,75.0,48.5,11.3,0.0,,,,
2026-03-21T18:09:25+00:00,63209,75.0,49.0,11.3,0.0,,,,
2026-03-21T18:12:25+00:00,63210,75.0,48.5,11.2,0.0,,,,
2026-03-21T18:15:25+00:00,63211,75.0,49.0,11.3,0.0,,,,
2026-03-21T18:18:25+00:00,63213,75.0,49.0,11.3,0.0,,,,
2026-03-21T18:21:25+00:00,63214,75.0,48.5,11.2,0.0,,,,
2026-03-21T18:24:25+00:00,63215,75.0,49.0,11.1,0.0,,,,
2026-03-21T18:27:25+00:00,63217,75.0,49.0,11.1,0.0,,,,
2026-03-21T18:30:25+00:00,63218,75.0,48.5,11.2,0.0,,,,
2026-03-21T18:33:25+00:00,63219,75.0,48.0,11.2,0.0,,,,
2026-03-21T18:36:25+00:00,63220,75.0,49.0,11.2,0.0,,,,
2026-03-21T18:39:25+00:00,63222,75.0,48.5,11.1,0.0,,,,
2026-03-21T18:42:25+00:00,63223,75.0,48.5,11.2,0.0,,,,
2026-03-21T18:45:25+00:00,63224,75.0,48.0,11.1,0.0,,,,
2026-03-21T18:48:25+00:00,63226,75.0,49.0,11.1,0.0,,,,
2026-03-21T18:51:25+00:00,63227,75.0,48.0,11.1,0.0,,,,
2026-03-21T18:54:25+00:00,63228,75.0,48.5,11.0,0.0,,,,
2026-03-21T18:57:25+00:00,63230,75.0,48.5,11.0,0.0,,,,
2026-03-21T19:00:25+00:00,63231,75.0,48.5,11.0,0.0,,,,
2026-03-21T19:03:25+00:00,63232,75.0,48.5,11.0,0.0,,,,
2026-03-21T19:06:25+00:00,63233,75.0,48.5,10.9,0.0,,,,
2026-03-21T19:09:25+00:00,63235,75.0,48.5,11.0,0.0,,,,
2026-03-21T19:12:25+00:00,63236,75.0,48.0,10.8,0.0,,,,
2026-03-21T19:15:25+00:00,63237,75.0,48.0,10.9,0.0,,,,
2026-03-21T19:18:25+00:00,63239,75.0,48.0,10.9,0.0,,,,
2026-03-21T19:21:25+00:00,63240,75.0,48.0,10.9,0.0,,,,
2026-03-21T19:24:25+00:00,63241,75.0,48.0,10.9,0.0,,,,
2026-03-21T19:27:25+00:00,63243,75.0,48.5,10.9,0.0,,,,
2026-03-21T19:30:25+00:00,63244,75.0,48.0,10.7,0.0,,,,
2026-03-21T19:33:25+00:00,63245,75.0,48.5,10.8,0.0,,,,
2026-03-21T19:36:25+00:00,63246,75.0,48.0,10.7,0.0,,,,
2026-03-21T19:39:25+00:00,63248,75.0,48.0,10.8,0.0,,,,
2026-03-21T19:42:25+00:00,63249,75.0,48.5,10.8,0.0,,,,
2026-03-21T19:45:25+00:00,63250,75.0,48.5,10.8,0.0,,,,
2026-03-21T19:48:25+00:00,63252,75.0,48.5,10.7,0.0,,,,
2026-03-21T19:51:25+00:00,63253,75.0,48.0,10.7,0.0,,,,
2026-03-21T19:54:25+00:00,63254,75.0,49.0,10.7,0.0,,,,
2026-03-21T19:57:25+00:00,63256,75.0,48.5,10.7,0.0,,,,
2026-03-21T20:00:25+00:00,63257,75.0,48.5,10.6,0.0,,,,
2026-03-21T20:03:25+00:00,63258,75.0,48.0,10.6,0.0,,,,
2026-03-21T20:06:25+00:00,63259,75.0,48.0,10.6,0.0,,,,
2026-03-21T20:09:25+00:00,63261,75.0,49.0,10.6,0.0,,,,
2026-03-21T20:12:25+00:00,63262,75.0,48.5,10.4,0.0,,,,
2026-03-21T20:15:25+00:00,63263,75.0,49.0,10.4,0.0,,,,
2026-03-21T20:18:24+00:00,63265,75.0,49.0,10.4,0.0,,,,
2026-03-21T20:21:25+00:00,63266,75.0,49.0,10.2,0.0,,,,
2026-03-21T20:24:24+00:00,63267,75.0,49.5,10.3,0.0,,,,
2026-03-21T20:27:24+00:00,63269,75.0,49.0,10.2,0.0,,,,
2026-03-21T20:30:24+00:00,63270,75.0,48.5,10.3,0.0,,,,
2026-03-21T20:33:24+00:00,63271,75.0,48.5,10.2,0.0,,,,
2026-03-21T20:36:24+00:00,63272,75.0,49.0,10.2,0.0,,,,
2026-03-21T20:39:24+00:00,63274,75.0,49.0,10.2,0.0,,,,
2026-03-21T20:42:24+00:00,63275,75.0,49.0,10.2,0.0,,,,
2026-03-21T20:45:24+00:00,63276,75.0,50.0,10.1,0.0,,,,
2026-03-21T20:48:24+00:00,63278,75.0,49.5,10.1,0.0,,,,
2026-03-21T20:51:24+00:00,63279,75.0,49.5,10.1,0.0,,,,
2026-03-21T20:54:24+00:00,63280,75.0,50.0,10.1,0.0,,,,
2026-03-21T20:57:24+00:00,63282,75.0,50.5,10.0,0.0,,,,
2026-03-21T21:00:24+00:00,63283,75.0,50.5,10.0,0.0,,,,
2026-03-21T21:03:24+00:00,63284,75.0,50.5,9.9,0.0,,,,
2026-03-21T21:06:24+00:00,63285,75.0,50.5,10.0,0.0,,,,
2026-03-21T21:09:24+00:00,63287,75.0,51.0,9.9,0.0,,,,
2026-03-21T21:12:24+00:00,63288,75.0,50.5,9.9,0.0,,,,
2026-03-21T21:15:24+00:00,63289,75.0,50.5,9.8,0.0,,,,
2026-03-21T21:18:24+00:00,63291,75.0,50.5,9.8,0.0,,,,
2026-03-21T21:21:24+00:00,63292,75.0,50.5,9.9,0.0,,,,
2026-03-21T21:24:24+00:00,63293,75.0,51.5,9.9,0.0,,,,
2026-03-21T21:27:24+00:00,63295,75.0,51.0,9.9,0.0,,,,
2026-03-21T21:30:24+00:00,63296,75.0,50.5,9.8,0.0,,,,
2026-03-21T21:33:24+00:00,63297,75.0,51.0,9.8,0.0,,,,
2026-03-21T21:36:24+00:00,63298,75.0,52.0,9.7,0.0,,,,
2026-03-21T21:39:24+00:00,63300,75.0,51.5,9.7,0.0,,,,
2026-03-21T21:42:24+00:00,63301,75.0,51.0,9.7,0.0,,,,
2026-03-21T21:45:24+00:00,63302,75.0,51.5,9.7,0.0,,,,
2026-03-21T21:48:24+00:00,63304,75.0,51.5,9.7,0.0,,,,
2026-03-21T21:51:24+00:00,63305,75.0,52.0,9.6,0.0,,,,
2026-03-21T21:54:24+00:00,63306,75.0,52.5,9.5,0.0,,,,
2026-03-21T21:57:24+00:00,63308,75.0,52.5,9.5,0.0,,,,
2026-03-21T22:00:24+00:00,63309,75.0,52.0,9.4,0.0,,,,
2026-03-21T22:03:24+00:00,63310,75.0,52.0,9.5,0.0,,,,
2026-03-21T22:06:24+00:00,63311,75.0,52.0,9.4,0.0,,,,
2026-03-21T22:09:24+00:00,63313,75.0,53.0,9.4,0.0,,,,
2026-03-21T22:12:24+00:00,63314,75.0,53.0,9.3,0.0,,,,
2026-03-21T22:15:24+00:00,63315,75.0,54.0,9.4,0.0,,,,
2026-03-21T22:18:24+00:00,63317,75.0,55.0,9.2,0.0,,,,
2026-03-21T22:21:24+00:00,63318,75.0,55.0,9.3,0.0,,,,
2026-03-21T22:24:24+00:00,63319,75.0,54.5,9.1,0.0,,,,
2026-03-21T22:27:24+00:00,63321,75.0,54.5,9.2,0.0,,,,
2026-03-21T22:30:24+00:00,63322,75.0,54.5,9.1,0.0,,,,
2026-03-21T22:33:24+00:00,63323,75.0,55.0,9.1,0.0,,,,
2026-03-21T22:36:24+00:00,63324,75.0,54.5,9.1,0.0,,,,
2026-03-21T22:39:24+00:00,63326,75.0,54.5,9.0,0.0,,,,
2026-03-21T22:42:24+00:00,63327,75.0,54.5,9.1,0.0,,,,
2026-03-21T22:45:24+00:00,63328,75.0,55.0,9.1,0.0,,,,
2026-03-21T22:48:24+00:00,63330,75.0,55.5,9.0,0.0,,,,
2026-03-21T22:51:24+00:00,63331,75.0,55.0,9.0,0.0,,,,
2026-03-21T22:54:24+00:00,63332,75.0,55.0,9.0,0.0,,,,
2026-03-21T22:57:24+00:00,63334,75.0,55.5,8.9,0.0,,,,
2026-03-21T23:00:24+00:00,63335,75.0,56.0,8.8,0.0,,,,
2026-03-21T23:03:24+00:00,63336,75.0,56.0,8.8,0.0,,,,
2026-03-21T23:06:24+00:00,63337,75.0,56.5,8.8,0.0,,,,
2026-03-21T23:09:24+00:00,63339,75.0,56.5,8.7,0.0,,,,
2026-03-21T23:12:24+00:00,63340,75.0,57.0,8.7,0.0,,,,
2026-03-21T23:15:24+00:00,63341,75.0,57.5,8.6,0.0,,,,
2026-03-21T23:18:24+00:00,63343,75.0,58.0,8.6,0.0,,,,
2026-03-21T23:21:24+00:00,63344,75.0,58.0,8.5,0.0,,,,
2026-03-21T23:24:24+00:00,63345,75.0,58.5,8.5,0.0,,,,
2026-03-21T23:27:24+00:00,63347,75.0,59.0,8.4,0.0,,,,
2026-03-21T23:30:24+00:00,63348,75.0,59.0,8.3,0.0,,,,
2026-03-21T23:33:24+00:00,63349,75.0,60.0,8.1,0.0,,,,
2026-03-21T23:36:24+00:00,63350,75.0,60.0,8.1,0.0,,,,
2026-03-21T23:39:24+00:00,63352,75.0,60.0,8.1,0.0,,,,
2026-03-21T23:42:24+00:00,63353,75.0,60.5,8.1,0.0,,,,
2026-03-21T23:45:24+00:00,63354,75.0,60.5,8.0,0.0,,,,
2026-03-21T23:48:24+00:00,63356,75.0,61.0,8.0,0.0,,,,
2026-03-21T23:51:24+00:00,63357,75.0,61.0,7.9,0.0,,,,
2026-03-21T23:54:24+00:00,63358,75.0,61.0,7.7,0.0,,,,
2026-03-21T23:57:24+00:00,63360,75.0,61.0,7.8,0.0,,,,
2026-03-22T00:00:24+00:00,63361,75.0,61.5,7.8,0.0,,,,
2026-03-22T00:03:24+00:00,63362,75.0,61.5,7.8,0.0,,,,
2026-03-22T00:06:24+00:00,63363,75.0,62.0,7.6,0.0,,,,
2026-03-22T00:09:24+00:00,63365,75.0,62.5,7.5,0.0,,,,
2026-03-22T00:12:24+00:00,63366,75.0,62.0,7.5,0.0,,,,
2026-03-22T00:15:24+00:00,63367,75.0,62.0,7.6,0.0,,,,
2026-03-22T00:18:24+00:00,63369,75.0,62.5,7.6,0.0,,,,
2026-03-22T00:21:24+00:00,63370,75.0,62.0,7.7,0.0,,,,
2026-03-22T00:24:24+00:00,63371,75.0,62.5,7.5,0.0,,,,
2026-03-22T00:27:24+00:00,63373,75.0,62.5,7.7,0.0,,,,
2026-03-22T00:30:24+00:00,63374,75.0,62.5,7.7,0.0,,,,
2026-03-22T00:33:24+00:00,63375,75.0,62.5,7.6,0.0,,,,
2026-03-22T00:36:24+00:00,63376,75.0,63.0,7.6,0.0,,,,
2026-03-22T00:39:24+00:00,63378,75.0,63.0,7.6,0.0,,,,
2026-03-22T00:42:24+00:00,63379,75.0,63.5,7.5,0.0,,,,
2026-03-22T00:45:24+00:00,63380,75.0,63.0,7.5,0.0,,,,
2026-03-22T00:48:24+00:00,63382,75.0,63.0,7.4,0.0,,,,
2026-03-22T00:51:24+00:00,63383,75.0,63.5,7.5,0.0,,,,
2026-03-22T00:54:24+00:00,63384,75.0,63.5,7.4,0.0,,,,
2026-03-22T00:57:24+00:00,63386,75.0,64.0,7.4,0.0,,,,
2026-03-22T01:00:24+00:00,63387,75.0,64.0,7.4,0.0,,,,
2026-03-22T01:03:24+00:00,63388,75.0,64.0,7.3,0.0,,,,
2026-03-22T01:06:24+00:00,63389,75.0,64.0,7.3,0.0,,,,
2026-03-22T01:09:24+00:00,63391,75.0,64.5,7.4,0.0,,,,
2026-03-22T01:12:24+00:00,63392,75.0,64.5,7.4,0.0,,,,
2026-03-22T01:15:24+00:00,63393,75.0,64.5,7.4,0.0,,,,
2026-03-22T01:18:24+00:00,63395,75.0,64.5,7.4,0.0,,,,
2026-03-22T01:21:24+00:00,63396,75.0,64.5,7.4,0.0,,,,
2026-03-22T01:24:24+00:00,63397,75.0,65.0,7.2,0.0,,,,
2026-03-22T01:27:24+00:00,63399,75.0,65.0,7.3,0.0,,,,
2026-03-22T01:30:24+00:00,63400,75.0,65.5,7.2,0.0,,,,
2026-03-22T01:33:24+00:00,63401,75.0,66.0,7.2,0.0,,,,
2026-03-22T01:36:24+00:00,63402,75.0,66.0,7.3,0.0,,,,
2026-03-22T01:39:24+00:00,63404,75.0,66.5,7.1,0.0,,,,
2026-03-22T01:42:24+00:00,63405,75.0,66.5,7.1,0.0,,,,
2026-03-22T01:45:24+00:00,63406,75.0,66.5,7.0,0.0,,,,
2026-03-22T01:48:24+00:00,63408,75.0,67.0,7.1,0.0,,,,
2026-03-22T01:51:24+00:00,63409,75.0,67.0,7.1,0.0,,,,
2026-03-22T01:54:24+00:00,63410,75.0,67.0,7.0,0.0,,,,
2026-03-22T01:57:24+00:00,63412,75.0,67.0,7.0,0.0,,,,
2026-03-22T02:00:24+00:00,63413,75.0,67.5,6.9,0.0,,,,
2026-03-22T02:03:24+00:00,63414,75.0,68.0,6.8,0.0,,,,
2026-03-22T02:06:24+00:00,63415,75.0,68.0,6.8,0.0,,,,
2026-03-22T02:09:24+00:00,63417,75.0,68.0,6.7,0.0,,,,
2026-03-22T02:12:24+00:00,63418,75.0,68.5,6.7,0.0,,,,
2026-03-22T02:15:24+00:00,63419,75.0,68.5,6.7,0.0,,,,
2026-03-22T02:18:24+00:00,63421,75.0,69.0,6.9,0.0,,,,
2026-03-22T02:21:24+00:00,63422,75.0,69.0,6.8,0.0,,,,
2026-03-22T02:24:24+00:00,63423,75.0,69.0,6.7,0.0,,,,
2026-03-22T02:27:24+00:00,63425,75.0,69.5,6.6,0.0,,,,
2026-03-22T02:30:24+00:00,63426,75.0,69.5,6.6,0.0,,,,
2026-03-22T02:33:24+00:00,63427,75.0,70.0,6.7,0.0,,,,
2026-03-22T02:36:24+00:00,63428,75.0,70.0,6.6,0.0,,,,
2026-03-22T02:39:24+00:00,63430,75.0,70.0,6.6,0.0,,,,
2026-03-22T02:42:24+00:00,63431,75.0,70.5,6.6,0.0,,,,
2026-03-22T02:45:24+00:00,63432,75.0,70.5,6.5,0.0,,,,
2026-03-22T02:48:24+00:00,63434,75.0,71.0,6.5,0.0,,,,
2026-03-22T02:51:24+00:00,63435,75.0,71.0,6.5,0.0,,,,
2026-03-22T02:54:24+00:00,63436,75.0,71.0,6.4,0.0,,,,
2026-03-22T02:57:24+00:00,63438,75.0,71.5,6.4,0.0,,,,
2026-03-22T03:00:24+00:00,63439,75.0,72.0,6.4,0.0,,,,
2026-03-22T03:04:17+00:00,63441,75.0,72.0,6.4,0.0,,,,
2026-03-22T03:05:45+00:00,63442,75.0,72.0,6.5,0.0,,,,
2026-03-22T03:08:45+00:00,63443,75.0,72.0,6.5,0.0,,,,
2026-03-22T03:11:45+00:00,63444,75.0,72.0,6.5,0.0,,,,
2026-03-22T03:14:45+00:00,63445,75.0,72.5,6.4,0.0,,,,
2026-03-22T03:17:45+00:00,63446,75.0,72.5,6.5,0.0,,,,
2026-03-22T03:20:45+00:00,63447,75.0,72.5,6.5,0.0,,,,
2026-03-22T03:23:45+00:00,63448,75.0,72.5,6.5,0.0,,,,
2026-03-22T03:26:45+00:00,63449,75.0,72.5,6.5,0.0,,,,
2026-03-22T03:29:45+00:00,63450,75.0,72.5,6.5,0.0,,,,
2026-03-22T03:32:45+00:00,63452,75.0,72.5,6.5,0.0,,,,
2026-03-22T03:35:45+00:00,63453,75.0,73.0,6.5,0.0,,,,
2026-03-22T03:38:45+00:00,63454,75.0,73.0,6.5,0.0,,,,
2026-03-22T03:41:45+00:00,63456,75.0,73.0,6.6,0.0,,,,
2026-03-22T03:44:45+00:00,63457,75.0,73.0,6.5,0.0,,,,
2026-03-22T03:47:45+00:00,63458,75.0,73.0,6.5,0.0,,,,
2026-03-22T03:50:45+00:00,63459,75.0,73.0,6.5,0.0,,,,
2026-03-22T03:53:45+00:00,63461,75.0,73.0,6.5,0.0,,,,
2026-03-22T03:56:45+00:00,63462,75.0,73.0,6.4,0.0,,,,
2026-03-22T03:59:45+00:00,63463,75.0,73.0,6.5,0.0,,,,
2026-03-22T04:02:45+00:00,63465,75.0,73.5,6.5,0.0,,,,
2026-03-22T04:05:45+00:00,63466,75.0,73.5,6.4,0.0,,,,
2026-03-22T04:08:45+00:00,63467,75.0,74.0,6.4,0.0,,,,
2026-03-22T04:11:45+00:00,63469,75.0,74.0,6.4,0.0,,,,
2026-03-22T04:14:44+00:00,63470,75.0,74.0,6.4,0.0,,,,
2026-03-22T04:17:44+00:00,63471,75.0,74.0,6.3,0.0,,,,
2026-03-22T04:20:44+00:00,63472,75.0,74.5,6.5,0.0,,,,
2026-03-22T04:23:44+00:00,63474,75.0,74.5,6.5,0.0,,,,
2026-03-22T04:26:44+00:00,63475,75.0,74.5,6.3,0.0,,,,
2026-03-22T04:29:45+00:00,63476,75.0,74.5,6.3,0.0,,,,
2026-03-22T04:32:44+00:00,63478,75.0,75.0,6.4,0.0,,,,
2026-03-22T04:35:44+00:00,63479,75.0,75.0,6.4,0.0,,,,
2026-03-22T04:38:44+00:00,63480,75.0,75.5,6.3,0.0,,,,
2026-03-22T04:41:44+00:00,63482,75.0,75.5,6.3,0.0,,,,
2026-03-22T04:44:44+00:00,63483,75.0,75.5,6.3,0.0,,,,
2026-03-22T04:47:44+00:00,63484,75.0,75.5,6.4,0.0,,,,
2026-03-22T04:50:44+00:00,63485,75.0,76.0,6.3,0.0,,,,
2026-03-22T04:53:44+00:00,63487,75.0,76.0,6.4,0.0,,,,
2026-03-22T04:56:44+00:00,63488,75.0,76.5,6.4,0.0,,,,
2026-03-22T04:59:44+00:00,63489,75.0,77.0,6.5,0.0,,,,
2026-03-22T05:02:44+00:00,63491,75.0,77.5,6.5,0.0,,,,
2026-03-22T05:05:44+00:00,63492,75.0,77.5,6.4,0.0,,,,
2026-03-22T05:08:44+00:00,63493,75.0,77.5,6.4,0.0,,,,
2026-03-22T05:11:44+00:00,63495,75.0,77.5,6.4,0.0,,,,
2026-03-22T05:14:44+00:00,63496,75.0,78.5,6.4,0.0,,,,
2026-03-22T05:17:44+00:00,63497,75.0,79.0,6.5,0.0,,,,
2026-03-22T05:20:44+00:00,63498,75.0,79.0,6.4,0.0,,,,
2026-03-22T05:23:44+00:00,63500,75.0,79.0,6.4,0.0,,,,
2026-03-22T05:26:44+00:00,63501,75.0,79.0,6.4,0.0,,,,
2026-03-22T05:29:44+00:00,63502,75.0,79.0,6.4,0.0,,,,
2026-03-22T05:32:44+00:00,63504,75.0,79.5,6.5,0.0,,,,
2026-03-22T05:35:44+00:00,63505,75.0,79.5,6.5,0.0,,,,
2026-03-22T05:38:44+00:00,63506,75.0,79.5,6.4,0.0,,,,
2026-03-22T05:41:44+00:00,63508,75.0,79.5,6.4,0.0,,,,
2026-03-22T05:44:44+00:00,63509,75.0,80.0,6.4,0.0,,,,
2026-03-22T05:47:44+00:00,63510,75.0,80.0,6.5,0.0,,,,
2026-03-22T05:50:44+00:00,63511,75.0,80.0,6.5,0.0,,,,
2026-03-22T05:53:44+00:00,63513,75.0,80.5,6.3,0.0,,,,
2026-03-22T05:56:44+00:00,63514,75.0,81.0,6.4,0.0,,,,
2026-03-22T05:59:44+00:00,63515,75.0,81.5,6.4,0.0,,,,
2026-03-22T06:02:44+00:00,63517,75.0,82.5,6.3,0.0,,,,
2026-03-22T06:05:44+00:00,63518,75.0,83.0,6.2,0.0,,,,
2026-03-22T06:08:44+00:00,63519,75.0,83.5,6.2,9.0,,,,
2026-03-22T06:11:44+00:00,63521,75.0,83.5,6.1,25.0,,,,
2026-03-22T06:14:44+00:00,63522,75.0,83.0,5.9,2.0,,,,
2026-03-22T06:17:44+00:00,63523,75.0,83.5,5.9,3.0,,,,
2026-03-22T06:20:44+00:00,63524,75.0,83.5,5.8,3.0,,,,
2026-03-22T06:23:44+00:00,63526,75.0,84.0,5.7,2.0,,,,
2026-03-22T06:26:44+00:00,63527,75.0,84.5,5.7,1.0,,,,
2026-03-22T06:29:44+00:00,63528,75.0,84.5,5.4,1.0,,,,
2026-03-22T06:32:44+00:00,63530,75.0,85.0,5.5,1.0,,,,
2026-03-22T06:35:44+00:00,63531,75.0,85.0,5.4,1.0,,,,
2026-03-22T06:38:44+00:00,63532,75.0,85.0,5.3,0.0,,,,
2026-03-22T06:41:44+00:00,63534,75.0,85.0,5.2,1.0,,,,
2026-03-22T06:44:44+00:00,63535,75.0,85.0,5.3,2.0,,,,
2026-03-22T06:47:44+00:00,63536,75.0,85.0,5.2,1.0,,,,
2026-03-22T06:50:44+00:00,63537,75.0,85.0,5.3,1.0,,,,
2026-03-22T06:53:44+00:00,63539,75.0,85.0,5.3,1.0,,,,
2026-03-22T06:56:44+00:00,63540,75.0,85.5,5.4,1.0,,,,
2026-03-22T06:59:44+00:00,63541,75.0,86.0,5.2,1.0,,,,
2026-03-22T07:02:44+00:00,63543,75.0,87.0,5.3,3.0,,,,
2026-03-22T07:05:44+00:00,63544,75.0,87.0,5.4,3.0,,,,
2026-03-22T07:08:44+00:00,63545,75.0,87.0,5.2,2.0,,,,
2026-03-22T07:11:44+00:00,63547,75.0,87.0,5.2,1.0,,,,
2026-03-22T07:14:44+00:00,63548,75.0,86.5,5.2,1.0,,,,
2026-03-22T07:17:44+00:00,63549,75.0,86.0,5.1,1.0,,,,
2026-03-22T07:20:44+00:00,63550,75.0,86.0,5.0,1.0,,,,
2026-03-22T07:23:44+00:00,63552,75.0,85.5,5.1,0.0,,,,
2026-03-22T07:26:44+00:00,63553,75.0,85.5,5.0,2.0,,,,
2026-03-22T07:29:44+00:00,63554,75.0,85.5,5.0,1.0,,,,
2026-03-22T07:32:44+00:00,63556,75.0,85.5,5.0,1.0,,,,
2026-03-22T07:35:44+00:00,63557,75.0,85.5,5.0,0.0,,,,
2026-03-22T07:38:44+00:00,63558,75.0,85.5,5.0,1.0,,,,
2026-03-22T07:41:44+00:00,63560,75.0,85.0,4.9,0.0,,,,
2026-03-22T07:44:44+00:00,63561,75.0,84.5,5.0,1.0,,,,
2026-03-22T07:47:44+00:00,63562,75.0,84.0,5.0,0.0,,,,
2026-03-22T07:50:44+00:00,63563,75.0,83.5,5.1,0.0,,,,
2026-03-22T07:53:44+00:00,63565,75.0,83.0,5.2,0.0,,,,
2026-03-22T07:56:44+00:00,63566,75.0,83.0,5.2,1.0,,,,
2026-03-22T07:59:44+00:00,63567,75.0,82.5,5.2,0.0,,,,
2026-03-22T08:02:44+00:00,63569,75.0,82.0,5.3,0.0,,,,
2026-03-22T08:05:44+00:00,63570,75.0,81.5,5.4,0.0,,,,
2026-03-22T08:08:44+00:00,63571,75.0,81.5,5.4,0.0,,,,
2026-03-22T08:11:44+00:00,63573,75.0,81.5,5.4,1.0,,,,
2026-03-22T08:14:44+00:00,63574,75.0,81.0,5.4,0.0,,,,
2026-03-22T08:17:44+00:00,63575,75.0,81.5,5.3,0.0,,,,
2026-03-22T08:20:44+00:00,63576,75.0,81.5,5.3,0.0,,,,
2026-03-22T08:23:44+00:00,63578,75.0,81.5,5.4,1.0,,,,
2026-03-22T08:26:44+00:00,63579,75.0,82.0,5.5,0.0,,,,
2026-03-22T08:29:44+00:00,63580,75.0,82.0,5.4,0.0,,,,
2026-03-22T08:32:44+00:00,63582,75.0,81.5,5.4,0.0,,,,
2026-03-22T08:35:44+00:00,63583,75.0,82.0,5.4,1.0,,,,
2026-03-22T08:38:44+00:00,63584,75.0,82.0,5.3,1.0,,,,
2026-03-22T08:41:44+00:00,63586,75.0,81.5,5.3,4.0,,,,
2026-03-22T08:44:44+00:00,63587,75.0,83.0,5.4,7.0,,,,
2026-03-22T08:47:44+00:00,63588,75.0,83.5,5.2,5.0,,,,
2026-03-22T08:50:44+00:00,63589,75.0,83.5,5.2,7.0,,,,
2026-03-22T08:53:44+00:00,63591,75.0,83.5,5.2,5.0,,,,
2026-03-22T08:56:44+00:00,63592,75.0,84.0,5.1,9.0,,,,
2026-03-22T08:59:44+00:00,63593,75.0,84.0,5.2,1.0,,,,
2026-03-22T09:02:44+00:00,63595,75.0,84.0,5.2,1.0,,,,
2026-03-22T09:05:44+00:00,63596,75.0,84.5,5.1,1.0,,,,
2026-03-22T09:08:44+00:00,63597,75.0,84.5,5.2,2.0,,,,
2026-03-22T09:11:44+00:00,63599,75.0,84.5,5.2,1.0,,,,
2026-03-22T09:14:44+00:00,63600,75.0,85.0,5.2,2.0,,,,
2026-03-22T09:17:44+00:00,63601,75.0,85.5,5.1,2.0,,,,
2026-03-22T09:20:44+00:00,63602,75.0,85.0,5.2,4.0,,,,
2026-03-22T09:23:44+00:00,63604,75.0,85.5,5.2,4.0,,,,
2026-03-22T09:26:44+00:00,63605,75.0,86.0,5.2,5.0,,,,
2026-03-22T09:29:44+00:00,63606,75.0,86.5,5.2,14.0,,,,
2026-03-22T09:32:44+00:00,63608,75.0,87.0,5.3,10.0,,,,
2026-03-22T09:35:44+00:00,63609,75.0,86.5,5.3,8.0,,,,
2026-03-22T09:38:44+00:00,63610,75.0,86.5,5.2,1.0,,,,
2026-03-22T09:41:44+00:00,63612,75.0,86.5,5.4,3.0,,,,
2026-03-22T09:44:44+00:00,63613,75.0,87.0,5.4,2.0,,,,
2026-03-22T09:47:44+00:00,63614,75.0,87.5,5.6,2.0,,,,
2026-03-22T09:50:44+00:00,63615,75.0,86.5,5.7,3.0,,,,
2026-03-22T09:53:44+00:00,63617,75.0,86.0,5.8,2.0,,,,
2026-03-22T09:56:44+00:00,63618,75.0,86.0,6.0,3.0,,,,
2026-03-22T09:59:44+00:00,63619,75.0,86.5,6.2,3.0,,,,
2026-03-22T10:02:44+00:00,63621,75.0,86.0,6.2,3.0,,,,
2026-03-22T10:05:44+00:00,63622,75.0,86.5,6.4,2.0,,,,
2026-03-22T10:08:44+00:00,63623,75.0,85.5,6.5,1.0,,,,
2026-03-22T10:11:44+00:00,63625,75.0,85.0,6.5,1.0,,,,
2026-03-22T10:14:44+00:00,63626,75.0,85.0,6.6,0.0,,,,
2026-03-22T10:17:44+00:00,63627,75.0,83.5,6.7,1.0,,,,
2026-03-22T10:20:44+00:00,63628,75.0,83.0,6.8,0.0,,,,
2026-03-22T10:23:44+00:00,63630,75.0,82.5,6.9,0.0,,,,
2026-03-22T10:26:44+00:00,63631,75.0,82.0,6.8,1.0,,,,
2026-03-22T10:29:44+00:00,63632,75.0,82.5,7.1,0.0,,,,
2026-03-22T10:32:44+00:00,63634,75.0,82.5,7.3,0.0,,,,
2026-03-22T10:35:44+00:00,63635,75.0,82.0,7.5,1.0,,,,
2026-03-22T10:38:44+00:00,63636,75.0,81.0,7.5,0.0,,,,
2026-03-22T10:41:44+00:00,63638,75.0,80.0,7.8,0.0,,,,
2026-03-22T10:44:44+00:00,63639,75.0,79.0,8.0,0.0,,,,
2026-03-22T10:47:44+00:00,63640,75.0,76.5,8.3,0.0,,,,
2026-03-22T10:50:44+00:00,63641,75.0,76.5,8.5,1.0,,,,
2026-03-22T10:53:44+00:00,63643,75.0,77.0,8.7,0.0,,,,
2026-03-22T10:56:44+00:00,63644,75.0,75.0,9.1,0.0,,,,
2026-03-22T10:59:44+00:00,63645,75.0,75.0,9.2,0.0,,,,
2026-03-22T11:02:44+00:00,63647,75.0,72.5,9.4,0.0,,,,
2026-03-22T11:05:44+00:00,63648,75.0,70.0,9.6,0.0,,,,
2026-03-22T11:08:44+00:00,63649,75.0,70.0,10.0,0.0,,,,
2026-03-22T11:11:44+00:00,63651,75.0,68.0,10.1,0.0,,,,
2026-03-22T11:14:44+00:00,63652,75.0,67.0,10.2,0.0,,,,
2026-03-22T11:17:44+00:00,63653,75.0,68.0,10.4,0.0,,,,
2026-03-22T11:20:44+00:00,63654,75.0,67.0,10.5,0.0,,,,
2026-03-22T11:23:44+00:00,63656,75.0,67.0,10.6,0.0,,,,
2026-03-22T11:26:44+00:00,63657,75.0,66.0,10.9,0.0,,,,
2026-03-22T11:29:44+00:00,63658,75.0,65.0,10.6,0.0,,,,
2026-03-22T11:32:44+00:00,63660,75.0,66.5,10.3,0.0,,,,
2026-03-22T11:35:44+00:00,63661,75.0,67.5,10.1,0.0,,,,
2026-03-22T11:38:44+00:00,63662,75.0,69.0,10.3,0.0,,,,
2026-03-22T11:41:44+00:00,63664,75.0,67.0,10.7,0.0,,,,
2026-03-22T11:44:44+00:00,63665,75.0,68.0,10.4,0.0,,,,
2026-03-22T11:47:44+00:00,63666,75.0,67.5,10.5,0.0,,,,
2026-03-22T11:50:44+00:00,63667,75.0,67.5,10.5,0.0,,,,
2026-03-22T11:53:44+00:00,63669,75.0,66.0,10.5,0.0,,,,
2026-03-22T11:56:44+00:00,63670,75.0,66.5,10.3,0.0,,,,
2026-03-22T11:59:44+00:00,63671,75.0,67.5,10.4,0.0,,,,
2026-03-22T12:02:43+00:00,63672,75.0,67.5,10.5,0.0,,,,
2026-03-22T12:05:43+00:00,63673,75.0,65.0,10.4,0.0,,,,
2026-03-22T12:08:43+00:00,63674,75.0,66.0,10.3,0.0,,,,
2026-03-22T12:11:43+00:00,63676,75.0,66.5,10.5,0.0,,,,
2026-03-22T12:14:43+00:00,63677,75.0,65.5,10.6,0.0,,,,
2026-03-22T12:17:43+00:00,63678,75.0,66.5,10.5,0.0,,,,
2026-03-22T12:20:43+00:00,63679,75.0,67.0,10.6,0.0,,,,
2026-03-22T12:23:43+00:00,63681,75.0,66.0,10.8,0.0,,,,
2026-03-22T12:26:43+00:00,63682,75.0,67.0,10.7,0.0,,,,
2026-03-22T12:29:43+00:00,63683,75.0,65.5,10.6,0.0,,,,
2026-03-22T12:32:43+00:00,63685,75.0,66.5,10.5,0.0,,,,
2026-03-22T12:35:43+00:00,63686,75.0,66.5,10.7,0.0,,,,
2026-03-22T12:38:43+00:00,63687,75.0,65.5,10.6,0.0,,,,
2026-03-22T12:41:43+00:00,63689,75.0,67.0,10.6,0.0,,,,
2026-03-22T12:44:43+00:00,63690,75.0,65.0,10.9,0.0,,,,
2026-03-22T12:47:43+00:00,63691,75.0,66.0,11.2,0.0,,,,
2026-03-22T12:50:43+00:00,63692,75.0,64.5,11.1,0.0,,,,
2026-03-22T12:53:43+00:00,63694,75.0,63.0,11.0,0.0,,,,
2026-03-22T12:56:43+00:00,63695,75.0,64.5,11.1,0.0,,,,
2026-03-22T12:59:43+00:00,63696,75.0,65.5,11.4,0.0,,,,
2026-03-22T13:02:43+00:00,63698,75.0,61.5,12.0,0.0,,,,
2026-03-22T13:05:43+00:00,63699,75.0,62.0,12.0,0.0,,,,
2026-03-22T13:08:43+00:00,63700,75.0,62.0,12.2,0.0,,,,
2026-03-22T13:11:43+00:00,63702,75.0,58.0,12.4,0.0,,,,
2026-03-22T13:14:43+00:00,63703,75.0,58.5,12.4,0.0,,,,
2026-03-22T13:17:43+00:00,63704,75.0,56.5,12.6,0.0,,,,
2026-03-22T13:20:43+00:00,63705,75.0,56.5,12.5,0.0,,,,
2026-03-22T13:23:43+00:00,63707,75.0,58.5,12.4,0.0,,,,
2026-03-22T13:26:43+00:00,63708,75.0,58.5,12.5,0.0,,,,
2026-03-22T13:29:43+00:00,63709,75.0,57.0,12.6,0.0,,,,
2026-03-22T13:32:43+00:00,63711,75.0,56.0,12.5,0.0,,,,
2026-03-22T13:35:43+00:00,63712,75.0,56.5,12.3,0.0,,,,
2026-03-22T13:38:43+00:00,63713,75.0,57.5,12.1,0.0,,,,
2026-03-22T13:41:43+00:00,63715,75.0,58.0,12.2,0.0,,,,
2026-03-22T13:44:43+00:00,63716,75.0,57.5,12.2,0.0,,,,
2026-03-22T13:47:43+00:00,63717,75.0,56.0,12.4,0.0,,,,
2026-03-22T13:50:43+00:00,63718,75.0,55.0,12.2,0.0,,,,
2026-03-22T13:53:43+00:00,63720,75.0,54.5,12.0,0.0,,,,
2026-03-22T13:56:43+00:00,63721,75.0,56.0,11.8,0.0,,,,
2026-03-22T13:59:43+00:00,63722,75.0,57.0,12.0,0.0,,,,
2026-03-22T14:02:43+00:00,63724,75.0,56.5,12.2,0.0,,,,
2026-03-22T14:05:43+00:00,63725,75.0,54.5,12.6,0.0,,,,
2026-03-22T14:08:43+00:00,63726,75.0,54.5,12.3,0.0,,,,
2026-03-22T14:11:43+00:00,63728,75.0,56.5,12.1,0.0,,,,
2026-03-22T14:14:43+00:00,63729,75.0,55.5,12.0,0.0,,,,
2026-03-22T14:17:43+00:00,63730,75.0,56.0,12.0,0.0,,,,
2026-03-22T14:20:43+00:00,63731,75.0,55.0,12.3,0.0,,,,
2026-03-22T14:23:43+00:00,63733,75.0,54.5,12.3,0.0,,,,
2026-03-22T14:26:43+00:00,63734,75.0,54.5,12.3,0.0,,,,
2026-03-22T14:29:43+00:00,63735,75.0,54.5,12.4,0.0,,,,
2026-03-22T14:32:43+00:00,63737,75.0,55.0,12.6,0.0,,,,
2026-03-22T14:35:43+00:00,63738,75.0,54.0,12.7,0.0,,,,
2026-03-22T14:38:43+00:00,63739,75.0,53.5,12.4,0.0,,,,
2026-03-22T14:41:43+00:00,63741,75.0,55.5,12.1,0.0,,,,
2026-03-22T14:44:43+00:00,63742,75.0,56.0,11.9,0.0,,,,
2026-03-22T14:47:43+00:00,63743,75.0,55.0,12.4,0.0,,,,
2026-03-22T14:50:43+00:00,63744,75.0,54.0,12.5,0.0,,,,
2026-03-22T14:53:43+00:00,63746,75.0,54.0,12.4,0.0,,,,
2026-03-22T14:56:43+00:00,63747,75.0,54.5,12.5,0.0,,,,
2026-03-22T14:59:43+00:00,63748,75.0,54.0,12.5,0.0,,,,
2026-03-22T15:02:43+00:00,63750,75.0,54.0,12.8,0.0,,,,
2026-03-22T15:05:43+00:00,63751,75.0,53.5,13.3,0.0,,,,
2026-03-22T15:08:43+00:00,63752,75.0,52.5,13.5,0.0,,,,
2026-03-22T15:11:43+00:00,63754,75.0,52.5,13.6,0.0,,,,
2026-03-22T15:14:43+00:00,63755,75.0,53.5,13.2,0.0,,,,
2026-03-22T15:17:43+00:00,63756,75.0,52.0,12.9,0.0,,,,
2026-03-22T15:20:43+00:00,63757,75.0,54.0,12.6,0.0,,,,
2026-03-22T15:23:43+00:00,63759,75.0,54.0,12.2,0.0,,,,
2026-03-22T15:26:43+00:00,63760,75.0,56.0,11.8,0.0,,,,
2026-03-22T15:29:43+00:00,63761,75.0,56.5,11.8,0.0,,,,
2026-03-22T15:32:43+00:00,63763,75.0,57.0,11.6,0.0,,,,
2026-03-22T15:35:43+00:00,63764,75.0,60.0,11.4,0.0,,,,
2026-03-22T15:38:43+00:00,63765,75.0,58.0,11.3,0.0,,,,
2026-03-22T15:41:43+00:00,63767,75.0,57.5,11.1,0.0,,,,
2026-03-22T15:44:43+00:00,63768,75.0,58.5,10.9,0.0,,,,
2026-03-22T15:47:43+00:00,63769,75.0,60.5,10.5,0.0,,,,
2026-03-22T15:50:43+00:00,63770,75.0,60.5,10.4,0.0,,,,
2026-03-22T15:53:43+00:00,63772,75.0,61.0,10.5,0.0,,,,
2026-03-22T15:56:43+00:00,63773,75.0,62.0,10.5,0.0,,,,
2026-03-22T15:59:43+00:00,63774,75.0,61.0,10.5,0.0,,,,
2026-03-22T16:02:43+00:00,63776,75.0,62.0,10.7,0.0,,,,
2026-03-22T16:05:43+00:00,63777,75.0,62.5,10.8,0.0,,,,
2026-03-22T16:08:43+00:00,63778,75.0,60.5,10.7,0.0,,,,
2026-03-22T16:11:43+00:00,63780,75.0,60.0,10.6,0.0,,,,
2026-03-22T16:14:43+00:00,63781,75.0,60.0,10.8,0.0,,,,
2026-03-22T16:17:43+00:00,63782,75.0,60.0,10.8,0.0,,,,
2026-03-22T16:20:43+00:00,63783,75.0,61.5,10.7,0.0,,,,
2026-03-22T16:23:43+00:00,63785,75.0,62.0,10.9,0.0,,,,
2026-03-22T16:26:43+00:00,63786,75.0,61.5,10.9,0.0,,,,
2026-03-22T16:29:43+00:00,63787,75.0,61.0,10.8,0.0,,,,
2026-03-22T16:32:43+00:00,63789,75.0,60.5,10.7,0.0,,,,
2026-03-22T16:35:43+00:00,63790,75.0,61.0,10.4,0.0,,,,
2026-03-22T16:38:43+00:00,63791,75.0,63.0,9.8,0.0,,,,
2026-03-22T16:41:43+00:00,63793,75.0,64.5,9.4,0.0,,,,
2026-03-22T16:44:43+00:00,63794,75.0,65.0,9.0,0.0,,,,
2026-03-22T16:47:43+00:00,63795,75.0,66.0,8.9,0.0,,,,
2026-03-22T16:50:43+00:00,63796,75.0,67.5,8.6,0.0,,,,
2026-03-22T16:53:43+00:00,63798,75.0,68.0,8.6,0.0,,,,
2026-03-22T16:56:43+00:00,63799,75.0,68.5,8.5,0.0,,,,
2026-03-22T16:59:43+00:00,63800,75.0,69.5,8.4,0.0,,,,
2026-03-22T17:02:43+00:00,63802,75.0,69.0,8.3,0.0,,,,
2026-03-22T17:05:43+00:00,63803,75.0,69.5,8.2,0.0,,,,
2026-03-22T17:08:43+00:00,63804,75.0,69.5,8.0,0.0,,,,
2026-03-22T17:11:43+00:00,63806,75.0,70.0,8.0,0.0,,,,
2026-03-22T17:14:43+00:00,63807,75.0,70.5,7.9,0.0,,,,
2026-03-22T17:17:43+00:00,63808,75.0,71.0,7.8,0.0,,,,
2026-03-22T17:20:43+00:00,63809,75.0,71.0,7.6,0.0,,,,
2026-03-22T17:23:43+00:00,63811,75.0,71.5,7.5,0.0,,,,
2026-03-22T17:26:43+00:00,63812,75.0,72.0,7.4,0.0,,,,
2026-03-22T17:29:43+00:00,63813,75.0,72.5,7.3,0.0,,,,
2026-03-22T17:32:43+00:00,63815,75.0,72.5,7.3,0.0,,,,
2026-03-22T17:35:43+00:00,63816,75.0,73.0,7.2,0.0,,,,
2026-03-22T17:38:43+00:00,63817,75.0,73.0,7.1,0.0,,,,
2026-03-22T17:41:43+00:00,63819,75.0,73.5,7.0,0.0,,,,
2026-03-22T17:44:43+00:00,63820,75.0,74.5,6.9,0.0,,,,
2026-03-22T17:47:43+00:00,63821,75.0,74.5,6.8,0.0,,,,
2026-03-22T17:50:43+00:00,63822,75.0,74.5,6.8,0.0,,,,
2026-03-22T17:53:43+00:00,63824,75.0,75.0,6.7,0.0,,,,
2026-03-22T17:56:43+00:00,63825,75.0,75.5,6.6,0.0,,,,
2026-03-22T17:59:43+00:00,63826,75.0,76.0,6.6,0.0,,,,
2026-03-22T18:02:43+00:00,63828,75.0,76.0,6.5,0.0,,,,
2026-03-22T18:05:43+00:00,63829,74.0,76.5,6.5,0.0,,,,
2026-03-22T18:08:43+00:00,63830,74.0,76.0,6.5,0.0,,,,
2026-03-22T18:11:43+00:00,63832,74.0,76.0,6.4,0.0,,,,
2026-03-22T18:14:43+00:00,63833,74.0,76.0,6.3,0.0,,,,
2026-03-22T18:17:43+00:00,63834,74.0,76.5,6.2,0.0,,,,
2026-03-22T18:20:43+00:00,63835,74.0,76.5,6.2,0.0,,,,
2026-03-22T18:23:43+00:00,63837,74.0,76.5,6.1,0.0,,,,
2026-03-22T18:26:43+00:00,63838,74.0,77.0,5.9,0.0,,,,
2026-03-22T18:29:43+00:00,63839,74.0,77.5,6.0,0.0,,,,
2026-03-22T18:32:43+00:00,63841,74.0,77.5,6.0,0.0,,,,
2026-03-22T18:35:43+00:00,63842,74.0,79.0,6.1,0.0,,,,
2026-03-22T18:38:43+00:00,63843,74.0,78.5,6.1,0.0,,,,
2026-03-22T18:41:43+00:00,63845,74.0,78.5,6.2,0.0,,,,
2026-03-22T18:44:43+00:00,63846,74.0,78.5,6.2,0.0,,,,
2026-03-22T18:47:43+00:00,63847,74.0,79.0,6.2,0.0,,,,
2026-03-22T18:50:43+00:00,63848,74.0,77.5,6.3,0.0,,,,
2026-03-22T18:53:43+00:00,63850,74.0,77.5,6.2,0.0,,,,
2026-03-22T18:56:43+00:00,63851,74.0,77.5,6.2,0.0,,,,
2026-03-22T18:59:43+00:00,63852,74.0,77.0,6.2,0.0,,,,
2026-03-22T19:02:43+00:00,63854,74.0,77.5,6.2,0.0,,,,
2026-03-22T19:05:43+00:00,63855,74.0,78.0,6.1,0.0,,,,
2026-03-22T19:08:43+00:00,63856,74.0,79.0,6.1,0.0,,,,
2026-03-22T19:11:43+00:00,63858,74.0,79.0,6.2,0.0,,,,
2026-03-22T19:14:43+00:00,63859,74.0,79.5,6.0,0.0,,,,
2026-03-22T19:17:43+00:00,63860,74.0,80.0,6.0,0.0,,,,
2026-03-22T19:20:43+00:00,63861,74.0,80.5,6.0,0.0,,,,
2026-03-22T19:23:43+00:00,63863,74.0,80.5,6.0,0.0,,,,
2026-03-22T19:26:43+00:00,63864,74.0,80.5,6.0,0.0,,,,
2026-03-22T19:29:43+00:00,63865,74.0,80.5,5.9,0.0,,,,
2026-03-22T19:32:43+00:00,63867,74.0,80.5,6.0,0.0,,,,
2026-03-22T19:35:43+00:00,63868,74.0,80.5,5.9,0.0,,,,
2026-03-22T19:38:43+00:00,63869,74.0,81.0,5.9,0.0,,,,
2026-03-22T19:41:43+00:00,63871,74.0,81.0,5.8,0.0,,,,
2026-03-22T19:44:43+00:00,63872,74.0,80.5,5.8,0.0,,,,
2026-03-22T19:47:43+00:00,63873,74.0,80.5,5.7,0.0,,,,
2026-03-22T19:50:43+00:00,63874,74.0,81.0,5.6,0.0,,,,
2026-03-22T19:53:43+00:00,63876,74.0,81.0,5.5,0.0,,,,
2026-03-22T19:56:43+00:00,63877,74.0,82.0,5.4,0.0,,,,
2026-03-22T19:59:43+00:00,63878,74.0,82.0,5.4,0.0,,,,
2026-03-22T20:02:43+00:00,63880,74.0,82.0,5.3,0.0,,,,
2026-03-22T20:05:43+00:00,63881,74.0,82.5,5.4,0.0,,,,
2026-03-22T20:08:43+00:00,63882,74.0,83.0,5.2,0.0,,,,
2026-03-22T20:11:43+00:00,63884,74.0,83.0,5.1,0.0,,,,
2026-03-22T20:14:43+00:00,63885,74.0,83.5,5.1,0.0,,,,
2026-03-22T20:17:43+00:00,63886,74.0,83.5,5.1,0.0,,,,
2026-03-22T20:20:43+00:00,63887,74.0,83.5,5.1,0.0,,,,
2026-03-22T20:23:43+00:00,63889,74.0,84.0,5.0,0.0,,,,
2026-03-22T20:26:43+00:00,63890,74.0,84.5,4.9,0.0,,,,
2026-03-22T20:29:43+00:00,63891,74.0,85.0,4.8,0.0,,,,
2026-03-22T20:32:43+00:00,63893,74.0,85.0,4.8,0.0,,,,
2026-03-22T20:35:43+00:00,63894,74.0,85.5,4.8,0.0,,,,
2026-03-22T20:38:43+00:00,63895,74.0,85.0,4.8,0.0,,,,
2026-03-22T20:41:43+00:00,63897,74.0,85.0,4.9,0.0,,,,
2026-03-22T20:44:43+00:00,63898,74.0,84.5,4.9,0.0,,,,
2026-03-22T20:47:43+00:00,63899,74.0,84.5,4.8,0.0,,,,
2026-03-22T20:50:43+00:00,63900,74.0,84.5,4.7,0.0,,,,
2026-03-22T20:53:43+00:00,63902,74.0,84.5,4.7,0.0,,,,
2026-03-22T20:56:43+00:00,63903,74.0,84.0,4.6,0.0,,,,
2026-03-22T20:59:43+00:00,63904,74.0,84.5,4.8,0.0,,,,
2026-03-22T21:02:43+00:00,63906,74.0,84.5,4.7,0.0,,,,
2026-03-22T21:05:43+00:00,63907,74.0,85.0,4.6,0.0,,,,
2026-03-22T21:08:43+00:00,63908,74.0,85.0,4.8,0.0,,,,
2026-03-22T21:11:43+00:00,63910,74.0,85.5,4.7,0.0,,,,
2026-03-22T21:14:43+00:00,63911,74.0,85.5,4.7,0.0,,,,
2026-03-22T21:17:43+00:00,63912,74.0,85.0,4.5,0.0,,,,
2026-03-22T21:20:43+00:00,63913,74.0,85.0,4.7,0.0,,,,
2026-03-22T21:23:43+00:00,63915,74.0,85.5,4.8,0.0,,,,
2026-03-22T21:26:43+00:00,63916,74.0,85.0,4.7,0.0,,,,
2026-03-22T21:29:43+00:00,63917,74.0,86.0,4.7,0.0,,,,
2026-03-22T21:32:43+00:00,63919,74.0,86.0,4.6,0.0,,,,
2026-03-22T21:35:43+00:00,63920,74.0,86.5,4.7,0.0,,,,
2026-03-22T21:38:43+00:00,63921,74.0,86.5,4.7,0.0,,,,
2026-03-22T21:41:43+00:00,63923,74.0,86.5,4.8,0.0,,,,
2026-03-22T21:44:43+00:00,63924,74.0,86.5,4.9,0.0,,,,
2026-03-22T21:47:43+00:00,63925,74.0,86.0,5.0,0.0,,,,
2026-03-22T21:50:43+00:00,63926,74.0,85.5,5.1,0.0,,,,
2026-03-22T21:53:43+00:00,63928,74.0,85.5,5.1,0.0,,,,
2026-03-22T21:56:43+00:00,63929,74.0,85.5,5.1,0.0,,,,
2026-03-22T21:59:43+00:00,63930,74.0,85.5,5.2,0.0,,,,
2026-03-22T22:02:43+00:00,63932,74.0,85.0,5.3,0.0,,,,
2026-03-22T22:05:43+00:00,63933,74.0,85.0,5.3,0.0,,,,
2026-03-22T22:08:43+00:00,63934,74.0,85.0,5.3,0.0,,,,
2026-03-22T22:11:43+00:00,63936,74.0,84.5,5.3,0.0,,,,
2026-03-22T22:14:43+00:00,63937,74.0,84.5,5.4,0.0,,,,
2026-03-22T22:17:43+00:00,63938,74.0,84.0,5.3,0.0,,,,
2026-03-22T22:20:43+00:00,63939,74.0,83.5,5.4,0.0,,,,
2026-03-22T22:23:43+00:00,63941,74.0,83.5,5.3,0.0,,,,
2026-03-22T22:26:43+00:00,63942,74.0,83.5,5.5,0.0,,,,
2026-03-22T22:29:43+00:00,63943,74.0,83.5,5.4,0.0,,,,
2026-03-22T22:32:43+00:00,63945,74.0,83.0,5.5,0.0,,,,
2026-03-22T22:35:43+00:00,63946,74.0,83.5,5.5,0.0,,,,
2026-03-22T22:38:43+00:00,63947,74.0,83.0,5.4,0.0,,,,
2026-03-22T22:41:43+00:00,63949,74.0,83.5,5.4,0.0,,,,
2026-03-22T22:44:43+00:00,63950,74.0,83.5,5.6,0.0,,,,
2026-03-22T22:47:43+00:00,63951,74.0,83.5,5.5,0.0,,,,
2026-03-22T22:50:43+00:00,63952,74.0,83.5,5.6,0.0,,,,
2026-03-22T22:53:43+00:00,63954,74.0,83.5,5.5,0.0,,,,
2026-03-22T22:56:43+00:00,63955,74.0,84.0,5.6,0.0,,,,
2026-03-22T22:59:43+00:00,63956,74.0,84.0,5.5,0.0,,,,
2026-03-22T23:02:43+00:00,63958,74.0,84.5,5.5,0.0,,,,
2026-03-22T23:05:43+00:00,63959,74.0,84.5,5.5,0.0,,,,
2026-03-22T23:08:43+00:00,63960,74.0,84.5,5.5,0.0,,,,
2026-03-22T23:11:43+00:00,63962,74.0,84.5,5.5,0.0,,,,
2026-03-22T23:14:43+00:00,63963,74.0,84.5,5.5,0.0,,,,
2026-03-22T23:17:43+00:00,63964,74.0,84.5,5.5,0.0,,,,
2026-03-22T23:20:43+00:00,63965,74.0,84.0,5.5,0.0,,,,
2026-03-22T23:23:43+00:00,63967,74.0,84.0,5.5,0.0,,,,
2026-03-22T23:26:43+00:00,63968,74.0,83.5,5.5,0.0,,,,
2026-03-22T23:29:43+00:00,63969,74.0,83.0,5.4,0.0,,,,
2026-03-22T23:32:43+00:00,63971,74.0,83.5,5.4,0.0,,,,
2026-03-22T23:35:43+00:00,63972,74.0,83.0,5.4,0.0,,,,
2026-03-22T23:38:43+00:00,63973,74.0,83.5,5.4,0.0,,,,
2026-03-22T23:41:43+00:00,63975,74.0,83.5,5.4,0.0,,,,
2026-03-22T23:44:42+00:00,63976,74.0,83.5,5.3,0.0,,,,
2026-03-22T23:47:42+00:00,63977,74.0,83.5,5.4,0.0,,,,
2026-03-22T23:50:43+00:00,63978,74.0,83.5,5.5,0.0,,,,
2026-03-22T23:53:42+00:00,63980,74.0,83.5,5.5,0.0,,,,
2026-03-22T23:56:42+00:00,63981,74.0,84.0,5.5,0.0,,,,
2026-03-22T23:59:42+00:00,63982,74.0,84.5,5.5,0.0,,,,
2026-03-23T00:02:42+00:00,63984,74.0,84.5,5.4,0.0,,,,
2026-03-23T00:05:42+00:00,63985,74.0,84.5,5.5,0.0,,,,
2026-03-23T00:08:42+00:00,63986,74.0,84.0,5.4,0.0,,,,
2026-03-23T00:11:42+00:00,63988,74.0,84.0,5.4,0.0,,,,
2026-03-23T00:14:42+00:00,63989,74.0,84.0,5.4,0.0,,,,
2026-03-23T00:17:42+00:00,63990,74.0,84.0,5.3,0.0,,,,
2026-03-23T00:20:42+00:00,63991,74.0,83.5,5.2,0.0,,,,
2026-03-23T00:23:42+00:00,63993,74.0,83.0,5.1,0.0,,,,
2026-03-23T00:26:42+00:00,63994,74.0,83.0,5.2,0.0,,,,
2026-03-23T00:29:42+00:00,63995,74.0,83.0,5.2,0.0,,,,
2026-03-23T00:32:42+00:00,63997,74.0,83.0,5.1,0.0,,,,
2026-03-23T00:35:42+00:00,63998,74.0,83.0,5.2,0.0,,,,
2026-03-23T00:38:42+00:00,63999,74.0,83.0,5.3,0.0,,,,
2026-03-23T00:41:42+00:00,64001,74.0,82.5,5.2,0.0,,,,
2026-03-23T00:44:42+00:00,64002,74.0,82.5,5.2,0.0,,,,
2026-03-23T00:47:42+00:00,64003,74.0,82.5,5.3,0.0,,,,
2026-03-23T00:50:42+00:00,64004,74.0,83.0,5.3,0.0,,,,
2026-03-23T00:53:42+00:00,64006,74.0,82.5,5.2,0.0,,,,
2026-03-23T00:56:42+00:00,64007,74.0,82.5,5.2,0.0,,,,
2026-03-23T00:59:42+00:00,64008,74.0,82.5,5.1,0.0,,,,
2026-03-23T01:02:42+00:00,64009,74.0,82.5,5.1,0.0,,,,
2026-03-23T01:05:42+00:00,64010,74.0,82.5,5.0,0.0,,,,
2026-03-23T01:08:42+00:00,64011,74.0,83.0,5.0,0.0,,,,
2026-03-23T01:11:42+00:00,64012,74.0,83.0,5.1,0.0,,,,
2026-03-23T01:14:42+00:00,64013,74.0,83.0,5.1,0.0,,,,
2026-03-23T01:17:42+00:00,64014,74.0,83.0,4.9,0.0,,,,
2026-03-23T01:20:42+00:00,64015,74.0,83.0,4.9,0.0,,,,
2026-03-23T01:23:42+00:00,64016,74.0,82.5,5.0,0.0,,,,
2026-03-23T01:26:42+00:00,64017,74.0,82.5,4.9,0.0,,,,
2026-03-23T01:29:42+00:00,64018,74.0,82.5,4.9,0.0,,,,
2026-03-23T01:32:42+00:00,64019,74.0,83.0,4.8,0.0,,,,
2026-03-23T01:35:42+00:00,64020,74.0,83.0,4.9,0.0,,,,
2026-03-23T01:38:42+00:00,64021,74.0,83.0,4.9,0.0,,,,
2026-03-23T01:41:42+00:00,64022,74.0,83.5,4.9,0.0,,,,
2026-03-23T01:44:42+00:00,64023,74.0,83.5,4.9,0.0,,,,
2026-03-23T01:47:42+00:00,64024,74.0,83.5,4.9,0.0,,,,
2026-03-23T01:50:42+00:00,64025,74.0,83.5,5.0,0.0,,,,
2026-03-23T01:53:42+00:00,64026,74.0,83.5,5.1,0.0,,,,
2026-03-23T01:56:42+00:00,64027,74.0,83.5,5.1,0.0,,,,
2026-03-23T01:59:42+00:00,64028,74.0,83.5,5.1,0.0,,,,
2026-03-23T02:02:42+00:00,64029,74.0,83.5,5.0,0.0,,,,
2026-03-23T02:05:42+00:00,64030,74.0,83.5,5.0,0.0,,,,
2026-03-23T02:08:42+00:00,64031,74.0,83.0,5.1,0.0,,,,
2026-03-23T02:11:42+00:00,64032,74.0,83.0,5.0,0.0,,,,
2026-03-23T02:14:42+00:00,64033,74.0,83.5,4.8,0.0,,,,
2026-03-23T02:17:42+00:00,64034,74.0,83.5,4.8,0.0,,,,
2026-03-23T02:20:42+00:00,64035,74.0,83.5,4.9,0.0,,,,
2026-03-23T02:23:42+00:00,64036,74.0,83.5,4.8,0.0,,,,
2026-03-23T02:26:42+00:00,64037,74.0,84.0,4.8,0.0,,,,
2026-03-23T02:29:42+00:00,64038,74.0,84.0,4.9,0.0,,,,
2026-03-23T02:32:42+00:00,64039,74.0,83.5,4.8,0.0,,,,
2026-03-23T02:35:42+00:00,64040,74.0,84.0,4.8,0.0,,,,
2026-03-23T02:38:42+00:00,64041,74.0,84.0,4.7,0.0,,,,
2026-03-23T02:41:42+00:00,64042,74.0,84.0,4.6,0.0,,,,
2026-03-23T02:44:42+00:00,64043,74.0,84.5,4.4,0.0,,,,
2026-03-23T02:47:42+00:00,64044,74.0,85.0,4.4,0.0,,,,
2026-03-23T02:50:42+00:00,64045,74.0,85.0,4.4,0.0,,,,
2026-03-23T02:53:42+00:00,64046,74.0,85.0,4.3,0.0,,,,
2026-03-23T02:56:42+00:00,64047,74.0,85.5,4.2,0.0,,,,
2026-03-23T02:59:42+00:00,64048,74.0,86.0,4.3,0.0,,,,
2026-03-23T03:02:42+00:00,64049,74.0,85.5,4.2,0.0,,,,
2026-03-23T03:05:42+00:00,64050,74.0,86.0,4.2,0.0,,,,
2026-03-23T03:08:42+00:00,64051,74.0,86.0,4.1,0.0,,,,
2026-03-23T03:11:42+00:00,64052,74.0,86.0,4.1,0.0,,,,
2026-03-23T03:14:42+00:00,64053,74.0,86.5,4.0,0.0,,,,
2026-03-23T03:17:42+00:00,64054,74.0,87.0,4.0,0.0,,,,
2026-03-23T03:20:42+00:00,64055,74.0,87.5,4.2,0.0,,,,
2026-03-23T03:23:42+00:00,64056,74.0,87.5,4.2,0.0,,,,
2026-03-23T03:26:42+00:00,64057,74.0,87.5,4.4,0.0,,,,
2026-03-23T03:29:42+00:00,64058,74.0,87.5,4.3,0.0,,,,
2026-03-23T03:32:42+00:00,64059,74.0,87.5,4.2,0.0,,,,
2026-03-23T03:35:42+00:00,64060,74.0,87.5,4.2,0.0,,,,
2026-03-23T03:38:42+00:00,64061,74.0,87.5,4.2,0.0,,,,
2026-03-23T03:41:42+00:00,64062,74.0,87.5,4.2,0.0,,,,
2026-03-23T03:44:42+00:00,64063,74.0,87.5,4.2,0.0,,,,
2026-03-23T03:47:42+00:00,64064,74.0,87.5,4.2,0.0,,,,
2026-03-23T03:50:42+00:00,64065,74.0,87.5,4.3,0.0,,,,
2026-03-23T03:53:42+00:00,64066,74.0,87.5,4.2,0.0,,,,
2026-03-23T03:56:42+00:00,64067,74.0,87.5,4.2,0.0,,,,
2026-03-23T03:59:42+00:00,64068,74.0,87.5,4.4,0.0,,,,
2026-03-23T04:02:42+00:00,64069,74.0,87.5,4.4,0.0,,,,
2026-03-23T04:05:42+00:00,64070,74.0,87.0,4.4,0.0,,,,
2026-03-23T04:08:42+00:00,64071,74.0,87.0,4.5,0.0,,,,
2026-03-23T04:11:42+00:00,64072,74.0,86.5,4.4,0.0,,,,
2026-03-23T04:14:42+00:00,64073,74.0,86.5,4.6,0.0,,,,
2026-03-23T04:17:42+00:00,64074,74.0,86.5,4.5,0.0,,,,
2026-03-23T04:20:42+00:00,64075,74.0,86.5,4.7,0.0,,,,
2026-03-23T04:23:42+00:00,64076,74.0,86.5,4.6,0.0,,,,
2026-03-23T04:26:42+00:00,64077,74.0,86.5,4.7,0.0,,,,
2026-03-23T04:29:42+00:00,64078,74.0,86.5,4.7,0.0,,,,
2026-03-23T04:32:42+00:00,64079,74.0,86.5,4.8,0.0,,,,
2026-03-23T04:35:42+00:00,64080,74.0,86.5,4.8,0.0,,,,
2026-03-23T04:38:42+00:00,64081,74.0,86.5,4.9,0.0,,,,
2026-03-23T04:41:42+00:00,64082,74.0,86.5,4.8,0.0,,,,
2026-03-23T04:44:42+00:00,64083,74.0,86.5,4.8,0.0,,,,
2026-03-23T04:47:42+00:00,64084,74.0,86.5,4.7,0.0,,,,
2026-03-23T04:50:42+00:00,64085,74.0,87.0,4.8,0.0,,,,
2026-03-23T04:53:42+00:00,64086,74.0,87.0,4.7,0.0,,,,
2026-03-23T04:56:42+00:00,64087,74.0,87.0,4.8,0.0,,,,
2026-03-23T04:59:42+00:00,64088,74.0,87.0,4.8,0.0,,,,
2026-03-23T05:02:42+00:00,64089,74.0,87.0,4.7,0.0,,,,
2026-03-23T05:05:42+00:00,64090,74.0,87.5,4.7,0.0,,,,
2026-03-23T05:08:43+00:00,64091,74.0,87.5,4.7,0.0,,,,
2026-03-23T05:11:42+00:00,64092,74.0,87.5,4.7,0.0,,,,
2026-03-23T05:14:42+00:00,64093,74.0,88.0,4.6,0.0,,,,
2026-03-23T05:17:42+00:00,64094,74.0,88.0,4.6,0.0,,,,
2026-03-23T05:20:42+00:00,64095,74.0,88.5,4.6,0.0,,,,
2026-03-23T05:23:42+00:00,64096,74.0,88.0,4.6,0.0,,,,
2026-03-23T05:26:42+00:00,64097,74.0,88.0,4.7,0.0,,,,
2026-03-23T05:29:42+00:00,64098,74.0,88.0,4.7,0.0,,,,
2026-03-23T05:32:42+00:00,64099,74.0,88.0,4.6,0.0,,,,
2026-03-23T05:35:42+00:00,64100,74.0,88.0,4.5,0.0,,,,
2026-03-23T05:38:42+00:00,64101,74.0,88.0,4.4,0.0,,,,
2026-03-23T05:41:42+00:00,64102,74.0,88.0,4.3,0.0,,,,
2026-03-23T05:44:42+00:00,64103,74.0,88.0,4.2,0.0,,,,
2026-03-23T05:47:42+00:00,64104,74.0,88.5,4.0,0.0,,,,
2026-03-23T05:50:42+00:00,64105,74.0,89.5,3.9,0.0,,,,
2026-03-23T05:53:42+00:00,64106,74.0,89.5,3.9,0.0,,,,
2026-03-23T05:56:42+00:00,64107,74.0,90.5,3.9,0.0,,,,
2026-03-23T05:59:42+00:00,64108,74.0,90.5,3.9,0.0,,,,
2026-03-23T06:02:42+00:00,64109,74.0,90.5,3.9,0.0,,,,
2026-03-23T06:05:42+00:00,64110,74.0,91.0,3.9,0.0,,,,
2026-03-23T06:08:42+00:00,64111,74.0,91.0,3.8,0.0,,,,
2026-03-23T06:11:42+00:00,64112,74.0,91.0,3.8,0.0,,,,
2026-03-23T06:14:42+00:00,64113,74.0,91.0,3.9,0.0,,,,
2026-03-23T06:17:42+00:00,64114,74.0,91.0,3.9,0.0,,,,
2026-03-23T06:20:42+00:00,64115,74.0,91.0,3.9,0.0,,,,
2026-03-23T06:23:42+00:00,64116,74.0,91.0,3.8,0.0,,,,
2026-03-23T06:26:42+00:00,64117,74.0,91.0,3.8,0.0,,,,
2026-03-23T06:29:42+00:00,64118,74.0,91.0,3.8,0.0,,,,
2026-03-23T06:32:42+00:00,64119,74.0,91.0,4.0,0.0,,,,
2026-03-23T06:35:42+00:00,64120,74.0,91.0,4.1,0.0,,,,
2026-03-23T06:38:42+00:00,64121,74.0,90.5,4.2,0.0,,,,
2026-03-23T06:41:42+00:00,64122,74.0,90.0,4.3,0.0,,,,
2026-03-23T06:44:42+00:00,64123,74.0,89.0,4.4,0.0,,,,
2026-03-23T06:47:42+00:00,64124,74.0,89.0,4.6,0.0,,,,
2026-03-23T06:50:42+00:00,64125,74.0,88.0,4.7,0.0,,,,
2026-03-23T06:53:42+00:00,64126,74.0,87.5,4.9,0.0,,,,
2026-03-23T06:56:42+00:00,64127,74.0,86.5,5.0,0.0,,,,
2026-03-23T06:59:42+00:00,64128,74.0,86.0,5.2,0.0,,,,
2026-03-23T07:02:42+00:00,64129,74.0,85.5,5.4,0.0,,,,
2026-03-23T07:05:42+00:00,64130,74.0,85.0,5.5,0.0,,,,
2026-03-23T07:08:42+00:00,64131,74.0,83.5,5.6,0.0,,,,
2026-03-23T07:11:42+00:00,64132,74.0,82.5,5.7,0.0,,,,
2026-03-23T07:14:42+00:00,64133,74.0,82.5,5.8,0.0,,,,
2026-03-23T07:17:42+00:00,64134,74.0,82.5,6.1,0.0,,,,
2026-03-23T07:20:42+00:00,64135,74.0,81.0,6.2,0.0,,,,
2026-03-23T07:23:42+00:00,64136,74.0,80.0,6.4,0.0,,,,
2026-03-23T07:26:42+00:00,64137,74.0,78.5,6.4,0.0,,,,
2026-03-23T07:29:42+00:00,64138,74.0,78.5,6.5,0.0,,,,
2026-03-23T07:32:42+00:00,64139,74.0,78.0,6.6,0.0,,,,
2026-03-23T07:35:42+00:00,64140,74.0,78.5,6.7,0.0,,,,
2026-03-23T07:38:41+00:00,64141,74.0,77.5,6.7,0.0,,,,
2026-03-23T07:41:41+00:00,64142,74.0,77.0,6.8,0.0,,,,
2026-03-23T07:44:41+00:00,64143,74.0,77.0,6.8,0.0,,,,
2026-03-23T07:47:41+00:00,64144,74.0,77.0,6.7,0.0,,,,
2026-03-23T07:50:41+00:00,64145,74.0,77.0,7.0,0.0,,,,
2026-03-23T07:53:41+00:00,64146,74.0,76.5,7.1,0.0,,,,
2026-03-23T07:56:41+00:00,64147,74.0,77.0,7.3,0.0,,,,
2026-03-23T07:59:41+00:00,64148,74.0,75.0,7.6,0.0,,,,
2026-03-23T08:02:41+00:00,64149,74.0,73.0,7.8,0.0,,,,
2026-03-23T08:05:42+00:00,64150,74.0,72.0,7.8,0.0,,,,
2026-03-23T08:08:41+00:00,64151,74.0,71.0,8.0,0.0,,,,
2026-03-23T08:11:41+00:00,64152,74.0,71.0,8.1,0.0,,,,
2026-03-23T08:14:41+00:00,64153,74.0,70.0,8.3,0.0,,,,
2026-03-23T08:17:41+00:00,64154,74.0,69.0,8.5,0.0,,,,
2026-03-23T08:20:41+00:00,64155,74.0,66.5,8.7,0.0,,,,
2026-03-23T08:23:41+00:00,64156,74.0,67.0,8.7,0.0,,,,
2026-03-23T08:26:41+00:00,64157,74.0,67.0,8.9,0.0,,,,
2026-03-23T08:29:41+00:00,64158,74.0,66.0,9.2,0.0,,,,
2026-03-23T08:32:41+00:00,64159,74.0,67.0,9.3,0.0,,,,
2026-03-23T08:35:41+00:00,64160,74.0,64.5,9.5,0.0,,,,
2026-03-23T08:38:41+00:00,64161,74.0,64.0,9.8,0.0,,,,
2026-03-23T08:41:41+00:00,64162,74.0,62.0,10.2,0.0,,,,
2026-03-23T08:44:41+00:00,64163,74.0,62.0,10.4,0.0,,,,
2026-03-23T08:47:41+00:00,64164,74.0,62.5,10.4,0.0,,,,
2026-03-23T08:50:41+00:00,64165,74.0,61.0,10.5,0.0,,,,
2026-03-23T08:53:41+00:00,64166,74.0,61.0,10.7,0.0,,,,
2026-03-23T08:56:41+00:00,64167,74.0,60.5,10.9,0.0,,,,
2026-03-23T08:59:41+00:00,64168,74.0,61.0,11.1,0.0,,,,
2026-03-23T09:02:41+00:00,64169,74.0,60.0,11.4,0.0,,,,
2026-03-23T09:05:41+00:00,64170,74.0,58.5,11.3,0.0,,,,
2026-03-23T09:08:41+00:00,64171,74.0,59.5,11.7,0.0,,,,
2026-03-23T09:11:41+00:00,64172,74.0,55.0,12.0,0.0,,,,
2026-03-23T09:14:41+00:00,64173,74.0,55.5,12.1,0.0,,,,
2026-03-23T09:17:41+00:00,64174,74.0,56.0,12.4,0.0,,,,
2026-03-23T09:20:41+00:00,64175,74.0,56.0,12.6,0.0,,,,
2026-03-23T09:23:41+00:00,64176,74.0,54.5,12.6,0.0,,,,
2026-03-23T09:26:41+00:00,64177,74.0,54.5,12.9,0.0,,,,
2026-03-23T09:29:41+00:00,64178,74.0,55.0,12.8,0.0,,,,
2026-03-23T09:32:41+00:00,64179,74.0,55.0,13.0,0.0,,,,
2026-03-23T09:35:41+00:00,64180,74.0,56.0,13.0,0.0,,,,
2026-03-23T09:38:41+00:00,64181,74.0,55.5,13.0,0.0,,,,
2026-03-23T09:41:41+00:00,64182,74.0,55.5,12.9,0.0,,,,
2026-03-23T09:44:41+00:00,64183,74.0,55.5,13.0,0.0,,,,
2026-03-23T09:47:41+00:00,64184,74.0,53.5,13.1,0.0,,,,
2026-03-23T09:50:41+00:00,64185,74.0,52.5,13.3,0.0,,,,
2026-03-23T09:53:41+00:00,64186,74.0,53.0,13.4,0.0,,,,
2026-03-23T09:56:41+00:00,64187,74.0,55.0,13.4,0.0,,,,
2026-03-23T09:59:41+00:00,64188,74.0,55.5,13.6,0.0,,,,
2026-03-23T10:02:41+00:00,64189,74.0,54.0,13.7,0.0,,,,
2026-03-23T10:05:41+00:00,64190,74.0,53.0,14.0,0.0,,,,
2026-03-23T10:08:41+00:00,64191,74.0,52.0,14.5,0.0,,,,
2026-03-23T10:11:41+00:00,64192,74.0,51.5,14.8,0.0,,,,
2026-03-23T10:14:41+00:00,64193,74.0,50.5,15.0,0.0,,,,
2026-03-23T10:17:41+00:00,64194,74.0,50.0,15.1,0.0,,,,
2026-03-23T10:20:41+00:00,64195,74.0,51.5,15.2,0.0,,,,
2026-03-23T10:23:41+00:00,64196,74.0,50.5,15.4,0.0,,,,
2026-03-23T10:26:41+00:00,64197,74.0,49.5,16.0,0.0,,,,
2026-03-23T10:29:41+00:00,64198,74.0,49.0,15.9,0.0,,,,
2026-03-23T10:32:41+00:00,64199,74.0,48.5,16.1,0.0,,,,
2026-03-23T10:35:41+00:00,64200,74.0,48.5,16.4,0.0,,,,
2026-03-23T10:38:41+00:00,64201,74.0,48.5,16.0,0.0,,,,
2026-03-23T10:41:41+00:00,64202,74.0,51.5,15.6,0.0,,,,
2026-03-23T10:44:41+00:00,64203,74.0,51.0,15.4,0.0,,,,
2026-03-23T10:47:41+00:00,64204,74.0,50.5,15.5,0.0,,,,
2026-03-23T10:50:41+00:00,64205,74.0,50.0,15.9,0.0,,,,
2026-03-23T10:53:41+00:00,64206,74.0,50.0,15.9,0.0,,,,
2026-03-23T10:56:41+00:00,64207,74.0,49.5,16.1,0.0,,,,
2026-03-23T10:59:41+00:00,64208,74.0,48.0,16.3,0.0,,,,
2026-03-23T11:02:41+00:00,64209,74.0,49.5,15.9,0.0,,,,
2026-03-23T11:05:41+00:00,64210,74.0,50.0,15.2,0.0,,,,
2026-03-23T11:08:41+00:00,64211,74.0,51.0,14.6,0.0,,,,
2026-03-23T11:11:41+00:00,64212,74.0,53.5,14.1,0.0,,,,
2026-03-23T11:14:41+00:00,64213,74.0,54.0,13.7,0.0,,,,
2026-03-23T11:17:41+00:00,64214,74.0,55.5,13.4,0.0,,,,
2026-03-23T11:20:41+00:00,64215,74.0,56.0,12.8,0.0,,,,
2026-03-23T11:23:41+00:00,64216,74.0,57.0,12.2,0.0,,,,
2026-03-23T11:26:41+00:00,64217,74.0,60.0,11.5,0.0,,,,
2026-03-23T11:29:41+00:00,64218,74.0,61.5,11.3,0.0,,,,
2026-03-23T11:32:41+00:00,64219,74.0,64.0,11.1,0.0,,,,
2026-03-23T11:35:41+00:00,64220,74.0,66.0,10.9,0.0,,,,
2026-03-23T11:38:41+00:00,64221,74.0,67.0,10.6,0.0,,,,
2026-03-23T11:41:41+00:00,64222,74.0,67.0,10.6,0.0,,,,
2026-03-23T11:44:41+00:00,64223,74.0,67.0,10.5,0.0,,,,
2026-03-23T11:47:41+00:00,64224,74.0,67.5,10.3,0.0,,,,
2026-03-23T11:50:41+00:00,64225,74.0,69.0,10.2,0.0,,,,
2026-03-23T11:53:41+00:00,64226,74.0,68.0,10.2,0.0,,,,
2026-03-23T11:56:41+00:00,64227,74.0,69.0,10.2,0.0,,,,
2026-03-23T11:59:41+00:00,64228,74.0,70.5,10.3,0.0,,,,
2026-03-23T12:02:41+00:00,64229,74.0,69.5,10.7,0.0,,,,
2026-03-23T12:05:41+00:00,64230,74.0,65.5,11.4,0.0,,,,
2026-03-23T12:08:41+00:00,64231,74.0,62.5,11.7,0.0,,,,
2026-03-23T12:11:41+00:00,64232,74.0,64.0,11.7,0.0,,,,
2026-03-23T12:14:41+00:00,64233,74.0,59.5,12.4,0.0,,,,
2026-03-23T12:17:41+00:00,64234,74.0,57.5,12.9,0.0,,,,
2026-03-23T12:20:41+00:00,64235,74.0,53.5,13.5,0.0,,,,
2026-03-23T12:23:41+00:00,64236,74.0,51.5,13.9,0.0,,,,
2026-03-23T12:26:41+00:00,64237,74.0,52.5,14.3,0.0,,,,
2026-03-23T12:29:41+00:00,64238,74.0,50.5,14.8,0.0,,,,
2026-03-23T12:32:46+00:00,64239,74.0,49.0,15.5,0.0,,,,
2026-03-23T12:35:41+00:00,64240,74.0,46.5,15.7,0.0,,,,
2026-03-23T12:38:41+00:00,64241,74.0,47.0,15.9,0.0,,,,
2026-03-23T12:41:41+00:00,64242,74.0,46.5,16.0,0.0,,,,
2026-03-23T12:44:41+00:00,64243,74.0,44.5,15.7,0.0,,,,
2026-03-23T12:47:41+00:00,64244,74.0,46.0,15.5,0.0,,,,
2026-03-23T12:50:41+00:00,64245,74.0,46.0,15.0,0.0,,,,
2026-03-23T12:53:41+00:00,64246,74.0,47.0,14.4,0.0,,,,
2026-03-23T12:56:41+00:00,64247,74.0,47.0,14.1,0.0,,,,
2026-03-23T12:59:41+00:00,64248,74.0,48.5,14.3,0.0,,,,
2026-03-23T13:02:41+00:00,64249,74.0,47.0,14.6,0.0,,,,
2026-03-23T13:05:41+00:00,64250,74.0,48.0,15.1,0.0,,,,
2026-03-23T13:08:41+00:00,64251,74.0,46.5,15.7,0.0,,,,
2026-03-23T13:11:41+00:00,64252,74.0,45.0,15.6,0.0,,,,
2026-03-23T13:14:41+00:00,64253,74.0,45.0,15.6,0.0,,,,
2026-03-23T13:17:41+00:00,64254,74.0,45.5,15.5,0.0,,,,
2026-03-23T13:20:41+00:00,64255,74.0,47.0,15.8,0.0,,,,
2026-03-23T13:23:41+00:00,64256,74.0,46.5,15.8,0.0,,,,
2026-03-23T13:26:41+00:00,64257,74.0,46.0,15.8,0.0,,,,
2026-03-23T13:29:41+00:00,64258,74.0,46.5,16.1,0.0,,,,
2026-03-23T13:32:41+00:00,64259,74.0,46.5,16.1,0.0,,,,
2026-03-23T13:35:41+00:00,64260,74.0,45.5,16.4,0.0,,,,
2026-03-23T13:38:41+00:00,64261,74.0,45.0,16.6,0.0,,,,
2026-03-23T13:41:41+00:00,64262,74.0,45.0,16.4,0.0,,,,
2026-03-23T13:44:41+00:00,64263,74.0,45.0,16.4,0.0,,,,
2026-03-23T13:47:41+00:00,64264,74.0,45.5,16.9,0.0,,,,
2026-03-23T13:50:41+00:00,64265,74.0,45.5,16.8,0.0,,,,
2026-03-23T13:53:41+00:00,64266,74.0,46.5,15.9,0.0,,,,
2026-03-23T13:56:41+00:00,64267,74.0,48.5,15.3,0.0,,,,
2026-03-23T13:59:41+00:00,64268,74.0,49.5,14.6,0.0,,,,
2026-03-23T14:02:41+00:00,64269,74.0,51.5,14.4,0.0,,,,
2026-03-23T14:05:41+00:00,64270,74.0,50.0,14.8,0.0,,,,
2026-03-23T14:08:41+00:00,64271,74.0,49.5,15.0,0.0,,,,
2026-03-23T14:11:41+00:00,64272,74.0,49.0,14.4,0.0,,,,
2026-03-23T14:14:41+00:00,64273,74.0,51.5,14.1,0.0,,,,
2026-03-23T14:17:41+00:00,64274,74.0,52.0,13.9,0.0,,,,
2026-03-23T14:20:41+00:00,64275,74.0,52.0,13.8,0.0,,,,
2026-03-23T14:23:41+00:00,64276,74.0,52.0,14.0,0.0,,,,
2026-03-23T14:26:41+00:00,64277,74.0,51.5,13.9,0.0,,,,
2026-03-23T14:29:41+00:00,64278,74.0,52.5,13.6,0.0,,,,
2026-03-23T14:32:41+00:00,64279,74.0,52.5,13.6,0.0,,,,
2026-03-23T14:35:41+00:00,64280,74.0,52.5,13.6,0.0,,,,
2026-03-23T14:38:41+00:00,64281,74.0,53.0,13.3,0.0,,,,
2026-03-23T14:41:41+00:00,64282,74.0,53.0,13.2,0.0,,,,
2026-03-23T14:44:41+00:00,64283,74.0,53.0,13.1,0.0,,,,
2026-03-23T14:47:41+00:00,64284,74.0,52.5,13.1,0.0,,,,
2026-03-23T14:50:41+00:00,64285,74.0,52.0,13.0,0.0,,,,
2026-03-23T14:53:41+00:00,64286,74.0,53.0,13.0,0.0,,,,
2026-03-23T14:56:41+00:00,64287,74.0,52.5,13.1,0.0,,,,
2026-03-23T14:59:41+00:00,64288,74.0,52.5,13.1,0.0,,,,
2026-03-23T15:02:41+00:00,64289,74.0,52.5,13.5,0.0,,,,
2026-03-23T15:05:41+00:00,64290,74.0,51.0,14.1,0.0,,,,
2026-03-23T15:08:41+00:00,64291,74.0,48.0,14.5,0.0,,,,
2026-03-23T15:11:41+00:00,64292,74.0,46.0,15.0,0.0,,,,
2026-03-23T15:14:41+00:00,64293,74.0,45.0,15.4,0.0,,,,
2026-03-23T15:17:41+00:00,64294,74.0,44.5,15.7,0.0,,,,
2026-03-23T15:20:41+00:00,64295,74.0,43.5,16.0,0.0,,,,
2026-03-23T15:23:41+00:00,64296,74.0,42.5,16.3,0.0,,,,
2026-03-23T15:26:41+00:00,64297,74.0,42.0,16.2,0.0,,,,
2026-03-23T15:29:41+00:00,64298,74.0,42.5,16.0,0.0,,,,
2026-03-23T15:32:40+00:00,64299,74.0,42.0,16.3,0.0,,,,
2026-03-23T15:35:40+00:00,64300,74.0,43.0,16.6,0.0,,,,
2026-03-23T15:38:40+00:00,64301,74.0,42.0,17.0,0.0,,,,
2026-03-23T15:41:40+00:00,64302,74.0,40.0,17.3,0.0,,,,
2026-03-23T15:44:40+00:00,64303,74.0,40.5,17.1,0.0,,,,
2026-03-23T15:47:40+00:00,64304,74.0,40.5,17.0,0.0,,,,
2026-03-23T15:50:40+00:00,64305,74.0,40.5,16.7,0.0,,,,
2026-03-23T15:53:40+00:00,64306,74.0,41.0,16.3,0.0,,,,
2026-03-23T15:56:40+00:00,64307,74.0,42.0,15.6,0.0,,,,
2026-03-23T15:59:40+00:00,64308,74.0,44.0,15.0,0.0,,,,
2026-03-23T16:02:40+00:00,64309,74.0,45.5,14.6,0.0,,,,
2026-03-23T16:05:40+00:00,64310,74.0,46.0,14.4,0.0,,,,
2026-03-23T16:08:40+00:00,64311,74.0,45.5,14.5,0.0,,,,
2026-03-23T16:11:40+00:00,64312,74.0,46.0,14.6,0.0,,,,
2026-03-23T16:14:40+00:00,64313,74.0,45.5,14.9,0.0,,,,
2026-03-23T16:17:40+00:00,64314,74.0,45.5,15.2,0.0,,,,
2026-03-23T16:20:40+00:00,64315,74.0,43.5,15.2,0.0,,,,
2026-03-23T16:23:40+00:00,64316,74.0,44.5,14.9,0.0,,,,
2026-03-23T16:26:40+00:00,64317,74.0,45.5,14.9,0.0,,,,
2026-03-23T16:29:40+00:00,64318,74.0,45.0,15.1,0.0,,,,
2026-03-23T16:32:40+00:00,64319,74.0,44.5,15.4,0.0,,,,
2026-03-23T16:35:40+00:00,64320,74.0,44.5,15.7,0.0,,,,
2026-03-23T16:38:40+00:00,64321,74.0,43.0,16.0,0.0,,,,
2026-03-23T16:41:40+00:00,64322,74.0,39.5,15.8,0.0,,,,
2026-03-23T16:44:40+00:00,64323,74.0,39.5,15.5,0.0,,,,
2026-03-23T16:47:40+00:00,64324,74.0,41.0,15.5,0.0,,,,
2026-03-23T16:50:40+00:00,64325,74.0,40.0,15.3,0.0,,,,
2026-03-23T16:53:40+00:00,64326,74.0,40.5,15.0,0.0,,,,
2026-03-23T16:56:40+00:00,64327,74.0,40.5,14.8,0.0,,,,
2026-03-23T16:59:40+00:00,64328,74.0,38.5,14.6,0.0,,,,
2026-03-23T17:02:40+00:00,64329,74.0,39.0,14.4,0.0,,,,
2026-03-23T17:05:40+00:00,64330,74.0,40.0,14.4,0.0,,,,
2026-03-23T17:08:40+00:00,64331,74.0,39.0,14.3,0.0,,,,
2026-03-23T17:11:40+00:00,64332,74.0,41.0,14.1,0.0,,,,
2026-03-23T17:14:40+00:00,64333,74.0,41.5,13.7,0.0,,,,
2026-03-23T17:17:40+00:00,64334,74.0,42.5,13.5,0.0,,,,
2026-03-23T17:20:40+00:00,64335,74.0,43.5,13.2,0.0,,,,
2026-03-23T17:23:40+00:00,64336,74.0,43.0,13.1,0.0,,,,
2026-03-23T17:26:40+00:00,64337,74.0,44.0,12.8,0.0,,,,
2026-03-23T17:29:40+00:00,64338,74.0,45.0,12.7,0.0,,,,
2026-03-23T17:32:40+00:00,64339,74.0,45.5,12.5,0.0,,,,
2026-03-23T17:35:40+00:00,64340,74.0,45.5,12.3,0.0,,,,
2026-03-23T17:38:40+00:00,64341,74.0,46.0,12.2,0.0,,,,
2026-03-23T17:41:40+00:00,64342,74.0,47.0,12.1,0.0,,,,
2026-03-23T17:44:40+00:00,64343,74.0,48.0,11.9,0.0,,,,
2026-03-23T17:47:40+00:00,64344,74.0,48.0,11.7,0.0,,,,
2026-03-23T17:50:40+00:00,64345,74.0,48.0,11.6,0.0,,,,
2026-03-23T17:53:40+00:00,64346,74.0,49.0,11.5,0.0,,,,
2026-03-23T17:56:40+00:00,64347,74.0,49.0,11.5,0.0,,,,
2026-03-23T17:59:40+00:00,64348,74.0,49.5,11.3,0.0,,,,
2026-03-23T18:02:40+00:00,64349,74.0,50.0,11.3,0.0,,,,
2026-03-23T18:05:40+00:00,64350,74.0,50.0,11.2,0.0,,,,
2026-03-23T18:08:40+00:00,64351,74.0,51.0,11.2,0.0,,,,
2026-03-23T18:11:40+00:00,64352,74.0,51.0,11.1,0.0,,,,
2026-03-23T18:14:40+00:00,64353,74.0,51.5,11.0,0.0,,,,
2026-03-23T18:17:40+00:00,64354,74.0,52.5,10.9,0.0,,,,
2026-03-23T18:20:40+00:00,64355,74.0,52.5,10.9,0.0,,,,
2026-03-23T18:23:40+00:00,64356,74.0,53.0,10.8,0.0,,,,
2026-03-23T18:26:40+00:00,64357,74.0,53.5,10.6,0.0,,,,
2026-03-23T18:29:40+00:00,64358,74.0,53.5,10.6,0.0,,,,
2026-03-23T18:32:40+00:00,64359,74.0,54.0,10.6,0.0,,,,
2026-03-23T18:35:40+00:00,64360,74.0,54.5,10.5,0.0,,,,
2026-03-23T18:41:40+00:00,64361,74.0,55.5,10.4,0.0,,,,
2026-03-23T18:44:40+00:00,64362,74.0,56.0,10.3,0.0,,,,
2026-03-23T18:47:40+00:00,64363,74.0,56.5,10.3,0.0,,,,
2026-03-23T18:53:40+00:00,64364,74.0,57.0,10.1,0.0,,,,
2026-03-23T18:56:40+00:00,64365,74.0,57.0,10.0,0.0,,,,
2026-03-23T19:02:40+00:00,64366,74.0,58.0,9.8,0.0,,,,
2026-03-23T19:05:40+00:00,64367,74.0,58.5,9.7,0.0,,,,
2026-03-23T19:08:40+00:00,64368,74.0,58.5,9.6,0.0,,,,
2026-03-23T19:11:40+00:00,64369,74.0,59.0,9.5,0.0,,,,
2026-03-23T19:17:40+00:00,64370,74.0,59.0,9.3,0.0,,,,
2026-03-23T19:20:40+00:00,64371,74.0,59.0,9.3,0.0,,,,
2026-03-23T19:23:40+00:00,64372,74.0,59.0,9.2,0.0,,,,
2026-03-23T19:26:40+00:00,64373,74.0,59.5,9.2,0.0,,,,
2026-03-23T19:29:40+00:00,64374,74.0,59.5,9.1,0.0,,,,
2026-03-23T19:32:40+00:00,64375,74.0,59.5,9.1,0.0,,,,
2026-03-23T19:35:40+00:00,64376,74.0,60.0,9.1,0.0,,,,
2026-03-23T19:38:40+00:00,64377,74.0,60.5,9.1,0.0,,,,
2026-03-23T19:44:40+00:00,64378,74.0,61.0,9.1,0.0,,,,
2026-03-23T19:47:40+00:00,64379,74.0,61.0,9.1,0.0,,,,
2026-03-23T19:50:40+00:00,64380,74.0,61.0,9.2,0.0,,,,
2026-03-23T19:53:40+00:00,64381,74.0,61.0,9.1,0.0,,,,
2026-03-23T19:56:40+00:00,64382,74.0,61.0,9.1,0.0,,,,
2026-03-23T19:59:40+00:00,64383,74.0,60.5,9.2,0.0,,,,
2026-03-23T20:02:40+00:00,64384,74.0,60.0,9.2,0.0,,,,
2026-03-23T20:05:40+00:00,64385,74.0,60.0,9.3,0.0,,,,
2026-03-23T20:08:40+00:00,64386,74.0,60.0,9.3,0.0,,,,
2026-03-23T20:11:40+00:00,64387,74.0,59.5,9.2,0.0,,,,
2026-03-23T20:14:40+00:00,64388,74.0,59.5,9.2,0.0,,,,
2026-03-23T20:17:40+00:00,64389,74.0,59.5,9.3,0.0,,,,
2026-03-23T20:20:40+00:00,64390,74.0,60.0,9.3,0.0,,,,
2026-03-23T20:23:40+00:00,64391,74.0,59.5,9.3,0.0,,,,
2026-03-23T20:26:40+00:00,64392,74.0,60.0,9.2,0.0,,,,
2026-03-23T20:29:40+00:00,64393,74.0,59.5,9.4,0.0,,,,
2026-03-23T20:32:40+00:00,64394,74.0,60.0,9.2,0.0,,,,
2026-03-23T20:35:40+00:00,64395,74.0,59.5,9.1,0.0,,,,
2026-03-23T20:38:40+00:00,64396,74.0,59.5,9.2,0.0,,,,
2026-03-23T20:41:40+00:00,64397,74.0,59.5,9.2,0.0,,,,
2026-03-23T20:44:40+00:00,64398,74.0,59.5,9.1,0.0,,,,
2026-03-23T20:47:40+00:00,64399,74.0,60.0,9.0,0.0,,,,
2026-03-23T20:50:40+00:00,64400,74.0,60.5,8.9,0.0,,,,
2026-03-23T20:53:40+00:00,64401,74.0,60.5,8.8,0.0,,,,
2026-03-23T20:56:40+00:00,64402,74.0,60.5,8.9,0.0,,,,
2026-03-23T20:59:40+00:00,64403,74.0,60.5,8.9,0.0,,,,
2026-03-23T21:02:40+00:00,64404,74.0,60.0,8.9,0.0,,,,
2026-03-23T21:05:40+00:00,64405,74.0,59.5,8.9,0.0,,,,
2026-03-23T21:08:40+00:00,64406,74.0,59.0,9.0,0.0,,,,
2026-03-23T21:11:40+00:00,64407,74.0,59.0,8.9,0.0,,,,
2026-03-23T21:14:40+00:00,64408,74.0,59.5,8.9,0.0,,,,
2026-03-23T21:17:40+00:00,64409,74.0,59.5,8.9,0.0,,,,
2026-03-23T21:20:40+00:00,64410,74.0,60.0,8.9,0.0,,,,
2026-03-23T21:23:40+00:00,64411,74.0,60.0,8.8,0.0,,,,
2026-03-23T21:26:40+00:00,64412,74.0,60.0,8.8,0.0,,,,
2026-03-23T21:29:40+00:00,64413,74.0,60.0,8.6,0.0,,,,
2026-03-23T21:32:40+00:00,64414,74.0,60.0,8.6,0.0,,,,
2026-03-23T21:35:40+00:00,64415,74.0,60.5,8.6,0.0,,,,
2026-03-23T21:38:40+00:00,64416,74.0,60.5,8.5,0.0,,,,
2026-03-23T21:41:40+00:00,64417,74.0,60.5,8.4,0.0,,,,
2026-03-23T21:44:40+00:00,64418,74.0,60.5,8.3,0.0,,,,
2026-03-23T21:47:40+00:00,64419,74.0,61.0,8.2,0.0,,,,
2026-03-23T21:50:40+00:00,64420,74.0,60.5,8.2,0.0,,,,
2026-03-23T21:53:40+00:00,64421,74.0,61.0,8.2,0.0,,,,
2026-03-23T21:56:40+00:00,64422,74.0,61.0,8.2,0.0,,,,
2026-03-23T21:59:40+00:00,64423,74.0,61.0,8.0,0.0,,,,
2026-03-23T22:02:40+00:00,64424,74.0,61.0,8.1,0.0,,,,
2026-03-23T22:05:40+00:00,64425,74.0,60.5,8.1,0.0,,,,
2026-03-23T22:08:40+00:00,64426,74.0,60.0,8.1,0.0,,,,
2026-03-23T22:11:40+00:00,64427,74.0,60.0,8.2,0.0,,,,
2026-03-23T22:14:40+00:00,64428,74.0,60.0,8.2,0.0,,,,
2026-03-23T22:17:40+00:00,64429,74.0,59.5,8.2,0.0,,,,
2026-03-23T22:20:40+00:00,64430,74.0,60.0,8.1,0.0,,,,
2026-03-23T22:23:40+00:00,64431,74.0,60.0,8.1,0.0,,,,
2026-03-23T22:26:40+00:00,64432,74.0,60.0,7.9,0.0,,,,
2026-03-23T22:29:40+00:00,64433,74.0,60.5,7.9,0.0,,,,
2026-03-23T22:32:40+00:00,64434,74.0,61.0,7.8,0.0,,,,
2026-03-23T22:35:40+00:00,64435,74.0,61.5,7.8,0.0,,,,
2026-03-23T22:38:40+00:00,64436,74.0,61.5,7.7,0.0,,,,
2026-03-23T22:41:40+00:00,64437,74.0,61.5,7.6,0.0,,,,
2026-03-23T22:44:40+00:00,64438,74.0,62.0,7.5,0.0,,,,
2026-03-23T22:47:40+00:00,64439,74.0,62.0,7.4,0.0,,,,
2026-03-23T22:50:40+00:00,64440,74.0,62.5,7.2,0.0,,,,
2026-03-23T22:53:40+00:00,64441,74.0,63.0,7.2,0.0,,,,
2026-03-23T22:56:40+00:00,64442,74.0,63.0,7.1,0.0,,,,
2026-03-23T22:59:40+00:00,64443,74.0,63.5,7.1,0.0,,,,
2026-03-23T23:02:40+00:00,64444,74.0,64.0,6.9,0.0,,,,
2026-03-23T23:05:40+00:00,64445,74.0,64.0,6.8,0.0,,,,
2026-03-23T23:08:40+00:00,64446,74.0,65.0,6.8,0.0,,,,
2026-03-23T23:11:40+00:00,64447,74.0,65.0,6.6,0.0,,,,
2026-03-23T23:14:40+00:00,64448,74.0,66.5,6.5,0.0,,,,
2026-03-23T23:17:40+00:00,64449,74.0,67.0,6.3,0.0,,,,
2026-03-23T23:20:40+00:00,64450,74.0,68.0,6.3,0.0,,,,
2026-03-23T23:23:40+00:00,64451,74.0,69.0,6.2,0.0,,,,
2026-03-23T23:26:40+00:00,64452,74.0,70.0,6.1,0.0,,,,
2026-03-23T23:29:40+00:00,64453,74.0,70.0,6.1,0.0,,,,
2026-03-23T23:32:40+00:00,64454,74.0,70.5,6.1,0.0,,,,
2026-03-23T23:35:40+00:00,64455,74.0,70.5,5.9,0.0,,,,
2026-03-23T23:38:40+00:00,64456,74.0,71.0,5.8,0.0,,,,
2026-03-23T23:41:40+00:00,64457,74.0,71.5,5.8,0.0,,,,
2026-03-23T23:44:40+00:00,64458,74.0,72.0,5.6,0.0,,,,
2026-03-23T23:47:40+00:00,64459,74.0,72.0,5.6,0.0,,,,
2026-03-23T23:50:40+00:00,64460,74.0,71.5,5.4,0.0,,,,
2026-03-23T23:53:40+00:00,64461,74.0,72.5,5.4,0.0,,,,
2026-03-23T23:56:40+00:00,64462,74.0,72.0,5.6,0.0,,,,
2026-03-23T23:59:40+00:00,64463,74.0,72.0,5.5,0.0,,,,
2026-03-24T00:02:39+00:00,64464,74.0,72.5,5.4,0.0,,,,
2026-03-24T00:05:40+00:00,64465,74.0,72.5,5.3,0.0,,,,
2026-03-24T00:08:39+00:00,64466,74.0,72.5,5.2,0.0,,,,
2026-03-24T00:11:39+00:00,64467,74.0,73.0,5.2,0.0,,,,
2026-03-24T00:14:39+00:00,64468,74.0,72.5,5.0,0.0,,,,
2026-03-24T00:17:39+00:00,64469,74.0,73.0,4.8,0.0,,,,
2026-03-24T00:20:39+00:00,64470,74.0,73.5,4.9,0.0,,,,
2026-03-24T00:23:39+00:00,64471,74.0,74.0,4.8,0.0,,,,
2026-03-24T00:26:39+00:00,64472,74.0,74.0,4.7,0.0,,,,
2026-03-24T00:29:39+00:00,64473,74.0,74.5,4.7,0.0,,,,
2026-03-24T00:32:39+00:00,64474,74.0,74.0,4.7,0.0,,,,
2026-03-24T00:35:39+00:00,64475,74.0,74.0,4.8,0.0,,,,
2026-03-24T00:38:39+00:00,64476,74.0,74.0,4.8,0.0,,,,
2026-03-24T00:41:39+00:00,64477,74.0,74.5,4.6,0.0,,,,
2026-03-24T00:44:39+00:00,64478,74.0,75.0,4.8,0.0,,,,
2026-03-24T00:47:39+00:00,64479,74.0,73.5,5.0,0.0,,,,
2026-03-24T00:50:39+00:00,64480,74.0,73.5,5.1,0.0,,,,
2026-03-24T00:53:39+00:00,64481,74.0,73.5,4.9,0.0,,,,
2026-03-24T00:56:39+00:00,64482,74.0,73.5,4.9,0.0,,,,
2026-03-24T00:59:39+00:00,64483,74.0,73.5,4.8,0.0,,,,
2026-03-24T01:02:39+00:00,64484,74.0,73.5,4.9,0.0,,,,
2026-03-24T01:05:39+00:00,64485,74.0,73.0,5.0,0.0,,,,
2026-03-24T01:08:39+00:00,64486,74.0,72.5,5.1,0.0,,,,
2026-03-24T01:11:39+00:00,64487,74.0,72.5,5.0,0.0,,,,
2026-03-24T01:14:39+00:00,64488,74.0,72.5,5.0,0.0,,,,
2026-03-24T01:17:39+00:00,64489,74.0,72.5,4.9,0.0,,,,
2026-03-24T01:20:39+00:00,64490,74.0,73.0,4.9,0.0,,,,
2026-03-24T01:23:39+00:00,64491,74.0,73.5,4.8,0.0,,,,
2026-03-24T01:26:39+00:00,64492,74.0,74.0,4.7,0.0,,,,
2026-03-24T01:29:39+00:00,64493,74.0,74.0,4.7,0.0,,,,
2026-03-24T01:32:39+00:00,64494,74.0,74.5,4.6,0.0,,,,
2026-03-24T01:35:39+00:00,64495,74.0,74.5,4.5,0.0,,,,
2026-03-24T01:38:39+00:00,64496,74.0,74.5,4.4,0.0,,,,
2026-03-24T01:41:39+00:00,64497,74.0,75.0,4.4,0.0,,,,
2026-03-24T01:44:39+00:00,64498,74.0,75.0,4.4,0.0,,,,
2026-03-24T01:47:39+00:00,64499,74.0,75.0,4.1,0.0,,,,
2026-03-24T01:50:39+00:00,64500,74.0,76.0,3.9,0.0,,,,
2026-03-24T01:53:39+00:00,64501,74.0,77.0,3.7,0.0,,,,
2026-03-24T01:56:39+00:00,64502,74.0,77.0,3.7,0.0,,,,
2026-03-24T01:59:39+00:00,64503,74.0,77.0,3.8,0.0,,,,
2026-03-24T02:02:39+00:00,64504,74.0,76.5,3.9,0.0,,,,
2026-03-24T02:05:39+00:00,64505,74.0,76.0,3.9,0.0,,,,
2026-03-24T02:08:39+00:00,64506,74.0,75.5,3.8,0.0,,,,
2026-03-24T02:11:39+00:00,64507,74.0,75.0,4.0,0.0,,,,
2026-03-24T02:14:39+00:00,64508,74.0,75.0,4.2,0.0,,,,
2026-03-24T02:17:39+00:00,64509,74.0,74.5,4.2,0.0,,,,
2026-03-24T02:20:39+00:00,64510,74.0,73.5,4.3,0.0,,,,
2026-03-24T02:23:39+00:00,64511,74.0,72.5,4.6,0.0,,,,
2026-03-24T02:26:39+00:00,64512,74.0,71.5,4.6,0.0,,,,
2026-03-24T02:29:39+00:00,64513,74.0,71.5,4.7,0.0,,,,
2026-03-24T02:32:39+00:00,64514,74.0,72.5,4.5,0.0,,,,
2026-03-24T02:35:39+00:00,64515,74.0,73.0,4.3,0.0,,,,
2026-03-24T02:38:39+00:00,64516,74.0,73.5,4.2,0.0,,,,
2026-03-24T02:41:39+00:00,64517,74.0,75.5,4.4,0.0,,,,
2026-03-24T02:44:39+00:00,64518,74.0,76.0,4.2,0.0,,,,
2026-03-24T02:47:39+00:00,64519,74.0,76.5,4.3,0.0,,,,
2026-03-24T02:50:39+00:00,64520,74.0,76.5,4.3,0.0,,,,
2026-03-24T02:53:39+00:00,64521,74.0,76.5,4.1,0.0,,,,
2026-03-24T02:56:39+00:00,64522,74.0,76.0,4.1,0.0,,,,
2026-03-24T02:59:39+00:00,64523,74.0,76.5,4.1,0.0,,,,
2026-03-24T03:02:39+00:00,64524,74.0,77.0,4.0,0.0,,,,
2026-03-24T03:05:39+00:00,64525,74.0,77.5,4.0,0.0,,,,
2026-03-24T03:08:39+00:00,64526,74.0,77.5,3.9,0.0,,,,
2026-03-24T03:11:39+00:00,64527,74.0,77.5,3.8,0.0,,,,
2026-03-24T03:14:39+00:00,64528,74.0,78.0,3.8,0.0,,,,
2026-03-24T03:17:39+00:00,64529,74.0,78.0,3.8,0.0,,,,
2026-03-24T03:20:39+00:00,64530,74.0,78.5,3.6,0.0,,,,
2026-03-24T03:23:39+00:00,64531,74.0,79.0,3.6,0.0,,,,
2026-03-24T03:26:39+00:00,64532,74.0,78.5,3.7,0.0,,,,
2026-03-24T03:29:39+00:00,64533,74.0,78.5,3.8,0.0,,,,
2026-03-24T03:32:39+00:00,64534,74.0,77.5,4.0,0.0,,,,
2026-03-24T03:35:39+00:00,64535,74.0,77.5,3.9,0.0,,,,
2026-03-24T03:38:39+00:00,64536,74.0,77.5,3.8,0.0,,,,
2026-03-24T03:41:39+00:00,64537,74.0,77.5,3.9,0.0,,,,
2026-03-24T03:44:39+00:00,64538,74.0,77.5,3.8,0.0,,,,
2026-03-24T03:47:39+00:00,64539,74.0,78.0,3.7,0.0,,,,
2026-03-24T03:50:39+00:00,64540,74.0,78.0,3.9,0.0,,,,
2026-03-24T03:53:39+00:00,64541,74.0,77.5,3.8,0.0,,,,
2026-03-24T03:56:39+00:00,64542,74.0,77.5,4.0,0.0,,,,
2026-03-24T03:59:39+00:00,64543,74.0,77.5,3.9,0.0,,,,
2026-03-24T04:02:39+00:00,64544,74.0,77.5,3.9,0.0,,,,
2026-03-24T04:05:39+00:00,64545,74.0,77.5,3.9,0.0,,,,
2026-03-24T04:08:39+00:00,64546,74.0,77.5,3.9,0.0,,,,
2026-03-24T04:11:39+00:00,64547,74.0,77.0,3.9,0.0,,,,
2026-03-24T04:14:39+00:00,64548,74.0,77.0,3.9,0.0,,,,
2026-03-24T04:17:39+00:00,64549,74.0,77.0,4.0,0.0,,,,
2026-03-24T04:20:39+00:00,64550,74.0,76.5,3.9,0.0,,,,
2026-03-24T04:23:39+00:00,64551,74.0,77.0,3.8,0.0,,,,
2026-03-24T04:26:39+00:00,64552,74.0,77.0,3.8,0.0,,,,
2026-03-24T04:29:39+00:00,64553,74.0,77.0,3.8,0.0,,,,
2026-03-24T04:32:39+00:00,64554,74.0,77.0,3.6,0.0,,,,
2026-03-24T04:35:39+00:00,64555,74.0,77.5,3.5,0.0,,,,
2026-03-24T04:38:39+00:00,64556,74.0,78.5,3.5,0.0,,,,
2026-03-24T04:41:39+00:00,64557,74.0,78.0,3.5,0.0,,,,
2026-03-24T04:44:39+00:00,64558,74.0,78.0,3.6,0.0,,,,
2026-03-24T04:47:39+00:00,64559,74.0,77.5,3.7,0.0,,,,
2026-03-24T04:50:39+00:00,64560,74.0,77.5,3.6,0.0,,,,
2026-03-24T04:53:39+00:00,64561,74.0,77.0,3.5,0.0,,,,
2026-03-24T04:56:39+00:00,64562,74.0,77.0,3.6,0.0,,,,
2026-03-24T04:59:39+00:00,64563,74.0,76.5,3.7,0.0,,,,
2026-03-24T05:02:39+00:00,64564,74.0,76.5,3.6,0.0,,,,
2026-03-24T05:05:39+00:00,64565,74.0,76.5,3.8,0.0,,,,
2026-03-24T05:08:39+00:00,64566,74.0,76.0,3.8,0.0,,,,
2026-03-24T05:11:39+00:00,64567,74.0,76.0,3.7,0.0,,,,
2026-03-24T05:14:39+00:00,64568,74.0,75.5,3.7,0.0,,,,
2026-03-24T05:17:39+00:00,64569,74.0,75.5,3.8,0.0,,,,
2026-03-24T05:20:39+00:00,64570,74.0,75.5,3.7,0.0,,,,
2026-03-24T05:23:39+00:00,64571,74.0,75.5,3.7,0.0,,,,
2026-03-24T05:26:39+00:00,64572,74.0,75.0,3.7,0.0,,,,
2026-03-24T05:29:39+00:00,64573,74.0,74.5,3.9,0.0,,,,
2026-03-24T05:32:39+00:00,64574,74.0,74.0,4.0,0.0,,,,
2026-03-24T05:35:39+00:00,64575,74.0,74.0,3.8,0.0,,,,
2026-03-24T05:38:39+00:00,64576,74.0,74.0,3.9,0.0,,,,
2026-03-24T05:41:39+00:00,64577,74.0,74.0,4.0,0.0,,,,
2026-03-24T05:44:39+00:00,64578,74.0,74.0,4.0,0.0,,,,
2026-03-24T05:47:39+00:00,64579,74.0,73.5,4.0,0.0,,,,
2026-03-24T05:50:39+00:00,64580,74.0,73.5,3.9,0.0,,,,
2026-03-24T05:53:39+00:00,64581,74.0,73.5,3.9,0.0,,,,
2026-03-24T05:56:39+00:00,64582,74.0,73.5,3.9,0.0,,,,
2026-03-24T05:59:39+00:00,64583,74.0,74.0,3.8,0.0,,,,
2026-03-24T06:02:39+00:00,64584,74.0,73.5,3.9,0.0,,,,
2026-03-24T06:05:39+00:00,64585,74.0,73.0,4.0,0.0,,,,
2026-03-24T06:08:39+00:00,64586,74.0,73.0,4.1,0.0,,,,
2026-03-24T06:11:39+00:00,64587,74.0,73.0,4.2,0.0,,,,
2026-03-24T06:14:39+00:00,64588,74.0,73.0,4.2,0.0,,,,
2026-03-24T06:17:39+00:00,64589,74.0,73.5,4.3,0.0,,,,
2026-03-24T06:20:39+00:00,64590,74.0,73.0,4.3,0.0,,,,
2026-03-24T06:23:39+00:00,64591,74.0,73.0,4.2,0.0,,,,
2026-03-24T06:26:39+00:00,64592,74.0,73.0,4.3,0.0,,,,
2026-03-24T06:29:39+00:00,64593,74.0,73.0,4.3,0.0,,,,
2026-03-24T06:32:39+00:00,64594,74.0,74.0,4.3,0.0,,,,
2026-03-24T06:35:39+00:00,64595,74.0,74.0,4.3,0.0,,,,
2026-03-24T06:38:39+00:00,64596,74.0,74.5,4.4,0.0,,,,
2026-03-24T06:41:39+00:00,64597,74.0,74.0,4.6,0.0,,,,
2026-03-24T06:44:39+00:00,64598,74.0,73.5,4.7,0.0,,,,
2026-03-24T06:47:39+00:00,64599,74.0,73.0,4.6,0.0,,,,
2026-03-24T06:50:39+00:00,64600,74.0,73.5,4.7,0.0,,,,
2026-03-24T06:53:39+00:00,64601,74.0,73.0,4.8,0.0,,,,
2026-03-24T06:56:39+00:00,64602,74.0,73.0,5.1,0.0,,,,
2026-03-24T06:59:39+00:00,64603,74.0,72.5,5.5,0.0,,,,
2026-03-24T07:02:39+00:00,64604,74.0,70.0,6.2,0.0,,,,
2026-03-24T07:05:39+00:00,64605,74.0,66.5,6.7,0.0,,,,
2026-03-24T07:08:39+00:00,64606,74.0,65.5,6.9,0.0,,,,
2026-03-24T07:11:39+00:00,64607,74.0,65.5,7.1,0.0,,,,
2026-03-24T07:14:39+00:00,64608,74.0,66.0,7.2,0.0,,,,
2026-03-24T07:17:39+00:00,64609,74.0,66.5,7.1,0.0,,,,
2026-03-24T07:20:39+00:00,64610,74.0,67.5,7.0,0.0,,,,
2026-03-24T07:23:39+00:00,64611,74.0,68.0,6.9,0.0,,,,
2026-03-24T07:26:39+00:00,64612,74.0,68.5,6.9,0.0,,,,
2026-03-24T07:29:39+00:00,64613,74.0,68.5,7.0,0.0,,,,
2026-03-24T07:32:39+00:00,64614,74.0,69.0,7.0,0.0,,,,
2026-03-24T07:35:39+00:00,64615,74.0,68.5,7.0,0.0,,,,
2026-03-24T07:38:39+00:00,64616,74.0,68.5,7.0,0.0,,,,
2026-03-24T07:41:39+00:00,64617,74.0,68.0,7.0,0.0,,,,
2026-03-24T07:44:39+00:00,64618,74.0,66.5,7.0,0.0,,,,
2026-03-24T07:47:39+00:00,64619,74.0,67.0,7.1,0.0,,,,
2026-03-24T07:50:39+00:00,64620,74.0,67.0,7.2,0.0,,,,
2026-03-24T07:53:39+00:00,64621,74.0,68.0,7.3,0.0,,,,
2026-03-24T07:56:39+00:00,64622,74.0,69.0,7.3,0.0,,,,
2026-03-24T07:59:39+00:00,64623,74.0,70.0,7.3,0.0,,,,
2026-03-24T08:02:39+00:00,64624,74.0,68.5,7.2,0.0,,,,
2026-03-24T08:05:39+00:00,64625,74.0,69.0,7.3,0.0,,,,
2026-03-24T08:08:39+00:00,64626,74.0,68.5,7.4,0.0,,,,
2026-03-24T08:11:39+00:00,64627,74.0,68.0,7.5,0.0,,,,
2026-03-24T08:14:39+00:00,64628,74.0,69.5,7.6,0.0,,,,
2026-03-24T08:17:39+00:00,64629,74.0,70.0,7.6,0.0,,,,
2026-03-24T08:20:39+00:00,64630,74.0,70.0,7.7,0.0,,,,
2026-03-24T08:23:39+00:00,64631,74.0,70.5,7.8,0.0,,,,
2026-03-24T08:26:39+00:00,64632,74.0,69.5,8.0,0.0,,,,
2026-03-24T08:29:39+00:00,64633,74.0,68.0,8.3,0.0,,,,
2026-03-24T08:32:39+00:00,64634,74.0,69.0,8.7,0.0,,,,
2026-03-24T08:35:39+00:00,64635,74.0,68.5,8.8,0.0,,,,
2026-03-24T08:38:39+00:00,64636,74.0,68.0,9.2,0.0,,,,
2026-03-24T08:41:39+00:00,64637,74.0,65.5,9.7,0.0,,,,
2026-03-24T08:44:39+00:00,64638,74.0,62.0,10.0,0.0,,,,
2026-03-24T08:47:39+00:00,64639,74.0,61.0,10.2,0.0,,,,
2026-03-24T08:50:39+00:00,64640,74.0,57.5,10.6,0.0,,,,
2026-03-24T08:53:39+00:00,64641,74.0,58.0,10.9,0.0,,,,
2026-03-24T08:56:39+00:00,64642,74.0,57.0,11.3,0.0,,,,
2026-03-24T08:59:39+00:00,64643,74.0,56.0,11.2,0.0,,,,
2026-03-24T09:02:39+00:00,64644,74.0,56.5,11.5,0.0,,,,
2026-03-24T09:05:39+00:00,64645,74.0,54.0,11.6,0.0,,,,
2026-03-24T09:08:39+00:00,64646,74.0,55.5,11.5,0.0,,,,
2026-03-24T09:11:39+00:00,64647,74.0,55.0,11.7,0.0,,,,
2026-03-24T09:14:39+00:00,64648,74.0,53.0,12.0,0.0,,,,
2026-03-24T09:17:39+00:00,64649,74.0,51.5,11.9,0.0,,,,
2026-03-24T09:20:39+00:00,64650,74.0,53.0,11.8,0.0,,,,
2026-03-24T09:23:39+00:00,64651,74.0,54.0,12.0,0.0,,,,
2026-03-24T09:26:39+00:00,64652,74.0,52.5,12.3,0.0,,,,
2026-03-24T09:29:39+00:00,64653,74.0,52.0,12.3,0.0,,,,
2026-03-24T09:32:39+00:00,64654,74.0,52.5,12.6,0.0,,,,
2026-03-24T09:35:39+00:00,64655,74.0,51.5,12.8,0.0,,,,
2026-03-24T09:38:39+00:00,64656,74.0,50.5,12.9,0.0,,,,
2026-03-24T09:41:39+00:00,64657,74.0,51.0,12.8,0.0,,,,
2026-03-24T09:44:39+00:00,64658,74.0,51.5,12.8,0.0,,,,
2026-03-24T09:47:39+00:00,64659,74.0,51.0,13.5,0.0,,,,
2026-03-24T09:50:39+00:00,64660,74.0,51.0,13.5,0.0,,,,
2026-03-24T09:53:38+00:00,64661,74.0,51.0,13.5,0.0,,,,
2026-03-24T09:56:38+00:00,64662,74.0,51.0,14.0,0.0,,,,
2026-03-24T09:59:38+00:00,64663,74.0,50.0,14.0,0.0,,,,
2026-03-24T10:02:38+00:00,64664,74.0,49.0,14.3,0.0,,,,
2026-03-24T10:05:38+00:00,64665,74.0,49.5,14.2,0.0,,,,
2026-03-24T10:08:38+00:00,64666,74.0,49.5,14.4,0.0,,,,
2026-03-24T10:11:38+00:00,64667,74.0,48.0,14.5,0.0,,,,
2026-03-24T10:14:38+00:00,64668,74.0,47.0,14.5,0.0,,,,
2026-03-24T10:17:38+00:00,64669,74.0,47.0,14.4,0.0,,,,
2026-03-24T10:20:38+00:00,64670,74.0,45.5,14.5,0.0,,,,
2026-03-24T10:23:38+00:00,64671,74.0,47.0,14.1,0.0,,,,
2026-03-24T10:26:38+00:00,64672,74.0,46.5,14.2,0.0,,,,
2026-03-24T10:29:38+00:00,64673,74.0,45.5,14.4,0.0,,,,
2026-03-24T10:32:38+00:00,64674,74.0,44.5,14.4,0.0,,,,
2026-03-24T10:35:38+00:00,64675,74.0,44.0,14.6,0.0,,,,
2026-03-24T10:38:38+00:00,64676,74.0,43.5,15.2,0.0,,,,
2026-03-24T10:41:38+00:00,64677,74.0,43.0,15.2,0.0,,,,
2026-03-24T10:44:38+00:00,64678,74.0,43.0,15.0,0.0,,,,
2026-03-24T10:47:38+00:00,64679,74.0,44.0,15.0,0.0,,,,
2026-03-24T10:50:39+00:00,64680,74.0,45.5,14.5,0.0,,,,
2026-03-24T10:53:38+00:00,64681,74.0,45.0,14.8,0.0,,,,
2026-03-24T10:56:38+00:00,64682,74.0,45.5,15.0,0.0,,,,
2026-03-24T10:59:38+00:00,64683,74.0,44.5,15.1,0.0,,,,
2026-03-24T11:02:38+00:00,64684,74.0,43.5,15.2,0.0,,,,
2026-03-24T11:05:38+00:00,64685,74.0,42.0,15.2,0.0,,,,
2026-03-24T11:08:38+00:00,64686,74.0,44.5,15.1,0.0,,,,
2026-03-24T11:11:38+00:00,64687,74.0,43.5,15.1,0.0,,,,
2026-03-24T11:14:38+00:00,64688,74.0,44.0,15.2,0.0,,,,
2026-03-24T11:17:38+00:00,64689,74.0,43.5,15.2,0.0,,,,
2026-03-24T11:20:38+00:00,64690,74.0,42.0,15.2,0.0,,,,
2026-03-24T11:23:38+00:00,64691,74.0,42.5,15.2,0.0,,,,
2026-03-24T11:26:38+00:00,64692,74.0,41.0,15.4,0.0,,,,
2026-03-24T11:29:38+00:00,64693,74.0,41.5,15.6,0.0,,,,
2026-03-24T11:32:38+00:00,64694,74.0,42.5,15.7,0.0,,,,
2026-03-24T11:35:38+00:00,64695,74.0,42.5,15.8,0.0,,,,
2026-03-24T11:38:38+00:00,64696,74.0,41.0,15.8,0.0,,,,
2026-03-24T11:41:38+00:00,64697,74.0,41.5,15.9,0.0,,,,
2026-03-24T11:44:38+00:00,64698,74.0,41.0,15.9,0.0,,,,
2026-03-24T11:47:38+00:00,64699,74.0,41.5,16.1,0.0,,,,
2026-03-24T11:50:38+00:00,64700,74.0,40.5,16.1,0.0,,,,
2026-03-24T11:53:38+00:00,64701,74.0,41.0,16.0,0.0,,,,
2026-03-24T11:56:38+00:00,64702,74.0,41.0,15.8,0.0,,,,
2026-03-24T11:59:38+00:00,64703,74.0,40.5,16.0,0.0,,,,
2026-03-24T12:02:38+00:00,64704,74.0,41.0,16.1,0.0,,,,
2026-03-24T12:05:38+00:00,64705,74.0,42.0,16.1,0.0,,,,
2026-03-24T12:08:38+00:00,64706,74.0,42.5,16.4,0.0,,,,
2026-03-24T12:11:38+00:00,64707,74.0,40.0,16.4,0.0,,,,
2026-03-24T12:14:38+00:00,64708,74.0,41.0,16.3,0.0,,,,
2026-03-24T12:17:38+00:00,64709,74.0,41.5,16.4,0.0,,,,
2026-03-24T12:20:38+00:00,64710,74.0,41.0,16.7,0.0,,,,
2026-03-24T12:23:38+00:00,64711,74.0,40.0,16.9,0.0,,,,
2026-03-24T12:26:38+00:00,64712,74.0,41.5,16.9,0.0,,,,
2026-03-24T12:29:38+00:00,64713,74.0,39.5,17.0,0.0,,,,
2026-03-24T12:32:38+00:00,64714,74.0,39.5,17.0,0.0,,,,
2026-03-24T12:35:38+00:00,64715,74.0,39.5,17.4,0.0,,,,
2026-03-24T12:38:38+00:00,64716,74.0,38.5,17.4,0.0,,,,
2026-03-24T12:41:38+00:00,64717,74.0,39.0,17.6,0.0,,,,
2026-03-24T12:44:38+00:00,64718,74.0,39.0,17.4,0.0,,,,
2026-03-24T12:47:38+00:00,64719,74.0,41.5,17.3,0.0,,,,
2026-03-24T12:50:38+00:00,64720,74.0,39.5,17.4,0.0,,,,
2026-03-24T12:53:38+00:00,64721,74.0,40.0,17.5,0.0,,,,
2026-03-24T12:56:38+00:00,64722,74.0,41.0,17.5,0.0,,,,
2026-03-24T12:59:38+00:00,64723,74.0,40.5,17.4,0.0,,,,
2026-03-24T13:02:38+00:00,64724,74.0,40.5,17.3,0.0,,,,
2026-03-24T13:05:38+00:00,64725,74.0,39.0,17.5,0.0,,,,
2026-03-24T13:08:38+00:00,64726,74.0,40.5,17.4,0.0,,,,
2026-03-24T13:11:38+00:00,64727,74.0,40.0,17.6,0.0,,,,
2026-03-24T13:14:38+00:00,64728,74.0,40.5,17.3,0.0,,,,
2026-03-24T13:17:38+00:00,64729,74.0,40.5,17.3,0.0,,,,
2026-03-24T13:20:38+00:00,64730,74.0,40.5,17.5,0.0,,,,
2026-03-24T13:23:38+00:00,64731,74.0,41.5,17.5,0.0,,,,
2026-03-24T13:26:38+00:00,64732,74.0,40.5,17.7,0.0,,,,
2026-03-24T13:29:38+00:00,64733,74.0,40.5,18.0,0.0,,,,
2026-03-24T13:32:38+00:00,64734,74.0,40.0,18.0,0.0,,,,
2026-03-24T13:35:38+00:00,64735,74.0,41.5,18.1,0.0,,,,
2026-03-24T13:38:38+00:00,64736,74.0,39.5,18.4,0.0,,,,
2026-03-24T13:41:38+00:00,64737,74.0,38.0,18.3,0.0,,,,
2026-03-24T13:44:38+00:00,64738,74.0,38.5,18.3,0.0,,,,
2026-03-24T13:47:38+00:00,64739,74.0,36.0,18.5,0.0,,,,
2026-03-24T13:50:38+00:00,64740,74.0,34.0,18.6,0.0,,,,
2026-03-24T13:53:38+00:00,64741,74.0,34.5,18.5,0.0,,,,
2026-03-24T13:56:38+00:00,64742,74.0,33.5,18.4,0.0,,,,
2026-03-24T13:59:38+00:00,64743,74.0,31.5,18.3,0.0,,,,
2026-03-24T14:02:38+00:00,64744,74.0,32.0,18.4,0.0,,,,
2026-03-24T14:05:38+00:00,64745,74.0,30.0,18.6,0.0,,,,
2026-03-24T14:08:38+00:00,64746,74.0,32.5,18.4,0.0,,,,
2026-03-24T14:11:38+00:00,64747,74.0,32.5,18.5,0.0,,,,
2026-03-24T14:14:38+00:00,64748,74.0,31.5,18.6,0.0,,,,
2026-03-24T14:17:38+00:00,64749,74.0,32.5,18.5,0.0,,,,
2026-03-24T14:20:38+00:00,64750,74.0,29.5,18.3,0.0,,,,
2026-03-24T14:23:38+00:00,64751,74.0,29.5,18.0,0.0,,,,
2026-03-24T14:26:38+00:00,64752,74.0,33.0,17.9,0.0,,,,
2026-03-24T14:29:38+00:00,64753,74.0,30.5,18.1,0.0,,,,
2026-03-24T14:32:38+00:00,64754,74.0,31.5,18.2,0.0,,,,
2026-03-24T14:35:38+00:00,64755,74.0,28.5,18.1,0.0,,,,
2026-03-24T14:38:38+00:00,64756,74.0,28.0,17.8,0.0,,,,
2026-03-24T14:41:38+00:00,64757,74.0,28.5,17.7,0.0,,,,
2026-03-24T14:44:38+00:00,64758,74.0,28.5,17.9,0.0,,,,
2026-03-24T14:47:38+00:00,64759,74.0,32.5,17.7,0.0,,,,
2026-03-24T14:50:38+00:00,64760,74.0,31.5,17.5,0.0,,,,
2026-03-24T14:53:38+00:00,64761,74.0,32.5,17.6,0.0,,,,
2026-03-24T14:56:38+00:00,64762,74.0,31.5,17.8,0.0,,,,
2026-03-24T14:59:38+00:00,64763,74.0,31.0,17.7,0.0,,,,
2026-03-24T15:02:38+00:00,64764,74.0,32.0,17.5,0.0,,,,
2026-03-24T15:05:38+00:00,64765,74.0,33.0,17.5,0.0,,,,
2026-03-24T15:08:38+00:00,64766,74.0,32.0,17.9,0.0,,,,
2026-03-24T15:11:38+00:00,64767,74.0,32.0,18.2,0.0,,,,
2026-03-24T15:14:38+00:00,64768,74.0,34.0,18.1,0.0,,,,
2026-03-24T15:17:38+00:00,64769,74.0,32.0,18.1,0.0,,,,
2026-03-24T15:20:38+00:00,64770,74.0,33.0,18.3,0.0,,,,
2026-03-24T15:23:38+00:00,64771,74.0,31.5,18.5,0.0,,,,
2026-03-24T15:26:38+00:00,64772,74.0,32.0,18.3,0.0,,,,
2026-03-24T15:29:38+00:00,64773,74.0,32.0,17.8,0.0,,,,
2026-03-24T15:32:38+00:00,64774,74.0,33.0,17.8,0.0,,,,
2026-03-24T15:35:38+00:00,64775,74.0,33.0,17.3,0.0,,,,
2026-03-24T15:38:38+00:00,64776,74.0,33.5,17.1,0.0,,,,
2026-03-24T15:41:38+00:00,64777,74.0,32.5,17.1,0.0,,,,
2026-03-24T15:44:38+00:00,64778,74.0,33.5,17.0,0.0,,,,
2026-03-24T15:47:38+00:00,64779,74.0,34.0,17.1,0.0,,,,
2026-03-24T15:50:38+00:00,64780,74.0,33.5,17.1,0.0,,,,
2026-03-24T15:53:38+00:00,64781,74.0,34.5,17.0,0.0,,,,
2026-03-24T15:56:38+00:00,64782,74.0,34.0,16.9,0.0,,,,
2026-03-24T15:59:38+00:00,64783,74.0,34.0,16.6,0.0,,,,
2026-03-24T16:02:38+00:00,64784,74.0,35.5,16.5,0.0,,,,
2026-03-24T16:05:38+00:00,64785,74.0,37.5,16.3,0.0,,,,
2026-03-24T16:08:38+00:00,64786,74.0,36.0,16.2,0.0,,,,
2026-03-24T16:11:38+00:00,64787,74.0,37.0,16.1,0.0,,,,
2026-03-24T16:14:38+00:00,64788,74.0,36.0,16.0,0.0,,,,
2026-03-24T16:17:38+00:00,64789,74.0,35.5,15.9,0.0,,,,
2026-03-24T16:20:38+00:00,64790,74.0,36.0,15.8,0.0,,,,
2026-03-24T16:23:38+00:00,64791,74.0,35.5,15.7,0.0,,,,
2026-03-24T16:26:38+00:00,64792,74.0,35.5,15.9,0.0,,,,
2026-03-24T16:29:38+00:00,64793,74.0,36.0,15.9,0.0,,,,
2026-03-24T16:32:38+00:00,64794,74.0,36.0,16.0,0.0,,,,
2026-03-24T16:35:38+00:00,64795,74.0,36.5,15.9,0.0,,,,
2026-03-24T16:38:38+00:00,64796,74.0,36.5,15.7,0.0,,,,
2026-03-24T16:41:38+00:00,64797,74.0,35.5,15.8,0.0,,,,
2026-03-24T16:44:38+00:00,64798,74.0,35.5,15.8,0.0,,,,
2026-03-24T16:47:38+00:00,64799,74.0,36.0,15.6,0.0,,,,
2026-03-24T16:50:38+00:00,64800,74.0,36.5,15.7,0.0,,,,
2026-03-24T16:53:38+00:00,64801,74.0,35.5,15.5,0.0,,,,
2026-03-24T16:56:38+00:00,64802,74.0,34.5,15.3,0.0,,,,
2026-03-24T16:59:38+00:00,64803,74.0,39.0,15.1,0.0,,,,
2026-03-24T17:02:38+00:00,64804,74.0,39.0,15.2,0.0,,,,
2026-03-24T17:05:38+00:00,64805,74.0,40.5,15.1,0.0,,,,
2026-03-24T17:08:38+00:00,64806,74.0,41.5,15.3,0.0,,,,
2026-03-24T17:11:38+00:00,64807,74.0,40.0,15.2,0.0,,,,
2026-03-24T17:14:38+00:00,64808,74.0,41.0,15.1,0.0,,,,
2026-03-24T17:17:38+00:00,64809,74.0,41.0,15.0,0.0,,,,
2026-03-24T17:20:38+00:00,64810,74.0,42.5,14.6,0.0,,,,
2026-03-24T17:23:38+00:00,64811,74.0,45.0,14.5,0.0,,,,
2026-03-24T17:26:38+00:00,64812,74.0,45.0,14.2,0.0,,,,
2026-03-24T17:29:38+00:00,64813,74.0,45.5,13.9,0.0,,,,
2026-03-24T17:32:37+00:00,64814,74.0,47.0,13.4,0.0,,,,
2026-03-24T17:35:37+00:00,64815,74.0,49.0,13.1,0.0,,,,
2026-03-24T17:38:37+00:00,64816,74.0,50.0,12.9,0.0,,,,
2026-03-24T17:41:37+00:00,64817,74.0,52.0,12.6,0.0,,,,
2026-03-24T17:44:37+00:00,64818,74.0,52.5,12.4,0.0,,,,
2026-03-24T17:47:37+00:00,64819,74.0,53.5,12.0,0.0,,,,
2026-03-24T17:50:37+00:00,64820,74.0,54.5,11.7,0.0,,,,
2026-03-24T17:53:37+00:00,64821,74.0,55.0,11.5,0.0,,,,
2026-03-24T17:56:37+00:00,64822,74.0,55.5,11.3,0.0,,,,
2026-03-24T17:59:37+00:00,64823,74.0,58.0,10.9,0.0,,,,
2026-03-24T18:02:37+00:00,64824,74.0,58.5,10.8,0.0,,,,
2026-03-24T18:05:37+00:00,64825,74.0,60.0,10.6,0.0,,,,
2026-03-24T18:08:37+00:00,64826,74.0,59.5,10.4,0.0,,,,
2026-03-24T18:11:37+00:00,64827,74.0,60.0,10.4,0.0,,,,
2026-03-24T18:14:37+00:00,64828,74.0,61.5,10.1,0.0,,,,
2026-03-24T18:17:37+00:00,64829,74.0,61.5,10.1,0.0,,,,
2026-03-24T18:20:37+00:00,64830,74.0,60.5,10.3,0.0,,,,
2026-03-24T18:23:38+00:00,64831,74.0,61.0,10.3,0.0,,,,
2026-03-24T18:26:37+00:00,64832,74.0,58.0,10.4,0.0,,,,
2026-03-24T18:29:37+00:00,64833,74.0,57.0,10.4,0.0,,,,
2026-03-24T18:32:37+00:00,64834,74.0,57.0,10.4,0.0,,,,
2026-03-24T18:35:37+00:00,64835,74.0,55.0,10.3,0.0,,,,
2026-03-24T18:38:37+00:00,64836,74.0,54.0,10.2,0.0,,,,
2026-03-24T18:41:37+00:00,64837,74.0,54.0,10.2,0.0,,,,
2026-03-24T18:44:37+00:00,64838,74.0,54.0,10.2,0.0,,,,
2026-03-24T18:47:37+00:00,64839,74.0,54.0,10.1,0.0,,,,
2026-03-24T18:50:37+00:00,64840,74.0,53.5,10.0,0.0,,,,
2026-03-24T18:53:37+00:00,64841,74.0,54.0,10.0,0.0,,,,
2026-03-24T18:56:37+00:00,64842,74.0,54.0,9.9,0.0,,,,
2026-03-24T18:59:37+00:00,64843,74.0,55.0,9.6,0.0,,,,
2026-03-24T19:02:37+00:00,64844,74.0,54.0,9.7,0.0,,,,
2026-03-24T19:05:37+00:00,64845,74.0,54.5,9.8,0.0,,,,
2026-03-24T19:08:37+00:00,64846,74.0,55.5,9.6,0.0,,,,
2026-03-24T19:11:37+00:00,64847,74.0,55.5,9.6,0.0,,,,
2026-03-24T19:14:37+00:00,64848,74.0,56.5,9.4,0.0,,,,
2026-03-24T19:17:37+00:00,64849,74.0,56.5,9.1,0.0,,,,
2026-03-24T19:20:37+00:00,64850,74.0,55.5,9.2,0.0,,,,
2026-03-24T19:23:37+00:00,64851,74.0,55.5,9.2,0.0,,,,
2026-03-24T19:26:37+00:00,64852,74.0,55.5,9.2,0.0,,,,
2026-03-24T19:29:37+00:00,64853,74.0,55.0,9.2,0.0,,,,
2026-03-24T19:32:37+00:00,64854,74.0,55.0,9.2,0.0,,,,
2026-03-24T19:35:37+00:00,64855,74.0,54.5,9.2,0.0,,,,
2026-03-24T19:38:37+00:00,64856,74.0,55.0,9.2,0.0,,,,
2026-03-24T19:41:37+00:00,64857,74.0,55.5,9.2,0.0,,,,
2026-03-24T19:44:37+00:00,64858,74.0,56.5,9.2,0.0,,,,
2026-03-24T19:47:37+00:00,64859,74.0,55.0,9.2,0.0,,,,
2026-03-24T19:50:37+00:00,64860,74.0,54.5,9.2,0.0,,,,
2026-03-24T19:53:37+00:00,64861,74.0,53.0,9.2,0.0,,,,
2026-03-24T19:56:37+00:00,64862,74.0,53.0,9.3,0.0,,,,
2026-03-24T19:59:37+00:00,64863,74.0,54.0,9.1,0.0,,,,
2026-03-24T20:02:37+00:00,64864,74.0,54.5,9.2,0.0,,,,
2026-03-24T20:05:37+00:00,64865,74.0,55.0,9.1,0.0,,,,
2026-03-24T20:08:37+00:00,64866,74.0,53.5,9.3,0.0,,,,
2026-03-24T20:11:37+00:00,64867,74.0,54.5,9.3,0.0,,,,
2026-03-24T20:14:37+00:00,64868,74.0,55.0,9.2,0.0,,,,
2026-03-24T20:17:37+00:00,64869,74.0,55.0,9.2,0.0,,,,
2026-03-24T20:20:37+00:00,64870,74.0,56.0,9.1,0.0,,,,
2026-03-24T20:23:37+00:00,64871,74.0,56.0,8.9,0.0,,,,
2026-03-24T20:26:37+00:00,64872,74.0,56.0,8.9,0.0,,,,
2026-03-24T20:29:37+00:00,64873,74.0,55.0,8.8,0.0,,,,
2026-03-24T20:32:37+00:00,64874,74.0,55.0,8.9,0.0,,,,
2026-03-24T20:35:37+00:00,64875,74.0,55.0,8.7,0.0,,,,
2026-03-24T20:38:37+00:00,64876,74.0,55.0,8.6,0.0,,,,
2026-03-24T20:41:37+00:00,64877,74.0,55.0,8.6,0.0,,,,
2026-03-24T20:44:37+00:00,64878,74.0,54.0,8.8,0.0,,,,
2026-03-24T20:47:37+00:00,64879,74.0,54.0,8.6,0.0,,,,
2026-03-24T20:50:37+00:00,64880,74.0,54.0,8.6,0.0,,,,
2026-03-24T20:53:37+00:00,64881,74.0,54.5,8.7,0.0,,,,
2026-03-24T20:56:37+00:00,64882,74.0,54.0,8.6,0.0,,,,
2026-03-24T20:59:37+00:00,64883,74.0,53.0,8.7,0.0,,,,
2026-03-24T21:02:37+00:00,64884,74.0,53.0,8.6,0.0,,,,
2026-03-24T21:05:37+00:00,64885,74.0,53.0,8.6,0.0,,,,
2026-03-24T21:08:37+00:00,64886,74.0,52.5,8.6,0.0,,,,
2026-03-24T21:11:37+00:00,64887,74.0,53.0,8.7,0.0,,,,
2026-03-24T21:14:37+00:00,64888,74.0,53.5,8.7,0.0,,,,
2026-03-24T21:17:37+00:00,64889,74.0,53.5,8.8,0.0,,,,
2026-03-24T21:20:37+00:00,64890,74.0,54.0,8.6,0.0,,,,
2026-03-24T21:23:37+00:00,64891,74.0,53.0,8.8,0.0,,,,
2026-03-24T21:26:37+00:00,64892,74.0,51.5,8.9,0.0,,,,
2026-03-24T21:29:37+00:00,64893,74.0,51.5,8.9,0.0,,,,
2026-03-24T21:32:37+00:00,64894,74.0,51.0,9.0,0.0,,,,
2026-03-24T21:35:37+00:00,64895,74.0,51.5,8.9,0.0,,,,
2026-03-24T21:38:37+00:00,64896,74.0,51.5,8.8,0.0,,,,
2026-03-24T21:41:37+00:00,64897,74.0,52.0,8.8,0.0,,,,
2026-03-24T21:44:37+00:00,64898,74.0,52.0,8.8,0.0,,,,
2026-03-24T21:47:37+00:00,64899,74.0,53.0,8.7,0.0,,,,
2026-03-24T21:50:37+00:00,64900,74.0,53.5,8.6,0.0,,,,
2026-03-24T21:53:37+00:00,64901,74.0,54.0,8.5,0.0,,,,
2026-03-24T21:56:37+00:00,64902,74.0,54.0,8.4,0.0,,,,
2026-03-24T21:59:37+00:00,64903,74.0,53.0,8.5,0.0,,,,
2026-03-24T22:02:37+00:00,64904,74.0,53.0,8.6,0.0,,,,
2026-03-24T22:05:37+00:00,64905,74.0,53.5,8.4,0.0,,,,
2026-03-24T22:08:37+00:00,64906,74.0,54.0,8.5,0.0,,,,
2026-03-24T22:11:37+00:00,64907,74.0,54.0,8.4,0.0,,,,
2026-03-24T22:14:37+00:00,64908,74.0,54.0,8.3,0.0,,,,
2026-03-24T22:17:37+00:00,64909,74.0,54.0,8.2,0.0,,,,
2026-03-24T22:20:37+00:00,64910,74.0,54.5,8.2,0.0,,,,
2026-03-24T22:23:37+00:00,64911,74.0,55.0,8.1,0.0,,,,
2026-03-24T22:26:37+00:00,64912,74.0,55.5,8.2,0.0,,,,
2026-03-24T22:29:37+00:00,64913,74.0,56.0,8.2,0.0,,,,
2026-03-24T22:32:37+00:00,64914,74.0,56.0,8.2,0.0,,,,
2026-03-24T22:35:37+00:00,64915,74.0,56.0,8.2,0.0,,,,
2026-03-24T22:38:37+00:00,64916,74.0,56.0,8.1,0.0,,,,
2026-03-24T22:41:37+00:00,64917,74.0,57.0,8.1,0.0,,,,
2026-03-24T22:44:37+00:00,64918,74.0,57.0,7.9,0.0,,,,
2026-03-24T22:47:37+00:00,64919,74.0,58.0,7.9,0.0,,,,
2026-03-24T22:50:37+00:00,64920,74.0,57.5,7.9,0.0,,,,
2026-03-24T22:53:37+00:00,64921,74.0,58.0,7.9,0.0,,,,
2026-03-24T22:56:37+00:00,64922,74.0,58.0,7.9,0.0,,,,
2026-03-24T22:59:37+00:00,64923,74.0,59.0,7.8,0.0,,,,
2026-03-24T23:02:37+00:00,64924,74.0,59.5,7.6,0.0,,,,
2026-03-24T23:05:37+00:00,64925,74.0,59.5,7.6,0.0,,,,
2026-03-24T23:08:37+00:00,64926,74.0,59.5,7.6,0.0,,,,
2026-03-24T23:11:37+00:00,64927,74.0,59.5,7.4,0.0,,,,
2026-03-24T23:14:37+00:00,64928,74.0,60.0,7.5,0.0,,,,
2026-03-24T23:17:37+00:00,64929,74.0,60.5,7.3,0.0,,,,
2026-03-24T23:20:37+00:00,64930,74.0,60.5,7.4,0.0,,,,
2026-03-24T23:23:37+00:00,64931,74.0,60.5,7.4,0.0,,,,
2026-03-24T23:26:37+00:00,64932,74.0,61.0,7.3,0.0,,,,
2026-03-24T23:29:37+00:00,64933,74.0,61.0,7.3,0.0,,,,
2026-03-24T23:32:37+00:00,64934,74.0,61.5,7.3,0.0,,,,
2026-03-24T23:35:37+00:00,64935,74.0,62.0,7.2,0.0,,,,
2026-03-24T23:38:37+00:00,64936,74.0,62.5,7.3,0.0,,,,
2026-03-24T23:41:37+00:00,64937,74.0,63.0,7.2,0.0,,,,
2026-03-24T23:44:37+00:00,64938,74.0,63.5,7.1,0.0,,,,
2026-03-24T23:47:37+00:00,64939,74.0,64.0,7.0,0.0,,,,
2026-03-24T23:50:37+00:00,64940,74.0,64.0,7.2,0.0,,,,
2026-03-24T23:53:37+00:00,64941,74.0,63.5,7.2,0.0,,,,
2026-03-24T23:56:37+00:00,64942,74.0,64.0,7.2,0.0,,,,
2026-03-24T23:59:37+00:00,64943,74.0,64.5,7.4,0.0,,,,
2026-03-25T00:02:37+00:00,64944,74.0,65.0,7.3,0.0,,,,
2026-03-25T00:05:37+00:00,64945,74.0,65.0,7.4,0.0,,,,
2026-03-25T00:08:37+00:00,64946,74.0,65.5,7.5,0.0,,,,
2026-03-25T00:11:37+00:00,64947,74.0,66.0,7.5,0.0,,,,
2026-03-25T00:14:37+00:00,64948,74.0,66.5,7.4,0.0,,,,
2026-03-25T00:17:37+00:00,64949,74.0,66.0,7.6,0.0,,,,
2026-03-25T00:20:37+00:00,64950,74.0,66.0,7.6,0.0,,,,
2026-03-25T00:23:37+00:00,64951,74.0,66.0,7.6,0.0,,,,
2026-03-25T00:26:37+00:00,64952,74.0,66.5,7.6,0.0,,,,
2026-03-25T00:29:37+00:00,64953,74.0,66.5,7.6,0.0,,,,
2026-03-25T00:32:37+00:00,64954,74.0,66.0,7.6,0.0,,,,
2026-03-25T00:35:37+00:00,64955,74.0,66.5,7.5,0.0,,,,
2026-03-25T00:38:37+00:00,64956,74.0,67.0,7.6,0.0,,,,
2026-03-25T00:41:37+00:00,64957,74.0,67.0,7.5,0.0,,,,
2026-03-25T00:44:37+00:00,64958,74.0,67.0,7.5,0.0,,,,
2026-03-25T00:47:37+00:00,64959,74.0,67.5,7.4,0.0,,,,
2026-03-25T00:50:37+00:00,64960,74.0,67.5,7.4,0.0,,,,
2026-03-25T00:53:37+00:00,64961,74.0,68.0,7.4,0.0,,,,
2026-03-25T00:56:37+00:00,64962,74.0,68.0,7.4,0.0,,,,
2026-03-25T00:59:37+00:00,64963,74.0,68.5,7.4,0.0,,,,
2026-03-25T01:02:37+00:00,64964,74.0,68.5,7.3,0.0,,,,
2026-03-25T01:05:37+00:00,64965,74.0,68.0,7.3,0.0,,,,
2026-03-25T01:08:37+00:00,64966,74.0,68.5,7.2,0.0,,,,
2026-03-25T01:11:37+00:00,64967,74.0,68.5,7.1,0.0,,,,
2026-03-25T01:14:37+00:00,64968,74.0,69.5,7.0,0.0,,,,
2026-03-25T01:17:37+00:00,64969,74.0,70.0,6.8,0.0,,,,
2026-03-25T01:20:37+00:00,64970,74.0,70.5,6.7,0.0,,,,
2026-03-25T01:23:37+00:00,64971,74.0,71.0,6.6,0.0,,,,
2026-03-25T01:26:37+00:00,64972,74.0,71.0,6.6,0.0,,,,
2026-03-25T01:29:37+00:00,64973,74.0,71.0,6.6,0.0,,,,
2026-03-25T01:32:37+00:00,64974,74.0,71.0,6.4,0.0,,,,
2026-03-25T01:35:37+00:00,64975,74.0,72.0,6.3,0.0,,,,
2026-03-25T01:38:37+00:00,64976,74.0,71.5,6.4,0.0,,,,
2026-03-25T01:41:37+00:00,64977,74.0,71.5,6.4,0.0,,,,
2026-03-25T01:44:37+00:00,64978,74.0,71.5,6.4,0.0,,,,
2026-03-25T01:47:37+00:00,64979,74.0,71.0,6.2,0.0,,,,
2026-03-25T01:50:37+00:00,64980,74.0,71.0,6.1,0.0,,,,
2026-03-25T01:53:37+00:00,64981,74.0,71.0,6.1,0.0,,,,
2026-03-25T01:56:37+00:00,64982,74.0,71.5,6.1,0.0,,,,
2026-03-25T01:59:37+00:00,64983,74.0,72.0,5.9,0.0,,,,
2026-03-25T02:02:37+00:00,64984,74.0,72.5,6.1,0.0,,,,
2026-03-25T02:05:37+00:00,64985,74.0,72.0,6.3,0.0,,,,
2026-03-25T02:08:37+00:00,64986,74.0,71.5,6.3,0.0,,,,
2026-03-25T02:11:37+00:00,64987,74.0,71.5,6.4,0.0,,,,
2026-03-25T02:14:37+00:00,64988,74.0,71.5,6.3,0.0,,,,
2026-03-25T02:17:37+00:00,64989,74.0,72.5,6.3,0.0,,,,
2026-03-25T02:20:36+00:00,64990,74.0,73.0,6.2,0.0,,,,
2026-03-25T02:23:36+00:00,64991,74.0,75.0,6.2,0.0,,,,
2026-03-25T02:26:37+00:00,64992,74.0,76.0,6.1,0.0,,,,
2026-03-25T02:29:36+00:00,64993,74.0,76.5,6.1,0.0,,,,
2026-03-25T02:32:36+00:00,64994,74.0,76.5,6.1,0.0,,,,
2026-03-25T02:35:36+00:00,64995,74.0,77.0,5.9,0.0,,,,
2026-03-25T02:38:36+00:00,64996,74.0,78.0,5.6,0.0,,,,
2026-03-25T02:41:36+00:00,64997,74.0,79.0,5.6,0.0,,,,
2026-03-25T02:44:36+00:00,64998,74.0,79.5,5.6,0.0,,,,
2026-03-25T02:47:36+00:00,64999,74.0,80.0,5.4,0.0,,,,
2026-03-25T02:50:36+00:00,65000,74.0,81.0,5.3,0.0,,,,
2026-03-25T02:53:36+00:00,65001,74.0,82.0,5.4,0.0,,,,
2026-03-25T02:56:36+00:00,65002,74.0,82.0,5.5,0.0,,,,
2026-03-25T02:59:36+00:00,65003,74.0,81.5,5.3,0.0,,,,
2026-03-25T03:02:36+00:00,65004,74.0,81.0,5.3,0.0,,,,
2026-03-25T03:05:36+00:00,65005,74.0,80.0,5.3,0.0,,,,
2026-03-25T03:08:36+00:00,65006,74.0,79.0,5.3,0.0,,,,
2026-03-25T03:11:36+00:00,65007,74.0,78.0,5.4,0.0,,,,
2026-03-25T03:14:36+00:00,65008,74.0,77.5,5.5,0.0,,,,
2026-03-25T03:17:36+00:00,65009,74.0,76.5,5.5,0.0,,,,
2026-03-25T03:20:36+00:00,65010,74.0,77.0,5.5,0.0,,,,
2026-03-25T03:23:36+00:00,65011,74.0,76.0,5.6,0.0,,,,
2026-03-25T03:26:36+00:00,65012,74.0,76.5,5.5,0.0,,,,
2026-03-25T03:29:36+00:00,65013,74.0,76.5,5.6,0.0,,,,
2026-03-25T03:32:36+00:00,65014,74.0,76.5,5.5,0.0,,,,
2026-03-25T03:35:36+00:00,65015,74.0,76.5,5.5,0.0,,,,
2026-03-25T03:38:36+00:00,65016,74.0,76.5,5.4,0.0,,,,
2026-03-25T03:41:36+00:00,65017,74.0,77.5,5.5,0.0,,,,
2026-03-25T03:44:36+00:00,65018,74.0,77.5,5.5,0.0,,,,
2026-03-25T03:47:36+00:00,65019,74.0,78.0,5.7,0.0,,,,
2026-03-25T03:50:36+00:00,65020,74.0,78.0,5.6,0.0,,,,
2026-03-25T03:53:36+00:00,65021,74.0,78.0,5.8,0.0,,,,
2026-03-25T03:56:36+00:00,65022,74.0,78.0,5.8,0.0,,,,
2026-03-25T03:59:36+00:00,65023,74.0,78.0,5.9,0.0,,,,
2026-03-25T04:02:36+00:00,65024,74.0,78.0,5.7,0.0,,,,
2026-03-25T04:05:36+00:00,65025,74.0,78.5,5.7,0.0,,,,
2026-03-25T04:08:36+00:00,65026,74.0,78.5,5.6,0.0,,,,
2026-03-25T04:11:36+00:00,65027,74.0,78.5,5.6,0.0,,,,
2026-03-25T04:14:36+00:00,65028,74.0,79.0,5.5,0.0,,,,
2026-03-25T04:17:36+00:00,65029,74.0,79.0,5.4,0.0,,,,
2026-03-25T04:20:36+00:00,65030,74.0,79.0,5.4,0.0,,,,
2026-03-25T04:23:36+00:00,65031,74.0,78.5,5.5,0.0,,,,
2026-03-25T04:26:36+00:00,65032,74.0,78.5,5.5,0.0,,,,
2026-03-25T04:29:36+00:00,65033,74.0,78.5,5.5,0.0,,,,
2026-03-25T04:32:36+00:00,65034,74.0,78.0,5.7,0.0,,,,
2026-03-25T04:35:36+00:00,65035,74.0,78.5,5.5,0.0,,,,
2026-03-25T04:38:36+00:00,65036,74.0,78.5,5.5,0.0,,,,
2026-03-25T04:41:36+00:00,65037,74.0,78.5,5.6,0.0,,,,
2026-03-25T04:44:36+00:00,65038,74.0,79.0,5.5,0.0,,,,
2026-03-25T04:47:36+00:00,65039,74.0,79.0,5.5,0.0,,,,
2026-03-25T04:50:36+00:00,65040,74.0,79.5,5.4,0.0,,,,
2026-03-25T04:53:36+00:00,65041,74.0,79.5,5.4,0.0,,,,
2026-03-25T04:56:36+00:00,65042,74.0,80.5,5.1,0.0,,,,
2026-03-25T04:59:36+00:00,65043,74.0,80.5,5.1,0.0,,,,
2026-03-25T05:02:36+00:00,65044,74.0,81.0,5.1,0.0,,,,
2026-03-25T05:05:36+00:00,65045,74.0,81.5,5.1,0.0,,,,
2026-03-25T05:08:36+00:00,65046,74.0,81.5,4.9,0.0,,,,
2026-03-25T05:11:36+00:00,65047,74.0,82.5,4.8,0.0,,,,
2026-03-25T05:14:36+00:00,65048,74.0,82.5,4.9,0.0,,,,
2026-03-25T05:17:36+00:00,65049,74.0,81.5,5.2,0.0,,,,
2026-03-25T05:20:36+00:00,65050,74.0,81.0,5.2,0.0,,,,
2026-03-25T05:23:36+00:00,65051,74.0,81.0,5.2,0.0,,,,
2026-03-25T05:26:36+00:00,65052,74.0,81.0,5.1,0.0,,,,
2026-03-25T05:29:36+00:00,65053,74.0,81.5,5.0,0.0,,,,
2026-03-25T05:32:36+00:00,65054,74.0,82.0,4.8,0.0,,,,
2026-03-25T05:35:36+00:00,65055,74.0,82.5,4.9,0.0,,,,
2026-03-25T05:38:36+00:00,65056,74.0,82.5,4.9,0.0,,,,
2026-03-25T05:41:36+00:00,65057,74.0,82.0,4.9,0.0,,,,
2026-03-25T05:44:36+00:00,65058,74.0,82.0,5.0,0.0,,,,
2026-03-25T05:47:36+00:00,65059,74.0,82.0,5.0,0.0,,,,
2026-03-25T05:50:36+00:00,65060,74.0,82.0,5.1,0.0,,,,
2026-03-25T05:53:36+00:00,65061,74.0,82.0,5.1,0.0,,,,
2026-03-25T05:56:36+00:00,65062,74.0,82.0,5.0,0.0,,,,
2026-03-25T05:59:36+00:00,65063,74.0,81.5,5.3,0.0,,,,
2026-03-25T06:02:36+00:00,65064,74.0,81.0,5.3,0.0,,,,
2026-03-25T06:05:36+00:00,65065,74.0,80.5,5.6,0.0,,,,
2026-03-25T06:08:36+00:00,65066,74.0,80.5,5.8,0.0,,,,
2026-03-25T06:11:36+00:00,65067,74.0,79.5,6.0,0.0,,,,
2026-03-25T06:14:36+00:00,65068,74.0,79.0,6.2,0.0,,,,
2026-03-25T06:17:36+00:00,65069,74.0,78.0,6.3,0.0,,,,
2026-03-25T06:20:36+00:00,65070,74.0,77.0,6.4,0.0,,,,
2026-03-25T06:23:36+00:00,65071,74.0,74.5,6.7,0.0,,,,
2026-03-25T06:26:36+00:00,65072,74.0,73.0,6.8,0.0,,,,
2026-03-25T06:29:36+00:00,65073,74.0,73.0,7.0,0.0,,,,
2026-03-25T06:32:36+00:00,65074,74.0,73.0,7.0,0.0,,,,
2026-03-25T06:35:36+00:00,65075,74.0,72.5,7.0,0.0,,,,
2026-03-25T06:38:36+00:00,65076,74.0,72.5,7.0,0.0,,,,
2026-03-25T06:44:36+00:00,65077,74.0,73.5,7.0,0.0,,,,
2026-03-25T06:47:36+00:00,65078,74.0,73.5,7.0,0.0,,,,
2026-03-25T06:50:36+00:00,65079,74.0,73.5,7.0,0.0,,,,
2026-03-25T06:53:36+00:00,65080,74.0,73.0,7.2,0.0,,,,
2026-03-25T06:56:36+00:00,65081,74.0,72.5,7.9,0.0,,,,
2026-03-25T06:59:36+00:00,65082,74.0,71.5,8.3,0.0,,,,
2026-03-25T07:02:36+00:00,65083,74.0,71.0,8.5,0.0,,,,
2026-03-25T07:05:36+00:00,65084,74.0,70.5,8.8,0.0,,,,
2026-03-25T07:08:36+00:00,65085,74.0,70.0,8.8,0.0,,,,
2026-03-25T07:11:36+00:00,65086,74.0,69.5,8.7,0.0,,,,
2026-03-25T07:14:36+00:00,65087,74.0,70.0,8.5,0.0,,,,
2026-03-25T07:17:36+00:00,65088,74.0,70.0,8.4,0.0,,,,
2026-03-25T07:20:36+00:00,65089,74.0,70.5,8.3,0.0,,,,
2026-03-25T07:23:36+00:00,65090,74.0,70.5,8.4,0.0,,,,
2026-03-25T07:26:36+00:00,65091,74.0,70.5,8.4,0.0,,,,
2026-03-25T07:29:36+00:00,65092,74.0,71.0,8.3,0.0,,,,
2026-03-25T07:32:36+00:00,65093,74.0,71.0,8.4,0.0,,,,
2026-03-25T07:35:36+00:00,65094,74.0,70.0,8.5,0.0,,,,
2026-03-25T07:38:36+00:00,65095,74.0,68.5,8.7,0.0,,,,
2026-03-25T07:41:36+00:00,65096,74.0,67.5,8.9,0.0,,,,
2026-03-25T07:44:36+00:00,65097,74.0,67.0,9.0,0.0,,,,
2026-03-25T07:47:36+00:00,65098,74.0,66.5,9.1,0.0,,,,
2026-03-25T07:50:36+00:00,65099,74.0,66.0,9.2,0.0,,,,
2026-03-25T07:53:36+00:00,65100,74.0,65.5,9.2,0.0,,,,
2026-03-25T07:56:36+00:00,65101,74.0,65.5,9.3,0.0,,,,
2026-03-25T07:59:36+00:00,65102,74.0,65.0,9.4,0.0,,,,
2026-03-25T08:02:36+00:00,65103,74.0,65.5,9.5,0.0,,,,
2026-03-25T08:05:36+00:00,65104,74.0,65.0,9.6,0.0,,,,
2026-03-25T08:08:36+00:00,65105,74.0,65.0,9.6,0.0,,,,
2026-03-25T08:11:36+00:00,65106,74.0,65.0,9.5,0.0,,,,
2026-03-25T08:14:36+00:00,65107,74.0,65.5,9.3,0.0,,,,
2026-03-25T08:17:36+00:00,65108,74.0,65.5,9.3,0.0,,,,
2026-03-25T08:20:36+00:00,65109,74.0,65.5,9.4,0.0,,,,
2026-03-25T08:23:36+00:00,65110,74.0,66.0,9.4,0.0,,,,
2026-03-25T08:26:36+00:00,65111,74.0,65.5,9.7,0.0,,,,
2026-03-25T08:29:36+00:00,65112,74.0,64.5,9.8,0.0,,,,
2026-03-25T08:32:36+00:00,65113,74.0,64.0,10.1,0.0,,,,
2026-03-25T08:35:36+00:00,65114,74.0,62.0,10.7,0.0,,,,
2026-03-25T08:38:36+00:00,65115,74.0,61.0,11.0,0.0,,,,
2026-03-25T08:41:36+00:00,65116,74.0,60.0,11.2,0.0,,,,
2026-03-25T08:44:36+00:00,65117,74.0,59.5,11.1,0.0,,,,
2026-03-25T08:47:36+00:00,65118,74.0,60.5,11.1,0.0,,,,
2026-03-25T08:50:36+00:00,65119,74.0,60.0,11.0,0.0,,,,
2026-03-25T08:53:36+00:00,65120,74.0,60.0,11.1,0.0,,,,
2026-03-25T08:56:36+00:00,65121,74.0,60.0,11.6,0.0,,,,
2026-03-25T08:59:36+00:00,65122,74.0,59.0,11.7,0.0,,,,
2026-03-25T09:02:36+00:00,65123,74.0,59.5,11.5,0.0,,,,
2026-03-25T09:05:36+00:00,65124,74.0,59.5,11.6,0.0,,,,
2026-03-25T09:08:36+00:00,65125,74.0,60.0,11.6,0.0,,,,
2026-03-25T09:11:36+00:00,65126,74.0,59.0,11.8,0.0,,,,
2026-03-25T09:14:36+00:00,65127,74.0,56.5,12.0,0.0,,,,
2026-03-25T09:20:36+00:00,65128,74.0,54.5,12.5,0.0,,,,
2026-03-25T09:23:36+00:00,65129,74.0,53.5,12.7,0.0,,,,
2026-03-25T09:26:36+00:00,65130,74.0,53.5,12.8,0.0,,,,
2026-03-25T09:29:36+00:00,65131,74.0,53.0,12.7,0.0,,,,
2026-03-25T09:32:36+00:00,65132,74.0,53.0,12.6,0.0,,,,
2026-03-25T09:35:36+00:00,65133,74.0,54.0,12.5,0.0,,,,
2026-03-25T09:38:36+00:00,65134,74.0,53.0,12.5,0.0,,,,
2026-03-25T09:41:36+00:00,65135,74.0,53.0,12.3,0.0,,,,
2026-03-25T09:44:36+00:00,65136,74.0,53.0,12.3,0.0,,,,
2026-03-25T09:47:36+00:00,65137,74.0,53.0,12.3,0.0,,,,
2026-03-25T09:50:36+00:00,65138,74.0,53.5,12.3,0.0,,,,
2026-03-25T09:53:36+00:00,65139,74.0,54.0,12.3,0.0,,,,
2026-03-25T09:56:36+00:00,65140,74.0,54.0,12.3,0.0,,,,
2026-03-25T09:59:36+00:00,65141,74.0,54.0,12.4,0.0,,,,
2026-03-25T10:02:36+00:00,65142,74.0,54.0,12.4,0.0,,,,
2026-03-25T10:05:36+00:00,65143,74.0,53.5,12.4,0.0,,,,
2026-03-25T10:08:36+00:00,65144,74.0,54.0,12.3,0.0,,,,
2026-03-25T10:11:36+00:00,65145,74.0,52.0,12.3,0.0,,,,
2026-03-25T10:14:36+00:00,65146,74.0,53.0,12.5,0.0,,,,
2026-03-25T10:17:36+00:00,65147,74.0,53.0,12.6,0.0,,,,
2026-03-25T10:20:36+00:00,65148,74.0,52.0,12.7,0.0,,,,
2026-03-25T10:23:36+00:00,65149,74.0,51.5,12.9,0.0,,,,
2026-03-25T10:26:36+00:00,65150,74.0,50.0,13.0,0.0,,,,
2026-03-25T10:29:35+00:00,65151,74.0,48.5,13.0,0.0,,,,
2026-03-25T10:32:35+00:00,65152,74.0,49.0,13.0,0.0,,,,
2026-03-25T10:35:35+00:00,65153,74.0,48.5,13.1,0.0,,,,
2026-03-25T10:38:36+00:00,65154,74.0,48.5,13.2,0.0,,,,
2026-03-25T10:41:35+00:00,65155,74.0,48.0,13.2,0.0,,,,
2026-03-25T10:44:35+00:00,65156,74.0,48.5,13.1,0.0,,,,
2026-03-25T10:47:35+00:00,65157,74.0,48.5,13.2,0.0,,,,
2026-03-25T10:50:35+00:00,65158,74.0,48.0,13.2,0.0,,,,
2026-03-25T10:53:35+00:00,65159,74.0,48.0,13.1,0.0,,,,
2026-03-25T10:56:35+00:00,65160,74.0,48.5,13.1,0.0,,,,
2026-03-25T10:59:35+00:00,65161,74.0,49.0,12.9,0.0,,,,
2026-03-25T11:02:35+00:00,65162,74.0,49.5,13.1,0.0,,,,
2026-03-25T11:05:35+00:00,65163,74.0,49.5,12.9,0.0,,,,
2026-03-25T11:08:35+00:00,65164,74.0,50.0,12.8,0.0,,,,
2026-03-25T11:11:35+00:00,65165,74.0,51.0,12.6,0.0,,,,
2026-03-25T11:14:35+00:00,65166,74.0,52.0,12.4,0.0,,,,
2026-03-25T11:17:35+00:00,65167,74.0,52.5,12.2,0.0,,,,
2026-03-25T11:20:35+00:00,65168,74.0,53.5,12.2,0.0,,,,
2026-03-25T11:23:35+00:00,65169,74.0,54.5,12.1,0.0,,,,
2026-03-25T11:26:35+00:00,65170,74.0,55.0,12.0,0.0,,,,
2026-03-25T11:29:35+00:00,65171,74.0,55.5,11.9,0.0,,,,
2026-03-25T11:32:35+00:00,65172,74.0,54.5,11.9,0.0,,,,
2026-03-25T11:35:35+00:00,65173,74.0,55.0,12.1,0.0,,,,
2026-03-25T11:38:35+00:00,65174,74.0,53.0,12.0,0.0,,,,
2026-03-25T11:41:35+00:00,65175,74.0,51.5,12.1,0.0,,,,
2026-03-25T11:44:35+00:00,65176,74.0,51.0,12.1,0.0,,,,
2026-03-25T11:47:35+00:00,65177,74.0,51.0,12.0,0.0,,,,
2026-03-25T11:50:35+00:00,65178,74.0,51.5,12.0,0.0,,,,
2026-03-25T11:53:35+00:00,65179,74.0,51.0,11.9,0.0,,,,
2026-03-25T11:59:35+00:00,65180,74.0,52.0,12.0,0.0,,,,
2026-03-25T12:02:35+00:00,65181,74.0,52.0,11.9,0.0,,,,
2026-03-25T12:05:35+00:00,65182,74.0,52.5,11.8,0.0,,,,
2026-03-25T12:08:35+00:00,65183,74.0,53.0,11.7,0.0,,,,
2026-03-25T12:11:35+00:00,65184,74.0,54.0,11.7,0.0,,,,
2026-03-25T12:14:35+00:00,65185,74.0,55.0,11.6,0.0,,,,
2026-03-25T12:17:35+00:00,65186,74.0,54.0,11.4,0.0,,,,
2026-03-25T12:20:35+00:00,65187,74.0,52.0,11.6,0.0,,,,
2026-03-25T12:23:35+00:00,65188,74.0,51.5,11.4,0.0,,,,
2026-03-25T12:26:35+00:00,65189,74.0,53.0,11.5,0.0,,,,
2026-03-25T12:29:35+00:00,65190,74.0,53.5,11.4,0.0,,,,
2026-03-25T12:32:35+00:00,65191,74.0,54.0,11.3,0.0,,,,
2026-03-25T12:35:35+00:00,65192,74.0,54.5,11.3,0.0,,,,
2026-03-25T12:38:35+00:00,65193,74.0,56.0,11.0,0.0,,,,
2026-03-25T12:41:35+00:00,65194,74.0,59.5,10.6,0.0,,,,
2026-03-25T12:44:35+00:00,65195,74.0,61.0,10.4,0.0,,,,
2026-03-25T12:47:35+00:00,65196,74.0,61.5,10.4,0.0,,,,
2026-03-25T12:50:35+00:00,65197,74.0,60.0,10.4,0.0,,,,
2026-03-25T12:53:35+00:00,65198,74.0,59.5,10.4,0.0,,,,
2026-03-25T12:56:35+00:00,65199,74.0,59.0,10.3,0.0,,,,
2026-03-25T12:59:35+00:00,65200,74.0,59.5,10.3,0.0,,,,
2026-03-25T13:02:35+00:00,65201,74.0,59.5,10.1,0.0,,,,
2026-03-25T13:05:35+00:00,65202,74.0,60.0,10.0,0.0,,,,
2026-03-25T13:08:35+00:00,65203,74.0,61.0,9.9,0.0,,,,
2026-03-25T13:11:35+00:00,65204,74.0,61.5,9.9,0.0,,,,
2026-03-25T13:14:35+00:00,65205,74.0,61.5,9.6,0.0,,,,
2026-03-25T13:17:35+00:00,65206,74.0,60.5,9.5,0.0,,,,
2026-03-25T13:20:35+00:00,65207,74.0,62.5,9.3,0.0,,,,
2026-03-25T13:23:35+00:00,65208,74.0,65.0,9.0,0.0,,,,
2026-03-25T13:26:35+00:00,65209,74.0,64.5,8.7,0.0,,,,
2026-03-25T13:29:35+00:00,65210,74.0,65.5,8.6,0.0,,,,
2026-03-25T13:32:35+00:00,65211,74.0,65.0,8.6,0.0,,,,
2026-03-25T13:35:35+00:00,65212,74.0,65.5,8.5,0.0,,,,
2026-03-25T13:38:35+00:00,65213,74.0,65.5,8.5,0.0,,,,
2026-03-25T13:41:35+00:00,65214,74.0,65.0,8.6,0.0,,,,
2026-03-25T13:44:35+00:00,65215,74.0,64.5,8.5,0.0,,,,
2026-03-25T13:47:35+00:00,65216,74.0,65.0,8.3,0.0,,,,
2026-03-25T13:50:35+00:00,65217,74.0,66.0,8.4,0.0,,,,
2026-03-25T13:53:35+00:00,65218,74.0,67.0,8.4,0.0,,,,
2026-03-25T13:56:35+00:00,65219,74.0,67.0,8.6,0.0,,,,
2026-03-25T13:59:35+00:00,65220,74.0,56.5,8.7,0.0,,,,
2026-03-25T14:02:35+00:00,65221,74.0,54.5,8.7,0.0,,,,
2026-03-25T14:05:35+00:00,65222,74.0,54.0,8.8,0.0,,,,
2026-03-25T14:08:35+00:00,65223,74.0,52.0,8.8,0.0,,,,
2026-03-25T14:11:35+00:00,65224,74.0,52.0,8.9,0.0,,,,
2026-03-25T14:14:35+00:00,65225,74.0,52.0,8.9,0.0,,,,
2026-03-25T14:17:35+00:00,65226,74.0,51.5,8.9,0.0,,,,
2026-03-25T14:20:35+00:00,65227,74.0,52.5,8.9,0.0,,,,
2026-03-25T14:23:35+00:00,65228,74.0,52.0,8.8,0.0,,,,
2026-03-25T14:26:35+00:00,65229,74.0,52.5,8.8,0.0,,,,
2026-03-25T14:29:35+00:00,65230,74.0,53.5,8.8,0.0,,,,
2026-03-25T14:32:35+00:00,65231,74.0,53.0,8.7,0.0,,,,
2026-03-25T14:35:35+00:00,65232,74.0,53.5,8.8,0.0,,,,
2026-03-25T14:38:35+00:00,65233,74.0,54.5,8.9,0.0,,,,
2026-03-25T14:41:35+00:00,65234,74.0,53.5,9.0,0.0,,,,
2026-03-25T14:44:35+00:00,65235,74.0,54.0,9.0,0.0,,,,
2026-03-25T14:47:35+00:00,65236,74.0,53.0,8.8,0.0,,,,
2026-03-25T14:50:35+00:00,65237,74.0,55.0,8.9,0.0,,,,
2026-03-25T14:53:35+00:00,65238,74.0,53.0,8.8,0.0,,,,
2026-03-25T14:56:35+00:00,65239,74.0,53.5,8.7,0.0,,,,
2026-03-25T14:59:35+00:00,65240,74.0,52.5,8.9,0.0,,,,
2026-03-25T15:02:35+00:00,65241,74.0,52.0,8.9,0.0,,,,
2026-03-25T15:05:35+00:00,65242,74.0,52.0,8.8,0.0,,,,
2026-03-25T15:08:35+00:00,65243,74.0,51.5,8.9,0.0,,,,
2026-03-25T15:11:35+00:00,65244,74.0,50.5,8.8,0.0,,,,
2026-03-25T15:14:35+00:00,65245,74.0,50.5,8.8,0.0,,,,
2026-03-25T15:17:35+00:00,65246,74.0,51.0,9.0,0.0,,,,
2026-03-25T15:20:35+00:00,65247,74.0,50.5,9.1,0.0,,,,
2026-03-25T15:23:35+00:00,65248,74.0,50.0,9.0,0.0,,,,
2026-03-25T15:26:35+00:00,65249,74.0,51.5,8.8,0.0,,,,
2026-03-25T15:29:35+00:00,65250,74.0,56.5,7.9,0.0,,,,
2026-03-25T15:32:35+00:00,65251,74.0,58.5,7.1,0.0,,,,
2026-03-25T15:35:35+00:00,65252,74.0,60.5,6.7,0.0,,,,
2026-03-25T15:38:35+00:00,65253,74.0,63.0,6.4,0.0,,,,
2026-03-25T15:41:35+00:00,65254,74.0,66.0,6.1,0.0,,,,
2026-03-25T15:44:35+00:00,65255,74.0,68.5,5.6,0.0,,,,
2026-03-25T15:50:35+00:00,65256,74.0,71.0,5.3,0.0,,,,
2026-03-25T15:53:35+00:00,65257,74.0,71.5,5.1,0.0,,,,
2026-03-25T15:56:35+00:00,65258,74.0,71.5,5.0,0.0,,,,
2026-03-25T15:59:35+00:00,65259,74.0,71.0,5.0,0.0,,,,
2026-03-25T16:02:35+00:00,65260,74.0,71.0,5.1,0.0,,,,
2026-03-25T16:05:35+00:00,65261,74.0,69.5,5.1,0.0,,,,
2026-03-25T16:08:35+00:00,65262,74.0,69.5,5.2,0.0,,,,
2026-03-25T16:11:35+00:00,65263,74.0,67.0,5.4,0.0,,,,
2026-03-25T16:14:35+00:00,65264,74.0,66.0,5.5,0.0,,,,
2026-03-25T16:17:35+00:00,65265,74.0,66.0,5.6,0.0,,,,
2026-03-25T16:20:35+00:00,65266,74.0,66.0,5.7,0.0,,,,
2026-03-25T16:23:35+00:00,65267,74.0,65.5,5.7,0.0,,,,
2026-03-25T16:26:35+00:00,65268,74.0,66.0,5.7,0.0,,,,
2026-03-25T16:29:35+00:00,65269,74.0,66.0,5.7,0.0,,,,
2026-03-25T16:32:35+00:00,65270,74.0,65.0,5.9,0.0,,,,
2026-03-25T16:35:35+00:00,65271,74.0,64.0,5.7,0.0,,,,
2026-03-25T16:38:35+00:00,65272,74.0,63.0,5.7,0.0,,,,
2026-03-25T16:41:35+00:00,65273,74.0,62.5,5.6,0.0,,,,
2026-03-25T16:44:35+00:00,65274,74.0,62.0,5.6,0.0,,,,
2026-03-25T16:47:35+00:00,65275,74.0,62.5,5.6,0.0,,,,
2026-03-25T16:50:35+00:00,65276,74.0,62.0,5.6,0.0,,,,
2026-03-25T16:53:35+00:00,65277,74.0,61.0,5.5,0.0,,,,
2026-03-25T16:56:35+00:00,65278,74.0,61.0,5.6,0.0,,,,
2026-03-25T16:59:35+00:00,65279,74.0,60.5,5.4,0.0,,,,
2026-03-25T17:02:35+00:00,65280,74.0,60.5,5.3,0.0,,,,
2026-03-25T17:05:35+00:00,65281,74.0,60.5,5.4,0.0,,,,
2026-03-25T17:08:35+00:00,65282,74.0,60.5,5.3,0.0,,,,
2026-03-25T17:11:35+00:00,65283,74.0,56.5,5.4,0.0,,,,
2026-03-25T17:14:35+00:00,65284,74.0,58.5,5.3,0.0,,,,
2026-03-25T17:17:35+00:00,65285,74.0,57.0,5.3,0.0,,,,
2026-03-25T17:20:35+00:00,65286,74.0,56.0,5.3,0.0,,,,
2026-03-25T17:23:35+00:00,65287,74.0,56.5,5.3,0.0,,,,
2026-03-25T17:26:35+00:00,65288,74.0,55.0,5.4,0.0,,,,
2026-03-25T17:29:35+00:00,65289,74.0,54.0,5.4,0.0,,,,
2026-03-25T17:32:35+00:00,65290,74.0,54.5,5.4,0.0,,,,
2026-03-25T17:35:35+00:00,65291,74.0,55.0,5.5,0.0,,,,
2026-03-25T17:38:35+00:00,65292,74.0,55.0,5.5,0.0,,,,
2026-03-25T17:41:35+00:00,65293,74.0,55.5,5.5,0.0,,,,
2026-03-25T17:44:35+00:00,65294,74.0,55.5,5.5,0.0,,,,
2026-03-25T17:47:35+00:00,65295,74.0,55.0,5.4,0.0,,,,
2026-03-25T17:50:35+00:00,65296,74.0,54.0,5.5,0.0,,,,
2026-03-25T17:53:35+00:00,65297,74.0,53.0,5.5,0.0,,,,
2026-03-25T17:56:35+00:00,65298,74.0,53.0,5.5,0.0,,,,
2026-03-25T17:59:35+00:00,65299,74.0,53.5,5.4,0.0,,,,
2026-03-25T18:02:35+00:00,65300,74.0,54.0,5.4,0.0,,,,
2026-03-25T18:05:35+00:00,65301,74.0,54.5,5.4,0.0,,,,
2026-03-25T18:08:35+00:00,65302,74.0,54.5,5.4,0.0,,,,
2026-03-25T18:11:35+00:00,65303,74.0,54.5,5.5,0.0,,,,
2026-03-25T18:14:35+00:00,65304,74.0,55.0,5.4,0.0,,,,
2026-03-25T18:17:35+00:00,65305,74.0,55.0,5.3,0.0,,,,
2026-03-25T18:20:35+00:00,65306,74.0,54.5,5.4,0.0,,,,
2026-03-25T18:23:35+00:00,65307,74.0,54.5,5.4,0.0,,,,
2026-03-25T18:26:35+00:00,65308,74.0,54.5,5.4,0.0,,,,
2026-03-25T18:29:35+00:00,65309,74.0,56.0,5.4,0.0,,,,
2026-03-25T18:32:35+00:00,65310,74.0,61.0,5.1,0.0,,,,
2026-03-25T18:35:35+00:00,65311,74.0,65.0,4.7,0.0,,,,
2026-03-25T18:38:35+00:00,65312,74.0,69.5,4.3,0.0,,,,
2026-03-25T18:41:35+00:00,65313,74.0,72.5,3.8,0.0,,,,
2026-03-25T18:44:35+00:00,65314,74.0,75.0,3.6,0.0,,,,
2026-03-25T18:47:35+00:00,65315,74.0,76.0,3.5,0.0,,,,
2026-03-25T18:50:35+00:00,65316,74.0,76.5,3.3,0.0,,,,
2026-03-25T18:53:35+00:00,65317,74.0,77.0,3.3,0.0,,,,
2026-03-25T18:56:35+00:00,65318,74.0,77.5,3.0,0.0,,,,
2026-03-25T18:59:35+00:00,65319,74.0,78.0,3.1,0.0,,,,
2026-03-25T19:02:35+00:00,65320,74.0,78.5,3.1,0.0,,,,
2026-03-25T19:05:35+00:00,65321,74.0,78.5,3.2,0.0,,,,
2026-03-25T19:08:35+00:00,65322,74.0,79.5,3.1,0.0,,,,
2026-03-25T19:11:35+00:00,65323,74.0,81.0,2.9,14.0,,,,
2026-03-25T19:14:35+00:00,65324,74.0,82.5,2.7,4.0,,,,
2026-03-25T19:17:35+00:00,65325,74.0,82.5,2.6,3.0,,,,
2026-03-25T19:20:35+00:00,65326,74.0,83.5,2.5,2.0,,,,
2026-03-25T19:23:35+00:00,65327,74.0,83.5,2.5,0.0,,,,
2026-03-25T19:26:35+00:00,65328,74.0,84.0,2.5,1.0,,,,
2026-03-25T19:29:35+00:00,65329,74.0,83.5,2.4,0.0,,,,
2026-03-25T19:32:35+00:00,65330,74.0,84.0,2.5,0.0,,,,
2026-03-25T19:35:35+00:00,65331,74.0,83.5,2.4,0.0,,,,
2026-03-25T19:38:35+00:00,65332,74.0,83.5,2.4,0.0,,,,
2026-03-25T19:41:35+00:00,65333,74.0,83.5,2.3,0.0,,,,
2026-03-25T19:44:35+00:00,65334,74.0,83.5,2.2,0.0,,,,
2026-03-25T19:47:35+00:00,65335,74.0,84.0,2.3,0.0,,,,
2026-03-25T19:50:35+00:00,65336,74.0,83.5,2.3,0.0,,,,
2026-03-25T19:53:35+00:00,65337,74.0,83.5,2.3,0.0,,,,
2026-03-25T19:56:35+00:00,65338,74.0,84.0,2.3,0.0,,,,
2026-03-25T19:59:35+00:00,65339,74.0,84.0,2.3,0.0,,,,
2026-03-25T20:02:35+00:00,65340,74.0,83.0,2.3,0.0,,,,
2026-03-25T20:05:35+00:00,65341,74.0,83.0,2.4,0.0,,,,
2026-03-25T20:08:35+00:00,65342,74.0,83.0,2.3,1.0,,,,
2026-03-25T20:11:35+00:00,65343,74.0,83.5,2.4,0.0,,,,
2026-03-25T20:14:35+00:00,65344,74.0,83.0,2.3,0.0,,,,
2026-03-25T20:17:35+00:00,65345,74.0,83.0,2.3,0.0,,,,
2026-03-25T20:20:35+00:00,65346,74.0,82.5,2.4,0.0,,,,
2026-03-25T20:23:34+00:00,65347,74.0,82.0,2.3,0.0,,,,
2026-03-25T20:26:35+00:00,65348,74.0,82.5,2.3,0.0,,,,
2026-03-25T20:29:34+00:00,65349,74.0,82.5,2.4,0.0,,,,
2026-03-25T20:32:34+00:00,65350,74.0,82.0,2.4,0.0,,,,
2026-03-25T20:35:34+00:00,65351,74.0,81.0,2.4,0.0,,,,
2026-03-25T20:38:34+00:00,65352,74.0,80.0,2.4,0.0,,,,
2026-03-25T20:41:34+00:00,65353,74.0,81.0,2.5,0.0,,,,
2026-03-25T20:44:34+00:00,65354,74.0,80.5,2.5,0.0,,,,
2026-03-25T20:47:34+00:00,65355,74.0,80.5,2.5,0.0,,,,
2026-03-25T20:50:34+00:00,65356,74.0,80.5,2.6,0.0,,,,
2026-03-25T20:53:34+00:00,65357,74.0,80.5,2.6,0.0,,,,
2026-03-25T20:56:34+00:00,65358,74.0,80.5,2.6,1.0,,,,
2026-03-25T20:59:34+00:00,65359,74.0,79.0,2.7,0.0,,,,
2026-03-25T21:02:34+00:00,65360,74.0,79.5,2.6,0.0,,,,
2026-03-25T21:05:34+00:00,65361,74.0,80.0,2.7,0.0,,,,
2026-03-25T21:08:35+00:00,65362,74.0,79.5,2.6,0.0,,,,
2026-03-25T21:11:34+00:00,65363,74.0,79.5,2.7,0.0,,,,
2026-03-25T21:14:34+00:00,65364,74.0,79.5,2.6,0.0,,,,
2026-03-25T21:17:34+00:00,65365,74.0,80.0,2.6,0.0,,,,
2026-03-25T21:20:34+00:00,65366,74.0,79.5,2.6,0.0,,,,
2026-03-25T21:23:34+00:00,65367,74.0,79.0,2.7,0.0,,,,
2026-03-25T21:26:34+00:00,65368,74.0,79.0,2.7,0.0,,,,
2026-03-25T21:29:34+00:00,65369,74.0,78.5,2.6,1.0,,,,
2026-03-25T21:32:34+00:00,65370,74.0,77.0,2.7,0.0,,,,
2026-03-25T21:35:34+00:00,65371,74.0,76.5,2.7,0.0,,,,
2026-03-25T21:38:34+00:00,65372,74.0,77.5,2.7,0.0,,,,
2026-03-25T21:41:34+00:00,65373,74.0,78.0,2.5,0.0,,,,
2026-03-25T21:44:34+00:00,65374,74.0,79.5,2.4,0.0,,,,
2026-03-25T21:47:34+00:00,65375,74.0,79.5,2.3,0.0,,,,
2026-03-25T21:50:34+00:00,65376,74.0,80.5,2.2,0.0,,,,
2026-03-25T21:53:34+00:00,65377,74.0,81.0,2.2,0.0,,,,
2026-03-25T21:56:34+00:00,65378,74.0,81.0,2.2,1.0,,,,
2026-03-25T21:59:34+00:00,65379,74.0,81.0,2.3,0.0,,,,
2026-03-25T22:02:34+00:00,65380,74.0,81.0,2.3,0.0,,,,
2026-03-25T22:05:34+00:00,65381,74.0,80.5,2.2,0.0,,,,
2026-03-25T22:08:34+00:00,65382,74.0,80.5,2.2,0.0,,,,
2026-03-25T22:11:34+00:00,65383,74.0,81.0,2.2,1.0,,,,
2026-03-25T22:14:34+00:00,65384,74.0,81.0,2.1,7.0,,,,
2026-03-25T22:17:34+00:00,65385,74.0,82.5,2.2,1.0,,,,
2026-03-25T22:20:34+00:00,65386,74.0,83.5,2.0,4.0,,,,
2026-03-25T22:23:34+00:00,65387,74.0,84.0,1.8,7.0,,,,
2026-03-25T22:26:34+00:00,65388,74.0,85.5,1.6,9.0,,,,
2026-03-25T22:29:34+00:00,65389,74.0,86.5,1.5,5.0,,,,
2026-03-25T22:32:34+00:00,65390,74.0,86.5,1.4,6.0,,,,
2026-03-25T22:35:34+00:00,65391,74.0,87.5,1.2,7.0,,,,
2026-03-25T22:38:34+00:00,65392,74.0,88.0,1.2,7.0,,,,
2026-03-25T22:41:34+00:00,65393,74.0,88.5,1.2,4.0,,,,
2026-03-25T22:44:34+00:00,65394,74.0,88.5,1.2,2.0,,,,
2026-03-25T22:47:34+00:00,65395,74.0,89.0,1.1,1.0,,,,
2026-03-25T22:50:34+00:00,65396,74.0,89.0,1.2,1.0,,,,
2026-03-25T22:53:34+00:00,65397,74.0,89.0,1.1,1.0,,,,
2026-03-25T22:56:34+00:00,65398,74.0,89.5,1.2,1.0,,,,
2026-03-25T22:59:34+00:00,65399,74.0,89.0,1.3,1.0,,,,
2026-03-25T23:02:34+00:00,65400,74.0,89.0,1.2,2.0,,,,
2026-03-25T23:05:34+00:00,65401,74.0,89.0,1.1,0.0,,,,
2026-03-25T23:08:34+00:00,65402,74.0,89.0,1.0,1.0,,,,
2026-03-25T23:12:04+00:00,65404,74.0,89.0,1.1,1.0,,,,
2026-03-25T23:14:02+00:00,65405,74.0,89.0,1.0,0.0,,,,
2026-03-25T23:17:02+00:00,65406,74.0,89.0,1.0,0.0,,,,
2026-03-25T23:20:02+00:00,65407,74.0,89.5,1.0,1.0,,,,
2026-03-25T23:23:02+00:00,65408,74.0,89.5,0.9,0.0,,,,
2026-03-25T23:26:02+00:00,65409,74.0,89.5,1.0,0.0,,,,
2026-03-25T23:29:02+00:00,65411,74.0,89.5,1.1,1.0,,,,
2026-03-25T23:32:02+00:00,65412,74.0,89.5,1.0,0.0,,,,
2026-03-25T23:35:02+00:00,65413,74.0,90.0,1.0,0.0,,,,
2026-03-25T23:38:02+00:00,65415,74.0,90.0,1.0,1.0,,,,
2026-03-25T23:41:02+00:00,65416,74.0,90.0,1.0,0.0,,,,
2026-03-25T23:44:02+00:00,65417,74.0,90.0,1.1,0.0,,,,
2026-03-25T23:47:02+00:00,65418,74.0,90.0,1.0,0.0,,,,
2026-03-25T23:50:02+00:00,65420,74.0,90.0,1.0,1.0,,,,
2026-03-25T23:53:02+00:00,65421,74.0,90.0,1.0,0.0,,,,
2026-03-25T23:56:02+00:00,65422,74.0,90.5,0.9,0.0,,,,
2026-03-25T23:59:02+00:00,65424,74.0,90.5,1.0,0.0,,,,
2026-03-26T00:02:02+00:00,65425,74.0,90.5,1.1,0.0,,,,
2026-03-26T00:05:02+00:00,65426,74.0,90.5,1.1,1.0,,,,
2026-03-26T00:08:02+00:00,65428,74.0,90.0,1.2,0.0,,,,
2026-03-26T00:11:02+00:00,65429,74.0,89.5,1.2,0.0,,,,
2026-03-26T00:14:02+00:00,65430,74.0,89.0,1.1,0.0,,,,
2026-03-26T00:17:02+00:00,65431,74.0,89.0,1.1,0.0,,,,
2026-03-26T00:20:02+00:00,65433,74.0,88.5,1.1,0.0,,,,
2026-03-26T00:23:02+00:00,65434,74.0,88.5,1.1,1.0,,,,
2026-03-26T00:26:02+00:00,65435,74.0,88.0,1.2,0.0,,,,
2026-03-26T00:29:02+00:00,65437,74.0,87.5,1.1,0.0,,,,
2026-03-26T00:32:02+00:00,65438,74.0,87.5,1.2,0.0,,,,
2026-03-26T00:35:02+00:00,65439,74.0,87.0,1.2,0.0,,,,
2026-03-26T00:38:02+00:00,65441,74.0,87.0,1.2,0.0,,,,
2026-03-26T00:41:02+00:00,65442,74.0,87.0,1.3,0.0,,,,
2026-03-26T00:44:02+00:00,65443,74.0,86.5,1.2,1.0,,,,
2026-03-26T00:47:02+00:00,65444,74.0,86.5,1.2,0.0,,,,
2026-03-26T00:50:02+00:00,65446,74.0,86.5,1.1,0.0,,,,
2026-03-26T00:53:02+00:00,65447,74.0,86.5,1.2,0.0,,,,
2026-03-26T00:56:02+00:00,65448,74.0,86.5,1.1,0.0,,,,
2026-03-26T00:59:02+00:00,65450,74.0,87.0,1.1,1.0,,,,
2026-03-26T01:02:02+00:00,65451,74.0,87.5,1.1,0.0,,,,
2026-03-26T01:05:02+00:00,65452,74.0,88.0,1.0,0.0,,,,
2026-03-26T01:08:02+00:00,65454,74.0,88.5,1.0,0.0,,,,
2026-03-26T01:11:02+00:00,65455,74.0,88.5,1.0,1.0,,,,
2026-03-26T01:14:02+00:00,65456,74.0,88.5,1.1,0.0,,,,
2026-03-26T01:17:02+00:00,65457,74.0,89.5,1.0,0.0,,,,
2026-03-26T01:20:02+00:00,65459,74.0,89.5,1.0,1.0,,,,
2026-03-26T01:23:02+00:00,65460,74.0,89.0,0.9,0.0,,,,
2026-03-26T01:26:02+00:00,65461,74.0,89.5,0.7,0.0,,,,
2026-03-26T01:29:02+00:00,65463,74.0,90.0,0.6,0.0,,,,
2026-03-26T01:32:02+00:00,65464,74.0,90.0,0.6,0.0,,,,
2026-03-26T01:35:02+00:00,65465,74.0,90.5,0.6,0.0,,,,
2026-03-26T01:38:02+00:00,65467,74.0,90.5,0.5,0.0,,,,
2026-03-26T01:41:02+00:00,65468,74.0,90.5,0.6,0.0,,,,
2026-03-26T01:44:02+00:00,65469,74.0,91.0,0.6,0.0,,,,
2026-03-26T01:47:02+00:00,65470,74.0,91.0,0.5,0.0,,,,
2026-03-26T01:50:02+00:00,65472,74.0,91.0,0.4,0.0,,,,
2026-03-26T01:53:02+00:00,65473,74.0,91.5,0.5,0.0,,,,
2026-03-26T01:56:02+00:00,65474,74.0,91.5,0.6,0.0,,,,
2026-03-26T01:59:02+00:00,65476,74.0,91.5,0.6,0.0,,,,
2026-03-26T02:02:02+00:00,65477,74.0,91.0,0.5,0.0,,,,
2026-03-26T02:05:02+00:00,65478,74.0,91.0,0.5,0.0,,,,
2026-03-26T02:08:02+00:00,65480,74.0,91.5,0.5,0.0,,,,
2026-03-26T02:11:02+00:00,65481,74.0,91.5,0.6,0.0,,,,
2026-03-26T02:14:02+00:00,65482,74.0,91.5,0.5,0.0,,,,
2026-03-26T02:17:02+00:00,65483,74.0,91.5,0.6,0.0,,,,
2026-03-26T02:20:02+00:00,65485,74.0,91.5,0.6,0.0,,,,
2026-03-26T02:23:02+00:00,65486,74.0,91.0,0.6,0.0,,,,
2026-03-26T02:26:02+00:00,65487,74.0,90.5,0.6,0.0,,,,
2026-03-26T02:29:02+00:00,65489,74.0,90.0,0.6,0.0,,,,
2026-03-26T02:32:02+00:00,65490,74.0,90.0,0.6,0.0,,,,
2026-03-26T02:35:02+00:00,65491,74.0,89.5,0.6,0.0,,,,
2026-03-26T02:38:02+00:00,65493,74.0,89.0,0.7,0.0,,,,
2026-03-26T02:41:02+00:00,65494,74.0,88.5,0.8,0.0,,,,
2026-03-26T02:44:02+00:00,65495,74.0,88.0,0.7,0.0,,,,
2026-03-26T02:47:02+00:00,65496,74.0,87.5,0.8,0.0,,,,
2026-03-26T02:50:02+00:00,65498,74.0,87.5,0.7,0.0,,,,
2026-03-26T02:53:02+00:00,65499,74.0,88.0,0.8,1.0,,,,
2026-03-26T02:56:02+00:00,65500,74.0,87.0,0.7,1.0,,,,
2026-03-26T02:59:02+00:00,65502,74.0,87.0,0.8,0.0,,,,
2026-03-26T03:02:02+00:00,65503,74.0,87.0,0.7,0.0,,,,
2026-03-26T03:05:02+00:00,65504,74.0,87.0,0.6,0.0,,,,
2026-03-26T03:08:02+00:00,65506,74.0,87.5,0.5,0.0,,,,
2026-03-26T03:11:02+00:00,65507,74.0,88.0,0.5,0.0,,,,
2026-03-26T03:14:02+00:00,65508,74.0,88.5,0.5,0.0,,,,
2026-03-26T03:17:02+00:00,65509,74.0,89.0,0.4,0.0,,,,
2026-03-26T03:20:02+00:00,65511,74.0,89.0,0.5,0.0,,,,
2026-03-26T03:23:02+00:00,65512,74.0,89.5,0.5,0.0,,,,
2026-03-26T03:26:02+00:00,65513,74.0,89.5,0.5,0.0,,,,
2026-03-26T03:29:02+00:00,65515,74.0,89.5,0.4,0.0,,,,
2026-03-26T03:32:02+00:00,65516,74.0,89.5,0.3,0.0,,,,
2026-03-26T03:35:01+00:00,65517,74.0,89.5,0.4,0.0,,,,
2026-03-26T03:38:01+00:00,65519,74.0,89.5,0.3,0.0,,,,
2026-03-26T03:41:01+00:00,65520,74.0,90.0,0.5,0.0,,,,
2026-03-26T03:44:01+00:00,65521,74.0,90.0,0.4,0.0,,,,
2026-03-26T03:47:01+00:00,65522,74.0,90.0,0.5,0.0,,,,
2026-03-26T03:50:01+00:00,65524,74.0,90.0,0.4,0.0,,,,
2026-03-26T03:53:01+00:00,65525,74.0,89.5,0.4,0.0,,,,
2026-03-26T03:56:01+00:00,65526,74.0,88.5,0.4,0.0,,,,
2026-03-26T03:59:01+00:00,65528,74.0,88.0,0.4,0.0,,,,
2026-03-26T04:02:01+00:00,65529,74.0,87.0,0.4,0.0,,,,
2026-03-26T04:05:01+00:00,65530,74.0,87.0,0.4,0.0,,,,
2026-03-26T04:08:01+00:00,65532,74.0,87.0,0.5,0.0,,,,
2026-03-26T04:11:01+00:00,65533,74.0,86.5,0.4,0.0,,,,
2026-03-26T04:14:01+00:00,65534,74.0,86.0,0.5,0.0,,,,
2026-03-26T04:17:01+00:00,65535,74.0,86.0,0.4,0.0,,,,
2026-03-26T04:20:01+00:00,65537,74.0,85.5,0.5,0.0,,,,
2026-03-26T04:23:01+00:00,65538,74.0,85.0,0.5,0.0,,,,
2026-03-26T04:26:01+00:00,65539,74.0,84.5,0.4,0.0,,,,
2026-03-26T04:29:01+00:00,65541,74.0,83.5,0.5,0.0,,,,
2026-03-26T04:32:01+00:00,65542,74.0,81.5,0.6,0.0,,,,
2026-03-26T04:35:01+00:00,65543,74.0,81.0,0.6,0.0,,,,
2026-03-26T04:38:01+00:00,65545,74.0,81.0,0.5,0.0,,,,
2026-03-26T04:41:01+00:00,65546,74.0,82.0,0.6,0.0,,,,
2026-03-26T04:44:01+00:00,65547,74.0,83.0,0.5,0.0,,,,
2026-03-26T04:47:01+00:00,65548,74.0,83.5,0.5,0.0,,,,
2026-03-26T04:50:01+00:00,65550,74.0,84.0,0.7,0.0,,,,
2026-03-26T04:53:01+00:00,65551,74.0,84.5,0.7,0.0,,,,
2026-03-26T04:56:01+00:00,65552,74.0,84.5,0.7,0.0,,,,
2026-03-26T04:59:01+00:00,65554,74.0,84.5,0.8,0.0,,,,
2026-03-26T05:02:01+00:00,65555,74.0,84.5,0.7,0.0,,,,
2026-03-26T05:05:01+00:00,65556,74.0,84.5,0.5,0.0,,,,
2026-03-26T05:08:01+00:00,65558,74.0,84.5,0.5,0.0,,,,
2026-03-26T05:11:01+00:00,65559,74.0,84.0,0.5,0.0,,,,
2026-03-26T05:14:01+00:00,65560,74.0,84.0,0.5,0.0,,,,
2026-03-26T05:17:01+00:00,65561,74.0,84.0,0.4,0.0,,,,
2026-03-26T05:20:01+00:00,65563,74.0,84.5,0.3,0.0,,,,
2026-03-26T05:23:01+00:00,65564,74.0,84.5,0.2,0.0,,,,
2026-03-26T05:26:01+00:00,65565,74.0,85.0,0.3,0.0,,,,
2026-03-26T05:29:01+00:00,65567,74.0,85.5,0.3,0.0,,,,
2026-03-26T05:32:01+00:00,65568,74.0,84.5,0.3,0.0,,,,
2026-03-26T05:35:01+00:00,65569,74.0,84.5,0.3,0.0,,,,
2026-03-26T05:38:01+00:00,65571,74.0,84.5,0.4,0.0,,,,
2026-03-26T05:41:01+00:00,65572,74.0,84.5,0.4,0.0,,,,
2026-03-26T05:44:01+00:00,65573,74.0,84.5,0.3,0.0,,,,
2026-03-26T05:47:01+00:00,65574,74.0,85.0,0.4,0.0,,,,
2026-03-26T05:50:01+00:00,65576,74.0,85.0,0.4,0.0,,,,
2026-03-26T05:53:01+00:00,65577,74.0,84.5,0.4,0.0,,,,
2026-03-26T05:56:01+00:00,65578,74.0,84.5,0.3,0.0,,,,
2026-03-26T05:59:01+00:00,65580,74.0,84.5,0.4,0.0,,,,
2026-03-26T06:02:01+00:00,65581,74.0,85.0,0.4,0.0,,,,
2026-03-26T06:05:01+00:00,65582,74.0,84.5,0.5,0.0,,,,
2026-03-26T06:08:01+00:00,65584,74.0,84.0,0.5,0.0,,,,
2026-03-26T06:11:01+00:00,65585,74.0,84.0,0.4,0.0,,,,
2026-03-26T06:14:01+00:00,65586,74.0,83.0,0.6,0.0,,,,
2026-03-26T06:17:01+00:00,65587,74.0,82.5,0.7,0.0,,,,
2026-03-26T06:20:01+00:00,65589,74.0,81.0,0.7,0.0,,,,
2026-03-26T06:23:01+00:00,65590,74.0,82.0,0.7,0.0,,,,
2026-03-26T06:26:01+00:00,65591,74.0,80.5,0.8,0.0,,,,
2026-03-26T06:29:01+00:00,65593,74.0,80.0,0.8,0.0,,,,
2026-03-26T06:32:01+00:00,65594,74.0,79.5,0.8,0.0,,,,
2026-03-26T06:35:01+00:00,65595,74.0,79.0,0.7,0.0,,,,
2026-03-26T06:38:01+00:00,65597,74.0,78.5,0.7,0.0,,,,
2026-03-26T06:41:01+00:00,65598,74.0,78.0,0.7,0.0,,,,
2026-03-26T06:44:01+00:00,65599,74.0,78.5,0.7,0.0,,,,
2026-03-26T06:47:01+00:00,65600,74.0,78.0,0.8,0.0,,,,
2026-03-26T06:50:01+00:00,65602,74.0,78.5,0.8,0.0,,,,
2026-03-26T06:53:01+00:00,65603,74.0,77.0,0.9,0.0,,,,
2026-03-26T06:56:01+00:00,65604,74.0,77.0,1.0,0.0,,,,
2026-03-26T06:59:01+00:00,65606,74.0,77.0,1.0,0.0,,,,
2026-03-26T07:02:01+00:00,65607,74.0,77.0,1.0,0.0,,,,
2026-03-26T07:05:01+00:00,65608,74.0,77.5,1.0,0.0,,,,
2026-03-26T07:08:01+00:00,65610,74.0,76.5,1.1,0.0,,,,
2026-03-26T07:11:01+00:00,65611,74.0,77.0,1.1,5.0,,,,
2026-03-26T07:14:01+00:00,65612,74.0,78.0,1.2,7.0,,,,
2026-03-26T07:17:01+00:00,65613,74.0,77.5,1.1,6.0,,,,
2026-03-26T07:20:01+00:00,65615,74.0,77.5,1.2,6.0,,,,
2026-03-26T07:23:01+00:00,65616,74.0,77.5,1.0,5.0,,,,
2026-03-26T07:26:01+00:00,65617,74.0,77.5,1.0,4.0,,,,
2026-03-26T07:29:01+00:00,65619,74.0,78.5,1.0,1.0,,,,
2026-03-26T07:32:01+00:00,65620,74.0,78.5,1.1,1.0,,,,
2026-03-26T07:35:01+00:00,65621,74.0,78.5,1.0,0.0,,,,
2026-03-26T07:38:01+00:00,65623,74.0,79.0,1.1,9.0,,,,
2026-03-26T07:41:01+00:00,65624,74.0,77.5,1.2,7.0,,,,
2026-03-26T07:44:01+00:00,65625,74.0,78.0,1.3,8.0,,,,
2026-03-26T07:47:01+00:00,65626,74.0,78.0,1.3,6.0,,,,
2026-03-26T07:50:01+00:00,65628,74.0,78.0,1.3,1.0,,,,
2026-03-26T07:53:01+00:00,65629,74.0,77.5,1.3,0.0,,,,
2026-03-26T07:56:01+00:00,65630,74.0,75.5,1.4,0.0,,,,
2026-03-26T07:59:01+00:00,65632,74.0,75.5,1.5,1.0,,,,
2026-03-26T08:02:01+00:00,65633,74.0,77.0,1.7,0.0,,,,
2026-03-26T08:05:01+00:00,65634,74.0,76.5,1.7,0.0,,,,
2026-03-26T08:08:01+00:00,65636,74.0,74.5,1.7,0.0,,,,
2026-03-26T08:11:01+00:00,65637,74.0,75.5,1.7,0.0,,,,
2026-03-26T08:14:01+00:00,65638,74.0,75.5,1.8,0.0,,,,
2026-03-26T08:17:01+00:00,65639,74.0,74.5,2.0,0.0,,,,
2026-03-26T08:20:01+00:00,65641,74.0,75.5,2.1,0.0,,,,
2026-03-26T08:23:01+00:00,65642,74.0,73.5,2.2,0.0,,,,
2026-03-26T08:26:01+00:00,65643,74.0,73.0,2.2,0.0,,,,
2026-03-26T08:29:01+00:00,65645,74.0,73.5,2.2,0.0,,,,
2026-03-26T08:32:01+00:00,65646,74.0,73.5,2.1,0.0,,,,
2026-03-26T08:35:01+00:00,65647,74.0,73.0,2.2,0.0,,,,
2026-03-26T08:38:01+00:00,65649,74.0,75.0,2.1,0.0,,,,
2026-03-26T08:41:01+00:00,65650,74.0,75.5,1.9,0.0,,,,
2026-03-26T08:44:01+00:00,65651,74.0,76.5,1.9,1.0,,,,
2026-03-26T08:47:01+00:00,65652,74.0,77.0,1.7,1.0,,,,
2026-03-26T08:50:01+00:00,65654,74.0,77.5,1.5,0.0,,,,
2026-03-26T08:53:01+00:00,65655,74.0,78.5,1.5,1.0,,,,
2026-03-26T08:56:01+00:00,65656,74.0,80.0,1.5,4.0,,,,
2026-03-26T08:59:01+00:00,65658,74.0,79.5,1.6,3.0,,,,
2026-03-26T09:02:01+00:00,65659,74.0,78.5,1.8,0.0,,,,
2026-03-26T09:05:01+00:00,65660,74.0,78.5,1.9,0.0,,,,
2026-03-26T09:08:01+00:00,65662,74.0,78.0,2.0,0.0,,,,
2026-03-26T09:11:01+00:00,65663,74.0,77.0,2.3,1.0,,,,
2026-03-26T09:14:01+00:00,65664,74.0,75.5,2.5,0.0,,,,
2026-03-26T09:17:01+00:00,65665,74.0,76.0,2.6,0.0,,,,
2026-03-26T09:20:01+00:00,65667,74.0,76.5,2.7,0.0,,,,
2026-03-26T09:23:01+00:00,65668,74.0,75.5,3.0,0.0,,,,
2026-03-26T09:26:01+00:00,65669,74.0,72.5,3.3,0.0,,,,
2026-03-26T09:29:01+00:00,65671,74.0,72.5,3.5,0.0,,,,
2026-03-26T09:32:01+00:00,65672,74.0,71.5,3.6,0.0,,,,
2026-03-26T09:35:01+00:00,65673,74.0,70.0,3.6,0.0,,,,
2026-03-26T09:38:01+00:00,65675,74.0,72.0,3.6,0.0,,,,
2026-03-26T09:41:01+00:00,65676,74.0,68.5,3.6,0.0,,,,
2026-03-26T09:44:01+00:00,65677,74.0,67.5,3.7,0.0,,,,
2026-03-26T09:47:01+00:00,65678,74.0,68.0,3.9,0.0,,,,
2026-03-26T09:50:01+00:00,65680,74.0,67.0,3.9,0.0,,,,
2026-03-26T09:53:01+00:00,65681,74.0,68.0,3.9,1.0,,,,
2026-03-26T09:56:01+00:00,65682,74.0,67.5,3.9,0.0,,,,
2026-03-26T09:59:01+00:00,65684,74.0,69.0,4.1,0.0,,,,
2026-03-26T10:02:01+00:00,65685,74.0,67.5,4.4,0.0,,,,
2026-03-26T10:05:01+00:00,65686,74.0,64.0,4.5,0.0,,,,
2026-03-26T10:08:01+00:00,65688,74.0,66.0,4.8,0.0,,,,
2026-03-26T10:11:01+00:00,65689,74.0,66.0,5.0,0.0,,,,
2026-03-26T10:14:01+00:00,65690,74.0,62.0,5.6,0.0,,,,
2026-03-26T10:17:01+00:00,65691,74.0,64.0,5.4,0.0,,,,
2026-03-26T10:20:01+00:00,65693,74.0,64.0,5.3,0.0,,,,
2026-03-26T10:23:01+00:00,65694,74.0,63.0,5.3,0.0,,,,
2026-03-26T10:26:01+00:00,65695,74.0,64.0,5.2,0.0,,,,
2026-03-26T10:29:01+00:00,65697,74.0,64.0,5.4,0.0,,,,
2026-03-26T10:32:01+00:00,65698,74.0,62.5,5.4,0.0,,,,
2026-03-26T10:35:01+00:00,65699,74.0,63.5,5.5,0.0,,,,
2026-03-26T10:38:01+00:00,65701,74.0,58.5,5.2,0.0,,,,
2026-03-26T10:41:01+00:00,65702,74.0,60.5,5.1,0.0,,,,
2026-03-26T10:44:01+00:00,65703,74.0,60.5,5.1,0.0,,,,
2026-03-26T10:47:01+00:00,65704,74.0,62.0,5.0,0.0,,,,
2026-03-26T10:50:01+00:00,65706,74.0,63.0,5.1,0.0,,,,
2026-03-26T10:53:01+00:00,65707,74.0,62.5,5.3,0.0,,,,
2026-03-26T10:56:01+00:00,65708,74.0,60.5,5.4,0.0,,,,
2026-03-26T10:59:01+00:00,65710,74.0,60.0,5.4,0.0,,,,
2026-03-26T11:02:01+00:00,65711,74.0,60.0,5.4,0.0,,,,
2026-03-26T11:05:01+00:00,65712,74.0,59.5,5.3,0.0,,,,
2026-03-26T11:08:01+00:00,65714,74.0,61.0,5.2,0.0,,,,
2026-03-26T11:11:01+00:00,65715,74.0,60.5,5.2,0.0,,,,
2026-03-26T11:14:01+00:00,65716,74.0,59.0,5.1,0.0,,,,
2026-03-26T11:17:01+00:00,65717,74.0,59.0,4.8,0.0,,,,
2026-03-26T11:20:01+00:00,65719,74.0,62.0,4.9,0.0,,,,
2026-03-26T11:23:01+00:00,65720,74.0,61.5,4.8,0.0,,,,
2026-03-26T11:26:01+00:00,65721,74.0,63.0,4.6,0.0,,,,
2026-03-26T11:29:01+00:00,65723,74.0,63.5,4.6,0.0,,,,
2026-03-26T11:32:01+00:00,65724,74.0,65.0,4.5,0.0,,,,
2026-03-26T11:35:01+00:00,65725,74.0,65.0,4.3,0.0,,,,
2026-03-26T11:38:01+00:00,65727,74.0,67.5,4.3,0.0,,,,
2026-03-26T11:41:01+00:00,65728,74.0,66.5,4.4,0.0,,,,
2026-03-26T11:44:01+00:00,65729,74.0,67.0,4.5,0.0,,,,
2026-03-26T11:47:01+00:00,65730,74.0,66.5,4.7,0.0,,,,
2026-03-26T11:50:01+00:00,65732,74.0,67.0,4.8,0.0,,,,
2026-03-26T11:53:01+00:00,65733,74.0,64.0,4.8,0.0,,,,
2026-03-26T11:56:01+00:00,65734,74.0,66.0,4.9,0.0,,,,
2026-03-26T11:59:01+00:00,65736,74.0,65.5,4.9,0.0,,,,
2026-03-26T12:02:01+00:00,65737,74.0,67.0,5.0,0.0,,,,
2026-03-26T12:05:01+00:00,65738,74.0,67.0,4.8,0.0,,,,
2026-03-26T12:08:01+00:00,65740,74.0,65.5,4.7,0.0,,,,
2026-03-26T12:11:01+00:00,65741,74.0,68.5,4.4,0.0,,,,
2026-03-26T12:14:01+00:00,65742,74.0,70.0,4.4,0.0,,,,
2026-03-26T12:17:01+00:00,65743,74.0,69.5,4.4,0.0,,,,
2026-03-26T12:20:01+00:00,65745,74.0,68.0,4.3,0.0,,,,
2026-03-26T12:23:01+00:00,65746,74.0,68.5,4.2,0.0,,,,
2026-03-26T12:26:01+00:00,65747,74.0,69.5,4.1,0.0,,,,
2026-03-26T12:29:01+00:00,65749,74.0,73.0,3.8,0.0,,,,
2026-03-26T12:32:01+00:00,65750,74.0,74.0,3.7,0.0,,,,
2026-03-26T12:35:01+00:00,65751,74.0,74.0,3.6,0.0,,,,
2026-03-26T12:38:01+00:00,65753,74.0,75.0,3.6,1.0,,,,
2026-03-26T12:41:01+00:00,65754,74.0,77.0,3.9,0.0,,,,
2026-03-26T12:44:01+00:00,65755,74.0,74.5,4.0,0.0,,,,
2026-03-26T12:47:01+00:00,65756,74.0,75.5,4.2,0.0,,,,
2026-03-26T12:50:01+00:00,65758,74.0,76.0,4.5,0.0,,,,
2026-03-26T12:53:01+00:00,65759,74.0,72.0,4.8,0.0,,,,
2026-03-26T12:56:01+00:00,65760,74.0,70.0,4.8,0.0,,,,
2026-03-26T12:59:01+00:00,65762,74.0,71.5,4.8,0.0,,,,
2026-03-26T13:02:01+00:00,65763,74.0,71.0,4.8,0.0,,,,
2026-03-26T13:05:01+00:00,65764,74.0,71.5,5.2,0.0,,,,
2026-03-26T13:08:01+00:00,65766,74.0,69.0,5.7,0.0,,,,
2026-03-26T13:11:01+00:00,65767,74.0,67.0,5.9,0.0,,,,
2026-03-26T13:14:01+00:00,65768,74.0,66.0,6.4,0.0,,,,
2026-03-26T13:17:01+00:00,65769,74.0,63.0,6.8,0.0,,,,
2026-03-26T13:20:01+00:00,65771,74.0,62.0,7.1,0.0,,,,
2026-03-26T13:23:01+00:00,65772,74.0,61.0,7.2,0.0,,,,
2026-03-26T13:26:01+00:00,65773,74.0,59.0,7.6,0.0,,,,
2026-03-26T13:29:01+00:00,65775,74.0,58.0,8.1,0.0,,,,
2026-03-26T13:32:01+00:00,65776,74.0,55.0,8.2,0.0,,,,
2026-03-26T13:35:01+00:00,65777,74.0,55.0,8.5,0.0,,,,
2026-03-26T13:38:01+00:00,65779,74.0,53.5,8.4,0.0,,,,
2026-03-26T13:41:01+00:00,65780,74.0,54.5,8.2,0.0,,,,
2026-03-26T13:44:01+00:00,65781,74.0,53.0,8.3,0.0,,,,
2026-03-26T13:47:01+00:00,65782,74.0,55.0,8.1,0.0,,,,
2026-03-26T13:50:01+00:00,65784,74.0,54.5,7.6,0.0,,,,
2026-03-26T13:53:01+00:00,65785,74.0,56.5,7.6,0.0,,,,
2026-03-26T13:56:01+00:00,65786,74.0,56.5,7.9,0.0,,,,
2026-03-26T13:59:01+00:00,65788,74.0,53.5,8.2,0.0,,,,
2026-03-26T14:02:01+00:00,65789,74.0,49.5,8.0,0.0,,,,
2026-03-26T14:05:01+00:00,65790,74.0,49.5,7.8,0.0,,,,
2026-03-26T14:08:01+00:00,65792,74.0,48.5,8.2,0.0,,,,
2026-03-26T14:11:00+00:00,65793,74.0,50.5,7.8,0.0,,,,
2026-03-26T14:14:01+00:00,65794,74.0,51.0,8.3,0.0,,,,
2026-03-26T14:17:00+00:00,65795,74.0,50.0,9.2,0.0,,,,
2026-03-26T14:20:00+00:00,65797,74.0,47.5,9.2,0.0,,,,
2026-03-26T14:23:00+00:00,65798,74.0,44.5,9.0,0.0,,,,
2026-03-26T14:26:00+00:00,65799,74.0,43.5,9.2,0.0,,,,
2026-03-26T14:29:00+00:00,65801,74.0,44.5,9.1,0.0,,,,
2026-03-26T14:32:00+00:00,65802,74.0,44.0,8.5,0.0,,,,
2026-03-26T14:35:00+00:00,65803,74.0,45.0,8.3,0.0,,,,
2026-03-26T14:38:00+00:00,65805,74.0,44.5,8.4,0.0,,,,
2026-03-26T14:41:00+00:00,65806,74.0,43.5,8.1,0.0,,,,
2026-03-26T14:44:00+00:00,65807,74.0,47.0,8.7,0.0,,,,
2026-03-26T14:47:00+00:00,65808,74.0,42.5,9.2,0.0,,,,
2026-03-26T14:50:00+00:00,65810,74.0,40.0,9.2,0.0,,,,
2026-03-26T14:53:00+00:00,65811,74.0,42.0,8.5,0.0,,,,
2026-03-26T14:56:00+00:00,65812,74.0,42.5,8.4,0.0,,,,
2026-03-26T14:59:00+00:00,65813,74.0,44.0,8.4,0.0,,,,
2026-03-26T15:02:00+00:00,65814,74.0,43.5,8.4,0.0,,,,
2026-03-26T15:05:00+00:00,65815,74.0,43.5,8.1,0.0,,,,
2026-03-26T15:08:00+00:00,65817,74.0,45.0,8.3,0.0,,,,
2026-03-26T15:11:00+00:00,65818,74.0,43.5,8.4,0.0,,,,
2026-03-26T15:14:00+00:00,65819,74.0,42.5,8.4,0.0,,,,
2026-03-26T15:17:00+00:00,65820,74.0,43.0,8.2,0.0,,,,
2026-03-26T15:20:00+00:00,65822,74.0,43.5,8.1,0.0,,,,
2026-03-26T15:23:00+00:00,65823,74.0,42.5,7.6,0.0,,,,
2026-03-26T15:26:00+00:00,65824,74.0,43.0,7.1,0.0,,,,
2026-03-26T15:29:00+00:00,65826,74.0,44.5,7.0,0.0,,,,
2026-03-26T15:32:00+00:00,65827,74.0,44.0,7.0,0.0,,,,
2026-03-26T15:35:00+00:00,65828,74.0,46.0,7.1,0.0,,,,
2026-03-26T15:38:00+00:00,65830,74.0,45.0,7.1,0.0,,,,
2026-03-26T15:41:00+00:00,65831,74.0,46.5,7.6,0.0,,,,
2026-03-26T15:44:00+00:00,65832,74.0,46.0,7.8,0.0,,,,
2026-03-26T15:47:00+00:00,65833,74.0,46.0,7.7,0.0,,,,
2026-03-26T15:50:00+00:00,65835,74.0,48.0,7.1,0.0,,,,
2026-03-26T15:53:00+00:00,65836,74.0,48.5,7.5,0.0,,,,
2026-03-26T15:56:00+00:00,65837,74.0,49.0,7.4,0.0,,,,
2026-03-26T15:59:00+00:00,65838,74.0,48.0,7.5,0.0,,,,
2026-03-26T16:02:00+00:00,65839,74.0,47.0,7.8,0.0,,,,
2026-03-26T16:05:00+00:00,65840,74.0,47.5,7.6,0.0,,,,
2026-03-26T16:08:00+00:00,65842,74.0,46.5,7.6,0.0,,,,
2026-03-26T16:11:00+00:00,65843,74.0,46.0,7.3,0.0,,,,
2026-03-26T16:14:00+00:00,65844,74.0,46.5,7.2,0.0,,,,
2026-03-26T16:17:00+00:00,65845,74.0,46.5,7.0,0.0,,,,
2026-03-26T16:20:00+00:00,65847,74.0,47.0,6.6,0.0,,,,
2026-03-26T16:23:00+00:00,65848,74.0,47.5,6.4,0.0,,,,
2026-03-26T16:26:00+00:00,65849,74.0,49.0,6.4,0.0,,,,
2026-03-26T16:29:00+00:00,65851,74.0,49.0,6.5,0.0,,,,
2026-03-26T16:32:00+00:00,65852,74.0,48.0,6.6,0.0,,,,
2026-03-26T16:35:00+00:00,65853,74.0,48.5,6.4,0.0,,,,
2026-03-26T16:38:00+00:00,65855,74.0,49.5,6.3,0.0,,,,
2026-03-26T16:44:00+00:00,65856,74.0,50.5,6.1,0.0,,,,
2026-03-26T16:47:00+00:00,65857,74.0,52.0,6.1,0.0,,,,
2026-03-26T16:50:00+00:00,65859,74.0,51.5,6.2,0.0,,,,
2026-03-26T16:53:00+00:00,65860,74.0,52.0,6.0,0.0,,,,
2026-03-26T16:59:00+00:00,65862,74.0,52.5,5.8,0.0,,,,
2026-03-26T17:02:00+00:00,65863,74.0,52.0,5.9,0.0,,,,
2026-03-26T17:05:00+00:00,65864,74.0,52.5,5.8,0.0,,,,
2026-03-26T17:08:00+00:00,65866,74.0,52.5,5.8,0.0,,,,
2026-03-26T17:11:00+00:00,65867,74.0,52.5,5.4,0.0,,,,
2026-03-26T17:14:00+00:00,65868,74.0,53.5,5.5,0.0,,,,
2026-03-26T17:17:00+00:00,65869,74.0,51.5,5.4,0.0,,,,
2026-03-26T17:20:00+00:00,65871,74.0,50.5,5.3,0.0,,,,
2026-03-26T17:23:00+00:00,65872,74.0,51.0,5.1,0.0,,,,
2026-03-26T17:26:00+00:00,65873,74.0,52.0,4.9,0.0,,,,
2026-03-26T17:29:00+00:00,65875,74.0,52.0,4.6,0.0,,,,
2026-03-26T17:32:00+00:00,65876,74.0,54.0,4.5,0.0,,,,
2026-03-26T17:35:00+00:00,65877,74.0,53.0,4.4,0.0,,,,
2026-03-26T17:38:00+00:00,65879,74.0,54.0,4.3,0.0,,,,
2026-03-26T17:41:00+00:00,65880,74.0,54.5,4.0,0.0,,,,
2026-03-26T17:44:00+00:00,65881,74.0,54.5,3.7,0.0,,,,
2026-03-26T17:47:00+00:00,65882,74.0,56.0,3.6,0.0,,,,
2026-03-26T17:50:00+00:00,65884,74.0,57.0,3.4,0.0,,,,
2026-03-26T17:53:00+00:00,65885,74.0,57.5,3.2,0.0,,,,
2026-03-26T17:56:00+00:00,65886,74.0,58.5,3.0,0.0,,,,
2026-03-26T17:59:00+00:00,65888,74.0,59.5,2.9,0.0,,,,
2026-03-26T18:02:00+00:00,65889,74.0,60.5,2.7,0.0,,,,
2026-03-26T18:05:00+00:00,65890,74.0,61.5,2.5,0.0,,,,
2026-03-26T18:08:00+00:00,65892,74.0,62.0,2.5,0.0,,,,
2026-03-26T18:11:00+00:00,65893,74.0,62.5,2.2,0.0,,,,
2026-03-26T18:14:00+00:00,65894,74.0,63.0,2.1,0.0,,,,
2026-03-26T18:17:00+00:00,65895,74.0,63.5,2.0,0.0,,,,
2026-03-26T18:20:00+00:00,65897,74.0,64.5,1.9,0.0,,,,
2026-03-26T18:23:00+00:00,65898,74.0,65.0,1.7,0.0,,,,
2026-03-26T18:26:00+00:00,65899,74.0,66.0,1.8,0.0,,,,
2026-03-26T18:29:00+00:00,65901,74.0,66.5,1.7,0.0,,,,
2026-03-26T18:32:00+00:00,65902,74.0,66.5,1.6,0.0,,,,
2026-03-26T18:35:00+00:00,65903,74.0,67.0,1.6,0.0,,,,
2026-03-26T18:38:00+00:00,65905,74.0,67.5,1.4,0.0,,,,
2026-03-26T18:41:00+00:00,65906,74.0,67.5,1.4,0.0,,,,
2026-03-26T18:44:00+00:00,65907,74.0,68.0,1.4,0.0,,,,
2026-03-26T18:47:00+00:00,65908,74.0,67.5,1.4,0.0,,,,
2026-03-26T18:50:00+00:00,65910,74.0,68.0,1.4,0.0,,,,
2026-03-26T18:53:00+00:00,65911,74.0,68.0,1.3,0.0,,,,
2026-03-26T18:56:00+00:00,65912,74.0,68.5,1.4,0.0,,,,
2026-03-26T18:59:00+00:00,65914,74.0,67.5,1.5,0.0,,,,
2026-03-26T19:02:00+00:00,65915,74.0,67.0,1.5,0.0,,,,
2026-03-26T19:05:00+00:00,65916,74.0,66.5,1.6,0.0,,,,
2026-03-26T19:08:00+00:00,65918,74.0,66.5,1.7,0.0,,,,
2026-03-26T19:11:00+00:00,65919,74.0,66.0,1.7,0.0,,,,
2026-03-26T19:14:00+00:00,65920,74.0,65.0,1.9,0.0,,,,
2026-03-26T19:17:00+00:00,65921,74.0,64.5,2.0,0.0,,,,
2026-03-26T19:20:00+00:00,65923,74.0,64.0,2.0,0.0,,,,
2026-03-26T19:23:00+00:00,65924,74.0,64.0,2.0,0.0,,,,
2026-03-26T19:26:00+00:00,65925,74.0,64.0,2.2,0.0,,,,
2026-03-26T19:29:00+00:00,65927,74.0,63.5,2.1,0.0,,,,
2026-03-26T19:32:00+00:00,65928,74.0,64.0,2.3,0.0,,,,
2026-03-26T19:35:00+00:00,65929,74.0,63.0,2.3,0.0,,,,
2026-03-26T19:38:00+00:00,65931,74.0,63.5,2.3,0.0,,,,
2026-03-26T19:41:00+00:00,65932,74.0,64.0,2.3,0.0,,,,
2026-03-26T19:44:00+00:00,65933,74.0,64.5,2.3,0.0,,,,
2026-03-26T19:47:00+00:00,65934,74.0,66.0,2.3,0.0,,,,
2026-03-26T19:50:00+00:00,65936,74.0,67.5,2.3,0.0,,,,
2026-03-26T19:53:00+00:00,65937,74.0,69.0,2.1,0.0,,,,
2026-03-26T19:56:00+00:00,65938,74.0,70.5,1.9,1.0,,,,
2026-03-26T19:59:00+00:00,65940,74.0,72.0,2.0,0.0,,,,
2026-03-26T20:02:00+00:00,65941,74.0,72.5,1.9,0.0,,,,
2026-03-26T20:05:00+00:00,65942,74.0,72.5,1.8,0.0,,,,
2026-03-26T20:08:00+00:00,65944,74.0,73.0,1.8,0.0,,,,
2026-03-26T20:11:00+00:00,65945,74.0,73.0,1.7,0.0,,,,
2026-03-26T20:14:00+00:00,65946,74.0,73.0,1.8,0.0,,,,
2026-03-26T20:17:00+00:00,65947,74.0,73.0,1.7,0.0,,,,
2026-03-26T20:20:00+00:00,65949,74.0,72.5,1.8,0.0,,,,
2026-03-26T20:23:00+00:00,65950,74.0,73.0,1.7,0.0,,,,
2026-03-26T20:26:00+00:00,65951,74.0,73.0,1.8,0.0,,,,
2026-03-26T20:29:00+00:00,65953,74.0,73.0,1.7,0.0,,,,
2026-03-26T20:32:00+00:00,65954,74.0,73.5,1.6,0.0,,,,
2026-03-26T20:35:00+00:00,65955,74.0,74.0,1.5,0.0,,,,
2026-03-26T20:38:00+00:00,65957,74.0,74.0,1.4,0.0,,,,
2026-03-26T20:41:00+00:00,65958,74.0,73.5,1.3,0.0,,,,
2026-03-26T20:44:00+00:00,65959,74.0,73.5,1.3,0.0,,,,
2026-03-26T20:47:00+00:00,65960,74.0,73.5,1.3,0.0,,,,
2026-03-26T20:50:00+00:00,65962,74.0,73.5,1.1,0.0,,,,
2026-03-26T20:53:00+00:00,65963,74.0,73.5,1.2,0.0,,,,
2026-03-26T20:56:00+00:00,65964,74.0,74.0,1.0,0.0,,,,
2026-03-26T20:59:00+00:00,65966,74.0,74.0,0.9,0.0,,,,
2026-03-26T21:02:00+00:00,65967,74.0,74.5,0.9,0.0,,,,
2026-03-26T21:05:00+00:00,65968,74.0,74.5,0.9,0.0,,,,
2026-03-26T21:08:00+00:00,65970,74.0,74.5,0.7,0.0,,,,
2026-03-26T21:11:00+00:00,65971,74.0,75.0,0.8,0.0,,,,
2026-03-26T21:14:00+00:00,65972,74.0,75.0,0.7,0.0,,,,
2026-03-26T21:17:00+00:00,65973,74.0,75.5,0.6,0.0,,,,
2026-03-26T21:20:00+00:00,65975,74.0,75.5,0.5,0.0,,,,
2026-03-26T21:23:00+00:00,65976,74.0,75.5,0.5,0.0,,,,
2026-03-26T21:26:00+00:00,65977,74.0,75.5,0.5,0.0,,,,
2026-03-26T21:29:00+00:00,65979,74.0,75.5,0.6,0.0,,,,
2026-03-26T21:32:00+00:00,65980,74.0,75.5,0.6,0.0,,,,
2026-03-26T21:35:00+00:00,65981,74.0,75.5,0.4,0.0,,,,
2026-03-26T21:38:00+00:00,65983,74.0,76.0,0.4,0.0,,,,
2026-03-26T21:41:00+00:00,65984,74.0,76.0,0.5,0.0,,,,
2026-03-26T21:44:00+00:00,65985,74.0,76.0,0.4,0.0,,,,
2026-03-26T21:47:00+00:00,65986,74.0,75.5,0.5,0.0,,,,
2026-03-26T21:50:00+00:00,65988,74.0,76.0,0.5,0.0,,,,
2026-03-26T21:53:00+00:00,65989,74.0,75.5,0.5,0.0,,,,
2026-03-26T21:56:00+00:00,65990,74.0,75.5,0.5,0.0,,,,
2026-03-26T21:59:00+00:00,65992,74.0,75.0,0.5,0.0,,,,
2026-03-26T22:02:00+00:00,65993,74.0,74.5,0.6,0.0,,,,
2026-03-26T22:05:00+00:00,65994,74.0,74.5,0.4,0.0,,,,
2026-03-26T22:08:00+00:00,65996,74.0,75.0,0.4,0.0,,,,
2026-03-26T22:11:00+00:00,65997,74.0,74.5,0.4,0.0,,,,
2026-03-26T22:14:00+00:00,65998,74.0,74.0,0.4,0.0,,,,
2026-03-26T22:17:00+00:00,65999,74.0,74.0,0.5,0.0,,,,
2026-03-26T22:20:00+00:00,66001,74.0,73.5,0.5,0.0,,,,
2026-03-26T22:23:00+00:00,66002,74.0,73.5,0.6,0.0,,,,
2026-03-26T22:25:59+00:00,66003,74.0,73.0,0.6,0.0,,,,
2026-03-26T22:28:59+00:00,66005,74.0,73.0,0.7,0.0,,,,
2026-03-26T22:31:59+00:00,66006,74.0,72.5,0.5,0.0,,,,
2026-03-26T22:34:59+00:00,66007,74.0,73.0,0.6,0.0,,,,
2026-03-26T22:38:00+00:00,66009,74.0,72.5,0.6,0.0,,,,
2026-03-26T22:40:59+00:00,66010,74.0,72.0,0.5,0.0,,,,
2026-03-26T22:43:59+00:00,66011,74.0,72.5,0.5,0.0,,,,
2026-03-26T22:46:59+00:00,66012,74.0,73.0,0.4,0.0,,,,
2026-03-26T22:49:59+00:00,66014,74.0,73.5,0.4,0.0,,,,
2026-03-26T22:52:59+00:00,66015,74.0,74.0,0.4,0.0,,,,
2026-03-26T22:55:59+00:00,66016,74.0,74.0,0.2,0.0,,,,
2026-03-26T22:58:59+00:00,66018,74.0,74.5,0.1,0.0,,,,
2026-03-26T23:01:59+00:00,66019,74.0,75.0,0.1,0.0,,,,
2026-03-26T23:04:59+00:00,66020,74.0,75.0,0.0,0.0,,,,
2026-03-26T23:07:59+00:00,66021,74.0,74.0,0.3,0.0,,,,
2026-03-26T23:10:59+00:00,66022,74.0,73.5,0.5,0.0,,,,
2026-03-26T23:13:59+00:00,66023,74.0,73.0,0.6,0.0,,,,
2026-03-26T23:16:59+00:00,66024,74.0,72.5,0.6,0.0,,,,
2026-03-26T23:19:59+00:00,66025,74.0,73.0,0.5,0.0,,,,
2026-03-26T23:22:59+00:00,66026,74.0,73.0,0.5,0.0,,,,
2026-03-26T23:25:59+00:00,66027,74.0,73.0,0.3,0.0,,,,
2026-03-26T23:28:59+00:00,66028,74.0,73.0,0.2,0.0,,,,
2026-03-26T23:31:59+00:00,66029,74.0,73.5,0.2,0.0,,,,
2026-03-26T23:34:59+00:00,66030,74.0,73.5,0.2,0.0,,,,
2026-03-26T23:37:59+00:00,66031,74.0,72.5,0.3,0.0,,,,
2026-03-26T23:40:59+00:00,66032,74.0,72.5,0.3,0.0,,,,
2026-03-26T23:43:59+00:00,66033,74.0,73.0,0.2,0.0,,,,
2026-03-26T23:46:59+00:00,66034,74.0,73.0,0.2,0.0,,,,
2026-03-26T23:49:59+00:00,66035,74.0,73.0,0.1,0.0,,,,
2026-03-26T23:52:59+00:00,66036,74.0,73.5,0.0,0.0,,,,
2026-03-26T23:55:59+00:00,66037,74.0,73.5,0.1,0.0,,,,
2026-03-26T23:58:59+00:00,66038,74.0,74.0,0.0,0.0,,,,
2026-03-27T00:01:59+00:00,66039,74.0,74.0,0.0,0.0,,,,
2026-03-27T00:04:59+00:00,66040,74.0,74.5,0.0,0.0,,,,
2026-03-27T00:07:59+00:00,66041,74.0,74.0,0.1,0.0,,,,
2026-03-27T00:10:59+00:00,66042,74.0,73.5,0.0,0.0,,,,
2026-03-27T00:13:59+00:00,66043,74.0,73.0,0.1,0.0,,,,
2026-03-27T00:16:59+00:00,66044,74.0,73.5,0.2,0.0,,,,
2026-03-27T00:19:59+00:00,66045,74.0,73.0,0.3,0.0,,,,
2026-03-27T00:22:59+00:00,66046,74.0,72.5,0.2,0.0,,,,
2026-03-27T00:25:59+00:00,66047,74.0,73.0,0.1,0.0,,,,
2026-03-27T00:28:59+00:00,66048,74.0,73.0,0.0,0.0,,,,
2026-03-27T00:31:59+00:00,66049,74.0,73.5,0.1,0.0,,,,
2026-03-27T00:34:59+00:00,66050,74.0,73.5,0.2,0.0,,,,
2026-03-27T00:37:59+00:00,66051,74.0,73.0,0.3,0.0,,,,
2026-03-27T00:40:59+00:00,66052,74.0,73.5,0.3,0.0,,,,
2026-03-27T00:43:59+00:00,66053,74.0,73.5,0.4,0.0,,,,
2026-03-27T00:46:59+00:00,66054,74.0,73.5,0.4,0.0,,,,
2026-03-27T00:49:59+00:00,66055,74.0,73.5,0.5,0.0,,,,
2026-03-27T00:52:59+00:00,66056,74.0,73.0,0.5,0.0,,,,
2026-03-27T00:55:59+00:00,66057,74.0,73.5,0.6,0.0,,,,
2026-03-27T00:58:59+00:00,66058,74.0,73.0,0.6,0.0,,,,
2026-03-27T01:01:59+00:00,66059,74.0,72.5,0.7,0.0,,,,
2026-03-27T01:04:59+00:00,66060,74.0,72.5,0.7,0.0,,,,
2026-03-27T01:07:59+00:00,66061,74.0,72.5,0.8,0.0,,,,
2026-03-27T01:10:59+00:00,66062,74.0,72.5,0.6,0.0,,,,
2026-03-27T01:13:59+00:00,66063,74.0,73.0,0.6,0.0,,,,
2026-03-27T01:16:59+00:00,66064,74.0,73.0,0.6,0.0,,,,
2026-03-27T01:19:59+00:00,66065,74.0,73.0,0.6,0.0,,,,
2026-03-27T01:22:59+00:00,66066,74.0,73.5,0.5,0.0,,,,
2026-03-27T01:25:59+00:00,66067,74.0,73.5,0.6,0.0,,,,
2026-03-27T01:28:59+00:00,66068,74.0,73.5,0.5,0.0,,,,
2026-03-27T01:31:59+00:00,66069,74.0,73.5,0.5,0.0,,,,
2026-03-27T01:34:59+00:00,66070,74.0,73.5,0.5,0.0,,,,
2026-03-27T01:37:59+00:00,66071,74.0,73.5,0.6,0.0,,,,
2026-03-27T01:40:59+00:00,66072,74.0,73.5,0.5,0.0,,,,
2026-03-27T01:43:59+00:00,66073,74.0,73.0,0.6,0.0,,,,
2026-03-27T01:46:59+00:00,66074,74.0,73.0,0.6,0.0,,,,
2026-03-27T01:49:59+00:00,66075,74.0,73.0,0.6,0.0,,,,
2026-03-27T01:52:59+00:00,66076,74.0,73.0,0.6,0.0,,,,
2026-03-27T01:55:59+00:00,66077,74.0,73.0,0.8,0.0,,,,
2026-03-27T01:58:59+00:00,66078,74.0,73.5,0.8,0.0,,,,
2026-03-27T02:01:59+00:00,66079,74.0,73.5,0.8,0.0,,,,
2026-03-27T02:04:59+00:00,66080,74.0,73.5,0.8,0.0,,,,
2026-03-27T02:07:59+00:00,66081,74.0,74.0,0.8,0.0,,,,
2026-03-27T02:10:59+00:00,66082,74.0,74.0,0.8,0.0,,,,
2026-03-27T02:13:59+00:00,66083,74.0,74.5,0.8,0.0,,,,
2026-03-27T02:16:59+00:00,66084,74.0,75.0,0.8,0.0,,,,
2026-03-27T02:19:59+00:00,66085,74.0,77.5,0.8,0.0,,,,
2026-03-27T02:22:59+00:00,66086,74.0,80.5,0.7,0.0,,,,
2026-03-27T02:25:59+00:00,66087,74.0,81.5,0.6,0.0,,,,
2026-03-27T02:28:59+00:00,66088,74.0,81.0,0.5,0.0,,,,
2026-03-27T02:31:59+00:00,66089,74.0,80.5,0.5,0.0,,,,
2026-03-27T02:34:59+00:00,66090,74.0,80.0,0.5,0.0,,,,
2026-03-27T02:37:59+00:00,66091,74.0,79.5,0.6,0.0,,,,
2026-03-27T02:40:59+00:00,66092,74.0,79.5,0.5,0.0,,,,
2026-03-27T02:43:59+00:00,66093,74.0,79.5,0.5,0.0,,,,
2026-03-27T02:46:59+00:00,66094,74.0,79.5,0.4,0.0,,,,
2026-03-27T02:49:59+00:00,66095,74.0,79.5,0.4,0.0,,,,
2026-03-27T02:52:59+00:00,66096,74.0,79.5,0.4,0.0,,,,
2026-03-27T02:55:59+00:00,66097,74.0,79.0,0.4,0.0,,,,
2026-03-27T02:58:59+00:00,66098,74.0,79.0,0.4,0.0,,,,
2026-03-27T03:01:59+00:00,66099,74.0,79.5,0.4,0.0,,,,
2026-03-27T03:04:59+00:00,66100,74.0,79.5,0.5,0.0,,,,
2026-03-27T03:07:59+00:00,66101,74.0,79.0,0.5,0.0,,,,
2026-03-27T03:10:59+00:00,66102,74.0,78.5,0.4,0.0,,,,
2026-03-27T03:13:59+00:00,66103,74.0,78.5,0.5,0.0,,,,
2026-03-27T03:16:59+00:00,66104,74.0,78.0,0.4,0.0,,,,
2026-03-27T03:19:59+00:00,66105,74.0,78.0,0.6,0.0,,,,
2026-03-27T03:22:59+00:00,66106,74.0,77.5,0.6,0.0,,,,
2026-03-27T03:25:59+00:00,66107,74.0,77.0,0.6,0.0,,,,
2026-03-27T03:28:59+00:00,66108,74.0,76.5,0.6,0.0,,,,
2026-03-27T03:31:59+00:00,66109,74.0,76.0,0.6,0.0,,,,
2026-03-27T03:34:59+00:00,66110,74.0,76.0,0.7,0.0,,,,
2026-03-27T03:37:59+00:00,66111,74.0,76.0,0.6,0.0,,,,
2026-03-27T03:40:59+00:00,66112,74.0,76.0,0.6,0.0,,,,
2026-03-27T03:43:59+00:00,66113,74.0,76.0,0.7,0.0,,,,
2026-03-27T03:46:59+00:00,66114,74.0,76.0,0.6,0.0,,,,
2026-03-27T03:49:59+00:00,66115,74.0,75.5,0.7,0.0,,,,
2026-03-27T03:52:59+00:00,66116,74.0,75.0,0.6,0.0,,,,
2026-03-27T03:55:59+00:00,66117,74.0,75.0,0.6,0.0,,,,
2026-03-27T03:58:59+00:00,66118,74.0,75.0,0.6,0.0,,,,
2026-03-27T04:01:59+00:00,66119,74.0,74.5,0.6,0.0,,,,
2026-03-27T04:04:59+00:00,66120,74.0,75.0,0.5,0.0,,,,
2026-03-27T04:07:59+00:00,66121,74.0,74.5,0.5,0.0,,,,
2026-03-27T04:10:59+00:00,66122,74.0,75.5,0.6,0.0,,,,
2026-03-27T04:13:59+00:00,66123,74.0,75.5,0.6,0.0,,,,
2026-03-27T04:16:59+00:00,66124,74.0,75.5,0.5,0.0,,,,
2026-03-27T04:19:59+00:00,66125,74.0,76.0,0.5,0.0,,,,
2026-03-27T04:22:59+00:00,66126,74.0,76.5,0.4,0.0,,,,
2026-03-27T04:25:59+00:00,66127,74.0,76.5,0.3,0.0,,,,
2026-03-27T04:28:59+00:00,66128,74.0,76.5,0.4,0.0,,,,
2026-03-27T04:31:59+00:00,66129,74.0,77.5,0.4,0.0,,,,
2026-03-27T04:34:59+00:00,66130,74.0,78.0,0.4,0.0,,,,
2026-03-27T04:37:59+00:00,66131,74.0,77.5,0.3,0.0,,,,
2026-03-27T04:40:59+00:00,66132,74.0,77.0,0.3,0.0,,,,
2026-03-27T04:43:59+00:00,66133,74.0,77.0,0.3,0.0,,,,
2026-03-27T04:46:59+00:00,66134,74.0,77.5,0.4,0.0,,,,
2026-03-27T04:49:59+00:00,66135,74.0,79.0,0.3,0.0,,,,
2026-03-27T04:52:59+00:00,66136,74.0,78.0,0.3,0.0,,,,
2026-03-27T04:55:59+00:00,66137,74.0,77.5,0.2,0.0,,,,
2026-03-27T04:58:59+00:00,66138,74.0,77.5,0.2,0.0,,,,
2026-03-27T05:01:59+00:00,66139,74.0,77.0,0.2,0.0,,,,
2026-03-27T05:04:59+00:00,66140,74.0,77.0,0.1,0.0,,,,
2026-03-27T05:07:59+00:00,66141,74.0,77.5,0.0,0.0,,,,
2026-03-27T05:10:59+00:00,66142,74.0,77.0,0.0,0.0,,,,
2026-03-27T05:13:59+00:00,66143,74.0,76.5,0.0,0.0,,,,
2026-03-27T05:16:59+00:00,66144,74.0,76.5,0.0,0.0,,,,
2026-03-27T05:19:59+00:00,66145,74.0,77.0,0.0,0.0,,,,
2026-03-27T05:22:59+00:00,66146,74.0,77.0,0.0,0.0,,,,
2026-03-27T05:25:59+00:00,66147,74.0,77.0,0.0,0.0,,,,
2026-03-27T05:28:59+00:00,66148,74.0,77.0,0.0,0.0,,,,
2026-03-27T05:31:59+00:00,66149,74.0,77.0,0.0,0.0,,,,
2026-03-27T05:34:59+00:00,66150,74.0,77.0,0.0,0.0,,,,
2026-03-27T05:37:59+00:00,66151,74.0,76.5,0.0,0.0,,,,
2026-03-27T05:40:59+00:00,66152,74.0,76.5,0.0,0.0,,,,
2026-03-27T05:43:59+00:00,66153,74.0,76.5,0.0,0.0,,,,
2026-03-27T05:46:59+00:00,66154,74.0,76.5,0.0,0.0,,,,
2026-03-27T05:49:59+00:00,66155,74.0,77.0,0.0,0.0,,,,
2026-03-27T05:52:59+00:00,66156,74.0,77.0,0.0,0.0,,,,
2026-03-27T05:55:59+00:00,66157,74.0,77.0,0.0,0.0,,,,
2026-03-27T05:58:59+00:00,66158,74.0,76.5,0.0,0.0,,,,
2026-03-27T06:01:59+00:00,66159,74.0,76.0,0.0,0.0,,,,
2026-03-27T06:04:59+00:00,66160,74.0,76.0,0.0,0.0,,,,
2026-03-27T06:07:59+00:00,66161,74.0,76.0,0.0,0.0,,,,
2026-03-27T06:10:59+00:00,66162,74.0,76.0,0.1,0.0,,,,
2026-03-27T06:13:59+00:00,66163,74.0,76.0,0.1,0.0,,,,
2026-03-27T06:16:59+00:00,66164,74.0,76.0,0.1,0.0,,,,
2026-03-27T06:19:59+00:00,66165,74.0,76.5,0.1,0.0,,,,
2026-03-27T06:22:59+00:00,66166,74.0,76.5,0.2,0.0,,,,
2026-03-27T06:25:59+00:00,66167,74.0,76.5,0.1,0.0,,,,
2026-03-27T06:28:59+00:00,66168,74.0,76.0,0.2,0.0,,,,
2026-03-27T06:31:59+00:00,66169,74.0,75.0,0.3,0.0,,,,
2026-03-27T06:34:59+00:00,66170,74.0,74.5,0.4,0.0,,,,
2026-03-27T06:37:59+00:00,66171,74.0,74.5,0.4,0.0,,,,
2026-03-27T06:40:59+00:00,66172,74.0,74.5,0.4,0.0,,,,
2026-03-27T06:43:59+00:00,66173,74.0,74.5,0.3,0.0,,,,
2026-03-27T06:46:59+00:00,66174,74.0,74.5,0.3,0.0,,,,
2026-03-27T06:49:59+00:00,66175,74.0,74.0,0.5,0.0,,,,
2026-03-27T06:52:59+00:00,66176,74.0,73.5,0.7,0.0,,,,
2026-03-27T07:15:00+00:00,66178,74.0,73.0,0.9,1.0,,,,
2026-03-27T07:17:30+00:00,66179,74.0,72.5,0.9,0.0,,,,
2026-03-27T07:20:30+00:00,66180,74.0,72.5,1.0,0.0,,,,
2026-03-27T07:23:30+00:00,66181,74.0,72.5,1.0,0.0,,,,
2026-03-27T07:26:30+00:00,66182,74.0,71.5,1.1,0.0,,,,
2026-03-27T07:29:30+00:00,66183,74.0,72.0,1.1,0.0,,,,
2026-03-27T07:32:30+00:00,66184,74.0,71.5,1.1,0.0,,,,
2026-03-27T07:35:30+00:00,66185,74.0,71.5,1.3,0.0,,,,
2026-03-27T07:38:30+00:00,66186,74.0,70.5,1.3,0.0,,,,
2026-03-27T07:41:30+00:00,66187,74.0,70.5,1.4,0.0,,,,
2026-03-27T07:44:30+00:00,66188,74.0,70.0,1.4,0.0,,,,
2026-03-27T07:47:30+00:00,66189,74.0,70.5,1.4,0.0,,,,
2026-03-27T07:50:30+00:00,66190,74.0,70.5,1.5,0.0,,,,
2026-03-27T07:53:30+00:00,66191,74.0,69.0,1.5,0.0,,,,
2026-03-27T07:56:30+00:00,66192,74.0,69.0,1.5,0.0,,,,
2026-03-27T07:59:30+00:00,66193,74.0,69.0,1.6,0.0,,,,
2026-03-27T08:02:30+00:00,66194,74.0,69.0,1.7,0.0,,,,
2026-03-27T08:05:30+00:00,66195,74.0,67.5,1.8,0.0,,,,
2026-03-27T08:08:30+00:00,66196,74.0,67.5,1.9,0.0,,,,
2026-03-27T08:11:30+00:00,66197,74.0,67.0,2.0,0.0,,,,
2026-03-27T08:14:30+00:00,66198,74.0,66.5,2.0,0.0,,,,
2026-03-27T08:17:30+00:00,66200,74.0,66.5,2.2,0.0,,,,
2026-03-27T08:20:30+00:00,66201,74.0,65.5,2.3,0.0,,,,
2026-03-27T08:23:30+00:00,66202,74.0,64.5,2.3,0.0,,,,
2026-03-27T08:26:30+00:00,66204,74.0,64.5,2.5,0.0,,,,
2026-03-27T08:29:30+00:00,66205,74.0,62.5,2.6,0.0,,,,
2026-03-27T08:32:30+00:00,66206,74.0,62.0,2.6,0.0,,,,
2026-03-27T08:35:30+00:00,66207,74.0,59.5,2.6,0.0,,,,
2026-03-27T08:38:30+00:00,66209,74.0,59.5,2.9,0.0,,,,
2026-03-27T08:41:30+00:00,66210,74.0,58.5,3.2,0.0,,,,
2026-03-27T08:44:30+00:00,66211,74.0,58.0,3.4,0.0,,,,
2026-03-27T08:47:30+00:00,66213,74.0,57.5,3.9,0.0,,,,
2026-03-27T08:50:30+00:00,66214,74.0,57.0,3.8,0.0,,,,
2026-03-27T08:53:30+00:00,66215,74.0,57.0,3.5,0.0,,,,
2026-03-27T08:56:30+00:00,66217,74.0,57.0,3.1,0.0,,,,
2026-03-27T08:59:30+00:00,66218,74.0,58.5,3.2,0.0,,,,
2026-03-27T09:02:30+00:00,66219,74.0,57.5,3.9,0.0,,,,
2026-03-27T09:05:30+00:00,66220,74.0,56.5,3.8,0.0,,,,
2026-03-27T09:08:30+00:00,66222,74.0,57.5,3.8,0.0,,,,
2026-03-27T09:11:30+00:00,66223,74.0,57.0,4.2,0.0,,,,
2026-03-27T09:14:30+00:00,66224,74.0,57.0,4.6,0.0,,,,
2026-03-27T09:17:30+00:00,66226,74.0,55.0,4.8,0.0,,,,
2026-03-27T09:20:30+00:00,66227,74.0,52.0,5.2,0.0,,,,
2026-03-27T09:23:30+00:00,66228,74.0,54.0,5.1,0.0,,,,
2026-03-27T09:26:30+00:00,66230,74.0,54.0,5.4,0.0,,,,
2026-03-27T09:29:30+00:00,66231,74.0,50.0,5.5,0.0,,,,
2026-03-27T09:32:30+00:00,66232,74.0,49.5,5.5,0.0,,,,
2026-03-27T09:33:30+00:00,66233,74.0,50.5,5.5,0.0,,,,
2026-03-27T09:36:30+00:00,66235,74.0,50.0,5.4,0.0,,,,
2026-03-27T09:39:30+00:00,66236,74.0,50.5,5.5,0.0,,,,
2026-03-27T09:42:30+00:00,66237,74.0,49.0,5.3,0.0,,,,
2026-03-27T09:45:30+00:00,66238,74.0,48.5,5.4,0.0,,,,
2026-03-27T09:48:30+00:00,66240,74.0,48.5,5.9,0.0,,,,
2026-03-27T09:51:30+00:00,66241,74.0,50.0,6.4,0.0,,,,
2026-03-27T09:54:30+00:00,66242,74.0,49.0,6.8,0.0,,,,
2026-03-27T09:57:30+00:00,66244,74.0,48.0,6.9,0.0,,,,
2026-03-27T10:00:30+00:00,66245,74.0,47.5,6.5,0.0,,,,
2026-03-27T10:03:30+00:00,66246,74.0,48.5,6.7,0.0,,,,
2026-03-27T10:06:30+00:00,66248,74.0,44.0,6.6,0.0,,,,
2026-03-27T10:09:30+00:00,66249,74.0,45.0,6.8,0.0,,,,
2026-03-27T10:12:30+00:00,66250,74.0,44.5,7.0,0.0,,,,
2026-03-27T10:15:30+00:00,66251,74.0,44.5,7.0,0.0,,,,
2026-03-27T10:18:30+00:00,66253,74.0,44.0,7.2,0.0,,,,
2026-03-27T10:21:30+00:00,66254,74.0,44.5,7.6,0.0,,,,
2026-03-27T10:24:30+00:00,66255,74.0,42.5,6.9,0.0,,,,
2026-03-27T10:27:30+00:00,66257,74.0,44.5,6.4,0.0,,,,
2026-03-27T10:30:30+00:00,66258,74.0,43.5,6.3,0.0,,,,
2026-03-27T10:33:30+00:00,66259,74.0,44.0,5.9,0.0,,,,
2026-03-27T10:36:30+00:00,66261,74.0,44.5,6.2,0.0,,,,
2026-03-27T10:39:30+00:00,66262,74.0,45.0,6.5,0.0,,,,
2026-03-27T10:42:30+00:00,66263,74.0,43.5,6.5,0.0,,,,
2026-03-27T10:45:30+00:00,66264,74.0,44.0,6.6,0.0,,,,
2026-03-27T10:48:30+00:00,66266,74.0,44.0,7.3,0.0,,,,
2026-03-27T10:51:30+00:00,66267,74.0,43.0,7.6,0.0,,,,
2026-03-27T10:54:30+00:00,66268,74.0,44.5,8.2,0.0,,,,
2026-03-27T10:57:30+00:00,66270,74.0,44.0,7.8,0.0,,,,
2026-03-27T11:00:30+00:00,66271,74.0,45.0,7.6,0.0,,,,
2026-03-27T11:03:30+00:00,66272,74.0,45.5,7.2,0.0,,,,
2026-03-27T11:06:30+00:00,66274,74.0,47.0,6.8,0.0,,,,
2026-03-27T11:09:30+00:00,66275,74.0,48.5,6.6,0.0,,,,
2026-03-27T11:12:30+00:00,66276,74.0,48.5,6.9,0.0,,,,
2026-03-27T11:15:30+00:00,66277,74.0,48.0,7.0,0.0,,,,
2026-03-27T11:18:30+00:00,66279,74.0,45.5,7.1,0.0,,,,
2026-03-27T11:21:30+00:00,66280,74.0,46.0,7.1,0.0,,,,
2026-03-27T11:24:30+00:00,66281,74.0,45.0,7.5,0.0,,,,
2026-03-27T11:27:30+00:00,66283,74.0,45.0,7.3,0.0,,,,
2026-03-27T11:30:30+00:00,66284,74.0,45.5,7.1,0.0,,,,
2026-03-27T11:33:30+00:00,66285,74.0,43.5,7.4,0.0,,,,
2026-03-27T11:36:30+00:00,66287,74.0,43.0,7.5,0.0,,,,
2026-03-27T11:39:30+00:00,66288,74.0,42.0,7.4,0.0,,,,
2026-03-27T11:42:30+00:00,66289,74.0,43.5,7.4,0.0,,,,
2026-03-27T11:45:30+00:00,66290,74.0,43.0,7.4,0.0,,,,
2026-03-27T11:48:30+00:00,66292,74.0,43.0,7.5,0.0,,,,
2026-03-27T11:51:30+00:00,66293,74.0,43.5,7.5,0.0,,,,
2026-03-27T11:54:30+00:00,66294,74.0,42.0,7.6,0.0,,,,
2026-03-27T11:57:30+00:00,66296,74.0,38.5,7.1,0.0,,,,
2026-03-27T12:00:30+00:00,66297,74.0,41.0,6.6,0.0,,,,
2026-03-27T12:03:30+00:00,66298,74.0,42.0,7.1,0.0,,,,
2026-03-27T12:06:30+00:00,66300,74.0,42.5,6.8,0.0,,,,
2026-03-27T12:09:30+00:00,66301,74.0,44.5,7.2,0.0,,,,
2026-03-27T12:12:30+00:00,66302,74.0,44.0,7.4,0.0,,,,
2026-03-27T12:15:30+00:00,66303,74.0,44.0,7.4,0.0,,,,
2026-03-27T12:18:30+00:00,66305,74.0,41.5,7.6,0.0,,,,
2026-03-27T12:21:30+00:00,66306,74.0,41.5,7.1,0.0,,,,
2026-03-27T12:24:30+00:00,66307,74.0,41.5,7.0,0.0,,,,
2026-03-27T12:27:30+00:00,66309,74.0,42.0,7.2,0.0,,,,
2026-03-27T12:30:30+00:00,66310,74.0,42.5,7.6,0.0,,,,
2026-03-27T12:33:30+00:00,66311,74.0,40.5,7.8,0.0,,,,
2026-03-27T12:36:30+00:00,66313,74.0,42.5,8.2,0.0,,,,
2026-03-27T12:39:30+00:00,66314,74.0,40.0,8.3,0.0,,,,
2026-03-27T12:42:30+00:00,66315,74.0,41.0,7.9,0.0,,,,
2026-03-27T12:45:30+00:00,66316,74.0,41.0,8.2,0.0,,,,
2026-03-27T12:48:30+00:00,66318,74.0,37.5,8.5,0.0,,,,
2026-03-27T12:51:30+00:00,66319,74.0,39.5,8.1,0.0,,,,
2026-03-27T12:54:30+00:00,66320,74.0,40.5,7.7,0.0,,,,
2026-03-27T12:57:30+00:00,66322,74.0,41.5,7.7,0.0,,,,
2026-03-27T13:00:30+00:00,66323,74.0,40.5,8.3,0.0,,,,
2026-03-27T13:03:30+00:00,66324,74.0,40.0,7.4,0.0,,,,
2026-03-27T13:06:30+00:00,66326,74.0,41.5,6.6,0.0,,,,
2026-03-27T13:09:30+00:00,66327,74.0,42.5,6.4,0.0,,,,
2026-03-27T13:12:30+00:00,66328,74.0,44.0,6.3,0.0,,,,
2026-03-27T13:15:30+00:00,66329,74.0,43.0,7.0,0.0,,,,
2026-03-27T13:18:30+00:00,66331,74.0,41.0,7.1,0.0,,,,
2026-03-27T13:21:30+00:00,66332,74.0,42.0,7.4,0.0,,,,
2026-03-27T13:24:30+00:00,66333,74.0,42.0,7.0,0.0,,,,
2026-03-27T13:27:30+00:00,66335,74.0,43.0,7.2,0.0,,,,
2026-03-27T13:30:30+00:00,66336,74.0,41.0,7.5,0.0,,,,
2026-03-27T13:33:30+00:00,66337,74.0,37.5,7.8,0.0,,,,
2026-03-27T13:36:30+00:00,66339,74.0,37.5,8.3,0.0,,,,
2026-03-27T13:39:30+00:00,66340,74.0,38.5,8.7,0.0,,,,
2026-03-27T13:42:30+00:00,66341,74.0,37.0,8.7,0.0,,,,
2026-03-27T13:45:30+00:00,66342,74.0,38.5,8.4,0.0,,,,
2026-03-27T13:48:30+00:00,66344,74.0,40.5,7.7,0.0,,,,
2026-03-27T13:51:30+00:00,66345,74.0,42.5,6.7,0.0,,,,
2026-03-27T13:54:30+00:00,66346,74.0,43.0,6.9,0.0,,,,
2026-03-27T13:57:30+00:00,66348,74.0,41.0,7.2,0.0,,,,
2026-03-27T14:00:30+00:00,66349,74.0,39.0,7.4,0.0,,,,
2026-03-27T14:03:30+00:00,66350,74.0,40.0,7.7,0.0,,,,
2026-03-27T14:06:30+00:00,66352,74.0,38.0,8.0,0.0,,,,
2026-03-27T14:09:30+00:00,66353,74.0,39.0,7.2,0.0,,,,
2026-03-27T14:12:30+00:00,66354,74.0,39.0,7.2,0.0,,,,
2026-03-27T14:15:30+00:00,66355,74.0,38.0,7.8,0.0,,,,
2026-03-27T14:18:30+00:00,66357,74.0,37.0,7.7,0.0,,,,
2026-03-27T14:21:30+00:00,66358,74.0,36.5,7.0,0.0,,,,
2026-03-27T14:24:29+00:00,66359,74.0,37.5,6.7,0.0,,,,
2026-03-27T14:27:30+00:00,66361,74.0,39.0,7.1,0.0,,,,
2026-03-27T14:30:29+00:00,66362,74.0,39.0,8.1,0.0,,,,
2026-03-27T14:33:29+00:00,66363,74.0,36.5,8.4,0.0,,,,
2026-03-27T14:36:29+00:00,66365,74.0,39.5,7.4,0.0,,,,
2026-03-27T14:39:29+00:00,66366,74.0,41.5,6.7,0.0,,,,
2026-03-27T14:42:29+00:00,66367,74.0,41.5,6.7,0.0,,,,
2026-03-27T14:45:29+00:00,66368,74.0,42.5,6.8,0.0,,,,
2026-03-27T14:48:29+00:00,66370,74.0,40.0,7.1,0.0,,,,
2026-03-27T14:51:29+00:00,66371,74.0,40.0,7.1,0.0,,,,
2026-03-27T14:54:29+00:00,66372,74.0,39.5,7.4,0.0,,,,
2026-03-27T14:57:29+00:00,66374,74.0,39.5,7.4,0.0,,,,
2026-03-27T15:00:29+00:00,66375,74.0,40.5,6.8,0.0,,,,
2026-03-27T15:03:29+00:00,66376,74.0,41.0,6.4,0.0,,,,
2026-03-27T15:06:29+00:00,66378,74.0,42.0,5.9,0.0,,,,
2026-03-27T15:09:29+00:00,66379,74.0,42.5,5.6,0.0,,,,
2026-03-27T15:12:29+00:00,66380,74.0,42.0,6.1,0.0,,,,
2026-03-27T15:15:29+00:00,66381,74.0,41.0,6.4,0.0,,,,
2026-03-27T15:18:29+00:00,66383,74.0,40.5,6.9,0.0,,,,
2026-03-27T15:21:29+00:00,66384,74.0,37.5,7.3,0.0,,,,
2026-03-27T15:24:29+00:00,66385,74.0,37.0,7.2,0.0,,,,
2026-03-27T15:27:29+00:00,66387,74.0,35.0,6.8,0.0,,,,
2026-03-27T15:30:29+00:00,66388,74.0,36.0,6.8,0.0,,,,
2026-03-27T15:33:29+00:00,66389,74.0,37.0,6.9,0.0,,,,
2026-03-27T15:36:29+00:00,66391,74.0,37.5,6.9,0.0,,,,
2026-03-27T15:39:29+00:00,66392,74.0,38.0,6.9,0.0,,,,
2026-03-27T15:42:29+00:00,66393,74.0,37.5,6.7,0.0,,,,
2026-03-27T15:45:29+00:00,66394,74.0,37.5,7.0,0.0,,,,
2026-03-27T15:48:29+00:00,66396,74.0,38.5,6.9,0.0,,,,
2026-03-27T15:51:29+00:00,66397,74.0,38.5,7.0,0.0,,,,
2026-03-27T15:54:29+00:00,66398,74.0,39.5,6.6,0.0,,,,
2026-03-27T15:57:29+00:00,66400,74.0,40.0,6.2,0.0,,,,
2026-03-27T16:00:29+00:00,66401,74.0,40.0,6.2,0.0,,,,
2026-03-27T16:03:29+00:00,66402,74.0,40.5,6.2,0.0,,,,
2026-03-27T16:06:29+00:00,66404,74.0,40.0,6.4,0.0,,,,
2026-03-27T16:09:29+00:00,66405,74.0,39.5,6.4,0.0,,,,
2026-03-27T16:12:29+00:00,66406,74.0,40.5,6.3,0.0,,,,
2026-03-27T16:15:29+00:00,66407,74.0,40.5,6.5,0.0,,,,
2026-03-27T16:18:29+00:00,66409,74.0,40.0,6.6,0.0,,,,
2026-03-27T16:21:29+00:00,66410,74.0,41.0,6.6,0.0,,,,
2026-03-27T16:24:29+00:00,66411,74.0,40.5,6.6,0.0,,,,
2026-03-27T16:27:29+00:00,66413,74.0,42.5,6.3,0.0,,,,
2026-03-27T16:30:29+00:00,66414,74.0,42.5,6.0,0.0,,,,
2026-03-27T16:33:29+00:00,66415,74.0,43.0,5.9,0.0,,,,
2026-03-27T16:36:29+00:00,66417,74.0,43.5,5.6,0.0,,,,
2026-03-27T16:39:29+00:00,66418,74.0,44.0,5.4,0.0,,,,
2026-03-27T16:42:29+00:00,66419,74.0,44.5,5.2,0.0,,,,
2026-03-27T16:45:29+00:00,66420,74.0,45.0,5.0,0.0,,,,
2026-03-27T16:48:29+00:00,66422,74.0,46.0,4.9,0.0,,,,
2026-03-27T16:51:29+00:00,66423,74.0,46.0,4.9,0.0,,,,
2026-03-27T16:54:29+00:00,66424,74.0,45.0,4.6,0.0,,,,
2026-03-27T16:57:29+00:00,66426,74.0,46.0,4.5,0.0,,,,
2026-03-27T17:00:29+00:00,66427,74.0,46.5,4.5,0.0,,,,
2026-03-27T17:03:29+00:00,66428,74.0,45.5,4.6,0.0,,,,
2026-03-27T17:06:29+00:00,66430,74.0,45.5,4.7,0.0,,,,
2026-03-27T17:09:29+00:00,66431,74.0,45.5,4.7,0.0,,,,
2026-03-27T17:12:29+00:00,66432,74.0,45.5,4.8,0.0,,,,
2026-03-27T17:15:29+00:00,66433,74.0,45.5,4.9,0.0,,,,
2026-03-27T17:18:29+00:00,66435,74.0,45.0,5.1,0.0,,,,
2026-03-27T17:21:29+00:00,66436,74.0,45.0,5.1,0.0,,,,
2026-03-27T17:24:29+00:00,66437,74.0,45.5,4.9,0.0,,,,
2026-03-27T17:27:29+00:00,66439,74.0,46.0,4.7,0.0,,,,
2026-03-27T17:30:29+00:00,66440,74.0,46.0,4.6,0.0,,,,
2026-03-27T17:33:29+00:00,66441,74.0,46.0,4.7,0.0,,,,
2026-03-27T17:36:29+00:00,66443,74.0,47.0,4.7,0.0,,,,
2026-03-27T17:39:29+00:00,66444,74.0,47.5,4.7,0.0,,,,
2026-03-27T17:42:29+00:00,66445,74.0,47.5,4.5,0.0,,,,
2026-03-27T17:45:29+00:00,66446,74.0,47.5,4.4,0.0,,,,
2026-03-27T17:48:29+00:00,66448,74.0,48.5,4.2,0.0,,,,
2026-03-27T17:51:29+00:00,66449,74.0,48.0,4.0,0.0,,,,
2026-03-27T17:54:29+00:00,66450,74.0,48.5,4.0,0.0,,,,
2026-03-27T17:57:29+00:00,66452,74.0,48.5,3.9,0.0,,,,
2026-03-27T18:00:29+00:00,66453,74.0,49.0,3.9,0.0,,,,
2026-03-27T18:03:29+00:00,66454,74.0,49.5,3.8,0.0,,,,
2026-03-27T18:06:29+00:00,66456,74.0,50.0,3.8,0.0,,,,
2026-03-27T18:09:29+00:00,66457,74.0,49.5,3.7,0.0,,,,
2026-03-27T18:12:29+00:00,66458,74.0,50.0,3.6,0.0,,,,
2026-03-27T18:15:29+00:00,66459,74.0,50.5,3.6,0.0,,,,
2026-03-27T18:18:29+00:00,66461,74.0,51.0,3.4,0.0,,,,
2026-03-27T18:21:29+00:00,66462,74.0,51.5,3.3,0.0,,,,
2026-03-27T18:24:29+00:00,66463,74.0,52.0,3.2,0.0,,,,
2026-03-27T18:27:29+00:00,66465,74.0,52.5,3.0,0.0,,,,
2026-03-27T18:30:29+00:00,66466,74.0,52.5,2.9,0.0,,,,
2026-03-27T18:33:29+00:00,66467,74.0,53.0,2.9,0.0,,,,
2026-03-27T18:36:29+00:00,66469,74.0,53.5,2.7,0.0,,,,
2026-03-27T18:39:29+00:00,66470,74.0,54.0,2.6,0.0,,,,
2026-03-27T18:42:29+00:00,66471,74.0,54.5,2.6,0.0,,,,
2026-03-27T18:45:29+00:00,66472,74.0,54.5,2.5,0.0,,,,
2026-03-27T18:48:29+00:00,66474,74.0,55.0,2.4,0.0,,,,
2026-03-27T18:51:29+00:00,66475,74.0,55.0,2.4,0.0,,,,
2026-03-27T18:54:29+00:00,66476,74.0,55.0,2.3,0.0,,,,
2026-03-27T18:57:29+00:00,66478,74.0,55.0,2.2,0.0,,,,
2026-03-27T19:00:29+00:00,66479,74.0,55.5,2.3,0.0,,,,
2026-03-27T19:03:29+00:00,66480,74.0,55.0,2.2,0.0,,,,
2026-03-27T19:06:29+00:00,66482,74.0,55.5,2.2,0.0,,,,
2026-03-27T19:09:29+00:00,66483,74.0,55.0,2.2,0.0,,,,
2026-03-27T19:12:29+00:00,66484,74.0,55.0,2.1,0.0,,,,
2026-03-27T19:15:29+00:00,66485,74.0,55.5,2.1,0.0,,,,
2026-03-27T19:18:29+00:00,66487,74.0,55.5,2.1,0.0,,,,
2026-03-27T19:21:29+00:00,66488,74.0,56.0,2.0,0.0,,,,
2026-03-27T19:24:29+00:00,66489,74.0,56.0,2.0,0.0,,,,
2026-03-27T19:27:29+00:00,66491,74.0,56.0,1.9,0.0,,,,
2026-03-27T19:30:29+00:00,66492,74.0,56.5,1.9,0.0,,,,
2026-03-27T19:33:29+00:00,66493,74.0,57.0,1.8,0.0,,,,
2026-03-27T19:36:29+00:00,66495,74.0,57.0,1.9,0.0,,,,
2026-03-27T19:39:29+00:00,66496,74.0,57.0,1.8,0.0,,,,
2026-03-27T19:42:29+00:00,66497,74.0,57.5,1.8,0.0,,,,
2026-03-27T19:45:29+00:00,66498,74.0,58.0,1.7,0.0,,,,
2026-03-27T19:48:29+00:00,66500,74.0,58.0,1.7,0.0,,,,
2026-03-27T19:51:29+00:00,66501,74.0,58.5,1.6,0.0,,,,
2026-03-27T19:54:29+00:00,66502,74.0,59.0,1.6,0.0,,,,
2026-03-27T19:57:29+00:00,66504,74.0,59.0,1.7,0.0,,,,
2026-03-27T20:00:29+00:00,66505,74.0,59.0,1.6,0.0,,,,
2026-03-27T20:03:29+00:00,66506,74.0,59.0,1.6,0.0,,,,
2026-03-27T20:06:29+00:00,66508,74.0,59.0,1.6,0.0,,,,
2026-03-27T20:09:29+00:00,66509,74.0,59.0,1.8,0.0,,,,
2026-03-27T20:12:29+00:00,66510,74.0,59.0,1.7,0.0,,,,
2026-03-27T20:15:29+00:00,66511,74.0,59.5,1.6,0.0,,,,
2026-03-27T20:18:29+00:00,66513,74.0,59.5,1.6,0.0,,,,
2026-03-27T20:21:29+00:00,66514,74.0,59.5,1.6,0.0,,,,
2026-03-27T20:24:29+00:00,66515,74.0,59.5,1.6,0.0,,,,
2026-03-27T20:27:29+00:00,66517,74.0,59.5,1.6,0.0,,,,
2026-03-27T20:30:29+00:00,66518,74.0,59.5,1.6,0.0,,,,
2026-03-27T20:33:29+00:00,66519,74.0,59.5,1.7,0.0,,,,
2026-03-27T20:36:29+00:00,66521,74.0,59.5,1.7,0.0,,,,
2026-03-27T20:39:29+00:00,66522,74.0,59.5,1.7,0.0,,,,
2026-03-27T20:42:29+00:00,66523,74.0,59.5,1.6,0.0,,,,
2026-03-27T20:45:29+00:00,66524,74.0,59.5,1.7,0.0,,,,
2026-03-27T20:48:29+00:00,66526,74.0,59.5,1.6,0.0,,,,
2026-03-27T20:51:29+00:00,66527,74.0,59.5,1.6,0.0,,,,
2026-03-27T20:54:29+00:00,66528,74.0,59.5,1.5,0.0,,,,
2026-03-27T20:57:29+00:00,66530,74.0,60.0,1.6,0.0,,,,
2026-03-27T21:00:29+00:00,66531,74.0,60.0,1.6,0.0,,,,
2026-03-27T21:03:29+00:00,66532,74.0,60.0,1.5,0.0,,,,
2026-03-27T21:06:29+00:00,66534,74.0,60.0,1.5,0.0,,,,
2026-03-27T21:09:29+00:00,66535,74.0,60.0,1.5,0.0,,,,
2026-03-27T21:12:29+00:00,66536,74.0,60.0,1.4,0.0,,,,
2026-03-27T21:15:29+00:00,66537,74.0,60.0,1.5,0.0,,,,
2026-03-27T21:18:29+00:00,66539,74.0,60.5,1.4,0.0,,,,
2026-03-27T21:21:29+00:00,66540,74.0,60.5,1.4,0.0,,,,
2026-03-27T21:24:29+00:00,66541,74.0,61.0,1.3,0.0,,,,
2026-03-27T21:27:29+00:00,66543,74.0,61.0,1.3,0.0,,,,
2026-03-27T21:30:29+00:00,66544,74.0,61.5,1.2,0.0,,,,
2026-03-27T21:33:29+00:00,66545,74.0,61.5,1.1,0.0,,,,
2026-03-27T21:36:29+00:00,66547,74.0,62.0,1.2,0.0,,,,
2026-03-27T21:39:29+00:00,66548,74.0,62.0,1.2,0.0,,,,
2026-03-27T21:42:29+00:00,66549,74.0,62.0,1.2,0.0,,,,
2026-03-27T21:45:29+00:00,66550,74.0,62.0,1.2,0.0,,,,
2026-03-27T21:48:29+00:00,66552,74.0,62.5,1.0,0.0,,,,
2026-03-27T21:51:29+00:00,66553,74.0,62.5,1.1,0.0,,,,
2026-03-27T21:54:29+00:00,66554,74.0,63.0,1.1,0.0,,,,
2026-03-27T21:57:29+00:00,66556,74.0,63.0,1.1,0.0,,,,
2026-03-27T22:00:29+00:00,66557,74.0,63.0,1.1,0.0,,,,
2026-03-27T22:03:29+00:00,66558,74.0,63.0,1.1,0.0,,,,
2026-03-27T22:06:29+00:00,66560,74.0,63.0,0.9,0.0,,,,
2026-03-27T22:09:29+00:00,66561,74.0,63.5,0.8,0.0,,,,
2026-03-27T22:12:29+00:00,66562,74.0,63.5,0.9,0.0,,,,
2026-03-27T22:15:29+00:00,66563,74.0,63.5,0.9,0.0,,,,
2026-03-27T22:18:29+00:00,66565,74.0,64.0,0.8,0.0,,,,
2026-03-27T22:21:29+00:00,66566,74.0,64.0,0.7,0.0,,,,
2026-03-27T22:24:29+00:00,66567,74.0,64.5,0.7,0.0,,,,
2026-03-27T22:27:29+00:00,66569,74.0,64.5,0.6,0.0,,,,
2026-03-27T22:30:29+00:00,66570,74.0,65.0,0.7,0.0,,,,
2026-03-27T22:33:29+00:00,66571,74.0,65.0,0.6,0.0,,,,
2026-03-27T22:36:29+00:00,66573,74.0,64.5,0.6,0.0,,,,
2026-03-27T22:39:29+00:00,66574,74.0,65.0,0.6,0.0,,,,
2026-03-27T22:42:29+00:00,66575,74.0,65.0,0.5,0.0,,,,
2026-03-27T22:45:29+00:00,66576,74.0,65.0,0.5,0.0,,,,
2026-03-27T22:48:29+00:00,66578,74.0,65.5,0.4,0.0,,,,
2026-03-27T22:51:29+00:00,66579,74.0,65.0,0.5,0.0,,,,
2026-03-27T22:54:29+00:00,66580,74.0,65.0,0.5,0.0,,,,
2026-03-27T22:57:29+00:00,66582,74.0,65.0,0.5,0.0,,,,
2026-03-27T23:00:29+00:00,66583,74.0,65.0,0.4,0.0,,,,
2026-03-27T23:03:29+00:00,66584,74.0,65.5,0.5,0.0,,,,
2026-03-27T23:06:29+00:00,66586,74.0,65.0,0.4,0.0,,,,
2026-03-27T23:09:29+00:00,66587,74.0,65.0,0.4,0.0,,,,
2026-03-27T23:12:29+00:00,66588,74.0,65.5,0.3,0.0,,,,
2026-03-27T23:15:29+00:00,66589,74.0,65.5,0.2,0.0,,,,
2026-03-27T23:18:29+00:00,66591,74.0,65.5,0.2,0.0,,,,
2026-03-27T23:21:29+00:00,66592,74.0,66.0,0.2,0.0,,,,
2026-03-27T23:24:29+00:00,66593,74.0,66.0,0.1,0.0,,,,
2026-03-27T23:27:29+00:00,66595,74.0,66.0,0.1,0.0,,,,
2026-03-27T23:30:29+00:00,66596,74.0,66.0,0.2,0.0,,,,
2026-03-27T23:33:29+00:00,66597,74.0,66.0,0.0,0.0,,,,
2026-03-27T23:36:29+00:00,66599,74.0,66.5,0.0,0.0,,,,
2026-03-27T23:39:29+00:00,66600,74.0,67.0,0.0,0.0,,,,
2026-03-27T23:42:29+00:00,66601,74.0,67.0,0.0,0.0,,,,
2026-03-27T23:45:29+00:00,66602,74.0,67.0,0.0,0.0,,,,
2026-03-27T23:48:29+00:00,66604,74.0,66.5,0.0,0.0,,,,
2026-03-27T23:51:29+00:00,66605,74.0,67.5,-0.2,0.0,,,,
2026-03-27T23:54:29+00:00,66606,74.0,67.5,-0.1,0.0,,,,
2026-03-27T23:57:29+00:00,66608,74.0,68.0,-0.1,0.0,,,,
2026-03-28T00:00:29+00:00,66609,74.0,68.0,-0.3,0.0,,,,
2026-03-28T00:03:29+00:00,66610,74.0,68.0,-0.3,0.0,,,,
2026-03-28T00:06:29+00:00,66612,74.0,69.0,-0.3,0.0,,,,
2026-03-28T00:09:29+00:00,66613,74.0,68.5,-0.4,0.0,,,,
2026-03-28T00:12:29+00:00,66614,74.0,67.5,-0.3,0.0,,,,
2026-03-28T00:15:29+00:00,66615,74.0,68.5,-0.4,0.0,,,,
2026-03-28T00:18:29+00:00,66617,74.0,69.0,-0.6,0.0,,,,
2026-03-28T00:21:29+00:00,66618,74.0,69.0,-0.6,0.0,,,,
2026-03-28T00:24:29+00:00,66619,74.0,69.5,-0.8,0.0,,,,
2026-03-28T00:27:29+00:00,66621,74.0,70.5,-1.1,0.0,,,,
2026-03-28T00:30:29+00:00,66622,74.0,71.0,-1.1,0.0,,,,
2026-03-28T00:33:29+00:00,66623,74.0,71.0,-1.0,0.0,,,,
2026-03-28T00:36:29+00:00,66625,74.0,71.5,-1.1,0.0,,,,
2026-03-28T00:39:29+00:00,66626,74.0,71.0,-1.2,0.0,,,,
2026-03-28T00:42:29+00:00,66627,74.0,72.0,-1.4,0.0,,,,
2026-03-28T00:45:29+00:00,66628,74.0,72.5,-1.4,0.0,,,,
2026-03-28T00:48:29+00:00,66630,74.0,73.0,-1.6,0.0,,,,
2026-03-28T00:51:29+00:00,66631,74.0,73.5,-1.7,0.0,,,,
2026-03-28T00:54:29+00:00,66632,74.0,74.0,-1.6,0.0,,,,
2026-03-28T00:57:29+00:00,66634,74.0,74.0,-1.6,0.0,,,,
2026-03-28T01:00:29+00:00,66635,74.0,73.5,-1.6,0.0,,,,
2026-03-28T01:03:29+00:00,66636,74.0,73.5,-1.6,0.0,,,,
2026-03-28T01:06:29+00:00,66638,74.0,73.5,-1.4,0.0,,,,
2026-03-28T01:09:29+00:00,66639,74.0,73.5,-1.4,0.0,,,,
2026-03-28T01:12:29+00:00,66640,74.0,73.0,-1.4,0.0,,,,
2026-03-28T01:15:29+00:00,66641,74.0,74.0,-1.4,0.0,,,,
2026-03-28T01:18:29+00:00,66643,74.0,73.5,-1.3,0.0,,,,
2026-03-28T01:21:29+00:00,66644,74.0,73.5,-1.3,0.0,,,,
2026-03-28T01:24:29+00:00,66645,74.0,73.0,-1.2,0.0,,,,
2026-03-28T01:27:29+00:00,66647,74.0,73.0,-1.1,0.0,,,,
2026-03-28T01:30:29+00:00,66648,74.0,72.5,-1.1,0.0,,,,
2026-03-28T01:33:28+00:00,66649,74.0,72.5,-1.0,0.0,,,,
2026-03-28T01:36:28+00:00,66651,74.0,72.0,-0.9,0.0,,,,
2026-03-28T01:39:29+00:00,66652,74.0,72.0,-0.9,0.0,,,,
2026-03-28T01:42:28+00:00,66653,74.0,71.5,-0.8,0.0,,,,
2026-03-28T01:45:28+00:00,66654,74.0,71.0,-0.7,0.0,,,,
2026-03-28T01:48:28+00:00,66656,74.0,71.0,-0.7,0.0,,,,
2026-03-28T01:51:28+00:00,66657,74.0,71.0,-0.7,0.0,,,,
2026-03-28T01:54:28+00:00,66658,74.0,70.5,-0.6,0.0,,,,
2026-03-28T01:57:28+00:00,66660,74.0,70.5,-0.6,0.0,,,,
2026-03-28T02:00:28+00:00,66661,74.0,70.5,-0.6,0.0,,,,
2026-03-28T02:03:29+00:00,66662,74.0,70.5,-0.7,0.0,,,,
2026-03-28T02:06:28+00:00,66664,74.0,70.5,-0.7,0.0,,,,
2026-03-28T02:09:29+00:00,66665,74.0,70.0,-0.6,0.0,,,,
2026-03-28T02:12:28+00:00,66666,74.0,70.0,-0.5,0.0,,,,
2026-03-28T02:15:28+00:00,66667,74.0,69.5,-0.5,0.0,,,,
2026-03-28T02:18:28+00:00,66669,74.0,69.5,-0.5,0.0,,,,
2026-03-28T02:21:28+00:00,66670,74.0,69.0,-0.5,0.0,,,,
2026-03-28T02:24:28+00:00,66671,74.0,69.0,-0.6,0.0,,,,
2026-03-28T02:27:28+00:00,66673,74.0,68.5,-0.6,0.0,,,,
2026-03-28T02:30:28+00:00,66674,74.0,68.5,-0.4,0.0,,,,
2026-03-28T02:33:28+00:00,66675,74.0,68.5,-0.6,0.0,,,,
2026-03-28T02:36:28+00:00,66677,74.0,68.0,-0.5,0.0,,,,
2026-03-28T02:39:28+00:00,66678,74.0,68.0,-0.6,0.0,,,,
2026-03-28T02:42:28+00:00,66679,74.0,68.0,-0.6,0.0,,,,
2026-03-28T02:45:28+00:00,66680,74.0,67.5,-0.6,0.0,,,,
2026-03-28T02:48:28+00:00,66682,74.0,67.5,-0.5,0.0,,,,
2026-03-28T02:51:28+00:00,66683,74.0,67.5,-0.5,0.0,,,,
2026-03-28T02:54:28+00:00,66684,74.0,67.5,-0.5,0.0,,,,
2026-03-28T02:57:28+00:00,66686,74.0,67.5,-0.5,0.0,,,,
2026-03-28T03:00:28+00:00,66687,74.0,67.5,-0.4,0.0,,,,
2026-03-28T03:03:28+00:00,66688,74.0,68.0,-0.6,0.0,,,,
2026-03-28T03:06:28+00:00,66690,74.0,68.0,-0.6,0.0,,,,
2026-03-28T03:09:28+00:00,66691,74.0,68.5,-0.7,0.0,,,,
2026-03-28T03:12:28+00:00,66692,74.0,69.0,-0.7,0.0,,,,
2026-03-28T03:15:28+00:00,66693,74.0,69.0,-0.7,0.0,,,,
2026-03-28T03:18:28+00:00,66695,74.0,69.0,-0.6,0.0,,,,
2026-03-28T03:21:28+00:00,66696,74.0,68.5,-0.7,0.0,,,,
2026-03-28T03:24:28+00:00,66697,74.0,68.5,-0.7,0.0,,,,
2026-03-28T03:27:28+00:00,66699,74.0,68.0,-0.8,0.0,,,,
2026-03-28T03:30:28+00:00,66700,74.0,68.5,-0.8,0.0,,,,
2026-03-28T03:33:28+00:00,66701,74.0,68.0,-0.9,0.0,,,,
2026-03-28T03:36:28+00:00,66703,74.0,68.0,-0.8,0.0,,,,
2026-03-28T03:39:28+00:00,66704,74.0,68.0,-0.8,0.0,,,,
2026-03-28T03:42:28+00:00,66705,74.0,68.0,-0.9,0.0,,,,
2026-03-28T03:45:28+00:00,66706,74.0,68.0,-0.9,0.0,,,,
2026-03-28T03:48:28+00:00,66708,74.0,68.0,-0.8,0.0,,,,
2026-03-28T03:51:28+00:00,66709,74.0,67.5,-0.8,0.0,,,,
2026-03-28T03:54:28+00:00,66710,74.0,68.0,-0.8,0.0,,,,
2026-03-28T03:57:28+00:00,66712,74.0,68.0,-0.9,0.0,,,,
2026-03-28T04:00:28+00:00,66713,74.0,68.0,-0.9,0.0,,,,
2026-03-28T04:03:28+00:00,66714,74.0,68.0,-1.0,0.0,,,,
2026-03-28T04:06:28+00:00,66716,74.0,68.5,-1.0,0.0,,,,
2026-03-28T04:09:28+00:00,66717,74.0,68.5,-1.0,0.0,,,,
2026-03-28T04:12:28+00:00,66718,74.0,68.5,-0.9,0.0,,,,
2026-03-28T04:15:28+00:00,66719,74.0,68.0,-0.9,0.0,,,,
2026-03-28T04:18:28+00:00,66721,74.0,67.5,-0.9,0.0,,,,
2026-03-28T04:21:28+00:00,66722,74.0,67.5,-0.9,0.0,,,,
2026-03-28T04:24:28+00:00,66723,74.0,67.5,-0.9,0.0,,,,
2026-03-28T04:27:28+00:00,66725,74.0,67.5,-0.9,0.0,,,,
2026-03-28T04:30:28+00:00,66726,74.0,67.5,-0.9,0.0,,,,
2026-03-28T04:33:28+00:00,66727,74.0,67.0,-0.8,0.0,,,,
2026-03-28T04:36:28+00:00,66729,74.0,67.0,-0.9,0.0,,,,
2026-03-28T04:39:28+00:00,66730,74.0,67.0,-0.8,0.0,,,,
2026-03-28T04:42:28+00:00,66731,74.0,67.0,-0.9,0.0,,,,
2026-03-28T04:45:28+00:00,66732,74.0,67.0,-0.8,0.0,,,,
2026-03-28T04:48:28+00:00,66734,74.0,67.0,-0.9,0.0,,,,
2026-03-28T04:51:28+00:00,66735,74.0,67.5,-0.9,0.0,,,,
2026-03-28T04:54:28+00:00,66736,74.0,67.5,-1.0,0.0,,,,
2026-03-28T04:57:28+00:00,66738,74.0,67.5,-1.1,0.0,,,,
2026-03-28T05:00:28+00:00,66739,74.0,67.5,-1.0,0.0,,,,
2026-03-28T05:03:28+00:00,66740,74.0,67.5,-1.0,0.0,,,,
2026-03-28T05:06:28+00:00,66742,74.0,67.5,-1.0,0.0,,,,
2026-03-28T05:09:28+00:00,66743,74.0,67.5,-1.0,0.0,,,,
2026-03-28T05:12:28+00:00,66744,74.0,67.5,-1.0,0.0,,,,
2026-03-28T05:15:28+00:00,66745,74.0,68.0,-0.9,0.0,,,,
2026-03-28T05:18:28+00:00,66747,74.0,68.5,-0.9,0.0,,,,
2026-03-28T05:21:28+00:00,66748,74.0,68.5,-0.9,0.0,,,,
2026-03-28T05:24:28+00:00,66749,74.0,69.0,-0.9,0.0,,,,
2026-03-28T05:27:28+00:00,66751,74.0,69.0,-1.0,0.0,,,,
2026-03-28T05:30:28+00:00,66752,74.0,69.5,-1.1,0.0,,,,
2026-03-28T05:33:28+00:00,66753,74.0,70.0,-1.0,0.0,,,,
2026-03-28T05:36:28+00:00,66755,74.0,70.0,-1.1,0.0,,,,
2026-03-28T05:39:28+00:00,66756,74.0,70.0,-1.1,0.0,,,,
2026-03-28T05:42:28+00:00,66757,74.0,70.5,-1.1,0.0,,,,
2026-03-28T05:45:28+00:00,66758,74.0,70.5,-1.1,0.0,,,,
2026-03-28T05:48:28+00:00,66760,74.0,70.5,-1.2,0.0,,,,
2026-03-28T05:51:28+00:00,66761,74.0,70.0,-1.2,0.0,,,,
2026-03-28T05:54:28+00:00,66762,74.0,70.0,-1.0,0.0,,,,
2026-03-28T05:57:28+00:00,66764,74.0,70.0,-1.1,0.0,,,,
2026-03-28T06:00:28+00:00,66765,74.0,70.0,-1.0,0.0,,,,
2026-03-28T06:03:28+00:00,66766,74.0,70.0,-1.0,0.0,,,,
2026-03-28T06:06:28+00:00,66768,74.0,69.5,-0.8,0.0,,,,
2026-03-28T06:09:28+00:00,66769,74.0,69.0,-0.8,0.0,,,,
2026-03-28T06:12:28+00:00,66770,74.0,68.5,-0.7,0.0,,,,
2026-03-28T06:15:28+00:00,66771,74.0,68.0,-0.6,0.0,,,,
2026-03-28T06:18:28+00:00,66773,74.0,68.0,-0.5,0.0,,,,
2026-03-28T06:21:28+00:00,66774,74.0,68.0,-0.5,0.0,,,,
2026-03-28T06:24:28+00:00,66775,74.0,67.5,-0.4,0.0,,,,
2026-03-28T06:27:28+00:00,66777,74.0,66.0,-0.2,0.0,,,,
2026-03-28T06:30:28+00:00,66778,74.0,65.5,-0.1,0.0,,,,
2026-03-28T06:33:28+00:00,66779,74.0,64.5,0.0,0.0,,,,
2026-03-28T06:36:28+00:00,66781,74.0,63.5,0.0,0.0,,,,
2026-03-28T06:39:28+00:00,66782,74.0,63.5,0.2,0.0,,,,
2026-03-28T06:42:28+00:00,66783,74.0,63.5,0.4,0.0,,,,
2026-03-28T06:45:28+00:00,66784,74.0,61.5,0.6,0.0,,,,
2026-03-28T06:48:28+00:00,66786,74.0,61.0,0.9,0.0,,,,
2026-03-28T06:51:28+00:00,66787,74.0,61.0,1.2,0.0,,,,
2026-03-28T06:54:28+00:00,66788,74.0,60.5,1.2,0.0,,,,
2026-03-28T06:57:28+00:00,66790,74.0,60.0,1.3,0.0,,,,
2026-03-28T07:00:28+00:00,66791,74.0,59.5,1.3,0.0,,,,
2026-03-28T07:03:28+00:00,66792,74.0,60.0,1.3,0.0,,,,
2026-03-28T07:06:28+00:00,66794,74.0,60.0,1.5,0.0,,,,
2026-03-28T07:09:28+00:00,66795,74.0,59.5,1.6,0.0,,,,
2026-03-28T07:12:28+00:00,66796,74.0,59.0,1.6,0.0,,,,
2026-03-28T07:15:28+00:00,66797,74.0,59.5,1.7,0.0,,,,
2026-03-28T07:18:28+00:00,66799,74.0,59.0,1.7,0.0,,,,
2026-03-28T07:21:28+00:00,66800,74.0,60.0,1.9,0.0,,,,
2026-03-28T07:24:28+00:00,66801,74.0,59.5,1.9,0.0,,,,
2026-03-28T07:27:28+00:00,66803,74.0,59.5,2.2,0.0,,,,
2026-03-28T07:30:28+00:00,66804,74.0,60.0,2.2,0.0,,,,
2026-03-28T07:33:28+00:00,66805,74.0,60.0,2.5,0.0,,,,
2026-03-28T07:36:28+00:00,66807,74.0,59.5,2.8,0.0,,,,
2026-03-28T07:39:28+00:00,66808,74.0,58.5,3.0,0.0,,,,
2026-03-28T07:42:28+00:00,66809,74.0,58.5,2.9,0.0,,,,
2026-03-28T07:45:28+00:00,66810,74.0,58.5,2.9,0.0,,,,
2026-03-28T07:48:28+00:00,66812,74.0,58.5,2.9,0.0,,,,
2026-03-28T07:51:28+00:00,66813,74.0,58.5,3.0,0.0,,,,
2026-03-28T07:54:28+00:00,66814,74.0,58.5,2.9,0.0,,,,
2026-03-28T07:57:28+00:00,66816,74.0,58.0,2.9,0.0,,,,
2026-03-28T08:00:28+00:00,66817,74.0,58.0,3.0,0.0,,,,
2026-03-28T08:03:28+00:00,66818,74.0,57.5,3.1,0.0,,,,
2026-03-28T08:06:28+00:00,66820,74.0,57.0,3.3,0.0,,,,
2026-03-28T08:09:28+00:00,66821,74.0,56.0,3.4,0.0,,,,
2026-03-28T08:12:28+00:00,66822,74.0,56.0,3.2,0.0,,,,
2026-03-28T08:15:28+00:00,66823,74.0,55.5,3.4,0.0,,,,
2026-03-28T08:18:28+00:00,66825,74.0,55.5,3.3,0.0,,,,
2026-03-28T08:21:28+00:00,66826,74.0,56.0,3.3,0.0,,,,
2026-03-28T08:24:28+00:00,66827,74.0,56.0,3.5,0.0,,,,
2026-03-28T08:27:28+00:00,66829,74.0,57.0,3.4,0.0,,,,
2026-03-28T08:30:28+00:00,66830,74.0,57.5,3.5,0.0,,,,
2026-03-28T08:33:28+00:00,66831,74.0,57.5,3.6,0.0,,,,
2026-03-28T08:36:28+00:00,66833,74.0,57.5,3.9,0.0,,,,
2026-03-28T08:39:28+00:00,66834,74.0,57.0,4.1,0.0,,,,
2026-03-28T08:42:28+00:00,66835,74.0,55.0,4.5,0.0,,,,
2026-03-28T08:45:28+00:00,66836,74.0,53.5,4.8,0.0,,,,
2026-03-28T08:48:28+00:00,66838,74.0,53.0,5.2,0.0,,,,
2026-03-28T08:51:28+00:00,66839,74.0,50.5,5.6,0.0,,,,
2026-03-28T08:54:28+00:00,66840,74.0,51.5,5.7,0.0,,,,
2026-03-28T08:57:28+00:00,66842,73.0,50.5,6.0,0.0,,,,
2026-03-28T09:00:28+00:00,66843,73.0,50.0,6.4,0.0,,,,
2026-03-28T09:03:28+00:00,66844,73.0,48.5,6.7,0.0,,,,
2026-03-28T09:06:28+00:00,66846,73.0,47.5,7.1,0.0,,,,
2026-03-28T09:09:28+00:00,66847,73.0,46.5,7.4,0.0,,,,
2026-03-28T09:12:28+00:00,66848,73.0,47.0,7.5,0.0,,,,
2026-03-28T09:15:28+00:00,66849,73.0,46.5,7.6,0.0,,,,
2026-03-28T09:18:28+00:00,66851,73.0,45.0,8.1,0.0,,,,
2026-03-28T09:21:28+00:00,66852,73.0,44.0,8.4,0.0,,,,
2026-03-28T09:24:28+00:00,66853,73.0,45.0,8.1,0.0,,,,
2026-03-28T09:27:28+00:00,66855,73.0,45.5,8.0,0.0,,,,
2026-03-28T09:30:28+00:00,66856,73.0,44.5,8.1,0.0,,,,
2026-03-28T09:33:28+00:00,66857,73.0,45.0,8.3,0.0,,,,
2026-03-28T09:36:28+00:00,66859,73.0,45.5,8.5,0.0,,,,
2026-03-28T09:39:28+00:00,66860,73.0,45.0,9.0,0.0,,,,
2026-03-28T09:42:28+00:00,66861,73.0,43.0,9.4,0.0,,,,
2026-03-28T09:45:28+00:00,66862,73.0,43.5,9.5,0.0,,,,
2026-03-28T09:48:28+00:00,66864,73.0,43.0,9.4,0.0,,,,
2026-03-28T09:51:28+00:00,66865,73.0,42.0,8.7,0.0,,,,
2026-03-28T09:54:28+00:00,66866,73.0,44.0,8.8,0.0,,,,
2026-03-28T09:57:28+00:00,66868,73.0,42.5,9.0,0.0,,,,
2026-03-28T10:00:28+00:00,66869,73.0,43.0,8.5,0.0,,,,
2026-03-28T10:03:28+00:00,66870,73.0,43.0,8.5,0.0,,,,
2026-03-28T10:06:28+00:00,66872,73.0,44.0,8.2,0.0,,,,
2026-03-28T10:09:28+00:00,66873,73.0,45.5,7.9,0.0,,,,
2026-03-28T10:12:28+00:00,66874,73.0,45.0,7.9,0.0,,,,
2026-03-28T10:15:28+00:00,66875,73.0,45.5,8.2,0.0,,,,
2026-03-28T10:18:28+00:00,66877,73.0,44.0,8.3,0.0,,,,
2026-03-28T10:21:28+00:00,66878,73.0,44.0,8.3,0.0,,,,
2026-03-28T10:24:28+00:00,66879,73.0,45.0,8.0,0.0,,,,
2026-03-28T10:27:28+00:00,66881,73.0,47.0,8.3,0.0,,,,
2026-03-28T10:30:28+00:00,66882,73.0,44.0,8.6,0.0,,,,
2026-03-28T10:33:28+00:00,66883,73.0,43.5,8.6,0.0,,,,
2026-03-28T10:36:28+00:00,66885,73.0,45.5,8.4,0.0,,,,
2026-03-28T10:39:28+00:00,66886,73.0,45.0,8.2,0.0,,,,
2026-03-28T10:42:28+00:00,66887,73.0,46.0,8.4,0.0,,,,
2026-03-28T10:45:28+00:00,66888,73.0,44.5,8.5,0.0,,,,
2026-03-28T10:48:28+00:00,66890,73.0,45.5,8.5,0.0,,,,
2026-03-28T10:51:28+00:00,66891,73.0,45.0,8.8,0.0,,,,
2026-03-28T10:54:28+00:00,66892,73.0,45.5,8.9,0.0,,,,
2026-03-28T10:57:28+00:00,66894,73.0,44.5,9.2,0.0,,,,
2026-03-28T11:00:28+00:00,66895,73.0,41.5,9.5,0.0,,,,
2026-03-28T11:03:28+00:00,66896,73.0,42.0,9.3,0.0,,,,
2026-03-28T11:06:28+00:00,66898,73.0,41.0,9.4,0.0,,,,
2026-03-28T11:09:28+00:00,66899,73.0,42.5,9.2,0.0,,,,
2026-03-28T11:12:28+00:00,66900,73.0,41.5,9.5,0.0,,,,
2026-03-28T11:15:28+00:00,66901,73.0,41.0,9.6,0.0,,,,
2026-03-28T11:18:28+00:00,66903,73.0,41.5,9.1,0.0,,,,
2026-03-28T11:21:28+00:00,66904,73.0,42.0,9.0,0.0,,,,
2026-03-28T11:24:28+00:00,66905,73.0,42.0,8.9,0.0,,,,
2026-03-28T11:27:28+00:00,66907,73.0,42.0,8.9,0.0,,,,
2026-03-28T11:30:28+00:00,66908,73.0,42.0,8.9,0.0,,,,
2026-03-28T11:33:28+00:00,66909,73.0,42.0,8.7,0.0,,,,
2026-03-28T11:36:28+00:00,66911,73.0,42.5,8.5,0.0,,,,
2026-03-28T11:39:28+00:00,66912,73.0,43.5,8.5,0.0,,,,
2026-03-28T11:42:28+00:00,66913,73.0,42.5,8.5,0.0,,,,
2026-03-28T11:45:28+00:00,66914,73.0,43.5,8.3,0.0,,,,
2026-03-28T11:48:28+00:00,66916,73.0,43.5,8.5,0.0,,,,
2026-03-28T11:51:28+00:00,66917,73.0,43.0,8.6,0.0,,,,
2026-03-28T11:54:28+00:00,66918,73.0,43.5,8.8,0.0,,,,
2026-03-28T11:57:28+00:00,66920,73.0,43.0,8.9,0.0,,,,
2026-03-28T12:00:28+00:00,66921,73.0,42.5,9.2,0.0,,,,
2026-03-28T12:03:28+00:00,66922,73.0,42.0,9.3,0.0,,,,
2026-03-28T12:06:28+00:00,66924,73.0,42.5,9.3,0.0,,,,
2026-03-28T12:09:28+00:00,66925,73.0,43.0,9.4,0.0,,,,
2026-03-28T12:12:28+00:00,66926,73.0,41.0,9.3,0.0,,,,
2026-03-28T12:15:27+00:00,66927,73.0,42.5,9.3,0.0,,,,
2026-03-28T12:18:28+00:00,66929,73.0,43.0,9.3,0.0,,,,
2026-03-28T12:21:27+00:00,66930,73.0,43.5,9.4,0.0,,,,
2026-03-28T12:24:27+00:00,66931,73.0,42.5,9.3,0.0,,,,
2026-03-28T12:27:27+00:00,66933,73.0,42.5,9.2,0.0,,,,
2026-03-28T12:30:27+00:00,66934,73.0,42.5,8.9,0.0,,,,
2026-03-28T12:33:27+00:00,66935,73.0,44.0,8.3,0.0,,,,
2026-03-28T12:36:27+00:00,66937,73.0,44.5,8.3,0.0,,,,
2026-03-28T12:39:27+00:00,66938,73.0,45.0,8.1,0.0,,,,
2026-03-28T12:42:27+00:00,66939,73.0,45.5,8.0,0.0,,,,
2026-03-28T12:45:27+00:00,66940,73.0,45.5,7.8,0.0,,,,
2026-03-28T12:48:27+00:00,66942,73.0,47.0,7.7,0.0,,,,
2026-03-28T12:51:27+00:00,66943,73.0,46.5,7.7,0.0,,,,
2026-03-28T12:54:27+00:00,66944,73.0,47.5,7.6,0.0,,,,
2026-03-28T12:57:27+00:00,66946,73.0,48.0,7.3,0.0,,,,
2026-03-28T13:00:27+00:00,66947,73.0,50.0,7.1,0.0,,,,
2026-03-28T13:03:27+00:00,66948,73.0,51.0,7.1,0.0,,,,
2026-03-28T13:06:27+00:00,66950,73.0,51.0,7.0,0.0,,,,
2026-03-28T13:09:27+00:00,66951,73.0,51.5,7.0,0.0,,,,
2026-03-28T13:12:27+00:00,66952,73.0,50.5,7.0,0.0,,,,
2026-03-28T13:15:27+00:00,66953,73.0,51.0,7.1,0.0,,,,
2026-03-28T13:18:27+00:00,66955,73.0,50.5,7.1,0.0,,,,
2026-03-28T13:21:27+00:00,66956,73.0,51.0,7.1,0.0,,,,
2026-03-28T13:24:27+00:00,66957,73.0,51.0,7.2,0.0,,,,
2026-03-28T13:27:27+00:00,66959,73.0,51.0,7.2,0.0,,,,
2026-03-28T13:30:27+00:00,66960,73.0,51.0,7.3,0.0,,,,
2026-03-28T13:33:27+00:00,66961,73.0,51.0,7.3,0.0,,,,
2026-03-28T13:36:27+00:00,66963,73.0,51.5,7.2,0.0,,,,
2026-03-28T13:39:27+00:00,66964,73.0,51.5,7.3,0.0,,,,
2026-03-28T13:42:27+00:00,66965,73.0,52.5,7.3,0.0,,,,
2026-03-28T13:45:27+00:00,66966,73.0,52.0,7.3,0.0,,,,
2026-03-28T13:48:27+00:00,66967,73.0,55.5,7.3,0.0,,,,
2026-03-28T13:51:27+00:00,66968,73.0,53.5,7.2,0.0,,,,
2026-03-28T13:54:27+00:00,66969,73.0,56.5,7.1,0.0,,,,
2026-03-28T13:57:27+00:00,66970,73.0,58.0,6.9,0.0,,,,
2026-03-28T14:00:27+00:00,66971,73.0,63.0,6.9,0.0,,,,
2026-03-28T14:03:27+00:00,66972,73.0,60.0,7.0,0.0,,,,
2026-03-28T14:06:27+00:00,66973,73.0,61.0,6.8,0.0,,,,
2026-03-28T14:09:27+00:00,66974,73.0,61.5,6.3,0.0,,,,
2026-03-28T14:12:27+00:00,66975,73.0,65.0,5.7,0.0,,,,
2026-03-28T14:15:27+00:00,66976,73.0,67.5,5.6,0.0,,,,
2026-03-28T14:18:27+00:00,66977,73.0,69.5,5.5,0.0,,,,
2026-03-28T14:21:27+00:00,66978,73.0,69.5,5.6,0.0,,,,
2026-03-28T14:24:27+00:00,66979,73.0,71.0,5.5,0.0,,,,
2026-03-28T14:27:27+00:00,66980,73.0,72.0,5.2,0.0,,,,
2026-03-28T14:30:27+00:00,66981,73.0,74.0,4.9,1.0,,,,
2026-03-28T14:33:27+00:00,66982,73.0,73.0,4.9,1.0,,,,
2026-03-28T14:36:27+00:00,66983,73.0,74.5,4.7,8.0,,,,
2026-03-28T14:39:27+00:00,66984,73.0,76.5,4.6,1.0,,,,
2026-03-28T14:42:27+00:00,66985,73.0,76.5,4.6,3.0,,,,
2026-03-28T14:45:27+00:00,66986,73.0,78.0,4.5,2.0,,,,
2026-03-28T14:48:27+00:00,66987,73.0,77.0,4.5,2.0,,,,
2026-03-28T14:51:27+00:00,66988,73.0,77.0,4.3,4.0,,,,
2026-03-28T14:54:27+00:00,66989,73.0,79.0,4.4,4.0,,,,
2026-03-28T14:57:27+00:00,66990,73.0,78.5,4.2,4.0,,,,
2026-03-28T15:00:27+00:00,66991,73.0,79.0,4.1,2.0,,,,
2026-03-28T15:03:27+00:00,66992,73.0,80.5,4.2,2.0,,,,
2026-03-28T15:06:27+00:00,66993,73.0,81.0,4.3,3.0,,,,
2026-03-28T15:09:27+00:00,66994,73.0,80.0,4.2,4.0,,,,
2026-03-28T15:12:27+00:00,66995,73.0,79.5,4.2,3.0,,,,
2026-03-28T15:15:27+00:00,66996,73.0,79.5,4.3,2.0,,,,
2026-03-28T15:18:27+00:00,66997,73.0,79.5,4.2,2.0,,,,
2026-03-28T15:21:27+00:00,66998,73.0,80.5,4.2,2.0,,,,
2026-03-28T15:24:27+00:00,66999,73.0,80.0,4.1,2.0,,,,
2026-03-28T15:27:27+00:00,67000,73.0,80.0,4.1,6.0,,,,
2026-03-28T15:30:27+00:00,67001,73.0,79.0,3.9,3.0,,,,
2026-03-28T15:33:27+00:00,67002,73.0,79.5,4.0,0.0,,,,
2026-03-28T15:36:27+00:00,67003,73.0,79.5,3.9,0.0,,,,
2026-03-28T15:39:27+00:00,67004,73.0,80.0,4.0,0.0,,,,
2026-03-28T15:42:27+00:00,67005,73.0,79.5,3.9,2.0,,,,
2026-03-28T15:45:27+00:00,67006,73.0,80.0,3.9,1.0,,,,
2026-03-28T15:48:27+00:00,67007,73.0,81.0,3.9,3.0,,,,
2026-03-28T15:51:27+00:00,67008,73.0,80.0,3.9,3.0,,,,
2026-03-28T15:54:27+00:00,67009,73.0,79.5,4.0,4.0,,,,
2026-03-28T15:57:27+00:00,67010,73.0,80.5,3.9,2.0,,,,
2026-03-28T16:00:27+00:00,67011,73.0,80.5,3.9,2.0,,,,
2026-03-28T16:03:27+00:00,67012,73.0,80.5,3.8,1.0,,,,
2026-03-28T16:06:27+00:00,67013,73.0,80.5,3.8,1.0,,,,
2026-03-28T16:09:27+00:00,67014,73.0,80.5,3.7,0.0,,,,
2026-03-28T16:12:27+00:00,67015,73.0,81.5,3.7,1.0,,,,
2026-03-28T16:15:27+00:00,67016,73.0,81.5,3.6,0.0,,,,
2026-03-28T16:18:27+00:00,67017,73.0,81.0,3.7,1.0,,,,
2026-03-28T16:21:27+00:00,67018,73.0,81.0,3.6,0.0,,,,
2026-03-28T16:24:27+00:00,67019,73.0,81.5,3.6,1.0,,,,
2026-03-28T16:27:27+00:00,67020,73.0,82.0,3.6,0.0,,,,
2026-03-28T16:30:27+00:00,67021,73.0,82.5,3.5,0.0,,,,
2026-03-28T16:33:27+00:00,67022,73.0,82.5,3.5,1.0,,,,
2026-03-28T16:36:27+00:00,67023,73.0,82.5,3.4,0.0,,,,
2026-03-28T16:39:27+00:00,67024,73.0,82.0,3.4,0.0,,,,
2026-03-28T16:42:27+00:00,67025,73.0,82.5,3.4,1.0,,,,
2026-03-28T16:45:27+00:00,67026,73.0,83.0,3.4,0.0,,,,
2026-03-28T16:48:27+00:00,67027,73.0,83.0,3.2,2.0,,,,
2026-03-28T16:51:27+00:00,67028,73.0,83.5,3.2,4.0,,,,
2026-03-28T16:54:27+00:00,67029,73.0,84.0,3.2,4.0,,,,
2026-03-28T16:57:27+00:00,67030,73.0,84.5,3.1,2.0,,,,
2026-03-28T17:00:27+00:00,67031,73.0,85.0,3.1,1.0,,,,
2026-03-28T17:03:27+00:00,67032,73.0,85.0,3.1,0.0,,,,
2026-03-28T17:06:27+00:00,67033,73.0,85.5,3.1,1.0,,,,
2026-03-28T17:09:27+00:00,67034,73.0,85.5,3.1,0.0,,,,
2026-03-28T17:12:27+00:00,67035,73.0,85.5,3.1,0.0,,,,
2026-03-28T17:15:27+00:00,67036,73.0,85.5,3.1,1.0,,,,
2026-03-28T17:18:27+00:00,67037,73.0,85.5,3.1,0.0,,,,
2026-03-28T17:21:27+00:00,67038,73.0,85.0,3.0,0.0,,,,
2026-03-28T17:24:27+00:00,67039,73.0,85.0,3.1,0.0,,,,
2026-03-28T17:27:27+00:00,67040,73.0,85.5,3.1,0.0,,,,
2026-03-28T17:30:27+00:00,67041,73.0,85.5,3.0,1.0,,,,
2026-03-28T17:33:27+00:00,67042,73.0,85.5,2.9,0.0,,,,
2026-03-28T17:36:27+00:00,67043,73.0,85.5,3.0,0.0,,,,
2026-03-28T17:39:27+00:00,67044,73.0,85.5,3.0,0.0,,,,
2026-03-28T17:42:27+00:00,67045,73.0,85.5,2.8,0.0,,,,
2026-03-28T17:45:27+00:00,67046,73.0,86.0,2.8,1.0,,,,
2026-03-28T17:48:27+00:00,67047,73.0,86.0,2.8,0.0,,,,
2026-03-28T17:51:27+00:00,67048,73.0,86.0,2.9,0.0,,,,
2026-03-28T17:54:27+00:00,67049,73.0,86.0,2.8,0.0,,,,
2026-03-28T17:57:27+00:00,67050,73.0,86.5,2.8,0.0,,,,
2026-03-28T18:00:27+00:00,67051,73.0,86.5,2.8,0.0,,,,
2026-03-28T18:03:27+00:00,67052,73.0,86.5,2.9,0.0,,,,
2026-03-28T18:06:27+00:00,67053,73.0,86.5,2.8,1.0,,,,
2026-03-28T18:09:27+00:00,67054,73.0,87.0,2.9,0.0,,,,
2026-03-28T18:12:27+00:00,67055,73.0,87.5,2.9,0.0,,,,
2026-03-28T18:15:27+00:00,67056,73.0,87.5,2.7,0.0,,,,
2026-03-28T18:18:27+00:00,67057,73.0,87.5,2.8,0.0,,,,
2026-03-28T18:21:27+00:00,67058,73.0,87.5,2.8,0.0,,,,
2026-03-28T18:24:27+00:00,67059,73.0,88.0,2.9,0.0,,,,
2026-03-28T18:27:27+00:00,67060,73.0,88.0,2.8,1.0,,,,
2026-03-28T18:30:27+00:00,67061,73.0,88.5,2.9,0.0,,,,
2026-03-28T18:33:27+00:00,67062,73.0,88.0,2.9,0.0,,,,
2026-03-28T18:36:27+00:00,67063,73.0,88.0,2.9,0.0,,,,
2026-03-28T18:39:27+00:00,67064,73.0,88.5,2.9,0.0,,,,
2026-03-28T18:42:27+00:00,67065,73.0,88.5,2.9,0.0,,,,
2026-03-28T18:45:27+00:00,67066,73.0,88.0,2.7,0.0,,,,
2026-03-28T18:48:27+00:00,67067,73.0,88.0,2.8,0.0,,,,
2026-03-28T18:51:27+00:00,67068,73.0,88.0,2.8,0.0,,,,
2026-03-28T18:54:27+00:00,67069,73.0,88.0,2.7,0.0,,,,
2026-03-28T18:57:27+00:00,67070,73.0,88.5,2.8,1.0,,,,
2026-03-28T19:00:27+00:00,67071,73.0,88.5,2.8,0.0,,,,
2026-03-28T19:03:27+00:00,67072,73.0,88.5,2.9,0.0,,,,
2026-03-28T19:06:27+00:00,67073,73.0,88.5,2.8,0.0,,,,
2026-03-28T19:09:27+00:00,67074,73.0,88.5,2.9,0.0,,,,
2026-03-28T19:12:27+00:00,67075,73.0,88.5,2.8,0.0,,,,
2026-03-28T19:15:27+00:00,67076,73.0,88.5,2.9,0.0,,,,
2026-03-28T19:18:27+00:00,67077,73.0,88.0,2.9,0.0,,,,
2026-03-28T19:21:27+00:00,67078,73.0,88.0,2.9,0.0,,,,
2026-03-28T19:24:27+00:00,67079,73.0,88.0,3.0,0.0,,,,
2026-03-28T19:27:27+00:00,67080,73.0,88.5,2.9,1.0,,,,
2026-03-28T19:30:27+00:00,67081,73.0,88.5,2.9,0.0,,,,
2026-03-28T19:33:27+00:00,67082,73.0,88.0,2.9,0.0,,,,
2026-03-28T19:36:27+00:00,67083,73.0,88.0,2.8,0.0,,,,
2026-03-28T19:39:27+00:00,67084,73.0,88.0,2.8,0.0,,,,
2026-03-28T19:42:27+00:00,67085,73.0,88.5,2.8,0.0,,,,
2026-03-28T19:45:27+00:00,67086,73.0,88.5,2.8,0.0,,,,
2026-03-28T19:48:27+00:00,67087,73.0,88.5,2.7,0.0,,,,
2026-03-28T19:51:27+00:00,67088,73.0,88.5,2.7,0.0,,,,
2026-03-28T19:54:27+00:00,67089,73.0,88.5,2.6,0.0,,,,
2026-03-28T19:57:27+00:00,67090,73.0,89.0,2.7,0.0,,,,
2026-03-28T20:00:27+00:00,67091,73.0,89.0,2.7,0.0,,,,
2026-03-28T20:03:27+00:00,67092,73.0,89.5,2.7,0.0,,,,
2026-03-28T20:06:27+00:00,67093,73.0,89.0,2.7,0.0,,,,
2026-03-28T20:09:27+00:00,67094,73.0,89.5,2.6,0.0,,,,
2026-03-28T20:12:27+00:00,67095,73.0,89.0,2.6,1.0,,,,
2026-03-28T20:15:27+00:00,67096,73.0,89.5,2.6,0.0,,,,
2026-03-28T20:18:27+00:00,67097,73.0,89.5,2.7,0.0,,,,
2026-03-28T20:21:27+00:00,67098,73.0,89.5,2.6,0.0,,,,
2026-03-28T20:24:27+00:00,67099,73.0,89.5,2.6,0.0,,,,
2026-03-28T20:27:27+00:00,67100,73.0,89.5,2.6,0.0,,,,
2026-03-28T20:30:27+00:00,67101,73.0,89.5,2.6,0.0,,,,
2026-03-28T20:33:27+00:00,67102,73.0,89.5,2.6,0.0,,,,
2026-03-28T20:36:27+00:00,67103,73.0,90.0,2.6,0.0,,,,
2026-03-28T20:39:27+00:00,67104,73.0,89.5,2.7,0.0,,,,
2026-03-28T20:42:27+00:00,67105,73.0,89.5,2.7,0.0,,,,
2026-03-28T20:45:27+00:00,67106,73.0,89.0,2.7,0.0,,,,
2026-03-28T20:48:27+00:00,67107,73.0,89.0,2.7,0.0,,,,
2026-03-28T20:51:27+00:00,67108,73.0,89.0,2.7,0.0,,,,
2026-03-28T20:57:27+00:00,67109,73.0,88.5,2.7,0.0,,,,
2026-03-28T21:00:27+00:00,67110,73.0,88.0,2.7,0.0,,,,
2026-03-28T21:03:27+00:00,67111,73.0,87.5,2.7,1.0,,,,
2026-03-28T21:06:27+00:00,67112,73.0,86.5,2.7,0.0,,,,
2026-03-28T21:09:27+00:00,67113,73.0,85.0,2.8,0.0,,,,
2026-03-28T21:12:27+00:00,67114,73.0,84.5,2.7,0.0,,,,
2026-03-28T21:15:27+00:00,67115,73.0,84.5,2.7,0.0,,,,
2026-03-28T21:18:27+00:00,67116,73.0,84.5,2.7,0.0,,,,
2026-03-28T21:21:27+00:00,67117,73.0,85.0,2.7,0.0,,,,
2026-03-28T21:24:27+00:00,67118,73.0,85.0,2.6,0.0,,,,
2026-03-28T21:27:27+00:00,67119,73.0,85.0,2.6,0.0,,,,
2026-03-28T21:30:27+00:00,67120,73.0,83.5,2.6,0.0,,,,
2026-03-28T21:33:27+00:00,67121,73.0,83.0,2.7,0.0,,,,
2026-03-28T21:36:27+00:00,67122,73.0,82.5,2.8,0.0,,,,
2026-03-28T21:39:27+00:00,67123,73.0,82.0,2.8,0.0,,,,
2026-03-28T21:42:27+00:00,67124,73.0,82.0,2.7,0.0,,,,
2026-03-28T21:45:27+00:00,67125,73.0,82.0,2.8,0.0,,,,
2026-03-28T21:48:27+00:00,67126,73.0,82.5,2.6,0.0,,,,
2026-03-28T21:51:27+00:00,67127,73.0,82.5,2.7,0.0,,,,
2026-03-28T21:54:27+00:00,67128,73.0,82.0,2.6,0.0,,,,
2026-03-28T21:57:27+00:00,67129,73.0,82.0,2.7,0.0,,,,
2026-03-28T22:00:27+00:00,67130,73.0,82.0,2.7,0.0,,,,
2026-03-28T22:03:27+00:00,67131,73.0,82.0,2.7,0.0,,,,
2026-03-28T22:06:27+00:00,67132,73.0,81.5,2.7,0.0,,,,
2026-03-28T22:09:27+00:00,67133,73.0,81.5,2.8,0.0,,,,
2026-03-28T22:12:27+00:00,67134,73.0,81.5,2.7,0.0,,,,
2026-03-28T22:15:27+00:00,67135,73.0,81.5,2.9,0.0,,,,
2026-03-28T22:18:27+00:00,67136,73.0,81.0,2.8,0.0,,,,
2026-03-28T22:21:27+00:00,67137,73.0,80.0,2.9,0.0,,,,
2026-03-28T22:24:27+00:00,67138,73.0,79.5,2.9,0.0,,,,
2026-03-28T22:27:26+00:00,67139,73.0,80.0,3.1,0.0,,,,
2026-03-28T22:30:26+00:00,67140,73.0,79.0,3.1,0.0,,,,
2026-03-28T22:33:26+00:00,67141,73.0,79.0,3.1,0.0,,,,
2026-03-28T22:36:26+00:00,67142,73.0,78.5,3.3,0.0,,,,
2026-03-28T22:39:27+00:00,67143,73.0,79.0,3.2,0.0,,,,
2026-03-28T22:42:26+00:00,67144,73.0,79.0,3.2,0.0,,,,
2026-03-28T22:45:26+00:00,67145,73.0,79.0,3.2,0.0,,,,
2026-03-28T22:48:26+00:00,67146,73.0,79.5,3.1,0.0,,,,
2026-03-28T22:51:26+00:00,67147,73.0,79.0,3.2,0.0,,,,
2026-03-28T22:54:26+00:00,67148,73.0,79.5,3.1,0.0,,,,
2026-03-28T22:57:26+00:00,67149,73.0,79.5,3.2,0.0,,,,
2026-03-28T23:00:26+00:00,67150,73.0,79.5,3.1,0.0,,,,
2026-03-28T23:03:26+00:00,67151,73.0,79.5,3.1,0.0,,,,
2026-03-28T23:06:26+00:00,67152,73.0,79.0,3.2,0.0,,,,
2026-03-28T23:09:26+00:00,67153,73.0,79.5,3.1,0.0,,,,
2026-03-28T23:12:26+00:00,67154,73.0,79.5,3.1,0.0,,,,
2026-03-28T23:15:26+00:00,67155,73.0,79.5,3.2,0.0,,,,
2026-03-28T23:18:26+00:00,67156,73.0,79.5,3.1,0.0,,,,
2026-03-28T23:21:26+00:00,67157,73.0,79.5,3.2,0.0,,,,
2026-03-28T23:24:26+00:00,67158,73.0,79.0,3.1,0.0,,,,
2026-03-28T23:27:26+00:00,67159,73.0,79.5,3.1,0.0,,,,
2026-03-28T23:30:26+00:00,67160,73.0,79.5,3.1,0.0,,,,
2026-03-28T23:33:26+00:00,67161,73.0,80.0,3.1,0.0,,,,
2026-03-28T23:36:26+00:00,67162,73.0,80.0,3.0,0.0,,,,
2026-03-28T23:39:26+00:00,67163,73.0,80.0,3.1,0.0,,,,
2026-03-28T23:42:26+00:00,67164,73.0,80.0,3.1,0.0,,,,
2026-03-28T23:45:26+00:00,67165,73.0,80.5,3.1,0.0,,,,
2026-03-28T23:48:26+00:00,67166,73.0,79.5,3.0,0.0,,,,
2026-03-28T23:51:26+00:00,67167,73.0,79.5,3.1,0.0,,,,
2026-03-28T23:54:26+00:00,67168,73.0,79.0,3.2,0.0,,,,
2026-03-28T23:57:26+00:00,67169,73.0,79.0,3.2,0.0,,,,
2026-03-29T00:00:26+00:00,67170,73.0,79.5,3.0,0.0,,,,
2026-03-29T00:03:26+00:00,67171,73.0,80.0,3.0,0.0,,,,
2026-03-29T00:06:26+00:00,67172,73.0,81.0,3.0,0.0,,,,
2026-03-29T00:09:26+00:00,67173,73.0,80.5,2.9,0.0,,,,
2026-03-29T00:12:26+00:00,67174,73.0,80.5,2.8,0.0,,,,
2026-03-29T00:15:26+00:00,67175,73.0,80.5,2.7,0.0,,,,
2026-03-29T00:18:26+00:00,67176,73.0,80.5,2.7,0.0,,,,
2026-03-29T00:21:26+00:00,67177,73.0,80.5,2.7,0.0,,,,
2026-03-29T00:24:26+00:00,67178,73.0,80.0,2.7,0.0,,,,
2026-03-29T00:27:26+00:00,67179,73.0,79.5,2.7,0.0,,,,
2026-03-29T00:30:26+00:00,67180,73.0,79.0,2.7,0.0,,,,
2026-03-29T00:33:26+00:00,67181,73.0,78.5,2.7,0.0,,,,
2026-03-29T00:36:26+00:00,67182,73.0,78.0,2.7,0.0,,,,
2026-03-29T00:39:26+00:00,67183,73.0,77.5,2.7,0.0,,,,
2026-03-29T00:42:26+00:00,67184,73.0,77.5,2.7,0.0,,,,
2026-03-29T00:45:26+00:00,67185,73.0,77.0,2.6,0.0,,,,
2026-03-29T00:48:26+00:00,67186,73.0,77.5,2.6,0.0,,,,
2026-03-29T00:51:26+00:00,67187,73.0,78.0,2.6,0.0,,,,
2026-03-29T00:54:26+00:00,67188,73.0,78.0,2.6,0.0,,,,
2026-03-29T00:57:26+00:00,67189,73.0,78.0,2.6,0.0,,,,
2026-03-29T01:00:26+00:00,67190,73.0,78.0,2.6,0.0,,,,
2026-03-29T01:03:26+00:00,67191,73.0,79.0,2.5,0.0,,,,
2026-03-29T01:06:26+00:00,67192,73.0,79.5,2.4,0.0,,,,
2026-03-29T01:09:26+00:00,67193,73.0,80.0,2.5,0.0,,,,
2026-03-29T01:12:26+00:00,67194,73.0,79.5,2.5,0.0,,,,
2026-03-29T01:15:26+00:00,67195,73.0,80.0,2.3,0.0,,,,
2026-03-29T01:18:26+00:00,67196,73.0,80.0,2.4,0.0,,,,
2026-03-29T01:21:26+00:00,67197,73.0,80.0,2.3,0.0,,,,
2026-03-29T01:24:26+00:00,67198,73.0,80.5,2.3,0.0,,,,
2026-03-29T01:27:26+00:00,67199,73.0,81.0,2.3,0.0,,,,
2026-03-29T01:30:26+00:00,67200,73.0,81.5,2.2,0.0,,,,
2026-03-29T01:33:26+00:00,67201,73.0,82.0,2.2,0.0,,,,
2026-03-29T01:36:26+00:00,67202,73.0,82.0,2.2,0.0,,,,
2026-03-29T01:39:26+00:00,67203,73.0,82.0,2.2,0.0,,,,
2026-03-29T01:42:26+00:00,67204,73.0,82.0,2.2,0.0,,,,
2026-03-29T01:45:26+00:00,67205,73.0,82.5,2.1,0.0,,,,
2026-03-29T01:48:26+00:00,67206,73.0,82.5,2.1,1.0,,,,
2026-03-29T01:51:26+00:00,67207,73.0,83.0,2.1,0.0,,,,
2026-03-29T01:54:26+00:00,67208,73.0,83.5,2.1,0.0,,,,
2026-03-29T01:57:26+00:00,67209,73.0,83.5,2.1,0.0,,,,
2026-03-29T02:00:26+00:00,67210,73.0,83.5,2.0,0.0,,,,
2026-03-29T02:03:26+00:00,67211,73.0,84.0,2.0,0.0,,,,
2026-03-29T02:06:26+00:00,67212,73.0,84.5,2.0,0.0,,,,
2026-03-29T02:09:26+00:00,67213,73.0,84.0,2.0,0.0,,,,
2026-03-29T02:12:26+00:00,67214,73.0,84.0,2.0,0.0,,,,
2026-03-29T02:15:26+00:00,67215,73.0,83.5,1.9,0.0,,,,
2026-03-29T02:18:26+00:00,67216,73.0,83.5,1.8,0.0,,,,
2026-03-29T02:21:26+00:00,67217,73.0,84.0,2.0,0.0,,,,
2026-03-29T02:24:26+00:00,67218,73.0,84.0,1.9,0.0,,,,
2026-03-29T02:27:26+00:00,67219,73.0,84.0,1.9,0.0,,,,
2026-03-29T02:30:26+00:00,67220,73.0,84.0,1.8,0.0,,,,
2026-03-29T02:33:26+00:00,67221,73.0,84.0,1.9,0.0,,,,
2026-03-29T02:36:26+00:00,67222,73.0,84.0,1.9,0.0,,,,
2026-03-29T02:39:26+00:00,67223,73.0,84.0,1.9,0.0,,,,
2026-03-29T02:42:26+00:00,67224,73.0,83.5,1.9,0.0,,,,
2026-03-29T02:45:26+00:00,67225,73.0,83.5,2.0,0.0,,,,
2026-03-29T02:48:26+00:00,67226,73.0,83.5,2.0,0.0,,,,
2026-03-29T02:51:26+00:00,67227,73.0,83.5,2.0,0.0,,,,
2026-03-29T02:54:26+00:00,67228,73.0,84.0,2.0,0.0,,,,
2026-03-29T02:57:26+00:00,67229,73.0,84.0,2.0,0.0,,,,
2026-03-29T03:00:26+00:00,67230,73.0,83.5,2.0,0.0,,,,
2026-03-29T03:03:26+00:00,67231,73.0,83.5,1.9,0.0,,,,
2026-03-29T03:06:26+00:00,67232,73.0,83.5,2.0,0.0,,,,
2026-03-29T03:09:26+00:00,67233,73.0,83.5,2.1,0.0,,,,
2026-03-29T03:12:26+00:00,67234,73.0,84.0,2.0,0.0,,,,
2026-03-29T03:15:26+00:00,67235,73.0,84.0,2.0,0.0,,,,
2026-03-29T03:18:26+00:00,67236,73.0,84.0,1.9,0.0,,,,
2026-03-29T03:21:26+00:00,67237,73.0,84.0,1.9,0.0,,,,
2026-03-29T03:24:26+00:00,67238,73.0,84.5,2.0,0.0,,,,
2026-03-29T03:27:26+00:00,67239,73.0,84.5,2.0,0.0,,,,
2026-03-29T03:30:26+00:00,67240,73.0,84.0,2.0,0.0,,,,
2026-03-29T03:33:26+00:00,67241,73.0,84.0,1.9,0.0,,,,
2026-03-29T03:36:26+00:00,67242,73.0,84.5,1.8,0.0,,,,
2026-03-29T03:39:26+00:00,67243,73.0,84.5,1.9,0.0,,,,
2026-03-29T03:42:26+00:00,67244,73.0,85.0,1.9,0.0,,,,
2026-03-29T03:45:26+00:00,67245,73.0,85.0,1.9,0.0,,,,
2026-03-29T03:48:26+00:00,67246,73.0,85.0,1.7,1.0,,,,
2026-03-29T03:51:26+00:00,67247,73.0,84.5,1.8,0.0,,,,
2026-03-29T03:54:26+00:00,67248,73.0,84.5,1.9,0.0,,,,
2026-03-29T03:57:26+00:00,67249,73.0,85.0,1.7,0.0,,,,
2026-03-29T04:00:26+00:00,67250,73.0,84.5,1.8,0.0,,,,
2026-03-29T04:03:26+00:00,67251,73.0,84.5,1.8,0.0,,,,
2026-03-29T04:06:26+00:00,67252,73.0,85.0,1.8,0.0,,,,
2026-03-29T04:09:26+00:00,67253,73.0,85.0,1.7,0.0,,,,
2026-03-29T04:12:26+00:00,67254,73.0,85.0,1.7,0.0,,,,
2026-03-29T04:15:26+00:00,67255,73.0,85.0,1.8,0.0,,,,
2026-03-29T04:18:26+00:00,67256,73.0,85.5,1.8,1.0,,,,
2026-03-29T04:21:26+00:00,67257,73.0,85.0,1.7,0.0,,,,
2026-03-29T04:24:26+00:00,67258,73.0,85.0,1.7,0.0,,,,
2026-03-29T04:27:26+00:00,67259,73.0,85.0,1.8,1.0,,,,
2026-03-29T04:30:26+00:00,67260,73.0,85.0,1.8,0.0,,,,
2026-03-29T04:33:26+00:00,67261,73.0,84.5,1.9,0.0,,,,
2026-03-29T04:36:26+00:00,67262,73.0,84.5,1.8,1.0,,,,
2026-03-29T04:39:26+00:00,67263,73.0,84.0,1.8,0.0,,,,
2026-03-29T04:42:26+00:00,67264,73.0,84.0,1.9,0.0,,,,
2026-03-29T04:45:26+00:00,67265,73.0,84.0,1.8,0.0,,,,
2026-03-29T04:48:26+00:00,67266,73.0,83.5,1.8,1.0,,,,
2026-03-29T04:51:26+00:00,67267,73.0,83.5,1.7,0.0,,,,
2026-03-29T04:54:26+00:00,67268,73.0,83.0,1.8,0.0,,,,
2026-03-29T04:57:26+00:00,67269,73.0,83.0,1.8,1.0,,,,
2026-03-29T05:00:26+00:00,67270,73.0,83.0,1.8,0.0,,,,
2026-03-29T05:03:26+00:00,67271,73.0,83.0,1.7,0.0,,,,
2026-03-29T05:06:26+00:00,67272,73.0,82.5,1.8,0.0,,,,
2026-03-29T05:09:26+00:00,67273,73.0,82.5,1.8,0.0,,,,
2026-03-29T05:12:26+00:00,67274,73.0,82.0,1.8,0.0,,,,
2026-03-29T05:15:26+00:00,67275,73.0,82.0,1.8,1.0,,,,
2026-03-29T05:18:26+00:00,67276,73.0,82.0,1.8,0.0,,,,
2026-03-29T05:21:26+00:00,67277,73.0,82.0,1.8,0.0,,,,
2026-03-29T05:24:26+00:00,67278,73.0,81.5,1.8,0.0,,,,
2026-03-29T05:27:26+00:00,67279,73.0,81.5,1.8,0.0,,,,
2026-03-29T05:30:26+00:00,67280,73.0,81.5,1.9,0.0,,,,
2026-03-29T05:33:26+00:00,67281,73.0,82.0,1.8,0.0,,,,
2026-03-29T05:36:26+00:00,67282,73.0,81.0,2.0,0.0,,,,
2026-03-29T05:39:26+00:00,67283,73.0,81.0,1.8,1.0,,,,
2026-03-29T05:42:26+00:00,67284,73.0,81.0,1.9,0.0,,,,
2026-03-29T05:45:26+00:00,67285,73.0,80.5,1.8,0.0,,,,
2026-03-29T05:48:26+00:00,67286,73.0,80.5,2.0,0.0,,,,
2026-03-29T05:51:26+00:00,67287,73.0,81.0,1.9,0.0,,,,
2026-03-29T05:54:26+00:00,67288,73.0,81.0,2.0,0.0,,,,
2026-03-29T05:57:26+00:00,67289,73.0,80.5,1.9,0.0,,,,
2026-03-29T06:00:26+00:00,67290,73.0,80.0,2.0,0.0,,,,
2026-03-29T06:03:26+00:00,67291,73.0,80.0,2.0,0.0,,,,
2026-03-29T06:06:26+00:00,67292,73.0,80.0,2.0,0.0,,,,
2026-03-29T06:09:26+00:00,67293,73.0,80.0,2.1,0.0,,,,
2026-03-29T06:12:26+00:00,67294,73.0,80.5,2.0,0.0,,,,
2026-03-29T06:15:26+00:00,67295,73.0,80.5,2.0,0.0,,,,
2026-03-29T06:18:26+00:00,67296,73.0,80.0,2.0,0.0,,,,
2026-03-29T06:21:26+00:00,67297,73.0,80.5,2.1,0.0,,,,
2026-03-29T06:24:26+00:00,67298,73.0,80.5,2.0,0.0,,,,
2026-03-29T06:27:26+00:00,67299,73.0,80.0,2.0,1.0,,,,
2026-03-29T06:30:26+00:00,67300,73.0,80.0,2.1,0.0,,,,
2026-03-29T06:33:26+00:00,67301,73.0,79.5,2.3,0.0,,,,
2026-03-29T06:36:26+00:00,67302,73.0,79.0,2.3,0.0,,,,
2026-03-29T06:39:26+00:00,67303,73.0,78.5,2.3,0.0,,,,
2026-03-29T06:42:26+00:00,67304,73.0,77.5,2.4,0.0,,,,
2026-03-29T06:45:26+00:00,67305,73.0,77.5,2.4,0.0,,,,
2026-03-29T06:48:26+00:00,67306,73.0,78.0,2.6,0.0,,,,
2026-03-29T06:51:26+00:00,67307,73.0,77.5,2.6,0.0,,,,
2026-03-29T06:54:26+00:00,67308,73.0,77.0,2.7,0.0,,,,
2026-03-29T06:57:26+00:00,67309,73.0,76.5,2.7,0.0,,,,
2026-03-29T07:00:26+00:00,67310,73.0,76.5,2.7,0.0,,,,
2026-03-29T07:03:26+00:00,67311,73.0,76.0,2.9,0.0,,,,
2026-03-29T07:06:26+00:00,67312,73.0,75.5,3.0,0.0,,,,
2026-03-29T07:09:26+00:00,67313,73.0,75.0,3.1,0.0,,,,
2026-03-29T07:12:26+00:00,67314,73.0,75.0,3.1,0.0,,,,
2026-03-29T07:15:26+00:00,67315,73.0,74.5,3.2,0.0,,,,
2026-03-29T07:18:26+00:00,67316,73.0,75.0,3.2,0.0,,,,
2026-03-29T07:21:26+00:00,67317,73.0,75.0,3.2,0.0,,,,
2026-03-29T07:24:26+00:00,67318,73.0,75.0,3.3,0.0,,,,
2026-03-29T07:27:26+00:00,67319,73.0,74.5,3.5,0.0,,,,
2026-03-29T07:30:26+00:00,67320,73.0,74.0,3.4,0.0,,,,
2026-03-29T07:33:26+00:00,67321,73.0,74.5,3.4,0.0,,,,
2026-03-29T07:36:26+00:00,67322,73.0,74.0,3.7,0.0,,,,
2026-03-29T07:39:26+00:00,67323,73.0,73.5,3.7,0.0,,,,
2026-03-29T07:42:26+00:00,67324,73.0,73.5,3.7,0.0,,,,
2026-03-29T07:45:26+00:00,67325,73.0,73.0,3.7,1.0,,,,
2026-03-29T07:48:26+00:00,67326,73.0,73.0,3.8,0.0,,,,
2026-03-29T07:51:26+00:00,67327,73.0,73.0,3.8,0.0,,,,
2026-03-29T07:54:26+00:00,67328,73.0,73.0,3.8,0.0,,,,
2026-03-29T07:57:26+00:00,67329,73.0,73.5,3.9,0.0,,,,
2026-03-29T08:00:26+00:00,67330,73.0,73.0,3.9,0.0,,,,
2026-03-29T08:03:26+00:00,67331,73.0,72.5,3.9,0.0,,,,
2026-03-29T08:06:26+00:00,67332,73.0,73.0,3.9,0.0,,,,
2026-03-29T08:09:26+00:00,67333,73.0,72.5,4.0,0.0,,,,
2026-03-29T08:12:26+00:00,67334,73.0,72.5,4.1,0.0,,,,
2026-03-29T08:15:26+00:00,67335,73.0,72.0,4.1,0.0,,,,
2026-03-29T08:18:26+00:00,67336,73.0,71.0,4.4,0.0,,,,
2026-03-29T08:21:26+00:00,67337,73.0,71.5,4.4,0.0,,,,
2026-03-29T08:24:26+00:00,67338,73.0,71.0,4.5,0.0,,,,
2026-03-29T08:27:26+00:00,67339,73.0,71.0,4.6,0.0,,,,
2026-03-29T08:30:26+00:00,67340,73.0,70.0,4.5,0.0,,,,
2026-03-29T08:33:26+00:00,67341,73.0,70.5,4.5,0.0,,,,
2026-03-29T08:36:26+00:00,67342,73.0,71.0,4.4,0.0,,,,
2026-03-29T08:39:26+00:00,67343,73.0,71.0,4.4,0.0,,,,
2026-03-29T08:42:26+00:00,67344,73.0,71.0,4.5,0.0,,,,
2026-03-29T08:45:26+00:00,67345,73.0,70.0,4.7,0.0,,,,
2026-03-29T08:48:26+00:00,67346,73.0,70.0,4.8,0.0,,,,
2026-03-29T08:51:26+00:00,67347,73.0,68.5,5.1,0.0,,,,
2026-03-29T08:54:26+00:00,67348,73.0,68.0,5.3,0.0,,,,
2026-03-29T08:57:26+00:00,67349,73.0,67.5,5.3,0.0,,,,
2026-03-29T09:00:26+00:00,67350,73.0,68.0,5.5,0.0,,,,
2026-03-29T09:03:26+00:00,67351,73.0,67.5,5.8,0.0,,,,
2026-03-29T09:06:26+00:00,67352,73.0,66.0,5.7,0.0,,,,
2026-03-29T09:09:26+00:00,67353,73.0,66.5,5.8,0.0,,,,
2026-03-29T09:12:26+00:00,67354,73.0,66.0,5.9,0.0,,,,
2026-03-29T09:15:26+00:00,67355,73.0,66.0,5.9,0.0,,,,
2026-03-29T09:18:26+00:00,67356,73.0,65.5,6.0,0.0,,,,
2026-03-29T09:21:26+00:00,67357,73.0,65.0,6.0,0.0,,,,
2026-03-29T09:24:25+00:00,67358,73.0,65.0,6.0,0.0,,,,
2026-03-29T09:27:26+00:00,67359,73.0,65.0,6.1,0.0,,,,
2026-03-29T09:30:25+00:00,67360,73.0,65.0,6.1,0.0,,,,
2026-03-29T09:33:25+00:00,67361,73.0,64.0,6.2,0.0,,,,
2026-03-29T09:36:25+00:00,67362,73.0,64.0,6.3,0.0,,,,
2026-03-29T09:39:25+00:00,67363,73.0,63.0,6.4,0.0,,,,
2026-03-29T09:42:25+00:00,67364,73.0,64.0,6.5,0.0,,,,
2026-03-29T09:45:25+00:00,67365,73.0,62.0,6.6,0.0,,,,
2026-03-29T09:48:25+00:00,67366,73.0,61.5,7.0,0.0,,,,
2026-03-29T09:51:25+00:00,67367,73.0,61.0,7.0,0.0,,,,
2026-03-29T09:54:25+00:00,67368,73.0,62.5,7.0,0.0,,,,
2026-03-29T09:57:25+00:00,67369,73.0,61.5,6.9,0.0,,,,
2026-03-29T10:00:25+00:00,67370,73.0,63.5,7.1,0.0,,,,
2026-03-29T10:03:25+00:00,67371,73.0,60.0,7.4,0.0,,,,
2026-03-29T10:06:25+00:00,67372,73.0,60.0,7.4,0.0,,,,
2026-03-29T10:09:25+00:00,67373,73.0,60.0,7.2,0.0,,,,
2026-03-29T10:12:25+00:00,67374,73.0,60.5,7.2,0.0,,,,
2026-03-29T10:15:25+00:00,67375,73.0,60.0,7.5,0.0,,,,
2026-03-29T10:18:25+00:00,67376,73.0,60.0,7.7,0.0,,,,
2026-03-29T10:21:25+00:00,67377,73.0,59.0,8.0,0.0,,,,
2026-03-29T10:24:25+00:00,67378,73.0,57.5,7.8,0.0,,,,
2026-03-29T10:27:25+00:00,67379,73.0,58.5,8.0,0.0,,,,
2026-03-29T10:30:25+00:00,67380,73.0,58.0,7.9,0.0,,,,
2026-03-29T10:33:25+00:00,67381,73.0,57.0,8.1,0.0,,,,
2026-03-29T10:36:25+00:00,67382,73.0,58.0,8.0,0.0,,,,
2026-03-29T10:39:25+00:00,67383,73.0,57.5,8.1,0.0,,,,
2026-03-29T10:42:25+00:00,67384,73.0,57.5,8.0,0.0,,,,
2026-03-29T10:45:25+00:00,67385,73.0,57.5,7.9,0.0,,,,
2026-03-29T10:48:25+00:00,67386,73.0,58.0,8.0,0.0,,,,
2026-03-29T10:51:25+00:00,67387,73.0,58.0,7.9,0.0,,,,
2026-03-29T10:54:25+00:00,67388,73.0,58.0,8.0,0.0,,,,
2026-03-29T10:57:25+00:00,67389,73.0,56.5,8.0,0.0,,,,
2026-03-29T11:00:25+00:00,67390,73.0,56.0,7.8,0.0,,,,
2026-03-29T11:03:25+00:00,67391,73.0,56.0,7.7,0.0,,,,
2026-03-29T11:06:25+00:00,67392,73.0,56.5,7.7,0.0,,,,
2026-03-29T11:09:25+00:00,67393,73.0,57.0,7.9,0.0,,,,
2026-03-29T11:12:26+00:00,67394,73.0,56.0,8.3,0.0,,,,
2026-03-29T11:15:26+00:00,67395,73.0,55.5,8.2,0.0,,,,
2026-03-29T11:18:26+00:00,67396,73.0,55.0,8.3,0.0,,,,
2026-03-29T11:21:26+00:00,67397,73.0,56.0,8.2,0.0,,,,
2026-03-29T11:24:26+00:00,67398,73.0,56.0,8.6,0.0,,,,
2026-03-29T11:27:26+00:00,67399,73.0,55.0,8.5,0.0,,,,
2026-03-29T11:30:26+00:00,67400,73.0,55.0,8.5,0.0,,,,
2026-03-29T11:33:26+00:00,67401,73.0,55.0,8.9,0.0,,,,
2026-03-29T11:36:26+00:00,67402,73.0,54.5,8.9,0.0,,,,
2026-03-29T11:39:26+00:00,67403,73.0,54.5,8.7,0.0,,,,
2026-03-29T11:42:26+00:00,67404,73.0,54.0,8.8,0.0,,,,
2026-03-29T11:45:26+00:00,67405,73.0,55.5,8.9,0.0,,,,
2026-03-29T11:48:26+00:00,67406,73.0,53.0,8.8,0.0,,,,
2026-03-29T11:51:26+00:00,67407,73.0,53.5,8.6,0.0,,,,
2026-03-29T11:54:26+00:00,67408,73.0,55.0,8.4,0.0,,,,
2026-03-29T11:57:26+00:00,67409,73.0,54.0,8.9,0.0,,,,
2026-03-29T12:00:26+00:00,67410,73.0,53.5,8.8,0.0,,,,
2026-03-29T12:03:26+00:00,67411,73.0,54.0,9.0,0.0,,,,
2026-03-29T12:06:26+00:00,67412,73.0,53.5,8.9,0.0,,,,
2026-03-29T12:09:26+00:00,67413,73.0,53.5,9.3,0.0,,,,
2026-03-29T12:12:26+00:00,67414,73.0,53.0,9.1,0.0,,,,
2026-03-29T12:15:26+00:00,67415,73.0,53.5,9.0,0.0,,,,
2026-03-29T12:18:26+00:00,67416,73.0,53.0,9.0,0.0,,,,
2026-03-29T12:21:26+00:00,67417,73.0,51.0,9.3,0.0,,,,
2026-03-29T12:24:26+00:00,67418,73.0,52.5,9.1,0.0,,,,
2026-03-29T12:27:26+00:00,67419,73.0,51.5,8.8,0.0,,,,
2026-03-29T12:30:26+00:00,67420,73.0,52.5,8.6,0.0,,,,
2026-03-29T12:33:26+00:00,67421,73.0,53.0,9.2,0.0,,,,
2026-03-29T12:36:26+00:00,67422,73.0,52.0,9.8,0.0,,,,
2026-03-29T12:39:26+00:00,67423,73.0,49.5,9.8,0.0,,,,
2026-03-29T12:42:26+00:00,67424,73.0,50.5,9.6,0.0,,,,
2026-03-29T12:45:26+00:00,67425,73.0,49.5,9.6,0.0,,,,
2026-03-29T12:48:26+00:00,67426,73.0,50.5,9.4,0.0,,,,
2026-03-29T12:51:26+00:00,67427,73.0,50.5,9.5,0.0,,,,
2026-03-29T12:54:26+00:00,67428,73.0,50.5,9.3,0.0,,,,
2026-03-29T12:57:26+00:00,67429,73.0,51.0,9.7,0.0,,,,
2026-03-29T13:00:26+00:00,67430,73.0,48.5,9.9,0.0,,,,
2026-03-29T13:03:26+00:00,67431,73.0,47.5,10.0,0.0,,,,
2026-03-29T13:06:26+00:00,67432,73.0,50.0,10.4,0.0,,,,
2026-03-29T13:09:26+00:00,67433,73.0,44.5,10.8,0.0,,,,
2026-03-29T13:12:26+00:00,67434,73.0,47.0,10.0,0.0,,,,
2026-03-29T13:15:26+00:00,67435,73.0,46.0,9.7,0.0,,,,
2026-03-29T13:18:26+00:00,67436,73.0,46.0,9.7,0.0,,,,
2026-03-29T13:21:26+00:00,67437,73.0,45.5,10.2,0.0,,,,
2026-03-29T13:24:25+00:00,67438,73.0,44.0,10.3,0.0,,,,
2026-03-29T13:27:25+00:00,67439,73.0,44.0,10.2,0.0,,,,
2026-03-29T13:30:25+00:00,67440,73.0,44.5,10.1,0.0,,,,
2026-03-29T13:33:25+00:00,67441,73.0,47.0,10.6,0.0,,,,
2026-03-29T13:36:25+00:00,67442,73.0,46.0,10.3,0.0,,,,
2026-03-29T13:39:25+00:00,67443,73.0,46.5,10.1,0.0,,,,
2026-03-29T13:42:25+00:00,67444,73.0,46.5,9.8,0.0,,,,
2026-03-29T13:45:25+00:00,67445,73.0,47.5,9.9,0.0,,,,
2026-03-29T13:48:25+00:00,67446,73.0,46.5,10.4,0.0,,,,
2026-03-29T13:51:25+00:00,67447,73.0,43.5,10.3,0.0,,,,
2026-03-29T13:54:25+00:00,67448,73.0,43.5,10.0,0.0,,,,
2026-03-29T13:57:25+00:00,67449,73.0,44.0,10.0,0.0,,,,
2026-03-29T14:00:25+00:00,67450,73.0,44.5,10.0,0.0,,,,
2026-03-29T14:03:25+00:00,67451,73.0,45.0,9.9,0.0,,,,
2026-03-29T14:06:25+00:00,67452,73.0,45.0,9.9,0.0,,,,
2026-03-29T14:09:25+00:00,67453,73.0,45.5,10.2,0.0,,,,
2026-03-29T14:12:25+00:00,67454,73.0,43.0,10.6,0.0,,,,
2026-03-29T14:15:25+00:00,67455,73.0,43.5,9.6,0.0,,,,
2026-03-29T14:18:25+00:00,67456,73.0,46.5,9.2,0.0,,,,
2026-03-29T14:21:25+00:00,67457,73.0,47.0,9.7,0.0,,,,
2026-03-29T14:24:25+00:00,67458,73.0,46.5,9.7,0.0,,,,
2026-03-29T14:27:25+00:00,67459,73.0,46.5,9.5,0.0,,,,
2026-03-29T14:30:25+00:00,67460,73.0,46.5,9.4,0.0,,,,
2026-03-29T14:33:25+00:00,67461,73.0,48.0,9.8,0.0,,,,
2026-03-29T14:36:25+00:00,67462,73.0,46.5,10.3,0.0,,,,
2026-03-29T14:39:25+00:00,67463,73.0,44.5,10.3,0.0,,,,
2026-03-29T14:42:25+00:00,67464,73.0,44.0,10.2,0.0,,,,
2026-03-29T14:45:25+00:00,67465,73.0,45.0,9.9,0.0,,,,
2026-03-29T14:48:25+00:00,67466,73.0,47.0,9.2,0.0,,,,
2026-03-29T14:51:25+00:00,67467,73.0,47.5,8.8,0.0,,,,
2026-03-29T14:54:25+00:00,67468,73.0,48.5,8.5,0.0,,,,
2026-03-29T14:57:25+00:00,67469,73.0,49.0,8.4,0.0,,,,
2026-03-29T15:00:25+00:00,67470,73.0,49.5,8.1,0.0,,,,
2026-03-29T15:03:25+00:00,67471,73.0,49.5,8.0,0.0,,,,
2026-03-29T15:06:25+00:00,67472,73.0,48.5,8.0,0.0,,,,
2026-03-29T15:09:25+00:00,67473,73.0,49.0,7.9,0.0,,,,
2026-03-29T15:12:27+00:00,67474,73.0,48.0,7.8,0.0,,,,
2026-03-29T15:15:25+00:00,67475,73.0,48.5,7.5,0.0,,,,
2026-03-29T15:18:25+00:00,67476,73.0,49.0,7.5,0.0,,,,
2026-03-29T15:21:25+00:00,67477,73.0,50.0,7.3,0.0,,,,
2026-03-29T15:24:25+00:00,67478,73.0,50.0,7.3,0.0,,,,
2026-03-29T15:27:25+00:00,67479,73.0,50.0,7.4,0.0,,,,
2026-03-29T15:30:25+00:00,67480,73.0,50.5,7.1,0.0,,,,
2026-03-29T15:33:25+00:00,67481,73.0,50.0,7.0,0.0,,,,
2026-03-29T15:36:25+00:00,67482,73.0,50.5,7.2,0.0,,,,
2026-03-29T15:39:25+00:00,67483,73.0,50.5,7.1,0.0,,,,
2026-03-29T15:42:25+00:00,67484,73.0,51.5,6.9,0.0,,,,
2026-03-29T15:45:25+00:00,67485,73.0,51.5,6.9,0.0,,,,
2026-03-29T15:48:25+00:00,67486,73.0,51.5,7.0,0.0,,,,
2026-03-29T15:51:25+00:00,67487,73.0,51.5,7.1,0.0,,,,
2026-03-29T15:54:25+00:00,67488,73.0,52.0,7.0,0.0,,,,
2026-03-29T15:57:25+00:00,67489,73.0,53.0,7.0,0.0,,,,
2026-03-29T16:00:25+00:00,67490,73.0,53.0,7.0,0.0,,,,
2026-03-29T16:03:25+00:00,67491,73.0,53.0,6.9,0.0,,,,
2026-03-29T16:06:25+00:00,67492,73.0,53.5,6.8,0.0,,,,
2026-03-29T16:09:25+00:00,67493,73.0,54.0,6.8,0.0,,,,
2026-03-29T16:12:25+00:00,67494,73.0,53.0,6.9,0.0,,,,
2026-03-29T16:15:25+00:00,67495,73.0,53.0,7.0,0.0,,,,
2026-03-29T16:18:25+00:00,67496,73.0,51.5,7.0,0.0,,,,
2026-03-29T16:21:25+00:00,67497,73.0,51.5,6.9,0.0,,,,
2026-03-29T16:24:25+00:00,67498,73.0,52.5,7.0,0.0,,,,
2026-03-29T16:27:25+00:00,67499,73.0,51.5,6.9,0.0,,,,
2026-03-29T16:30:25+00:00,67500,73.0,52.5,7.0,0.0,,,,
2026-03-29T16:33:25+00:00,67501,73.0,52.5,6.9,0.0,,,,
2026-03-29T16:36:25+00:00,67502,73.0,53.0,6.7,0.0,,,,
2026-03-29T16:39:25+00:00,67503,73.0,52.0,6.7,0.0,,,,
2026-03-29T16:42:25+00:00,67504,73.0,51.5,6.8,0.0,,,,
2026-03-29T16:45:25+00:00,67505,73.0,51.5,6.8,0.0,,,,
2026-03-29T16:48:25+00:00,67506,73.0,50.5,6.7,0.0,,,,
2026-03-29T16:51:25+00:00,67507,73.0,50.5,6.7,0.0,,,,
2026-03-29T16:54:25+00:00,67508,73.0,51.0,6.6,0.0,,,,
2026-03-29T16:57:25+00:00,67509,73.0,51.0,6.7,0.0,,,,
2026-03-29T17:00:25+00:00,67510,73.0,51.0,6.6,0.0,,,,
2026-03-29T17:03:25+00:00,67511,73.0,51.0,6.6,0.0,,,,
2026-03-29T17:06:25+00:00,67512,73.0,51.5,6.5,0.0,,,,
2026-03-29T17:09:25+00:00,67513,73.0,52.5,6.4,0.0,,,,
2026-03-29T17:12:25+00:00,67514,73.0,53.5,6.2,0.0,,,,
2026-03-29T17:15:25+00:00,67515,73.0,54.0,6.3,0.0,,,,
2026-03-29T17:18:25+00:00,67516,73.0,55.0,6.2,0.0,,,,
2026-03-29T17:21:25+00:00,67517,73.0,56.0,6.1,0.0,,,,
2026-03-29T17:24:25+00:00,67518,73.0,57.0,6.1,0.0,,,,
2026-03-29T17:27:25+00:00,67519,73.0,58.5,5.9,0.0,,,,
2026-03-29T17:30:25+00:00,67520,73.0,58.5,5.8,0.0,,,,
2026-03-29T17:33:25+00:00,67521,73.0,59.0,5.8,0.0,,,,
2026-03-29T17:36:25+00:00,67522,73.0,58.0,5.6,0.0,,,,
2026-03-29T17:39:25+00:00,67523,73.0,58.5,5.6,0.0,,,,
2026-03-29T17:42:25+00:00,67524,73.0,59.0,5.4,0.0,,,,
2026-03-29T17:45:25+00:00,67525,73.0,59.0,5.4,0.0,,,,
2026-03-29T17:48:25+00:00,67526,73.0,59.5,5.3,0.0,,,,
2026-03-29T17:51:25+00:00,67527,73.0,59.5,5.3,0.0,,,,
2026-03-29T17:54:25+00:00,67528,73.0,59.5,5.1,0.0,,,,
2026-03-29T17:57:25+00:00,67529,73.0,60.0,5.0,0.0,,,,
2026-03-29T18:00:25+00:00,67530,73.0,60.0,5.0,0.0,,,,
2026-03-29T18:03:25+00:00,67531,73.0,60.5,5.0,0.0,,,,
2026-03-29T18:06:24+00:00,67532,73.0,60.5,5.0,0.0,,,,
2026-03-29T18:09:25+00:00,67533,73.0,60.5,5.0,0.0,,,,
2026-03-29T18:12:25+00:00,67534,73.0,60.5,5.0,0.0,,,,
2026-03-29T18:15:24+00:00,67535,73.0,61.0,4.9,0.0,,,,
2026-03-29T18:18:24+00:00,67536,73.0,61.5,4.9,0.0,,,,
2026-03-29T18:21:24+00:00,67537,73.0,61.5,4.9,0.0,,,,
2026-03-29T18:24:24+00:00,67538,73.0,62.0,4.8,0.0,,,,
2026-03-29T18:27:24+00:00,67539,73.0,62.5,4.6,0.0,,,,
2026-03-29T18:30:24+00:00,67540,73.0,62.5,4.7,0.0,,,,
2026-03-29T18:33:24+00:00,67541,73.0,63.0,4.7,0.0,,,,
2026-03-29T18:36:24+00:00,67542,73.0,63.0,4.7,0.0,,,,
2026-03-29T18:39:24+00:00,67543,73.0,63.5,4.7,0.0,,,,
2026-03-29T18:42:24+00:00,67544,73.0,63.5,4.5,0.0,,,,
2026-03-29T18:45:24+00:00,67545,73.0,64.0,4.5,0.0,,,,
2026-03-29T18:48:24+00:00,67546,73.0,63.5,4.5,0.0,,,,
2026-03-29T18:51:24+00:00,67547,73.0,64.0,4.4,0.0,,,,
2026-03-29T18:54:24+00:00,67548,73.0,64.0,4.4,0.0,,,,
2026-03-29T18:57:24+00:00,67549,73.0,64.0,4.3,0.0,,,,
2026-03-29T19:00:24+00:00,67550,73.0,64.0,4.3,0.0,,,,
2026-03-29T19:03:24+00:00,67551,73.0,64.0,4.2,0.0,,,,
2026-03-29T19:06:24+00:00,67552,73.0,64.0,4.3,0.0,,,,
2026-03-29T19:09:24+00:00,67553,73.0,64.0,4.3,0.0,,,,
2026-03-29T19:12:24+00:00,67554,73.0,64.5,4.2,0.0,,,,
2026-03-29T19:15:24+00:00,67555,73.0,64.5,4.3,0.0,,,,
2026-03-29T19:18:24+00:00,67556,73.0,64.5,4.1,0.0,,,,
2026-03-29T19:21:24+00:00,67557,73.0,65.0,4.2,0.0,,,,
2026-03-29T19:24:24+00:00,67558,73.0,65.0,4.2,0.0,,,,
2026-03-29T19:27:24+00:00,67559,73.0,65.5,4.1,0.0,,,,
2026-03-29T19:30:24+00:00,67560,73.0,65.5,4.0,0.0,,,,
2026-03-29T19:33:24+00:00,67561,73.0,65.5,4.0,0.0,,,,
2026-03-29T19:36:24+00:00,67562,73.0,66.0,4.0,0.0,,,,
2026-03-29T19:39:24+00:00,67563,73.0,66.0,4.1,0.0,,,,
2026-03-29T19:42:24+00:00,67564,73.0,66.0,4.0,0.0,,,,
2026-03-29T19:45:24+00:00,67565,73.0,65.5,4.1,0.0,,,,
2026-03-29T19:48:24+00:00,67566,73.0,65.5,4.1,0.0,,,,
2026-03-29T19:51:24+00:00,67567,73.0,66.0,4.0,0.0,,,,
2026-03-29T19:54:24+00:00,67568,73.0,65.5,4.0,0.0,,,,
2026-03-29T19:57:24+00:00,67569,73.0,66.0,4.0,0.0,,,,
2026-03-29T20:00:24+00:00,67570,73.0,65.5,4.0,0.0,,,,
2026-03-29T20:03:24+00:00,67571,73.0,65.5,4.0,0.0,,,,
2026-03-29T20:06:24+00:00,67572,73.0,65.0,4.1,0.0,,,,
2026-03-29T20:09:24+00:00,67573,73.0,65.0,4.1,0.0,,,,
2026-03-29T20:12:24+00:00,67574,73.0,64.5,4.0,0.0,,,,
2026-03-29T20:15:24+00:00,67575,73.0,64.0,4.0,0.0,,,,
2026-03-29T20:18:24+00:00,67576,73.0,63.5,4.1,0.0,,,,
2026-03-29T20:21:24+00:00,67577,73.0,63.5,4.1,0.0,,,,
2026-03-29T20:24:24+00:00,67578,73.0,63.0,4.1,0.0,,,,
2026-03-29T20:27:24+00:00,67579,73.0,63.0,4.1,0.0,,,,
2026-03-29T20:30:24+00:00,67580,73.0,63.0,4.2,0.0,,,,
2026-03-29T20:33:24+00:00,67581,73.0,63.0,4.1,0.0,,,,
2026-03-29T20:36:24+00:00,67582,73.0,62.5,4.2,0.0,,,,
2026-03-29T20:39:24+00:00,67583,73.0,63.0,4.2,0.0,,,,
2026-03-29T20:42:24+00:00,67584,73.0,63.0,4.1,0.0,,,,
2026-03-29T20:45:24+00:00,67585,73.0,63.0,4.0,0.0,,,,
2026-03-29T20:48:24+00:00,67586,73.0,62.5,4.1,0.0,,,,
2026-03-29T20:51:24+00:00,67587,73.0,62.5,4.1,0.0,,,,
2026-03-29T20:54:24+00:00,67588,73.0,62.5,4.0,0.0,,,,
2026-03-29T20:57:24+00:00,67589,73.0,62.5,4.2,0.0,,,,
2026-03-29T21:00:24+00:00,67590,73.0,63.0,4.1,0.0,,,,
2026-03-29T21:03:24+00:00,67591,73.0,63.0,4.0,0.0,,,,
2026-03-29T21:06:24+00:00,67592,73.0,63.0,4.0,0.0,,,,
2026-03-29T21:09:24+00:00,67593,73.0,63.5,4.0,0.0,,,,
2026-03-29T21:12:24+00:00,67594,73.0,63.5,3.9,0.0,,,,
2026-03-29T21:15:24+00:00,67595,73.0,63.5,4.0,0.0,,,,
2026-03-29T21:18:24+00:00,67596,73.0,63.5,4.0,0.0,,,,
2026-03-29T21:21:24+00:00,67597,73.0,63.5,3.8,0.0,,,,
2026-03-29T21:24:24+00:00,67598,73.0,63.5,3.9,0.0,,,,
2026-03-29T21:27:24+00:00,67599,73.0,64.0,3.8,0.0,,,,
2026-03-29T21:30:24+00:00,67600,73.0,64.0,3.7,0.0,,,,
2026-03-29T21:33:24+00:00,67601,73.0,64.5,3.7,0.0,,,,
2026-03-29T21:36:24+00:00,67602,73.0,64.5,3.6,0.0,,,,
2026-03-29T21:39:24+00:00,67603,73.0,66.0,3.7,0.0,,,,
2026-03-29T21:42:24+00:00,67604,73.0,66.0,3.6,0.0,,,,
2026-03-29T21:45:24+00:00,67605,73.0,66.0,3.5,0.0,,,,
2026-03-29T21:48:24+00:00,67606,73.0,66.0,3.6,0.0,,,,
2026-03-29T21:51:24+00:00,67607,73.0,66.0,3.5,0.0,,,,
2026-03-29T21:54:24+00:00,67608,73.0,66.5,3.4,0.0,,,,
2026-03-29T21:57:24+00:00,67609,73.0,66.5,3.5,0.0,,,,
2026-03-29T22:00:24+00:00,67610,73.0,66.0,3.4,0.0,,,,
2026-03-29T22:03:24+00:00,67611,73.0,66.0,3.4,0.0,,,,
2026-03-29T22:06:24+00:00,67612,73.0,66.0,3.5,0.0,,,,
2026-03-29T22:09:24+00:00,67613,73.0,66.0,3.4,0.0,,,,
2026-03-29T22:12:24+00:00,67614,73.0,65.5,3.5,0.0,,,,
2026-03-29T22:15:24+00:00,67615,73.0,65.5,3.5,0.0,,,,
2026-03-29T22:18:24+00:00,67616,73.0,66.5,3.5,0.0,,,,
2026-03-29T22:21:24+00:00,67617,73.0,66.0,3.4,0.0,,,,
2026-03-29T22:24:24+00:00,67618,73.0,65.5,3.5,0.0,,,,
2026-03-29T22:27:24+00:00,67619,73.0,65.0,3.6,0.0,,,,
2026-03-29T22:30:24+00:00,67620,73.0,65.5,3.4,0.0,,,,
2026-03-29T22:33:24+00:00,67621,73.0,66.0,3.3,0.0,,,,
2026-03-29T22:36:24+00:00,67622,73.0,66.0,3.2,0.0,,,,
2026-03-29T22:39:24+00:00,67623,73.0,66.5,3.2,0.0,,,,
2026-03-29T22:42:24+00:00,67624,73.0,67.0,3.0,0.0,,,,
2026-03-29T22:45:24+00:00,67625,73.0,67.5,3.0,0.0,,,,
2026-03-29T22:48:24+00:00,67626,73.0,67.5,3.1,0.0,,,,
2026-03-29T22:51:24+00:00,67627,73.0,67.0,3.1,0.0,,,,
2026-03-29T22:54:24+00:00,67628,73.0,67.5,3.0,0.0,,,,
2026-03-29T22:57:24+00:00,67629,73.0,68.0,2.9,0.0,,,,
2026-03-29T23:00:24+00:00,67630,73.0,67.5,2.9,0.0,,,,
2026-03-29T23:03:24+00:00,67631,73.0,67.0,2.9,0.0,,,,
2026-03-29T23:06:24+00:00,67632,73.0,68.0,2.8,0.0,,,,
2026-03-29T23:09:24+00:00,67633,73.0,67.5,2.9,0.0,,,,
2026-03-29T23:12:24+00:00,67634,73.0,67.0,2.9,0.0,,,,
2026-03-29T23:15:24+00:00,67635,73.0,67.0,2.9,0.0,,,,
2026-03-29T23:18:24+00:00,67636,73.0,67.0,2.8,0.0,,,,
2026-03-29T23:21:24+00:00,67637,73.0,68.0,2.7,0.0,,,,
2026-03-29T23:24:24+00:00,67638,73.0,69.0,2.8,0.0,,,,
2026-03-29T23:27:24+00:00,67639,73.0,69.0,2.8,0.0,,,,
2026-03-29T23:30:24+00:00,67640,73.0,69.0,2.7,0.0,,,,
2026-03-29T23:33:24+00:00,67641,73.0,69.0,2.7,0.0,,,,
2026-03-29T23:36:24+00:00,67642,73.0,69.0,2.7,0.0,,,,
2026-03-29T23:39:24+00:00,67643,73.0,69.0,2.7,0.0,,,,
2026-03-29T23:42:24+00:00,67644,73.0,69.0,2.7,0.0,,,,
2026-03-29T23:45:24+00:00,67645,73.0,69.0,2.8,0.0,,,,
2026-03-29T23:48:24+00:00,67646,73.0,69.0,2.9,0.0,,,,
2026-03-29T23:51:24+00:00,67647,73.0,69.0,2.8,0.0,,,,
2026-03-29T23:54:24+00:00,67648,73.0,69.0,2.7,0.0,,,,
2026-03-29T23:57:24+00:00,67649,73.0,68.5,2.8,0.0,,,,
2026-03-30T00:00:24+00:00,67650,73.0,68.5,2.9,0.0,,,,
2026-03-30T00:03:24+00:00,67651,73.0,68.5,3.0,0.0,,,,
2026-03-30T00:06:24+00:00,67652,73.0,68.0,3.0,0.0,,,,
2026-03-30T00:09:24+00:00,67653,73.0,68.0,3.0,0.0,,,,
2026-03-30T00:12:24+00:00,67654,73.0,68.0,3.0,0.0,,,,
2026-03-30T00:15:24+00:00,67655,73.0,68.0,3.0,0.0,,,,
2026-03-30T00:18:24+00:00,67656,73.0,68.0,3.1,0.0,,,,
2026-03-30T00:21:24+00:00,67657,73.0,68.0,3.0,0.0,,,,
2026-03-30T00:24:24+00:00,67658,73.0,68.0,3.1,0.0,,,,
2026-03-30T00:27:24+00:00,67659,73.0,68.0,3.3,0.0,,,,
2026-03-30T00:30:24+00:00,67660,73.0,68.0,3.2,0.0,,,,
2026-03-30T00:33:24+00:00,67661,73.0,68.5,3.3,0.0,,,,
2026-03-30T00:36:24+00:00,67662,73.0,68.0,3.3,0.0,,,,
2026-03-30T00:39:24+00:00,67663,73.0,68.0,3.3,0.0,,,,
2026-03-30T00:42:24+00:00,67664,73.0,68.0,3.3,0.0,,,,
2026-03-30T00:45:24+00:00,67665,73.0,68.0,3.3,0.0,,,,
2026-03-30T00:48:24+00:00,67666,73.0,68.0,3.3,0.0,,,,
2026-03-30T00:51:24+00:00,67667,73.0,68.0,3.3,0.0,,,,
2026-03-30T00:54:24+00:00,67668,73.0,68.0,3.3,0.0,,,,
2026-03-30T00:57:24+00:00,67669,73.0,68.0,3.4,0.0,,,,
2026-03-30T01:00:24+00:00,67670,73.0,68.5,3.4,0.0,,,,
2026-03-30T01:03:24+00:00,67671,73.0,68.5,3.4,0.0,,,,
2026-03-30T01:06:24+00:00,67672,73.0,68.0,3.3,0.0,,,,
2026-03-30T01:09:24+00:00,67673,73.0,67.5,3.3,0.0,,,,
2026-03-30T01:12:24+00:00,67674,73.0,67.0,3.4,0.0,,,,
2026-03-30T01:15:24+00:00,67675,73.0,66.5,3.4,0.0,,,,
2026-03-30T01:18:24+00:00,67676,73.0,66.0,3.5,0.0,,,,
2026-03-30T01:21:24+00:00,67677,73.0,66.5,3.5,0.0,,,,
2026-03-30T01:24:24+00:00,67678,73.0,66.0,3.4,0.0,,,,
2026-03-30T01:27:24+00:00,67679,73.0,66.0,3.5,0.0,,,,
2026-03-30T01:30:24+00:00,67680,73.0,65.5,3.5,0.0,,,,
2026-03-30T01:33:24+00:00,67681,73.0,64.5,3.6,0.0,,,,
2026-03-30T01:36:24+00:00,67682,73.0,65.0,3.5,0.0,,,,
2026-03-30T01:39:24+00:00,67683,73.0,65.5,3.7,0.0,,,,
2026-03-30T01:42:24+00:00,67684,73.0,66.0,3.6,0.0,,,,
2026-03-30T01:45:24+00:00,67685,73.0,66.0,3.7,0.0,,,,
2026-03-30T01:48:24+00:00,67686,73.0,66.5,3.6,0.0,,,,
2026-03-30T01:51:24+00:00,67687,73.0,67.5,3.4,0.0,,,,
2026-03-30T01:54:24+00:00,67688,73.0,67.5,3.5,0.0,,,,
2026-03-30T01:57:24+00:00,67689,73.0,67.5,3.5,0.0,,,,
2026-03-30T02:00:24+00:00,67690,73.0,68.0,3.5,0.0,,,,
2026-03-30T02:03:24+00:00,67691,73.0,68.0,3.5,0.0,,,,
2026-03-30T02:06:24+00:00,67692,73.0,68.0,3.5,0.0,,,,
2026-03-30T02:09:24+00:00,67693,73.0,68.0,3.5,0.0,,,,
2026-03-30T02:12:24+00:00,67694,73.0,68.0,3.5,0.0,,,,
2026-03-30T02:15:24+00:00,67695,73.0,68.5,3.6,0.0,,,,
2026-03-30T02:18:24+00:00,67696,73.0,68.5,3.5,0.0,,,,
2026-03-30T02:21:24+00:00,67697,73.0,68.5,3.5,0.0,,,,
2026-03-30T02:24:24+00:00,67698,73.0,68.5,3.5,0.0,,,,
2026-03-30T02:27:24+00:00,67699,73.0,69.0,3.5,0.0,,,,
2026-03-30T02:30:24+00:00,67700,73.0,69.0,3.6,0.0,,,,
2026-03-30T02:33:24+00:00,67701,73.0,69.5,3.5,0.0,,,,
2026-03-30T02:36:24+00:00,67702,73.0,69.5,3.6,0.0,,,,
2026-03-30T02:39:24+00:00,67703,73.0,70.0,3.6,0.0,,,,
2026-03-30T02:42:24+00:00,67704,73.0,70.0,3.5,0.0,,,,
2026-03-30T02:45:24+00:00,67705,73.0,70.5,3.5,0.0,,,,
2026-03-30T02:48:24+00:00,67706,73.0,71.5,3.5,0.0,,,,
2026-03-30T02:51:24+00:00,67707,73.0,71.5,3.6,0.0,,,,
2026-03-30T02:54:24+00:00,67708,73.0,72.5,3.5,0.0,,,,
2026-03-30T02:57:24+00:00,67709,73.0,72.5,3.5,0.0,,,,
2026-03-30T03:00:24+00:00,67710,73.0,72.5,3.5,0.0,,,,
2026-03-30T03:03:24+00:00,67711,73.0,72.5,3.5,0.0,,,,
2026-03-30T03:06:24+00:00,67712,73.0,72.0,3.5,0.0,,,,
2026-03-30T03:09:24+00:00,67713,73.0,72.0,3.5,0.0,,,,
2026-03-30T03:12:24+00:00,67714,73.0,71.0,3.4,0.0,,,,
2026-03-30T03:15:24+00:00,67715,73.0,71.0,3.4,0.0,,,,
2026-03-30T03:18:24+00:00,67716,73.0,71.0,3.4,0.0,,,,
2026-03-30T03:21:24+00:00,67717,73.0,71.0,3.4,0.0,,,,
2026-03-30T03:24:24+00:00,67718,73.0,71.0,3.3,0.0,,,,
2026-03-30T03:27:24+00:00,67719,73.0,71.0,3.3,0.0,,,,
2026-03-30T03:30:24+00:00,67720,73.0,71.0,3.5,0.0,,,,
2026-03-30T03:33:24+00:00,67721,73.0,71.0,3.4,0.0,,,,
2026-03-30T03:36:24+00:00,67722,73.0,71.0,3.4,0.0,,,,
2026-03-30T03:39:24+00:00,67723,73.0,71.0,3.5,0.0,,,,
2026-03-30T03:42:24+00:00,67724,73.0,71.0,3.5,0.0,,,,
2026-03-30T03:45:24+00:00,67725,73.0,71.0,3.6,0.0,,,,
2026-03-30T03:48:24+00:00,67726,73.0,70.5,3.6,0.0,,,,
2026-03-30T03:51:24+00:00,67727,73.0,70.5,3.5,0.0,,,,
2026-03-30T03:54:24+00:00,67728,73.0,70.5,3.5,0.0,,,,
2026-03-30T03:57:24+00:00,67729,73.0,70.5,3.6,0.0,,,,
2026-03-30T04:00:24+00:00,67730,73.0,70.0,3.5,0.0,,,,
2026-03-30T04:03:24+00:00,67731,73.0,70.5,3.5,0.0,,,,
2026-03-30T04:06:24+00:00,67732,73.0,70.5,3.6,0.0,,,,
2026-03-30T04:09:24+00:00,67733,73.0,71.0,3.6,0.0,,,,
2026-03-30T04:12:24+00:00,67734,73.0,72.5,3.6,0.0,,,,
2026-03-30T04:15:24+00:00,67735,73.0,73.5,3.7,0.0,,,,
2026-03-30T04:18:24+00:00,67736,73.0,74.0,3.6,0.0,,,,
2026-03-30T04:21:24+00:00,67737,73.0,74.0,3.6,0.0,,,,
2026-03-30T04:24:24+00:00,67738,73.0,74.0,3.6,0.0,,,,
2026-03-30T04:27:24+00:00,67739,73.0,74.5,3.6,0.0,,,,
2026-03-30T04:30:24+00:00,67740,73.0,75.0,3.6,0.0,,,,
2026-03-30T04:33:24+00:00,67741,73.0,75.0,3.5,0.0,,,,
2026-03-30T04:36:24+00:00,67742,73.0,75.5,3.5,0.0,,,,
2026-03-30T04:39:23+00:00,67743,73.0,75.5,3.5,0.0,,,,
2026-03-30T04:42:24+00:00,67744,73.0,75.5,3.4,0.0,,,,
2026-03-30T04:45:23+00:00,67745,73.0,75.5,3.5,0.0,,,,
2026-03-30T04:48:23+00:00,67746,73.0,75.5,3.5,0.0,,,,
2026-03-30T04:51:23+00:00,67747,73.0,75.5,3.5,0.0,,,,
2026-03-30T04:54:23+00:00,67748,73.0,75.5,3.5,0.0,,,,
2026-03-30T04:57:23+00:00,67749,73.0,76.0,3.6,0.0,,,,
2026-03-30T05:00:23+00:00,67750,73.0,76.5,3.5,0.0,,,,
2026-03-30T05:03:23+00:00,67751,73.0,76.5,3.5,0.0,,,,
2026-03-30T05:06:23+00:00,67752,73.0,75.5,3.6,0.0,,,,
2026-03-30T05:09:23+00:00,67753,73.0,75.5,3.6,0.0,,,,
2026-03-30T05:12:23+00:00,67754,73.0,75.5,3.6,0.0,,,,
2026-03-30T05:15:23+00:00,67755,73.0,75.5,3.6,0.0,,,,
2026-03-30T05:18:23+00:00,67756,73.0,75.0,3.6,0.0,,,,
2026-03-30T05:21:23+00:00,67757,73.0,74.5,3.6,0.0,,,,
2026-03-30T05:24:23+00:00,67758,73.0,74.5,3.7,0.0,,,,
2026-03-30T05:27:23+00:00,67759,73.0,75.0,3.7,0.0,,,,
2026-03-30T05:30:23+00:00,67760,73.0,75.0,3.6,0.0,,,,
2026-03-30T05:33:23+00:00,67761,73.0,75.5,3.7,0.0,,,,
2026-03-30T05:36:23+00:00,67762,73.0,75.5,3.8,0.0,,,,
2026-03-30T05:39:23+00:00,67763,73.0,75.0,3.5,0.0,,,,
2026-03-30T05:42:23+00:00,67764,73.0,75.0,3.6,0.0,,,,
2026-03-30T05:45:23+00:00,67765,73.0,75.0,3.8,0.0,,,,
2026-03-30T05:48:23+00:00,67766,73.0,74.5,3.7,0.0,,,,
2026-03-30T05:51:23+00:00,67767,73.0,74.5,3.7,0.0,,,,
2026-03-30T05:54:23+00:00,67768,73.0,75.0,3.8,0.0,,,,
2026-03-30T05:57:23+00:00,67769,73.0,74.5,3.8,0.0,,,,
2026-03-30T06:00:23+00:00,67770,73.0,74.0,3.7,0.0,,,,
2026-03-30T06:03:23+00:00,67771,73.0,74.5,3.8,0.0,,,,
2026-03-30T06:06:23+00:00,67772,73.0,74.0,3.8,0.0,,,,
2026-03-30T06:09:23+00:00,67773,73.0,73.5,3.9,0.0,,,,
2026-03-30T06:12:23+00:00,67774,73.0,73.5,3.9,0.0,,,,
2026-03-30T06:15:23+00:00,67775,73.0,74.0,3.9,0.0,,,,
2026-03-30T06:18:23+00:00,67776,73.0,74.5,3.8,0.0,,,,
2026-03-30T06:21:23+00:00,67777,73.0,75.0,3.9,0.0,,,,
2026-03-30T06:24:23+00:00,67778,73.0,74.5,4.0,0.0,,,,
2026-03-30T06:27:23+00:00,67779,73.0,75.0,4.1,0.0,,,,
2026-03-30T06:30:23+00:00,67780,73.0,75.5,4.0,0.0,,,,
2026-03-30T06:33:23+00:00,67781,73.0,76.0,3.9,0.0,,,,
2026-03-30T06:36:23+00:00,67782,73.0,75.5,3.9,0.0,,,,
2026-03-30T06:39:23+00:00,67783,73.0,76.0,4.0,0.0,,,,
2026-03-30T06:42:23+00:00,67784,73.0,76.0,4.0,0.0,,,,
2026-03-30T06:45:23+00:00,67785,73.0,75.5,4.1,0.0,,,,
2026-03-30T06:48:23+00:00,67786,73.0,75.0,4.2,0.0,,,,
2026-03-30T06:51:23+00:00,67787,73.0,74.5,4.0,0.0,,,,
2026-03-30T06:54:23+00:00,67788,73.0,74.0,4.1,0.0,,,,
2026-03-30T06:57:23+00:00,67789,73.0,74.5,4.1,0.0,,,,
2026-03-30T07:00:23+00:00,67790,73.0,74.5,4.1,0.0,,,,
2026-03-30T07:03:23+00:00,67791,73.0,75.0,4.1,0.0,,,,
2026-03-30T07:06:23+00:00,67792,73.0,75.5,4.1,0.0,,,,
2026-03-30T07:09:23+00:00,67793,73.0,75.5,4.1,0.0,,,,
2026-03-30T07:12:23+00:00,67794,73.0,75.5,4.1,0.0,,,,
2026-03-30T07:15:23+00:00,67795,73.0,75.5,4.2,0.0,,,,
2026-03-30T07:18:23+00:00,67796,73.0,75.0,4.1,0.0,,,,
2026-03-30T07:21:23+00:00,67797,73.0,73.0,4.2,0.0,,,,
2026-03-30T07:24:23+00:00,67798,73.0,72.0,4.3,0.0,,,,
2026-03-30T07:27:23+00:00,67799,73.0,71.0,4.2,0.0,,,,
2026-03-30T07:30:23+00:00,67800,73.0,71.0,4.3,0.0,,,,
2026-03-30T07:33:23+00:00,67801,73.0,70.0,4.3,0.0,,,,
2026-03-30T07:36:23+00:00,67802,73.0,70.0,4.3,0.0,,,,
2026-03-30T07:39:23+00:00,67803,73.0,69.5,4.3,0.0,,,,
2026-03-30T07:42:23+00:00,67804,73.0,69.0,4.4,0.0,,,,
2026-03-30T07:45:23+00:00,67805,73.0,68.5,4.4,0.0,,,,
2026-03-30T07:48:23+00:00,67806,73.0,68.5,4.4,0.0,,,,
2026-03-30T07:51:23+00:00,67807,73.0,68.0,4.4,0.0,,,,
2026-03-30T07:54:23+00:00,67808,73.0,68.0,4.3,0.0,,,,
2026-03-30T07:57:23+00:00,67809,73.0,67.5,4.4,0.0,,,,
2026-03-30T08:00:23+00:00,67810,73.0,68.0,4.5,0.0,,,,
2026-03-30T08:03:23+00:00,67811,73.0,66.5,4.5,0.0,,,,
2026-03-30T08:06:23+00:00,67812,73.0,66.0,4.5,0.0,,,,
2026-03-30T08:09:23+00:00,67813,73.0,66.0,4.6,0.0,,,,
2026-03-30T08:12:23+00:00,67814,73.0,65.5,4.6,0.0,,,,
2026-03-30T08:15:23+00:00,67815,73.0,66.5,4.7,0.0,,,,
2026-03-30T08:18:23+00:00,67816,73.0,65.0,4.7,0.0,,,,
2026-03-30T08:21:23+00:00,67817,73.0,64.5,4.8,0.0,,,,
2026-03-30T08:24:23+00:00,67818,73.0,65.0,4.8,0.0,,,,
2026-03-30T08:27:23+00:00,67819,73.0,65.5,4.8,0.0,,,,
2026-03-30T08:30:23+00:00,67820,73.0,65.5,4.9,0.0,,,,
2026-03-30T08:33:23+00:00,67821,73.0,65.0,5.0,0.0,,,,
2026-03-30T08:36:23+00:00,67822,73.0,62.5,5.0,0.0,,,,
2026-03-30T08:39:23+00:00,67823,73.0,62.0,5.0,0.0,,,,
2026-03-30T08:42:23+00:00,67824,73.0,62.0,5.1,0.0,,,,
2026-03-30T08:45:23+00:00,67825,73.0,61.0,5.1,0.0,,,,
2026-03-30T08:48:23+00:00,67826,73.0,60.5,5.2,0.0,,,,
2026-03-30T08:51:23+00:00,67827,73.0,60.5,5.3,0.0,,,,
2026-03-30T08:54:23+00:00,67828,73.0,61.0,5.4,0.0,,,,
2026-03-30T08:57:23+00:00,67829,73.0,64.0,5.3,0.0,,,,
2026-03-30T09:00:23+00:00,67830,73.0,66.5,5.2,0.0,,,,
2026-03-30T09:03:23+00:00,67831,73.0,68.5,5.1,0.0,,,,
2026-03-30T09:06:23+00:00,67832,73.0,69.0,5.0,0.0,,,,
2026-03-30T09:09:23+00:00,67833,73.0,71.5,4.8,0.0,,,,
2026-03-30T09:12:23+00:00,67834,73.0,70.5,4.8,0.0,,,,
2026-03-30T09:15:23+00:00,67835,73.0,71.5,4.5,0.0,,,,
2026-03-30T09:18:23+00:00,67836,73.0,73.0,4.4,0.0,,,,
2026-03-30T09:21:23+00:00,67837,73.0,73.0,4.4,0.0,,,,
2026-03-30T09:24:23+00:00,67838,73.0,73.0,4.4,0.0,,,,
2026-03-30T09:27:23+00:00,67839,73.0,71.5,4.4,0.0,,,,
2026-03-30T09:30:23+00:00,67840,73.0,71.0,4.4,0.0,,,,
2026-03-30T09:33:23+00:00,67841,73.0,71.0,4.6,0.0,,,,
2026-03-30T09:36:23+00:00,67842,73.0,70.0,4.7,0.0,,,,
2026-03-30T09:39:23+00:00,67843,73.0,70.0,4.7,0.0,,,,
2026-03-30T09:42:23+00:00,67844,73.0,70.0,4.7,0.0,,,,
2026-03-30T09:45:23+00:00,67845,73.0,71.0,4.7,0.0,,,,
2026-03-30T09:48:23+00:00,67846,73.0,71.0,4.7,0.0,,,,
2026-03-30T09:51:23+00:00,67847,73.0,70.5,4.8,0.0,,,,
2026-03-30T09:54:23+00:00,67848,73.0,71.0,4.8,0.0,,,,
2026-03-30T09:57:23+00:00,67849,73.0,71.5,4.9,0.0,,,,
2026-03-30T10:00:23+00:00,67850,73.0,72.0,4.8,0.0,,,,
2026-03-30T10:03:23+00:00,67851,73.0,72.0,4.8,0.0,,,,
2026-03-30T10:06:23+00:00,67852,73.0,72.5,4.9,0.0,,,,
2026-03-30T10:09:23+00:00,67853,73.0,73.0,4.8,0.0,,,,
2026-03-30T10:12:23+00:00,67854,73.0,73.0,4.9,0.0,,,,
2026-03-30T10:15:23+00:00,67855,73.0,73.0,5.0,0.0,,,,
2026-03-30T10:18:23+00:00,67856,73.0,73.0,4.9,0.0,,,,
2026-03-30T10:21:23+00:00,67857,73.0,73.5,4.9,0.0,,,,
2026-03-30T10:24:23+00:00,67858,73.0,73.5,5.0,0.0,,,,
2026-03-30T10:27:23+00:00,67859,73.0,73.5,5.1,0.0,,,,
2026-03-30T10:30:23+00:00,67860,73.0,74.0,5.0,0.0,,,,
2026-03-30T10:33:23+00:00,67861,73.0,74.5,4.9,0.0,,,,
2026-03-30T10:36:23+00:00,67862,73.0,74.5,5.0,0.0,,,,
2026-03-30T10:39:23+00:00,67863,73.0,75.0,5.2,0.0,,,,
2026-03-30T10:42:23+00:00,67864,73.0,74.5,5.1,0.0,,,,
2026-03-30T10:45:23+00:00,67865,73.0,75.0,5.1,0.0,,,,
2026-03-30T10:48:23+00:00,67866,73.0,76.0,5.0,0.0,,,,
2026-03-30T10:51:23+00:00,67867,73.0,76.5,4.9,0.0,,,,
2026-03-30T10:54:23+00:00,67868,73.0,77.0,5.0,0.0,,,,
2026-03-30T10:57:23+00:00,67869,73.0,77.5,5.0,0.0,,,,
2026-03-30T11:00:23+00:00,67870,73.0,77.0,5.0,0.0,,,,
2026-03-30T11:03:23+00:00,67871,73.0,77.0,4.9,0.0,,,,
2026-03-30T11:06:23+00:00,67872,73.0,77.0,5.0,0.0,,,,
2026-03-30T11:09:23+00:00,67873,73.0,77.0,5.1,0.0,,,,
2026-03-30T11:12:23+00:00,67874,73.0,76.5,5.1,0.0,,,,
2026-03-30T11:15:23+00:00,67875,73.0,76.0,5.2,0.0,,,,
2026-03-30T11:18:23+00:00,67876,73.0,76.0,5.3,0.0,,,,
2026-03-30T11:21:23+00:00,67877,73.0,75.5,5.3,0.0,,,,
2026-03-30T11:24:23+00:00,67878,73.0,75.5,5.4,0.0,,,,
2026-03-30T11:27:23+00:00,67879,73.0,75.0,5.6,0.0,,,,
2026-03-30T11:30:23+00:00,67880,73.0,74.5,5.7,0.0,,,,
2026-03-30T11:33:23+00:00,67881,73.0,75.0,5.8,0.0,,,,
2026-03-30T11:36:23+00:00,67882,73.0,74.5,5.8,0.0,,,,
2026-03-30T11:39:23+00:00,67883,73.0,75.0,5.8,0.0,,,,
2026-03-30T11:42:23+00:00,67884,73.0,74.5,5.8,0.0,,,,
2026-03-30T11:45:23+00:00,67885,73.0,74.0,5.9,0.0,,,,
2026-03-30T11:48:23+00:00,67886,73.0,73.5,6.0,0.0,,,,
2026-03-30T11:51:23+00:00,67887,73.0,72.5,6.2,0.0,,,,
2026-03-30T11:54:23+00:00,67888,73.0,72.0,6.3,0.0,,,,
2026-03-30T11:57:23+00:00,67889,73.0,72.0,6.3,0.0,,,,
2026-03-30T12:00:23+00:00,67890,73.0,72.0,6.2,0.0,,,,
2026-03-30T12:03:23+00:00,67891,73.0,72.5,6.2,0.0,,,,
2026-03-30T12:06:23+00:00,67892,73.0,72.5,6.1,0.0,,,,
2026-03-30T12:09:23+00:00,67893,73.0,73.0,6.2,0.0,,,,
2026-03-30T12:12:23+00:00,67894,73.0,72.0,6.3,0.0,,,,
2026-03-30T12:15:23+00:00,67895,73.0,71.5,6.5,0.0,,,,
2026-03-30T12:18:23+00:00,67896,73.0,71.0,6.6,0.0,,,,
2026-03-30T12:21:23+00:00,67897,73.0,70.5,6.6,0.0,,,,
2026-03-30T12:24:23+00:00,67898,73.0,70.5,6.5,0.0,,,,
2026-03-30T12:27:23+00:00,67899,73.0,70.5,6.7,0.0,,,,
2026-03-30T12:30:23+00:00,67900,73.0,70.0,7.0,0.0,,,,
2026-03-30T12:33:23+00:00,67901,73.0,69.0,7.3,0.0,,,,
2026-03-30T12:36:23+00:00,67902,73.0,68.5,7.4,0.0,,,,
2026-03-30T12:39:23+00:00,67903,73.0,68.5,7.6,0.0,,,,
2026-03-30T12:42:23+00:00,67904,73.0,67.5,7.4,0.0,,,,
2026-03-30T12:45:23+00:00,67905,73.0,68.5,7.3,0.0,,,,
2026-03-30T12:48:23+00:00,67906,73.0,68.5,6.8,0.0,,,,
2026-03-30T12:51:23+00:00,67907,73.0,69.0,6.8,0.0,,,,
2026-03-30T12:54:23+00:00,67908,73.0,70.0,6.6,0.0,,,,
2026-03-30T12:57:23+00:00,67909,73.0,70.5,7.0,0.0,,,,
2026-03-30T13:00:23+00:00,67910,73.0,71.0,7.6,0.0,,,,
2026-03-30T13:03:23+00:00,67911,73.0,66.0,8.6,0.0,,,,
2026-03-30T13:06:23+00:00,67912,73.0,63.5,8.9,0.0,,,,
2026-03-30T13:09:23+00:00,67913,73.0,63.0,9.1,0.0,,,,
2026-03-30T13:12:23+00:00,67914,73.0,61.5,9.5,0.0,,,,
2026-03-30T13:15:23+00:00,67915,73.0,61.5,9.5,0.0,,,,
2026-03-30T13:18:23+00:00,67916,73.0,61.0,9.7,0.0,,,,
2026-03-30T13:21:23+00:00,67917,73.0,61.0,9.6,0.0,,,,
2026-03-30T13:24:23+00:00,67918,73.0,60.5,9.9,0.0,,,,
2026-03-30T13:27:23+00:00,67919,73.0,60.0,10.0,0.0,,,,
2026-03-30T13:30:23+00:00,67920,73.0,60.0,9.7,0.0,,,,
2026-03-30T13:33:23+00:00,67921,73.0,61.5,9.4,0.0,,,,
2026-03-30T13:36:23+00:00,67922,73.0,62.5,9.2,0.0,,,,
2026-03-30T13:39:23+00:00,67923,73.0,63.0,9.2,0.0,,,,
2026-03-30T13:42:23+00:00,67924,73.0,63.0,9.6,0.0,,,,
2026-03-30T13:45:23+00:00,67925,73.0,63.5,9.3,0.0,,,,
2026-03-30T13:48:23+00:00,67926,73.0,64.5,9.0,0.0,,,,
2026-03-30T13:51:23+00:00,67927,73.0,65.0,8.9,0.0,,,,
2026-03-30T13:54:23+00:00,67928,73.0,65.0,8.9,0.0,,,,
2026-03-30T13:57:23+00:00,67929,73.0,65.0,8.7,0.0,,,,
2026-03-30T14:00:23+00:00,67930,73.0,65.5,8.5,0.0,,,,
2026-03-30T14:03:23+00:00,67931,73.0,67.0,8.2,0.0,,,,
2026-03-30T14:06:23+00:00,67932,73.0,68.0,7.9,0.0,,,,
2026-03-30T14:09:23+00:00,67933,73.0,69.0,7.7,0.0,,,,
2026-03-30T14:12:23+00:00,67934,73.0,68.5,7.3,0.0,,,,
2026-03-30T14:15:23+00:00,67935,73.0,68.0,7.3,0.0,,,,
2026-03-30T14:18:22+00:00,67936,73.0,68.0,7.2,0.0,,,,
2026-03-30T14:21:22+00:00,67937,73.0,68.5,7.0,0.0,,,,
2026-03-30T14:24:22+00:00,67938,73.0,70.0,7.0,0.0,,,,
2026-03-30T14:27:22+00:00,67939,73.0,70.5,6.9,0.0,,,,
2026-03-30T14:30:22+00:00,67940,73.0,71.5,6.9,0.0,,,,
2026-03-30T14:33:22+00:00,67941,73.0,71.5,6.8,0.0,,,,
2026-03-30T14:36:22+00:00,67942,73.0,72.0,6.9,0.0,,,,
2026-03-30T14:39:22+00:00,67943,73.0,73.0,6.6,0.0,,,,
2026-03-30T14:42:22+00:00,67944,73.0,72.0,6.8,0.0,,,,
2026-03-30T14:45:22+00:00,67945,73.0,71.5,6.7,0.0,,,,
2026-03-30T14:48:22+00:00,67946,73.0,71.5,6.7,0.0,,,,
2026-03-30T14:51:22+00:00,67947,73.0,70.5,6.8,0.0,,,,
2026-03-30T14:54:22+00:00,67948,73.0,70.0,6.8,0.0,,,,
2026-03-30T14:57:22+00:00,67949,73.0,70.5,6.8,0.0,,,,
2026-03-30T15:00:22+00:00,67950,73.0,71.0,6.7,0.0,,,,
2026-03-30T15:03:22+00:00,67951,73.0,71.0,6.8,0.0,,,,
2026-03-30T15:06:22+00:00,67952,73.0,70.5,6.7,0.0,,,,
2026-03-30T15:09:22+00:00,67953,73.0,70.0,6.7,0.0,,,,
2026-03-30T15:12:22+00:00,67954,73.0,70.5,6.7,0.0,,,,
2026-03-30T15:15:22+00:00,67955,73.0,69.5,6.6,0.0,,,,
2026-03-30T15:18:22+00:00,67956,73.0,71.0,6.6,0.0,,,,
2026-03-30T15:21:22+00:00,67957,73.0,71.5,6.5,0.0,,,,
2026-03-30T15:24:22+00:00,67958,73.0,73.0,6.6,0.0,,,,
2026-03-30T15:27:22+00:00,67959,73.0,73.5,6.4,0.0,,,,
2026-03-30T15:30:22+00:00,67960,73.0,80.5,6.0,12.0,,,,
2026-03-30T15:33:22+00:00,67961,73.0,83.0,5.7,21.0,,,,
2026-03-30T15:36:22+00:00,67962,73.0,84.0,5.3,37.0,,,,
2026-03-30T15:39:22+00:00,67963,73.0,86.5,5.0,11.0,,,,
2026-03-30T15:42:22+00:00,67964,73.0,87.5,4.8,45.0,,,,
2026-03-30T15:45:22+00:00,67965,73.0,87.5,4.6,27.0,,,,
2026-03-30T15:48:22+00:00,67966,73.0,86.0,4.4,34.0,,,,
2026-03-30T15:51:22+00:00,67967,73.0,86.0,4.0,47.0,,,,
2026-03-30T15:54:22+00:00,67968,73.0,86.5,3.8,53.0,,,,
2026-03-30T15:57:22+00:00,67969,73.0,87.0,3.6,63.0,,,,
2026-03-30T16:00:22+00:00,67970,73.0,86.5,3.3,53.0,,,,
2026-03-30T16:03:22+00:00,67971,73.0,87.0,3.2,34.0,,,,
2026-03-30T16:06:22+00:00,67972,73.0,88.0,3.0,9.0,,,,
2026-03-30T16:09:22+00:00,67973,73.0,88.5,3.0,2.0,,,,
2026-03-30T16:12:22+00:00,67974,73.0,89.0,3.1,1.0,,,,
2026-03-30T16:15:22+00:00,67975,73.0,89.5,3.1,0.0,,,,
2026-03-30T16:18:22+00:00,67976,73.0,89.5,3.2,1.0,,,,
2026-03-30T16:21:22+00:00,67977,73.0,90.0,3.2,0.0,,,,
2026-03-30T16:24:22+00:00,67978,73.0,90.0,3.1,1.0,,,,
2026-03-30T16:27:22+00:00,67979,73.0,89.5,3.1,0.0,,,,
2026-03-30T16:30:22+00:00,67980,73.0,89.5,3.2,1.0,,,,
2026-03-30T16:33:22+00:00,67981,73.0,89.5,3.1,1.0,,,,
2026-03-30T16:36:22+00:00,67982,73.0,90.0,3.3,3.0,,,,
2026-03-30T16:39:22+00:00,67983,73.0,90.0,3.3,1.0,,,,
2026-03-30T16:42:22+00:00,67984,73.0,90.0,3.3,1.0,,,,
2026-03-30T16:45:22+00:00,67985,73.0,90.0,3.3,1.0,,,,
2026-03-30T16:48:22+00:00,67986,73.0,90.0,3.4,1.0,,,,
2026-03-30T16:51:22+00:00,67987,73.0,90.0,3.4,17.0,,,,
2026-03-30T16:54:22+00:00,67988,73.0,90.5,3.4,31.0,,,,
2026-03-30T16:57:22+00:00,67989,73.0,90.0,3.5,16.0,,,,
2026-03-30T17:00:22+00:00,67990,73.0,90.0,3.6,8.0,,,,
2026-03-30T17:03:22+00:00,67991,73.0,90.5,3.6,5.0,,,,
2026-03-30T17:06:22+00:00,67992,73.0,90.0,3.6,1.0,,,,
2026-03-30T17:09:22+00:00,67993,73.0,90.5,3.6,1.0,,,,
2026-03-30T17:12:22+00:00,67994,73.0,90.5,3.8,0.0,,,,
2026-03-30T17:15:22+00:00,67995,73.0,90.5,3.7,1.0,,,,
2026-03-30T17:18:22+00:00,67996,73.0,90.5,3.7,0.0,,,,
2026-03-30T17:21:22+00:00,67997,73.0,91.0,3.7,0.0,,,,
2026-03-30T17:24:22+00:00,67998,73.0,91.0,3.6,1.0,,,,
2026-03-30T17:27:22+00:00,67999,73.0,91.0,3.6,0.0,,,,
2026-03-30T17:30:22+00:00,68000,73.0,91.0,3.5,0.0,,,,
2026-03-30T17:33:22+00:00,68001,73.0,91.5,3.5,1.0,,,,
2026-03-30T17:36:22+00:00,68002,73.0,91.5,3.6,0.0,,,,
2026-03-30T17:39:22+00:00,68003,73.0,91.5,3.5,0.0,,,,
2026-03-30T17:42:22+00:00,68004,73.0,92.0,3.5,0.0,,,,
2026-03-30T17:45:22+00:00,68005,73.0,92.0,3.5,1.0,,,,
2026-03-30T17:48:22+00:00,68006,73.0,92.0,3.4,0.0,,,,
2026-03-30T17:51:22+00:00,68007,73.0,92.0,3.5,0.0,,,,
2026-03-30T17:54:22+00:00,68008,73.0,92.0,3.5,0.0,,,,
2026-03-30T17:57:22+00:00,68009,73.0,92.0,3.4,1.0,,,,
2026-03-30T18:00:22+00:00,68010,73.0,92.0,3.5,0.0,,,,
2026-03-30T18:03:22+00:00,68011,73.0,92.0,3.5,0.0,,,,
2026-03-30T18:06:22+00:00,68012,73.0,92.5,3.4,0.0,,,,
2026-03-30T18:09:22+00:00,68013,73.0,92.0,3.5,1.0,,,,
2026-03-30T18:12:22+00:00,68014,73.0,92.0,3.4,0.0,,,,
2026-03-30T18:15:22+00:00,68015,73.0,92.0,3.5,1.0,,,,
2026-03-30T18:18:22+00:00,68016,73.0,92.0,3.5,0.0,,,,
2026-03-30T18:21:22+00:00,68017,73.0,92.0,3.3,0.0,,,,
2026-03-30T18:24:22+00:00,68018,73.0,92.0,3.3,1.0,,,,
2026-03-30T18:27:22+00:00,68019,73.0,92.0,3.3,6.0,,,,
2026-03-30T18:30:22+00:00,68020,73.0,92.0,3.4,20.0,,,,
2026-03-30T18:33:22+00:00,68021,73.0,92.0,3.4,11.0,,,,
2026-03-30T18:36:22+00:00,68022,73.0,91.0,3.2,3.0,,,,
2026-03-30T18:39:22+00:00,68023,73.0,91.0,3.3,1.0,,,,
2026-03-30T18:42:22+00:00,68024,73.0,90.5,3.2,1.0,,,,
2026-03-30T18:45:22+00:00,68025,73.0,90.5,3.1,0.0,,,,
2026-03-30T18:48:22+00:00,68026,73.0,90.5,3.2,1.0,,,,
2026-03-30T18:51:22+00:00,68027,73.0,90.5,2.9,0.0,,,,
2026-03-30T18:54:22+00:00,68028,73.0,90.5,3.0,0.0,,,,
2026-03-30T18:57:22+00:00,68029,73.0,90.5,2.9,1.0,,,,
2026-03-30T19:00:22+00:00,68030,73.0,90.5,2.9,0.0,,,,
2026-03-30T19:03:22+00:00,68031,73.0,90.5,2.9,0.0,,,,
2026-03-30T19:06:22+00:00,68032,73.0,90.5,2.9,0.0,,,,
2026-03-30T19:09:22+00:00,68033,73.0,90.5,2.8,1.0,,,,
2026-03-30T19:12:22+00:00,68034,73.0,91.5,2.8,0.0,,,,
2026-03-30T19:15:22+00:00,68035,73.0,91.5,2.7,0.0,,,,
2026-03-30T19:18:22+00:00,68036,73.0,91.5,2.7,0.0,,,,
2026-03-30T19:21:22+00:00,68037,73.0,91.5,2.7,1.0,,,,
2026-03-30T19:24:22+00:00,68038,73.0,92.0,2.7,0.0,,,,
2026-03-30T19:27:22+00:00,68039,73.0,92.0,2.6,0.0,,,,
2026-03-30T19:30:22+00:00,68040,73.0,92.0,2.6,0.0,,,,
2026-03-30T19:33:22+00:00,68041,73.0,92.5,2.6,0.0,,,,
2026-03-30T19:36:22+00:00,68042,73.0,92.5,2.7,1.0,,,,
2026-03-30T19:39:22+00:00,68043,73.0,93.0,2.7,0.0,,,,
2026-03-30T19:42:22+00:00,68044,73.0,93.0,2.8,0.0,,,,
2026-03-30T19:45:22+00:00,68045,73.0,93.0,2.9,2.0,,,,
2026-03-30T19:48:22+00:00,68046,73.0,93.0,3.0,4.0,,,,
2026-03-30T19:51:22+00:00,68047,73.0,92.5,3.0,2.0,,,,
2026-03-30T19:54:22+00:00,68048,73.0,92.5,2.9,0.0,,,,
2026-03-30T19:57:22+00:00,68049,73.0,92.0,3.0,1.0,,,,
2026-03-30T20:00:22+00:00,68050,73.0,91.5,3.0,0.0,,,,
2026-03-30T20:03:22+00:00,68051,73.0,91.0,3.1,1.0,,,,
2026-03-30T20:06:22+00:00,68052,73.0,91.0,3.0,0.0,,,,
2026-03-30T20:09:22+00:00,68053,73.0,91.0,3.0,1.0,,,,
2026-03-30T20:12:22+00:00,68054,73.0,90.5,3.0,0.0,,,,
2026-03-30T20:15:22+00:00,68055,73.0,89.5,3.0,1.0,,,,
2026-03-30T20:18:22+00:00,68056,73.0,89.0,3.0,0.0,,,,
2026-03-30T20:21:22+00:00,68057,73.0,89.5,2.9,0.0,,,,
2026-03-30T20:24:22+00:00,68058,73.0,89.0,3.0,1.0,,,,
2026-03-30T20:27:22+00:00,68059,73.0,89.0,2.9,0.0,,,,
2026-03-30T20:30:22+00:00,68060,73.0,89.0,2.9,0.0,,,,
2026-03-30T20:33:22+00:00,68061,73.0,89.5,2.9,1.0,,,,
2026-03-30T20:36:22+00:00,68062,73.0,89.0,2.8,0.0,,,,
2026-03-30T20:39:22+00:00,68063,73.0,89.0,2.8,0.0,,,,
2026-03-30T20:42:22+00:00,68064,73.0,89.0,2.8,0.0,,,,
2026-03-30T20:45:22+00:00,68065,73.0,88.5,2.7,1.0,,,,
2026-03-30T20:48:22+00:00,68066,73.0,89.0,2.8,0.0,,,,
2026-03-30T20:51:22+00:00,68067,73.0,88.0,2.7,0.0,,,,
2026-03-30T20:54:22+00:00,68068,73.0,88.0,2.8,0.0,,,,
2026-03-30T20:57:22+00:00,68069,73.0,88.0,2.7,0.0,,,,
2026-03-30T21:00:22+00:00,68070,73.0,88.0,2.6,1.0,,,,
2026-03-30T21:03:22+00:00,68071,73.0,88.0,2.6,0.0,,,,
2026-03-30T21:06:22+00:00,68072,73.0,88.0,2.6,0.0,,,,
2026-03-30T21:09:22+00:00,68073,73.0,88.0,2.6,0.0,,,,
2026-03-30T21:12:22+00:00,68074,73.0,88.5,2.6,0.0,,,,
2026-03-30T21:15:22+00:00,68075,73.0,88.5,2.7,1.0,,,,
2026-03-30T21:18:22+00:00,68076,73.0,88.5,2.6,0.0,,,,
2026-03-30T21:21:22+00:00,68077,73.0,89.0,2.7,0.0,,,,
2026-03-30T21:24:22+00:00,68078,73.0,89.5,2.6,0.0,,,,
2026-03-30T21:27:22+00:00,68079,73.0,89.5,2.6,0.0,,,,
2026-03-30T21:30:22+00:00,68080,73.0,90.0,2.7,0.0,,,,
2026-03-30T21:33:22+00:00,68081,73.0,90.0,2.6,1.0,,,,
2026-03-30T21:36:22+00:00,68082,73.0,90.0,2.7,0.0,,,,
2026-03-30T21:39:22+00:00,68083,73.0,90.0,2.7,0.0,,,,
2026-03-30T21:42:22+00:00,68084,73.0,90.5,2.7,0.0,,,,
2026-03-30T21:45:22+00:00,68085,73.0,90.5,2.6,0.0,,,,
2026-03-30T21:48:22+00:00,68086,73.0,90.5,2.7,0.0,,,,
2026-03-30T21:51:22+00:00,68087,73.0,91.0,2.6,0.0,,,,
2026-03-30T21:54:22+00:00,68088,73.0,90.0,2.7,1.0,,,,
2026-03-30T21:57:22+00:00,68089,73.0,90.0,2.8,0.0,,,,
2026-03-30T22:00:22+00:00,68090,73.0,89.5,2.8,0.0,,,,
2026-03-30T22:03:22+00:00,68091,73.0,90.0,2.9,0.0,,,,
2026-03-30T22:06:22+00:00,68092,73.0,89.5,2.8,1.0,,,,
2026-03-30T22:09:22+00:00,68093,73.0,89.5,2.8,0.0,,,,
2026-03-30T22:12:22+00:00,68094,73.0,88.5,2.8,0.0,,,,
2026-03-30T22:15:22+00:00,68095,73.0,88.5,2.8,0.0,,,,
2026-03-30T22:18:22+00:00,68096,73.0,88.5,2.6,0.0,,,,
2026-03-30T22:21:22+00:00,68097,73.0,88.5,2.6,0.0,,,,
2026-03-30T22:24:22+00:00,68098,73.0,88.0,2.7,0.0,,,,
2026-03-30T22:27:22+00:00,68099,73.0,88.0,2.6,0.0,,,,
2026-03-30T22:30:22+00:00,68100,73.0,87.5,2.6,1.0,,,,
2026-03-30T22:33:22+00:00,68101,73.0,87.5,2.6,0.0,,,,
2026-03-30T22:36:22+00:00,68102,73.0,88.0,2.6,0.0,,,,
2026-03-30T22:39:22+00:00,68103,73.0,88.5,2.4,0.0,,,,
2026-03-30T22:42:22+00:00,68104,73.0,89.0,2.4,0.0,,,,
2026-03-30T22:45:22+00:00,68105,73.0,89.5,2.5,0.0,,,,
2026-03-30T22:48:22+00:00,68106,73.0,89.5,2.5,0.0,,,,
2026-03-30T22:51:22+00:00,68107,73.0,89.5,2.5,0.0,,,,
2026-03-30T22:54:22+00:00,68108,73.0,89.5,2.5,1.0,,,,
2026-03-30T22:57:22+00:00,68109,73.0,88.5,2.5,0.0,,,,
2026-03-30T23:00:22+00:00,68110,73.0,87.0,2.5,0.0,,,,
2026-03-30T23:03:22+00:00,68111,73.0,87.0,2.7,0.0,,,,
2026-03-30T23:06:22+00:00,68112,73.0,86.0,2.6,0.0,,,,
2026-03-30T23:09:22+00:00,68113,73.0,85.0,2.6,0.0,,,,
2026-03-30T23:12:22+00:00,68114,73.0,85.0,2.6,0.0,,,,
2026-03-30T23:15:22+00:00,68115,73.0,84.5,2.7,0.0,,,,
2026-03-30T23:18:22+00:00,68116,73.0,85.0,2.6,0.0,,,,
2026-03-30T23:21:22+00:00,68117,73.0,85.0,2.6,1.0,,,,
2026-03-30T23:24:22+00:00,68118,73.0,85.0,2.6,0.0,,,,
2026-03-30T23:27:22+00:00,68119,73.0,84.5,2.7,0.0,,,,
2026-03-30T23:30:22+00:00,68120,73.0,84.0,2.6,0.0,,,,
2026-03-30T23:33:22+00:00,68121,73.0,83.5,2.6,0.0,,,,
2026-03-30T23:36:22+00:00,68122,73.0,84.0,2.5,0.0,,,,
2026-03-30T23:39:22+00:00,68123,73.0,84.5,2.6,0.0,,,,
2026-03-30T23:42:22+00:00,68124,73.0,84.0,2.5,0.0,,,,
2026-03-30T23:45:22+00:00,68125,73.0,83.5,2.4,0.0,,,,
2026-03-30T23:48:22+00:00,68126,73.0,83.5,2.5,0.0,,,,
2026-03-30T23:51:22+00:00,68127,73.0,82.5,2.4,0.0,,,,
2026-03-30T23:54:22+00:00,68128,73.0,82.5,2.4,1.0,,,,
2026-03-30T23:57:22+00:00,68129,73.0,82.5,2.5,0.0,,,,
2026-03-31T00:00:22+00:00,68130,73.0,83.0,2.3,0.0,,,,
2026-03-31T00:03:22+00:00,68131,73.0,83.5,2.3,0.0,,,,
2026-03-31T00:06:22+00:00,68132,73.0,83.0,2.4,0.0,,,,
2026-03-31T00:09:22+00:00,68133,73.0,83.0,2.3,0.0,,,,
2026-03-31T00:12:22+00:00,68134,73.0,82.0,2.3,0.0,,,,
2026-03-31T00:15:22+00:00,68135,73.0,81.5,2.2,0.0,,,,
2026-03-31T00:18:22+00:00,68136,73.0,80.5,2.2,0.0,,,,
2026-03-31T00:21:22+00:00,68137,73.0,80.0,2.3,0.0,,,,
2026-03-31T00:24:22+00:00,68138,73.0,80.0,2.2,0.0,,,,
2026-03-31T00:27:22+00:00,68139,73.0,79.5,2.4,0.0,,,,
2026-03-31T00:30:22+00:00,68140,73.0,79.5,2.3,0.0,,,,
2026-03-31T00:33:22+00:00,68141,73.0,79.5,2.2,0.0,,,,
2026-03-31T00:36:22+00:00,68142,73.0,80.0,2.1,0.0,,,,
2026-03-31T00:39:22+00:00,68143,73.0,80.0,2.1,1.0,,,,
2026-03-31T00:42:22+00:00,68144,73.0,80.0,2.1,0.0,,,,
2026-03-31T00:45:22+00:00,68145,73.0,80.5,1.9,0.0,,,,
2026-03-31T00:48:21+00:00,68146,73.0,80.5,2.0,0.0,,,,
2026-03-31T00:51:21+00:00,68147,73.0,80.5,2.0,0.0,,,,
2026-03-31T00:54:22+00:00,68148,73.0,79.5,2.1,0.0,,,,
2026-03-31T00:57:21+00:00,68149,73.0,79.0,2.2,0.0,,,,
2026-03-31T01:00:21+00:00,68150,73.0,79.0,2.1,0.0,,,,
2026-03-31T01:03:21+00:00,68151,73.0,79.0,2.1,0.0,,,,
2026-03-31T01:06:21+00:00,68152,73.0,79.0,2.1,0.0,,,,
2026-03-31T01:09:21+00:00,68153,73.0,78.5,2.0,0.0,,,,
2026-03-31T01:12:22+00:00,68154,73.0,79.0,2.1,0.0,,,,
2026-03-31T01:15:21+00:00,68155,73.0,78.5,2.2,0.0,,,,
2026-03-31T01:18:21+00:00,68156,73.0,79.0,2.1,0.0,,,,
2026-03-31T01:21:21+00:00,68157,73.0,80.0,1.9,0.0,,,,
2026-03-31T01:24:21+00:00,68158,73.0,79.5,1.9,0.0,,,,
2026-03-31T01:27:21+00:00,68159,73.0,80.0,2.0,0.0,,,,
2026-03-31T01:30:21+00:00,68160,73.0,80.0,1.9,0.0,,,,
2026-03-31T01:33:21+00:00,68161,73.0,79.5,2.0,0.0,,,,
2026-03-31T01:36:21+00:00,68162,73.0,80.0,1.8,0.0,,,,
2026-03-31T01:39:21+00:00,68163,73.0,80.0,1.8,0.0,,,,
2026-03-31T01:42:21+00:00,68164,73.0,79.5,1.8,0.0,,,,
2026-03-31T01:45:21+00:00,68165,73.0,79.5,1.8,0.0,,,,
2026-03-31T01:48:21+00:00,68166,73.0,79.5,1.8,0.0,,,,
2026-03-31T01:51:21+00:00,68167,73.0,80.0,1.8,0.0,,,,
2026-03-31T01:54:21+00:00,68168,73.0,80.0,1.8,0.0,,,,
2026-03-31T01:57:21+00:00,68169,73.0,80.5,1.8,0.0,,,,
2026-03-31T02:00:21+00:00,68170,73.0,80.5,1.8,0.0,,,,
2026-03-31T02:03:21+00:00,68171,73.0,81.0,1.7,0.0,,,,
2026-03-31T02:06:21+00:00,68172,73.0,81.0,1.7,0.0,,,,
2026-03-31T02:09:21+00:00,68173,73.0,81.5,1.7,0.0,,,,
2026-03-31T02:12:21+00:00,68174,73.0,81.5,1.7,0.0,,,,
2026-03-31T02:15:21+00:00,68175,73.0,81.0,1.7,0.0,,,,
2026-03-31T02:18:21+00:00,68176,73.0,81.0,1.7,0.0,,,,
2026-03-31T02:21:21+00:00,68177,73.0,80.5,1.8,0.0,,,,
2026-03-31T02:24:21+00:00,68178,73.0,80.5,1.7,0.0,,,,
2026-03-31T02:27:21+00:00,68179,73.0,80.5,1.7,0.0,,,,
2026-03-31T02:30:21+00:00,68180,73.0,80.5,1.8,0.0,,,,
2026-03-31T02:33:22+00:00,68181,73.0,80.5,1.7,0.0,,,,
2026-03-31T02:36:21+00:00,68182,73.0,81.0,1.7,0.0,,,,
2026-03-31T02:39:21+00:00,68183,73.0,81.0,1.6,0.0,,,,
2026-03-31T02:42:21+00:00,68184,73.0,81.5,1.5,0.0,,,,
2026-03-31T02:45:21+00:00,68185,73.0,81.0,1.6,0.0,,,,
2026-03-31T02:48:21+00:00,68186,73.0,81.0,1.6,0.0,,,,
2026-03-31T02:51:21+00:00,68187,73.0,81.0,1.5,0.0,,,,
2026-03-31T02:54:21+00:00,68188,73.0,81.0,1.5,0.0,,,,
2026-03-31T02:57:21+00:00,68189,73.0,81.5,1.5,0.0,,,,
2026-03-31T03:00:21+00:00,68190,73.0,82.0,1.4,0.0,,,,
2026-03-31T03:03:21+00:00,68191,73.0,82.0,1.5,0.0,,,,
2026-03-31T03:06:21+00:00,68192,73.0,81.5,1.6,0.0,,,,
2026-03-31T03:09:21+00:00,68193,73.0,81.5,1.6,0.0,,,,
2026-03-31T03:12:21+00:00,68194,73.0,81.5,1.7,0.0,,,,
2026-03-31T03:15:21+00:00,68195,73.0,81.5,1.6,0.0,,,,
2026-03-31T03:18:21+00:00,68196,73.0,80.5,1.8,0.0,,,,
2026-03-31T03:21:21+00:00,68197,73.0,79.0,2.0,0.0,,,,
2026-03-31T03:24:21+00:00,68198,73.0,79.0,2.0,0.0,,,,
2026-03-31T03:27:21+00:00,68199,73.0,79.0,2.1,0.0,,,,
2026-03-31T03:30:21+00:00,68200,73.0,79.0,2.1,0.0,,,,
2026-03-31T03:33:21+00:00,68201,73.0,79.0,2.2,0.0,,,,
2026-03-31T03:36:21+00:00,68202,73.0,79.0,2.1,0.0,,,,
2026-03-31T03:39:21+00:00,68203,73.0,78.5,2.3,0.0,,,,
2026-03-31T03:42:21+00:00,68204,73.0,78.5,2.2,0.0,,,,
2026-03-31T03:45:21+00:00,68205,73.0,78.5,2.2,0.0,,,,
2026-03-31T03:48:21+00:00,68206,73.0,79.0,2.2,0.0,,,,
2026-03-31T03:51:21+00:00,68207,73.0,78.5,2.2,0.0,,,,
2026-03-31T03:54:21+00:00,68208,73.0,78.5,2.2,0.0,,,,
2026-03-31T03:57:21+00:00,68209,73.0,78.5,2.3,0.0,,,,
2026-03-31T04:00:21+00:00,68210,73.0,78.0,2.3,0.0,,,,
2026-03-31T04:03:21+00:00,68211,73.0,78.0,2.3,0.0,,,,
2026-03-31T04:06:21+00:00,68212,73.0,78.5,2.3,0.0,,,,
2026-03-31T04:09:21+00:00,68213,73.0,79.0,2.2,0.0,,,,
2026-03-31T04:12:21+00:00,68214,73.0,79.0,2.1,0.0,,,,
2026-03-31T04:15:21+00:00,68215,73.0,79.0,2.2,0.0,,,,
2026-03-31T04:18:21+00:00,68216,73.0,79.0,2.2,0.0,,,,
2026-03-31T04:21:21+00:00,68217,73.0,79.5,2.2,0.0,,,,
2026-03-31T04:24:21+00:00,68218,73.0,79.0,2.1,0.0,,,,
2026-03-31T04:27:21+00:00,68219,73.0,79.0,2.2,0.0,,,,
2026-03-31T04:30:21+00:00,68220,73.0,79.0,2.2,0.0,,,,
2026-03-31T04:33:21+00:00,68221,73.0,79.0,2.2,0.0,,,,
2026-03-31T04:36:21+00:00,68222,73.0,79.0,2.2,0.0,,,,
2026-03-31T04:39:21+00:00,68223,73.0,78.5,2.2,0.0,,,,
2026-03-31T04:42:21+00:00,68224,73.0,79.0,2.1,0.0,,,,
2026-03-31T04:45:21+00:00,68225,73.0,78.5,2.0,0.0,,,,
2026-03-31T04:48:21+00:00,68226,73.0,78.0,2.2,0.0,,,,
2026-03-31T04:51:21+00:00,68227,73.0,78.0,2.1,0.0,,,,
2026-03-31T04:54:21+00:00,68228,73.0,78.0,2.2,0.0,,,,
2026-03-31T04:57:21+00:00,68229,73.0,78.5,2.0,0.0,,,,
2026-03-31T05:00:21+00:00,68230,73.0,78.5,2.2,0.0,,,,
2026-03-31T05:03:21+00:00,68231,73.0,78.5,2.2,0.0,,,,
2026-03-31T05:06:21+00:00,68232,73.0,79.0,2.2,0.0,,,,
2026-03-31T05:09:21+00:00,68233,73.0,78.0,2.2,0.0,,,,
2026-03-31T05:12:21+00:00,68234,73.0,77.5,2.2,0.0,,,,
2026-03-31T05:15:21+00:00,68235,73.0,77.5,2.3,0.0,,,,
2026-03-31T05:18:21+00:00,68236,73.0,76.0,2.3,0.0,,,,
2026-03-31T05:21:21+00:00,68237,73.0,76.0,2.4,0.0,,,,
2026-03-31T05:24:21+00:00,68238,73.0,76.0,2.3,0.0,,,,
2026-03-31T05:27:21+00:00,68239,73.0,76.5,2.3,0.0,,,,
2026-03-31T05:30:21+00:00,68240,73.0,77.0,2.3,1.0,,,,
2026-03-31T05:33:21+00:00,68241,73.0,77.5,2.4,0.0,,,,
2026-03-31T05:36:21+00:00,68242,73.0,78.5,2.2,0.0,,,,
2026-03-31T05:39:21+00:00,68243,73.0,78.5,2.1,0.0,,,,
2026-03-31T05:42:21+00:00,68244,73.0,79.0,2.1,0.0,,,,
2026-03-31T05:45:21+00:00,68245,73.0,79.0,2.1,0.0,,,,
2026-03-31T05:48:21+00:00,68246,73.0,78.5,2.3,0.0,,,,
2026-03-31T05:51:21+00:00,68247,73.0,78.5,2.2,0.0,,,,
2026-03-31T05:54:21+00:00,68248,73.0,79.5,2.2,1.0,,,,
2026-03-31T05:57:21+00:00,68249,73.0,81.0,2.1,0.0,,,,
2026-03-31T06:00:21+00:00,68250,73.0,81.5,2.0,8.0,,,,
2026-03-31T06:03:21+00:00,68251,73.0,82.0,1.9,10.0,,,,
2026-03-31T06:06:22+00:00,68252,73.0,83.0,1.8,2.0,,,,
2026-03-31T06:09:22+00:00,68253,73.0,85.0,1.7,2.0,,,,
2026-03-31T06:12:22+00:00,68254,73.0,86.0,1.5,6.0,,,,
2026-03-31T06:15:22+00:00,68255,73.0,87.0,1.5,12.0,,,,
2026-03-31T06:18:22+00:00,68256,73.0,87.0,1.6,12.0,,,,
2026-03-31T06:21:22+00:00,68257,73.0,87.0,1.6,2.0,,,,
2026-03-31T06:24:22+00:00,68258,73.0,86.0,1.8,1.0,,,,
2026-03-31T06:27:22+00:00,68259,73.0,86.0,1.8,0.0,,,,
2026-03-31T06:30:22+00:00,68260,73.0,85.5,1.9,1.0,,,,
2026-03-31T06:33:22+00:00,68261,73.0,85.0,2.0,0.0,,,,
2026-03-31T06:36:22+00:00,68262,73.0,84.5,2.1,0.0,,,,
2026-03-31T06:39:22+00:00,68263,73.0,84.0,2.1,0.0,,,,
2026-03-31T06:42:22+00:00,68264,73.0,84.0,2.1,1.0,,,,
2026-03-31T06:45:21+00:00,68265,73.0,84.5,2.0,0.0,,,,
2026-03-31T06:48:21+00:00,68266,73.0,84.5,2.0,0.0,,,,
2026-03-31T06:51:22+00:00,68267,73.0,84.5,2.0,0.0,,,,
2026-03-31T06:54:22+00:00,68268,73.0,84.5,1.8,1.0,,,,
2026-03-31T06:57:21+00:00,68269,73.0,84.0,2.0,0.0,,,,
2026-03-31T07:00:21+00:00,68270,73.0,83.0,2.1,0.0,,,,
2026-03-31T07:03:21+00:00,68271,73.0,83.0,2.2,0.0,,,,
2026-03-31T07:06:21+00:00,68272,73.0,82.5,2.2,0.0,,,,
2026-03-31T07:09:21+00:00,68273,73.0,82.0,2.3,0.0,,,,
2026-03-31T07:12:21+00:00,68274,73.0,81.0,2.3,1.0,,,,
2026-03-31T07:15:21+00:00,68275,73.0,80.5,2.4,0.0,,,,
2026-03-31T07:18:21+00:00,68276,73.0,80.0,2.6,0.0,,,,
2026-03-31T07:21:21+00:00,68277,73.0,78.5,2.7,0.0,,,,
2026-03-31T07:24:22+00:00,68278,73.0,78.5,2.9,0.0,,,,
2026-03-31T07:27:21+00:00,68279,73.0,77.0,3.2,0.0,,,,
2026-03-31T07:30:21+00:00,68280,73.0,77.0,3.4,0.0,,,,
2026-03-31T07:33:21+00:00,68281,73.0,75.5,3.6,0.0,,,,
2026-03-31T07:36:21+00:00,68282,73.0,75.0,4.1,0.0,,,,
2026-03-31T07:39:21+00:00,68283,73.0,72.5,4.0,1.0,,,,
2026-03-31T07:42:22+00:00,68284,73.0,72.5,3.8,0.0,,,,
2026-03-31T07:45:22+00:00,68285,73.0,73.5,3.9,0.0,,,,
2026-03-31T07:48:22+00:00,68286,73.0,73.5,3.8,0.0,,,,
2026-03-31T07:51:22+00:00,68287,73.0,72.5,3.7,0.0,,,,
2026-03-31T07:54:22+00:00,68288,73.0,72.0,3.7,0.0,,,,
2026-03-31T07:57:22+00:00,68289,73.0,73.0,3.7,0.0,,,,
2026-03-31T08:00:22+00:00,68290,73.0,73.5,3.8,0.0,,,,
2026-03-31T08:03:22+00:00,68291,73.0,71.5,3.9,0.0,,,,
2026-03-31T08:06:22+00:00,68292,73.0,72.0,3.9,0.0,,,,
2026-03-31T08:09:22+00:00,68293,73.0,71.0,3.8,0.0,,,,
2026-03-31T08:12:22+00:00,68294,73.0,72.0,3.9,0.0,,,,
2026-03-31T08:15:22+00:00,68295,73.0,70.0,3.9,0.0,,,,
2026-03-31T08:18:22+00:00,68296,73.0,69.5,4.1,0.0,,,,
2026-03-31T08:21:22+00:00,68297,73.0,69.5,4.4,0.0,,,,
2026-03-31T08:24:22+00:00,68298,73.0,69.0,4.4,0.0,,,,
2026-03-31T08:27:22+00:00,68299,73.0,68.5,4.7,0.0,,,,
2026-03-31T08:30:22+00:00,68300,73.0,67.5,4.8,0.0,,,,
2026-03-31T08:33:22+00:00,68301,73.0,66.5,4.9,0.0,,,,
2026-03-31T08:36:22+00:00,68302,73.0,65.0,5.1,0.0,,,,
2026-03-31T08:39:22+00:00,68303,73.0,66.0,5.1,0.0,,,,
2026-03-31T08:42:22+00:00,68304,73.0,65.0,5.4,0.0,,,,
2026-03-31T08:45:22+00:00,68305,73.0,64.5,5.3,0.0,,,,
2026-03-31T08:48:22+00:00,68306,73.0,65.5,5.2,0.0,,,,
2026-03-31T08:51:22+00:00,68307,73.0,64.0,5.0,0.0,,,,
2026-03-31T08:54:22+00:00,68308,73.0,65.5,5.1,0.0,,,,
2026-03-31T08:57:22+00:00,68309,73.0,64.5,5.1,0.0,,,,
2026-03-31T09:00:22+00:00,68310,73.0,66.0,5.0,0.0,,,,
2026-03-31T09:03:22+00:00,68311,73.0,65.5,4.8,0.0,,,,
2026-03-31T09:06:22+00:00,68312,73.0,65.5,4.8,0.0,,,,
2026-03-31T09:09:22+00:00,68313,73.0,64.5,4.9,0.0,,,,
2026-03-31T09:12:22+00:00,68314,73.0,65.5,4.8,0.0,,,,
2026-03-31T09:15:22+00:00,68315,73.0,66.0,4.9,0.0,,,,
2026-03-31T09:18:22+00:00,68316,73.0,67.0,4.9,0.0,,,,
2026-03-31T09:21:22+00:00,68317,73.0,68.0,4.8,0.0,,,,
2026-03-31T09:24:22+00:00,68318,73.0,68.5,4.7,0.0,,,,
2026-03-31T09:27:22+00:00,68319,73.0,69.5,4.6,0.0,,,,
2026-03-31T09:30:21+00:00,68320,73.0,72.0,4.4,0.0,,,,
2026-03-31T09:33:21+00:00,68321,73.0,76.5,4.4,0.0,,,,
2026-03-31T09:36:21+00:00,68322,73.0,77.5,4.7,1.0,,,,
2026-03-31T09:39:21+00:00,68323,73.0,74.5,4.9,0.0,,,,
2026-03-31T09:42:21+00:00,68324,73.0,72.0,5.2,0.0,,,,
2026-03-31T09:45:21+00:00,68325,73.0,72.0,5.1,0.0,,,,
2026-03-31T09:48:21+00:00,68326,73.0,71.5,5.4,0.0,,,,
2026-03-31T09:51:21+00:00,68327,73.0,71.5,5.6,0.0,,,,
2026-03-31T09:54:21+00:00,68328,73.0,70.0,5.9,0.0,,,,
2026-03-31T09:57:21+00:00,68329,73.0,67.0,5.9,0.0,,,,
2026-03-31T10:00:21+00:00,68330,73.0,66.5,5.9,0.0,,,,
2026-03-31T10:03:21+00:00,68331,73.0,66.5,6.1,0.0,,,,
2026-03-31T10:06:21+00:00,68332,73.0,65.0,6.4,0.0,,,,
2026-03-31T10:09:21+00:00,68333,73.0,64.0,7.0,0.0,,,,
2026-03-31T10:12:21+00:00,68334,73.0,60.0,7.3,0.0,,,,
2026-03-31T10:15:21+00:00,68335,73.0,61.5,7.7,0.0,,,,
2026-03-31T10:18:21+00:00,68336,73.0,56.5,7.9,0.0,,,,
2026-03-31T10:21:21+00:00,68337,73.0,56.5,7.9,0.0,,,,
2026-03-31T10:24:21+00:00,68338,73.0,56.5,8.2,0.0,,,,
2026-03-31T10:27:21+00:00,68339,73.0,56.0,8.2,0.0,,,,
2026-03-31T10:30:21+00:00,68340,73.0,54.5,8.1,0.0,,,,
2026-03-31T10:33:21+00:00,68341,73.0,53.5,7.6,0.0,,,,
2026-03-31T10:36:21+00:00,68342,73.0,54.5,7.3,0.0,,,,
2026-03-31T10:39:21+00:00,68343,73.0,57.0,7.2,0.0,,,,
2026-03-31T10:42:21+00:00,68344,73.0,56.0,7.2,0.0,,,,
2026-03-31T10:45:21+00:00,68345,73.0,56.0,7.3,0.0,,,,
2026-03-31T10:48:21+00:00,68346,73.0,56.5,7.3,0.0,,,,
2026-03-31T10:51:21+00:00,68347,73.0,56.0,7.0,0.0,,,,
2026-03-31T10:54:21+00:00,68348,73.0,57.5,6.9,0.0,,,,
2026-03-31T10:57:21+00:00,68349,73.0,57.0,7.1,0.0,,,,
2026-03-31T11:00:21+00:00,68350,73.0,58.0,8.2,0.0,,,,
2026-03-31T11:03:21+00:00,68351,73.0,53.0,8.9,0.0,,,,
2026-03-31T11:06:21+00:00,68352,73.0,50.5,8.4,0.0,,,,
2026-03-31T11:09:21+00:00,68353,73.0,54.5,8.3,0.0,,,,
2026-03-31T11:12:21+00:00,68354,73.0,52.0,8.8,0.0,,,,
2026-03-31T11:15:21+00:00,68355,73.0,48.5,8.8,0.0,,,,
2026-03-31T11:18:21+00:00,68356,73.0,52.0,8.6,0.0,,,,
2026-03-31T11:21:21+00:00,68357,73.0,50.0,8.4,0.0,,,,
2026-03-31T11:24:21+00:00,68358,73.0,50.0,8.0,0.0,,,,
2026-03-31T11:27:21+00:00,68359,73.0,50.5,7.9,0.0,,,,
2026-03-31T11:30:21+00:00,68360,73.0,53.5,8.2,0.0,,,,
2026-03-31T11:33:21+00:00,68361,73.0,52.5,8.3,0.0,,,,
2026-03-31T11:36:21+00:00,68362,73.0,51.5,8.8,0.0,,,,
2026-03-31T11:39:21+00:00,68363,73.0,51.0,9.1,0.0,,,,
2026-03-31T11:42:21+00:00,68364,73.0,48.5,9.4,0.0,,,,
2026-03-31T11:45:21+00:00,68365,73.0,46.0,9.0,0.0,,,,
2026-03-31T11:48:21+00:00,68366,73.0,48.5,8.4,0.0,,,,
2026-03-31T11:51:21+00:00,68367,73.0,48.0,8.1,0.0,,,,
2026-03-31T11:54:21+00:00,68368,73.0,50.5,8.4,0.0,,,,
2026-03-31T11:57:21+00:00,68369,73.0,50.0,8.4,0.0,,,,
2026-03-31T12:00:21+00:00,68370,73.0,47.0,9.1,0.0,,,,
2026-03-31T12:03:21+00:00,68371,73.0,43.0,9.2,0.0,,,,
2026-03-31T12:06:21+00:00,68372,73.0,45.0,8.8,0.0,,,,
2026-03-31T12:09:21+00:00,68373,73.0,45.0,9.1,0.0,,,,
2026-03-31T12:12:21+00:00,68374,73.0,46.5,9.2,0.0,,,,
2026-03-31T12:15:21+00:00,68375,73.0,44.0,9.4,0.0,,,,
2026-03-31T12:18:21+00:00,68376,73.0,43.0,9.5,0.0,,,,
2026-03-31T12:21:21+00:00,68377,73.0,42.5,9.3,0.0,,,,
2026-03-31T12:24:21+00:00,68378,73.0,44.0,9.0,0.0,,,,
2026-03-31T12:27:21+00:00,68379,73.0,44.0,8.6,0.0,,,,
2026-03-31T12:30:21+00:00,68380,73.0,45.0,8.7,0.0,,,,
2026-03-31T12:33:21+00:00,68381,73.0,47.0,9.0,0.0,,,,
2026-03-31T12:36:21+00:00,68382,73.0,45.5,9.2,0.0,,,,
2026-03-31T12:39:21+00:00,68383,73.0,47.5,9.4,0.0,,,,
2026-03-31T12:42:21+00:00,68384,73.0,45.0,9.7,0.0,,,,
2026-03-31T12:45:21+00:00,68385,73.0,43.0,9.8,0.0,,,,
2026-03-31T12:48:21+00:00,68386,73.0,44.0,9.2,0.0,,,,
2026-03-31T12:51:21+00:00,68387,73.0,45.5,9.4,0.0,,,,
2026-03-31T12:54:21+00:00,68388,73.0,45.0,9.5,0.0,,,,
2026-03-31T12:57:21+00:00,68389,73.0,46.5,9.9,0.0,,,,
2026-03-31T13:00:21+00:00,68390,73.0,43.0,9.6,0.0,,,,
2026-03-31T13:03:21+00:00,68391,73.0,45.5,8.8,0.0,,,,
2026-03-31T13:06:21+00:00,68392,73.0,45.5,8.6,0.0,,,,
2026-03-31T13:09:21+00:00,68393,73.0,47.0,8.3,0.0,,,,
2026-03-31T13:12:21+00:00,68394,73.0,48.5,8.1,0.0,,,,
2026-03-31T13:15:21+00:00,68395,73.0,48.0,8.0,0.0,,,,
2026-03-31T13:18:21+00:00,68396,73.0,49.0,7.7,0.0,,,,
2026-03-31T13:21:21+00:00,68397,73.0,49.5,7.5,0.0,,,,
2026-03-31T13:24:21+00:00,68398,73.0,51.5,7.4,0.0,,,,
2026-03-31T13:27:21+00:00,68399,73.0,51.5,8.0,0.0,,,,
2026-03-31T13:30:21+00:00,68400,73.0,48.5,8.7,0.0,,,,
2026-03-31T13:33:21+00:00,68401,73.0,48.5,8.8,0.0,,,,
2026-03-31T13:36:21+00:00,68402,73.0,50.0,8.9,0.0,,,,
2026-03-31T13:39:21+00:00,68403,73.0,45.0,8.8,0.0,,,,
2026-03-31T13:42:21+00:00,68404,73.0,46.5,8.5,0.0,,,,
2026-03-31T13:45:21+00:00,68405,73.0,44.5,8.5,0.0,,,,
2026-03-31T13:48:21+00:00,68406,73.0,44.5,8.9,0.0,,,,
2026-03-31T13:51:21+00:00,68407,73.0,43.0,9.0,0.0,,,,
2026-03-31T13:54:21+00:00,68408,73.0,41.5,9.2,0.0,,,,
2026-03-31T13:57:21+00:00,68409,73.0,44.5,9.1,0.0,,,,
2026-03-31T14:00:21+00:00,68410,73.0,44.0,9.6,0.0,,,,
2026-03-31T14:03:21+00:00,68411,73.0,42.0,9.7,0.0,,,,
2026-03-31T14:06:21+00:00,68412,73.0,43.0,9.7,0.0,,,,
2026-03-31T14:09:21+00:00,68413,73.0,42.5,9.6,0.0,,,,
2026-03-31T14:12:21+00:00,68414,73.0,42.5,9.3,0.0,,,,
2026-03-31T14:15:21+00:00,68415,73.0,44.5,9.0,0.0,,,,
2026-03-31T14:18:21+00:00,68416,73.0,46.0,9.1,0.0,,,,
2026-03-31T14:21:21+00:00,68417,73.0,45.5,9.2,0.0,,,,
2026-03-31T14:24:21+00:00,68418,73.0,46.0,9.2,0.0,,,,
2026-03-31T14:27:21+00:00,68419,73.0,44.5,9.3,0.0,,,,
2026-03-31T14:30:21+00:00,68420,73.0,46.5,9.3,0.0,,,,
2026-03-31T14:33:21+00:00,68421,73.0,44.0,9.5,0.0,,,,
2026-03-31T14:36:21+00:00,68422,73.0,44.0,9.3,0.0,,,,
2026-03-31T14:39:21+00:00,68423,73.0,43.0,9.1,0.0,,,,
2026-03-31T14:42:21+00:00,68424,73.0,42.5,9.1,0.0,,,,
2026-03-31T14:45:21+00:00,68425,73.0,40.5,9.1,0.0,,,,
2026-03-31T14:48:21+00:00,68426,73.0,44.0,9.3,0.0,,,,
2026-03-31T14:51:21+00:00,68427,73.0,41.0,9.3,0.0,,,,
2026-03-31T14:54:21+00:00,68428,73.0,40.5,9.3,0.0,,,,
2026-03-31T14:57:21+00:00,68429,73.0,42.5,9.6,0.0,,,,
2026-03-31T15:00:21+00:00,68430,73.0,41.5,9.8,0.0,,,,
2026-03-31T15:03:21+00:00,68431,73.0,39.5,9.7,0.0,,,,
2026-03-31T15:06:21+00:00,68432,73.0,39.5,9.6,0.0,,,,
2026-03-31T15:09:21+00:00,68433,73.0,39.0,9.4,0.0,,,,
2026-03-31T15:12:21+00:00,68434,73.0,39.5,9.3,0.0,,,,
2026-03-31T15:15:21+00:00,68435,73.0,40.0,9.5,0.0,,,,
2026-03-31T15:18:21+00:00,68436,73.0,40.0,9.4,0.0,,,,
2026-03-31T15:21:21+00:00,68437,73.0,41.5,9.2,0.0,,,,
2026-03-31T15:24:21+00:00,68438,73.0,40.5,9.3,0.0,,,,
2026-03-31T15:27:21+00:00,68439,73.0,39.5,9.4,0.0,,,,
2026-03-31T15:30:21+00:00,68440,73.0,40.5,9.4,0.0,,,,
2026-03-31T15:33:21+00:00,68441,73.0,41.5,9.1,0.0,,,,
2026-03-31T15:36:21+00:00,68442,73.0,45.0,8.8,0.0,,,,
2026-03-31T15:39:21+00:00,68443,73.0,42.5,9.2,0.0,,,,
2026-03-31T15:42:21+00:00,68444,73.0,42.0,8.9,0.0,,,,
2026-03-31T15:45:21+00:00,68445,73.0,47.0,8.8,0.0,,,,
2026-03-31T15:48:21+00:00,68446,73.0,50.0,8.9,0.0,,,,
2026-03-31T15:51:21+00:00,68447,73.0,49.5,8.8,0.0,,,,
2026-03-31T15:54:21+00:00,68448,73.0,47.5,8.5,0.0,,,,
2026-03-31T15:57:21+00:00,68449,73.0,49.5,8.3,0.0,,,,
2026-03-31T16:00:20+00:00,68450,73.0,51.5,7.5,0.0,,,,
2026-03-31T16:03:20+00:00,68451,73.0,52.5,7.3,0.0,,,,
2026-03-31T16:06:20+00:00,68452,73.0,54.0,7.0,0.0,,,,
2026-03-31T16:09:20+00:00,68453,73.0,56.0,6.5,0.0,,,,
2026-03-31T16:12:20+00:00,68454,73.0,56.5,6.3,0.0,,,,
2026-03-31T16:15:20+00:00,68455,73.0,57.0,6.2,0.0,,,,
2026-03-31T16:18:20+00:00,68456,73.0,57.0,6.0,0.0,,,,
2026-03-31T16:21:20+00:00,68457,73.0,56.5,6.2,0.0,,,,
2026-03-31T16:24:20+00:00,68458,73.0,60.0,5.9,0.0,,,,
2026-03-31T16:27:20+00:00,68459,73.0,61.5,5.6,0.0,,,,
2026-03-31T16:30:20+00:00,68460,73.0,63.5,5.1,0.0,,,,
2026-03-31T16:33:20+00:00,68461,73.0,64.0,5.1,0.0,,,,
2026-03-31T16:36:20+00:00,68462,73.0,63.0,5.3,0.0,,,,
2026-03-31T16:39:20+00:00,68463,73.0,63.0,5.3,0.0,,,,
2026-03-31T16:42:20+00:00,68464,73.0,63.5,5.7,0.0,,,,
2026-03-31T16:45:20+00:00,68465,73.0,61.5,6.1,0.0,,,,
2026-03-31T16:48:20+00:00,68466,73.0,60.0,6.2,0.0,,,,
2026-03-31T16:51:20+00:00,68467,73.0,59.5,6.0,0.0,,,,
2026-03-31T16:54:20+00:00,68468,73.0,59.5,6.1,0.0,,,,
2026-03-31T16:57:20+00:00,68469,73.0,59.0,6.2,0.0,,,,
2026-03-31T17:00:20+00:00,68470,73.0,57.5,6.2,0.0,,,,
2026-03-31T17:03:20+00:00,68471,73.0,57.5,6.1,0.0,,,,
2026-03-31T17:06:20+00:00,68472,73.0,59.0,6.0,0.0,,,,
2026-03-31T17:09:20+00:00,68473,73.0,57.5,6.0,0.0,,,,
2026-03-31T17:12:20+00:00,68474,73.0,57.5,5.9,0.0,,,,
2026-03-31T17:15:20+00:00,68475,73.0,59.0,5.8,0.0,,,,
2026-03-31T17:18:20+00:00,68476,73.0,58.5,5.8,0.0,,,,
2026-03-31T17:21:20+00:00,68477,73.0,58.0,5.8,0.0,,,,
2026-03-31T17:24:20+00:00,68478,73.0,59.0,5.5,0.0,,,,
2026-03-31T17:27:20+00:00,68479,73.0,60.0,5.6,0.0,,,,
2026-03-31T17:30:20+00:00,68480,73.0,60.0,5.5,0.0,,,,
2026-03-31T17:33:20+00:00,68481,73.0,60.0,5.3,0.0,,,,
2026-03-31T17:36:20+00:00,68482,73.0,61.0,5.3,0.0,,,,
2026-03-31T17:39:20+00:00,68483,73.0,61.5,5.2,0.0,,,,
2026-03-31T17:42:20+00:00,68484,73.0,61.5,5.2,0.0,,,,
2026-03-31T17:45:20+00:00,68485,73.0,61.0,5.1,0.0,,,,
2026-03-31T17:48:20+00:00,68486,73.0,62.0,4.8,0.0,,,,
2026-03-31T17:51:20+00:00,68487,73.0,62.0,4.7,0.0,,,,
2026-03-31T17:54:20+00:00,68488,73.0,62.5,4.5,0.0,,,,
2026-03-31T17:57:20+00:00,68489,73.0,63.0,4.4,0.0,,,,
2026-03-31T18:00:20+00:00,68490,73.0,63.5,4.2,0.0,,,,
2026-03-31T18:03:20+00:00,68491,73.0,64.5,4.1,0.0,,,,
2026-03-31T18:06:20+00:00,68492,73.0,65.0,4.1,0.0,,,,
2026-03-31T18:09:20+00:00,68493,73.0,65.5,3.9,0.0,,,,
2026-03-31T18:12:20+00:00,68494,73.0,66.0,3.9,0.0,,,,
2026-03-31T18:15:20+00:00,68495,73.0,66.5,3.8,0.0,,,,
2026-03-31T18:18:20+00:00,68496,73.0,67.0,3.6,0.0,,,,
2026-03-31T18:21:20+00:00,68497,73.0,67.0,3.6,0.0,,,,
2026-03-31T18:24:20+00:00,68498,73.0,67.0,3.4,0.0,,,,
2026-03-31T18:27:20+00:00,68499,73.0,67.5,3.3,0.0,,,,
2026-03-31T18:30:20+00:00,68500,73.0,68.0,3.3,0.0,,,,
2026-03-31T18:33:20+00:00,68501,73.0,68.0,3.2,0.0,,,,
2026-03-31T18:36:20+00:00,68502,73.0,68.5,3.1,0.0,,,,
2026-03-31T18:39:20+00:00,68503,73.0,69.0,3.0,0.0,,,,
2026-03-31T18:42:20+00:00,68504,73.0,70.0,3.0,0.0,,,,
2026-03-31T18:45:20+00:00,68505,73.0,70.0,2.8,0.0,,,,
2026-03-31T18:48:20+00:00,68506,73.0,70.5,2.7,0.0,,,,
2026-03-31T18:51:20+00:00,68507,73.0,70.5,2.9,0.0,,,,
2026-03-31T18:54:20+00:00,68508,73.0,70.5,2.9,0.0,,,,
2026-03-31T18:57:20+00:00,68509,73.0,70.5,2.9,0.0,,,,
2026-03-31T19:00:20+00:00,68510,73.0,70.5,2.7,0.0,,,,
2026-03-31T19:03:20+00:00,68511,73.0,70.5,2.8,0.0,,,,
2026-03-31T19:06:20+00:00,68512,73.0,70.5,2.7,0.0,,,,
2026-03-31T19:09:20+00:00,68513,73.0,71.0,2.7,0.0,,,,
2026-03-31T19:12:20+00:00,68514,73.0,71.0,2.7,0.0,,,,
2026-03-31T19:15:20+00:00,68515,73.0,71.5,2.7,0.0,,,,
2026-03-31T19:18:20+00:00,68516,73.0,71.5,2.6,0.0,,,,
2026-03-31T19:21:20+00:00,68517,73.0,72.0,2.6,0.0,,,,
2026-03-31T19:24:20+00:00,68518,73.0,72.5,2.6,0.0,,,,
2026-03-31T19:27:20+00:00,68519,73.0,72.5,2.5,0.0,,,,
2026-03-31T19:30:20+00:00,68520,73.0,73.0,2.6,0.0,,,,
2026-03-31T19:33:20+00:00,68521,73.0,73.0,2.5,0.0,,,,
2026-03-31T19:36:20+00:00,68522,73.0,73.0,2.5,0.0,,,,
2026-03-31T19:39:20+00:00,68523,73.0,73.0,2.5,0.0,,,,
2026-03-31T19:42:20+00:00,68524,73.0,73.0,2.4,0.0,,,,
2026-03-31T19:45:20+00:00,68525,73.0,73.0,2.4,0.0,,,,
2026-03-31T19:48:20+00:00,68526,73.0,72.5,2.5,0.0,,,,
2026-03-31T19:51:20+00:00,68527,73.0,72.0,2.5,0.0,,,,
2026-03-31T19:54:20+00:00,68528,73.0,71.0,2.6,0.0,,,,
2026-03-31T19:57:20+00:00,68529,73.0,70.0,2.8,0.0,,,,
2026-03-31T20:00:20+00:00,68530,73.0,69.5,2.7,0.0,,,,
2026-03-31T20:03:20+00:00,68531,73.0,69.5,2.7,0.0,,,,
2026-03-31T20:06:20+00:00,68532,73.0,69.0,2.8,0.0,,,,
2026-03-31T20:09:20+00:00,68533,73.0,68.5,2.8,0.0,,,,
2026-03-31T20:12:20+00:00,68534,73.0,68.5,2.9,0.0,,,,
2026-03-31T20:15:20+00:00,68535,73.0,67.5,2.9,0.0,,,,
2026-03-31T20:18:20+00:00,68536,73.0,67.5,3.0,0.0,,,,
2026-03-31T20:21:20+00:00,68537,73.0,67.0,2.9,0.0,,,,
2026-03-31T20:24:20+00:00,68538,73.0,67.0,3.0,0.0,,,,
2026-03-31T20:27:20+00:00,68539,73.0,66.5,3.0,0.0,,,,
2026-03-31T20:30:20+00:00,68540,73.0,66.0,3.0,0.0,,,,
2026-03-31T20:33:20+00:00,68541,73.0,65.5,3.0,0.0,,,,
2026-03-31T20:36:21+00:00,68542,73.0,65.5,3.1,0.0,,,,
2026-03-31T20:39:20+00:00,68543,73.0,65.0,3.2,0.0,,,,
2026-03-31T20:42:19+00:00,68544,73.0,65.0,3.1,0.0,,,,
2026-03-31T20:45:19+00:00,68545,73.0,64.5,3.3,0.0,,,,
2026-03-31T20:48:19+00:00,68546,73.0,64.5,3.2,0.0,,,,
2026-03-31T20:51:19+00:00,68547,73.0,64.0,3.2,0.0,,,,
2026-03-31T20:54:19+00:00,68548,73.0,64.0,3.3,0.0,,,,
2026-03-31T20:57:20+00:00,68549,73.0,64.0,3.2,0.0,,,,
2026-03-31T21:00:20+00:00,68550,73.0,64.5,3.1,0.0,,,,
2026-03-31T21:03:19+00:00,68551,73.0,64.5,3.2,0.0,,,,
2026-03-31T21:06:19+00:00,68552,73.0,65.0,3.1,0.0,,,,
2026-03-31T21:09:19+00:00,68553,73.0,65.0,2.9,0.0,,,,
2026-03-31T21:15:19+00:00,68554,73.0,65.0,3.0,0.0,,,,
2026-03-31T21:18:19+00:00,68555,73.0,65.5,2.9,0.0,,,,
2026-03-31T21:21:19+00:00,68556,73.0,65.0,2.9,0.0,,,,
2026-03-31T21:24:19+00:00,68557,73.0,65.0,3.0,0.0,,,,
2026-03-31T21:27:19+00:00,68558,73.0,65.0,2.8,0.0,,,,
2026-03-31T21:30:19+00:00,68559,73.0,64.5,3.0,0.0,,,,
2026-03-31T21:33:19+00:00,68560,73.0,64.0,2.9,0.0,,,,
2026-03-31T21:36:19+00:00,68561,73.0,64.0,2.9,0.0,,,,
2026-03-31T21:39:19+00:00,68562,73.0,64.5,2.9,0.0,,,,
2026-03-31T21:42:19+00:00,68563,73.0,63.5,3.0,0.0,,,,
2026-03-31T21:45:19+00:00,68564,73.0,64.5,2.8,0.0,,,,
2026-03-31T21:48:19+00:00,68565,73.0,64.5,2.9,0.0,,,,
2026-03-31T21:51:19+00:00,68566,73.0,64.5,2.7,0.0,,,,
2026-03-31T21:54:19+00:00,68567,73.0,65.0,2.6,0.0,,,,
2026-03-31T22:00:19+00:00,68568,73.0,65.0,2.7,0.0,,,,
2026-03-31T22:03:19+00:00,68569,73.0,65.5,2.6,0.0,,,,
2026-03-31T22:06:19+00:00,68570,73.0,66.0,2.5,0.0,,,,
2026-03-31T22:09:19+00:00,68571,73.0,66.0,2.3,0.0,,,,
2026-03-31T22:12:19+00:00,68572,73.0,66.0,2.3,0.0,,,,
2026-03-31T22:15:19+00:00,68573,73.0,66.5,2.1,0.0,,,,
2026-03-31T22:18:19+00:00,68574,73.0,67.0,2.1,0.0,,,,
2026-03-31T22:21:19+00:00,68575,73.0,67.5,2.0,0.0,,,,
2026-03-31T22:24:19+00:00,68576,73.0,68.5,1.9,0.0,,,,
2026-03-31T22:27:19+00:00,68577,73.0,69.0,1.7,0.0,,,,
2026-03-31T22:30:19+00:00,68578,73.0,69.5,1.7,0.0,,,,
2026-03-31T22:33:19+00:00,68579,73.0,70.5,1.6,0.0,,,,
2026-03-31T22:36:19+00:00,68580,73.0,70.5,1.6,0.0,,,,
2026-03-31T22:39:19+00:00,68581,73.0,71.0,1.6,0.0,,,,
2026-03-31T22:42:19+00:00,68582,73.0,71.0,1.5,0.0,,,,
2026-03-31T22:45:19+00:00,68583,73.0,70.5,1.7,0.0,,,,
2026-03-31T22:48:19+00:00,68584,73.0,70.5,1.7,0.0,,,,
2026-03-31T22:51:19+00:00,68585,73.0,70.5,1.8,0.0,,,,
2026-03-31T22:54:19+00:00,68586,73.0,70.5,1.8,0.0,,,,
2026-03-31T22:57:19+00:00,68587,73.0,71.0,1.7,0.0,,,,
2026-03-31T23:00:19+00:00,68588,73.0,71.5,1.7,0.0,,,,
2026-03-31T23:03:19+00:00,68589,73.0,71.5,1.9,0.0,,,,
2026-03-31T23:06:19+00:00,68590,73.0,71.5,1.8,0.0,,,,
2026-03-31T23:12:19+00:00,68591,73.0,72.5,1.8,0.0,,,,
2026-03-31T23:15:19+00:00,68592,73.0,72.5,1.6,0.0,,,,
2026-03-31T23:18:19+00:00,68593,73.0,73.0,1.7,0.0,,,,
2026-03-31T23:21:19+00:00,68594,73.0,73.0,1.8,0.0,,,,
2026-03-31T23:24:19+00:00,68595,73.0,73.5,1.8,0.0,,,,
2026-03-31T23:27:19+00:00,68596,73.0,74.0,1.7,0.0,,,,
2026-03-31T23:30:19+00:00,68597,73.0,74.0,1.7,0.0,,,,
2026-03-31T23:33:19+00:00,68598,73.0,74.0,1.7,0.0,,,,
2026-03-31T23:36:19+00:00,68599,73.0,74.0,1.8,0.0,,,,
2026-03-31T23:39:19+00:00,68600,73.0,74.5,1.7,0.0,,,,
2026-03-31T23:42:19+00:00,68601,73.0,74.5,1.7,0.0,,,,
2026-03-31T23:45:19+00:00,68602,73.0,74.5,1.7,0.0,,,,
2026-03-31T23:48:19+00:00,68603,73.0,74.5,1.7,0.0,,,,
2026-03-31T23:51:19+00:00,68604,73.0,74.5,1.7,0.0,,,,
2026-03-31T23:54:19+00:00,68605,73.0,74.5,1.6,0.0,,,,
2026-03-31T23:57:19+00:00,68606,73.0,74.5,1.6,0.0,,,,
2026-04-01T00:00:19+00:00,68607,73.0,74.5,1.5,0.0,,,,
2026-04-01T00:03:19+00:00,68608,73.0,74.0,1.7,0.0,,,,
2026-04-01T00:06:19+00:00,68609,73.0,73.0,1.9,0.0,,,,
2026-04-01T00:09:19+00:00,68610,73.0,73.0,1.8,0.0,,,,
2026-04-01T00:12:19+00:00,68611,73.0,73.0,1.8,0.0,,,,
2026-04-01T00:15:19+00:00,68612,73.0,73.0,1.8,0.0,,,,
2026-04-01T00:18:19+00:00,68613,73.0,72.5,1.8,0.0,,,,
2026-04-01T00:21:20+00:00,68614,73.0,73.0,1.7,0.0,,,,
2026-04-01T00:24:20+00:00,68615,73.0,73.0,1.5,0.0,,,,
2026-04-01T00:27:20+00:00,68616,73.0,73.0,1.7,0.0,,,,
2026-04-01T00:30:20+00:00,68617,73.0,73.0,1.8,0.0,,,,
2026-04-01T00:33:20+00:00,68618,73.0,72.5,1.8,0.0,,,,
2026-04-01T00:36:20+00:00,68619,73.0,72.5,1.8,0.0,,,,
2026-04-01T00:39:20+00:00,68620,73.0,72.5,1.7,0.0,,,,
2026-04-01T00:42:20+00:00,68621,73.0,72.5,1.8,0.0,,,,
2026-04-01T00:45:20+00:00,68622,73.0,72.5,1.8,0.0,,,,
2026-04-01T00:48:20+00:00,68623,73.0,72.5,1.8,0.0,,,,
2026-04-01T00:51:20+00:00,68624,73.0,72.5,1.8,0.0,,,,
2026-04-01T00:54:20+00:00,68625,73.0,72.5,1.8,0.0,,,,
2026-04-01T00:57:20+00:00,68626,73.0,72.5,1.7,0.0,,,,
2026-04-01T01:00:20+00:00,68627,73.0,73.0,1.6,0.0,,,,
2026-04-01T01:03:20+00:00,68628,73.0,73.5,1.7,0.0,,,,
2026-04-01T01:06:20+00:00,68629,73.0,73.0,1.7,0.0,,,,
2026-04-01T01:09:20+00:00,68630,73.0,73.0,1.7,0.0,,,,
2026-04-01T01:12:20+00:00,68631,73.0,73.0,1.7,0.0,,,,
2026-04-01T01:15:20+00:00,68632,73.0,72.0,1.7,0.0,,,,
2026-04-01T01:18:20+00:00,68633,73.0,72.0,1.6,0.0,,,,
2026-04-01T01:21:20+00:00,68634,73.0,71.5,1.6,0.0,,,,
2026-04-01T01:24:20+00:00,68635,73.0,71.5,1.7,0.0,,,,
2026-04-01T01:27:20+00:00,68636,73.0,71.0,1.7,0.0,,,,
2026-04-01T01:30:20+00:00,68637,73.0,71.0,1.7,0.0,,,,
2026-04-01T01:33:20+00:00,68638,73.0,71.5,1.8,0.0,,,,
2026-04-01T01:36:20+00:00,68639,73.0,71.5,1.8,0.0,,,,
2026-04-01T01:39:20+00:00,68640,73.0,71.5,1.8,0.0,,,,
2026-04-01T01:42:20+00:00,68641,73.0,72.0,1.8,0.0,,,,
2026-04-01T01:45:20+00:00,68642,73.0,71.5,1.8,0.0,,,,
2026-04-01T01:48:20+00:00,68643,73.0,71.5,1.8,0.0,,,,
2026-04-01T01:51:20+00:00,68644,73.0,71.0,1.8,0.0,,,,
2026-04-01T01:54:20+00:00,68645,73.0,70.5,2.0,0.0,,,,
2026-04-01T01:57:20+00:00,68646,73.0,70.5,1.9,0.0,,,,
2026-04-01T02:00:20+00:00,68647,73.0,70.0,2.0,0.0,,,,
2026-04-01T02:03:20+00:00,68648,73.0,70.0,1.9,0.0,,,,
2026-04-01T02:06:20+00:00,68649,73.0,70.0,2.0,0.0,,,,
2026-04-01T02:09:20+00:00,68650,73.0,70.0,2.0,0.0,,,,
2026-04-01T02:12:20+00:00,68651,73.0,69.5,1.9,0.0,,,,
2026-04-01T02:15:20+00:00,68652,73.0,69.5,2.0,0.0,,,,
2026-04-01T02:18:20+00:00,68653,73.0,69.5,2.0,0.0,,,,
2026-04-01T02:21:20+00:00,68654,73.0,69.0,2.1,0.0,,,,
2026-04-01T02:24:20+00:00,68655,73.0,69.5,1.9,0.0,,,,
2026-04-01T02:27:20+00:00,68656,73.0,69.0,2.0,0.0,,,,
2026-04-01T02:30:20+00:00,68657,73.0,69.0,2.0,0.0,,,,
2026-04-01T02:33:20+00:00,68658,73.0,69.0,2.1,0.0,,,,
2026-04-01T02:36:20+00:00,68659,73.0,69.0,2.0,0.0,,,,
2026-04-01T02:39:20+00:00,68660,73.0,69.0,1.9,0.0,,,,
2026-04-01T02:42:19+00:00,68661,73.0,69.0,1.9,0.0,,,,
2026-04-01T02:45:19+00:00,68662,73.0,68.5,1.9,0.0,,,,
2026-04-01T02:48:19+00:00,68663,73.0,68.5,2.0,0.0,,,,
2026-04-01T02:51:19+00:00,68664,73.0,68.5,2.0,0.0,,,,
2026-04-01T02:54:19+00:00,68665,73.0,68.0,2.0,0.0,,,,
2026-04-01T02:57:19+00:00,68666,73.0,68.0,1.9,0.0,,,,
2026-04-01T03:00:20+00:00,68667,73.0,68.0,1.9,0.0,,,,
2026-04-01T03:03:20+00:00,68668,73.0,68.0,2.0,0.0,,,,
2026-04-01T03:06:19+00:00,68669,73.0,68.0,1.9,0.0,,,,
2026-04-01T03:09:19+00:00,68670,73.0,68.0,1.9,0.0,,,,
2026-04-01T03:12:19+00:00,68671,73.0,68.5,1.9,0.0,,,,
2026-04-01T03:15:19+00:00,68672,73.0,68.0,1.9,0.0,,,,
2026-04-01T03:18:19+00:00,68673,73.0,67.5,1.9,0.0,,,,
2026-04-01T03:21:19+00:00,68674,73.0,68.0,2.0,0.0,,,,
2026-04-01T03:24:19+00:00,68675,73.0,68.0,2.0,0.0,,,,
2026-04-01T03:27:19+00:00,68676,73.0,68.0,1.9,0.0,,,,
2026-04-01T03:30:19+00:00,68677,73.0,68.5,2.0,0.0,,,,
2026-04-01T03:33:19+00:00,68678,73.0,68.5,1.9,0.0,,,,
2026-04-01T03:36:19+00:00,68679,73.0,68.5,2.0,0.0,,,,
2026-04-01T03:39:19+00:00,68680,73.0,68.5,2.0,0.0,,,,
2026-04-01T03:42:19+00:00,68681,73.0,68.0,2.0,0.0,,,,
2026-04-01T03:45:19+00:00,68682,73.0,68.5,1.9,0.0,,,,
2026-04-01T03:48:19+00:00,68683,73.0,68.0,1.9,0.0,,,,
2026-04-01T03:51:19+00:00,68684,73.0,67.5,2.0,0.0,,,,
2026-04-01T03:54:19+00:00,68685,73.0,67.5,2.0,0.0,,,,
2026-04-01T03:57:19+00:00,68686,73.0,67.5,2.0,0.0,,,,
2026-04-01T04:00:19+00:00,68687,73.0,67.5,1.9,0.0,,,,
2026-04-01T04:03:19+00:00,68688,73.0,67.5,2.0,0.0,,,,
2026-04-01T04:06:19+00:00,68689,73.0,68.0,1.9,0.0,,,,
2026-04-01T04:09:19+00:00,68690,73.0,68.0,2.0,0.0,,,,
2026-04-01T04:12:19+00:00,68691,73.0,68.5,2.0,0.0,,,,
2026-04-01T04:15:19+00:00,68692,73.0,68.5,2.1,0.0,,,,
2026-04-01T04:18:19+00:00,68693,73.0,68.5,2.3,0.0,,,,
2026-04-01T04:21:19+00:00,68694,73.0,68.5,2.1,0.0,,,,
2026-04-01T04:24:19+00:00,68695,73.0,68.5,2.1,0.0,,,,
2026-04-01T04:27:19+00:00,68696,73.0,69.0,2.1,0.0,,,,
2026-04-01T04:30:19+00:00,68697,73.0,69.0,2.0,0.0,,,,
2026-04-01T04:33:19+00:00,68698,73.0,68.5,2.1,0.0,,,,
2026-04-01T04:36:19+00:00,68699,73.0,68.5,2.2,0.0,,,,
2026-04-01T04:39:19+00:00,68700,73.0,69.0,2.1,0.0,,,,
2026-04-01T04:42:19+00:00,68701,73.0,69.0,2.2,0.0,,,,
2026-04-01T04:45:19+00:00,68702,73.0,69.0,2.0,0.0,,,,
2026-04-01T04:48:19+00:00,68703,73.0,69.0,2.1,0.0,,,,
2026-04-01T04:51:19+00:00,68704,73.0,69.0,2.2,0.0,,,,
2026-04-01T04:54:19+00:00,68705,73.0,68.5,2.3,0.0,,,,
2026-04-01T04:57:19+00:00,68706,73.0,68.5,2.3,0.0,,,,
2026-04-01T05:00:19+00:00,68707,73.0,68.0,2.4,0.0,,,,
2026-04-01T05:03:19+00:00,68708,73.0,68.0,2.4,0.0,,,,
2026-04-01T05:06:19+00:00,68709,73.0,68.0,2.4,0.0,,,,
2026-04-01T05:09:19+00:00,68710,73.0,67.5,2.3,0.0,,,,
2026-04-01T05:12:19+00:00,68711,73.0,68.0,2.3,0.0,,,,
2026-04-01T05:15:19+00:00,68712,73.0,68.0,2.3,0.0,,,,
2026-04-01T05:18:19+00:00,68713,73.0,67.5,2.2,0.0,,,,
2026-04-01T05:21:19+00:00,68714,73.0,67.5,2.3,0.0,,,,
2026-04-01T05:24:19+00:00,68715,73.0,67.0,2.4,0.0,,,,
2026-04-01T05:27:19+00:00,68716,73.0,67.0,2.3,0.0,,,,
2026-04-01T05:30:19+00:00,68717,73.0,67.0,2.4,0.0,,,,
2026-04-01T05:33:19+00:00,68718,73.0,67.0,2.4,0.0,,,,
2026-04-01T05:36:19+00:00,68719,73.0,67.0,2.5,0.0,,,,
2026-04-01T05:39:19+00:00,68720,73.0,67.5,2.4,0.0,,,,
2026-04-01T05:42:19+00:00,68721,73.0,67.5,2.5,0.0,,,,
2026-04-01T05:45:19+00:00,68722,73.0,67.5,2.6,0.0,,,,
2026-04-01T05:48:19+00:00,68723,73.0,67.5,2.5,0.0,,,,
2026-04-01T05:51:19+00:00,68724,73.0,68.0,2.5,0.0,,,,
2026-04-01T05:54:19+00:00,68725,73.0,68.0,2.5,0.0,,,,
2026-04-01T05:57:19+00:00,68726,73.0,68.5,2.5,0.0,,,,
2026-04-01T06:00:19+00:00,68727,73.0,68.5,2.5,0.0,,,,
2026-04-01T06:03:19+00:00,68728,73.0,68.5,2.5,0.0,,,,
2026-04-01T06:06:19+00:00,68729,73.0,68.5,2.5,0.0,,,,
2026-04-01T06:09:19+00:00,68730,73.0,68.0,2.5,0.0,,,,
2026-04-01T06:12:19+00:00,68731,73.0,68.5,2.6,0.0,,,,
2026-04-01T06:15:19+00:00,68732,73.0,68.5,2.6,0.0,,,,
2026-04-01T06:18:21+00:00,68733,73.0,68.5,2.5,0.0,,,,
2026-04-01T06:21:19+00:00,68734,73.0,68.5,2.6,0.0,,,,
2026-04-01T06:24:19+00:00,68735,73.0,68.5,2.6,0.0,,,,
2026-04-01T06:27:19+00:00,68736,73.0,68.5,2.7,0.0,,,,
2026-04-01T06:30:19+00:00,68737,73.0,68.5,2.7,0.0,,,,
2026-04-01T06:33:19+00:00,68738,73.0,68.5,2.8,0.0,,,,
2026-04-01T06:36:19+00:00,68739,73.0,68.5,2.8,0.0,,,,
2026-04-01T06:39:19+00:00,68740,73.0,68.5,2.9,0.0,,,,
2026-04-01T06:42:19+00:00,68741,73.0,68.5,3.0,0.0,,,,
2026-04-01T06:45:19+00:00,68742,73.0,68.0,3.1,0.0,,,,
2026-04-01T06:48:19+00:00,68743,73.0,67.0,3.3,0.0,,,,
2026-04-01T06:51:19+00:00,68744,73.0,66.5,3.5,0.0,,,,
2026-04-01T06:54:19+00:00,68745,73.0,66.0,3.8,0.0,,,,
2026-04-01T06:57:19+00:00,68746,73.0,66.0,3.8,0.0,,,,
2026-04-01T07:00:19+00:00,68747,73.0,66.0,3.7,0.0,,,,
2026-04-01T07:03:19+00:00,68748,73.0,66.5,3.6,0.0,,,,
2026-04-01T07:06:19+00:00,68749,73.0,67.0,3.5,0.0,,,,
2026-04-01T07:09:19+00:00,68750,73.0,67.0,3.6,0.0,,,,
2026-04-01T07:12:19+00:00,68751,73.0,67.0,3.7,0.0,,,,
2026-04-01T07:15:19+00:00,68752,73.0,67.0,3.5,0.0,,,,
2026-04-01T07:18:19+00:00,68753,73.0,66.5,3.7,0.0,,,,
2026-04-01T07:21:19+00:00,68754,73.0,66.5,3.8,0.0,,,,
2026-04-01T07:24:19+00:00,68755,73.0,65.5,4.1,0.0,,,,
2026-04-01T07:27:19+00:00,68756,73.0,64.0,4.2,0.0,,,,
2026-04-01T07:30:19+00:00,68757,73.0,64.0,4.1,0.0,,,,
2026-04-01T07:33:19+00:00,68758,73.0,63.5,4.3,0.0,,,,
2026-04-01T07:36:19+00:00,68759,73.0,63.5,4.2,0.0,,,,
2026-04-01T07:39:19+00:00,68760,73.0,63.0,4.2,0.0,,,,
2026-04-01T07:42:19+00:00,68761,73.0,63.0,4.4,0.0,,,,
2026-04-01T07:45:19+00:00,68762,73.0,63.0,4.3,0.0,,,,
2026-04-01T07:48:19+00:00,68763,73.0,64.5,4.4,0.0,,,,
2026-04-01T07:51:19+00:00,68764,73.0,63.5,4.3,0.0,,,,
2026-04-01T07:54:19+00:00,68765,73.0,64.0,4.3,0.0,,,,
2026-04-01T07:57:19+00:00,68766,73.0,64.5,4.2,0.0,,,,
2026-04-01T08:00:19+00:00,68767,73.0,63.5,4.4,0.0,,,,
2026-04-01T08:03:19+00:00,68768,73.0,63.5,4.5,0.0,,,,
2026-04-01T08:06:19+00:00,68769,73.0,62.5,4.5,0.0,,,,
2026-04-01T08:09:19+00:00,68770,73.0,63.0,4.7,0.0,,,,
2026-04-01T08:12:19+00:00,68771,73.0,62.0,4.9,0.0,,,,
2026-04-01T08:15:19+00:00,68772,73.0,62.0,4.9,0.0,,,,
2026-04-01T08:18:19+00:00,68773,73.0,63.5,4.8,0.0,,,,
2026-04-01T08:21:19+00:00,68774,73.0,62.5,5.0,0.0,,,,
2026-04-01T08:24:19+00:00,68775,73.0,62.0,4.9,0.0,,,,
2026-04-01T08:27:19+00:00,68776,73.0,61.5,5.0,0.0,,,,
2026-04-01T08:30:19+00:00,68777,73.0,61.0,5.0,0.0,,,,
2026-04-01T08:33:19+00:00,68778,73.0,61.0,5.2,0.0,,,,
2026-04-01T08:36:19+00:00,68779,73.0,60.5,5.3,0.0,,,,
2026-04-01T08:39:19+00:00,68780,73.0,61.0,5.6,0.0,,,,
2026-04-01T08:42:19+00:00,68781,73.0,60.5,5.5,0.0,,,,
2026-04-01T08:45:19+00:00,68782,73.0,60.5,5.7,0.0,,,,
2026-04-01T08:48:19+00:00,68783,73.0,60.0,5.7,0.0,,,,
2026-04-01T08:51:19+00:00,68784,73.0,60.0,6.2,0.0,,,,
2026-04-01T08:54:19+00:00,68785,73.0,58.0,6.3,0.0,,,,
2026-04-01T08:57:19+00:00,68786,73.0,56.5,6.3,0.0,,,,
2026-04-01T09:00:19+00:00,68787,73.0,56.5,6.4,0.0,,,,
2026-04-01T09:03:19+00:00,68788,73.0,57.0,6.4,0.0,,,,
2026-04-01T09:06:19+00:00,68789,73.0,57.0,6.8,0.0,,,,
2026-04-01T09:09:19+00:00,68790,73.0,55.5,6.9,0.0,,,,
2026-04-01T09:12:19+00:00,68791,73.0,56.5,7.1,0.0,,,,
2026-04-01T09:15:19+00:00,68792,73.0,54.5,7.5,0.0,,,,
2026-04-01T09:18:19+00:00,68793,73.0,54.0,7.7,0.0,,,,
2026-04-01T09:21:19+00:00,68794,73.0,53.0,7.7,0.0,,,,
2026-04-01T09:24:19+00:00,68795,73.0,53.5,7.8,0.0,,,,
2026-04-01T09:27:19+00:00,68796,73.0,53.5,7.8,0.0,,,,
2026-04-01T09:30:19+00:00,68797,73.0,53.0,7.9,0.0,,,,
2026-04-01T09:33:19+00:00,68798,73.0,53.0,7.8,0.0,,,,
2026-04-01T09:36:19+00:00,68799,73.0,52.5,7.9,0.0,,,,
2026-04-01T09:39:19+00:00,68800,73.0,53.0,8.1,0.0,,,,
2026-04-01T09:42:19+00:00,68801,73.0,54.0,8.2,0.0,,,,
2026-04-01T09:45:19+00:00,68802,73.0,52.5,8.4,0.0,,,,
2026-04-01T09:48:19+00:00,68803,73.0,50.0,8.5,0.0,,,,
2026-04-01T09:51:19+00:00,68804,73.0,53.0,8.5,0.0,,,,
2026-04-01T09:54:19+00:00,68805,73.0,51.5,8.6,0.0,,,,
2026-04-01T09:57:19+00:00,68806,73.0,49.5,9.0,0.0,,,,
2026-04-01T10:00:19+00:00,68807,72.0,49.5,8.9,0.0,,,,
2026-04-01T10:03:19+00:00,68808,72.0,50.0,8.8,0.0,,,,
2026-04-01T10:06:19+00:00,68809,72.0,51.5,8.9,0.0,,,,
2026-04-01T10:09:19+00:00,68810,72.0,49.5,9.2,0.0,,,,
2026-04-01T10:12:19+00:00,68811,72.0,50.0,8.7,0.0,,,,
2026-04-01T10:15:19+00:00,68812,72.0,50.5,9.0,0.0,,,,
2026-04-01T10:18:19+00:00,68813,72.0,51.0,9.5,0.0,,,,
2026-04-01T10:21:19+00:00,68814,72.0,48.5,9.9,0.0,,,,
2026-04-01T10:24:19+00:00,68815,72.0,48.5,9.6,0.0,,,,
2026-04-01T10:27:19+00:00,68816,72.0,48.0,9.6,0.0,,,,
2026-04-01T10:30:19+00:00,68817,72.0,47.0,9.5,0.0,,,,
2026-04-01T10:33:19+00:00,68818,72.0,47.0,9.3,0.0,,,,
2026-04-01T10:36:19+00:00,68819,72.0,47.5,9.7,0.0,,,,
2026-04-01T10:39:19+00:00,68820,72.0,46.0,9.5,0.0,,,,
2026-04-01T10:42:19+00:00,68821,72.0,47.5,9.6,0.0,,,,
2026-04-01T10:45:19+00:00,68822,72.0,46.0,9.9,0.0,,,,
2026-04-01T10:48:19+00:00,68823,72.0,45.5,9.8,0.0,,,,
2026-04-01T10:51:19+00:00,68824,72.0,48.5,10.1,0.0,,,,
2026-04-01T10:54:19+00:00,68825,72.0,46.0,10.4,0.0,,,,
2026-04-01T10:57:19+00:00,68826,72.0,47.0,10.2,0.0,,,,
2026-04-01T11:00:19+00:00,68827,72.0,47.0,10.3,0.0,,,,
2026-04-01T11:03:19+00:00,68828,72.0,46.5,10.4,0.0,,,,
2026-04-01T11:06:19+00:00,68829,72.0,46.5,10.3,0.0,,,,
2026-04-01T11:09:19+00:00,68830,72.0,46.0,10.1,0.0,,,,
2026-04-01T11:12:19+00:00,68831,72.0,46.0,10.1,0.0,,,,
2026-04-01T11:15:19+00:00,68832,72.0,48.0,10.6,0.0,,,,
2026-04-01T11:18:18+00:00,68833,72.0,44.0,10.5,0.0,,,,
2026-04-01T11:21:18+00:00,68834,72.0,48.0,10.4,0.0,,,,
2026-04-01T11:24:18+00:00,68835,72.0,44.5,10.8,0.0,,,,
2026-04-01T11:27:18+00:00,68836,72.0,45.5,10.6,0.0,,,,
2026-04-01T11:30:18+00:00,68837,72.0,45.5,11.0,0.0,,,,
2026-04-01T11:33:18+00:00,68838,72.0,45.0,10.7,0.0,,,,
2026-04-01T11:36:18+00:00,68839,72.0,46.5,10.7,0.0,,,,
2026-04-01T11:39:18+00:00,68840,72.0,44.0,10.7,0.0,,,,
2026-04-01T11:42:18+00:00,68841,72.0,44.0,10.7,0.0,,,,
2026-04-01T11:45:18+00:00,68842,72.0,44.5,10.8,0.0,,,,
2026-04-01T11:48:18+00:00,68843,72.0,45.0,10.6,0.0,,,,
2026-04-01T11:51:18+00:00,68844,72.0,44.0,10.4,0.0,,,,
2026-04-01T11:54:18+00:00,68845,72.0,46.0,10.5,0.0,,,,
2026-04-01T11:57:18+00:00,68846,72.0,44.5,10.4,0.0,,,,
2026-04-01T12:00:18+00:00,68847,72.0,44.5,10.1,0.0,,,,
2026-04-01T12:03:18+00:00,68848,72.0,46.0,10.1,0.0,,,,
2026-04-01T12:06:18+00:00,68849,72.0,46.0,11.0,0.0,,,,
2026-04-01T12:09:18+00:00,68850,72.0,43.5,10.2,0.0,,,,
2026-04-01T12:12:18+00:00,68851,72.0,45.5,9.7,0.0,,,,
2026-04-01T12:15:18+00:00,68852,72.0,44.5,9.8,0.0,,,,
2026-04-01T12:18:18+00:00,68853,72.0,43.0,10.1,0.0,,,,
2026-04-01T12:21:18+00:00,68854,72.0,41.5,10.5,0.0,,,,
2026-04-01T12:24:18+00:00,68855,72.0,42.0,10.6,0.0,,,,
2026-04-01T12:27:18+00:00,68856,72.0,42.0,10.2,0.0,,,,
2026-04-01T12:30:18+00:00,68857,72.0,43.5,10.1,0.0,,,,
2026-04-01T12:33:18+00:00,68858,72.0,43.5,10.1,0.0,,,,
2026-04-01T12:36:18+00:00,68859,72.0,42.5,10.1,0.0,,,,
2026-04-01T12:39:18+00:00,68860,72.0,43.0,9.8,0.0,,,,
2026-04-01T12:42:18+00:00,68861,72.0,43.0,9.9,0.0,,,,
2026-04-01T12:45:18+00:00,68862,72.0,42.0,10.1,0.0,,,,
2026-04-01T12:48:18+00:00,68863,72.0,42.0,10.2,0.0,,,,
2026-04-01T12:51:18+00:00,68864,72.0,40.0,10.4,0.0,,,,
2026-04-01T12:54:18+00:00,68865,72.0,37.0,10.7,0.0,,,,
2026-04-01T12:57:18+00:00,68866,72.0,38.0,10.4,0.0,,,,
2026-04-01T13:00:18+00:00,68867,72.0,38.0,10.6,0.0,,,,
2026-04-01T13:03:18+00:00,68868,72.0,39.0,10.7,0.0,,,,
2026-04-01T13:06:18+00:00,68869,72.0,37.5,10.9,0.0,,,,
2026-04-01T13:09:18+00:00,68870,72.0,38.5,10.4,0.0,,,,
2026-04-01T13:12:18+00:00,68871,72.0,39.0,9.9,0.0,,,,
2026-04-01T13:15:18+00:00,68872,72.0,39.0,9.5,0.0,,,,
2026-04-01T13:18:18+00:00,68873,72.0,39.5,9.5,0.0,,,,
2026-04-01T13:21:18+00:00,68874,72.0,39.0,10.1,0.0,,,,
2026-04-01T13:24:18+00:00,68875,72.0,40.0,10.4,0.0,,,,
2026-04-01T13:27:18+00:00,68876,72.0,39.5,10.8,0.0,,,,
2026-04-01T13:30:18+00:00,68877,72.0,39.5,10.9,0.0,,,,
2026-04-01T13:33:18+00:00,68878,72.0,40.5,10.8,0.0,,,,
2026-04-01T13:36:18+00:00,68879,72.0,41.0,10.3,0.0,,,,
2026-04-01T13:39:18+00:00,68880,72.0,40.0,10.3,0.0,,,,
2026-04-01T13:42:18+00:00,68881,72.0,41.5,10.7,0.0,,,,
2026-04-01T13:45:18+00:00,68882,72.0,40.5,11.3,0.0,,,,
2026-04-01T13:48:18+00:00,68883,72.0,38.0,10.9,0.0,,,,
2026-04-01T13:51:18+00:00,68884,72.0,40.0,10.2,0.0,,,,
2026-04-01T13:54:18+00:00,68885,72.0,40.5,9.9,0.0,,,,
2026-04-01T13:57:18+00:00,68886,72.0,41.5,9.8,0.0,,,,
2026-04-01T14:00:18+00:00,68887,72.0,40.0,9.9,0.0,,,,
2026-04-01T14:03:18+00:00,68888,72.0,39.0,10.0,0.0,,,,
2026-04-01T14:06:18+00:00,68889,72.0,39.0,10.0,0.0,,,,
2026-04-01T14:09:18+00:00,68890,72.0,38.5,10.5,0.0,,,,
2026-04-01T14:12:18+00:00,68891,72.0,38.5,10.7,0.0,,,,
2026-04-01T14:15:18+00:00,68892,72.0,37.5,10.9,0.0,,,,
2026-04-01T14:18:18+00:00,68893,72.0,40.0,10.4,0.0,,,,
2026-04-01T14:21:18+00:00,68894,72.0,39.5,10.2,0.0,,,,
2026-04-01T14:24:18+00:00,68895,72.0,38.5,10.2,0.0,,,,
2026-04-01T14:27:18+00:00,68896,72.0,38.0,10.3,0.0,,,,
2026-04-01T14:30:18+00:00,68897,72.0,38.0,10.4,0.0,,,,
2026-04-01T14:33:18+00:00,68898,72.0,40.0,10.2,0.0,,,,
2026-04-01T14:36:18+00:00,68899,72.0,38.5,10.1,0.0,,,,
2026-04-01T14:39:18+00:00,68900,72.0,38.5,10.1,0.0,,,,
2026-04-01T14:42:18+00:00,68901,72.0,38.0,10.2,0.0,,,,
2026-04-01T14:45:18+00:00,68902,72.0,38.0,10.4,0.0,,,,
2026-04-01T14:48:18+00:00,68903,72.0,38.5,10.4,0.0,,,,
2026-04-01T14:51:18+00:00,68904,72.0,39.5,10.2,0.0,,,,
2026-04-01T14:54:18+00:00,68905,72.0,41.0,9.7,0.0,,,,
2026-04-01T14:57:18+00:00,68906,72.0,41.5,9.3,0.0,,,,
2026-04-01T15:00:18+00:00,68907,72.0,41.5,9.0,0.0,,,,
2026-04-01T15:03:18+00:00,68908,72.0,42.0,8.7,0.0,,,,
2026-04-01T15:06:18+00:00,68909,72.0,42.5,8.7,0.0,,,,
2026-04-01T15:09:18+00:00,68910,72.0,43.0,9.0,0.0,,,,
2026-04-01T15:12:18+00:00,68911,72.0,43.5,9.4,0.0,,,,
2026-04-01T15:15:18+00:00,68912,72.0,41.0,9.9,0.0,,,,
2026-04-01T15:18:18+00:00,68913,72.0,41.0,10.1,0.0,,,,
2026-04-01T15:21:18+00:00,68914,72.0,41.5,9.8,0.0,,,,
2026-04-01T15:24:18+00:00,68915,72.0,41.5,9.2,0.0,,,,
2026-04-01T15:27:18+00:00,68916,72.0,42.5,9.0,0.0,,,,
2026-04-01T15:30:18+00:00,68917,72.0,43.0,9.1,0.0,,,,
2026-04-01T15:33:18+00:00,68918,72.0,43.0,9.3,0.0,,,,
2026-04-01T15:36:18+00:00,68919,72.0,42.0,9.2,0.0,,,,
2026-04-01T15:39:18+00:00,68920,72.0,41.5,8.8,0.0,,,,
2026-04-01T15:42:18+00:00,68921,72.0,42.0,8.7,0.0,,,,
2026-04-01T15:45:18+00:00,68922,72.0,43.5,8.8,0.0,,,,
2026-04-01T15:48:18+00:00,68923,72.0,41.0,9.0,0.0,,,,
2026-04-01T15:51:18+00:00,68924,72.0,43.0,9.0,0.0,,,,
2026-04-01T15:54:18+00:00,68925,72.0,43.0,9.1,0.0,,,,
2026-04-01T15:57:18+00:00,68926,72.0,42.5,9.2,0.0,,,,
2026-04-01T16:00:18+00:00,68927,72.0,43.0,9.6,0.0,,,,
2026-04-01T16:03:18+00:00,68928,72.0,42.0,9.3,0.0,,,,
2026-04-01T16:06:18+00:00,68929,72.0,43.0,9.1,0.0,,,,
2026-04-01T16:09:18+00:00,68930,72.0,43.0,8.9,0.0,,,,
2026-04-01T16:12:18+00:00,68931,72.0,43.0,9.0,0.0,,,,
2026-04-01T16:15:18+00:00,68932,72.0,42.5,8.8,0.0,,,,
2026-04-01T16:18:18+00:00,68933,72.0,42.0,8.5,0.0,,,,
2026-04-01T16:21:18+00:00,68934,72.0,42.5,8.5,0.0,,,,
2026-04-01T16:24:18+00:00,68935,72.0,43.0,8.5,0.0,,,,
2026-04-01T16:27:17+00:00,68936,72.0,43.5,8.5,0.0,,,,
2026-04-01T16:30:17+00:00,68937,72.0,44.0,8.4,0.0,,,,
2026-04-01T16:36:17+00:00,68938,72.0,44.0,8.6,0.0,,,,
2026-04-01T16:39:17+00:00,68939,72.0,43.5,8.6,0.0,,,,
2026-04-01T16:42:17+00:00,68940,72.0,43.5,8.6,0.0,,,,
2026-04-01T16:45:17+00:00,68941,72.0,44.5,8.6,0.0,,,,
2026-04-01T16:48:17+00:00,68942,72.0,44.0,8.4,0.0,,,,
2026-04-01T16:51:17+00:00,68943,72.0,45.0,8.2,0.0,,,,
2026-04-01T16:54:17+00:00,68944,72.0,45.0,8.1,0.0,,,,
2026-04-01T16:57:17+00:00,68945,72.0,45.5,8.0,0.0,,,,
2026-04-01T17:00:17+00:00,68946,72.0,45.0,8.1,0.0,,,,
2026-04-01T17:03:17+00:00,68947,72.0,45.5,8.1,0.0,,,,
2026-04-01T17:06:17+00:00,68948,72.0,46.0,8.0,0.0,,,,
2026-04-01T17:09:17+00:00,68949,72.0,45.0,8.0,0.0,,,,
2026-04-01T17:12:17+00:00,68950,72.0,46.0,7.9,0.0,,,,
2026-04-01T17:15:17+00:00,68951,72.0,46.0,7.8,0.0,,,,
2026-04-01T17:18:17+00:00,68952,72.0,46.0,7.9,0.0,,,,
2026-04-01T17:21:17+00:00,68953,72.0,45.0,7.7,0.0,,,,
2026-04-01T17:24:17+00:00,68954,72.0,46.0,7.7,0.0,,,,
2026-04-01T17:27:17+00:00,68955,72.0,46.5,7.6,0.0,,,,
2026-04-01T17:30:17+00:00,68956,72.0,45.5,7.6,0.0,,,,
2026-04-01T17:33:17+00:00,68957,72.0,47.0,7.3,0.0,,,,
2026-04-01T17:36:17+00:00,68958,72.0,46.5,7.2,0.0,,,,
2026-04-01T17:39:17+00:00,68959,72.0,47.0,7.1,0.0,,,,
2026-04-01T17:42:17+00:00,68960,72.0,47.5,7.0,0.0,,,,
2026-04-01T17:45:17+00:00,68961,72.0,47.5,6.9,0.0,,,,
2026-04-01T17:48:17+00:00,68962,72.0,48.5,6.7,0.0,,,,
2026-04-01T17:51:17+00:00,68963,72.0,48.5,6.5,0.0,,,,
2026-04-01T17:54:17+00:00,68964,72.0,49.5,6.4,0.0,,,,
2026-04-01T17:57:17+00:00,68965,72.0,50.0,6.2,0.0,,,,
2026-04-01T18:00:17+00:00,68966,72.0,51.0,6.2,0.0,,,,
2026-04-01T18:03:17+00:00,68967,72.0,51.5,6.0,0.0,,,,
2026-04-01T18:06:17+00:00,68968,72.0,51.5,5.8,0.0,,,,
2026-04-01T18:09:17+00:00,68969,72.0,52.0,5.7,0.0,,,,
2026-04-01T18:12:17+00:00,68970,72.0,52.0,5.6,0.0,,,,
2026-04-01T18:15:17+00:00,68971,72.0,53.0,5.5,0.0,,,,
2026-04-01T18:18:17+00:00,68972,72.0,53.5,5.4,0.0,,,,
2026-04-01T18:21:17+00:00,68973,72.0,54.0,5.4,0.0,,,,
2026-04-01T18:24:17+00:00,68974,72.0,55.0,5.3,0.0,,,,
2026-04-01T18:27:17+00:00,68975,72.0,55.0,5.1,0.0,,,,
2026-04-01T18:30:17+00:00,68976,72.0,55.5,5.2,0.0,,,,
2026-04-01T18:33:17+00:00,68977,72.0,56.0,5.1,0.0,,,,
2026-04-01T18:36:17+00:00,68978,72.0,56.5,5.0,0.0,,,,
2026-04-01T18:39:17+00:00,68979,72.0,57.0,4.9,0.0,,,,
2026-04-01T18:42:17+00:00,68980,72.0,57.0,4.9,0.0,,,,
2026-04-01T18:45:17+00:00,68981,72.0,57.5,4.9,0.0,,,,
2026-04-01T18:48:17+00:00,68982,72.0,57.5,4.8,0.0,,,,
2026-04-01T18:51:17+00:00,68983,72.0,58.0,4.8,0.0,,,,
2026-04-01T18:54:17+00:00,68984,72.0,58.5,4.8,0.0,,,,
2026-04-01T18:57:17+00:00,68985,72.0,59.0,4.7,0.0,,,,
2026-04-01T19:00:17+00:00,68986,72.0,58.5,4.7,0.0,,,,
2026-04-01T19:03:17+00:00,68987,72.0,59.0,4.6,0.0,,,,
2026-04-01T19:06:17+00:00,68988,72.0,59.0,4.5,0.0,,,,
2026-04-01T19:09:17+00:00,68989,72.0,59.0,4.6,0.0,,,,
2026-04-01T19:12:17+00:00,68990,72.0,59.5,4.5,0.0,,,,
2026-04-01T19:15:17+00:00,68991,72.0,59.5,4.3,0.0,,,,
2026-04-01T19:18:17+00:00,68992,72.0,59.0,4.3,0.0,,,,
2026-04-01T19:21:17+00:00,68993,72.0,59.0,4.3,0.0,,,,
2026-04-01T19:24:17+00:00,68994,72.0,59.5,4.3,0.0,,,,
2026-04-01T19:27:17+00:00,68995,72.0,59.5,4.2,0.0,,,,
2026-04-01T19:30:17+00:00,68996,72.0,60.0,4.1,0.0,,,,
2026-04-01T19:33:17+00:00,68997,72.0,60.0,4.2,0.0,,,,
2026-04-01T19:36:17+00:00,68998,72.0,60.0,4.1,0.0,,,,
2026-04-01T19:39:17+00:00,68999,72.0,60.0,4.1,0.0,,,,
2026-04-01T19:42:17+00:00,69000,72.0,60.5,4.0,0.0,,,,
2026-04-01T19:45:45+00:00,69001,72.0,60.5,4.0,0.0,,,,
2026-04-01T19:48:17+00:00,69002,72.0,60.5,4.0,0.0,,,,
2026-04-01T19:51:17+00:00,69003,72.0,60.5,3.9,0.0,,,,
2026-04-01T19:54:17+00:00,69004,72.0,61.0,3.8,0.0,,,,
2026-04-01T19:57:17+00:00,69005,72.0,61.5,4.0,0.0,,,,
2026-04-01T20:00:17+00:00,69006,72.0,61.5,3.8,0.0,,,,
2026-04-01T20:03:17+00:00,69007,72.0,61.5,3.8,0.0,,,,
2026-04-01T20:06:17+00:00,69008,72.0,61.0,3.9,0.0,,,,
2026-04-01T20:09:17+00:00,69009,72.0,61.0,3.8,0.0,,,,
2026-04-01T20:12:17+00:00,69010,72.0,61.5,3.7,0.0,,,,
2026-04-01T20:15:17+00:00,69011,72.0,61.5,3.7,0.0,,,,
2026-04-01T20:18:17+00:00,69012,72.0,61.5,3.6,0.0,,,,
2026-04-01T20:21:17+00:00,69013,72.0,61.5,3.7,0.0,,,,
2026-04-01T20:24:17+00:00,69014,72.0,61.5,3.7,0.0,,,,
2026-04-01T20:27:17+00:00,69015,72.0,61.5,3.7,0.0,,,,
2026-04-01T20:30:17+00:00,69016,72.0,61.5,3.6,0.0,,,,
2026-04-01T20:33:17+00:00,69017,72.0,61.5,3.7,0.0,,,,
2026-04-01T20:36:17+00:00,69018,72.0,62.0,3.7,0.0,,,,
2026-04-01T20:39:17+00:00,69019,72.0,62.0,3.7,0.0,,,,
2026-04-01T20:42:17+00:00,69020,72.0,62.0,3.6,0.0,,,,
2026-04-01T20:45:17+00:00,69021,72.0,61.5,3.6,0.0,,,,
2026-04-01T20:48:17+00:00,69022,72.0,62.0,3.6,0.0,,,,
2026-04-01T20:51:17+00:00,69023,72.0,61.5,3.6,0.0,,,,
2026-04-01T20:54:17+00:00,69024,72.0,62.0,3.5,0.0,,,,
2026-04-01T20:57:17+00:00,69025,72.0,62.0,3.6,0.0,,,,
2026-04-01T21:00:17+00:00,69026,72.0,62.0,3.6,0.0,,,,
2026-04-01T21:03:17+00:00,69027,72.0,62.0,3.6,0.0,,,,
2026-04-01T21:06:17+00:00,69028,72.0,62.0,3.6,0.0,,,,
2026-04-01T21:09:17+00:00,69029,72.0,62.5,3.7,0.0,,,,
2026-04-01T21:12:17+00:00,69030,72.0,63.0,3.6,0.0,,,,
2026-04-01T21:15:17+00:00,69031,72.0,62.5,3.7,0.0,,,,
2026-04-01T21:18:17+00:00,69032,72.0,63.0,3.7,0.0,,,,
2026-04-01T21:21:17+00:00,69033,72.0,63.0,3.7,0.0,,,,
2026-04-01T21:24:17+00:00,69034,72.0,63.5,3.7,0.0,,,,
2026-04-01T21:27:17+00:00,69035,72.0,63.5,3.6,0.0,,,,
2026-04-01T21:30:17+00:00,69036,72.0,63.5,3.6,0.0,,,,
2026-04-01T21:33:17+00:00,69037,72.0,64.0,3.5,0.0,,,,
2026-04-01T21:36:17+00:00,69038,72.0,64.0,3.5,0.0,,,,
2026-04-01T21:39:17+00:00,69039,72.0,64.0,3.6,0.0,,,,
2026-04-01T21:42:17+00:00,69040,72.0,64.0,3.5,0.0,,,,
2026-04-01T21:45:17+00:00,69041,72.0,64.5,3.5,0.0,,,,
2026-04-01T21:48:17+00:00,69042,72.0,64.5,3.5,0.0,,,,
2026-04-01T21:51:17+00:00,69043,72.0,64.5,3.5,0.0,,,,
2026-04-01T21:54:17+00:00,69044,72.0,65.0,3.4,0.0,,,,
2026-04-01T21:57:17+00:00,69045,72.0,65.0,3.4,0.0,,,,
2026-04-01T22:00:17+00:00,69046,72.0,65.0,3.4,0.0,,,,
2026-04-01T22:03:17+00:00,69047,72.0,65.5,3.4,0.0,,,,
2026-04-01T22:06:17+00:00,69048,72.0,65.5,3.4,0.0,,,,
2026-04-01T22:09:17+00:00,69049,72.0,65.5,3.4,0.0,,,,
2026-04-01T22:12:17+00:00,69050,72.0,66.0,3.2,0.0,,,,
2026-04-01T22:15:17+00:00,69051,72.0,66.0,3.3,0.0,,,,
2026-04-01T22:18:17+00:00,69052,72.0,66.5,3.3,0.0,,,,
2026-04-01T22:21:17+00:00,69053,72.0,66.5,3.2,0.0,,,,
2026-04-01T22:24:17+00:00,69054,72.0,66.5,3.2,0.0,,,,
2026-04-01T22:27:17+00:00,69055,72.0,67.0,3.2,0.0,,,,
2026-04-01T22:30:17+00:00,69056,72.0,67.0,3.2,0.0,,,,
2026-04-01T22:33:17+00:00,69057,72.0,67.0,3.2,0.0,,,,
2026-04-01T22:36:17+00:00,69058,72.0,67.0,3.2,0.0,,,,
2026-04-01T22:39:17+00:00,69059,72.0,67.0,3.2,0.0,,,,
2026-04-01T22:42:17+00:00,69060,72.0,67.5,3.2,0.0,,,,
2026-04-01T22:45:17+00:00,69061,72.0,67.5,3.1,0.0,,,,
2026-04-01T22:48:17+00:00,69062,72.0,67.5,3.2,0.0,,,,
2026-04-01T22:51:17+00:00,69063,72.0,67.5,3.1,0.0,,,,
2026-04-01T22:54:17+00:00,69064,72.0,68.0,3.2,0.0,,,,
2026-04-01T22:57:17+00:00,69065,72.0,68.0,3.2,0.0,,,,
2026-04-01T23:00:17+00:00,69066,72.0,68.0,3.1,0.0,,,,
2026-04-01T23:03:17+00:00,69067,72.0,68.0,3.2,0.0,,,,
2026-04-01T23:06:17+00:00,69068,72.0,68.0,3.1,0.0,,,,
2026-04-01T23:09:17+00:00,69069,72.0,68.5,3.1,0.0,,,,
2026-04-01T23:12:17+00:00,69070,72.0,68.5,3.2,0.0,,,,
2026-04-01T23:15:17+00:00,69071,72.0,68.5,3.1,0.0,,,,
2026-04-01T23:18:17+00:00,69072,72.0,68.5,3.2,0.0,,,,
2026-04-01T23:21:17+00:00,69073,72.0,69.0,3.2,0.0,,,,
2026-04-01T23:24:17+00:00,69074,72.0,69.0,2.9,0.0,,,,
2026-04-01T23:27:17+00:00,69075,72.0,69.0,3.1,0.0,,,,
2026-04-01T23:30:17+00:00,69076,72.0,69.0,3.0,0.0,,,,
2026-04-01T23:33:17+00:00,69077,72.0,69.0,2.9,0.0,,,,
2026-04-01T23:36:17+00:00,69078,72.0,69.5,2.9,0.0,,,,
2026-04-01T23:39:17+00:00,69079,72.0,69.0,2.8,0.0,,,,
2026-04-01T23:42:17+00:00,69080,72.0,69.5,2.9,0.0,,,,
2026-04-01T23:45:17+00:00,69081,72.0,69.5,3.0,0.0,,,,
2026-04-01T23:48:17+00:00,69082,72.0,70.0,3.0,0.0,,,,
2026-04-01T23:51:17+00:00,69083,72.0,70.0,2.9,0.0,,,,
2026-04-01T23:54:17+00:00,69084,72.0,70.0,3.0,0.0,,,,
2026-04-01T23:57:17+00:00,69085,72.0,69.0,3.0,0.0,,,,
2026-04-02T00:00:17+00:00,69086,72.0,70.0,2.9,0.0,,,,
2026-04-02T00:03:17+00:00,69087,72.0,69.5,2.9,0.0,,,,
2026-04-02T00:06:17+00:00,69088,72.0,69.5,2.9,0.0,,,,
2026-04-02T00:09:17+00:00,69089,72.0,69.5,2.8,0.0,,,,
2026-04-02T00:12:17+00:00,69090,72.0,69.5,2.8,0.0,,,,
2026-04-02T00:15:17+00:00,69091,72.0,69.5,2.8,0.0,,,,
2026-04-02T00:18:17+00:00,69092,72.0,69.0,2.8,0.0,,,,
2026-04-02T00:21:17+00:00,69093,72.0,69.0,2.7,0.0,,,,
2026-04-02T00:24:17+00:00,69094,72.0,70.0,2.5,0.0,,,,
2026-04-02T00:27:17+00:00,69095,72.0,70.5,2.4,0.0,,,,
2026-04-02T00:30:17+00:00,69096,72.0,70.0,2.4,0.0,,,,
2026-04-02T00:33:17+00:00,69097,72.0,70.5,2.4,0.0,,,,
2026-04-02T00:36:17+00:00,69098,72.0,71.0,2.3,0.0,,,,
2026-04-02T00:39:17+00:00,69099,72.0,71.5,2.3,0.0,,,,
2026-04-02T00:42:17+00:00,69100,72.0,71.5,2.3,0.0,,,,
2026-04-02T00:45:17+00:00,69101,72.0,71.0,2.2,0.0,,,,
2026-04-02T00:48:17+00:00,69102,72.0,71.5,2.1,0.0,,,,
2026-04-02T00:51:17+00:00,69103,72.0,71.5,2.1,0.0,,,,
2026-04-02T00:54:17+00:00,69104,72.0,71.5,2.1,0.0,,,,
2026-04-02T00:57:17+00:00,69105,72.0,72.0,2.1,0.0,,,,
2026-04-02T01:00:17+00:00,69106,72.0,72.0,2.1,0.0,,,,
2026-04-02T01:03:17+00:00,69107,72.0,72.0,2.0,0.0,,,,
2026-04-02T01:06:17+00:00,69108,72.0,72.5,1.9,0.0,,,,
2026-04-02T01:09:17+00:00,69109,72.0,72.5,1.9,0.0,,,,
2026-04-02T01:12:17+00:00,69110,72.0,72.5,2.0,0.0,,,,
2026-04-02T01:15:17+00:00,69111,72.0,72.5,1.8,0.0,,,,
2026-04-02T01:18:17+00:00,69112,72.0,73.0,1.6,0.0,,,,
2026-04-02T01:21:17+00:00,69113,72.0,73.5,1.5,0.0,,,,
2026-04-02T01:24:17+00:00,69114,72.0,74.0,1.4,0.0,,,,
2026-04-02T01:27:17+00:00,69115,72.0,75.0,1.4,0.0,,,,
2026-04-02T01:30:17+00:00,69116,72.0,75.0,1.5,0.0,,,,
2026-04-02T01:33:17+00:00,69117,72.0,74.0,1.6,0.0,,,,
2026-04-02T01:36:17+00:00,69118,72.0,74.0,1.7,0.0,,,,
2026-04-02T01:39:17+00:00,69119,72.0,73.5,1.7,0.0,,,,
2026-04-02T01:42:17+00:00,69120,72.0,73.5,1.7,0.0,,,,
2026-04-02T01:45:17+00:00,69121,72.0,73.5,1.6,0.0,,,,
2026-04-02T01:48:17+00:00,69122,72.0,74.0,1.5,0.0,,,,
2026-04-02T01:51:17+00:00,69123,72.0,74.0,1.7,0.0,,,,
2026-04-02T01:54:17+00:00,69124,72.0,73.0,1.9,0.0,,,,
2026-04-02T01:57:17+00:00,69125,72.0,73.0,1.7,0.0,,,,
2026-04-02T02:00:17+00:00,69126,72.0,73.5,1.9,0.0,,,,
2026-04-02T02:03:17+00:00,69127,72.0,73.0,1.8,0.0,,,,
2026-04-02T02:06:17+00:00,69128,72.0,73.0,1.8,0.0,,,,
2026-04-02T02:09:17+00:00,69129,72.0,73.0,1.8,0.0,,,,
2026-04-02T02:12:17+00:00,69130,72.0,73.5,1.8,0.0,,,,
2026-04-02T02:15:17+00:00,69131,72.0,73.5,1.7,0.0,,,,
2026-04-02T02:18:17+00:00,69132,72.0,73.5,1.8,0.0,,,,
2026-04-02T02:21:17+00:00,69133,72.0,73.5,1.8,0.0,,,,
2026-04-02T02:24:17+00:00,69134,72.0,73.5,1.9,0.0,,,,
2026-04-02T02:27:17+00:00,69135,72.0,73.0,1.9,0.0,,,,
2026-04-02T02:30:17+00:00,69136,72.0,73.0,1.8,0.0,,,,
2026-04-02T02:33:17+00:00,69137,72.0,73.5,1.8,0.0,,,,
2026-04-02T02:36:17+00:00,69138,72.0,73.0,2.0,0.0,,,,
2026-04-02T02:39:16+00:00,69139,72.0,72.5,2.0,0.0,,,,
2026-04-02T02:42:17+00:00,69140,72.0,72.5,2.0,0.0,,,,
2026-04-02T02:45:17+00:00,69141,72.0,73.0,1.8,0.0,,,,
2026-04-02T02:48:16+00:00,69142,72.0,73.0,1.8,0.0,,,,
2026-04-02T02:51:16+00:00,69143,72.0,73.0,1.8,0.0,,,,
2026-04-02T02:54:16+00:00,69144,72.0,73.5,1.8,0.0,,,,
2026-04-02T02:57:17+00:00,69145,72.0,73.5,1.9,0.0,,,,
2026-04-02T03:00:16+00:00,69146,72.0,73.0,1.9,0.0,,,,
2026-04-02T03:03:16+00:00,69147,72.0,73.5,1.9,0.0,,,,
2026-04-02T03:06:16+00:00,69148,72.0,73.5,1.9,0.0,,,,
2026-04-02T03:09:16+00:00,69149,72.0,74.0,1.9,0.0,,,,
2026-04-02T03:12:16+00:00,69150,72.0,74.5,1.8,0.0,,,,
2026-04-02T03:15:16+00:00,69151,72.0,74.5,1.6,0.0,,,,
2026-04-02T03:18:16+00:00,69152,72.0,75.5,1.6,0.0,,,,
2026-04-02T03:21:16+00:00,69153,72.0,76.0,1.6,0.0,,,,
2026-04-02T03:24:16+00:00,69154,72.0,76.0,1.6,0.0,,,,
2026-04-02T03:27:16+00:00,69155,72.0,76.5,1.6,0.0,,,,
2026-04-02T03:30:16+00:00,69156,72.0,76.5,1.7,0.0,,,,
2026-04-02T03:33:16+00:00,69157,72.0,76.5,1.7,0.0,,,,
2026-04-02T03:36:16+00:00,69158,72.0,77.0,1.6,0.0,,,,
2026-04-02T03:39:16+00:00,69159,72.0,77.0,1.6,0.0,,,,
2026-04-02T03:42:16+00:00,69160,72.0,77.5,1.4,0.0,,,,
2026-04-02T03:45:16+00:00,69161,72.0,78.0,1.5,0.0,,,,
2026-04-02T03:48:16+00:00,69162,72.0,77.5,1.6,0.0,,,,
2026-04-02T03:51:16+00:00,69163,72.0,77.5,1.5,0.0,,,,
2026-04-02T03:54:16+00:00,69164,72.0,77.5,1.5,0.0,,,,
2026-04-02T03:57:16+00:00,69165,72.0,78.0,1.5,0.0,,,,
2026-04-02T04:00:16+00:00,69166,72.0,78.0,1.5,0.0,,,,
2026-04-02T04:03:16+00:00,69167,72.0,78.5,1.5,0.0,,,,
2026-04-02T04:06:16+00:00,69168,72.0,78.0,1.4,0.0,,,,
2026-04-02T04:09:16+00:00,69169,72.0,78.0,1.5,0.0,,,,
2026-04-02T04:12:16+00:00,69170,72.0,78.0,1.5,0.0,,,,
2026-04-02T04:15:16+00:00,69171,72.0,78.0,1.6,0.0,,,,
2026-04-02T04:18:16+00:00,69172,72.0,78.0,1.6,0.0,,,,
2026-04-02T04:21:16+00:00,69173,72.0,78.5,1.6,0.0,,,,
2026-04-02T04:24:16+00:00,69174,72.0,78.5,1.6,0.0,,,,
2026-04-02T04:27:16+00:00,69175,72.0,78.0,1.5,0.0,,,,
2026-04-02T04:30:16+00:00,69176,72.0,78.0,1.6,0.0,,,,
2026-04-02T04:33:16+00:00,69177,72.0,78.0,1.6,0.0,,,,
2026-04-02T04:36:16+00:00,69178,72.0,78.5,1.6,0.0,,,,
2026-04-02T04:39:16+00:00,69179,72.0,78.5,1.6,0.0,,,,
2026-04-02T04:42:16+00:00,69180,72.0,78.5,1.6,0.0,,,,
2026-04-02T04:45:16+00:00,69181,72.0,79.0,1.7,0.0,,,,
2026-04-02T04:48:16+00:00,69182,72.0,78.5,1.6,0.0,,,,
2026-04-02T04:51:16+00:00,69183,72.0,78.5,1.6,0.0,,,,
2026-04-02T04:54:16+00:00,69184,72.0,79.0,1.6,0.0,,,,
2026-04-02T04:57:16+00:00,69185,72.0,79.0,1.5,0.0,,,,
2026-04-02T05:00:16+00:00,69186,72.0,79.0,1.7,0.0,,,,
2026-04-02T05:03:16+00:00,69187,72.0,79.0,1.6,0.0,,,,
2026-04-02T05:06:16+00:00,69188,72.0,79.0,1.6,0.0,,,,
2026-04-02T05:09:16+00:00,69189,72.0,79.0,1.7,0.0,,,,
2026-04-02T05:12:16+00:00,69190,72.0,78.5,1.7,0.0,,,,
2026-04-02T05:15:16+00:00,69191,72.0,79.0,1.7,0.0,,,,
2026-04-02T05:18:16+00:00,69192,72.0,79.0,1.7,0.0,,,,
2026-04-02T05:21:16+00:00,69193,72.0,79.0,1.7,0.0,,,,
2026-04-02T05:24:16+00:00,69194,72.0,79.0,1.7,0.0,,,,
2026-04-02T05:27:16+00:00,69195,72.0,79.0,1.7,0.0,,,,
2026-04-02T05:30:16+00:00,69196,72.0,79.0,1.8,0.0,,,,
2026-04-02T05:33:16+00:00,69197,72.0,79.0,1.8,0.0,,,,
2026-04-02T05:36:16+00:00,69198,72.0,79.0,1.8,0.0,,,,
2026-04-02T05:39:16+00:00,69199,72.0,79.0,1.8,0.0,,,,
2026-04-02T05:42:16+00:00,69200,72.0,78.5,1.9,0.0,,,,
2026-04-02T05:45:16+00:00,69201,72.0,78.5,1.9,0.0,,,,
2026-04-02T05:48:16+00:00,69202,72.0,78.5,1.8,0.0,,,,
2026-04-02T05:51:16+00:00,69203,72.0,78.5,1.9,0.0,,,,
2026-04-02T05:54:16+00:00,69204,72.0,78.5,1.9,0.0,,,,
2026-04-02T05:57:16+00:00,69205,72.0,78.5,1.9,0.0,,,,
2026-04-02T06:00:16+00:00,69206,72.0,78.5,1.8,0.0,,,,
2026-04-02T06:03:16+00:00,69207,72.0,78.5,2.0,0.0,,,,
2026-04-02T06:06:16+00:00,69208,72.0,78.5,1.9,0.0,,,,
2026-04-02T06:09:16+00:00,69209,72.0,78.5,1.9,0.0,,,,
2026-04-02T06:12:16+00:00,69210,72.0,78.5,2.0,0.0,,,,
2026-04-02T06:15:16+00:00,69211,72.0,78.0,2.0,0.0,,,,
2026-04-02T06:18:16+00:00,69212,72.0,78.0,2.0,0.0,,,,
2026-04-02T06:21:16+00:00,69213,72.0,78.0,2.0,0.0,,,,
2026-04-02T06:24:16+00:00,69214,72.0,78.0,2.1,0.0,,,,
2026-04-02T06:27:16+00:00,69215,72.0,78.0,2.1,0.0,,,,
2026-04-02T06:30:16+00:00,69216,72.0,78.0,2.1,0.0,,,,
2026-04-02T06:33:16+00:00,69217,72.0,77.5,2.1,0.0,,,,
2026-04-02T06:36:16+00:00,69218,72.0,77.5,2.2,0.0,,,,
2026-04-02T06:39:16+00:00,69219,72.0,77.5,2.2,0.0,,,,
2026-04-02T06:42:16+00:00,69220,72.0,77.0,2.4,0.0,,,,
2026-04-02T06:45:16+00:00,69221,72.0,76.0,2.7,0.0,,,,
2026-04-02T06:48:16+00:00,69222,72.0,75.5,2.9,0.0,,,,
2026-04-02T06:51:16+00:00,69223,72.0,73.5,3.3,0.0,,,,
2026-04-02T06:54:16+00:00,69224,72.0,72.5,3.5,0.0,,,,
2026-04-02T06:57:16+00:00,69225,72.0,72.0,3.6,0.0,,,,
2026-04-02T07:00:16+00:00,69226,72.0,72.0,3.5,0.0,,,,
2026-04-02T07:03:16+00:00,69227,72.0,72.5,3.4,0.0,,,,
2026-04-02T07:06:16+00:00,69228,72.0,73.0,3.3,0.0,,,,
2026-04-02T07:09:16+00:00,69229,72.0,73.0,3.2,0.0,,,,
2026-04-02T07:12:16+00:00,69230,72.0,73.5,3.1,0.0,,,,
2026-04-02T07:15:16+00:00,69231,72.0,73.0,3.2,0.0,,,,
2026-04-02T07:18:16+00:00,69232,72.0,73.0,3.2,0.0,,,,
2026-04-02T07:21:16+00:00,69233,72.0,72.5,3.3,0.0,,,,
2026-04-02T07:24:16+00:00,69234,72.0,71.5,3.8,0.0,,,,
2026-04-02T07:27:16+00:00,69235,72.0,70.5,4.0,0.0,,,,
2026-04-02T07:30:16+00:00,69236,72.0,70.5,4.0,0.0,,,,
2026-04-02T07:33:16+00:00,69237,72.0,70.0,4.0,0.0,,,,
2026-04-02T07:36:16+00:00,69238,72.0,70.5,4.0,0.0,,,,
2026-04-02T07:39:16+00:00,69239,72.0,69.5,4.1,0.0,,,,
2026-04-02T07:42:16+00:00,69240,72.0,68.5,4.0,0.0,,,,
2026-04-02T07:45:16+00:00,69241,72.0,68.5,4.1,0.0,,,,
2026-04-02T07:48:16+00:00,69242,72.0,68.5,4.1,0.0,,,,
2026-04-02T07:51:16+00:00,69243,72.0,68.5,4.2,0.0,,,,
2026-04-02T07:54:16+00:00,69244,72.0,68.5,4.2,0.0,,,,
2026-04-02T07:57:16+00:00,69245,72.0,67.5,4.4,0.0,,,,
2026-04-02T08:00:16+00:00,69246,72.0,66.5,4.7,0.0,,,,
2026-04-02T08:03:16+00:00,69247,72.0,67.0,4.8,0.0,,,,
2026-04-02T08:06:16+00:00,69248,72.0,66.0,5.1,0.0,,,,
2026-04-02T08:09:16+00:00,69249,72.0,64.5,5.2,0.0,,,,
2026-04-02T08:12:16+00:00,69250,72.0,63.0,5.4,0.0,,,,
2026-04-02T08:15:16+00:00,69251,72.0,63.5,5.5,0.0,,,,
2026-04-02T08:18:16+00:00,69252,72.0,63.0,5.5,0.0,,,,
2026-04-02T08:21:16+00:00,69253,72.0,62.0,5.7,0.0,,,,
2026-04-02T08:24:16+00:00,69254,72.0,62.5,5.6,0.0,,,,
2026-04-02T08:27:16+00:00,69255,72.0,62.0,5.9,0.0,,,,
2026-04-02T08:30:16+00:00,69256,72.0,62.0,6.0,0.0,,,,
2026-04-02T08:33:16+00:00,69257,72.0,61.5,6.0,0.0,,,,
2026-04-02T08:36:16+00:00,69258,72.0,63.0,6.2,0.0,,,,
2026-04-02T08:39:16+00:00,69259,72.0,62.5,6.2,0.0,,,,
2026-04-02T08:42:16+00:00,69260,72.0,61.5,6.6,0.0,,,,
2026-04-02T08:45:16+00:00,69261,72.0,61.5,7.0,0.0,,,,
2026-04-02T08:48:16+00:00,69262,72.0,60.0,7.2,0.0,,,,
2026-04-02T08:51:16+00:00,69263,72.0,59.5,7.5,0.0,,,,
2026-04-02T08:54:16+00:00,69264,72.0,57.5,7.6,0.0,,,,
2026-04-02T09:00:16+00:00,69265,72.0,54.0,8.1,0.0,,,,
2026-04-02T09:03:16+00:00,69266,72.0,53.0,8.3,0.0,,,,
2026-04-02T09:06:16+00:00,69267,72.0,52.5,8.2,0.0,,,,
2026-04-02T09:09:16+00:00,69268,72.0,53.0,8.3,0.0,,,,
2026-04-02T09:12:16+00:00,69269,72.0,52.0,8.3,0.0,,,,
2026-04-02T09:15:16+00:00,69270,72.0,52.5,8.5,0.0,,,,
2026-04-02T09:18:16+00:00,69271,72.0,52.5,9.3,0.0,,,,
2026-04-02T09:21:16+00:00,69272,72.0,51.0,9.3,0.0,,,,
2026-04-02T09:24:16+00:00,69273,72.0,50.5,8.9,0.0,,,,
2026-04-02T09:27:16+00:00,69274,72.0,52.0,9.0,0.0,,,,
2026-04-02T09:30:16+00:00,69275,72.0,50.0,9.0,0.0,,,,
2026-04-02T09:33:16+00:00,69276,72.0,51.5,9.3,0.0,,,,
2026-04-02T09:36:16+00:00,69277,72.0,50.5,9.6,0.0,,,,
2026-04-02T09:39:16+00:00,69278,72.0,49.0,10.0,0.0,,,,
2026-04-02T09:42:16+00:00,69279,72.0,49.5,10.0,0.0,,,,