Source_File,DateTime,Precipitation
GEOP_20260402.csv,2025-07-29 12:39:23,0.0
GEOP_20260402.csv,2025-07-29 12:42:23,0.0
GEOP_20260402.csv,2025-07-29 12:45:23,0.0
GEOP_20260402.csv,2025-07-29 12:48:23,0.0
GEOP_20260402.csv,2025-07-29 12:51:23,0.0
GEOP_20260402.csv,2025-07-29 12:54:23,0.0
GEOP_20260402.csv,2025-07-29 12:57:23,0.0
GEOP_20260402.csv,2025-07-29 13:00:23,0.0
GEOP_20260402.csv,2025-07-29 13:03:23,0.0
GEOP_20260402.csv,2025-07-29 13:06:23,0.0
GEOP_20260402.csv,2025-07-29 13:09:23,0.0
GEOP_20260402.csv,2025-07-29 13:12:23,0.0
GEOP_20260402.csv,2025-07-29 13:15:23,0.0
GEOP_20260402.csv,2025-07-29 13:18:23,0.0
GEOP_20260402.csv,2025-07-29 13:21:23,0.0
GEOP_20260402.csv,2025-07-29 13:24:23,0.0
GEOP_20260402.csv,2025-07-29 13:27:23,0.0
GEOP_20260402.csv,2025-07-29 13:30:23,0.0
GEOP_20260402.csv,2025-07-29 13:33:23,0.0
GEOP_20260402.csv,2025-07-29 13:36:23,0.0
GEOP_20260402.csv,2025-07-29 13:39:23,0.0
GEOP_20260402.csv,2025-07-29 13:42:23,0.0
GEOP_20260402.csv,2025-07-29 13:45:23,0.0
GEOP_20260402.csv,2025-07-29 13:48:23,0.0
GEOP_20260402.csv,2025-07-29 13:51:23,0.0
GEOP_20260402.csv,2025-07-29 13:54:23,0.0
GEOP_20260402.csv,2025-07-29 13:57:23,0.0
GEOP_20260402.csv,2025-07-29 14:00:23,0.0
GEOP_20260402.csv,2025-07-29 14:03:22,0.0
GEOP_20260402.csv,2025-07-29 14:06:22,0.0
GEOP_20260402.csv,2025-07-29 14:09:22,0.0
GEOP_20260402.csv,2025-07-29 14:12:22,0.0
GEOP_20260402.csv,2025-07-29 14:15:22,0.0
GEOP_20260402.csv,2025-07-29 14:18:22,0.0
GEOP_20260402.csv,2025-07-29 14:21:22,0.0
GEOP_20260402.csv,2025-07-29 14:24:22,0.0
GEOP_20260402.csv,2025-07-29 14:27:22,0.0
GEOP_20260402.csv,2025-07-29 14:30:22,0.0
GEOP_20260402.csv,2025-07-29 14:33:22,0.0
GEOP_20260402.csv,2025-07-29 14:36:22,0.0
GEOP_20260402.csv,2025-07-29 14:39:22,0.0
GEOP_20260402.csv,2025-07-29 14:42:22,0.0
GEOP_20260402.csv,2025-07-29 14:45:22,0.0
GEOP_20260402.csv,2025-07-29 14:48:22,0.0
GEOP_20260402.csv,2025-07-29 14:51:22,0.0
GEOP_20260402.csv,2025-07-29 14:54:22,0.0
GEOP_20260402.csv,2025-07-29 14:57:22,0.0
GEOP_20260402.csv,2025-07-29 15:00:22,0.0
GEOP_20260402.csv,2025-07-29 15:03:22,0.0
GEOP_20260402.csv,2025-07-29 15:06:22,0.0
GEOP_20260402.csv,2025-07-29 15:09:22,0.0
GEOP_20260402.csv,2025-07-29 15:12:22,0.0
GEOP_20260402.csv,2025-07-29 15:15:22,0.0
GEOP_20260402.csv,2025-07-29 15:18:22,0.0
GEOP_20260402.csv,2025-07-29 15:21:22,0.0
GEOP_20260402.csv,2025-07-29 15:24:22,0.0
GEOP_20260402.csv,2025-07-29 15:27:22,0.0
GEOP_20260402.csv,2025-07-29 15:30:22,0.0
GEOP_20260402.csv,2025-07-29 15:33:22,0.0
GEOP_20260402.csv,2025-07-29 15:36:22,0.0
GEOP_20260402.csv,2025-07-29 15:39:22,0.0
GEOP_20260402.csv,2025-07-29 15:42:22,0.0
GEOP_20260402.csv,2025-07-29 15:45:22,0.0
GEOP_20260402.csv,2025-07-29 15:48:22,0.0
GEOP_20260402.csv,2025-07-29 15:51:22,0.0
GEOP_20260402.csv,2025-07-29 15:54:22,0.0
GEOP_20260402.csv,2025-07-29 15:57:22,0.0
GEOP_20260402.csv,2025-07-29 16:00:22,0.0
GEOP_20260402.csv,2025-07-29 16:03:22,0.0
GEOP_20260402.csv,2025-07-29 16:06:22,0.0
GEOP_20260402.csv,2025-07-29 16:09:22,0.0
GEOP_20260402.csv,2025-07-29 16:12:22,0.0
GEOP_20260402.csv,2025-07-29 16:15:22,0.0
GEOP_20260402.csv,2025-07-29 16:18:22,0.0
GEOP_20260402.csv,2025-07-29 16:21:22,0.0
GEOP_20260402.csv,2025-07-29 16:24:22,0.0
GEOP_20260402.csv,2025-07-29 16:27:22,0.0
GEOP_20260402.csv,2025-07-29 16:30:22,0.0
GEOP_20260402.csv,2025-07-29 16:33:22,0.0
GEOP_20260402.csv,2025-07-29 16:36:22,0.0
GEOP_20260402.csv,2025-07-29 16:39:22,0.0
GEOP_20260402.csv,2025-07-29 16:42:22,0.0
GEOP_20260402.csv,2025-07-29 16:45:22,0.0
GEOP_20260402.csv,2025-07-29 16:48:22,0.0
GEOP_20260402.csv,2025-07-29 16:51:22,0.0
GEOP_20260402.csv,2025-07-29 16:54:22,0.0
GEOP_20260402.csv,2025-07-29 16:57:22,0.0
GEOP_20260402.csv,2025-07-29 17:00:22,0.0
GEOP_20260402.csv,2025-07-29 17:03:22,0.0
GEOP_20260402.csv,2025-07-29 17:06:22,0.0
GEOP_20260402.csv,2025-07-29 17:09:22,0.0
GEOP_20260402.csv,2025-07-29 17:12:22,0.0
GEOP_20260402.csv,2025-07-29 17:15:22,0.0
GEOP_20260402.csv,2025-07-29 17:18:22,0.0
GEOP_20260402.csv,2025-07-29 17:21:22,0.0
GEOP_20260402.csv,2025-07-29 17:24:22,0.0
GEOP_20260402.csv,2025-07-29 17:27:22,0.0
GEOP_20260402.csv,2025-07-29 17:30:22,0.0
GEOP_20260402.csv,2025-07-29 17:33:22,0.0
GEOP_20260402.csv,2025-07-29 17:36:22,0.0
GEOP_20260402.csv,2025-07-29 17:39:22,0.0
GEOP_20260402.csv,2025-07-29 17:42:22,0.0
GEOP_20260402.csv,2025-07-29 17:45:22,0.0
GEOP_20260402.csv,2025-07-29 17:48:22,0.0
GEOP_20260402.csv,2025-07-29 17:51:22,0.0
GEOP_20260402.csv,2025-07-29 17:54:22,0.0
GEOP_20260402.csv,2025-07-29 17:57:22,0.0
GEOP_20260402.csv,2025-07-29 18:00:22,0.0
GEOP_20260402.csv,2025-07-29 18:03:22,0.0
GEOP_20260402.csv,2025-07-29 18:06:22,0.0
GEOP_20260402.csv,2025-07-29 18:09:22,0.0
GEOP_20260402.csv,2025-07-29 18:12:22,0.0
GEOP_20260402.csv,2025-07-29 18:15:22,0.0
GEOP_20260402.csv,2025-07-29 18:18:22,0.0
GEOP_20260402.csv,2025-07-29 18:21:22,0.0
GEOP_20260402.csv,2025-07-29 18:24:22,0.0
GEOP_20260402.csv,2025-07-29 18:27:22,0.0
GEOP_20260402.csv,2025-07-29 18:30:22,0.0
GEOP_20260402.csv,2025-07-29 18:33:22,0.0
GEOP_20260402.csv,2025-07-29 18:36:22,0.0
GEOP_20260402.csv,2025-07-29 18:39:22,0.0
GEOP_20260402.csv,2025-07-29 18:42:22,0.0
GEOP_20260402.csv,2025-07-29 18:45:22,0.0
GEOP_20260402.csv,2025-07-29 18:48:22,0.0
GEOP_20260402.csv,2025-07-29 18:51:22,0.0
GEOP_20260402.csv,2025-07-29 18:54:22,0.0
GEOP_20260402.csv,2025-07-29 18:57:22,0.0
GEOP_20260402.csv,2025-07-29 19:00:22,0.0
GEOP_20260402.csv,2025-07-29 19:03:22,0.0
GEOP_20260402.csv,2025-07-29 19:06:22,0.0
GEOP_20260402.csv,2025-07-29 19:09:22,0.0
GEOP_20260402.csv,2025-07-29 19:12:22,0.0
GEOP_20260402.csv,2025-07-29 19:15:22,0.0
GEOP_20260402.csv,2025-07-29 19:18:22,0.0
GEOP_20260402.csv,2025-07-29 19:21:22,0.0
GEOP_20260402.csv,2025-07-29 19:24:22,0.0
GEOP_20260402.csv,2025-07-29 19:27:22,0.0
GEOP_20260402.csv,2025-07-29 19:30:22,0.0
GEOP_20260402.csv,2025-07-29 19:33:22,0.0
GEOP_20260402.csv,2025-07-29 19:36:22,0.0
GEOP_20260402.csv,2025-07-29 19:39:22,0.0
GEOP_20260402.csv,2025-07-29 19:42:22,0.0
GEOP_20260402.csv,2025-07-29 19:45:22,0.0
GEOP_20260402.csv,2025-07-29 19:48:22,0.0
GEOP_20260402.csv,2025-07-29 19:51:22,0.0
GEOP_20260402.csv,2025-07-29 19:54:22,0.0
GEOP_20260402.csv,2025-07-29 19:57:22,0.0
GEOP_20260402.csv,2025-07-29 20:00:22,0.0
GEOP_20260402.csv,2025-07-29 20:03:22,0.0
GEOP_20260402.csv,2025-07-29 20:06:22,0.0
GEOP_20260402.csv,2025-07-29 20:09:22,0.0
GEOP_20260402.csv,2025-07-29 20:12:22,0.0
GEOP_20260402.csv,2025-07-29 20:15:22,0.0
GEOP_20260402.csv,2025-07-29 20:18:22,0.0
GEOP_20260402.csv,2025-07-29 20:21:22,0.0
GEOP_20260402.csv,2025-07-29 20:24:22,0.0
GEOP_20260402.csv,2025-07-29 20:27:22,0.0
GEOP_20260402.csv,2025-07-29 20:30:22,0.0
GEOP_20260402.csv,2025-07-29 20:33:22,0.0
GEOP_20260402.csv,2025-07-29 20:36:22,0.0
GEOP_20260402.csv,2025-07-29 20:39:22,0.0
GEOP_20260402.csv,2025-07-29 20:42:22,0.0
GEOP_20260402.csv,2025-07-29 20:45:22,0.0
GEOP_20260402.csv,2025-07-29 20:48:22,0.0
GEOP_20260402.csv,2025-07-29 20:51:22,0.0
GEOP_20260402.csv,2025-07-29 20:54:22,0.0
GEOP_20260402.csv,2025-07-29 20:57:22,0.0
GEOP_20260402.csv,2025-07-29 21:00:22,0.0
GEOP_20260402.csv,2025-07-29 21:03:22,0.0
GEOP_20260402.csv,2025-07-29 21:06:22,0.0
GEOP_20260402.csv,2025-07-29 21:09:22,0.0
GEOP_20260402.csv,2025-07-29 21:12:22,0.0
GEOP_20260402.csv,2025-07-29 21:15:22,0.0
GEOP_20260402.csv,2025-07-29 21:18:22,0.0
GEOP_20260402.csv,2025-07-29 21:21:22,0.0
GEOP_20260402.csv,2025-07-29 21:24:22,0.0
GEOP_20260402.csv,2025-07-29 21:27:22,0.0
GEOP_20260402.csv,2025-07-29 21:30:22,0.0
GEOP_20260402.csv,2025-07-29 21:33:22,0.0
GEOP_20260402.csv,2025-07-29 21:36:22,0.0
GEOP_20260402.csv,2025-07-29 21:39:22,0.0
GEOP_20260402.csv,2025-07-29 21:42:22,0.0
GEOP_20260402.csv,2025-07-29 21:45:22,0.0
GEOP_20260402.csv,2025-07-29 21:48:22,0.0
GEOP_20260402.csv,2025-07-29 21:51:22,0.0
GEOP_20260402.csv,2025-07-29 21:54:22,0.0
GEOP_20260402.csv,2025-07-29 21:57:22,0.0
GEOP_20260402.csv,2025-07-29 22:00:22,0.0
GEOP_20260402.csv,2025-07-29 22:03:22,0.0
GEOP_20260402.csv,2025-07-29 22:06:22,0.0
GEOP_20260402.csv,2025-07-29 22:09:22,0.0
GEOP_20260402.csv,2025-07-29 22:12:22,0.0
GEOP_20260402.csv,2025-07-29 22:15:22,0.0
GEOP_20260402.csv,2025-07-29 22:18:22,0.0
GEOP_20260402.csv,2025-07-29 22:21:22,0.0
GEOP_20260402.csv,2025-07-29 22:24:22,0.0
GEOP_20260402.csv,2025-07-29 22:27:22,0.0
GEOP_20260402.csv,2025-07-29 22:30:22,0.0
GEOP_20260402.csv,2025-07-29 22:33:22,0.0
GEOP_20260402.csv,2025-07-29 22:36:22,0.0
GEOP_20260402.csv,2025-07-29 22:39:22,0.0
GEOP_20260402.csv,2025-07-29 22:42:22,0.0
GEOP_20260402.csv,2025-07-29 22:45:22,0.0
GEOP_20260402.csv,2025-07-29 22:48:22,0.0
GEOP_20260402.csv,2025-07-29 22:51:22,0.0
GEOP_20260402.csv,2025-07-29 22:54:22,0.0
GEOP_20260402.csv,2025-07-29 22:57:22,0.0
GEOP_20260402.csv,2025-07-29 23:00:22,0.0
GEOP_20260402.csv,2025-07-29 23:03:22,0.0
GEOP_20260402.csv,2025-07-29 23:06:22,0.0
GEOP_20260402.csv,2025-07-29 23:09:22,0.0
GEOP_20260402.csv,2025-07-29 23:12:22,0.0
GEOP_20260402.csv,2025-07-29 23:15:22,0.0
GEOP_20260402.csv,2025-07-29 23:18:22,0.0
GEOP_20260402.csv,2025-07-29 23:21:22,0.0
GEOP_20260402.csv,2025-07-29 23:24:22,0.0
GEOP_20260402.csv,2025-07-29 23:27:22,0.0
GEOP_20260402.csv,2025-07-29 23:30:22,0.0
GEOP_20260402.csv,2025-07-29 23:33:21,0.0
GEOP_20260402.csv,2025-07-29 23:36:21,0.0
GEOP_20260402.csv,2025-07-29 23:39:21,0.0
GEOP_20260402.csv,2025-07-29 23:42:21,0.0
GEOP_20260402.csv,2025-07-29 23:45:21,0.0
GEOP_20260402.csv,2025-07-29 23:48:21,0.0
GEOP_20260402.csv,2025-07-29 23:51:21,0.0
GEOP_20260402.csv,2025-07-29 23:54:21,0.0
GEOP_20260402.csv,2025-07-29 23:57:21,0.0
GEOP_20260402.csv,2025-07-30 00:00:21,0.0
GEOP_20260402.csv,2025-07-30 00:03:21,0.0
GEOP_20260402.csv,2025-07-30 00:06:21,0.0
GEOP_20260402.csv,2025-07-30 00:09:21,0.0
GEOP_20260402.csv,2025-07-30 00:12:21,0.0
GEOP_20260402.csv,2025-07-30 00:15:21,0.0
GEOP_20260402.csv,2025-07-30 00:18:21,0.0
GEOP_20260402.csv,2025-07-30 00:21:21,0.0
GEOP_20260402.csv,2025-07-30 00:24:21,0.0
GEOP_20260402.csv,2025-07-30 00:27:21,0.0
GEOP_20260402.csv,2025-07-30 00:30:21,0.0
GEOP_20260402.csv,2025-07-30 00:33:21,0.0
GEOP_20260402.csv,2025-07-30 00:36:21,0.0
GEOP_20260402.csv,2025-07-30 00:39:21,0.0
GEOP_20260402.csv,2025-07-30 00:42:21,0.0
GEOP_20260402.csv,2025-07-30 00:45:21,0.0
GEOP_20260402.csv,2025-07-30 00:48:21,0.0
GEOP_20260402.csv,2025-07-30 00:51:21,0.0
GEOP_20260402.csv,2025-07-30 00:54:21,0.0
GEOP_20260402.csv,2025-07-30 00:57:21,0.0
GEOP_20260402.csv,2025-07-30 01:00:21,0.0
GEOP_20260402.csv,2025-07-30 01:03:21,0.0
GEOP_20260402.csv,2025-07-30 01:06:22,0.0
GEOP_20260402.csv,2025-07-30 01:09:21,0.0
GEOP_20260402.csv,2025-07-30 01:12:21,0.0
GEOP_20260402.csv,2025-07-30 01:15:21,0.0
GEOP_20260402.csv,2025-07-30 01:18:21,0.0
GEOP_20260402.csv,2025-07-30 01:21:21,0.0
GEOP_20260402.csv,2025-07-30 01:24:21,0.0
GEOP_20260402.csv,2025-07-30 01:27:21,0.0
GEOP_20260402.csv,2025-07-30 01:30:21,0.0
GEOP_20260402.csv,2025-07-30 01:33:21,0.0
GEOP_20260402.csv,2025-07-30 01:36:21,0.0
GEOP_20260402.csv,2025-07-30 01:39:21,0.0
GEOP_20260402.csv,2025-07-30 01:42:21,0.0
GEOP_20260402.csv,2025-07-30 01:45:21,0.0
GEOP_20260402.csv,2025-07-30 01:48:21,0.0
GEOP_20260402.csv,2025-07-30 01:51:21,0.0
GEOP_20260402.csv,2025-07-30 01:54:21,0.0
GEOP_20260402.csv,2025-07-30 01:57:21,0.0
GEOP_20260402.csv,2025-07-30 02:00:21,0.0
GEOP_20260402.csv,2025-07-30 02:03:21,0.0
GEOP_20260402.csv,2025-07-30 02:06:21,0.0
GEOP_20260402.csv,2025-07-30 02:09:21,0.0
GEOP_20260402.csv,2025-07-30 02:12:21,0.0
GEOP_20260402.csv,2025-07-30 02:15:21,0.0
GEOP_20260402.csv,2025-07-30 02:18:21,0.0
GEOP_20260402.csv,2025-07-30 02:21:21,0.0
GEOP_20260402.csv,2025-07-30 02:24:21,0.0
GEOP_20260402.csv,2025-07-30 02:27:21,0.0
GEOP_20260402.csv,2025-07-30 02:30:21,0.0
GEOP_20260402.csv,2025-07-30 02:33:21,0.0
GEOP_20260402.csv,2025-07-30 02:36:21,0.0
GEOP_20260402.csv,2025-07-30 02:39:21,0.0
GEOP_20260402.csv,2025-07-30 02:42:21,0.0
GEOP_20260402.csv,2025-07-30 02:45:21,0.0
GEOP_20260402.csv,2025-07-30 02:48:21,0.0
GEOP_20260402.csv,2025-07-30 02:51:21,0.0
GEOP_20260402.csv,2025-07-30 02:54:21,0.0
GEOP_20260402.csv,2025-07-30 02:57:21,0.0
GEOP_20260402.csv,2025-07-30 03:00:21,0.0
GEOP_20260402.csv,2025-07-30 03:03:21,0.0
GEOP_20260402.csv,2025-07-30 03:06:21,0.0
GEOP_20260402.csv,2025-07-30 03:09:21,0.0
GEOP_20260402.csv,2025-07-30 03:12:21,0.0
GEOP_20260402.csv,2025-07-30 03:15:21,0.0
GEOP_20260402.csv,2025-07-30 03:18:21,0.0
GEOP_20260402.csv,2025-07-30 03:21:21,0.0
GEOP_20260402.csv,2025-07-30 03:24:21,0.0
GEOP_20260402.csv,2025-07-30 03:27:21,0.0
GEOP_20260402.csv,2025-07-30 03:30:21,0.0
GEOP_20260402.csv,2025-07-30 03:33:21,0.0
GEOP_20260402.csv,2025-07-30 03:36:21,0.0
GEOP_20260402.csv,2025-07-30 03:39:21,0.0
GEOP_20260402.csv,2025-07-30 03:42:21,0.0
GEOP_20260402.csv,2025-07-30 03:45:21,0.0
GEOP_20260402.csv,2025-07-30 03:48:21,0.0
GEOP_20260402.csv,2025-07-30 03:51:21,0.0
GEOP_20260402.csv,2025-07-30 03:54:21,0.0
GEOP_20260402.csv,2025-07-30 03:57:21,0.0
GEOP_20260402.csv,2025-07-30 04:00:21,0.0
GEOP_20260402.csv,2025-07-30 04:03:21,0.0
GEOP_20260402.csv,2025-07-30 04:06:21,0.0
GEOP_20260402.csv,2025-07-30 04:09:21,0.0
GEOP_20260402.csv,2025-07-30 04:12:21,0.0
GEOP_20260402.csv,2025-07-30 04:15:21,0.0
GEOP_20260402.csv,2025-07-30 04:18:21,0.0
GEOP_20260402.csv,2025-07-30 04:21:21,0.0
GEOP_20260402.csv,2025-07-30 04:24:21,0.0
GEOP_20260402.csv,2025-07-30 04:27:21,0.0
GEOP_20260402.csv,2025-07-30 04:30:21,0.0
GEOP_20260402.csv,2025-07-30 04:33:21,0.0
GEOP_20260402.csv,2025-07-30 04:36:21,0.0
GEOP_20260402.csv,2025-07-30 04:39:21,0.0
GEOP_20260402.csv,2025-07-30 04:42:21,0.0
GEOP_20260402.csv,2025-07-30 04:45:21,0.0
GEOP_20260402.csv,2025-07-30 04:48:21,0.0
GEOP_20260402.csv,2025-07-30 04:51:21,0.0
GEOP_20260402.csv,2025-07-30 04:54:21,0.0
GEOP_20260402.csv,2025-07-30 04:57:21,0.0
GEOP_20260402.csv,2025-07-30 05:00:21,0.0
GEOP_20260402.csv,2025-07-30 05:03:21,0.0
GEOP_20260402.csv,2025-07-30 05:06:21,0.0
GEOP_20260402.csv,2025-07-30 05:09:21,0.0
GEOP_20260402.csv,2025-07-30 05:12:21,0.0
GEOP_20260402.csv,2025-07-30 05:15:21,0.0
GEOP_20260402.csv,2025-07-30 05:18:21,0.0
GEOP_20260402.csv,2025-07-30 05:21:21,0.0
GEOP_20260402.csv,2025-07-30 05:24:21,0.0
GEOP_20260402.csv,2025-07-30 05:27:21,0.0
GEOP_20260402.csv,2025-07-30 05:30:21,0.0
GEOP_20260402.csv,2025-07-30 05:33:21,0.0
GEOP_20260402.csv,2025-07-30 05:36:21,0.0
GEOP_20260402.csv,2025-07-30 05:39:21,0.0
GEOP_20260402.csv,2025-07-30 05:42:21,0.0
GEOP_20260402.csv,2025-07-30 05:45:21,0.0
GEOP_20260402.csv,2025-07-30 05:48:21,0.0
GEOP_20260402.csv,2025-07-30 05:51:21,0.0
GEOP_20260402.csv,2025-07-30 05:54:21,0.0
GEOP_20260402.csv,2025-07-30 05:57:21,0.0
GEOP_20260402.csv,2025-07-30 06:00:21,0.0
GEOP_20260402.csv,2025-07-30 06:03:21,0.0
GEOP_20260402.csv,2025-07-30 06:06:21,0.0
GEOP_20260402.csv,2025-07-30 06:09:21,0.0
GEOP_20260402.csv,2025-07-30 06:12:21,0.0
GEOP_20260402.csv,2025-07-30 06:15:21,0.0
GEOP_20260402.csv,2025-07-30 06:18:21,0.0
GEOP_20260402.csv,2025-07-30 06:21:21,0.0
GEOP_20260402.csv,2025-07-30 06:24:21,0.0
GEOP_20260402.csv,2025-07-30 06:27:21,0.0
GEOP_20260402.csv,2025-07-30 06:30:21,0.0
GEOP_20260402.csv,2025-07-30 06:33:21,0.0
GEOP_20260402.csv,2025-07-30 06:36:21,0.0
GEOP_20260402.csv,2025-07-30 06:39:21,0.0
GEOP_20260402.csv,2025-07-30 06:42:21,0.0
GEOP_20260402.csv,2025-07-30 06:45:21,0.0
GEOP_20260402.csv,2025-07-30 06:48:21,0.0
GEOP_20260402.csv,2025-07-30 06:51:21,0.0
GEOP_20260402.csv,2025-07-30 06:54:21,0.0
GEOP_20260402.csv,2025-07-30 06:57:21,0.0
GEOP_20260402.csv,2025-07-30 07:00:21,0.0
GEOP_20260402.csv,2025-07-30 07:03:21,0.0
GEOP_20260402.csv,2025-07-30 07:06:21,0.0
GEOP_20260402.csv,2025-07-30 07:09:21,0.0
GEOP_20260402.csv,2025-07-30 07:12:21,0.0
GEOP_20260402.csv,2025-07-30 07:15:21,0.0
GEOP_20260402.csv,2025-07-30 07:18:21,0.0
GEOP_20260402.csv,2025-07-30 07:21:21,0.0
GEOP_20260402.csv,2025-07-30 07:24:21,0.0
GEOP_20260402.csv,2025-07-30 07:27:21,0.0
GEOP_20260402.csv,2025-07-30 07:30:21,0.0
GEOP_20260402.csv,2025-07-30 07:33:21,0.0
GEOP_20260402.csv,2025-07-30 07:36:21,0.0
GEOP_20260402.csv,2025-07-30 07:39:21,0.0
GEOP_20260402.csv,2025-07-30 07:42:21,0.0
GEOP_20260402.csv,2025-07-30 07:45:21,0.0
GEOP_20260402.csv,2025-07-30 07:48:21,0.0
GEOP_20260402.csv,2025-07-30 07:51:21,0.0
GEOP_20260402.csv,2025-07-30 07:54:21,0.0
GEOP_20260402.csv,2025-07-30 07:57:21,0.0
GEOP_20260402.csv,2025-07-30 08:00:21,0.0
GEOP_20260402.csv,2025-07-30 08:03:21,0.0
GEOP_20260402.csv,2025-07-30 08:06:21,0.0
GEOP_20260402.csv,2025-07-30 08:09:21,0.0
GEOP_20260402.csv,2025-07-30 08:12:21,0.0
GEOP_20260402.csv,2025-07-30 08:15:21,0.0
GEOP_20260402.csv,2025-07-30 08:18:21,0.0
GEOP_20260402.csv,2025-07-30 08:21:21,0.0
GEOP_20260402.csv,2025-07-30 08:24:21,0.0
GEOP_20260402.csv,2025-07-30 08:27:21,0.0
GEOP_20260402.csv,2025-07-30 08:30:21,0.0
GEOP_20260402.csv,2025-07-30 08:33:21,0.0
GEOP_20260402.csv,2025-07-30 08:36:21,0.0
GEOP_20260402.csv,2025-07-30 08:39:21,0.0
GEOP_20260402.csv,2025-07-30 08:42:21,0.0
GEOP_20260402.csv,2025-07-30 08:45:21,0.0
GEOP_20260402.csv,2025-07-30 08:48:21,0.01
GEOP_20260402.csv,2025-07-30 08:51:21,0.0
GEOP_20260402.csv,2025-07-30 08:54:21,0.0
GEOP_20260402.csv,2025-07-30 08:57:21,0.0
GEOP_20260402.csv,2025-07-30 09:00:21,0.0
GEOP_20260402.csv,2025-07-30 09:03:21,0.0
GEOP_20260402.csv,2025-07-30 09:06:21,0.0
GEOP_20260402.csv,2025-07-30 09:09:21,0.0
GEOP_20260402.csv,2025-07-30 09:12:21,0.02
GEOP_20260402.csv,2025-07-30 09:15:21,0.0
GEOP_20260402.csv,2025-07-30 09:18:21,0.0
GEOP_20260402.csv,2025-07-30 09:21:21,0.0
GEOP_20260402.csv,2025-07-30 09:24:21,0.0
GEOP_20260402.csv,2025-07-30 09:27:21,0.0
GEOP_20260402.csv,2025-07-30 09:30:21,0.0
GEOP_20260402.csv,2025-07-30 09:33:20,0.0
GEOP_20260402.csv,2025-07-30 09:36:20,0.0
GEOP_20260402.csv,2025-07-30 09:39:20,0.0
GEOP_20260402.csv,2025-07-30 09:42:20,0.0
GEOP_20260402.csv,2025-07-30 09:45:20,0.0
GEOP_20260402.csv,2025-07-30 09:48:20,0.0
GEOP_20260402.csv,2025-07-30 09:51:20,0.0
GEOP_20260402.csv,2025-07-30 09:54:20,0.0
GEOP_20260402.csv,2025-07-30 09:57:20,0.0
GEOP_20260402.csv,2025-07-30 10:00:20,0.0
GEOP_20260402.csv,2025-07-30 10:03:20,0.0
GEOP_20260402.csv,2025-07-30 10:06:20,0.0
GEOP_20260402.csv,2025-07-30 10:09:20,0.0
GEOP_20260402.csv,2025-07-30 10:12:20,0.0
GEOP_20260402.csv,2025-07-30 10:15:20,0.0
GEOP_20260402.csv,2025-07-30 10:18:20,0.0
GEOP_20260402.csv,2025-07-30 10:21:20,0.0
GEOP_20260402.csv,2025-07-30 10:24:20,0.0
GEOP_20260402.csv,2025-07-30 10:27:20,0.0
GEOP_20260402.csv,2025-07-30 10:30:20,0.01
GEOP_20260402.csv,2025-07-30 10:33:20,0.0
GEOP_20260402.csv,2025-07-30 10:36:20,0.0
GEOP_20260402.csv,2025-07-30 10:39:20,0.0
GEOP_20260402.csv,2025-07-30 10:42:20,0.0
GEOP_20260402.csv,2025-07-30 10:45:20,0.0
GEOP_20260402.csv,2025-07-30 10:48:20,0.0
GEOP_20260402.csv,2025-07-30 10:51:20,0.0
GEOP_20260402.csv,2025-07-30 10:54:20,0.0
GEOP_20260402.csv,2025-07-30 10:57:20,0.0
GEOP_20260402.csv,2025-07-30 11:00:20,0.0
GEOP_20260402.csv,2025-07-30 11:03:20,0.0
GEOP_20260402.csv,2025-07-30 11:06:20,0.0
GEOP_20260402.csv,2025-07-30 11:09:20,0.0
GEOP_20260402.csv,2025-07-30 11:12:20,0.0
GEOP_20260402.csv,2025-07-30 11:15:20,0.0
GEOP_20260402.csv,2025-07-30 11:18:20,0.0
GEOP_20260402.csv,2025-07-30 11:21:20,0.0
GEOP_20260402.csv,2025-07-30 11:24:20,0.0
GEOP_20260402.csv,2025-07-30 11:27:20,0.0
GEOP_20260402.csv,2025-07-30 11:30:20,0.0
GEOP_20260402.csv,2025-07-30 11:33:20,0.0
GEOP_20260402.csv,2025-07-30 11:36:20,0.0
GEOP_20260402.csv,2025-07-30 11:39:20,0.0
GEOP_20260402.csv,2025-07-30 11:42:20,0.0
GEOP_20260402.csv,2025-07-30 11:45:20,0.0
GEOP_20260402.csv,2025-07-30 11:48:20,0.0
GEOP_20260402.csv,2025-07-30 11:51:20,0.0
GEOP_20260402.csv,2025-07-30 11:54:20,0.0
GEOP_20260402.csv,2025-07-30 11:57:20,0.0
GEOP_20260402.csv,2025-07-30 12:00:20,0.0
GEOP_20260402.csv,2025-07-30 12:03:20,0.0
GEOP_20260402.csv,2025-07-30 12:06:20,0.0
GEOP_20260402.csv,2025-07-30 12:09:20,0.0
GEOP_20260402.csv,2025-07-30 12:12:20,0.0
GEOP_20260402.csv,2025-07-30 12:15:20,0.0
GEOP_20260402.csv,2025-07-30 12:18:20,0.0
GEOP_20260402.csv,2025-07-30 12:21:20,0.0
GEOP_20260402.csv,2025-07-30 12:24:20,0.0
GEOP_20260402.csv,2025-07-30 12:27:20,0.0
GEOP_20260402.csv,2025-07-30 12:30:20,0.0
GEOP_20260402.csv,2025-07-30 12:33:20,0.0
GEOP_20260402.csv,2025-07-30 12:36:20,0.0
GEOP_20260402.csv,2025-07-30 12:39:20,0.0
GEOP_20260402.csv,2025-07-30 12:42:20,0.0
GEOP_20260402.csv,2025-07-30 12:45:20,0.0
GEOP_20260402.csv,2025-07-30 12:48:20,0.0
GEOP_20260402.csv,2025-07-30 12:51:20,0.0
GEOP_20260402.csv,2025-07-30 12:54:20,0.0
GEOP_20260402.csv,2025-07-30 12:57:20,0.0
GEOP_20260402.csv,2025-07-30 13:00:20,0.0
GEOP_20260402.csv,2025-07-30 13:03:20,0.0
GEOP_20260402.csv,2025-07-30 13:06:20,0.0
GEOP_20260402.csv,2025-07-30 13:09:20,0.0
GEOP_20260402.csv,2025-07-30 13:12:20,0.0
GEOP_20260402.csv,2025-07-30 13:15:20,0.0
GEOP_20260402.csv,2025-07-30 13:18:20,0.0
GEOP_20260402.csv,2025-07-30 13:21:20,0.0
GEOP_20260402.csv,2025-07-30 13:24:20,0.0
GEOP_20260402.csv,2025-07-30 13:27:20,0.0
GEOP_20260402.csv,2025-07-30 13:30:20,0.0
GEOP_20260402.csv,2025-07-30 13:33:20,0.0
GEOP_20260402.csv,2025-07-30 13:36:20,0.0
GEOP_20260402.csv,2025-07-30 13:39:20,0.0
GEOP_20260402.csv,2025-07-30 13:42:20,0.0
GEOP_20260402.csv,2025-07-30 13:45:20,0.0
GEOP_20260402.csv,2025-07-30 13:48:20,0.0
GEOP_20260402.csv,2025-07-30 13:51:20,0.0
GEOP_20260402.csv,2025-07-30 13:54:20,0.0
GEOP_20260402.csv,2025-07-30 13:57:20,0.0
GEOP_20260402.csv,2025-07-30 14:00:20,0.0
GEOP_20260402.csv,2025-07-30 14:03:20,0.0
GEOP_20260402.csv,2025-07-30 14:06:20,0.0
GEOP_20260402.csv,2025-07-30 14:09:20,0.0
GEOP_20260402.csv,2025-07-30 14:12:20,0.0
GEOP_20260402.csv,2025-07-30 14:15:20,0.0
GEOP_20260402.csv,2025-07-30 14:18:20,0.0
GEOP_20260402.csv,2025-07-30 14:21:20,0.0
GEOP_20260402.csv,2025-07-30 14:24:20,0.0
GEOP_20260402.csv,2025-07-30 14:27:20,0.0
GEOP_20260402.csv,2025-07-30 14:30:20,0.0
GEOP_20260402.csv,2025-07-30 14:33:20,0.0
GEOP_20260402.csv,2025-07-30 14:36:20,0.0
GEOP_20260402.csv,2025-07-30 14:39:20,0.0
GEOP_20260402.csv,2025-07-30 14:42:20,0.0
GEOP_20260402.csv,2025-07-30 14:45:20,0.0
GEOP_20260402.csv,2025-07-30 14:48:20,0.0
GEOP_20260402.csv,2025-07-30 14:51:20,0.0
GEOP_20260402.csv,2025-07-30 14:54:20,0.0
GEOP_20260402.csv,2025-07-30 14:57:20,0.0
GEOP_20260402.csv,2025-07-30 15:00:20,0.0
GEOP_20260402.csv,2025-07-30 15:03:20,0.0
GEOP_20260402.csv,2025-07-30 15:06:20,0.0
GEOP_20260402.csv,2025-07-30 15:09:20,0.0
GEOP_20260402.csv,2025-07-30 15:12:20,0.0
GEOP_20260402.csv,2025-07-30 15:15:20,0.0
GEOP_20260402.csv,2025-07-30 15:18:20,0.0
GEOP_20260402.csv,2025-07-30 15:21:20,0.0
GEOP_20260402.csv,2025-07-30 15:24:20,0.0
GEOP_20260402.csv,2025-07-30 15:27:20,0.0
GEOP_20260402.csv,2025-07-30 15:30:20,0.0
GEOP_20260402.csv,2025-07-30 15:33:20,0.0
GEOP_20260402.csv,2025-07-30 15:36:20,0.0
GEOP_20260402.csv,2025-07-30 15:39:20,0.0
GEOP_20260402.csv,2025-07-30 15:42:20,0.0
GEOP_20260402.csv,2025-07-30 15:45:20,0.0
GEOP_20260402.csv,2025-07-30 15:48:20,0.0
GEOP_20260402.csv,2025-07-30 15:51:20,0.0
GEOP_20260402.csv,2025-07-30 15:54:20,0.0
GEOP_20260402.csv,2025-07-30 15:57:20,0.0
GEOP_20260402.csv,2025-07-30 16:00:20,0.0
GEOP_20260402.csv,2025-07-30 16:03:20,0.0
GEOP_20260402.csv,2025-07-30 16:06:20,0.0
GEOP_20260402.csv,2025-07-30 16:09:20,0.0
GEOP_20260402.csv,2025-07-30 16:12:20,0.0
GEOP_20260402.csv,2025-07-30 16:15:20,0.0
GEOP_20260402.csv,2025-07-30 16:18:20,0.0
GEOP_20260402.csv,2025-07-30 16:21:20,0.0
GEOP_20260402.csv,2025-07-30 16:24:20,0.0
GEOP_20260402.csv,2025-07-30 16:27:20,0.0
GEOP_20260402.csv,2025-07-30 16:30:20,0.0
GEOP_20260402.csv,2025-07-30 16:33:20,0.0
GEOP_20260402.csv,2025-07-30 16:36:20,0.0
GEOP_20260402.csv,2025-07-30 16:39:20,0.0
GEOP_20260402.csv,2025-07-30 16:42:20,0.0
GEOP_20260402.csv,2025-07-30 16:45:20,0.0
GEOP_20260402.csv,2025-07-30 16:48:20,0.0
GEOP_20260402.csv,2025-07-30 16:51:20,0.0
GEOP_20260402.csv,2025-07-30 16:54:20,0.0
GEOP_20260402.csv,2025-07-30 16:57:20,0.0
GEOP_20260402.csv,2025-07-30 17:00:20,0.0
GEOP_20260402.csv,2025-07-30 17:03:20,0.0
GEOP_20260402.csv,2025-07-30 17:06:20,0.0
GEOP_20260402.csv,2025-07-30 17:09:20,0.0
GEOP_20260402.csv,2025-07-30 17:12:20,0.0
GEOP_20260402.csv,2025-07-30 17:15:20,0.0
GEOP_20260402.csv,2025-07-30 17:18:20,0.0
GEOP_20260402.csv,2025-07-30 17:21:20,0.0
GEOP_20260402.csv,2025-07-30 17:24:20,0.0
GEOP_20260402.csv,2025-07-30 17:27:20,0.0
GEOP_20260402.csv,2025-07-30 17:30:20,0.0
GEOP_20260402.csv,2025-07-30 17:33:20,0.0
GEOP_20260402.csv,2025-07-30 17:36:20,0.0
GEOP_20260402.csv,2025-07-30 17:39:20,0.0
GEOP_20260402.csv,2025-07-30 17:42:20,0.0
GEOP_20260402.csv,2025-07-30 17:45:20,0.0
GEOP_20260402.csv,2025-07-30 17:48:20,0.0
GEOP_20260402.csv,2025-07-30 17:51:20,0.0
GEOP_20260402.csv,2025-07-30 17:54:20,0.0
GEOP_20260402.csv,2025-07-30 17:57:20,0.0
GEOP_20260402.csv,2025-07-30 18:00:20,0.0
GEOP_20260402.csv,2025-07-30 18:03:20,0.0
GEOP_20260402.csv,2025-07-30 18:06:20,0.0
GEOP_20260402.csv,2025-07-30 18:09:20,0.0
GEOP_20260402.csv,2025-07-30 18:12:20,0.0
GEOP_20260402.csv,2025-07-30 18:15:20,0.0
GEOP_20260402.csv,2025-07-30 18:18:20,0.0
GEOP_20260402.csv,2025-07-30 18:21:20,0.0
GEOP_20260402.csv,2025-07-30 18:24:20,0.0
GEOP_20260402.csv,2025-07-30 18:27:20,0.0
GEOP_20260402.csv,2025-07-30 18:30:20,0.0
GEOP_20260402.csv,2025-07-30 18:33:20,0.0
GEOP_20260402.csv,2025-07-30 18:36:20,0.0
GEOP_20260402.csv,2025-07-30 18:39:20,0.0
GEOP_20260402.csv,2025-07-30 18:42:20,0.0
GEOP_20260402.csv,2025-07-30 18:45:20,0.0
GEOP_20260402.csv,2025-07-30 18:48:20,0.0
GEOP_20260402.csv,2025-07-30 18:51:19,0.0
GEOP_20260402.csv,2025-07-30 18:54:19,0.0
GEOP_20260402.csv,2025-07-30 18:57:19,0.0
GEOP_20260402.csv,2025-07-30 19:00:19,0.0
GEOP_20260402.csv,2025-07-30 19:03:19,0.0
GEOP_20260402.csv,2025-07-30 19:06:19,0.0
GEOP_20260402.csv,2025-07-30 19:09:19,0.0
GEOP_20260402.csv,2025-07-30 19:12:19,0.0
GEOP_20260402.csv,2025-07-30 19:15:19,0.0
GEOP_20260402.csv,2025-07-30 19:18:19,0.0
GEOP_20260402.csv,2025-07-30 19:21:19,0.0
GEOP_20260402.csv,2025-07-30 19:24:19,0.0
GEOP_20260402.csv,2025-07-30 19:27:19,0.0
GEOP_20260402.csv,2025-07-30 19:30:19,0.0
GEOP_20260402.csv,2025-07-30 19:33:19,0.0
GEOP_20260402.csv,2025-07-30 19:36:19,0.0
GEOP_20260402.csv,2025-07-30 19:39:19,0.0
GEOP_20260402.csv,2025-07-30 19:42:19,0.0
GEOP_20260402.csv,2025-07-30 19:45:19,0.0
GEOP_20260402.csv,2025-07-30 19:48:19,0.0
GEOP_20260402.csv,2025-07-30 19:51:19,0.0
GEOP_20260402.csv,2025-07-30 19:54:19,0.0
GEOP_20260402.csv,2025-07-30 19:57:19,0.0
GEOP_20260402.csv,2025-07-30 20:00:19,0.0
GEOP_20260402.csv,2025-07-30 20:03:19,0.0
GEOP_20260402.csv,2025-07-30 20:06:19,0.0
GEOP_20260402.csv,2025-07-30 20:09:19,0.0
GEOP_20260402.csv,2025-07-30 20:12:19,0.0
GEOP_20260402.csv,2025-07-30 20:15:19,0.0
GEOP_20260402.csv,2025-07-30 20:18:19,0.0
GEOP_20260402.csv,2025-07-30 20:21:19,0.0
GEOP_20260402.csv,2025-07-30 20:24:19,0.0
GEOP_20260402.csv,2025-07-30 20:27:19,0.0
GEOP_20260402.csv,2025-07-30 20:30:19,0.0
GEOP_20260402.csv,2025-07-30 20:33:19,0.0
GEOP_20260402.csv,2025-07-30 20:39:19,0.0
GEOP_20260402.csv,2025-07-30 20:42:19,0.0
GEOP_20260402.csv,2025-07-30 20:45:19,0.0
GEOP_20260402.csv,2025-07-30 20:48:19,0.0
GEOP_20260402.csv,2025-07-30 20:51:19,0.0
GEOP_20260402.csv,2025-07-30 20:54:19,0.0
GEOP_20260402.csv,2025-07-30 20:57:19,0.0
GEOP_20260402.csv,2025-07-30 21:00:19,0.0
GEOP_20260402.csv,2025-07-30 21:03:19,0.0
GEOP_20260402.csv,2025-07-30 21:06:19,0.0
GEOP_20260402.csv,2025-07-30 21:09:19,0.0
GEOP_20260402.csv,2025-07-30 21:12:19,0.0
GEOP_20260402.csv,2025-07-30 21:15:19,0.0
GEOP_20260402.csv,2025-07-30 21:18:19,0.0
GEOP_20260402.csv,2025-07-30 21:21:19,0.0
GEOP_20260402.csv,2025-07-30 21:24:19,0.0
GEOP_20260402.csv,2025-07-30 21:27:19,0.0
GEOP_20260402.csv,2025-07-30 21:30:19,0.0
GEOP_20260402.csv,2025-07-30 21:33:19,0.0
GEOP_20260402.csv,2025-07-30 21:36:19,0.0
GEOP_20260402.csv,2025-07-30 21:39:19,0.0
GEOP_20260402.csv,2025-07-30 21:42:19,0.0
GEOP_20260402.csv,2025-07-30 21:45:19,0.0
GEOP_20260402.csv,2025-07-30 21:48:19,0.0
GEOP_20260402.csv,2025-07-30 21:51:19,0.0
GEOP_20260402.csv,2025-07-30 21:54:19,0.0
GEOP_20260402.csv,2025-07-30 21:57:19,0.0
GEOP_20260402.csv,2025-07-30 22:00:19,0.0
GEOP_20260402.csv,2025-07-30 22:03:19,0.0
GEOP_20260402.csv,2025-07-30 22:06:19,0.0
GEOP_20260402.csv,2025-07-30 22:09:19,0.0
GEOP_20260402.csv,2025-07-30 22:12:19,0.0
GEOP_20260402.csv,2025-07-30 22:15:19,0.0
GEOP_20260402.csv,2025-07-30 22:18:19,0.0
GEOP_20260402.csv,2025-07-30 22:21:19,0.0
GEOP_20260402.csv,2025-07-30 22:27:19,0.0
GEOP_20260402.csv,2025-07-30 22:30:19,0.0
GEOP_20260402.csv,2025-07-30 22:33:19,0.0
GEOP_20260402.csv,2025-07-30 22:36:19,0.0
GEOP_20260402.csv,2025-07-30 22:39:19,0.0
GEOP_20260402.csv,2025-07-30 22:42:19,0.0
GEOP_20260402.csv,2025-07-30 22:45:19,0.0
GEOP_20260402.csv,2025-07-30 22:48:19,0.0
GEOP_20260402.csv,2025-07-30 22:51:19,0.0
GEOP_20260402.csv,2025-07-30 22:54:19,0.0
GEOP_20260402.csv,2025-07-30 22:57:19,0.0
GEOP_20260402.csv,2025-07-30 23:00:19,0.0
GEOP_20260402.csv,2025-07-30 23:03:19,0.0
GEOP_20260402.csv,2025-07-30 23:06:19,0.0
GEOP_20260402.csv,2025-07-30 23:09:19,0.0
GEOP_20260402.csv,2025-07-30 23:12:19,0.0
GEOP_20260402.csv,2025-07-30 23:15:19,0.0
GEOP_20260402.csv,2025-07-30 23:18:19,0.0
GEOP_20260402.csv,2025-07-30 23:21:19,0.0
GEOP_20260402.csv,2025-07-30 23:24:19,0.0
GEOP_20260402.csv,2025-07-30 23:27:19,0.0
GEOP_20260402.csv,2025-07-30 23:30:19,0.0
GEOP_20260402.csv,2025-07-30 23:33:19,0.0
GEOP_20260402.csv,2025-07-30 23:36:19,0.0
GEOP_20260402.csv,2025-07-30 23:39:19,0.0
GEOP_20260402.csv,2025-07-30 23:42:19,0.0
GEOP_20260402.csv,2025-07-30 23:45:19,0.0
GEOP_20260402.csv,2025-07-30 23:48:19,0.0
GEOP_20260402.csv,2025-07-30 23:51:19,0.0
GEOP_20260402.csv,2025-07-30 23:54:19,0.0
GEOP_20260402.csv,2025-07-30 23:57:19,0.0
GEOP_20260402.csv,2025-07-31 00:00:19,0.0
GEOP_20260402.csv,2025-07-31 00:03:19,0.0
GEOP_20260402.csv,2025-07-31 00:06:19,0.0
GEOP_20260402.csv,2025-07-31 00:09:19,0.0
GEOP_20260402.csv,2025-07-31 00:12:19,0.0
GEOP_20260402.csv,2025-07-31 00:15:19,0.0
GEOP_20260402.csv,2025-07-31 00:18:19,0.0
GEOP_20260402.csv,2025-07-31 00:21:19,0.0
GEOP_20260402.csv,2025-07-31 00:24:19,0.0
GEOP_20260402.csv,2025-07-31 00:27:19,0.0
GEOP_20260402.csv,2025-07-31 00:30:19,0.0
GEOP_20260402.csv,2025-07-31 00:33:19,0.0
GEOP_20260402.csv,2025-07-31 00:36:19,0.0
GEOP_20260402.csv,2025-07-31 00:39:19,0.0
GEOP_20260402.csv,2025-07-31 00:42:19,0.0
GEOP_20260402.csv,2025-07-31 00:45:19,0.0
GEOP_20260402.csv,2025-07-31 00:48:19,0.0
GEOP_20260402.csv,2025-07-31 00:51:19,0.0
GEOP_20260402.csv,2025-07-31 00:54:19,0.0
GEOP_20260402.csv,2025-07-31 00:57:19,0.0
GEOP_20260402.csv,2025-07-31 01:00:19,0.0
GEOP_20260402.csv,2025-07-31 01:03:19,0.0
GEOP_20260402.csv,2025-07-31 01:06:19,0.0
GEOP_20260402.csv,2025-07-31 01:09:19,0.0
GEOP_20260402.csv,2025-07-31 01:12:19,0.0
GEOP_20260402.csv,2025-07-31 01:15:19,0.0
GEOP_20260402.csv,2025-07-31 01:18:19,0.0
GEOP_20260402.csv,2025-07-31 01:21:19,0.0
GEOP_20260402.csv,2025-07-31 01:24:19,0.0
GEOP_20260402.csv,2025-07-31 01:27:19,0.0
GEOP_20260402.csv,2025-07-31 01:30:19,0.0
GEOP_20260402.csv,2025-07-31 01:33:19,0.0
GEOP_20260402.csv,2025-07-31 01:36:19,0.0
GEOP_20260402.csv,2025-07-31 01:39:19,0.0
GEOP_20260402.csv,2025-07-31 01:42:19,0.0
GEOP_20260402.csv,2025-07-31 01:45:19,0.0
GEOP_20260402.csv,2025-07-31 01:48:19,0.0
GEOP_20260402.csv,2025-07-31 01:51:19,0.0
GEOP_20260402.csv,2025-07-31 01:54:19,0.0
GEOP_20260402.csv,2025-07-31 01:57:19,0.0
GEOP_20260402.csv,2025-07-31 02:00:19,0.0
GEOP_20260402.csv,2025-07-31 02:03:19,0.0
GEOP_20260402.csv,2025-07-31 02:06:19,0.0
GEOP_20260402.csv,2025-07-31 02:09:19,0.0
GEOP_20260402.csv,2025-07-31 02:12:19,0.0
GEOP_20260402.csv,2025-07-31 02:15:19,0.0
GEOP_20260402.csv,2025-07-31 02:18:19,0.0
GEOP_20260402.csv,2025-07-31 02:21:19,0.0
GEOP_20260402.csv,2025-07-31 02:24:18,0.0
GEOP_20260402.csv,2025-07-31 02:27:18,0.0
GEOP_20260402.csv,2025-07-31 02:30:18,0.0
GEOP_20260402.csv,2025-07-31 02:33:18,0.0
GEOP_20260402.csv,2025-07-31 02:36:18,0.0
GEOP_20260402.csv,2025-07-31 02:39:18,0.0
GEOP_20260402.csv,2025-07-31 02:42:18,0.0
GEOP_20260402.csv,2025-07-31 02:45:18,0.0
GEOP_20260402.csv,2025-07-31 02:48:18,0.0
GEOP_20260402.csv,2025-07-31 02:51:18,0.0
GEOP_20260402.csv,2025-07-31 02:54:18,0.0
GEOP_20260402.csv,2025-07-31 02:57:18,0.0
GEOP_20260402.csv,2025-07-31 03:00:18,0.0
GEOP_20260402.csv,2025-07-31 03:03:18,0.0
GEOP_20260402.csv,2025-07-31 03:06:18,0.0
GEOP_20260402.csv,2025-07-31 03:09:18,0.0
GEOP_20260402.csv,2025-07-31 03:12:18,0.0
GEOP_20260402.csv,2025-07-31 03:15:18,0.0
GEOP_20260402.csv,2025-07-31 03:18:18,0.0
GEOP_20260402.csv,2025-07-31 03:21:18,0.0
GEOP_20260402.csv,2025-07-31 03:24:18,0.0
GEOP_20260402.csv,2025-07-31 03:27:18,0.0
GEOP_20260402.csv,2025-07-31 03:30:18,0.0
GEOP_20260402.csv,2025-07-31 03:33:18,0.0
GEOP_20260402.csv,2025-07-31 03:36:18,0.0
GEOP_20260402.csv,2025-07-31 03:39:18,0.0
GEOP_20260402.csv,2025-07-31 03:42:18,0.0
GEOP_20260402.csv,2025-07-31 03:45:18,0.0
GEOP_20260402.csv,2025-07-31 03:48:18,0.0
GEOP_20260402.csv,2025-07-31 03:51:18,0.0
GEOP_20260402.csv,2025-07-31 03:54:18,0.0
GEOP_20260402.csv,2025-07-31 03:57:18,0.0
GEOP_20260402.csv,2025-07-31 04:00:18,0.0
GEOP_20260402.csv,2025-07-31 04:03:18,0.0
GEOP_20260402.csv,2025-07-31 04:06:18,0.0
GEOP_20260402.csv,2025-07-31 04:09:18,0.0
GEOP_20260402.csv,2025-07-31 04:12:18,0.0
GEOP_20260402.csv,2025-07-31 04:15:18,0.0
GEOP_20260402.csv,2025-07-31 04:18:18,0.0
GEOP_20260402.csv,2025-07-31 04:21:18,0.0
GEOP_20260402.csv,2025-07-31 04:24:18,0.0
GEOP_20260402.csv,2025-07-31 04:27:18,0.0
GEOP_20260402.csv,2025-07-31 04:30:18,0.0
GEOP_20260402.csv,2025-07-31 04:33:18,0.0
GEOP_20260402.csv,2025-07-31 04:36:18,0.0
GEOP_20260402.csv,2025-07-31 04:39:18,0.0
GEOP_20260402.csv,2025-07-31 04:42:18,0.0
GEOP_20260402.csv,2025-07-31 04:45:18,0.0
GEOP_20260402.csv,2025-07-31 04:48:18,0.0
GEOP_20260402.csv,2025-07-31 04:51:18,0.0
GEOP_20260402.csv,2025-07-31 04:54:18,0.0
GEOP_20260402.csv,2025-07-31 04:57:18,0.0
GEOP_20260402.csv,2025-07-31 05:00:18,0.0
GEOP_20260402.csv,2025-07-31 05:03:18,0.0
GEOP_20260402.csv,2025-07-31 05:06:18,0.0
GEOP_20260402.csv,2025-07-31 05:09:18,0.0
GEOP_20260402.csv,2025-07-31 05:12:18,0.0
GEOP_20260402.csv,2025-07-31 05:15:18,0.0
GEOP_20260402.csv,2025-07-31 05:18:18,0.0
GEOP_20260402.csv,2025-07-31 05:21:18,0.0
GEOP_20260402.csv,2025-07-31 05:24:18,0.0
GEOP_20260402.csv,2025-07-31 05:27:18,0.0
GEOP_20260402.csv,2025-07-31 05:30:18,0.0
GEOP_20260402.csv,2025-07-31 05:33:18,0.0
GEOP_20260402.csv,2025-07-31 05:36:18,0.0
GEOP_20260402.csv,2025-07-31 05:39:18,0.0
GEOP_20260402.csv,2025-07-31 05:42:18,0.0
GEOP_20260402.csv,2025-07-31 05:45:18,0.0
GEOP_20260402.csv,2025-07-31 05:48:18,0.0
GEOP_20260402.csv,2025-07-31 05:51:18,0.0
GEOP_20260402.csv,2025-07-31 05:54:18,0.0
GEOP_20260402.csv,2025-07-31 05:57:18,0.0
GEOP_20260402.csv,2025-07-31 06:00:18,0.0
GEOP_20260402.csv,2025-07-31 06:03:18,0.0
GEOP_20260402.csv,2025-07-31 06:06:18,0.0
GEOP_20260402.csv,2025-07-31 06:09:18,0.0
GEOP_20260402.csv,2025-07-31 06:12:18,0.0
GEOP_20260402.csv,2025-07-31 06:18:18,0.0
GEOP_20260402.csv,2025-07-31 06:21:18,0.0
GEOP_20260402.csv,2025-07-31 06:24:18,0.0
GEOP_20260402.csv,2025-07-31 06:27:18,0.0
GEOP_20260402.csv,2025-07-31 06:30:18,0.0
GEOP_20260402.csv,2025-07-31 06:33:18,0.0
GEOP_20260402.csv,2025-07-31 06:36:18,0.0
GEOP_20260402.csv,2025-07-31 06:39:18,0.0
GEOP_20260402.csv,2025-07-31 06:42:18,0.0
GEOP_20260402.csv,2025-07-31 06:45:18,0.0
GEOP_20260402.csv,2025-07-31 06:48:18,0.0
GEOP_20260402.csv,2025-07-31 06:51:18,0.0
GEOP_20260402.csv,2025-07-31 06:54:18,0.0
GEOP_20260402.csv,2025-07-31 06:57:18,0.0
GEOP_20260402.csv,2025-07-31 07:00:18,0.0
GEOP_20260402.csv,2025-07-31 07:03:18,0.0
GEOP_20260402.csv,2025-07-31 07:06:18,0.0
GEOP_20260402.csv,2025-07-31 07:09:18,0.0
GEOP_20260402.csv,2025-07-31 07:12:18,0.0
GEOP_20260402.csv,2025-07-31 07:15:18,0.0
GEOP_20260402.csv,2025-07-31 07:18:18,0.0
GEOP_20260402.csv,2025-07-31 07:21:18,0.0
GEOP_20260402.csv,2025-07-31 07:24:18,0.0
GEOP_20260402.csv,2025-07-31 07:27:18,0.0
GEOP_20260402.csv,2025-07-31 07:30:18,0.0
GEOP_20260402.csv,2025-07-31 07:33:18,0.0
GEOP_20260402.csv,2025-07-31 07:36:18,0.0
GEOP_20260402.csv,2025-07-31 07:39:18,0.0
GEOP_20260402.csv,2025-07-31 07:42:18,0.0
GEOP_20260402.csv,2025-07-31 07:45:18,0.0
GEOP_20260402.csv,2025-07-31 07:48:18,0.0
GEOP_20260402.csv,2025-07-31 07:51:18,0.0
GEOP_20260402.csv,2025-07-31 07:54:18,0.0
GEOP_20260402.csv,2025-07-31 07:57:18,0.0
GEOP_20260402.csv,2025-07-31 08:00:18,0.0
GEOP_20260402.csv,2025-07-31 08:03:18,0.0
GEOP_20260402.csv,2025-07-31 08:06:18,0.0
GEOP_20260402.csv,2025-07-31 08:09:18,0.0
GEOP_20260402.csv,2025-07-31 08:12:18,0.0
GEOP_20260402.csv,2025-07-31 08:18:18,0.0
GEOP_20260402.csv,2025-07-31 08:21:18,0.0
GEOP_20260402.csv,2025-07-31 08:24:18,0.0
GEOP_20260402.csv,2025-07-31 08:30:18,0.0
GEOP_20260402.csv,2025-07-31 08:33:18,0.0
GEOP_20260402.csv,2025-07-31 08:36:18,0.0
GEOP_20260402.csv,2025-07-31 08:39:18,0.0
GEOP_20260402.csv,2025-07-31 08:42:18,0.0
GEOP_20260402.csv,2025-07-31 08:45:18,0.0
GEOP_20260402.csv,2025-07-31 08:48:18,0.0
GEOP_20260402.csv,2025-07-31 08:51:18,0.0
GEOP_20260402.csv,2025-07-31 08:54:18,0.0
GEOP_20260402.csv,2025-07-31 08:57:18,0.0
GEOP_20260402.csv,2025-07-31 09:00:18,0.0
GEOP_20260402.csv,2025-07-31 09:03:18,0.0
GEOP_20260402.csv,2025-07-31 09:06:18,0.0
GEOP_20260402.csv,2025-07-31 09:09:18,0.0
GEOP_20260402.csv,2025-07-31 09:12:18,0.0
GEOP_20260402.csv,2025-07-31 09:15:18,0.0
GEOP_20260402.csv,2025-07-31 09:18:18,0.0
GEOP_20260402.csv,2025-07-31 09:21:18,0.0
GEOP_20260402.csv,2025-07-31 09:24:18,0.0
GEOP_20260402.csv,2025-07-31 09:27:18,0.0
GEOP_20260402.csv,2025-07-31 09:30:18,0.0
GEOP_20260402.csv,2025-07-31 09:33:18,0.0
GEOP_20260402.csv,2025-07-31 09:36:18,0.0
GEOP_20260402.csv,2025-07-31 09:39:18,0.0
GEOP_20260402.csv,2025-07-31 09:42:18,0.0
GEOP_20260402.csv,2025-07-31 09:45:18,0.0
GEOP_20260402.csv,2025-07-31 09:48:18,0.0
GEOP_20260402.csv,2025-07-31 09:51:18,0.0
GEOP_20260402.csv,2025-07-31 09:54:18,0.0
GEOP_20260402.csv,2025-07-31 09:57:18,0.0
GEOP_20260402.csv,2025-07-31 10:00:18,0.0
GEOP_20260402.csv,2025-07-31 10:03:18,0.0
GEOP_20260402.csv,2025-07-31 10:06:18,0.0
GEOP_20260402.csv,2025-07-31 10:09:18,0.0
GEOP_20260402.csv,2025-07-31 10:12:18,0.0
GEOP_20260402.csv,2025-07-31 10:15:18,0.0
GEOP_20260402.csv,2025-07-31 10:18:18,0.0
GEOP_20260402.csv,2025-07-31 10:21:18,0.0
GEOP_20260402.csv,2025-07-31 10:24:18,0.0
GEOP_20260402.csv,2025-07-31 10:27:18,0.0
GEOP_20260402.csv,2025-07-31 10:30:18,0.0
GEOP_20260402.csv,2025-07-31 10:33:18,0.0
GEOP_20260402.csv,2025-07-31 10:36:18,0.0
GEOP_20260402.csv,2025-07-31 10:39:18,0.0
GEOP_20260402.csv,2025-07-31 10:42:18,0.0
GEOP_20260402.csv,2025-07-31 10:45:18,0.0
GEOP_20260402.csv,2025-07-31 10:48:18,0.0
GEOP_20260402.csv,2025-07-31 10:51:18,0.0
GEOP_20260402.csv,2025-07-31 10:54:18,0.0
GEOP_20260402.csv,2025-07-31 10:57:18,0.0
GEOP_20260402.csv,2025-07-31 11:00:18,0.0
GEOP_20260402.csv,2025-07-31 11:03:18,0.0
GEOP_20260402.csv,2025-07-31 11:06:18,0.0
GEOP_20260402.csv,2025-07-31 11:09:18,0.0
GEOP_20260402.csv,2025-07-31 11:12:18,0.0
GEOP_20260402.csv,2025-07-31 11:15:18,0.0
GEOP_20260402.csv,2025-07-31 11:18:18,0.0
GEOP_20260402.csv,2025-07-31 11:21:18,0.0
GEOP_20260402.csv,2025-07-31 11:24:18,0.0
GEOP_20260402.csv,2025-07-31 11:30:18,0.0
GEOP_20260402.csv,2025-07-31 11:33:18,0.0
GEOP_20260402.csv,2025-07-31 11:36:18,0.0
GEOP_20260402.csv,2025-07-31 11:39:18,0.0
GEOP_20260402.csv,2025-07-31 11:42:18,0.0
GEOP_20260402.csv,2025-07-31 11:45:18,0.0
GEOP_20260402.csv,2025-07-31 11:48:18,0.0
GEOP_20260402.csv,2025-07-31 11:51:18,0.0
GEOP_20260402.csv,2025-07-31 11:54:18,0.0
GEOP_20260402.csv,2025-07-31 11:57:18,0.0
GEOP_20260402.csv,2025-07-31 12:00:17,0.0
GEOP_20260402.csv,2025-07-31 12:03:17,0.0
GEOP_20260402.csv,2025-07-31 12:06:17,0.0
GEOP_20260402.csv,2025-07-31 12:09:17,0.0
GEOP_20260402.csv,2025-07-31 12:12:17,0.0
GEOP_20260402.csv,2025-07-31 12:15:17,0.0
GEOP_20260402.csv,2025-07-31 12:18:17,0.0
GEOP_20260402.csv,2025-07-31 12:21:17,0.0
GEOP_20260402.csv,2025-07-31 12:24:17,0.0
GEOP_20260402.csv,2025-07-31 12:27:17,0.0
GEOP_20260402.csv,2025-07-31 12:30:17,0.0
GEOP_20260402.csv,2025-07-31 12:33:17,0.0
GEOP_20260402.csv,2025-07-31 12:36:17,0.0
GEOP_20260402.csv,2025-07-31 12:39:17,0.0
GEOP_20260402.csv,2025-07-31 12:42:17,0.0
GEOP_20260402.csv,2025-07-31 12:45:17,0.0
GEOP_20260402.csv,2025-07-31 12:48:17,0.0
GEOP_20260402.csv,2025-07-31 12:51:17,0.0
GEOP_20260402.csv,2025-07-31 12:54:17,0.0
GEOP_20260402.csv,2025-07-31 12:57:17,0.0
GEOP_20260402.csv,2025-07-31 13:00:17,0.0
GEOP_20260402.csv,2025-07-31 13:03:17,0.0
GEOP_20260402.csv,2025-07-31 13:06:17,0.0
GEOP_20260402.csv,2025-07-31 13:09:17,0.0
GEOP_20260402.csv,2025-07-31 13:12:17,0.0
GEOP_20260402.csv,2025-07-31 13:15:17,0.0
GEOP_20260402.csv,2025-07-31 13:18:17,0.0
GEOP_20260402.csv,2025-07-31 13:21:17,0.0
GEOP_20260402.csv,2025-07-31 13:24:17,0.0
GEOP_20260402.csv,2025-07-31 13:27:17,0.0
GEOP_20260402.csv,2025-07-31 13:30:17,0.0
GEOP_20260402.csv,2025-07-31 13:33:17,0.0
GEOP_20260402.csv,2025-07-31 13:36:17,0.0
GEOP_20260402.csv,2025-07-31 13:39:17,0.0
GEOP_20260402.csv,2025-07-31 13:42:17,0.0
GEOP_20260402.csv,2025-07-31 13:45:17,0.0
GEOP_20260402.csv,2025-07-31 13:48:17,0.0
GEOP_20260402.csv,2025-07-31 13:51:17,0.0
GEOP_20260402.csv,2025-07-31 13:54:17,0.0
GEOP_20260402.csv,2025-07-31 13:57:17,0.0
GEOP_20260402.csv,2025-07-31 14:00:17,0.0
GEOP_20260402.csv,2025-07-31 14:06:17,0.0
GEOP_20260402.csv,2025-07-31 14:09:17,0.0
GEOP_20260402.csv,2025-07-31 14:12:17,0.0
GEOP_20260402.csv,2025-07-31 14:15:17,0.0
GEOP_20260402.csv,2025-07-31 14:18:17,0.0
GEOP_20260402.csv,2025-07-31 14:21:17,0.0
GEOP_20260402.csv,2025-07-31 14:24:17,0.0
GEOP_20260402.csv,2025-07-31 14:27:17,0.0
GEOP_20260402.csv,2025-07-31 14:30:17,0.0
GEOP_20260402.csv,2025-07-31 14:33:17,0.0
GEOP_20260402.csv,2025-07-31 14:36:17,0.0
GEOP_20260402.csv,2025-07-31 14:39:17,0.0
GEOP_20260402.csv,2025-07-31 14:42:17,0.0
GEOP_20260402.csv,2025-07-31 14:45:17,0.0
GEOP_20260402.csv,2025-07-31 14:48:17,0.0
GEOP_20260402.csv,2025-07-31 14:51:17,0.0
GEOP_20260402.csv,2025-07-31 14:54:17,0.0
GEOP_20260402.csv,2025-07-31 14:57:17,0.0
GEOP_20260402.csv,2025-07-31 15:00:17,0.0
GEOP_20260402.csv,2025-07-31 15:03:17,0.0
GEOP_20260402.csv,2025-07-31 15:06:17,0.0
GEOP_20260402.csv,2025-07-31 15:09:17,0.0
GEOP_20260402.csv,2025-07-31 15:12:17,0.0
GEOP_20260402.csv,2025-07-31 15:15:17,0.0
GEOP_20260402.csv,2025-07-31 15:18:17,0.0
GEOP_20260402.csv,2025-07-31 15:21:17,0.0
GEOP_20260402.csv,2025-07-31 15:24:17,0.0
GEOP_20260402.csv,2025-07-31 15:27:17,0.0
GEOP_20260402.csv,2025-07-31 15:30:17,0.0
GEOP_20260402.csv,2025-07-31 15:33:17,0.0
GEOP_20260402.csv,2025-07-31 15:36:17,0.0
GEOP_20260402.csv,2025-07-31 15:39:17,0.0
GEOP_20260402.csv,2025-07-31 15:42:17,0.0
GEOP_20260402.csv,2025-07-31 15:45:17,0.0
GEOP_20260402.csv,2025-07-31 15:48:17,0.0
GEOP_20260402.csv,2025-07-31 15:54:17,0.0
GEOP_20260402.csv,2025-07-31 15:57:17,0.0
GEOP_20260402.csv,2025-07-31 16:00:17,0.0
GEOP_20260402.csv,2025-07-31 16:03:17,0.0
GEOP_20260402.csv,2025-07-31 16:06:17,0.0
GEOP_20260402.csv,2025-07-31 16:09:17,0.0
GEOP_20260402.csv,2025-07-31 16:12:17,0.0
GEOP_20260402.csv,2025-07-31 16:15:17,0.0
GEOP_20260402.csv,2025-07-31 16:18:17,0.0
GEOP_20260402.csv,2025-07-31 16:21:17,0.0
GEOP_20260402.csv,2025-07-31 16:24:17,0.0
GEOP_20260402.csv,2025-07-31 16:27:17,0.0
GEOP_20260402.csv,2025-07-31 16:30:17,0.0
GEOP_20260402.csv,2025-07-31 16:33:17,0.0
GEOP_20260402.csv,2025-07-31 16:36:17,0.0
GEOP_20260402.csv,2025-07-31 16:39:17,0.0
GEOP_20260402.csv,2025-07-31 16:42:17,0.0
GEOP_20260402.csv,2025-07-31 16:45:17,0.0
GEOP_20260402.csv,2025-07-31 16:48:17,0.0
GEOP_20260402.csv,2025-07-31 16:51:17,0.0
GEOP_20260402.csv,2025-07-31 16:54:17,0.0
GEOP_20260402.csv,2025-07-31 16:57:17,0.0
GEOP_20260402.csv,2025-07-31 17:03:17,0.0
GEOP_20260402.csv,2025-07-31 17:06:17,0.0
GEOP_20260402.csv,2025-07-31 17:09:17,0.0
GEOP_20260402.csv,2025-07-31 17:12:17,0.0
GEOP_20260402.csv,2025-07-31 17:15:17,0.0
GEOP_20260402.csv,2025-07-31 17:18:17,0.0
GEOP_20260402.csv,2025-07-31 17:21:17,0.0
GEOP_20260402.csv,2025-07-31 17:24:17,0.0
GEOP_20260402.csv,2025-07-31 17:27:17,0.0
GEOP_20260402.csv,2025-07-31 17:30:17,0.0
GEOP_20260402.csv,2025-07-31 17:33:17,0.0
GEOP_20260402.csv,2025-07-31 17:36:17,0.0
GEOP_20260402.csv,2025-07-31 17:39:17,0.0
GEOP_20260402.csv,2025-07-31 17:42:17,0.0
GEOP_20260402.csv,2025-07-31 17:45:17,0.0
GEOP_20260402.csv,2025-07-31 17:48:17,0.0
GEOP_20260402.csv,2025-07-31 17:51:17,0.0
GEOP_20260402.csv,2025-07-31 17:54:17,0.0
GEOP_20260402.csv,2025-07-31 17:57:17,0.0
GEOP_20260402.csv,2025-07-31 18:00:17,0.0
GEOP_20260402.csv,2025-07-31 18:03:17,0.0
GEOP_20260402.csv,2025-07-31 18:06:17,0.0
GEOP_20260402.csv,2025-07-31 18:12:17,0.0
GEOP_20260402.csv,2025-07-31 18:15:17,0.0
GEOP_20260402.csv,2025-07-31 18:18:17,0.0
GEOP_20260402.csv,2025-07-31 18:21:17,0.0
GEOP_20260402.csv,2025-07-31 18:24:17,0.0
GEOP_20260402.csv,2025-07-31 18:27:17,0.0
GEOP_20260402.csv,2025-07-31 18:30:17,0.0
GEOP_20260402.csv,2025-07-31 18:33:17,0.0
GEOP_20260402.csv,2025-07-31 18:36:17,0.0
GEOP_20260402.csv,2025-07-31 18:39:17,0.0
GEOP_20260402.csv,2025-07-31 18:42:17,0.0
GEOP_20260402.csv,2025-07-31 18:45:17,0.0
GEOP_20260402.csv,2025-07-31 18:48:17,0.0
GEOP_20260402.csv,2025-07-31 18:51:17,0.0
GEOP_20260402.csv,2025-07-31 18:54:17,0.0
GEOP_20260402.csv,2025-07-31 18:57:17,0.0
GEOP_20260402.csv,2025-07-31 19:00:17,0.0
GEOP_20260402.csv,2025-07-31 19:03:17,0.0
GEOP_20260402.csv,2025-07-31 19:06:17,0.0
GEOP_20260402.csv,2025-07-31 19:09:17,0.0
GEOP_20260402.csv,2025-07-31 19:12:17,0.0
GEOP_20260402.csv,2025-07-31 19:15:17,0.0
GEOP_20260402.csv,2025-07-31 19:18:17,0.0
GEOP_20260402.csv,2025-07-31 19:21:17,0.0
GEOP_20260402.csv,2025-07-31 19:24:17,0.0
GEOP_20260402.csv,2025-07-31 19:27:17,0.0
GEOP_20260402.csv,2025-07-31 19:30:17,0.0
GEOP_20260402.csv,2025-07-31 19:33:17,0.0
GEOP_20260402.csv,2025-07-31 19:36:17,0.0
GEOP_20260402.csv,2025-07-31 19:39:17,0.0
GEOP_20260402.csv,2025-07-31 19:42:17,0.0
GEOP_20260402.csv,2025-07-31 19:45:17,0.0
GEOP_20260402.csv,2025-07-31 19:48:17,0.0
GEOP_20260402.csv,2025-07-31 19:51:17,0.0
GEOP_20260402.csv,2025-07-31 19:54:17,0.0
GEOP_20260402.csv,2025-07-31 19:57:17,0.0
GEOP_20260402.csv,2025-07-31 20:00:17,0.0
GEOP_20260402.csv,2025-07-31 20:03:17,0.0
GEOP_20260402.csv,2025-07-31 20:06:17,0.0
GEOP_20260402.csv,2025-07-31 20:09:17,0.0
GEOP_20260402.csv,2025-07-31 20:12:17,0.0
GEOP_20260402.csv,2025-07-31 20:15:17,0.0
GEOP_20260402.csv,2025-07-31 20:18:17,0.0
GEOP_20260402.csv,2025-07-31 20:21:17,0.0
GEOP_20260402.csv,2025-07-31 20:24:17,0.0
GEOP_20260402.csv,2025-07-31 20:27:17,0.0
GEOP_20260402.csv,2025-07-31 20:30:17,0.0
GEOP_20260402.csv,2025-07-31 20:33:17,0.0
GEOP_20260402.csv,2025-07-31 20:36:17,0.0
GEOP_20260402.csv,2025-07-31 20:39:17,0.0
GEOP_20260402.csv,2025-07-31 20:45:17,0.0
GEOP_20260402.csv,2025-07-31 20:48:17,0.0
GEOP_20260402.csv,2025-07-31 20:51:17,0.0
GEOP_20260402.csv,2025-07-31 20:54:17,0.0
GEOP_20260402.csv,2025-07-31 20:57:17,0.0
GEOP_20260402.csv,2025-07-31 21:00:17,0.0
GEOP_20260402.csv,2025-07-31 21:03:17,0.0
GEOP_20260402.csv,2025-07-31 21:06:17,0.0
GEOP_20260402.csv,2025-07-31 21:09:17,0.0
GEOP_20260402.csv,2025-07-31 21:12:17,0.0
GEOP_20260402.csv,2025-07-31 21:15:17,0.0
GEOP_20260402.csv,2025-07-31 21:18:17,0.0
GEOP_20260402.csv,2025-07-31 21:21:17,0.0
GEOP_20260402.csv,2025-07-31 21:24:17,0.0
GEOP_20260402.csv,2025-07-31 21:27:16,0.0
GEOP_20260402.csv,2025-07-31 21:30:16,0.0
GEOP_20260402.csv,2025-07-31 21:33:17,0.0
GEOP_20260402.csv,2025-07-31 21:36:16,0.0
GEOP_20260402.csv,2025-07-31 21:39:16,0.0
GEOP_20260402.csv,2025-07-31 21:42:17,0.0
GEOP_20260402.csv,2025-07-31 21:45:16,0.0
GEOP_20260402.csv,2025-07-31 21:48:16,0.0
GEOP_20260402.csv,2025-07-31 21:51:16,0.0
GEOP_20260402.csv,2025-07-31 21:54:16,0.0
GEOP_20260402.csv,2025-07-31 21:57:16,0.0
GEOP_20260402.csv,2025-07-31 22:00:16,0.0
GEOP_20260402.csv,2025-07-31 22:03:16,0.0
GEOP_20260402.csv,2025-07-31 22:09:16,0.0
GEOP_20260402.csv,2025-07-31 22:12:16,0.0
GEOP_20260402.csv,2025-07-31 22:15:16,0.0
GEOP_20260402.csv,2025-07-31 22:18:16,0.0
GEOP_20260402.csv,2025-07-31 22:21:16,0.0
GEOP_20260402.csv,2025-07-31 22:24:16,0.0
GEOP_20260402.csv,2025-07-31 22:27:16,0.0
GEOP_20260402.csv,2025-07-31 22:30:16,0.0
GEOP_20260402.csv,2025-07-31 22:33:16,0.0
GEOP_20260402.csv,2025-07-31 22:36:16,0.0
GEOP_20260402.csv,2025-07-31 22:39:16,0.0
GEOP_20260402.csv,2025-07-31 22:42:16,0.0
GEOP_20260402.csv,2025-07-31 22:45:16,0.0
GEOP_20260402.csv,2025-07-31 22:48:16,0.0
GEOP_20260402.csv,2025-07-31 22:51:16,0.0
GEOP_20260402.csv,2025-07-31 22:54:16,0.0
GEOP_20260402.csv,2025-07-31 22:57:16,0.0
GEOP_20260402.csv,2025-07-31 23:00:16,0.0
GEOP_20260402.csv,2025-07-31 23:03:16,0.0
GEOP_20260402.csv,2025-07-31 23:06:16,0.0
GEOP_20260402.csv,2025-07-31 23:09:16,0.0
GEOP_20260402.csv,2025-07-31 23:12:16,0.0
GEOP_20260402.csv,2025-07-31 23:15:16,0.0
GEOP_20260402.csv,2025-07-31 23:18:16,0.0
GEOP_20260402.csv,2025-07-31 23:21:16,0.0
GEOP_20260402.csv,2025-07-31 23:24:16,0.0
GEOP_20260402.csv,2025-07-31 23:27:16,0.0
GEOP_20260402.csv,2025-07-31 23:30:16,0.0
GEOP_20260402.csv,2025-07-31 23:33:16,0.0
GEOP_20260402.csv,2025-07-31 23:36:16,0.0
GEOP_20260402.csv,2025-07-31 23:39:16,0.0
GEOP_20260402.csv,2025-07-31 23:42:16,0.0
GEOP_20260402.csv,2025-07-31 23:45:16,0.0
GEOP_20260402.csv,2025-07-31 23:48:16,0.0
GEOP_20260402.csv,2025-07-31 23:51:16,0.0
GEOP_20260402.csv,2025-07-31 23:54:16,0.0
GEOP_20260402.csv,2025-07-31 23:57:16,0.0
GEOP_20260402.csv,2025-08-01 00:00:16,0.0
GEOP_20260402.csv,2025-08-01 00:03:16,0.0
GEOP_20260402.csv,2025-08-01 00:06:16,0.0
GEOP_20260402.csv,2025-08-01 00:09:16,0.0
GEOP_20260402.csv,2025-08-01 00:12:16,0.0
GEOP_20260402.csv,2025-08-01 00:15:16,0.0
GEOP_20260402.csv,2025-08-01 00:18:16,0.0
GEOP_20260402.csv,2025-08-01 00:21:16,0.0
GEOP_20260402.csv,2025-08-01 00:24:16,0.0
GEOP_20260402.csv,2025-08-01 00:27:16,0.0
GEOP_20260402.csv,2025-08-01 00:30:16,0.0
GEOP_20260402.csv,2025-08-01 00:36:16,0.0
GEOP_20260402.csv,2025-08-01 00:39:16,0.0
GEOP_20260402.csv,2025-08-01 00:42:16,0.0
GEOP_20260402.csv,2025-08-01 00:45:16,0.0
GEOP_20260402.csv,2025-08-01 00:48:16,0.0
GEOP_20260402.csv,2025-08-01 00:51:16,0.0
GEOP_20260402.csv,2025-08-01 00:54:16,0.0
GEOP_20260402.csv,2025-08-01 00:57:16,0.0
GEOP_20260402.csv,2025-08-01 01:00:16,0.0
GEOP_20260402.csv,2025-08-01 01:03:16,0.0
GEOP_20260402.csv,2025-08-01 01:06:16,0.0
GEOP_20260402.csv,2025-08-01 01:09:16,0.0
GEOP_20260402.csv,2025-08-01 01:12:16,0.0
GEOP_20260402.csv,2025-08-01 01:15:16,0.0
GEOP_20260402.csv,2025-08-01 01:18:16,0.0
GEOP_20260402.csv,2025-08-01 01:21:16,0.0
GEOP_20260402.csv,2025-08-01 01:24:16,0.0
GEOP_20260402.csv,2025-08-01 01:27:16,0.0
GEOP_20260402.csv,2025-08-01 01:30:16,0.0
GEOP_20260402.csv,2025-08-01 01:33:16,0.0
GEOP_20260402.csv,2025-08-01 01:36:16,0.0
GEOP_20260402.csv,2025-08-01 01:39:16,0.0
GEOP_20260402.csv,2025-08-01 01:42:16,0.0
GEOP_20260402.csv,2025-08-01 01:45:16,0.0
GEOP_20260402.csv,2025-08-01 01:48:16,0.0
GEOP_20260402.csv,2025-08-01 01:51:16,0.0
GEOP_20260402.csv,2025-08-01 01:54:16,0.0
GEOP_20260402.csv,2025-08-01 01:57:16,0.0
GEOP_20260402.csv,2025-08-01 02:00:16,0.0
GEOP_20260402.csv,2025-08-01 02:03:16,0.0
GEOP_20260402.csv,2025-08-01 02:06:16,0.0
GEOP_20260402.csv,2025-08-01 02:09:16,0.0
GEOP_20260402.csv,2025-08-01 02:12:16,0.0
GEOP_20260402.csv,2025-08-01 02:15:16,0.0
GEOP_20260402.csv,2025-08-01 02:18:16,0.0
GEOP_20260402.csv,2025-08-01 02:21:16,0.0
GEOP_20260402.csv,2025-08-01 02:24:16,0.0
GEOP_20260402.csv,2025-08-01 02:27:16,0.0
GEOP_20260402.csv,2025-08-01 02:30:16,0.0
GEOP_20260402.csv,2025-08-01 02:33:16,0.0
GEOP_20260402.csv,2025-08-01 02:36:16,0.0
GEOP_20260402.csv,2025-08-01 02:39:16,0.0
GEOP_20260402.csv,2025-08-01 02:42:16,0.0
GEOP_20260402.csv,2025-08-01 02:45:16,0.0
GEOP_20260402.csv,2025-08-01 02:48:16,0.0
GEOP_20260402.csv,2025-08-01 02:51:16,0.0
GEOP_20260402.csv,2025-08-01 02:54:16,0.0
GEOP_20260402.csv,2025-08-01 02:57:16,0.0
GEOP_20260402.csv,2025-08-01 03:00:16,0.0
GEOP_20260402.csv,2025-08-01 03:03:16,0.0
GEOP_20260402.csv,2025-08-01 03:06:16,0.0
GEOP_20260402.csv,2025-08-01 03:09:16,0.0
GEOP_20260402.csv,2025-08-01 03:12:16,0.0
GEOP_20260402.csv,2025-08-01 03:15:16,0.0
GEOP_20260402.csv,2025-08-01 03:18:16,0.0
GEOP_20260402.csv,2025-08-01 03:21:16,0.0
GEOP_20260402.csv,2025-08-01 03:24:16,0.0
GEOP_20260402.csv,2025-08-01 03:27:16,0.0
GEOP_20260402.csv,2025-08-01 03:30:16,0.0
GEOP_20260402.csv,2025-08-01 03:33:16,0.0
GEOP_20260402.csv,2025-08-01 03:36:16,0.0
GEOP_20260402.csv,2025-08-01 03:39:16,0.0
GEOP_20260402.csv,2025-08-01 03:42:16,0.0
GEOP_20260402.csv,2025-08-01 03:45:16,0.0
GEOP_20260402.csv,2025-08-01 03:48:16,0.0
GEOP_20260402.csv,2025-08-01 03:51:16,0.0
GEOP_20260402.csv,2025-08-01 03:54:16,0.0
GEOP_20260402.csv,2025-08-01 03:57:16,0.0
GEOP_20260402.csv,2025-08-01 04:00:16,0.0
GEOP_20260402.csv,2025-08-01 04:03:16,0.0
GEOP_20260402.csv,2025-08-01 04:06:16,0.0
GEOP_20260402.csv,2025-08-01 04:09:16,0.0
GEOP_20260402.csv,2025-08-01 04:12:16,0.0
GEOP_20260402.csv,2025-08-01 04:18:16,0.0
GEOP_20260402.csv,2025-08-01 04:21:16,0.0
GEOP_20260402.csv,2025-08-01 04:24:16,0.0
GEOP_20260402.csv,2025-08-01 04:27:16,0.0
GEOP_20260402.csv,2025-08-01 04:30:16,0.0
GEOP_20260402.csv,2025-08-01 04:33:16,0.0
GEOP_20260402.csv,2025-08-01 04:36:16,0.0
GEOP_20260402.csv,2025-08-01 04:39:16,0.0
GEOP_20260402.csv,2025-08-01 04:42:16,0.0
GEOP_20260402.csv,2025-08-01 04:45:16,0.0
GEOP_20260402.csv,2025-08-01 04:48:16,0.0
GEOP_20260402.csv,2025-08-01 04:51:16,0.0
GEOP_20260402.csv,2025-08-01 04:54:16,0.0
GEOP_20260402.csv,2025-08-01 04:57:16,0.0
GEOP_20260402.csv,2025-08-01 05:00:16,0.0
GEOP_20260402.csv,2025-08-01 05:03:16,0.0
GEOP_20260402.csv,2025-08-01 05:06:16,0.0
GEOP_20260402.csv,2025-08-01 05:09:16,0.0
GEOP_20260402.csv,2025-08-01 05:12:16,0.0
GEOP_20260402.csv,2025-08-01 05:15:16,0.0
GEOP_20260402.csv,2025-08-01 05:18:16,0.0
GEOP_20260402.csv,2025-08-01 05:21:16,0.0
GEOP_20260402.csv,2025-08-01 05:24:16,0.0
GEOP_20260402.csv,2025-08-01 05:27:16,0.0
GEOP_20260402.csv,2025-08-01 05:30:16,0.0
GEOP_20260402.csv,2025-08-01 05:33:16,0.0
GEOP_20260402.csv,2025-08-01 05:36:16,0.0
GEOP_20260402.csv,2025-08-01 05:39:16,0.0
GEOP_20260402.csv,2025-08-01 05:42:16,0.0
GEOP_20260402.csv,2025-08-01 05:45:16,0.0
GEOP_20260402.csv,2025-08-01 05:48:16,0.0
GEOP_20260402.csv,2025-08-01 05:51:16,0.0
GEOP_20260402.csv,2025-08-01 05:54:16,0.0
GEOP_20260402.csv,2025-08-01 05:57:16,0.0
GEOP_20260402.csv,2025-08-01 06:00:16,0.0
GEOP_20260402.csv,2025-08-01 06:03:16,0.0
GEOP_20260402.csv,2025-08-01 06:06:16,0.0
GEOP_20260402.csv,2025-08-01 06:09:16,0.0
GEOP_20260402.csv,2025-08-01 06:12:16,0.0
GEOP_20260402.csv,2025-08-01 06:18:16,0.0
GEOP_20260402.csv,2025-08-01 06:21:16,0.0
GEOP_20260402.csv,2025-08-01 06:24:16,0.0
GEOP_20260402.csv,2025-08-01 06:27:16,0.0
GEOP_20260402.csv,2025-08-01 06:30:16,0.0
GEOP_20260402.csv,2025-08-01 06:33:16,0.0
GEOP_20260402.csv,2025-08-01 06:36:16,0.0
GEOP_20260402.csv,2025-08-01 06:39:16,0.0
GEOP_20260402.csv,2025-08-01 06:42:16,0.0
GEOP_20260402.csv,2025-08-01 06:45:16,0.0
GEOP_20260402.csv,2025-08-01 06:48:16,0.0
GEOP_20260402.csv,2025-08-01 06:51:16,0.0
GEOP_20260402.csv,2025-08-01 06:54:16,0.0
GEOP_20260402.csv,2025-08-01 06:57:16,0.0
GEOP_20260402.csv,2025-08-01 07:00:15,0.0
GEOP_20260402.csv,2025-08-01 07:03:15,0.0
GEOP_20260402.csv,2025-08-01 07:06:16,0.0
GEOP_20260402.csv,2025-08-01 07:09:15,0.0
GEOP_20260402.csv,2025-08-01 07:12:15,0.0
GEOP_20260402.csv,2025-08-01 07:15:15,0.0
GEOP_20260402.csv,2025-08-01 07:18:15,0.0
GEOP_20260402.csv,2025-08-01 07:21:15,0.0
GEOP_20260402.csv,2025-08-01 07:24:15,0.0
GEOP_20260402.csv,2025-08-01 07:27:15,0.0
GEOP_20260402.csv,2025-08-01 07:30:15,0.0
GEOP_20260402.csv,2025-08-01 07:33:15,0.0
GEOP_20260402.csv,2025-08-01 07:36:15,0.0
GEOP_20260402.csv,2025-08-01 07:39:15,0.0
GEOP_20260402.csv,2025-08-01 07:42:16,0.0
GEOP_20260402.csv,2025-08-01 07:45:15,0.0
GEOP_20260402.csv,2025-08-01 07:48:15,0.0
GEOP_20260402.csv,2025-08-01 07:51:15,0.0
GEOP_20260402.csv,2025-08-01 07:54:15,0.0
GEOP_20260402.csv,2025-08-01 07:57:15,0.0
GEOP_20260402.csv,2025-08-01 08:00:15,0.0
GEOP_20260402.csv,2025-08-01 08:03:15,0.0
GEOP_20260402.csv,2025-08-01 08:06:15,0.0
GEOP_20260402.csv,2025-08-01 08:09:15,0.0
GEOP_20260402.csv,2025-08-01 08:12:15,0.0
GEOP_20260402.csv,2025-08-01 08:15:15,0.0
GEOP_20260402.csv,2025-08-01 08:18:15,0.0
GEOP_20260402.csv,2025-08-01 08:21:15,0.0
GEOP_20260402.csv,2025-08-01 08:24:15,0.0
GEOP_20260402.csv,2025-08-01 08:27:15,0.0
GEOP_20260402.csv,2025-08-01 08:30:15,0.0
GEOP_20260402.csv,2025-08-01 08:33:15,0.0
GEOP_20260402.csv,2025-08-01 08:36:15,0.0
GEOP_20260402.csv,2025-08-01 08:39:15,0.0
GEOP_20260402.csv,2025-08-01 08:42:15,0.0
GEOP_20260402.csv,2025-08-01 08:45:15,0.0
GEOP_20260402.csv,2025-08-01 08:48:15,0.0
GEOP_20260402.csv,2025-08-01 08:51:15,0.0
GEOP_20260402.csv,2025-08-01 08:54:15,0.0
GEOP_20260402.csv,2025-08-01 08:57:15,0.0
GEOP_20260402.csv,2025-08-01 09:00:15,0.0
GEOP_20260402.csv,2025-08-01 09:03:15,0.0
GEOP_20260402.csv,2025-08-01 09:06:15,0.0
GEOP_20260402.csv,2025-08-01 09:09:15,0.0
GEOP_20260402.csv,2025-08-01 09:12:16,0.0
GEOP_20260402.csv,2025-08-01 09:15:15,0.0
GEOP_20260402.csv,2025-08-01 09:18:15,0.0
GEOP_20260402.csv,2025-08-01 09:21:15,0.0
GEOP_20260402.csv,2025-08-01 09:24:15,0.0
GEOP_20260402.csv,2025-08-01 09:27:15,0.0
GEOP_20260402.csv,2025-08-01 09:30:15,0.0
GEOP_20260402.csv,2025-08-01 09:33:15,0.0
GEOP_20260402.csv,2025-08-01 09:36:15,0.0
GEOP_20260402.csv,2025-08-01 09:39:15,0.0
GEOP_20260402.csv,2025-08-01 09:42:15,0.0
GEOP_20260402.csv,2025-08-01 09:45:15,0.0
GEOP_20260402.csv,2025-08-01 09:48:15,0.0
GEOP_20260402.csv,2025-08-01 09:51:15,0.0
GEOP_20260402.csv,2025-08-01 09:54:15,0.0
GEOP_20260402.csv,2025-08-01 09:57:15,0.0
GEOP_20260402.csv,2025-08-01 10:00:15,0.0
GEOP_20260402.csv,2025-08-01 10:03:15,0.0
GEOP_20260402.csv,2025-08-01 10:06:15,0.0
GEOP_20260402.csv,2025-08-01 10:09:15,0.0
GEOP_20260402.csv,2025-08-01 10:12:15,0.0
GEOP_20260402.csv,2025-08-01 10:15:15,0.0
GEOP_20260402.csv,2025-08-01 10:18:15,0.0
GEOP_20260402.csv,2025-08-01 10:21:15,0.0
GEOP_20260402.csv,2025-08-01 10:24:15,0.0
GEOP_20260402.csv,2025-08-01 10:27:15,0.0
GEOP_20260402.csv,2025-08-01 10:30:15,0.0
GEOP_20260402.csv,2025-08-01 10:36:15,0.0
GEOP_20260402.csv,2025-08-01 10:39:15,0.0
GEOP_20260402.csv,2025-08-01 10:42:15,0.0
GEOP_20260402.csv,2025-08-01 10:45:15,0.0
GEOP_20260402.csv,2025-08-01 10:48:15,0.0
GEOP_20260402.csv,2025-08-01 10:51:15,0.0
GEOP_20260402.csv,2025-08-01 10:54:15,0.0
GEOP_20260402.csv,2025-08-01 10:57:15,0.0
GEOP_20260402.csv,2025-08-01 11:00:15,0.0
GEOP_20260402.csv,2025-08-01 11:03:15,0.0
GEOP_20260402.csv,2025-08-01 11:06:15,0.0
GEOP_20260402.csv,2025-08-01 11:09:15,0.0
GEOP_20260402.csv,2025-08-01 11:12:15,0.0
GEOP_20260402.csv,2025-08-01 11:15:15,0.0
GEOP_20260402.csv,2025-08-01 11:18:15,0.0
GEOP_20260402.csv,2025-08-01 11:24:15,0.0
GEOP_20260402.csv,2025-08-01 11:27:15,0.0
GEOP_20260402.csv,2025-08-01 11:30:15,0.0
GEOP_20260402.csv,2025-08-01 11:33:15,0.0
GEOP_20260402.csv,2025-08-01 11:36:15,0.0
GEOP_20260402.csv,2025-08-01 11:39:15,0.0
GEOP_20260402.csv,2025-08-01 11:42:15,0.0
GEOP_20260402.csv,2025-08-01 11:45:15,0.0
GEOP_20260402.csv,2025-08-01 11:48:15,0.0
GEOP_20260402.csv,2025-08-01 11:51:15,0.0
GEOP_20260402.csv,2025-08-01 11:54:15,0.0
GEOP_20260402.csv,2025-08-01 11:57:15,0.0
GEOP_20260402.csv,2025-08-01 12:00:15,0.0
GEOP_20260402.csv,2025-08-01 12:03:15,0.0
GEOP_20260402.csv,2025-08-01 12:06:15,0.0
GEOP_20260402.csv,2025-08-01 12:09:15,0.0
GEOP_20260402.csv,2025-08-01 12:12:15,0.0
GEOP_20260402.csv,2025-08-01 12:15:15,0.0
GEOP_20260402.csv,2025-08-01 12:18:15,0.0
GEOP_20260402.csv,2025-08-01 12:21:15,0.0
GEOP_20260402.csv,2025-08-01 12:24:15,0.0
GEOP_20260402.csv,2025-08-01 12:30:15,0.0
GEOP_20260402.csv,2025-08-01 12:33:15,0.0
GEOP_20260402.csv,2025-08-01 12:36:15,0.0
GEOP_20260402.csv,2025-08-01 12:39:15,0.0
GEOP_20260402.csv,2025-08-01 12:42:15,0.0
GEOP_20260402.csv,2025-08-01 12:45:15,0.0
GEOP_20260402.csv,2025-08-01 12:48:15,0.0
GEOP_20260402.csv,2025-08-01 12:54:15,0.0
GEOP_20260402.csv,2025-08-01 12:57:15,0.0
GEOP_20260402.csv,2025-08-01 13:00:15,0.0
GEOP_20260402.csv,2025-08-01 13:03:15,0.0
GEOP_20260402.csv,2025-08-01 13:06:15,0.0
GEOP_20260402.csv,2025-08-01 13:09:15,0.0
GEOP_20260402.csv,2025-08-01 13:12:15,0.0
GEOP_20260402.csv,2025-08-01 13:15:15,0.0
GEOP_20260402.csv,2025-08-01 13:18:15,0.0
GEOP_20260402.csv,2025-08-01 13:21:15,0.0
GEOP_20260402.csv,2025-08-01 13:24:15,0.0
GEOP_20260402.csv,2025-08-01 13:27:15,0.0
GEOP_20260402.csv,2025-08-01 13:30:15,0.0
GEOP_20260402.csv,2025-08-01 13:33:15,0.0
GEOP_20260402.csv,2025-08-01 13:36:15,0.0
GEOP_20260402.csv,2025-08-01 13:39:15,0.0
GEOP_20260402.csv,2025-08-01 13:42:15,0.0
GEOP_20260402.csv,2025-08-01 13:45:15,0.0
GEOP_20260402.csv,2025-08-01 13:48:15,0.0
GEOP_20260402.csv,2025-08-01 13:51:15,0.0
GEOP_20260402.csv,2025-08-01 13:54:15,0.0
GEOP_20260402.csv,2025-08-01 13:57:15,0.0
GEOP_20260402.csv,2025-08-01 14:00:15,0.0
GEOP_20260402.csv,2025-08-01 14:03:15,0.0
GEOP_20260402.csv,2025-08-01 14:06:15,0.0
GEOP_20260402.csv,2025-08-01 14:09:15,0.0
GEOP_20260402.csv,2025-08-01 14:12:15,0.0
GEOP_20260402.csv,2025-08-01 14:15:15,0.0
GEOP_20260402.csv,2025-08-01 14:18:15,0.0
GEOP_20260402.csv,2025-08-01 14:21:15,0.0
GEOP_20260402.csv,2025-08-01 14:24:15,0.0
GEOP_20260402.csv,2025-08-01 14:27:15,0.0
GEOP_20260402.csv,2025-08-01 14:30:15,0.0
GEOP_20260402.csv,2025-08-01 14:33:15,0.0
GEOP_20260402.csv,2025-08-01 14:36:15,0.0
GEOP_20260402.csv,2025-08-01 14:39:15,0.0
GEOP_20260402.csv,2025-08-01 14:42:15,0.0
GEOP_20260402.csv,2025-08-01 14:45:15,0.0
GEOP_20260402.csv,2025-08-01 14:48:15,0.0
GEOP_20260402.csv,2025-08-01 14:51:15,0.0
GEOP_20260402.csv,2025-08-01 14:54:15,0.0
GEOP_20260402.csv,2025-08-01 14:57:15,0.0
GEOP_20260402.csv,2025-08-01 15:00:15,0.0
GEOP_20260402.csv,2025-08-01 15:03:15,0.0
GEOP_20260402.csv,2025-08-01 15:06:15,0.0
GEOP_20260402.csv,2025-08-01 15:09:15,0.0
GEOP_20260402.csv,2025-08-01 15:12:15,0.0
GEOP_20260402.csv,2025-08-01 15:15:15,0.0
GEOP_20260402.csv,2025-08-01 15:18:15,0.0
GEOP_20260402.csv,2025-08-01 15:21:15,0.0
GEOP_20260402.csv,2025-08-01 15:24:15,0.0
GEOP_20260402.csv,2025-08-01 15:27:15,0.0
GEOP_20260402.csv,2025-08-01 15:30:15,0.0
GEOP_20260402.csv,2025-08-01 15:33:15,0.0
GEOP_20260402.csv,2025-08-01 15:36:15,0.0
GEOP_20260402.csv,2025-08-01 15:39:15,0.0
GEOP_20260402.csv,2025-08-01 15:42:15,0.0
GEOP_20260402.csv,2025-08-01 15:45:15,0.0
GEOP_20260402.csv,2025-08-01 15:48:15,0.0
GEOP_20260402.csv,2025-08-01 15:51:15,0.0
GEOP_20260402.csv,2025-08-01 15:54:15,0.0
GEOP_20260402.csv,2025-08-01 15:57:15,0.0
GEOP_20260402.csv,2025-08-01 16:00:15,0.0
GEOP_20260402.csv,2025-08-01 16:03:15,0.0
GEOP_20260402.csv,2025-08-01 16:06:15,0.0
GEOP_20260402.csv,2025-08-01 16:09:15,0.0
GEOP_20260402.csv,2025-08-01 16:12:15,0.0
GEOP_20260402.csv,2025-08-01 16:15:15,0.0
GEOP_20260402.csv,2025-08-01 16:18:15,0.0
GEOP_20260402.csv,2025-08-01 16:21:15,0.0
GEOP_20260402.csv,2025-08-01 16:24:15,0.0
GEOP_20260402.csv,2025-08-01 16:27:15,0.0
GEOP_20260402.csv,2025-08-01 16:30:15,0.0
GEOP_20260402.csv,2025-08-01 16:33:15,0.0
GEOP_20260402.csv,2025-08-01 16:36:15,0.0
GEOP_20260402.csv,2025-08-01 16:39:15,0.0
GEOP_20260402.csv,2025-08-01 16:42:14,0.0
GEOP_20260402.csv,2025-08-01 16:45:15,0.0
GEOP_20260402.csv,2025-08-01 16:48:14,0.0
GEOP_20260402.csv,2025-08-01 16:51:14,0.0
GEOP_20260402.csv,2025-08-01 16:54:14,0.0
GEOP_20260402.csv,2025-08-01 16:57:14,0.0
GEOP_20260402.csv,2025-08-01 17:00:14,0.0
GEOP_20260402.csv,2025-08-01 17:03:14,0.0
GEOP_20260402.csv,2025-08-01 17:06:14,0.0
GEOP_20260402.csv,2025-08-01 17:09:14,0.0
GEOP_20260402.csv,2025-08-01 17:12:14,0.0
GEOP_20260402.csv,2025-08-01 17:15:14,0.0
GEOP_20260402.csv,2025-08-01 17:18:14,0.0
GEOP_20260402.csv,2025-08-01 17:21:14,0.0
GEOP_20260402.csv,2025-08-01 17:24:14,0.0
GEOP_20260402.csv,2025-08-01 17:27:14,0.0
GEOP_20260402.csv,2025-08-01 17:30:14,0.0
GEOP_20260402.csv,2025-08-01 17:33:14,0.0
GEOP_20260402.csv,2025-08-01 17:36:14,0.0
GEOP_20260402.csv,2025-08-01 17:39:14,0.0
GEOP_20260402.csv,2025-08-01 17:42:14,0.0
GEOP_20260402.csv,2025-08-01 17:45:14,0.0
GEOP_20260402.csv,2025-08-01 17:48:14,0.0
GEOP_20260402.csv,2025-08-01 17:51:14,0.0
GEOP_20260402.csv,2025-08-01 17:57:14,0.0
GEOP_20260402.csv,2025-08-01 18:00:14,0.0
GEOP_20260402.csv,2025-08-01 18:03:14,0.0
GEOP_20260402.csv,2025-08-01 18:06:14,0.0
GEOP_20260402.csv,2025-08-01 18:09:14,0.0
GEOP_20260402.csv,2025-08-01 18:12:14,0.0
GEOP_20260402.csv,2025-08-01 18:15:14,0.0
GEOP_20260402.csv,2025-08-01 18:18:14,0.0
GEOP_20260402.csv,2025-08-01 18:21:14,0.0
GEOP_20260402.csv,2025-08-01 18:24:14,0.0
GEOP_20260402.csv,2025-08-01 18:27:14,0.0
GEOP_20260402.csv,2025-08-01 18:30:14,0.0
GEOP_20260402.csv,2025-08-01 18:33:14,0.0
GEOP_20260402.csv,2025-08-01 18:36:14,0.0
GEOP_20260402.csv,2025-08-01 18:39:14,0.0
GEOP_20260402.csv,2025-08-01 18:42:14,0.0
GEOP_20260402.csv,2025-08-01 18:45:14,0.0
GEOP_20260402.csv,2025-08-01 18:48:14,0.0
GEOP_20260402.csv,2025-08-01 18:51:14,0.0
GEOP_20260402.csv,2025-08-01 18:54:14,0.0
GEOP_20260402.csv,2025-08-01 18:57:14,0.0
GEOP_20260402.csv,2025-08-01 19:00:14,0.0
GEOP_20260402.csv,2025-08-01 19:03:14,0.0
GEOP_20260402.csv,2025-08-01 19:06:14,0.0
GEOP_20260402.csv,2025-08-01 19:09:14,0.0
GEOP_20260402.csv,2025-08-01 19:12:14,0.0
GEOP_20260402.csv,2025-08-01 19:15:14,0.0
GEOP_20260402.csv,2025-08-01 19:18:14,0.0
GEOP_20260402.csv,2025-08-01 19:21:14,0.0
GEOP_20260402.csv,2025-08-01 19:24:14,0.0
GEOP_20260402.csv,2025-08-01 19:27:14,0.0
GEOP_20260402.csv,2025-08-01 19:30:14,0.0
GEOP_20260402.csv,2025-08-01 19:33:14,0.0
GEOP_20260402.csv,2025-08-01 19:36:14,0.0
GEOP_20260402.csv,2025-08-01 19:39:14,0.0
GEOP_20260402.csv,2025-08-01 19:42:14,0.0
GEOP_20260402.csv,2025-08-01 19:45:14,0.0
GEOP_20260402.csv,2025-08-01 19:48:14,0.0
GEOP_20260402.csv,2025-08-01 19:51:14,0.0
GEOP_20260402.csv,2025-08-01 19:54:14,0.0
GEOP_20260402.csv,2025-08-01 19:57:14,0.0
GEOP_20260402.csv,2025-08-01 20:00:14,0.0
GEOP_20260402.csv,2025-08-01 20:03:14,0.0
GEOP_20260402.csv,2025-08-01 20:06:14,0.0
GEOP_20260402.csv,2025-08-01 20:09:14,0.0
GEOP_20260402.csv,2025-08-01 20:12:14,0.0
GEOP_20260402.csv,2025-08-01 20:15:14,0.0
GEOP_20260402.csv,2025-08-01 20:18:14,0.0
GEOP_20260402.csv,2025-08-01 20:21:14,0.0
GEOP_20260402.csv,2025-08-01 20:24:14,0.0
GEOP_20260402.csv,2025-08-01 20:27:14,0.0
GEOP_20260402.csv,2025-08-01 20:30:14,0.0
GEOP_20260402.csv,2025-08-01 20:33:14,0.0
GEOP_20260402.csv,2025-08-01 20:36:14,0.0
GEOP_20260402.csv,2025-08-01 20:39:14,0.0
GEOP_20260402.csv,2025-08-01 20:42:14,0.0
GEOP_20260402.csv,2025-08-01 20:45:14,0.0
GEOP_20260402.csv,2025-08-01 20:48:14,0.0
GEOP_20260402.csv,2025-08-01 20:51:14,0.0
GEOP_20260402.csv,2025-08-01 20:54:14,0.0
GEOP_20260402.csv,2025-08-01 20:57:14,0.0
GEOP_20260402.csv,2025-08-01 21:00:14,0.0
GEOP_20260402.csv,2025-08-01 21:03:14,0.0
GEOP_20260402.csv,2025-08-01 21:09:14,0.0
GEOP_20260402.csv,2025-08-01 21:12:14,0.0
GEOP_20260402.csv,2025-08-01 21:15:14,0.0
GEOP_20260402.csv,2025-08-01 21:18:14,0.0
GEOP_20260402.csv,2025-08-01 21:21:14,0.0
GEOP_20260402.csv,2025-08-01 21:24:14,0.0
GEOP_20260402.csv,2025-08-01 21:27:14,0.0
GEOP_20260402.csv,2025-08-01 21:30:14,0.0
GEOP_20260402.csv,2025-08-01 21:33:14,0.0
GEOP_20260402.csv,2025-08-01 21:36:14,0.0
GEOP_20260402.csv,2025-08-01 21:39:14,0.0
GEOP_20260402.csv,2025-08-01 21:42:14,0.0
GEOP_20260402.csv,2025-08-01 21:45:14,0.0
GEOP_20260402.csv,2025-08-01 21:48:14,0.0
GEOP_20260402.csv,2025-08-01 21:51:14,0.0
GEOP_20260402.csv,2025-08-01 21:54:14,0.0
GEOP_20260402.csv,2025-08-01 21:57:14,0.0
GEOP_20260402.csv,2025-08-01 22:03:14,0.0
GEOP_20260402.csv,2025-08-01 22:06:14,0.0
GEOP_20260402.csv,2025-08-01 22:09:14,0.0
GEOP_20260402.csv,2025-08-01 22:15:14,0.0
GEOP_20260402.csv,2025-08-01 22:18:14,0.0
GEOP_20260402.csv,2025-08-01 22:21:14,0.0
GEOP_20260402.csv,2025-08-01 22:24:14,0.0
GEOP_20260402.csv,2025-08-01 22:27:14,0.0
GEOP_20260402.csv,2025-08-01 22:30:14,0.0
GEOP_20260402.csv,2025-08-01 22:33:14,0.0
GEOP_20260402.csv,2025-08-01 22:36:14,0.0
GEOP_20260402.csv,2025-08-01 22:39:14,0.0
GEOP_20260402.csv,2025-08-01 22:42:14,0.0
GEOP_20260402.csv,2025-08-01 22:45:14,0.0
GEOP_20260402.csv,2025-08-01 22:48:14,0.0
GEOP_20260402.csv,2025-08-01 22:51:14,0.0
GEOP_20260402.csv,2025-08-01 22:54:14,0.0
GEOP_20260402.csv,2025-08-01 22:57:14,0.0
GEOP_20260402.csv,2025-08-01 23:00:14,0.0
GEOP_20260402.csv,2025-08-01 23:03:14,0.0
GEOP_20260402.csv,2025-08-01 23:06:14,0.0
GEOP_20260402.csv,2025-08-01 23:09:14,0.0
GEOP_20260402.csv,2025-08-01 23:12:14,0.0
GEOP_20260402.csv,2025-08-01 23:15:14,0.0
GEOP_20260402.csv,2025-08-01 23:18:14,0.0
GEOP_20260402.csv,2025-08-01 23:21:14,0.0
GEOP_20260402.csv,2025-08-01 23:24:14,0.0
GEOP_20260402.csv,2025-08-01 23:27:14,0.0
GEOP_20260402.csv,2025-08-01 23:30:14,0.0
GEOP_20260402.csv,2025-08-01 23:33:14,0.0
GEOP_20260402.csv,2025-08-01 23:36:14,0.0
GEOP_20260402.csv,2025-08-01 23:39:14,0.0
GEOP_20260402.csv,2025-08-01 23:42:14,0.0
GEOP_20260402.csv,2025-08-01 23:45:14,0.0
GEOP_20260402.csv,2025-08-01 23:48:14,0.0
GEOP_20260402.csv,2025-08-01 23:51:14,0.0
GEOP_20260402.csv,2025-08-01 23:54:14,0.0
GEOP_20260402.csv,2025-08-01 23:57:14,0.0
GEOP_20260402.csv,2025-08-02 00:00:14,0.0
GEOP_20260402.csv,2025-08-02 00:03:14,0.0
GEOP_20260402.csv,2025-08-02 00:06:14,0.0
GEOP_20260402.csv,2025-08-02 00:09:14,0.0
GEOP_20260402.csv,2025-08-02 00:12:14,0.0
GEOP_20260402.csv,2025-08-02 00:15:14,0.0
GEOP_20260402.csv,2025-08-02 00:18:14,0.0
GEOP_20260402.csv,2025-08-02 00:21:14,0.0
GEOP_20260402.csv,2025-08-02 00:24:14,0.0
GEOP_20260402.csv,2025-08-02 00:27:14,0.0
GEOP_20260402.csv,2025-08-02 00:30:14,0.0
GEOP_20260402.csv,2025-08-02 00:33:14,0.0
GEOP_20260402.csv,2025-08-02 00:36:14,0.0
GEOP_20260402.csv,2025-08-02 00:39:14,0.0
GEOP_20260402.csv,2025-08-02 00:42:14,0.0
GEOP_20260402.csv,2025-08-02 00:45:14,0.0
GEOP_20260402.csv,2025-08-02 00:48:14,0.0
GEOP_20260402.csv,2025-08-02 00:51:14,0.0
GEOP_20260402.csv,2025-08-02 00:54:14,0.0
GEOP_20260402.csv,2025-08-02 00:57:14,0.0
GEOP_20260402.csv,2025-08-02 01:00:14,0.0
GEOP_20260402.csv,2025-08-02 01:03:14,0.0
GEOP_20260402.csv,2025-08-02 01:06:14,0.0
GEOP_20260402.csv,2025-08-02 01:09:14,0.0
GEOP_20260402.csv,2025-08-02 01:12:14,0.0
GEOP_20260402.csv,2025-08-02 01:15:14,0.0
GEOP_20260402.csv,2025-08-02 01:18:14,0.0
GEOP_20260402.csv,2025-08-02 01:21:14,0.0
GEOP_20260402.csv,2025-08-02 01:24:14,0.0
GEOP_20260402.csv,2025-08-02 01:27:14,0.0
GEOP_20260402.csv,2025-08-02 01:30:14,0.02
GEOP_20260402.csv,2025-08-02 01:33:14,0.5
GEOP_20260402.csv,2025-08-02 01:36:14,0.1
GEOP_20260402.csv,2025-08-02 01:39:14,0.07
GEOP_20260402.csv,2025-08-02 01:42:14,0.74
GEOP_20260402.csv,2025-08-02 01:45:14,0.55
GEOP_20260402.csv,2025-08-02 01:48:14,0.58
GEOP_20260402.csv,2025-08-02 01:51:14,0.44
GEOP_20260402.csv,2025-08-02 01:57:14,0.14
GEOP_20260402.csv,2025-08-02 02:00:14,0.01
GEOP_20260402.csv,2025-08-02 02:03:14,0.01
GEOP_20260402.csv,2025-08-02 02:06:13,0.01
GEOP_20260402.csv,2025-08-02 02:09:14,0.0
GEOP_20260402.csv,2025-08-02 02:12:13,0.0
GEOP_20260402.csv,2025-08-02 02:18:13,0.01
GEOP_20260402.csv,2025-08-02 02:21:13,0.0
GEOP_20260402.csv,2025-08-02 02:24:13,0.0
GEOP_20260402.csv,2025-08-02 02:27:13,0.0
GEOP_20260402.csv,2025-08-02 02:30:13,0.0
GEOP_20260402.csv,2025-08-02 02:33:13,0.0
GEOP_20260402.csv,2025-08-02 02:36:13,0.0
GEOP_20260402.csv,2025-08-02 02:39:13,0.0
GEOP_20260402.csv,2025-08-02 02:42:13,0.0
GEOP_20260402.csv,2025-08-02 02:45:13,0.0
GEOP_20260402.csv,2025-08-02 02:48:13,0.0
GEOP_20260402.csv,2025-08-02 02:51:13,0.0
GEOP_20260402.csv,2025-08-02 02:54:13,0.0
GEOP_20260402.csv,2025-08-02 02:57:13,0.0
GEOP_20260402.csv,2025-08-02 03:00:13,0.0
GEOP_20260402.csv,2025-08-02 03:03:13,0.0
GEOP_20260402.csv,2025-08-02 03:06:13,0.0
GEOP_20260402.csv,2025-08-02 03:09:13,0.0
GEOP_20260402.csv,2025-08-02 03:12:13,0.0
GEOP_20260402.csv,2025-08-02 03:15:13,0.0
GEOP_20260402.csv,2025-08-02 03:18:13,0.01
GEOP_20260402.csv,2025-08-02 03:21:13,0.0
GEOP_20260402.csv,2025-08-02 03:24:13,0.0
GEOP_20260402.csv,2025-08-02 03:27:13,0.0
GEOP_20260402.csv,2025-08-02 03:30:13,0.0
GEOP_20260402.csv,2025-08-02 03:33:13,0.14
GEOP_20260402.csv,2025-08-02 03:36:13,0.54
GEOP_20260402.csv,2025-08-02 03:39:13,0.15
GEOP_20260402.csv,2025-08-02 03:42:13,0.24
GEOP_20260402.csv,2025-08-02 03:45:13,0.64
GEOP_20260402.csv,2025-08-02 03:48:13,0.79
GEOP_20260402.csv,2025-08-02 03:51:13,0.47000000000000003
GEOP_20260402.csv,2025-08-02 03:54:13,0.21
GEOP_20260402.csv,2025-08-02 03:57:13,0.12
GEOP_20260402.csv,2025-08-02 04:00:13,0.1
GEOP_20260402.csv,2025-08-02 04:03:13,0.05
GEOP_20260402.csv,2025-08-02 04:06:13,0.02
GEOP_20260402.csv,2025-08-02 04:09:13,0.04
GEOP_20260402.csv,2025-08-02 04:12:13,0.18
GEOP_20260402.csv,2025-08-02 04:15:13,0.05
GEOP_20260402.csv,2025-08-02 04:18:13,0.02
GEOP_20260402.csv,2025-08-02 04:21:13,0.03
GEOP_20260402.csv,2025-08-02 04:24:13,0.01
GEOP_20260402.csv,2025-08-02 04:27:13,0.01
GEOP_20260402.csv,2025-08-02 04:30:13,0.0
GEOP_20260402.csv,2025-08-02 04:33:13,0.01
GEOP_20260402.csv,2025-08-02 04:36:13,0.0
GEOP_20260402.csv,2025-08-02 04:39:13,0.0
GEOP_20260402.csv,2025-08-02 04:42:13,0.02
GEOP_20260402.csv,2025-08-02 04:45:13,0.06
GEOP_20260402.csv,2025-08-02 04:48:13,0.03
GEOP_20260402.csv,2025-08-02 04:51:13,0.01
GEOP_20260402.csv,2025-08-02 04:54:13,0.0
GEOP_20260402.csv,2025-08-02 04:57:13,0.01
GEOP_20260402.csv,2025-08-02 05:00:13,0.0
GEOP_20260402.csv,2025-08-02 05:03:13,0.0
GEOP_20260402.csv,2025-08-02 05:06:13,0.0
GEOP_20260402.csv,2025-08-02 05:09:13,0.0
GEOP_20260402.csv,2025-08-02 05:12:13,0.0
GEOP_20260402.csv,2025-08-02 05:15:13,0.01
GEOP_20260402.csv,2025-08-02 05:18:13,0.0
GEOP_20260402.csv,2025-08-02 05:21:13,0.0
GEOP_20260402.csv,2025-08-02 05:24:13,0.0
GEOP_20260402.csv,2025-08-02 05:27:13,0.0
GEOP_20260402.csv,2025-08-02 05:30:13,0.0
GEOP_20260402.csv,2025-08-02 05:33:13,0.0
GEOP_20260402.csv,2025-08-02 05:36:13,0.0
GEOP_20260402.csv,2025-08-02 05:39:13,0.0
GEOP_20260402.csv,2025-08-02 05:42:13,0.0
GEOP_20260402.csv,2025-08-02 05:45:13,0.0
GEOP_20260402.csv,2025-08-02 05:48:13,0.0
GEOP_20260402.csv,2025-08-02 05:51:13,0.0
GEOP_20260402.csv,2025-08-02 05:54:13,0.0
GEOP_20260402.csv,2025-08-02 05:57:13,0.0
GEOP_20260402.csv,2025-08-02 06:00:13,0.0
GEOP_20260402.csv,2025-08-02 06:03:13,0.0
GEOP_20260402.csv,2025-08-02 06:06:13,0.0
GEOP_20260402.csv,2025-08-02 06:09:13,0.0
GEOP_20260402.csv,2025-08-02 06:12:13,0.0
GEOP_20260402.csv,2025-08-02 06:15:13,0.0
GEOP_20260402.csv,2025-08-02 06:18:13,0.0
GEOP_20260402.csv,2025-08-02 06:21:13,0.0
GEOP_20260402.csv,2025-08-02 06:24:13,0.0
GEOP_20260402.csv,2025-08-02 06:27:13,0.0
GEOP_20260402.csv,2025-08-02 06:30:13,0.0
GEOP_20260402.csv,2025-08-02 06:33:13,0.0
GEOP_20260402.csv,2025-08-02 06:36:13,0.0
GEOP_20260402.csv,2025-08-02 06:39:13,0.0
GEOP_20260402.csv,2025-08-02 06:42:13,0.0
GEOP_20260402.csv,2025-08-02 06:45:13,0.0
GEOP_20260402.csv,2025-08-02 06:48:13,0.0
GEOP_20260402.csv,2025-08-02 06:51:13,0.0
GEOP_20260402.csv,2025-08-02 06:54:13,0.0
GEOP_20260402.csv,2025-08-02 06:57:13,0.0
GEOP_20260402.csv,2025-08-02 07:00:13,0.0
GEOP_20260402.csv,2025-08-02 07:03:13,0.0
GEOP_20260402.csv,2025-08-02 07:06:13,0.0
GEOP_20260402.csv,2025-08-02 07:09:13,0.0
GEOP_20260402.csv,2025-08-02 07:12:13,0.0
GEOP_20260402.csv,2025-08-02 07:15:13,0.0
GEOP_20260402.csv,2025-08-02 07:18:13,0.0
GEOP_20260402.csv,2025-08-02 07:21:13,0.0
GEOP_20260402.csv,2025-08-02 07:24:13,0.0
GEOP_20260402.csv,2025-08-02 07:27:13,0.0
GEOP_20260402.csv,2025-08-02 07:30:13,0.0
GEOP_20260402.csv,2025-08-02 07:33:13,0.0
GEOP_20260402.csv,2025-08-02 07:36:13,0.0
GEOP_20260402.csv,2025-08-02 07:39:13,0.0
GEOP_20260402.csv,2025-08-02 07:42:13,0.0
GEOP_20260402.csv,2025-08-02 07:45:13,0.0
GEOP_20260402.csv,2025-08-02 07:48:13,0.0
GEOP_20260402.csv,2025-08-02 07:51:13,0.0
GEOP_20260402.csv,2025-08-02 07:54:13,0.0
GEOP_20260402.csv,2025-08-02 07:57:13,0.0
GEOP_20260402.csv,2025-08-02 08:00:13,0.0
GEOP_20260402.csv,2025-08-02 08:03:13,0.0
GEOP_20260402.csv,2025-08-02 08:06:13,0.0
GEOP_20260402.csv,2025-08-02 08:09:13,0.0
GEOP_20260402.csv,2025-08-02 08:12:13,0.0
GEOP_20260402.csv,2025-08-02 08:15:13,0.0
GEOP_20260402.csv,2025-08-02 08:18:13,0.0
GEOP_20260402.csv,2025-08-02 08:21:13,0.0
GEOP_20260402.csv,2025-08-02 08:24:13,0.0
GEOP_20260402.csv,2025-08-02 08:27:13,0.0
GEOP_20260402.csv,2025-08-02 08:30:13,0.0
GEOP_20260402.csv,2025-08-02 08:33:13,0.0
GEOP_20260402.csv,2025-08-02 08:36:13,0.0
GEOP_20260402.csv,2025-08-02 08:39:13,0.0
GEOP_20260402.csv,2025-08-02 08:42:13,0.0
GEOP_20260402.csv,2025-08-02 08:45:13,0.0
GEOP_20260402.csv,2025-08-02 08:48:13,0.0
GEOP_20260402.csv,2025-08-02 08:51:13,0.0
GEOP_20260402.csv,2025-08-02 08:54:13,0.0
GEOP_20260402.csv,2025-08-02 08:57:13,0.0
GEOP_20260402.csv,2025-08-02 09:00:13,0.0
GEOP_20260402.csv,2025-08-02 09:03:13,0.0
GEOP_20260402.csv,2025-08-02 09:06:13,0.0
GEOP_20260402.csv,2025-08-02 09:09:13,0.0
GEOP_20260402.csv,2025-08-02 09:12:13,0.0
GEOP_20260402.csv,2025-08-02 09:15:13,0.0
GEOP_20260402.csv,2025-08-02 09:18:13,0.0
GEOP_20260402.csv,2025-08-02 09:21:13,0.0
GEOP_20260402.csv,2025-08-02 09:24:13,0.0
GEOP_20260402.csv,2025-08-02 09:27:13,0.0
GEOP_20260402.csv,2025-08-02 09:30:13,0.0
GEOP_20260402.csv,2025-08-02 09:33:13,0.0
GEOP_20260402.csv,2025-08-02 09:36:13,0.0
GEOP_20260402.csv,2025-08-02 09:39:13,0.0
GEOP_20260402.csv,2025-08-02 09:42:13,0.0
GEOP_20260402.csv,2025-08-02 09:45:13,0.0
GEOP_20260402.csv,2025-08-02 09:48:13,0.0
GEOP_20260402.csv,2025-08-02 09:51:13,0.0
GEOP_20260402.csv,2025-08-02 09:54:13,0.0
GEOP_20260402.csv,2025-08-02 09:57:13,0.0
GEOP_20260402.csv,2025-08-02 10:00:13,0.0
GEOP_20260402.csv,2025-08-02 10:03:13,0.0
GEOP_20260402.csv,2025-08-02 10:06:13,0.0
GEOP_20260402.csv,2025-08-02 10:09:13,0.0
GEOP_20260402.csv,2025-08-02 10:12:13,0.0
GEOP_20260402.csv,2025-08-02 10:15:13,0.0
GEOP_20260402.csv,2025-08-02 10:18:13,0.0
GEOP_20260402.csv,2025-08-02 10:21:13,0.0
GEOP_20260402.csv,2025-08-02 10:24:13,0.0
GEOP_20260402.csv,2025-08-02 10:27:13,0.0
GEOP_20260402.csv,2025-08-02 10:30:13,0.0
GEOP_20260402.csv,2025-08-02 10:33:13,0.0
GEOP_20260402.csv,2025-08-02 10:36:13,0.0
GEOP_20260402.csv,2025-08-02 10:39:13,0.0
GEOP_20260402.csv,2025-08-02 10:42:13,0.0
GEOP_20260402.csv,2025-08-02 10:45:13,0.0
GEOP_20260402.csv,2025-08-02 10:48:13,0.0
GEOP_20260402.csv,2025-08-02 10:51:13,0.0
GEOP_20260402.csv,2025-08-02 10:54:13,0.0
GEOP_20260402.csv,2025-08-02 10:57:13,0.0
GEOP_20260402.csv,2025-08-02 11:00:13,0.0
GEOP_20260402.csv,2025-08-02 11:03:13,0.0
GEOP_20260402.csv,2025-08-02 11:06:13,0.0
GEOP_20260402.csv,2025-08-02 11:09:13,0.0
GEOP_20260402.csv,2025-08-02 11:12:13,0.0
GEOP_20260402.csv,2025-08-02 11:15:13,0.0
GEOP_20260402.csv,2025-08-02 11:18:13,0.0
GEOP_20260402.csv,2025-08-02 11:21:13,0.0
GEOP_20260402.csv,2025-08-02 11:24:13,0.0
GEOP_20260402.csv,2025-08-02 11:27:13,0.0
GEOP_20260402.csv,2025-08-02 11:30:13,0.0
GEOP_20260402.csv,2025-08-02 11:33:13,0.0
GEOP_20260402.csv,2025-08-02 11:36:13,0.0
GEOP_20260402.csv,2025-08-02 11:39:13,0.0
GEOP_20260402.csv,2025-08-02 11:42:13,0.0
GEOP_20260402.csv,2025-08-02 11:45:13,0.0
GEOP_20260402.csv,2025-08-02 11:48:13,0.0
GEOP_20260402.csv,2025-08-02 11:51:13,0.0
GEOP_20260402.csv,2025-08-02 11:54:13,0.0
GEOP_20260402.csv,2025-08-02 11:57:13,0.0
GEOP_20260402.csv,2025-08-02 12:00:13,0.0
GEOP_20260402.csv,2025-08-02 12:03:13,0.0
GEOP_20260402.csv,2025-08-02 12:06:13,0.0
GEOP_20260402.csv,2025-08-02 12:09:13,0.0
GEOP_20260402.csv,2025-08-02 12:12:13,0.0
GEOP_20260402.csv,2025-08-02 12:15:13,0.0
GEOP_20260402.csv,2025-08-02 12:18:13,0.0
GEOP_20260402.csv,2025-08-02 12:21:13,0.0
GEOP_20260402.csv,2025-08-02 12:24:13,0.0
GEOP_20260402.csv,2025-08-02 12:27:13,0.0
GEOP_20260402.csv,2025-08-02 12:30:13,0.0
GEOP_20260402.csv,2025-08-02 12:33:13,0.0
GEOP_20260402.csv,2025-08-02 12:36:13,0.0
GEOP_20260402.csv,2025-08-02 12:39:13,0.0
GEOP_20260402.csv,2025-08-02 12:42:13,0.0
GEOP_20260402.csv,2025-08-02 12:45:13,0.0
GEOP_20260402.csv,2025-08-02 12:48:13,0.0
GEOP_20260402.csv,2025-08-02 12:51:13,0.0
GEOP_20260402.csv,2025-08-02 12:54:13,0.0
GEOP_20260402.csv,2025-08-02 12:57:13,0.0
GEOP_20260402.csv,2025-08-02 13:00:13,0.0
GEOP_20260402.csv,2025-08-02 13:03:13,0.0
GEOP_20260402.csv,2025-08-02 13:06:13,0.0
GEOP_20260402.csv,2025-08-02 13:09:13,0.0
GEOP_20260402.csv,2025-08-02 13:12:13,0.0
GEOP_20260402.csv,2025-08-02 13:15:13,0.0
GEOP_20260402.csv,2025-08-02 13:18:13,0.0
GEOP_20260402.csv,2025-08-02 13:21:13,0.0
GEOP_20260402.csv,2025-08-02 13:24:13,0.0
GEOP_20260402.csv,2025-08-02 13:27:13,0.0
GEOP_20260402.csv,2025-08-02 13:30:13,0.0
GEOP_20260402.csv,2025-08-02 13:33:13,0.0
GEOP_20260402.csv,2025-08-02 13:36:12,0.0
GEOP_20260402.csv,2025-08-02 13:39:12,0.0
GEOP_20260402.csv,2025-08-02 13:42:13,0.0
GEOP_20260402.csv,2025-08-02 13:45:12,0.0
GEOP_20260402.csv,2025-08-02 13:48:12,0.0
GEOP_20260402.csv,2025-08-02 13:51:13,0.0
GEOP_20260402.csv,2025-08-02 13:54:12,0.0
GEOP_20260402.csv,2025-08-02 13:57:12,0.0
GEOP_20260402.csv,2025-08-02 14:00:12,0.0
GEOP_20260402.csv,2025-08-02 14:03:12,0.0
GEOP_20260402.csv,2025-08-02 14:06:12,0.0
GEOP_20260402.csv,2025-08-02 14:09:12,0.0
GEOP_20260402.csv,2025-08-02 14:12:12,0.0
GEOP_20260402.csv,2025-08-02 14:15:12,0.0
GEOP_20260402.csv,2025-08-02 14:18:12,0.0
GEOP_20260402.csv,2025-08-02 14:21:12,0.0
GEOP_20260402.csv,2025-08-02 14:24:12,0.0
GEOP_20260402.csv,2025-08-02 14:27:12,0.0
GEOP_20260402.csv,2025-08-02 14:30:12,0.0
GEOP_20260402.csv,2025-08-02 14:33:12,0.0
GEOP_20260402.csv,2025-08-02 14:36:12,0.0
GEOP_20260402.csv,2025-08-02 14:39:12,0.0
GEOP_20260402.csv,2025-08-02 14:42:12,0.0
GEOP_20260402.csv,2025-08-02 14:45:12,0.0
GEOP_20260402.csv,2025-08-02 14:48:12,0.0
GEOP_20260402.csv,2025-08-02 14:51:12,0.0
GEOP_20260402.csv,2025-08-02 14:54:12,0.0
GEOP_20260402.csv,2025-08-02 14:57:12,0.0
GEOP_20260402.csv,2025-08-02 15:00:12,0.0
GEOP_20260402.csv,2025-08-02 15:03:12,0.0
GEOP_20260402.csv,2025-08-02 15:06:12,0.0
GEOP_20260402.csv,2025-08-02 15:09:12,0.0
GEOP_20260402.csv,2025-08-02 15:12:12,0.0
GEOP_20260402.csv,2025-08-02 15:15:12,0.0
GEOP_20260402.csv,2025-08-02 15:18:12,0.0
GEOP_20260402.csv,2025-08-02 15:21:12,0.0
GEOP_20260402.csv,2025-08-02 15:24:12,0.0
GEOP_20260402.csv,2025-08-02 15:27:12,0.0
GEOP_20260402.csv,2025-08-02 15:30:12,0.0
GEOP_20260402.csv,2025-08-02 15:33:12,0.0
GEOP_20260402.csv,2025-08-02 15:36:12,0.0
GEOP_20260402.csv,2025-08-02 15:39:12,0.0
GEOP_20260402.csv,2025-08-02 15:42:12,0.0
GEOP_20260402.csv,2025-08-02 15:45:12,0.0
GEOP_20260402.csv,2025-08-02 15:48:12,0.0
GEOP_20260402.csv,2025-08-02 15:51:12,0.0
GEOP_20260402.csv,2025-08-02 15:54:12,0.0
GEOP_20260402.csv,2025-08-02 15:57:12,0.0
GEOP_20260402.csv,2025-08-02 16:00:12,0.0
GEOP_20260402.csv,2025-08-02 16:03:12,0.0
GEOP_20260402.csv,2025-08-02 16:06:12,0.0
GEOP_20260402.csv,2025-08-02 16:09:12,0.0
GEOP_20260402.csv,2025-08-02 16:12:12,0.0
GEOP_20260402.csv,2025-08-02 16:15:12,0.0
GEOP_20260402.csv,2025-08-02 16:18:12,0.0
GEOP_20260402.csv,2025-08-02 16:21:12,0.0
GEOP_20260402.csv,2025-08-02 16:24:12,0.0
GEOP_20260402.csv,2025-08-02 16:27:12,0.0
GEOP_20260402.csv,2025-08-02 16:30:12,0.0
GEOP_20260402.csv,2025-08-02 16:33:12,0.0
GEOP_20260402.csv,2025-08-02 16:36:12,0.0
GEOP_20260402.csv,2025-08-02 16:39:12,0.0
GEOP_20260402.csv,2025-08-02 16:42:12,0.0
GEOP_20260402.csv,2025-08-02 16:45:12,0.0
GEOP_20260402.csv,2025-08-02 16:48:12,0.0
GEOP_20260402.csv,2025-08-02 16:51:12,0.0
GEOP_20260402.csv,2025-08-02 16:54:12,0.0
GEOP_20260402.csv,2025-08-02 16:57:12,0.0
GEOP_20260402.csv,2025-08-02 17:00:12,0.0
GEOP_20260402.csv,2025-08-02 17:03:12,0.0
GEOP_20260402.csv,2025-08-02 17:06:12,0.0
GEOP_20260402.csv,2025-08-02 17:09:12,0.0
GEOP_20260402.csv,2025-08-02 17:12:12,0.0
GEOP_20260402.csv,2025-08-02 17:15:12,0.0
GEOP_20260402.csv,2025-08-02 17:18:12,0.0
GEOP_20260402.csv,2025-08-02 17:21:12,0.0
GEOP_20260402.csv,2025-08-02 17:24:12,0.0
GEOP_20260402.csv,2025-08-02 17:27:12,0.0
GEOP_20260402.csv,2025-08-02 17:30:12,0.0
GEOP_20260402.csv,2025-08-02 17:33:12,0.0
GEOP_20260402.csv,2025-08-02 17:36:12,0.0
GEOP_20260402.csv,2025-08-02 17:39:12,0.0
GEOP_20260402.csv,2025-08-02 17:42:12,0.0
GEOP_20260402.csv,2025-08-02 17:45:12,0.0
GEOP_20260402.csv,2025-08-02 17:48:12,0.0
GEOP_20260402.csv,2025-08-02 17:51:12,0.0
GEOP_20260402.csv,2025-08-02 17:54:12,0.0
GEOP_20260402.csv,2025-08-02 17:57:12,0.0
GEOP_20260402.csv,2025-08-02 18:00:12,0.0
GEOP_20260402.csv,2025-08-02 18:03:12,0.0
GEOP_20260402.csv,2025-08-02 18:06:12,0.0
GEOP_20260402.csv,2025-08-02 18:09:12,0.0
GEOP_20260402.csv,2025-08-02 18:12:12,0.0
GEOP_20260402.csv,2025-08-02 18:15:12,0.0
GEOP_20260402.csv,2025-08-02 18:18:12,0.0
GEOP_20260402.csv,2025-08-02 18:21:12,0.0
GEOP_20260402.csv,2025-08-02 18:24:12,0.0
GEOP_20260402.csv,2025-08-02 18:27:12,0.0
GEOP_20260402.csv,2025-08-02 18:30:12,0.0
GEOP_20260402.csv,2025-08-02 18:33:12,0.0
GEOP_20260402.csv,2025-08-02 18:36:12,0.0
GEOP_20260402.csv,2025-08-02 18:39:12,0.0
GEOP_20260402.csv,2025-08-02 18:42:12,0.0
GEOP_20260402.csv,2025-08-02 18:45:12,0.0
GEOP_20260402.csv,2025-08-02 18:48:12,0.0
GEOP_20260402.csv,2025-08-02 18:51:12,0.0
GEOP_20260402.csv,2025-08-02 18:54:12,0.0
GEOP_20260402.csv,2025-08-02 18:57:12,0.0
GEOP_20260402.csv,2025-08-02 19:00:12,0.0
GEOP_20260402.csv,2025-08-02 19:03:12,0.0
GEOP_20260402.csv,2025-08-02 19:06:12,0.0
GEOP_20260402.csv,2025-08-02 19:09:12,0.0
GEOP_20260402.csv,2025-08-02 19:12:12,0.0
GEOP_20260402.csv,2025-08-02 19:15:12,0.0
GEOP_20260402.csv,2025-08-02 19:18:12,0.0
GEOP_20260402.csv,2025-08-02 19:21:12,0.0
GEOP_20260402.csv,2025-08-02 19:24:12,0.0
GEOP_20260402.csv,2025-08-02 19:27:12,0.0
GEOP_20260402.csv,2025-08-02 19:30:12,0.0
GEOP_20260402.csv,2025-08-02 19:33:12,0.0
GEOP_20260402.csv,2025-08-02 19:36:12,0.0
GEOP_20260402.csv,2025-08-02 19:39:12,0.0
GEOP_20260402.csv,2025-08-02 19:42:12,0.0
GEOP_20260402.csv,2025-08-02 19:45:12,0.0
GEOP_20260402.csv,2025-08-02 19:48:12,0.0
GEOP_20260402.csv,2025-08-02 19:51:12,0.0
GEOP_20260402.csv,2025-08-02 19:54:12,0.0
GEOP_20260402.csv,2025-08-02 19:57:12,0.0
GEOP_20260402.csv,2025-08-02 20:00:12,0.0
GEOP_20260402.csv,2025-08-02 20:03:12,0.0
GEOP_20260402.csv,2025-08-02 20:06:12,0.0
GEOP_20260402.csv,2025-08-02 20:09:12,0.0
GEOP_20260402.csv,2025-08-02 20:12:12,0.0
GEOP_20260402.csv,2025-08-02 20:15:12,0.0
GEOP_20260402.csv,2025-08-02 20:18:12,0.0
GEOP_20260402.csv,2025-08-02 20:21:12,0.0
GEOP_20260402.csv,2025-08-02 20:24:12,0.0
GEOP_20260402.csv,2025-08-02 20:27:12,0.0
GEOP_20260402.csv,2025-08-02 20:30:12,0.0
GEOP_20260402.csv,2025-08-02 20:33:12,0.0
GEOP_20260402.csv,2025-08-02 20:36:12,0.0
GEOP_20260402.csv,2025-08-02 20:39:12,0.0
GEOP_20260402.csv,2025-08-02 20:42:12,0.0
GEOP_20260402.csv,2025-08-02 20:45:12,0.0
GEOP_20260402.csv,2025-08-02 20:48:12,0.0
GEOP_20260402.csv,2025-08-02 20:51:12,0.0
GEOP_20260402.csv,2025-08-02 20:54:12,0.0
GEOP_20260402.csv,2025-08-02 20:57:12,0.0
GEOP_20260402.csv,2025-08-02 21:00:12,0.0
GEOP_20260402.csv,2025-08-02 21:03:12,0.0
GEOP_20260402.csv,2025-08-02 21:06:12,0.0
GEOP_20260402.csv,2025-08-02 21:09:12,0.0
GEOP_20260402.csv,2025-08-02 21:12:12,0.0
GEOP_20260402.csv,2025-08-02 21:15:12,0.0
GEOP_20260402.csv,2025-08-02 21:18:12,0.0
GEOP_20260402.csv,2025-08-02 21:21:12,0.0
GEOP_20260402.csv,2025-08-02 21:24:12,0.0
GEOP_20260402.csv,2025-08-02 21:27:12,0.0
GEOP_20260402.csv,2025-08-02 21:30:12,0.0
GEOP_20260402.csv,2025-08-02 21:33:12,0.0
GEOP_20260402.csv,2025-08-02 21:36:12,0.0
GEOP_20260402.csv,2025-08-02 21:39:12,0.0
GEOP_20260402.csv,2025-08-02 21:42:12,0.0
GEOP_20260402.csv,2025-08-02 21:45:12,0.0
GEOP_20260402.csv,2025-08-02 21:48:12,0.0
GEOP_20260402.csv,2025-08-02 21:51:12,0.0
GEOP_20260402.csv,2025-08-02 21:54:12,0.0
GEOP_20260402.csv,2025-08-02 21:57:12,0.0
GEOP_20260402.csv,2025-08-02 22:00:12,0.0
GEOP_20260402.csv,2025-08-02 22:03:12,0.0
GEOP_20260402.csv,2025-08-02 22:06:12,0.0
GEOP_20260402.csv,2025-08-02 22:09:12,0.0
GEOP_20260402.csv,2025-08-02 22:12:12,0.0
GEOP_20260402.csv,2025-08-02 22:15:12,0.0
GEOP_20260402.csv,2025-08-02 22:18:12,0.0
GEOP_20260402.csv,2025-08-02 22:21:12,0.0
GEOP_20260402.csv,2025-08-02 22:24:12,0.0
GEOP_20260402.csv,2025-08-02 22:27:12,0.0
GEOP_20260402.csv,2025-08-02 22:30:12,0.0
GEOP_20260402.csv,2025-08-02 22:33:12,0.0
GEOP_20260402.csv,2025-08-02 22:36:12,0.0
GEOP_20260402.csv,2025-08-02 22:39:12,0.0
GEOP_20260402.csv,2025-08-02 22:42:12,0.0
GEOP_20260402.csv,2025-08-02 22:45:12,0.0
GEOP_20260402.csv,2025-08-02 22:48:12,0.0
GEOP_20260402.csv,2025-08-02 22:51:12,0.0
GEOP_20260402.csv,2025-08-02 22:54:12,0.0
GEOP_20260402.csv,2025-08-02 22:57:12,0.0
GEOP_20260402.csv,2025-08-02 23:00:12,0.0
GEOP_20260402.csv,2025-08-02 23:03:12,0.0
GEOP_20260402.csv,2025-08-02 23:06:12,0.0
GEOP_20260402.csv,2025-08-02 23:09:12,0.0
GEOP_20260402.csv,2025-08-02 23:12:12,0.0
GEOP_20260402.csv,2025-08-02 23:15:11,0.0
GEOP_20260402.csv,2025-08-02 23:18:11,0.0
GEOP_20260402.csv,2025-08-02 23:21:11,0.0
GEOP_20260402.csv,2025-08-02 23:24:11,0.0
GEOP_20260402.csv,2025-08-02 23:27:11,0.0
GEOP_20260402.csv,2025-08-02 23:30:11,0.0
GEOP_20260402.csv,2025-08-02 23:33:11,0.0
GEOP_20260402.csv,2025-08-02 23:36:11,0.0
GEOP_20260402.csv,2025-08-02 23:39:11,0.0
GEOP_20260402.csv,2025-08-02 23:42:11,0.0
GEOP_20260402.csv,2025-08-02 23:45:11,0.0
GEOP_20260402.csv,2025-08-02 23:48:11,0.0
GEOP_20260402.csv,2025-08-02 23:51:11,0.0
GEOP_20260402.csv,2025-08-02 23:54:11,0.0
GEOP_20260402.csv,2025-08-02 23:57:11,0.0
GEOP_20260402.csv,2025-08-03 00:00:11,0.0
GEOP_20260402.csv,2025-08-03 00:03:11,0.0
GEOP_20260402.csv,2025-08-03 00:06:11,0.0
GEOP_20260402.csv,2025-08-03 00:09:11,0.0
GEOP_20260402.csv,2025-08-03 00:12:11,0.0
GEOP_20260402.csv,2025-08-03 00:15:11,0.0
GEOP_20260402.csv,2025-08-03 00:18:11,0.0
GEOP_20260402.csv,2025-08-03 00:21:11,0.0
GEOP_20260402.csv,2025-08-03 00:24:11,0.0
GEOP_20260402.csv,2025-08-03 00:27:11,0.0
GEOP_20260402.csv,2025-08-03 00:30:11,0.0
GEOP_20260402.csv,2025-08-03 00:33:11,0.0
GEOP_20260402.csv,2025-08-03 00:36:11,0.0
GEOP_20260402.csv,2025-08-03 00:39:11,0.0
GEOP_20260402.csv,2025-08-03 00:42:11,0.0
GEOP_20260402.csv,2025-08-03 00:45:11,0.0
GEOP_20260402.csv,2025-08-03 00:48:11,0.0
GEOP_20260402.csv,2025-08-03 00:51:11,0.0
GEOP_20260402.csv,2025-08-03 00:54:11,0.0
GEOP_20260402.csv,2025-08-03 00:57:11,0.0
GEOP_20260402.csv,2025-08-03 01:00:11,0.0
GEOP_20260402.csv,2025-08-03 01:03:11,0.0
GEOP_20260402.csv,2025-08-03 01:06:11,0.0
GEOP_20260402.csv,2025-08-03 01:09:11,0.0
GEOP_20260402.csv,2025-08-03 01:12:11,0.0
GEOP_20260402.csv,2025-08-03 01:15:11,0.0
GEOP_20260402.csv,2025-08-03 01:18:11,0.0
GEOP_20260402.csv,2025-08-03 01:21:11,0.0
GEOP_20260402.csv,2025-08-03 01:24:11,0.0
GEOP_20260402.csv,2025-08-03 01:27:11,0.0
GEOP_20260402.csv,2025-08-03 01:30:11,0.0
GEOP_20260402.csv,2025-08-03 01:33:11,0.0
GEOP_20260402.csv,2025-08-03 01:36:11,0.0
GEOP_20260402.csv,2025-08-03 01:39:11,0.0
GEOP_20260402.csv,2025-08-03 01:42:11,0.0
GEOP_20260402.csv,2025-08-03 01:45:11,0.0
GEOP_20260402.csv,2025-08-03 01:48:11,0.0
GEOP_20260402.csv,2025-08-03 01:51:11,0.0
GEOP_20260402.csv,2025-08-03 01:54:11,0.0
GEOP_20260402.csv,2025-08-03 01:57:11,0.0
GEOP_20260402.csv,2025-08-03 02:00:11,0.0
GEOP_20260402.csv,2025-08-03 02:03:11,0.0
GEOP_20260402.csv,2025-08-03 02:06:11,0.0
GEOP_20260402.csv,2025-08-03 02:09:11,0.0
GEOP_20260402.csv,2025-08-03 02:12:11,0.0
GEOP_20260402.csv,2025-08-03 02:15:11,0.0
GEOP_20260402.csv,2025-08-03 02:18:11,0.0
GEOP_20260402.csv,2025-08-03 02:21:11,0.0
GEOP_20260402.csv,2025-08-03 02:24:11,0.0
GEOP_20260402.csv,2025-08-03 02:27:11,0.0
GEOP_20260402.csv,2025-08-03 02:30:11,0.0
GEOP_20260402.csv,2025-08-03 02:33:11,0.0
GEOP_20260402.csv,2025-08-03 02:36:11,0.0
GEOP_20260402.csv,2025-08-03 02:39:11,0.0
GEOP_20260402.csv,2025-08-03 02:42:11,0.0
GEOP_20260402.csv,2025-08-03 02:45:11,0.0
GEOP_20260402.csv,2025-08-03 02:48:11,0.0
GEOP_20260402.csv,2025-08-03 02:51:11,0.0
GEOP_20260402.csv,2025-08-03 02:54:11,0.0
GEOP_20260402.csv,2025-08-03 02:57:11,0.0
GEOP_20260402.csv,2025-08-03 03:00:11,0.0
GEOP_20260402.csv,2025-08-03 03:03:11,0.0
GEOP_20260402.csv,2025-08-03 03:06:11,0.0
GEOP_20260402.csv,2025-08-03 03:09:11,0.0
GEOP_20260402.csv,2025-08-03 03:12:11,0.0
GEOP_20260402.csv,2025-08-03 03:15:11,0.0
GEOP_20260402.csv,2025-08-03 03:18:11,0.0
GEOP_20260402.csv,2025-08-03 03:21:11,0.0
GEOP_20260402.csv,2025-08-03 03:24:11,0.0
GEOP_20260402.csv,2025-08-03 03:27:11,0.0
GEOP_20260402.csv,2025-08-03 03:30:11,0.0
GEOP_20260402.csv,2025-08-03 03:33:11,0.0
GEOP_20260402.csv,2025-08-03 03:36:11,0.0
GEOP_20260402.csv,2025-08-03 03:39:11,0.0
GEOP_20260402.csv,2025-08-03 03:42:11,0.0
GEOP_20260402.csv,2025-08-03 03:45:11,0.0
GEOP_20260402.csv,2025-08-03 03:48:11,0.0
GEOP_20260402.csv,2025-08-03 03:51:11,0.0
GEOP_20260402.csv,2025-08-03 03:54:11,0.0
GEOP_20260402.csv,2025-08-03 03:57:11,0.0
GEOP_20260402.csv,2025-08-03 04:00:11,0.0
GEOP_20260402.csv,2025-08-03 04:03:11,0.0
GEOP_20260402.csv,2025-08-03 04:06:11,0.0
GEOP_20260402.csv,2025-08-03 04:09:11,0.0
GEOP_20260402.csv,2025-08-03 04:12:11,0.0
GEOP_20260402.csv,2025-08-03 04:15:11,0.0
GEOP_20260402.csv,2025-08-03 04:18:11,0.0
GEOP_20260402.csv,2025-08-03 04:21:11,0.0
GEOP_20260402.csv,2025-08-03 04:24:11,0.0
GEOP_20260402.csv,2025-08-03 04:27:11,0.0
GEOP_20260402.csv,2025-08-03 04:30:11,0.0
GEOP_20260402.csv,2025-08-03 04:33:11,0.0
GEOP_20260402.csv,2025-08-03 04:36:11,0.0
GEOP_20260402.csv,2025-08-03 04:39:11,0.0
GEOP_20260402.csv,2025-08-03 04:42:11,0.0
GEOP_20260402.csv,2025-08-03 04:45:11,0.0
GEOP_20260402.csv,2025-08-03 04:48:11,0.0
GEOP_20260402.csv,2025-08-03 04:51:11,0.0
GEOP_20260402.csv,2025-08-03 04:54:11,0.0
GEOP_20260402.csv,2025-08-03 04:57:11,0.0
GEOP_20260402.csv,2025-08-03 05:00:11,0.0
GEOP_20260402.csv,2025-08-03 05:03:11,0.0
GEOP_20260402.csv,2025-08-03 05:06:11,0.0
GEOP_20260402.csv,2025-08-03 05:09:11,0.0
GEOP_20260402.csv,2025-08-03 05:12:11,0.0
GEOP_20260402.csv,2025-08-03 05:15:11,0.0
GEOP_20260402.csv,2025-08-03 05:18:11,0.0
GEOP_20260402.csv,2025-08-03 05:21:11,0.0
GEOP_20260402.csv,2025-08-03 05:24:11,0.0
GEOP_20260402.csv,2025-08-03 05:27:11,0.0
GEOP_20260402.csv,2025-08-03 05:30:11,0.0
GEOP_20260402.csv,2025-08-03 05:33:11,0.0
GEOP_20260402.csv,2025-08-03 05:36:11,0.0
GEOP_20260402.csv,2025-08-03 05:39:11,0.0
GEOP_20260402.csv,2025-08-03 05:42:11,0.0
GEOP_20260402.csv,2025-08-03 05:45:11,0.0
GEOP_20260402.csv,2025-08-03 05:48:11,0.0
GEOP_20260402.csv,2025-08-03 05:51:11,0.0
GEOP_20260402.csv,2025-08-03 05:54:11,0.0
GEOP_20260402.csv,2025-08-03 05:57:11,0.0
GEOP_20260402.csv,2025-08-03 06:00:11,0.0
GEOP_20260402.csv,2025-08-03 06:03:11,0.0
GEOP_20260402.csv,2025-08-03 06:06:11,0.0
GEOP_20260402.csv,2025-08-03 06:09:11,0.0
GEOP_20260402.csv,2025-08-03 06:12:11,0.0
GEOP_20260402.csv,2025-08-03 06:15:11,0.0
GEOP_20260402.csv,2025-08-03 06:18:11,0.0
GEOP_20260402.csv,2025-08-03 06:21:11,0.0
GEOP_20260402.csv,2025-08-03 06:24:11,0.0
GEOP_20260402.csv,2025-08-03 06:27:11,0.0
GEOP_20260402.csv,2025-08-03 06:30:11,0.0
GEOP_20260402.csv,2025-08-03 06:33:11,0.0
GEOP_20260402.csv,2025-08-03 06:36:11,0.0
GEOP_20260402.csv,2025-08-03 06:39:11,0.0
GEOP_20260402.csv,2025-08-03 06:42:11,0.0
GEOP_20260402.csv,2025-08-03 06:45:11,0.0
GEOP_20260402.csv,2025-08-03 06:48:11,0.0
GEOP_20260402.csv,2025-08-03 06:51:11,0.0
GEOP_20260402.csv,2025-08-03 06:54:11,0.0
GEOP_20260402.csv,2025-08-03 06:57:11,0.0
GEOP_20260402.csv,2025-08-03 07:00:11,0.0
GEOP_20260402.csv,2025-08-03 07:03:11,0.0
GEOP_20260402.csv,2025-08-03 07:06:11,0.0
GEOP_20260402.csv,2025-08-03 07:09:11,0.0
GEOP_20260402.csv,2025-08-03 07:12:11,0.0
GEOP_20260402.csv,2025-08-03 07:15:11,0.0
GEOP_20260402.csv,2025-08-03 07:18:11,0.0
GEOP_20260402.csv,2025-08-03 07:21:11,0.0
GEOP_20260402.csv,2025-08-03 07:24:11,0.0
GEOP_20260402.csv,2025-08-03 07:27:11,0.0
GEOP_20260402.csv,2025-08-03 07:30:11,0.0
GEOP_20260402.csv,2025-08-03 07:33:11,0.0
GEOP_20260402.csv,2025-08-03 07:36:11,0.0
GEOP_20260402.csv,2025-08-03 07:39:11,0.0
GEOP_20260402.csv,2025-08-03 07:42:11,0.0
GEOP_20260402.csv,2025-08-03 07:45:11,0.0
GEOP_20260402.csv,2025-08-03 07:48:11,0.0
GEOP_20260402.csv,2025-08-03 07:51:11,0.0
GEOP_20260402.csv,2025-08-03 07:54:11,0.0
GEOP_20260402.csv,2025-08-03 07:57:11,0.0
GEOP_20260402.csv,2025-08-03 08:00:11,0.0
GEOP_20260402.csv,2025-08-03 08:03:11,0.0
GEOP_20260402.csv,2025-08-03 08:06:11,0.0
GEOP_20260402.csv,2025-08-03 08:09:11,0.0
GEOP_20260402.csv,2025-08-03 08:12:11,0.0
GEOP_20260402.csv,2025-08-03 08:15:11,0.0
GEOP_20260402.csv,2025-08-03 08:18:11,0.0
GEOP_20260402.csv,2025-08-03 08:21:11,0.0
GEOP_20260402.csv,2025-08-03 08:24:11,0.0
GEOP_20260402.csv,2025-08-03 08:27:11,0.0
GEOP_20260402.csv,2025-08-03 08:30:11,0.0
GEOP_20260402.csv,2025-08-03 08:33:11,0.0
GEOP_20260402.csv,2025-08-03 08:36:11,0.0
GEOP_20260402.csv,2025-08-03 08:39:11,0.0
GEOP_20260402.csv,2025-08-03 08:42:11,0.0
GEOP_20260402.csv,2025-08-03 08:45:11,0.0
GEOP_20260402.csv,2025-08-03 08:48:11,0.0
GEOP_20260402.csv,2025-08-03 08:51:11,0.0
GEOP_20260402.csv,2025-08-03 08:54:11,0.0
GEOP_20260402.csv,2025-08-03 08:57:11,0.0
GEOP_20260402.csv,2025-08-03 09:00:11,0.0
GEOP_20260402.csv,2025-08-03 09:03:11,0.0
GEOP_20260402.csv,2025-08-03 09:06:11,0.0
GEOP_20260402.csv,2025-08-03 09:09:10,0.0
GEOP_20260402.csv,2025-08-03 09:12:10,0.0
GEOP_20260402.csv,2025-08-03 09:15:10,0.0
GEOP_20260402.csv,2025-08-03 09:18:10,0.0
GEOP_20260402.csv,2025-08-03 09:21:10,0.0
GEOP_20260402.csv,2025-08-03 09:24:10,0.0
GEOP_20260402.csv,2025-08-03 09:27:10,0.0
GEOP_20260402.csv,2025-08-03 09:30:10,0.0
GEOP_20260402.csv,2025-08-03 09:33:10,0.0
GEOP_20260402.csv,2025-08-03 09:36:10,0.0
GEOP_20260402.csv,2025-08-03 09:39:10,0.0
GEOP_20260402.csv,2025-08-03 09:42:10,0.0
GEOP_20260402.csv,2025-08-03 09:45:10,0.0
GEOP_20260402.csv,2025-08-03 09:48:10,0.0
GEOP_20260402.csv,2025-08-03 09:51:10,0.0
GEOP_20260402.csv,2025-08-03 09:54:10,0.0
GEOP_20260402.csv,2025-08-03 09:57:10,0.0
GEOP_20260402.csv,2025-08-03 10:00:10,0.0
GEOP_20260402.csv,2025-08-03 10:03:10,0.0
GEOP_20260402.csv,2025-08-03 10:06:10,0.0
GEOP_20260402.csv,2025-08-03 10:09:10,0.0
GEOP_20260402.csv,2025-08-03 10:12:10,0.0
GEOP_20260402.csv,2025-08-03 10:15:10,0.0
GEOP_20260402.csv,2025-08-03 10:18:10,0.0
GEOP_20260402.csv,2025-08-03 10:21:10,0.0
GEOP_20260402.csv,2025-08-03 10:24:10,0.0
GEOP_20260402.csv,2025-08-03 10:27:10,0.0
GEOP_20260402.csv,2025-08-03 10:30:10,0.0
GEOP_20260402.csv,2025-08-03 10:33:10,0.0
GEOP_20260402.csv,2025-08-03 10:36:10,0.0
GEOP_20260402.csv,2025-08-03 10:39:10,0.0
GEOP_20260402.csv,2025-08-03 10:42:10,0.0
GEOP_20260402.csv,2025-08-03 10:45:10,0.0
GEOP_20260402.csv,2025-08-03 10:48:10,0.0
GEOP_20260402.csv,2025-08-03 10:51:10,0.0
GEOP_20260402.csv,2025-08-03 10:54:10,0.0
GEOP_20260402.csv,2025-08-03 10:57:10,0.0
GEOP_20260402.csv,2025-08-03 11:00:10,0.0
GEOP_20260402.csv,2025-08-03 11:03:10,0.0
GEOP_20260402.csv,2025-08-03 11:06:10,0.0
GEOP_20260402.csv,2025-08-03 11:09:10,0.0
GEOP_20260402.csv,2025-08-03 11:12:10,0.0
GEOP_20260402.csv,2025-08-03 11:15:10,0.0
GEOP_20260402.csv,2025-08-03 11:18:10,0.0
GEOP_20260402.csv,2025-08-03 11:21:10,0.0
GEOP_20260402.csv,2025-08-03 11:24:10,0.0
GEOP_20260402.csv,2025-08-03 11:27:10,0.0
GEOP_20260402.csv,2025-08-03 11:30:10,0.0
GEOP_20260402.csv,2025-08-03 11:33:10,0.0
GEOP_20260402.csv,2025-08-03 11:36:10,0.0
GEOP_20260402.csv,2025-08-03 11:39:10,0.0
GEOP_20260402.csv,2025-08-03 11:42:10,0.0
GEOP_20260402.csv,2025-08-03 11:45:10,0.0
GEOP_20260402.csv,2025-08-03 11:48:10,0.0
GEOP_20260402.csv,2025-08-03 11:51:10,0.0
GEOP_20260402.csv,2025-08-03 11:54:10,0.0
GEOP_20260402.csv,2025-08-03 11:57:10,0.0
GEOP_20260402.csv,2025-08-03 12:00:10,0.0
GEOP_20260402.csv,2025-08-03 12:03:10,0.0
GEOP_20260402.csv,2025-08-03 12:06:10,0.0
GEOP_20260402.csv,2025-08-03 12:09:10,0.0
GEOP_20260402.csv,2025-08-03 12:12:10,0.0
GEOP_20260402.csv,2025-08-03 12:15:10,0.0
GEOP_20260402.csv,2025-08-03 12:18:10,0.0
GEOP_20260402.csv,2025-08-03 12:21:10,0.0
GEOP_20260402.csv,2025-08-03 12:24:10,0.0
GEOP_20260402.csv,2025-08-03 12:27:10,0.0
GEOP_20260402.csv,2025-08-03 12:30:10,0.0
GEOP_20260402.csv,2025-08-03 12:33:10,0.0
GEOP_20260402.csv,2025-08-03 12:36:10,0.0
GEOP_20260402.csv,2025-08-03 12:39:10,0.0
GEOP_20260402.csv,2025-08-03 12:42:10,0.0
GEOP_20260402.csv,2025-08-03 12:45:10,0.0
GEOP_20260402.csv,2025-08-03 12:48:10,0.0
GEOP_20260402.csv,2025-08-03 12:51:10,0.0
GEOP_20260402.csv,2025-08-03 12:54:10,0.0
GEOP_20260402.csv,2025-08-03 12:57:10,0.0
GEOP_20260402.csv,2025-08-03 13:00:10,0.0
GEOP_20260402.csv,2025-08-03 13:03:10,0.0
GEOP_20260402.csv,2025-08-03 13:06:10,0.0
GEOP_20260402.csv,2025-08-03 13:09:10,0.0
GEOP_20260402.csv,2025-08-03 13:12:10,0.0
GEOP_20260402.csv,2025-08-03 13:15:10,0.0
GEOP_20260402.csv,2025-08-03 13:18:10,0.0
GEOP_20260402.csv,2025-08-03 13:21:10,0.0
GEOP_20260402.csv,2025-08-03 13:24:10,0.0
GEOP_20260402.csv,2025-08-03 13:27:10,0.0
GEOP_20260402.csv,2025-08-03 13:30:10,0.0
GEOP_20260402.csv,2025-08-03 13:33:10,0.0
GEOP_20260402.csv,2025-08-03 13:36:10,0.0
GEOP_20260402.csv,2025-08-03 13:39:10,0.0
GEOP_20260402.csv,2025-08-03 13:42:10,0.0
GEOP_20260402.csv,2025-08-03 13:45:10,0.0
GEOP_20260402.csv,2025-08-03 13:48:10,0.0
GEOP_20260402.csv,2025-08-03 13:51:10,0.0
GEOP_20260402.csv,2025-08-03 13:54:10,0.0
GEOP_20260402.csv,2025-08-03 13:57:10,0.0
GEOP_20260402.csv,2025-08-03 14:00:10,0.0
GEOP_20260402.csv,2025-08-03 14:03:10,0.0
GEOP_20260402.csv,2025-08-03 14:06:10,0.0
GEOP_20260402.csv,2025-08-03 14:09:10,0.0
GEOP_20260402.csv,2025-08-03 14:12:10,0.0
GEOP_20260402.csv,2025-08-03 14:15:10,0.0
GEOP_20260402.csv,2025-08-03 14:18:10,0.0
GEOP_20260402.csv,2025-08-03 14:21:10,0.0
GEOP_20260402.csv,2025-08-03 14:24:10,0.0
GEOP_20260402.csv,2025-08-03 14:27:10,0.0
GEOP_20260402.csv,2025-08-03 14:30:10,0.0
GEOP_20260402.csv,2025-08-03 14:33:10,0.0
GEOP_20260402.csv,2025-08-03 14:36:10,0.0
GEOP_20260402.csv,2025-08-03 14:39:10,0.0
GEOP_20260402.csv,2025-08-03 14:42:10,0.0
GEOP_20260402.csv,2025-08-03 14:45:10,0.0
GEOP_20260402.csv,2025-08-03 14:48:10,0.0
GEOP_20260402.csv,2025-08-03 14:51:10,0.0
GEOP_20260402.csv,2025-08-03 14:54:10,0.0
GEOP_20260402.csv,2025-08-03 14:57:10,0.0
GEOP_20260402.csv,2025-08-03 15:00:10,0.0
GEOP_20260402.csv,2025-08-03 15:03:10,0.0
GEOP_20260402.csv,2025-08-03 15:06:10,0.0
GEOP_20260402.csv,2025-08-03 15:09:10,0.0
GEOP_20260402.csv,2025-08-03 15:12:10,0.0
GEOP_20260402.csv,2025-08-03 15:15:10,0.0
GEOP_20260402.csv,2025-08-03 15:18:10,0.0
GEOP_20260402.csv,2025-08-03 15:21:10,0.0
GEOP_20260402.csv,2025-08-03 15:24:10,0.0
GEOP_20260402.csv,2025-08-03 15:27:10,0.0
GEOP_20260402.csv,2025-08-03 15:30:10,0.0
GEOP_20260402.csv,2025-08-03 15:33:10,0.0
GEOP_20260402.csv,2025-08-03 15:36:10,0.0
GEOP_20260402.csv,2025-08-03 15:39:10,0.0
GEOP_20260402.csv,2025-08-03 15:42:10,0.0
GEOP_20260402.csv,2025-08-03 15:45:10,0.0
GEOP_20260402.csv,2025-08-03 15:48:10,0.0
GEOP_20260402.csv,2025-08-03 15:51:10,0.0
GEOP_20260402.csv,2025-08-03 15:54:10,0.0
GEOP_20260402.csv,2025-08-03 15:57:10,0.0
GEOP_20260402.csv,2025-08-03 16:00:10,0.0
GEOP_20260402.csv,2025-08-03 16:03:10,0.0
GEOP_20260402.csv,2025-08-03 16:06:10,0.0
GEOP_20260402.csv,2025-08-03 16:09:10,0.0
GEOP_20260402.csv,2025-08-03 16:12:10,0.0
GEOP_20260402.csv,2025-08-03 16:15:10,0.0
GEOP_20260402.csv,2025-08-03 16:18:10,0.0
GEOP_20260402.csv,2025-08-03 16:21:10,0.0
GEOP_20260402.csv,2025-08-03 16:24:10,0.0
GEOP_20260402.csv,2025-08-03 16:27:10,0.0
GEOP_20260402.csv,2025-08-03 16:30:10,0.0
GEOP_20260402.csv,2025-08-03 16:33:10,0.0
GEOP_20260402.csv,2025-08-03 16:36:10,0.0
GEOP_20260402.csv,2025-08-03 16:39:10,0.0
GEOP_20260402.csv,2025-08-03 16:42:10,0.0
GEOP_20260402.csv,2025-08-03 16:45:10,0.0
GEOP_20260402.csv,2025-08-03 16:48:10,0.0
GEOP_20260402.csv,2025-08-03 16:51:10,0.0
GEOP_20260402.csv,2025-08-03 16:54:10,0.0
GEOP_20260402.csv,2025-08-03 16:57:10,0.0
GEOP_20260402.csv,2025-08-03 17:00:10,0.0
GEOP_20260402.csv,2025-08-03 17:03:10,0.0
GEOP_20260402.csv,2025-08-03 17:06:10,0.0
GEOP_20260402.csv,2025-08-03 17:09:10,0.0
GEOP_20260402.csv,2025-08-03 17:12:10,0.0
GEOP_20260402.csv,2025-08-03 17:15:10,0.0
GEOP_20260402.csv,2025-08-03 17:18:10,0.0
GEOP_20260402.csv,2025-08-03 17:21:10,0.0
GEOP_20260402.csv,2025-08-03 17:24:10,0.0
GEOP_20260402.csv,2025-08-03 17:27:10,0.0
GEOP_20260402.csv,2025-08-03 17:30:10,0.0
GEOP_20260402.csv,2025-08-03 17:33:10,0.0
GEOP_20260402.csv,2025-08-03 17:36:10,0.0
GEOP_20260402.csv,2025-08-03 17:39:10,0.0
GEOP_20260402.csv,2025-08-03 17:42:10,0.0
GEOP_20260402.csv,2025-08-03 17:45:10,0.0
GEOP_20260402.csv,2025-08-03 17:48:10,0.0
GEOP_20260402.csv,2025-08-03 17:51:10,0.0
GEOP_20260402.csv,2025-08-03 17:54:10,0.0
GEOP_20260402.csv,2025-08-03 17:57:10,0.0
GEOP_20260402.csv,2025-08-03 18:00:10,0.0
GEOP_20260402.csv,2025-08-03 18:03:10,0.0
GEOP_20260402.csv,2025-08-03 18:06:10,0.0
GEOP_20260402.csv,2025-08-03 18:09:10,0.0
GEOP_20260402.csv,2025-08-03 18:12:10,0.0
GEOP_20260402.csv,2025-08-03 18:15:10,0.0
GEOP_20260402.csv,2025-08-03 18:18:10,0.0
GEOP_20260402.csv,2025-08-03 18:21:10,0.0
GEOP_20260402.csv,2025-08-03 18:24:10,0.0
GEOP_20260402.csv,2025-08-03 18:27:10,0.0
GEOP_20260402.csv,2025-08-03 18:30:10,0.0
GEOP_20260402.csv,2025-08-03 18:33:10,0.0
GEOP_20260402.csv,2025-08-03 18:36:10,0.0
GEOP_20260402.csv,2025-08-03 18:39:10,0.0
GEOP_20260402.csv,2025-08-03 18:42:10,0.0
GEOP_20260402.csv,2025-08-03 18:45:09,0.0
GEOP_20260402.csv,2025-08-03 18:48:09,0.0
GEOP_20260402.csv,2025-08-03 18:51:09,0.0
GEOP_20260402.csv,2025-08-03 18:54:09,0.0
GEOP_20260402.csv,2025-08-03 18:57:09,0.0
GEOP_20260402.csv,2025-08-03 19:00:09,0.0
GEOP_20260402.csv,2025-08-03 19:03:09,0.0
GEOP_20260402.csv,2025-08-03 19:06:09,0.0
GEOP_20260402.csv,2025-08-03 19:09:09,0.0
GEOP_20260402.csv,2025-08-03 19:12:09,0.0
GEOP_20260402.csv,2025-08-03 19:15:09,0.0
GEOP_20260402.csv,2025-08-03 19:18:09,0.0
GEOP_20260402.csv,2025-08-03 19:21:09,0.0
GEOP_20260402.csv,2025-08-03 19:24:09,0.0
GEOP_20260402.csv,2025-08-03 19:27:09,0.0
GEOP_20260402.csv,2025-08-03 19:30:09,0.0
GEOP_20260402.csv,2025-08-03 19:33:09,0.0
GEOP_20260402.csv,2025-08-03 19:36:09,0.0
GEOP_20260402.csv,2025-08-03 19:39:09,0.0
GEOP_20260402.csv,2025-08-03 19:42:09,0.0
GEOP_20260402.csv,2025-08-03 19:45:09,0.0
GEOP_20260402.csv,2025-08-03 19:48:09,0.0
GEOP_20260402.csv,2025-08-03 19:51:09,0.0
GEOP_20260402.csv,2025-08-03 19:54:09,0.0
GEOP_20260402.csv,2025-08-03 19:57:09,0.0
GEOP_20260402.csv,2025-08-03 20:00:09,0.0
GEOP_20260402.csv,2025-08-03 20:03:09,0.0
GEOP_20260402.csv,2025-08-03 20:06:09,0.0
GEOP_20260402.csv,2025-08-03 20:09:09,0.0
GEOP_20260402.csv,2025-08-03 20:12:09,0.0
GEOP_20260402.csv,2025-08-03 20:15:09,0.0
GEOP_20260402.csv,2025-08-03 20:18:09,0.0
GEOP_20260402.csv,2025-08-03 20:21:09,0.0
GEOP_20260402.csv,2025-08-03 20:24:09,0.0
GEOP_20260402.csv,2025-08-03 20:27:09,0.0
GEOP_20260402.csv,2025-08-03 20:30:09,0.0
GEOP_20260402.csv,2025-08-03 20:33:09,0.0
GEOP_20260402.csv,2025-08-03 20:36:09,0.0
GEOP_20260402.csv,2025-08-03 20:39:09,0.0
GEOP_20260402.csv,2025-08-03 20:42:09,0.0
GEOP_20260402.csv,2025-08-03 20:45:09,0.0
GEOP_20260402.csv,2025-08-03 20:48:09,0.0
GEOP_20260402.csv,2025-08-03 20:51:09,0.0
GEOP_20260402.csv,2025-08-03 20:54:09,0.0
GEOP_20260402.csv,2025-08-03 20:57:09,0.0
GEOP_20260402.csv,2025-08-03 21:00:09,0.0
GEOP_20260402.csv,2025-08-03 21:03:09,0.0
GEOP_20260402.csv,2025-08-03 21:06:09,0.0
GEOP_20260402.csv,2025-08-03 21:09:09,0.0
GEOP_20260402.csv,2025-08-03 21:12:09,0.0
GEOP_20260402.csv,2025-08-03 21:15:09,0.0
GEOP_20260402.csv,2025-08-03 21:18:09,0.0
GEOP_20260402.csv,2025-08-03 21:21:09,0.0
GEOP_20260402.csv,2025-08-03 21:24:09,0.0
GEOP_20260402.csv,2025-08-03 21:27:09,0.0
GEOP_20260402.csv,2025-08-03 21:30:09,0.0
GEOP_20260402.csv,2025-08-03 21:33:09,0.0
GEOP_20260402.csv,2025-08-03 21:36:09,0.0
GEOP_20260402.csv,2025-08-03 21:39:09,0.0
GEOP_20260402.csv,2025-08-03 21:42:09,0.0
GEOP_20260402.csv,2025-08-03 21:45:09,0.0
GEOP_20260402.csv,2025-08-03 21:48:09,0.0
GEOP_20260402.csv,2025-08-03 21:51:09,0.0
GEOP_20260402.csv,2025-08-03 21:54:09,0.0
GEOP_20260402.csv,2025-08-03 21:57:09,0.0
GEOP_20260402.csv,2025-08-03 22:00:09,0.0
GEOP_20260402.csv,2025-08-03 22:03:09,0.0
GEOP_20260402.csv,2025-08-03 22:06:09,0.0
GEOP_20260402.csv,2025-08-03 22:09:09,0.0
GEOP_20260402.csv,2025-08-03 22:12:09,0.0
GEOP_20260402.csv,2025-08-03 22:15:09,0.0
GEOP_20260402.csv,2025-08-03 22:18:09,0.0
GEOP_20260402.csv,2025-08-03 22:21:09,0.0
GEOP_20260402.csv,2025-08-03 22:24:09,0.0
GEOP_20260402.csv,2025-08-03 22:27:09,0.0
GEOP_20260402.csv,2025-08-03 22:30:09,0.0
GEOP_20260402.csv,2025-08-03 22:33:09,0.0
GEOP_20260402.csv,2025-08-03 22:36:09,0.0
GEOP_20260402.csv,2025-08-03 22:39:09,0.0
GEOP_20260402.csv,2025-08-03 22:42:09,0.0
GEOP_20260402.csv,2025-08-03 22:45:09,0.0
GEOP_20260402.csv,2025-08-03 22:48:09,0.0
GEOP_20260402.csv,2025-08-03 22:51:09,0.0
GEOP_20260402.csv,2025-08-03 22:54:09,0.0
GEOP_20260402.csv,2025-08-03 22:57:09,0.0
GEOP_20260402.csv,2025-08-03 23:00:09,0.0
GEOP_20260402.csv,2025-08-03 23:03:09,0.0
GEOP_20260402.csv,2025-08-03 23:06:09,0.0
GEOP_20260402.csv,2025-08-03 23:09:09,0.0
GEOP_20260402.csv,2025-08-03 23:12:09,0.0
GEOP_20260402.csv,2025-08-03 23:15:09,0.0
GEOP_20260402.csv,2025-08-03 23:18:09,0.0
GEOP_20260402.csv,2025-08-03 23:21:09,0.0
GEOP_20260402.csv,2025-08-03 23:24:09,0.0
GEOP_20260402.csv,2025-08-03 23:27:09,0.0
GEOP_20260402.csv,2025-08-03 23:30:09,0.0
GEOP_20260402.csv,2025-08-03 23:33:09,0.0
GEOP_20260402.csv,2025-08-03 23:36:09,0.0
GEOP_20260402.csv,2025-08-03 23:39:09,0.0
GEOP_20260402.csv,2025-08-03 23:42:09,0.0
GEOP_20260402.csv,2025-08-03 23:45:09,0.0
GEOP_20260402.csv,2025-08-03 23:48:09,0.0
GEOP_20260402.csv,2025-08-03 23:51:09,0.0
GEOP_20260402.csv,2025-08-03 23:54:09,0.0
GEOP_20260402.csv,2025-08-03 23:57:09,0.0
GEOP_20260402.csv,2025-08-04 00:00:09,0.0
GEOP_20260402.csv,2025-08-04 00:03:09,0.0
GEOP_20260402.csv,2025-08-04 00:06:09,0.0
GEOP_20260402.csv,2025-08-04 00:09:09,0.0
GEOP_20260402.csv,2025-08-04 00:12:09,0.0
GEOP_20260402.csv,2025-08-04 00:15:09,0.0
GEOP_20260402.csv,2025-08-04 00:18:09,0.0
GEOP_20260402.csv,2025-08-04 00:21:09,0.0
GEOP_20260402.csv,2025-08-04 00:24:09,0.0
GEOP_20260402.csv,2025-08-04 00:27:09,0.0
GEOP_20260402.csv,2025-08-04 00:30:09,0.0
GEOP_20260402.csv,2025-08-04 00:33:09,0.0
GEOP_20260402.csv,2025-08-04 00:36:09,0.0
GEOP_20260402.csv,2025-08-04 00:39:09,0.0
GEOP_20260402.csv,2025-08-04 00:42:09,0.0
GEOP_20260402.csv,2025-08-04 00:45:09,0.0
GEOP_20260402.csv,2025-08-04 00:48:09,0.0
GEOP_20260402.csv,2025-08-04 00:51:09,0.0
GEOP_20260402.csv,2025-08-04 00:54:09,0.0
GEOP_20260402.csv,2025-08-04 00:57:09,0.0
GEOP_20260402.csv,2025-08-04 01:00:09,0.0
GEOP_20260402.csv,2025-08-04 01:03:09,0.0
GEOP_20260402.csv,2025-08-04 01:06:09,0.0
GEOP_20260402.csv,2025-08-04 01:09:09,0.0
GEOP_20260402.csv,2025-08-04 01:12:09,0.0
GEOP_20260402.csv,2025-08-04 01:15:09,0.0
GEOP_20260402.csv,2025-08-04 01:18:09,0.0
GEOP_20260402.csv,2025-08-04 01:21:09,0.0
GEOP_20260402.csv,2025-08-04 01:24:09,0.0
GEOP_20260402.csv,2025-08-04 01:27:09,0.0
GEOP_20260402.csv,2025-08-04 01:30:09,0.0
GEOP_20260402.csv,2025-08-04 01:33:09,0.0
GEOP_20260402.csv,2025-08-04 01:36:09,0.0
GEOP_20260402.csv,2025-08-04 01:39:09,0.0
GEOP_20260402.csv,2025-08-04 01:42:09,0.0
GEOP_20260402.csv,2025-08-04 01:45:09,0.0
GEOP_20260402.csv,2025-08-04 01:48:09,0.0
GEOP_20260402.csv,2025-08-04 01:51:09,0.0
GEOP_20260402.csv,2025-08-04 01:54:09,0.0
GEOP_20260402.csv,2025-08-04 01:57:09,0.0
GEOP_20260402.csv,2025-08-04 02:00:09,0.0
GEOP_20260402.csv,2025-08-04 02:03:09,0.0
GEOP_20260402.csv,2025-08-04 02:06:09,0.0
GEOP_20260402.csv,2025-08-04 02:09:09,0.0
GEOP_20260402.csv,2025-08-04 02:12:09,0.0
GEOP_20260402.csv,2025-08-04 02:15:09,0.0
GEOP_20260402.csv,2025-08-04 02:18:09,0.0
GEOP_20260402.csv,2025-08-04 02:21:09,0.0
GEOP_20260402.csv,2025-08-04 02:24:09,0.0
GEOP_20260402.csv,2025-08-04 02:27:08,0.0
GEOP_20260402.csv,2025-08-04 02:30:09,0.0
GEOP_20260402.csv,2025-08-04 02:33:08,0.0
GEOP_20260402.csv,2025-08-04 02:36:08,0.0
GEOP_20260402.csv,2025-08-04 02:39:08,0.0
GEOP_20260402.csv,2025-08-04 02:42:08,0.0
GEOP_20260402.csv,2025-08-04 02:45:08,0.0
GEOP_20260402.csv,2025-08-04 02:48:08,0.0
GEOP_20260402.csv,2025-08-04 02:51:08,0.0
GEOP_20260402.csv,2025-08-04 02:54:08,0.0
GEOP_20260402.csv,2025-08-04 02:57:08,0.0
GEOP_20260402.csv,2025-08-04 03:00:08,0.0
GEOP_20260402.csv,2025-08-04 03:03:08,0.0
GEOP_20260402.csv,2025-08-04 03:06:08,0.0
GEOP_20260402.csv,2025-08-04 03:09:08,0.0
GEOP_20260402.csv,2025-08-04 03:12:08,0.0
GEOP_20260402.csv,2025-08-04 03:15:09,0.0
GEOP_20260402.csv,2025-08-04 03:18:08,0.0
GEOP_20260402.csv,2025-08-04 03:21:08,0.0
GEOP_20260402.csv,2025-08-04 03:24:08,0.0
GEOP_20260402.csv,2025-08-04 03:27:08,0.0
GEOP_20260402.csv,2025-08-04 03:30:08,0.0
GEOP_20260402.csv,2025-08-04 03:33:08,0.0
GEOP_20260402.csv,2025-08-04 03:36:08,0.0
GEOP_20260402.csv,2025-08-04 03:39:08,0.0
GEOP_20260402.csv,2025-08-04 03:42:08,0.0
GEOP_20260402.csv,2025-08-04 03:45:08,0.0
GEOP_20260402.csv,2025-08-04 03:48:08,0.0
GEOP_20260402.csv,2025-08-04 03:51:08,0.0
GEOP_20260402.csv,2025-08-04 03:54:08,0.0
GEOP_20260402.csv,2025-08-04 03:57:08,0.0
GEOP_20260402.csv,2025-08-04 04:00:08,0.0
GEOP_20260402.csv,2025-08-04 04:03:08,0.0
GEOP_20260402.csv,2025-08-04 04:06:08,0.0
GEOP_20260402.csv,2025-08-04 04:09:08,0.0
GEOP_20260402.csv,2025-08-04 04:12:08,0.0
GEOP_20260402.csv,2025-08-04 04:15:08,0.0
GEOP_20260402.csv,2025-08-04 04:18:08,0.0
GEOP_20260402.csv,2025-08-04 04:21:08,0.0
GEOP_20260402.csv,2025-08-04 04:24:08,0.0
GEOP_20260402.csv,2025-08-04 04:27:08,0.0
GEOP_20260402.csv,2025-08-04 04:30:08,0.0
GEOP_20260402.csv,2025-08-04 04:33:08,0.0
GEOP_20260402.csv,2025-08-04 04:36:08,0.0
GEOP_20260402.csv,2025-08-04 04:39:08,0.0
GEOP_20260402.csv,2025-08-04 04:42:08,0.0
GEOP_20260402.csv,2025-08-04 04:45:08,0.0
GEOP_20260402.csv,2025-08-04 04:48:08,0.0
GEOP_20260402.csv,2025-08-04 04:51:08,0.0
GEOP_20260402.csv,2025-08-04 04:54:08,0.0
GEOP_20260402.csv,2025-08-04 04:57:08,0.0
GEOP_20260402.csv,2025-08-04 05:00:08,0.0
GEOP_20260402.csv,2025-08-04 05:03:08,0.0
GEOP_20260402.csv,2025-08-04 05:06:08,0.0
GEOP_20260402.csv,2025-08-04 05:09:08,0.0
GEOP_20260402.csv,2025-08-04 05:15:08,0.0
GEOP_20260402.csv,2025-08-04 05:18:08,0.0
GEOP_20260402.csv,2025-08-04 05:21:08,0.0
GEOP_20260402.csv,2025-08-04 05:24:08,0.0
GEOP_20260402.csv,2025-08-04 05:27:08,0.0
GEOP_20260402.csv,2025-08-04 05:30:08,0.0
GEOP_20260402.csv,2025-08-04 05:33:08,0.0
GEOP_20260402.csv,2025-08-04 05:36:08,0.0
GEOP_20260402.csv,2025-08-04 05:39:08,0.0
GEOP_20260402.csv,2025-08-04 05:42:08,0.0
GEOP_20260402.csv,2025-08-04 05:45:08,0.0
GEOP_20260402.csv,2025-08-04 05:48:08,0.0
GEOP_20260402.csv,2025-08-04 05:51:08,0.0
GEOP_20260402.csv,2025-08-04 05:54:08,0.0
GEOP_20260402.csv,2025-08-04 05:57:08,0.0
GEOP_20260402.csv,2025-08-04 06:00:08,0.0
GEOP_20260402.csv,2025-08-04 06:03:08,0.0
GEOP_20260402.csv,2025-08-04 06:06:08,0.0
GEOP_20260402.csv,2025-08-04 06:09:08,0.0
GEOP_20260402.csv,2025-08-04 06:12:08,0.0
GEOP_20260402.csv,2025-08-04 06:15:08,0.0
GEOP_20260402.csv,2025-08-04 06:18:08,0.0
GEOP_20260402.csv,2025-08-04 06:21:08,0.0
GEOP_20260402.csv,2025-08-04 06:24:08,0.0
GEOP_20260402.csv,2025-08-04 06:27:08,0.0
GEOP_20260402.csv,2025-08-04 06:30:08,0.0
GEOP_20260402.csv,2025-08-04 06:33:08,0.0
GEOP_20260402.csv,2025-08-04 06:36:08,0.0
GEOP_20260402.csv,2025-08-04 06:39:08,0.0
GEOP_20260402.csv,2025-08-04 06:42:08,0.0
GEOP_20260402.csv,2025-08-04 06:45:08,0.0
GEOP_20260402.csv,2025-08-04 06:51:08,0.0
GEOP_20260402.csv,2025-08-04 06:54:08,0.0
GEOP_20260402.csv,2025-08-04 06:57:08,0.0
GEOP_20260402.csv,2025-08-04 07:00:08,0.0
GEOP_20260402.csv,2025-08-04 07:03:08,0.0
GEOP_20260402.csv,2025-08-04 07:06:08,0.0
GEOP_20260402.csv,2025-08-04 07:09:08,0.0
GEOP_20260402.csv,2025-08-04 07:12:08,0.0
GEOP_20260402.csv,2025-08-04 07:15:08,0.0
GEOP_20260402.csv,2025-08-04 07:18:08,0.0
GEOP_20260402.csv,2025-08-04 07:21:08,0.0
GEOP_20260402.csv,2025-08-04 07:24:08,0.0
GEOP_20260402.csv,2025-08-04 07:27:08,0.0
GEOP_20260402.csv,2025-08-04 07:30:08,0.0
GEOP_20260402.csv,2025-08-04 07:33:08,0.0
GEOP_20260402.csv,2025-08-04 07:36:08,0.0
GEOP_20260402.csv,2025-08-04 07:39:08,0.0
GEOP_20260402.csv,2025-08-04 07:42:08,0.0
GEOP_20260402.csv,2025-08-04 07:45:08,0.0
GEOP_20260402.csv,2025-08-04 07:48:08,0.0
GEOP_20260402.csv,2025-08-04 07:51:08,0.0
GEOP_20260402.csv,2025-08-04 07:54:08,0.0
GEOP_20260402.csv,2025-08-04 07:57:08,0.0
GEOP_20260402.csv,2025-08-04 08:00:08,0.0
GEOP_20260402.csv,2025-08-04 08:03:08,0.0
GEOP_20260402.csv,2025-08-04 08:06:08,0.0
GEOP_20260402.csv,2025-08-04 08:09:08,0.0
GEOP_20260402.csv,2025-08-04 08:12:08,0.0
GEOP_20260402.csv,2025-08-04 08:15:08,0.0
GEOP_20260402.csv,2025-08-04 08:18:08,0.0
GEOP_20260402.csv,2025-08-04 08:21:08,0.0
GEOP_20260402.csv,2025-08-04 08:24:08,0.0
GEOP_20260402.csv,2025-08-04 08:27:08,0.0
GEOP_20260402.csv,2025-08-04 08:30:08,0.0
GEOP_20260402.csv,2025-08-04 08:33:08,0.0
GEOP_20260402.csv,2025-08-04 08:36:08,0.0
GEOP_20260402.csv,2025-08-04 08:39:08,0.0
GEOP_20260402.csv,2025-08-04 08:42:08,0.0
GEOP_20260402.csv,2025-08-04 08:45:08,0.0
GEOP_20260402.csv,2025-08-04 08:48:08,0.0
GEOP_20260402.csv,2025-08-04 08:51:08,0.0
GEOP_20260402.csv,2025-08-04 08:54:08,0.0
GEOP_20260402.csv,2025-08-04 08:57:08,0.0
GEOP_20260402.csv,2025-08-04 09:00:08,0.0
GEOP_20260402.csv,2025-08-04 09:03:08,0.0
GEOP_20260402.csv,2025-08-04 09:06:08,0.0
GEOP_20260402.csv,2025-08-04 09:09:08,0.0
GEOP_20260402.csv,2025-08-04 09:12:08,0.0
GEOP_20260402.csv,2025-08-04 09:15:08,0.0
GEOP_20260402.csv,2025-08-04 09:18:08,0.0
GEOP_20260402.csv,2025-08-04 09:21:08,0.0
GEOP_20260402.csv,2025-08-04 09:24:08,0.0
GEOP_20260402.csv,2025-08-04 09:27:08,0.0
GEOP_20260402.csv,2025-08-04 09:30:08,0.0
GEOP_20260402.csv,2025-08-04 09:33:08,0.0
GEOP_20260402.csv,2025-08-04 09:36:08,0.0
GEOP_20260402.csv,2025-08-04 09:39:08,0.0
GEOP_20260402.csv,2025-08-04 09:42:08,0.0
GEOP_20260402.csv,2025-08-04 09:45:08,0.0
GEOP_20260402.csv,2025-08-04 09:48:08,0.0
GEOP_20260402.csv,2025-08-04 09:51:08,0.0
GEOP_20260402.csv,2025-08-04 09:54:08,0.0
GEOP_20260402.csv,2025-08-04 09:57:08,0.0
GEOP_20260402.csv,2025-08-04 10:00:08,0.0
GEOP_20260402.csv,2025-08-04 10:03:08,0.0
GEOP_20260402.csv,2025-08-04 10:06:08,0.0
GEOP_20260402.csv,2025-08-04 10:09:08,0.0
GEOP_20260402.csv,2025-08-04 10:12:08,0.0
GEOP_20260402.csv,2025-08-04 10:15:08,0.0
GEOP_20260402.csv,2025-08-04 10:18:08,0.0
GEOP_20260402.csv,2025-08-04 10:21:08,0.0
GEOP_20260402.csv,2025-08-04 10:24:08,0.0
GEOP_20260402.csv,2025-08-04 10:27:08,0.0
GEOP_20260402.csv,2025-08-04 10:30:08,0.0
GEOP_20260402.csv,2025-08-04 10:33:08,0.0
GEOP_20260402.csv,2025-08-04 10:36:08,0.0
GEOP_20260402.csv,2025-08-04 10:39:08,0.0
GEOP_20260402.csv,2025-08-04 10:42:08,0.0
GEOP_20260402.csv,2025-08-04 10:45:08,0.0
GEOP_20260402.csv,2025-08-04 10:48:08,0.0
GEOP_20260402.csv,2025-08-04 10:51:08,0.0
GEOP_20260402.csv,2025-08-04 10:54:08,0.0
GEOP_20260402.csv,2025-08-04 10:57:08,0.0
GEOP_20260402.csv,2025-08-04 11:00:08,0.0
GEOP_20260402.csv,2025-08-04 11:03:08,0.0
GEOP_20260402.csv,2025-08-04 11:06:08,0.0
GEOP_20260402.csv,2025-08-04 11:09:08,0.0
GEOP_20260402.csv,2025-08-04 11:12:08,0.0
GEOP_20260402.csv,2025-08-04 11:15:08,0.0
GEOP_20260402.csv,2025-08-04 11:18:08,0.0
GEOP_20260402.csv,2025-08-04 11:21:08,0.0
GEOP_20260402.csv,2025-08-04 11:24:08,0.0
GEOP_20260402.csv,2025-08-04 11:27:08,0.0
GEOP_20260402.csv,2025-08-04 11:30:08,0.0
GEOP_20260402.csv,2025-08-04 11:33:08,0.0
GEOP_20260402.csv,2025-08-04 11:36:08,0.0
GEOP_20260402.csv,2025-08-04 11:39:08,0.0
GEOP_20260402.csv,2025-08-04 11:42:08,0.0
GEOP_20260402.csv,2025-08-04 11:45:08,0.0
GEOP_20260402.csv,2025-08-04 11:48:08,0.0
GEOP_20260402.csv,2025-08-04 11:51:08,0.0
GEOP_20260402.csv,2025-08-04 11:54:08,0.0
GEOP_20260402.csv,2025-08-04 11:57:08,0.0
GEOP_20260402.csv,2025-08-04 12:00:08,0.0
GEOP_20260402.csv,2025-08-04 12:03:08,0.0
GEOP_20260402.csv,2025-08-04 12:06:07,0.0
GEOP_20260402.csv,2025-08-04 12:09:07,0.0
GEOP_20260402.csv,2025-08-04 12:12:07,0.0
GEOP_20260402.csv,2025-08-04 12:15:08,0.0
GEOP_20260402.csv,2025-08-04 12:18:07,0.0
GEOP_20260402.csv,2025-08-04 12:21:07,0.0
GEOP_20260402.csv,2025-08-04 12:24:07,0.0
GEOP_20260402.csv,2025-08-04 12:27:07,0.0
GEOP_20260402.csv,2025-08-04 12:30:07,0.0
GEOP_20260402.csv,2025-08-04 12:33:07,0.0
GEOP_20260402.csv,2025-08-04 12:36:07,0.0
GEOP_20260402.csv,2025-08-04 12:39:07,0.0
GEOP_20260402.csv,2025-08-04 12:42:07,0.0
GEOP_20260402.csv,2025-08-04 12:45:07,0.0
GEOP_20260402.csv,2025-08-04 12:48:07,0.0
GEOP_20260402.csv,2025-08-04 12:51:07,0.0
GEOP_20260402.csv,2025-08-04 12:54:07,0.0
GEOP_20260402.csv,2025-08-04 12:57:07,0.0
GEOP_20260402.csv,2025-08-04 13:00:07,0.0
GEOP_20260402.csv,2025-08-04 13:03:07,0.0
GEOP_20260402.csv,2025-08-04 13:06:07,0.0
GEOP_20260402.csv,2025-08-04 13:09:07,0.0
GEOP_20260402.csv,2025-08-04 13:12:07,0.0
GEOP_20260402.csv,2025-08-04 13:15:07,0.0
GEOP_20260402.csv,2025-08-04 13:18:07,0.0
GEOP_20260402.csv,2025-08-04 13:21:07,0.0
GEOP_20260402.csv,2025-08-04 13:24:07,0.0
GEOP_20260402.csv,2025-08-04 13:27:07,0.0
GEOP_20260402.csv,2025-08-04 13:30:07,0.0
GEOP_20260402.csv,2025-08-04 13:33:07,0.0
GEOP_20260402.csv,2025-08-04 13:36:07,0.0
GEOP_20260402.csv,2025-08-04 13:39:07,0.0
GEOP_20260402.csv,2025-08-04 13:42:07,0.0
GEOP_20260402.csv,2025-08-04 13:45:07,0.0
GEOP_20260402.csv,2025-08-04 13:48:07,0.0
GEOP_20260402.csv,2025-08-04 13:51:07,0.0
GEOP_20260402.csv,2025-08-04 13:54:07,0.0
GEOP_20260402.csv,2025-08-04 14:00:07,0.0
GEOP_20260402.csv,2025-08-04 14:03:07,0.0
GEOP_20260402.csv,2025-08-04 14:06:07,0.0
GEOP_20260402.csv,2025-08-04 14:09:07,0.0
GEOP_20260402.csv,2025-08-04 14:12:07,0.0
GEOP_20260402.csv,2025-08-04 14:15:07,0.0
GEOP_20260402.csv,2025-08-04 14:18:07,0.0
GEOP_20260402.csv,2025-08-04 14:21:07,0.0
GEOP_20260402.csv,2025-08-04 14:24:07,0.0
GEOP_20260402.csv,2025-08-04 14:27:07,0.0
GEOP_20260402.csv,2025-08-04 14:30:07,0.0
GEOP_20260402.csv,2025-08-04 14:33:07,0.0
GEOP_20260402.csv,2025-08-04 14:36:07,0.0
GEOP_20260402.csv,2025-08-04 14:39:07,0.0
GEOP_20260402.csv,2025-08-04 14:42:07,0.0
GEOP_20260402.csv,2025-08-04 14:45:07,0.0
GEOP_20260402.csv,2025-08-04 14:48:07,0.0
GEOP_20260402.csv,2025-08-04 14:51:07,0.0
GEOP_20260402.csv,2025-08-04 14:54:07,0.0
GEOP_20260402.csv,2025-08-04 14:57:07,0.0
GEOP_20260402.csv,2025-08-04 15:00:07,0.0
GEOP_20260402.csv,2025-08-04 15:03:07,0.0
GEOP_20260402.csv,2025-08-04 15:06:07,0.0
GEOP_20260402.csv,2025-08-04 15:09:07,0.0
GEOP_20260402.csv,2025-08-04 15:12:07,0.0
GEOP_20260402.csv,2025-08-04 15:15:07,0.0
GEOP_20260402.csv,2025-08-04 15:18:07,0.0
GEOP_20260402.csv,2025-08-04 15:21:07,0.0
GEOP_20260402.csv,2025-08-04 15:24:07,0.0
GEOP_20260402.csv,2025-08-04 15:27:07,0.0
GEOP_20260402.csv,2025-08-04 15:30:07,0.0
GEOP_20260402.csv,2025-08-04 15:33:07,0.0
GEOP_20260402.csv,2025-08-04 15:36:07,0.0
GEOP_20260402.csv,2025-08-04 15:39:07,0.0
GEOP_20260402.csv,2025-08-04 15:42:07,0.0
GEOP_20260402.csv,2025-08-04 15:45:07,0.0
GEOP_20260402.csv,2025-08-04 15:48:07,0.0
GEOP_20260402.csv,2025-08-04 15:51:07,0.0
GEOP_20260402.csv,2025-08-04 15:54:07,0.0
GEOP_20260402.csv,2025-08-04 15:57:07,0.0
GEOP_20260402.csv,2025-08-04 16:00:07,0.0
GEOP_20260402.csv,2025-08-04 16:03:07,0.0
GEOP_20260402.csv,2025-08-04 16:06:07,0.0
GEOP_20260402.csv,2025-08-04 16:09:07,0.0
GEOP_20260402.csv,2025-08-04 16:12:07,0.0
GEOP_20260402.csv,2025-08-04 16:15:07,0.0
GEOP_20260402.csv,2025-08-04 16:18:07,0.0
GEOP_20260402.csv,2025-08-04 16:21:07,0.0
GEOP_20260402.csv,2025-08-04 16:24:07,0.0
GEOP_20260402.csv,2025-08-04 16:27:07,0.0
GEOP_20260402.csv,2025-08-04 16:30:07,0.0
GEOP_20260402.csv,2025-08-04 16:33:07,0.0
GEOP_20260402.csv,2025-08-04 16:36:07,0.0
GEOP_20260402.csv,2025-08-04 16:39:07,0.0
GEOP_20260402.csv,2025-08-04 16:42:07,0.0
GEOP_20260402.csv,2025-08-04 16:45:07,0.0
GEOP_20260402.csv,2025-08-04 16:48:07,0.0
GEOP_20260402.csv,2025-08-04 16:51:07,0.0
GEOP_20260402.csv,2025-08-04 16:54:07,0.0
GEOP_20260402.csv,2025-08-04 16:57:07,0.0
GEOP_20260402.csv,2025-08-04 17:00:07,0.0
GEOP_20260402.csv,2025-08-04 17:03:07,0.0
GEOP_20260402.csv,2025-08-04 17:06:07,0.0
GEOP_20260402.csv,2025-08-04 17:09:07,0.0
GEOP_20260402.csv,2025-08-04 17:12:07,0.0
GEOP_20260402.csv,2025-08-04 17:15:07,0.0
GEOP_20260402.csv,2025-08-04 17:18:07,0.0
GEOP_20260402.csv,2025-08-04 17:21:07,0.0
GEOP_20260402.csv,2025-08-04 17:24:07,0.0
GEOP_20260402.csv,2025-08-04 17:27:07,0.0
GEOP_20260402.csv,2025-08-04 17:30:07,0.0
GEOP_20260402.csv,2025-08-04 17:33:07,0.0
GEOP_20260402.csv,2025-08-04 17:36:07,0.0
GEOP_20260402.csv,2025-08-04 17:39:07,0.0
GEOP_20260402.csv,2025-08-04 17:42:07,0.0
GEOP_20260402.csv,2025-08-04 17:45:07,0.0
GEOP_20260402.csv,2025-08-04 17:48:07,0.0
GEOP_20260402.csv,2025-08-04 17:51:07,0.0
GEOP_20260402.csv,2025-08-04 17:54:07,0.0
GEOP_20260402.csv,2025-08-04 17:57:07,0.0
GEOP_20260402.csv,2025-08-04 18:00:07,0.0
GEOP_20260402.csv,2025-08-04 18:03:07,0.0
GEOP_20260402.csv,2025-08-04 18:06:07,0.0
GEOP_20260402.csv,2025-08-04 18:09:07,0.0
GEOP_20260402.csv,2025-08-04 18:12:07,0.0
GEOP_20260402.csv,2025-08-04 18:15:07,0.0
GEOP_20260402.csv,2025-08-04 18:18:07,0.0
GEOP_20260402.csv,2025-08-04 18:21:07,0.0
GEOP_20260402.csv,2025-08-04 18:24:07,0.0
GEOP_20260402.csv,2025-08-04 18:27:07,0.0
GEOP_20260402.csv,2025-08-04 18:30:07,0.0
GEOP_20260402.csv,2025-08-04 18:33:07,0.0
GEOP_20260402.csv,2025-08-04 18:36:07,0.0
GEOP_20260402.csv,2025-08-04 18:39:07,0.0
GEOP_20260402.csv,2025-08-04 18:42:07,0.0
GEOP_20260402.csv,2025-08-04 18:45:07,0.0
GEOP_20260402.csv,2025-08-04 18:48:07,0.0
GEOP_20260402.csv,2025-08-04 18:51:07,0.0
GEOP_20260402.csv,2025-08-04 18:54:07,0.0
GEOP_20260402.csv,2025-08-04 18:57:07,0.0
GEOP_20260402.csv,2025-08-04 19:03:07,0.0
GEOP_20260402.csv,2025-08-04 19:06:07,0.0
GEOP_20260402.csv,2025-08-04 19:09:07,0.0
GEOP_20260402.csv,2025-08-04 19:12:07,0.0
GEOP_20260402.csv,2025-08-04 19:15:07,0.0
GEOP_20260402.csv,2025-08-04 19:18:07,0.0
GEOP_20260402.csv,2025-08-04 19:21:07,0.0
GEOP_20260402.csv,2025-08-04 19:24:07,0.0
GEOP_20260402.csv,2025-08-04 19:27:07,0.0
GEOP_20260402.csv,2025-08-04 19:30:07,0.0
GEOP_20260402.csv,2025-08-04 19:33:07,0.0
GEOP_20260402.csv,2025-08-04 19:36:07,0.0
GEOP_20260402.csv,2025-08-04 19:39:07,0.0
GEOP_20260402.csv,2025-08-04 19:42:07,0.0
GEOP_20260402.csv,2025-08-04 19:45:07,0.0
GEOP_20260402.csv,2025-08-04 19:48:07,0.0
GEOP_20260402.csv,2025-08-04 19:51:07,0.0
GEOP_20260402.csv,2025-08-04 19:54:07,0.0
GEOP_20260402.csv,2025-08-04 19:57:07,0.0
GEOP_20260402.csv,2025-08-04 20:00:07,0.0
GEOP_20260402.csv,2025-08-04 20:03:07,0.0
GEOP_20260402.csv,2025-08-04 20:06:07,0.0
GEOP_20260402.csv,2025-08-04 20:09:07,0.0
GEOP_20260402.csv,2025-08-04 20:12:07,0.0
GEOP_20260402.csv,2025-08-04 20:15:07,0.0
GEOP_20260402.csv,2025-08-04 20:18:07,0.0
GEOP_20260402.csv,2025-08-04 20:21:07,0.0
GEOP_20260402.csv,2025-08-04 20:24:07,0.0
GEOP_20260402.csv,2025-08-04 20:27:07,0.0
GEOP_20260402.csv,2025-08-04 20:30:07,0.0
GEOP_20260402.csv,2025-08-04 20:33:07,0.0
GEOP_20260402.csv,2025-08-04 20:36:07,0.0
GEOP_20260402.csv,2025-08-04 20:39:07,0.0
GEOP_20260402.csv,2025-08-04 20:42:07,0.0
GEOP_20260402.csv,2025-08-04 20:45:07,0.0
GEOP_20260402.csv,2025-08-04 20:48:07,0.0
GEOP_20260402.csv,2025-08-04 20:51:07,0.0
GEOP_20260402.csv,2025-08-04 20:54:07,0.0
GEOP_20260402.csv,2025-08-04 20:57:07,0.0
GEOP_20260402.csv,2025-08-04 21:00:07,0.0
GEOP_20260402.csv,2025-08-04 21:03:07,0.0
GEOP_20260402.csv,2025-08-04 21:06:07,0.0
GEOP_20260402.csv,2025-08-04 21:09:07,0.0
GEOP_20260402.csv,2025-08-04 21:12:07,0.0
GEOP_20260402.csv,2025-08-04 21:15:07,0.0
GEOP_20260402.csv,2025-08-04 21:18:07,0.0
GEOP_20260402.csv,2025-08-04 21:21:07,0.0
GEOP_20260402.csv,2025-08-04 21:24:07,0.0
GEOP_20260402.csv,2025-08-04 21:27:07,0.0
GEOP_20260402.csv,2025-08-04 21:30:07,0.0
GEOP_20260402.csv,2025-08-04 21:33:07,0.0
GEOP_20260402.csv,2025-08-04 21:36:07,0.0
GEOP_20260402.csv,2025-08-04 21:39:07,0.0
GEOP_20260402.csv,2025-08-04 21:42:07,0.0
GEOP_20260402.csv,2025-08-04 21:45:06,0.0
GEOP_20260402.csv,2025-08-04 21:48:06,0.0
GEOP_20260402.csv,2025-08-04 21:51:06,0.0
GEOP_20260402.csv,2025-08-04 21:54:06,0.0
GEOP_20260402.csv,2025-08-04 21:57:06,0.0
GEOP_20260402.csv,2025-08-04 22:00:06,0.0
GEOP_20260402.csv,2025-08-04 22:03:06,0.01
GEOP_20260402.csv,2025-08-04 22:06:06,0.0
GEOP_20260402.csv,2025-08-04 22:09:06,0.0
GEOP_20260402.csv,2025-08-04 22:12:06,0.0
GEOP_20260402.csv,2025-08-04 22:15:06,0.0
GEOP_20260402.csv,2025-08-04 22:18:06,0.0
GEOP_20260402.csv,2025-08-04 22:21:06,0.0
GEOP_20260402.csv,2025-08-04 22:24:06,0.0
GEOP_20260402.csv,2025-08-04 22:27:06,0.0
GEOP_20260402.csv,2025-08-04 22:30:06,0.0
GEOP_20260402.csv,2025-08-04 22:33:06,0.0
GEOP_20260402.csv,2025-08-04 22:36:06,0.0
GEOP_20260402.csv,2025-08-04 22:39:06,0.0
GEOP_20260402.csv,2025-08-04 22:42:06,0.0
GEOP_20260402.csv,2025-08-04 22:45:06,0.0
GEOP_20260402.csv,2025-08-04 22:48:06,0.0
GEOP_20260402.csv,2025-08-04 22:51:06,0.0
GEOP_20260402.csv,2025-08-04 22:54:06,0.0
GEOP_20260402.csv,2025-08-04 22:57:06,0.0
GEOP_20260402.csv,2025-08-04 23:00:06,0.0
GEOP_20260402.csv,2025-08-04 23:03:06,0.0
GEOP_20260402.csv,2025-08-04 23:06:06,0.0
GEOP_20260402.csv,2025-08-04 23:09:06,0.0
GEOP_20260402.csv,2025-08-04 23:12:06,0.0
GEOP_20260402.csv,2025-08-04 23:15:06,0.0
GEOP_20260402.csv,2025-08-04 23:18:06,0.0
GEOP_20260402.csv,2025-08-04 23:21:06,0.0
GEOP_20260402.csv,2025-08-04 23:24:06,0.0
GEOP_20260402.csv,2025-08-04 23:27:06,0.0
GEOP_20260402.csv,2025-08-04 23:30:06,0.0
GEOP_20260402.csv,2025-08-04 23:33:06,0.0
GEOP_20260402.csv,2025-08-04 23:36:06,0.0
GEOP_20260402.csv,2025-08-04 23:39:06,0.0
GEOP_20260402.csv,2025-08-04 23:42:06,0.0
GEOP_20260402.csv,2025-08-04 23:45:06,0.0
GEOP_20260402.csv,2025-08-04 23:48:06,0.0
GEOP_20260402.csv,2025-08-04 23:51:06,0.0
GEOP_20260402.csv,2025-08-04 23:54:06,0.0
GEOP_20260402.csv,2025-08-04 23:57:06,0.0
GEOP_20260402.csv,2025-08-05 00:00:06,0.0
GEOP_20260402.csv,2025-08-05 00:03:06,0.0
GEOP_20260402.csv,2025-08-05 00:06:06,0.0
GEOP_20260402.csv,2025-08-05 00:09:06,0.0
GEOP_20260402.csv,2025-08-05 00:12:06,0.0
GEOP_20260402.csv,2025-08-05 00:15:06,0.0
GEOP_20260402.csv,2025-08-05 00:18:06,0.0
GEOP_20260402.csv,2025-08-05 00:21:06,0.0
GEOP_20260402.csv,2025-08-05 00:24:06,0.0
GEOP_20260402.csv,2025-08-05 00:27:06,0.0
GEOP_20260402.csv,2025-08-05 00:30:06,0.0
GEOP_20260402.csv,2025-08-05 00:33:06,0.0
GEOP_20260402.csv,2025-08-05 00:36:06,0.0
GEOP_20260402.csv,2025-08-05 00:39:06,0.0
GEOP_20260402.csv,2025-08-05 00:42:06,0.0
GEOP_20260402.csv,2025-08-05 00:45:06,0.0
GEOP_20260402.csv,2025-08-05 00:48:06,0.0
GEOP_20260402.csv,2025-08-05 00:51:06,0.0
GEOP_20260402.csv,2025-08-05 00:54:06,0.0
GEOP_20260402.csv,2025-08-05 00:57:06,0.0
GEOP_20260402.csv,2025-08-05 01:00:06,0.0
GEOP_20260402.csv,2025-08-05 01:03:06,0.0
GEOP_20260402.csv,2025-08-05 01:06:06,0.0
GEOP_20260402.csv,2025-08-05 01:09:06,0.0
GEOP_20260402.csv,2025-08-05 01:12:06,0.0
GEOP_20260402.csv,2025-08-05 01:15:06,0.0
GEOP_20260402.csv,2025-08-05 01:18:06,0.0
GEOP_20260402.csv,2025-08-05 01:21:06,0.0
GEOP_20260402.csv,2025-08-05 01:24:06,0.0
GEOP_20260402.csv,2025-08-05 01:27:06,0.0
GEOP_20260402.csv,2025-08-05 01:30:06,0.0
GEOP_20260402.csv,2025-08-05 01:33:06,0.0
GEOP_20260402.csv,2025-08-05 01:36:06,0.0
GEOP_20260402.csv,2025-08-05 01:39:06,0.0
GEOP_20260402.csv,2025-08-05 01:42:06,0.0
GEOP_20260402.csv,2025-08-05 01:45:06,0.0
GEOP_20260402.csv,2025-08-05 01:48:06,0.0
GEOP_20260402.csv,2025-08-05 01:51:06,0.0
GEOP_20260402.csv,2025-08-05 01:54:06,0.0
GEOP_20260402.csv,2025-08-05 01:57:06,0.0
GEOP_20260402.csv,2025-08-05 02:00:06,0.0
GEOP_20260402.csv,2025-08-05 02:03:06,0.0
GEOP_20260402.csv,2025-08-05 02:06:06,0.0
GEOP_20260402.csv,2025-08-05 02:09:06,0.0
GEOP_20260402.csv,2025-08-05 02:12:06,0.0
GEOP_20260402.csv,2025-08-05 02:15:06,0.0
GEOP_20260402.csv,2025-08-05 02:18:06,0.0
GEOP_20260402.csv,2025-08-05 02:21:06,0.0
GEOP_20260402.csv,2025-08-05 02:24:06,0.0
GEOP_20260402.csv,2025-08-05 02:27:06,0.0
GEOP_20260402.csv,2025-08-05 02:30:06,0.0
GEOP_20260402.csv,2025-08-05 02:33:06,0.0
GEOP_20260402.csv,2025-08-05 02:36:06,0.0
GEOP_20260402.csv,2025-08-05 02:39:06,0.0
GEOP_20260402.csv,2025-08-05 02:42:06,0.0
GEOP_20260402.csv,2025-08-05 02:45:06,0.0
GEOP_20260402.csv,2025-08-05 02:48:06,0.0
GEOP_20260402.csv,2025-08-05 02:51:06,0.0
GEOP_20260402.csv,2025-08-05 02:54:06,0.0
GEOP_20260402.csv,2025-08-05 02:57:06,0.0
GEOP_20260402.csv,2025-08-05 03:00:06,0.0
GEOP_20260402.csv,2025-08-05 03:03:06,0.0
GEOP_20260402.csv,2025-08-05 03:06:06,0.0
GEOP_20260402.csv,2025-08-05 03:09:06,0.0
GEOP_20260402.csv,2025-08-05 03:12:06,0.0
GEOP_20260402.csv,2025-08-05 03:15:06,0.0
GEOP_20260402.csv,2025-08-05 03:18:06,0.0
GEOP_20260402.csv,2025-08-05 03:21:06,0.0
GEOP_20260402.csv,2025-08-05 03:24:06,0.0
GEOP_20260402.csv,2025-08-05 03:27:06,0.0
GEOP_20260402.csv,2025-08-05 03:30:06,0.0
GEOP_20260402.csv,2025-08-05 03:33:06,0.0
GEOP_20260402.csv,2025-08-05 03:36:06,0.0
GEOP_20260402.csv,2025-08-05 03:39:06,0.0
GEOP_20260402.csv,2025-08-05 03:42:06,0.0
GEOP_20260402.csv,2025-08-05 03:45:06,0.0
GEOP_20260402.csv,2025-08-05 03:48:06,0.0
GEOP_20260402.csv,2025-08-05 03:51:06,0.0
GEOP_20260402.csv,2025-08-05 03:54:06,0.0
GEOP_20260402.csv,2025-08-05 03:57:06,0.0
GEOP_20260402.csv,2025-08-05 04:00:06,0.0
GEOP_20260402.csv,2025-08-05 04:03:06,0.0
GEOP_20260402.csv,2025-08-05 04:06:06,0.0
GEOP_20260402.csv,2025-08-05 04:09:06,0.0
GEOP_20260402.csv,2025-08-05 04:12:06,0.0
GEOP_20260402.csv,2025-08-05 04:15:06,0.0
GEOP_20260402.csv,2025-08-05 04:18:06,0.0
GEOP_20260402.csv,2025-08-05 04:21:06,0.0
GEOP_20260402.csv,2025-08-05 04:24:06,0.0
GEOP_20260402.csv,2025-08-05 04:27:06,0.0
GEOP_20260402.csv,2025-08-05 04:30:06,0.0
GEOP_20260402.csv,2025-08-05 04:33:06,0.0
GEOP_20260402.csv,2025-08-05 04:36:06,0.0
GEOP_20260402.csv,2025-08-05 04:39:06,0.0
GEOP_20260402.csv,2025-08-05 04:42:06,0.0
GEOP_20260402.csv,2025-08-05 04:45:06,0.0
GEOP_20260402.csv,2025-08-05 04:48:06,0.0
GEOP_20260402.csv,2025-08-05 04:51:06,0.0
GEOP_20260402.csv,2025-08-05 04:54:06,0.0
GEOP_20260402.csv,2025-08-05 04:57:06,0.0
GEOP_20260402.csv,2025-08-05 05:00:06,0.0
GEOP_20260402.csv,2025-08-05 05:03:06,0.0
GEOP_20260402.csv,2025-08-05 05:06:06,0.0
GEOP_20260402.csv,2025-08-05 05:09:06,0.0
GEOP_20260402.csv,2025-08-05 05:12:06,0.0
GEOP_20260402.csv,2025-08-05 05:15:06,0.0
GEOP_20260402.csv,2025-08-05 05:18:06,0.0
GEOP_20260402.csv,2025-08-05 05:21:06,0.0
GEOP_20260402.csv,2025-08-05 05:24:06,0.0
GEOP_20260402.csv,2025-08-05 05:27:06,0.0
GEOP_20260402.csv,2025-08-05 05:30:06,0.0
GEOP_20260402.csv,2025-08-05 05:33:06,0.0
GEOP_20260402.csv,2025-08-05 05:36:06,0.0
GEOP_20260402.csv,2025-08-05 05:39:06,0.0
GEOP_20260402.csv,2025-08-05 05:42:06,0.0
GEOP_20260402.csv,2025-08-05 05:45:06,0.0
GEOP_20260402.csv,2025-08-05 05:48:06,0.0
GEOP_20260402.csv,2025-08-05 05:51:06,0.0
GEOP_20260402.csv,2025-08-05 05:54:06,0.0
GEOP_20260402.csv,2025-08-05 05:57:06,0.0
GEOP_20260402.csv,2025-08-05 06:00:06,0.0
GEOP_20260402.csv,2025-08-05 06:03:06,0.0
GEOP_20260402.csv,2025-08-05 06:06:06,0.0
GEOP_20260402.csv,2025-08-05 06:09:06,0.0
GEOP_20260402.csv,2025-08-05 06:12:06,0.0
GEOP_20260402.csv,2025-08-05 06:15:06,0.0
GEOP_20260402.csv,2025-08-05 06:18:06,0.0
GEOP_20260402.csv,2025-08-05 06:21:06,0.0
GEOP_20260402.csv,2025-08-05 06:24:06,0.0
GEOP_20260402.csv,2025-08-05 06:27:06,0.0
GEOP_20260402.csv,2025-08-05 06:30:06,0.0
GEOP_20260402.csv,2025-08-05 06:33:06,0.0
GEOP_20260402.csv,2025-08-05 06:36:06,0.0
GEOP_20260402.csv,2025-08-05 06:39:06,0.0
GEOP_20260402.csv,2025-08-05 06:42:06,0.0
GEOP_20260402.csv,2025-08-05 06:45:06,0.0
GEOP_20260402.csv,2025-08-05 06:48:06,0.0
GEOP_20260402.csv,2025-08-05 06:51:06,0.0
GEOP_20260402.csv,2025-08-05 06:54:06,0.0
GEOP_20260402.csv,2025-08-05 06:57:06,0.0
GEOP_20260402.csv,2025-08-05 07:00:06,0.0
GEOP_20260402.csv,2025-08-05 07:03:06,0.0
GEOP_20260402.csv,2025-08-05 07:06:06,0.0
GEOP_20260402.csv,2025-08-05 07:09:06,0.0
GEOP_20260402.csv,2025-08-05 07:12:06,0.0
GEOP_20260402.csv,2025-08-05 07:15:06,0.0
GEOP_20260402.csv,2025-08-05 07:18:06,0.0
GEOP_20260402.csv,2025-08-05 07:21:06,0.0
GEOP_20260402.csv,2025-08-05 07:24:05,0.0
GEOP_20260402.csv,2025-08-05 07:27:05,0.0
GEOP_20260402.csv,2025-08-05 07:30:05,0.0
GEOP_20260402.csv,2025-08-05 07:33:05,0.0
GEOP_20260402.csv,2025-08-05 07:36:05,0.0
GEOP_20260402.csv,2025-08-05 07:39:05,0.0
GEOP_20260402.csv,2025-08-05 07:42:05,0.0
GEOP_20260402.csv,2025-08-05 07:45:05,0.0
GEOP_20260402.csv,2025-08-05 07:48:05,0.0
GEOP_20260402.csv,2025-08-05 07:51:05,0.0
GEOP_20260402.csv,2025-08-05 07:54:05,0.0
GEOP_20260402.csv,2025-08-05 07:57:05,0.0
GEOP_20260402.csv,2025-08-05 08:00:05,0.0
GEOP_20260402.csv,2025-08-05 08:03:05,0.0
GEOP_20260402.csv,2025-08-05 08:06:05,0.0
GEOP_20260402.csv,2025-08-05 08:09:05,0.0
GEOP_20260402.csv,2025-08-05 08:12:05,0.0
GEOP_20260402.csv,2025-08-05 08:18:05,0.0
GEOP_20260402.csv,2025-08-05 08:21:05,0.0
GEOP_20260402.csv,2025-08-05 08:24:05,0.0
GEOP_20260402.csv,2025-08-05 08:27:05,0.0
GEOP_20260402.csv,2025-08-05 08:30:05,0.0
GEOP_20260402.csv,2025-08-05 08:33:05,0.0
GEOP_20260402.csv,2025-08-05 08:36:05,0.0
GEOP_20260402.csv,2025-08-05 08:39:05,0.0
GEOP_20260402.csv,2025-08-05 08:42:05,0.0
GEOP_20260402.csv,2025-08-05 08:45:05,0.0
GEOP_20260402.csv,2025-08-05 08:48:05,0.0
GEOP_20260402.csv,2025-08-05 08:51:05,0.0
GEOP_20260402.csv,2025-08-05 08:54:05,0.0
GEOP_20260402.csv,2025-08-05 08:57:05,0.0
GEOP_20260402.csv,2025-08-05 09:00:05,0.0
GEOP_20260402.csv,2025-08-05 09:03:05,0.0
GEOP_20260402.csv,2025-08-05 09:06:05,0.0
GEOP_20260402.csv,2025-08-05 09:09:05,0.0
GEOP_20260402.csv,2025-08-05 09:12:05,0.0
GEOP_20260402.csv,2025-08-05 09:15:05,0.0
GEOP_20260402.csv,2025-08-05 09:18:05,0.0
GEOP_20260402.csv,2025-08-05 09:21:05,0.0
GEOP_20260402.csv,2025-08-05 09:24:05,0.0
GEOP_20260402.csv,2025-08-05 09:27:05,0.0
GEOP_20260402.csv,2025-08-05 09:30:05,0.0
GEOP_20260402.csv,2025-08-05 09:33:05,0.0
GEOP_20260402.csv,2025-08-05 09:36:05,0.0
GEOP_20260402.csv,2025-08-05 09:39:05,0.0
GEOP_20260402.csv,2025-08-05 09:42:05,0.0
GEOP_20260402.csv,2025-08-05 09:45:05,0.0
GEOP_20260402.csv,2025-08-05 09:48:05,0.0
GEOP_20260402.csv,2025-08-05 09:51:05,0.0
GEOP_20260402.csv,2025-08-05 09:54:05,0.0
GEOP_20260402.csv,2025-08-05 09:57:05,0.0
GEOP_20260402.csv,2025-08-05 10:00:05,0.0
GEOP_20260402.csv,2025-08-05 10:03:05,0.0
GEOP_20260402.csv,2025-08-05 10:06:05,0.0
GEOP_20260402.csv,2025-08-05 10:09:05,0.0
GEOP_20260402.csv,2025-08-05 10:12:05,0.0
GEOP_20260402.csv,2025-08-05 10:15:05,0.0
GEOP_20260402.csv,2025-08-05 10:18:05,0.0
GEOP_20260402.csv,2025-08-05 10:21:05,0.0
GEOP_20260402.csv,2025-08-05 10:24:05,0.0
GEOP_20260402.csv,2025-08-05 10:27:05,0.0
GEOP_20260402.csv,2025-08-05 10:30:05,0.0
GEOP_20260402.csv,2025-08-05 10:33:05,0.0
GEOP_20260402.csv,2025-08-05 10:36:05,0.0
GEOP_20260402.csv,2025-08-05 10:39:05,0.0
GEOP_20260402.csv,2025-08-05 10:42:05,0.0
GEOP_20260402.csv,2025-08-05 10:45:05,0.0
GEOP_20260402.csv,2025-08-05 10:48:05,0.0
GEOP_20260402.csv,2025-08-05 10:51:05,0.0
GEOP_20260402.csv,2025-08-05 10:54:05,0.0
GEOP_20260402.csv,2025-08-05 10:57:05,0.0
GEOP_20260402.csv,2025-08-05 11:00:05,0.0
GEOP_20260402.csv,2025-08-05 11:03:05,0.0
GEOP_20260402.csv,2025-08-05 11:06:05,0.0
GEOP_20260402.csv,2025-08-05 11:09:05,0.0
GEOP_20260402.csv,2025-08-05 11:12:05,0.0
GEOP_20260402.csv,2025-08-05 11:15:05,0.0
GEOP_20260402.csv,2025-08-05 11:21:05,0.0
GEOP_20260402.csv,2025-08-05 11:24:05,0.0
GEOP_20260402.csv,2025-08-05 11:27:05,0.0
GEOP_20260402.csv,2025-08-05 11:30:05,0.0
GEOP_20260402.csv,2025-08-05 11:33:05,0.0
GEOP_20260402.csv,2025-08-05 11:36:05,0.0
GEOP_20260402.csv,2025-08-05 11:39:05,0.0
GEOP_20260402.csv,2025-08-05 11:42:05,0.0
GEOP_20260402.csv,2025-08-05 11:45:05,0.0
GEOP_20260402.csv,2025-08-05 11:48:05,0.0
GEOP_20260402.csv,2025-08-05 11:51:05,0.0
GEOP_20260402.csv,2025-08-05 11:54:05,0.0
GEOP_20260402.csv,2025-08-05 11:57:05,0.0
GEOP_20260402.csv,2025-08-05 12:00:05,0.0
GEOP_20260402.csv,2025-08-05 12:03:05,0.0
GEOP_20260402.csv,2025-08-05 12:06:05,0.0
GEOP_20260402.csv,2025-08-05 12:09:05,0.0
GEOP_20260402.csv,2025-08-05 12:12:05,0.0
GEOP_20260402.csv,2025-08-05 12:15:05,0.0
GEOP_20260402.csv,2025-08-05 12:18:05,0.0
GEOP_20260402.csv,2025-08-05 12:21:05,0.0
GEOP_20260402.csv,2025-08-05 12:24:05,0.0
GEOP_20260402.csv,2025-08-05 12:27:05,0.0
GEOP_20260402.csv,2025-08-05 12:30:05,0.0
GEOP_20260402.csv,2025-08-05 12:36:05,0.0
GEOP_20260402.csv,2025-08-05 12:39:05,0.0
GEOP_20260402.csv,2025-08-05 12:42:05,0.0
GEOP_20260402.csv,2025-08-05 12:45:05,0.0
GEOP_20260402.csv,2025-08-05 12:48:05,0.0
GEOP_20260402.csv,2025-08-05 12:51:05,0.0
GEOP_20260402.csv,2025-08-05 12:54:05,0.0
GEOP_20260402.csv,2025-08-05 12:57:05,0.0
GEOP_20260402.csv,2025-08-05 13:00:05,0.0
GEOP_20260402.csv,2025-08-05 13:03:05,0.0
GEOP_20260402.csv,2025-08-05 13:06:05,0.0
GEOP_20260402.csv,2025-08-05 13:09:05,0.0
GEOP_20260402.csv,2025-08-05 13:12:05,0.0
GEOP_20260402.csv,2025-08-05 13:15:05,0.0
GEOP_20260402.csv,2025-08-05 13:18:05,0.0
GEOP_20260402.csv,2025-08-05 13:21:05,0.0
GEOP_20260402.csv,2025-08-05 13:24:05,0.0
GEOP_20260402.csv,2025-08-05 13:27:05,0.0
GEOP_20260402.csv,2025-08-05 13:30:05,0.0
GEOP_20260402.csv,2025-08-05 13:33:05,0.0
GEOP_20260402.csv,2025-08-05 13:36:05,0.0
GEOP_20260402.csv,2025-08-05 13:39:05,0.0
GEOP_20260402.csv,2025-08-05 13:42:05,0.0
GEOP_20260402.csv,2025-08-05 13:45:05,0.0
GEOP_20260402.csv,2025-08-05 13:48:05,0.0
GEOP_20260402.csv,2025-08-05 13:51:05,0.0
GEOP_20260402.csv,2025-08-05 13:54:05,0.0
GEOP_20260402.csv,2025-08-05 13:57:05,0.0
GEOP_20260402.csv,2025-08-05 14:00:05,0.0
GEOP_20260402.csv,2025-08-05 14:03:05,0.0
GEOP_20260402.csv,2025-08-05 14:06:05,0.0
GEOP_20260402.csv,2025-08-05 14:09:05,0.0
GEOP_20260402.csv,2025-08-05 14:12:05,0.0
GEOP_20260402.csv,2025-08-05 14:15:05,0.0
GEOP_20260402.csv,2025-08-05 14:18:05,0.0
GEOP_20260402.csv,2025-08-05 14:21:05,0.0
GEOP_20260402.csv,2025-08-05 14:24:05,0.0
GEOP_20260402.csv,2025-08-05 14:27:05,0.0
GEOP_20260402.csv,2025-08-05 14:30:05,0.0
GEOP_20260402.csv,2025-08-05 14:33:05,0.0
GEOP_20260402.csv,2025-08-05 14:36:05,0.0
GEOP_20260402.csv,2025-08-05 14:39:05,0.0
GEOP_20260402.csv,2025-08-05 14:42:05,0.0
GEOP_20260402.csv,2025-08-05 14:45:05,0.0
GEOP_20260402.csv,2025-08-05 14:48:05,0.0
GEOP_20260402.csv,2025-08-05 14:51:05,0.0
GEOP_20260402.csv,2025-08-05 14:54:05,0.0
GEOP_20260402.csv,2025-08-05 14:57:05,0.0
GEOP_20260402.csv,2025-08-05 15:00:05,0.0
GEOP_20260402.csv,2025-08-05 15:03:05,0.0
GEOP_20260402.csv,2025-08-05 15:06:05,0.0
GEOP_20260402.csv,2025-08-05 15:09:05,0.0
GEOP_20260402.csv,2025-08-05 15:12:05,0.0
GEOP_20260402.csv,2025-08-05 15:15:05,0.0
GEOP_20260402.csv,2025-08-05 15:18:05,0.0
GEOP_20260402.csv,2025-08-05 15:21:05,0.0
GEOP_20260402.csv,2025-08-05 15:24:05,0.0
GEOP_20260402.csv,2025-08-05 15:27:05,0.0
GEOP_20260402.csv,2025-08-05 15:30:05,0.0
GEOP_20260402.csv,2025-08-05 15:33:05,0.0
GEOP_20260402.csv,2025-08-05 15:36:05,0.0
GEOP_20260402.csv,2025-08-05 15:39:05,0.0
GEOP_20260402.csv,2025-08-05 15:42:05,0.0
GEOP_20260402.csv,2025-08-05 15:45:05,0.0
GEOP_20260402.csv,2025-08-05 15:48:05,0.0
GEOP_20260402.csv,2025-08-05 15:51:05,0.0
GEOP_20260402.csv,2025-08-05 15:54:05,0.0
GEOP_20260402.csv,2025-08-05 15:57:05,0.0
GEOP_20260402.csv,2025-08-05 16:00:05,0.0
GEOP_20260402.csv,2025-08-05 16:03:05,0.0
GEOP_20260402.csv,2025-08-05 16:06:05,0.0
GEOP_20260402.csv,2025-08-05 16:09:05,0.0
GEOP_20260402.csv,2025-08-05 16:12:05,0.0
GEOP_20260402.csv,2025-08-05 16:15:05,0.0
GEOP_20260402.csv,2025-08-05 16:18:05,0.0
GEOP_20260402.csv,2025-08-05 16:21:05,0.0
GEOP_20260402.csv,2025-08-05 16:24:05,0.0
GEOP_20260402.csv,2025-08-05 16:27:05,0.0
GEOP_20260402.csv,2025-08-05 16:30:05,0.0
GEOP_20260402.csv,2025-08-05 16:33:05,0.0
GEOP_20260402.csv,2025-08-05 16:36:05,0.0
GEOP_20260402.csv,2025-08-05 16:39:05,0.0
GEOP_20260402.csv,2025-08-05 16:42:05,0.0
GEOP_20260402.csv,2025-08-05 16:45:05,0.0
GEOP_20260402.csv,2025-08-05 16:48:05,0.0
GEOP_20260402.csv,2025-08-05 16:51:05,0.0
GEOP_20260402.csv,2025-08-05 16:54:05,0.0
GEOP_20260402.csv,2025-08-05 16:57:05,0.0
GEOP_20260402.csv,2025-08-05 17:00:05,0.0
GEOP_20260402.csv,2025-08-05 17:03:05,0.0
GEOP_20260402.csv,2025-08-05 17:06:05,0.0
GEOP_20260402.csv,2025-08-05 17:09:05,0.0
GEOP_20260402.csv,2025-08-05 17:12:05,0.0
GEOP_20260402.csv,2025-08-05 17:15:05,0.0
GEOP_20260402.csv,2025-08-05 17:18:05,0.0
GEOP_20260402.csv,2025-08-05 17:21:05,0.0
GEOP_20260402.csv,2025-08-05 17:24:05,0.0
GEOP_20260402.csv,2025-08-05 17:27:05,0.0
GEOP_20260402.csv,2025-08-05 17:30:05,0.0
GEOP_20260402.csv,2025-08-05 17:33:05,0.0
GEOP_20260402.csv,2025-08-05 17:36:05,0.0
GEOP_20260402.csv,2025-08-05 17:39:04,0.0
GEOP_20260402.csv,2025-08-05 17:42:04,0.0
GEOP_20260402.csv,2025-08-05 17:45:05,0.0
GEOP_20260402.csv,2025-08-05 17:48:04,0.0
GEOP_20260402.csv,2025-08-05 17:51:05,0.0
GEOP_20260402.csv,2025-08-05 17:54:04,0.0
GEOP_20260402.csv,2025-08-05 17:57:04,0.0
GEOP_20260402.csv,2025-08-05 18:00:04,0.0
GEOP_20260402.csv,2025-08-05 18:03:04,0.0
GEOP_20260402.csv,2025-08-05 18:06:04,0.0
GEOP_20260402.csv,2025-08-05 18:09:04,0.0
GEOP_20260402.csv,2025-08-05 18:12:04,0.0
GEOP_20260402.csv,2025-08-05 18:15:04,0.0
GEOP_20260402.csv,2025-08-05 18:18:04,0.0
GEOP_20260402.csv,2025-08-05 18:21:04,0.0
GEOP_20260402.csv,2025-08-05 18:24:04,0.0
GEOP_20260402.csv,2025-08-05 18:27:04,0.0
GEOP_20260402.csv,2025-08-05 18:30:04,0.0
GEOP_20260402.csv,2025-08-05 18:33:04,0.0
GEOP_20260402.csv,2025-08-05 18:36:04,0.0
GEOP_20260402.csv,2025-08-05 18:39:04,0.0
GEOP_20260402.csv,2025-08-05 18:42:04,0.0
GEOP_20260402.csv,2025-08-05 18:45:04,0.0
GEOP_20260402.csv,2025-08-05 18:48:04,0.0
GEOP_20260402.csv,2025-08-05 18:51:04,0.0
GEOP_20260402.csv,2025-08-05 18:54:04,0.0
GEOP_20260402.csv,2025-08-05 18:57:04,0.0
GEOP_20260402.csv,2025-08-05 19:00:04,0.0
GEOP_20260402.csv,2025-08-05 19:03:04,0.0
GEOP_20260402.csv,2025-08-05 19:06:04,0.0
GEOP_20260402.csv,2025-08-05 19:09:04,0.0
GEOP_20260402.csv,2025-08-05 19:12:04,0.0
GEOP_20260402.csv,2025-08-05 19:15:04,0.0
GEOP_20260402.csv,2025-08-05 19:18:04,0.0
GEOP_20260402.csv,2025-08-05 19:21:04,0.0
GEOP_20260402.csv,2025-08-05 19:24:04,0.0
GEOP_20260402.csv,2025-08-05 19:27:04,0.0
GEOP_20260402.csv,2025-08-05 19:30:04,0.0
GEOP_20260402.csv,2025-08-05 19:33:04,0.0
GEOP_20260402.csv,2025-08-05 19:36:04,0.0
GEOP_20260402.csv,2025-08-05 19:39:04,0.0
GEOP_20260402.csv,2025-08-05 19:42:04,0.0
GEOP_20260402.csv,2025-08-05 19:45:04,0.0
GEOP_20260402.csv,2025-08-05 19:48:04,0.0
GEOP_20260402.csv,2025-08-05 19:51:04,0.0
GEOP_20260402.csv,2025-08-05 19:54:04,0.0
GEOP_20260402.csv,2025-08-05 19:57:04,0.0
GEOP_20260402.csv,2025-08-05 20:00:04,0.0
GEOP_20260402.csv,2025-08-05 20:03:04,0.0
GEOP_20260402.csv,2025-08-05 20:06:04,0.0
GEOP_20260402.csv,2025-08-05 20:09:04,0.0
GEOP_20260402.csv,2025-08-05 20:12:04,0.0
GEOP_20260402.csv,2025-08-05 20:15:04,0.0
GEOP_20260402.csv,2025-08-05 20:18:04,0.0
GEOP_20260402.csv,2025-08-05 20:21:04,0.0
GEOP_20260402.csv,2025-08-05 20:24:04,0.0
GEOP_20260402.csv,2025-08-05 20:27:04,0.0
GEOP_20260402.csv,2025-08-05 20:30:04,0.0
GEOP_20260402.csv,2025-08-05 20:33:04,0.0
GEOP_20260402.csv,2025-08-05 20:36:04,0.0
GEOP_20260402.csv,2025-08-05 20:39:04,0.0
GEOP_20260402.csv,2025-08-05 20:42:04,0.0
GEOP_20260402.csv,2025-08-05 20:45:04,0.0
GEOP_20260402.csv,2025-08-05 20:48:04,0.0
GEOP_20260402.csv,2025-08-05 20:51:04,0.0
GEOP_20260402.csv,2025-08-05 20:54:04,0.0
GEOP_20260402.csv,2025-08-05 20:57:04,0.0
GEOP_20260402.csv,2025-08-05 21:00:04,0.0
GEOP_20260402.csv,2025-08-05 21:03:04,0.0
GEOP_20260402.csv,2025-08-05 21:06:04,0.0
GEOP_20260402.csv,2025-08-05 21:09:04,0.0
GEOP_20260402.csv,2025-08-05 21:12:04,0.0
GEOP_20260402.csv,2025-08-05 21:15:04,0.0
GEOP_20260402.csv,2025-08-05 21:18:04,0.0
GEOP_20260402.csv,2025-08-05 21:21:04,0.0
GEOP_20260402.csv,2025-08-05 21:24:04,0.0
GEOP_20260402.csv,2025-08-05 21:27:04,0.0
GEOP_20260402.csv,2025-08-05 21:30:04,0.0
GEOP_20260402.csv,2025-08-05 21:33:04,0.0
GEOP_20260402.csv,2025-08-05 21:36:04,0.0
GEOP_20260402.csv,2025-08-05 21:39:04,0.0
GEOP_20260402.csv,2025-08-05 21:42:04,0.0
GEOP_20260402.csv,2025-08-05 21:45:04,0.0
GEOP_20260402.csv,2025-08-05 21:48:04,0.0
GEOP_20260402.csv,2025-08-05 21:51:04,0.0
GEOP_20260402.csv,2025-08-05 21:54:04,0.0
GEOP_20260402.csv,2025-08-05 21:57:04,0.0
GEOP_20260402.csv,2025-08-05 22:00:04,0.0
GEOP_20260402.csv,2025-08-05 22:03:04,0.0
GEOP_20260402.csv,2025-08-05 22:06:04,0.0
GEOP_20260402.csv,2025-08-05 22:09:04,0.0
GEOP_20260402.csv,2025-08-05 22:12:04,0.0
GEOP_20260402.csv,2025-08-05 22:15:04,0.0
GEOP_20260402.csv,2025-08-05 22:18:04,0.0
GEOP_20260402.csv,2025-08-05 22:21:04,0.0
GEOP_20260402.csv,2025-08-05 22:24:04,0.0
GEOP_20260402.csv,2025-08-05 22:27:04,0.0
GEOP_20260402.csv,2025-08-05 22:30:04,0.0
GEOP_20260402.csv,2025-08-05 22:33:04,0.0
GEOP_20260402.csv,2025-08-05 22:36:04,0.0
GEOP_20260402.csv,2025-08-05 22:39:04,0.0
GEOP_20260402.csv,2025-08-05 22:42:04,0.0
GEOP_20260402.csv,2025-08-05 22:45:04,0.0
GEOP_20260402.csv,2025-08-05 22:48:04,0.0
GEOP_20260402.csv,2025-08-05 22:51:04,0.0
GEOP_20260402.csv,2025-08-05 22:54:04,0.0
GEOP_20260402.csv,2025-08-05 22:57:04,0.0
GEOP_20260402.csv,2025-08-05 23:00:04,0.0
GEOP_20260402.csv,2025-08-05 23:03:04,0.0
GEOP_20260402.csv,2025-08-05 23:06:04,0.0
GEOP_20260402.csv,2025-08-05 23:09:04,0.0
GEOP_20260402.csv,2025-08-05 23:12:04,0.0
GEOP_20260402.csv,2025-08-05 23:15:04,0.0
GEOP_20260402.csv,2025-08-05 23:18:04,0.0
GEOP_20260402.csv,2025-08-05 23:21:04,0.0
GEOP_20260402.csv,2025-08-05 23:24:04,0.0
GEOP_20260402.csv,2025-08-05 23:27:04,0.0
GEOP_20260402.csv,2025-08-05 23:30:04,0.0
GEOP_20260402.csv,2025-08-05 23:33:04,0.0
GEOP_20260402.csv,2025-08-05 23:36:04,0.0
GEOP_20260402.csv,2025-08-05 23:39:04,0.0
GEOP_20260402.csv,2025-08-05 23:42:04,0.0
GEOP_20260402.csv,2025-08-05 23:45:04,0.0
GEOP_20260402.csv,2025-08-05 23:48:04,0.0
GEOP_20260402.csv,2025-08-05 23:51:04,0.0
GEOP_20260402.csv,2025-08-05 23:54:04,0.0
GEOP_20260402.csv,2025-08-05 23:57:04,0.0
GEOP_20260402.csv,2025-08-06 00:00:04,0.0
GEOP_20260402.csv,2025-08-06 00:03:04,0.0
GEOP_20260402.csv,2025-08-06 00:06:04,0.0
GEOP_20260402.csv,2025-08-06 00:09:04,0.0
GEOP_20260402.csv,2025-08-06 00:12:04,0.0
GEOP_20260402.csv,2025-08-06 00:15:04,0.0
GEOP_20260402.csv,2025-08-06 00:18:04,0.0
GEOP_20260402.csv,2025-08-06 00:21:04,0.0
GEOP_20260402.csv,2025-08-06 00:24:04,0.0
GEOP_20260402.csv,2025-08-06 00:27:04,0.0
GEOP_20260402.csv,2025-08-06 00:30:04,0.0
GEOP_20260402.csv,2025-08-06 00:33:04,0.0
GEOP_20260402.csv,2025-08-06 00:36:04,0.0
GEOP_20260402.csv,2025-08-06 00:39:04,0.0
GEOP_20260402.csv,2025-08-06 00:42:04,0.0
GEOP_20260402.csv,2025-08-06 00:45:04,0.0
GEOP_20260402.csv,2025-08-06 00:48:04,0.0
GEOP_20260402.csv,2025-08-06 00:51:04,0.0
GEOP_20260402.csv,2025-08-06 00:54:04,0.0
GEOP_20260402.csv,2025-08-06 00:57:04,0.0
GEOP_20260402.csv,2025-08-06 01:00:04,0.0
GEOP_20260402.csv,2025-08-06 01:03:04,0.0
GEOP_20260402.csv,2025-08-06 01:06:04,0.0
GEOP_20260402.csv,2025-08-06 01:09:04,0.0
GEOP_20260402.csv,2025-08-06 01:12:04,0.0
GEOP_20260402.csv,2025-08-06 01:15:04,0.0
GEOP_20260402.csv,2025-08-06 01:18:04,0.0
GEOP_20260402.csv,2025-08-06 01:21:04,0.0
GEOP_20260402.csv,2025-08-06 01:24:04,0.0
GEOP_20260402.csv,2025-08-06 01:27:04,0.0
GEOP_20260402.csv,2025-08-06 01:30:04,0.0
GEOP_20260402.csv,2025-08-06 01:33:04,0.0
GEOP_20260402.csv,2025-08-06 01:36:04,0.0
GEOP_20260402.csv,2025-08-06 01:39:04,0.0
GEOP_20260402.csv,2025-08-06 01:42:04,0.0
GEOP_20260402.csv,2025-08-06 01:45:04,0.0
GEOP_20260402.csv,2025-08-06 01:48:04,0.0
GEOP_20260402.csv,2025-08-06 01:51:04,0.0
GEOP_20260402.csv,2025-08-06 01:54:04,0.0
GEOP_20260402.csv,2025-08-06 01:57:04,0.0
GEOP_20260402.csv,2025-08-06 02:00:04,0.0
GEOP_20260402.csv,2025-08-06 02:03:04,0.0
GEOP_20260402.csv,2025-08-06 02:06:04,0.0
GEOP_20260402.csv,2025-08-06 02:09:04,0.0
GEOP_20260402.csv,2025-08-06 02:12:04,0.0
GEOP_20260402.csv,2025-08-06 02:15:04,0.0
GEOP_20260402.csv,2025-08-06 02:18:04,0.0
GEOP_20260402.csv,2025-08-06 02:21:04,0.0
GEOP_20260402.csv,2025-08-06 02:24:04,0.0
GEOP_20260402.csv,2025-08-06 02:27:04,0.0
GEOP_20260402.csv,2025-08-06 02:30:04,0.0
GEOP_20260402.csv,2025-08-06 02:33:04,0.0
GEOP_20260402.csv,2025-08-06 02:36:04,0.0
GEOP_20260402.csv,2025-08-06 02:39:04,0.0
GEOP_20260402.csv,2025-08-06 02:42:04,0.0
GEOP_20260402.csv,2025-08-06 02:45:04,0.0
GEOP_20260402.csv,2025-08-06 02:48:04,0.0
GEOP_20260402.csv,2025-08-06 02:51:04,0.0
GEOP_20260402.csv,2025-08-06 02:54:04,0.0
GEOP_20260402.csv,2025-08-06 02:57:04,0.0
GEOP_20260402.csv,2025-08-06 03:03:04,0.0
GEOP_20260402.csv,2025-08-06 03:06:03,0.0
GEOP_20260402.csv,2025-08-06 03:09:03,0.0
GEOP_20260402.csv,2025-08-06 03:12:03,0.0
GEOP_20260402.csv,2025-08-06 03:15:03,0.0
GEOP_20260402.csv,2025-08-06 03:18:03,0.0
GEOP_20260402.csv,2025-08-06 03:21:03,0.0
GEOP_20260402.csv,2025-08-06 03:24:03,0.0
GEOP_20260402.csv,2025-08-06 03:27:03,0.0
GEOP_20260402.csv,2025-08-06 03:30:03,0.0
GEOP_20260402.csv,2025-08-06 03:33:03,0.0
GEOP_20260402.csv,2025-08-06 03:36:03,0.0
GEOP_20260402.csv,2025-08-06 03:39:03,0.0
GEOP_20260402.csv,2025-08-06 03:42:03,0.0
GEOP_20260402.csv,2025-08-06 03:45:03,0.0
GEOP_20260402.csv,2025-08-06 03:48:03,0.0
GEOP_20260402.csv,2025-08-06 03:51:03,0.0
GEOP_20260402.csv,2025-08-06 03:54:03,0.0
GEOP_20260402.csv,2025-08-06 03:57:03,0.0
GEOP_20260402.csv,2025-08-06 04:00:03,0.0
GEOP_20260402.csv,2025-08-06 04:03:03,0.0
GEOP_20260402.csv,2025-08-06 04:06:03,0.0
GEOP_20260402.csv,2025-08-06 04:09:03,0.0
GEOP_20260402.csv,2025-08-06 04:12:03,0.0
GEOP_20260402.csv,2025-08-06 04:15:03,0.0
GEOP_20260402.csv,2025-08-06 04:18:03,0.0
GEOP_20260402.csv,2025-08-06 04:21:03,0.0
GEOP_20260402.csv,2025-08-06 04:24:03,0.0
GEOP_20260402.csv,2025-08-06 04:27:03,0.0
GEOP_20260402.csv,2025-08-06 04:30:03,0.0
GEOP_20260402.csv,2025-08-06 04:33:03,0.0
GEOP_20260402.csv,2025-08-06 04:36:03,0.0
GEOP_20260402.csv,2025-08-06 04:39:03,0.0
GEOP_20260402.csv,2025-08-06 04:42:03,0.0
GEOP_20260402.csv,2025-08-06 04:45:03,0.0
GEOP_20260402.csv,2025-08-06 04:48:03,0.0
GEOP_20260402.csv,2025-08-06 04:51:03,0.0
GEOP_20260402.csv,2025-08-06 04:54:03,0.0
GEOP_20260402.csv,2025-08-06 04:57:03,0.0
GEOP_20260402.csv,2025-08-06 05:00:03,0.0
GEOP_20260402.csv,2025-08-06 05:03:03,0.0
GEOP_20260402.csv,2025-08-06 05:06:03,0.0
GEOP_20260402.csv,2025-08-06 05:09:03,0.0
GEOP_20260402.csv,2025-08-06 05:12:03,0.0
GEOP_20260402.csv,2025-08-06 05:15:03,0.0
GEOP_20260402.csv,2025-08-06 05:18:03,0.0
GEOP_20260402.csv,2025-08-06 05:21:03,0.0
GEOP_20260402.csv,2025-08-06 05:24:03,0.0
GEOP_20260402.csv,2025-08-06 05:27:03,0.0
GEOP_20260402.csv,2025-08-06 05:30:03,0.0
GEOP_20260402.csv,2025-08-06 05:33:03,0.0
GEOP_20260402.csv,2025-08-06 05:36:03,0.0
GEOP_20260402.csv,2025-08-06 05:39:03,0.0
GEOP_20260402.csv,2025-08-06 05:42:03,0.0
GEOP_20260402.csv,2025-08-06 05:45:03,0.0
GEOP_20260402.csv,2025-08-06 05:48:03,0.0
GEOP_20260402.csv,2025-08-06 05:51:03,0.0
GEOP_20260402.csv,2025-08-06 05:54:03,0.0
GEOP_20260402.csv,2025-08-06 05:57:03,0.0
GEOP_20260402.csv,2025-08-06 06:00:03,0.0
GEOP_20260402.csv,2025-08-06 06:03:03,0.0
GEOP_20260402.csv,2025-08-06 06:06:03,0.0
GEOP_20260402.csv,2025-08-06 06:09:03,0.0
GEOP_20260402.csv,2025-08-06 06:12:03,0.0
GEOP_20260402.csv,2025-08-06 06:15:03,0.0
GEOP_20260402.csv,2025-08-06 06:18:03,0.0
GEOP_20260402.csv,2025-08-06 06:21:03,0.0
GEOP_20260402.csv,2025-08-06 06:24:03,0.0
GEOP_20260402.csv,2025-08-06 06:27:03,0.0
GEOP_20260402.csv,2025-08-06 06:30:03,0.0
GEOP_20260402.csv,2025-08-06 06:33:03,0.0
GEOP_20260402.csv,2025-08-06 06:36:03,0.0
GEOP_20260402.csv,2025-08-06 06:39:03,0.0
GEOP_20260402.csv,2025-08-06 06:42:03,0.0
GEOP_20260402.csv,2025-08-06 06:45:03,0.0
GEOP_20260402.csv,2025-08-06 06:48:03,0.0
GEOP_20260402.csv,2025-08-06 06:51:03,0.0
GEOP_20260402.csv,2025-08-06 06:54:03,0.0
GEOP_20260402.csv,2025-08-06 06:57:03,0.0
GEOP_20260402.csv,2025-08-06 07:00:03,0.0
GEOP_20260402.csv,2025-08-06 07:03:03,0.0
GEOP_20260402.csv,2025-08-06 07:06:03,0.0
GEOP_20260402.csv,2025-08-06 07:09:03,0.0
GEOP_20260402.csv,2025-08-06 07:12:03,0.0
GEOP_20260402.csv,2025-08-06 07:15:03,0.0
GEOP_20260402.csv,2025-08-06 07:18:03,0.0
GEOP_20260402.csv,2025-08-06 07:21:03,0.0
GEOP_20260402.csv,2025-08-06 07:24:03,0.0
GEOP_20260402.csv,2025-08-06 07:27:03,0.0
GEOP_20260402.csv,2025-08-06 07:30:03,0.0
GEOP_20260402.csv,2025-08-06 07:33:03,0.0
GEOP_20260402.csv,2025-08-06 07:36:03,0.0
GEOP_20260402.csv,2025-08-06 07:39:03,0.0
GEOP_20260402.csv,2025-08-06 07:42:03,0.0
GEOP_20260402.csv,2025-08-06 07:45:03,0.0
GEOP_20260402.csv,2025-08-06 07:48:03,0.0
GEOP_20260402.csv,2025-08-06 07:51:03,0.0
GEOP_20260402.csv,2025-08-06 07:54:03,0.0
GEOP_20260402.csv,2025-08-06 07:57:03,0.0
GEOP_20260402.csv,2025-08-06 08:00:03,0.0
GEOP_20260402.csv,2025-08-06 08:03:03,0.0
GEOP_20260402.csv,2025-08-06 08:06:03,0.0
GEOP_20260402.csv,2025-08-06 08:09:03,0.0
GEOP_20260402.csv,2025-08-06 08:12:03,0.0
GEOP_20260402.csv,2025-08-06 08:15:03,0.0
GEOP_20260402.csv,2025-08-06 08:18:03,0.0
GEOP_20260402.csv,2025-08-06 08:21:03,0.0
GEOP_20260402.csv,2025-08-06 08:24:03,0.0
GEOP_20260402.csv,2025-08-06 08:27:03,0.0
GEOP_20260402.csv,2025-08-06 08:30:03,0.0
GEOP_20260402.csv,2025-08-06 08:33:03,0.0
GEOP_20260402.csv,2025-08-06 08:36:03,0.0
GEOP_20260402.csv,2025-08-06 08:39:03,0.0
GEOP_20260402.csv,2025-08-06 08:42:03,0.0
GEOP_20260402.csv,2025-08-06 08:45:03,0.0
GEOP_20260402.csv,2025-08-06 08:48:03,0.0
GEOP_20260402.csv,2025-08-06 08:51:03,0.0
GEOP_20260402.csv,2025-08-06 08:54:03,0.0
GEOP_20260402.csv,2025-08-06 08:57:03,0.0
GEOP_20260402.csv,2025-08-06 09:00:03,0.0
GEOP_20260402.csv,2025-08-06 09:03:03,0.0
GEOP_20260402.csv,2025-08-06 09:06:03,0.0
GEOP_20260402.csv,2025-08-06 09:09:03,0.0
GEOP_20260402.csv,2025-08-06 09:12:03,0.0
GEOP_20260402.csv,2025-08-06 09:15:03,0.0
GEOP_20260402.csv,2025-08-06 09:18:03,0.0
GEOP_20260402.csv,2025-08-06 09:21:03,0.0
GEOP_20260402.csv,2025-08-06 09:24:03,0.0
GEOP_20260402.csv,2025-08-06 09:27:03,0.0
GEOP_20260402.csv,2025-08-06 09:30:03,0.0
GEOP_20260402.csv,2025-08-06 09:33:03,0.0
GEOP_20260402.csv,2025-08-06 09:36:03,0.0
GEOP_20260402.csv,2025-08-06 09:39:03,0.0
GEOP_20260402.csv,2025-08-06 09:42:03,0.0
GEOP_20260402.csv,2025-08-06 09:45:03,0.0
GEOP_20260402.csv,2025-08-06 09:48:03,0.0
GEOP_20260402.csv,2025-08-06 09:51:03,0.0
GEOP_20260402.csv,2025-08-06 09:54:03,0.0
GEOP_20260402.csv,2025-08-06 09:57:03,0.0
GEOP_20260402.csv,2025-08-06 10:00:03,0.0
GEOP_20260402.csv,2025-08-06 10:03:03,0.0
GEOP_20260402.csv,2025-08-06 10:06:03,0.0
GEOP_20260402.csv,2025-08-06 10:09:03,0.0
GEOP_20260402.csv,2025-08-06 10:12:03,0.0
GEOP_20260402.csv,2025-08-06 10:15:03,0.0
GEOP_20260402.csv,2025-08-06 10:18:03,0.0
GEOP_20260402.csv,2025-08-06 10:21:03,0.0
GEOP_20260402.csv,2025-08-06 10:24:03,0.0
GEOP_20260402.csv,2025-08-06 10:27:03,0.0
GEOP_20260402.csv,2025-08-06 10:30:03,0.0
GEOP_20260402.csv,2025-08-06 10:33:03,0.0
GEOP_20260402.csv,2025-08-06 10:36:03,0.0
GEOP_20260402.csv,2025-08-06 10:39:03,0.0
GEOP_20260402.csv,2025-08-06 10:42:03,0.0
GEOP_20260402.csv,2025-08-06 10:45:03,0.0
GEOP_20260402.csv,2025-08-06 10:48:03,0.0
GEOP_20260402.csv,2025-08-06 10:51:03,0.0
GEOP_20260402.csv,2025-08-06 10:54:03,0.0
GEOP_20260402.csv,2025-08-06 10:57:03,0.0
GEOP_20260402.csv,2025-08-06 11:00:03,0.0
GEOP_20260402.csv,2025-08-06 11:03:03,0.0
GEOP_20260402.csv,2025-08-06 11:06:03,0.0
GEOP_20260402.csv,2025-08-06 11:09:03,0.0
GEOP_20260402.csv,2025-08-06 11:12:03,0.0
GEOP_20260402.csv,2025-08-06 11:15:03,0.0
GEOP_20260402.csv,2025-08-06 11:18:03,0.0
GEOP_20260402.csv,2025-08-06 11:21:03,0.0
GEOP_20260402.csv,2025-08-06 11:24:03,0.0
GEOP_20260402.csv,2025-08-06 11:27:03,0.0
GEOP_20260402.csv,2025-08-06 11:30:03,0.0
GEOP_20260402.csv,2025-08-06 11:33:03,0.0
GEOP_20260402.csv,2025-08-06 11:36:03,0.0
GEOP_20260402.csv,2025-08-06 11:39:03,0.0
GEOP_20260402.csv,2025-08-06 11:42:03,0.0
GEOP_20260402.csv,2025-08-06 11:45:03,0.0
GEOP_20260402.csv,2025-08-06 11:48:03,0.0
GEOP_20260402.csv,2025-08-06 11:51:03,0.0
GEOP_20260402.csv,2025-08-06 11:54:03,0.0
GEOP_20260402.csv,2025-08-06 11:57:03,0.0
GEOP_20260402.csv,2025-08-06 12:00:03,0.0
GEOP_20260402.csv,2025-08-06 12:03:03,0.0
GEOP_20260402.csv,2025-08-06 12:06:03,0.0
GEOP_20260402.csv,2025-08-06 12:09:03,0.0
GEOP_20260402.csv,2025-08-06 12:12:03,0.0
GEOP_20260402.csv,2025-08-06 12:15:03,0.0
GEOP_20260402.csv,2025-08-06 12:18:03,0.0
GEOP_20260402.csv,2025-08-06 12:21:03,0.0
GEOP_20260402.csv,2025-08-06 12:24:03,0.0
GEOP_20260402.csv,2025-08-06 12:27:03,0.0
GEOP_20260402.csv,2025-08-06 12:30:03,0.0
GEOP_20260402.csv,2025-08-06 12:33:03,0.0
GEOP_20260402.csv,2025-08-06 12:36:03,0.0
GEOP_20260402.csv,2025-08-06 12:39:02,0.0
GEOP_20260402.csv,2025-08-06 12:42:03,0.0
GEOP_20260402.csv,2025-08-06 12:45:02,0.0
GEOP_20260402.csv,2025-08-06 12:48:02,0.0
GEOP_20260402.csv,2025-08-06 12:51:02,0.0
GEOP_20260402.csv,2025-08-06 12:54:02,0.0
GEOP_20260402.csv,2025-08-06 12:57:02,0.0
GEOP_20260402.csv,2025-08-06 13:00:02,0.0
GEOP_20260402.csv,2025-08-06 13:03:02,0.0
GEOP_20260402.csv,2025-08-06 13:06:02,0.0
GEOP_20260402.csv,2025-08-06 13:09:02,0.0
GEOP_20260402.csv,2025-08-06 13:12:02,0.0
GEOP_20260402.csv,2025-08-06 13:15:02,0.0
GEOP_20260402.csv,2025-08-06 13:18:02,0.0
GEOP_20260402.csv,2025-08-06 13:21:02,0.0
GEOP_20260402.csv,2025-08-06 13:24:02,0.0
GEOP_20260402.csv,2025-08-06 13:27:02,0.0
GEOP_20260402.csv,2025-08-06 13:30:02,0.0
GEOP_20260402.csv,2025-08-06 13:33:02,0.0
GEOP_20260402.csv,2025-08-06 13:36:02,0.0
GEOP_20260402.csv,2025-08-06 13:39:02,0.0
GEOP_20260402.csv,2025-08-06 13:42:02,0.0
GEOP_20260402.csv,2025-08-06 13:45:02,0.0
GEOP_20260402.csv,2025-08-06 13:48:02,0.0
GEOP_20260402.csv,2025-08-06 13:51:02,0.0
GEOP_20260402.csv,2025-08-06 13:54:02,0.0
GEOP_20260402.csv,2025-08-06 13:57:02,0.0
GEOP_20260402.csv,2025-08-06 14:00:02,0.0
GEOP_20260402.csv,2025-08-06 14:03:02,0.0
GEOP_20260402.csv,2025-08-06 14:06:02,0.0
GEOP_20260402.csv,2025-08-06 14:09:02,0.0
GEOP_20260402.csv,2025-08-06 14:12:02,0.0
GEOP_20260402.csv,2025-08-06 14:18:02,0.0
GEOP_20260402.csv,2025-08-06 14:21:02,0.0
GEOP_20260402.csv,2025-08-06 14:24:02,0.0
GEOP_20260402.csv,2025-08-06 14:27:02,0.0
GEOP_20260402.csv,2025-08-06 14:30:02,0.0
GEOP_20260402.csv,2025-08-06 14:33:02,0.0
GEOP_20260402.csv,2025-08-06 14:36:02,0.0
GEOP_20260402.csv,2025-08-06 14:39:02,0.0
GEOP_20260402.csv,2025-08-06 14:42:02,0.0
GEOP_20260402.csv,2025-08-06 14:45:02,0.0
GEOP_20260402.csv,2025-08-06 14:48:02,0.0
GEOP_20260402.csv,2025-08-06 14:51:02,0.0
GEOP_20260402.csv,2025-08-06 14:54:02,0.0
GEOP_20260402.csv,2025-08-06 14:57:02,0.0
GEOP_20260402.csv,2025-08-06 15:00:02,0.0
GEOP_20260402.csv,2025-08-06 15:03:02,0.0
GEOP_20260402.csv,2025-08-06 15:06:02,0.0
GEOP_20260402.csv,2025-08-06 15:09:02,0.0
GEOP_20260402.csv,2025-08-06 15:12:02,0.0
GEOP_20260402.csv,2025-08-06 15:15:02,0.0
GEOP_20260402.csv,2025-08-06 15:18:02,0.0
GEOP_20260402.csv,2025-08-06 15:21:02,0.0
GEOP_20260402.csv,2025-08-06 15:24:02,0.0
GEOP_20260402.csv,2025-08-06 15:27:02,0.0
GEOP_20260402.csv,2025-08-06 15:30:02,0.0
GEOP_20260402.csv,2025-08-06 15:33:02,0.0
GEOP_20260402.csv,2025-08-06 15:36:02,0.0
GEOP_20260402.csv,2025-08-06 15:39:02,0.0
GEOP_20260402.csv,2025-08-06 15:42:02,0.0
GEOP_20260402.csv,2025-08-06 15:45:02,0.0
GEOP_20260402.csv,2025-08-06 15:48:02,0.0
GEOP_20260402.csv,2025-08-06 15:51:02,0.0
GEOP_20260402.csv,2025-08-06 15:54:02,0.0
GEOP_20260402.csv,2025-08-06 15:57:02,0.0
GEOP_20260402.csv,2025-08-06 16:00:02,0.0
GEOP_20260402.csv,2025-08-06 16:03:02,0.0
GEOP_20260402.csv,2025-08-06 16:06:02,0.0
GEOP_20260402.csv,2025-08-06 16:09:02,0.0
GEOP_20260402.csv,2025-08-06 16:12:02,0.0
GEOP_20260402.csv,2025-08-06 16:15:02,0.0
GEOP_20260402.csv,2025-08-06 16:18:02,0.0
GEOP_20260402.csv,2025-08-06 16:21:02,0.0
GEOP_20260402.csv,2025-08-06 16:24:02,0.0
GEOP_20260402.csv,2025-08-06 16:27:02,0.0
GEOP_20260402.csv,2025-08-06 16:30:02,0.0
GEOP_20260402.csv,2025-08-06 16:33:02,0.0
GEOP_20260402.csv,2025-08-06 16:36:02,0.0
GEOP_20260402.csv,2025-08-06 16:39:02,0.0
GEOP_20260402.csv,2025-08-06 16:42:02,0.0
GEOP_20260402.csv,2025-08-06 16:45:02,0.0
GEOP_20260402.csv,2025-08-06 16:48:02,0.0
GEOP_20260402.csv,2025-08-06 16:51:02,0.0
GEOP_20260402.csv,2025-08-06 16:54:02,0.0
GEOP_20260402.csv,2025-08-06 16:57:02,0.0
GEOP_20260402.csv,2025-08-06 17:00:02,0.0
GEOP_20260402.csv,2025-08-06 17:03:02,0.0
GEOP_20260402.csv,2025-08-06 17:06:02,0.0
GEOP_20260402.csv,2025-08-06 17:09:02,0.0
GEOP_20260402.csv,2025-08-06 17:12:02,0.0
GEOP_20260402.csv,2025-08-06 17:15:02,0.0
GEOP_20260402.csv,2025-08-06 17:18:02,0.0
GEOP_20260402.csv,2025-08-06 17:21:02,0.0
GEOP_20260402.csv,2025-08-06 17:24:02,0.0
GEOP_20260402.csv,2025-08-06 17:27:02,0.0
GEOP_20260402.csv,2025-08-06 17:33:02,0.0
GEOP_20260402.csv,2025-08-06 17:36:02,0.0
GEOP_20260402.csv,2025-08-06 17:39:02,0.0
GEOP_20260402.csv,2025-08-06 17:42:02,0.0
GEOP_20260402.csv,2025-08-06 17:45:02,0.0
GEOP_20260402.csv,2025-08-06 17:48:02,0.0
GEOP_20260402.csv,2025-08-06 17:51:02,0.0
GEOP_20260402.csv,2025-08-06 17:54:02,0.0
GEOP_20260402.csv,2025-08-06 17:57:02,0.0
GEOP_20260402.csv,2025-08-06 18:00:02,0.0
GEOP_20260402.csv,2025-08-06 18:03:02,0.0
GEOP_20260402.csv,2025-08-06 18:06:02,0.0
GEOP_20260402.csv,2025-08-06 18:09:02,0.0
GEOP_20260402.csv,2025-08-06 18:12:02,0.0
GEOP_20260402.csv,2025-08-06 18:15:02,0.0
GEOP_20260402.csv,2025-08-06 18:18:02,0.0
GEOP_20260402.csv,2025-08-06 18:21:02,0.0
GEOP_20260402.csv,2025-08-06 18:24:02,0.0
GEOP_20260402.csv,2025-08-06 18:27:02,0.0
GEOP_20260402.csv,2025-08-06 18:30:02,0.0
GEOP_20260402.csv,2025-08-06 18:33:02,0.0
GEOP_20260402.csv,2025-08-06 18:36:02,0.0
GEOP_20260402.csv,2025-08-06 18:39:02,0.0
GEOP_20260402.csv,2025-08-06 18:42:02,0.0
GEOP_20260402.csv,2025-08-06 18:45:02,0.0
GEOP_20260402.csv,2025-08-06 18:48:02,0.0
GEOP_20260402.csv,2025-08-06 18:51:02,0.0
GEOP_20260402.csv,2025-08-06 18:54:02,0.0
GEOP_20260402.csv,2025-08-06 18:57:02,0.0
GEOP_20260402.csv,2025-08-06 19:00:02,0.0
GEOP_20260402.csv,2025-08-06 19:03:02,0.0
GEOP_20260402.csv,2025-08-06 19:06:02,0.0
GEOP_20260402.csv,2025-08-06 19:09:02,0.0
GEOP_20260402.csv,2025-08-06 19:12:02,0.0
GEOP_20260402.csv,2025-08-06 19:15:02,0.0
GEOP_20260402.csv,2025-08-06 19:18:02,0.0
GEOP_20260402.csv,2025-08-06 19:21:02,0.0
GEOP_20260402.csv,2025-08-06 19:24:02,0.0
GEOP_20260402.csv,2025-08-06 19:27:02,0.0
GEOP_20260402.csv,2025-08-06 19:30:02,0.0
GEOP_20260402.csv,2025-08-06 19:33:02,0.0
GEOP_20260402.csv,2025-08-06 19:36:02,0.0
GEOP_20260402.csv,2025-08-06 19:39:02,0.0
GEOP_20260402.csv,2025-08-06 19:42:02,0.0
GEOP_20260402.csv,2025-08-06 19:45:02,0.0
GEOP_20260402.csv,2025-08-06 19:48:02,0.0
GEOP_20260402.csv,2025-08-06 19:51:02,0.0
GEOP_20260402.csv,2025-08-06 19:54:02,0.0
GEOP_20260402.csv,2025-08-06 19:57:02,0.0
GEOP_20260402.csv,2025-08-06 20:00:02,0.0
GEOP_20260402.csv,2025-08-06 20:03:02,0.0
GEOP_20260402.csv,2025-08-06 20:06:02,0.0
GEOP_20260402.csv,2025-08-06 20:09:02,0.0
GEOP_20260402.csv,2025-08-06 20:12:02,0.0
GEOP_20260402.csv,2025-08-06 20:15:02,0.0
GEOP_20260402.csv,2025-08-06 20:18:02,0.0
GEOP_20260402.csv,2025-08-06 20:21:02,0.0
GEOP_20260402.csv,2025-08-06 20:24:02,0.0
GEOP_20260402.csv,2025-08-06 20:27:02,0.0
GEOP_20260402.csv,2025-08-06 20:30:02,0.0
GEOP_20260402.csv,2025-08-06 20:33:02,0.0
GEOP_20260402.csv,2025-08-06 20:36:02,0.0
GEOP_20260402.csv,2025-08-06 20:39:02,0.0
GEOP_20260402.csv,2025-08-06 20:42:02,0.0
GEOP_20260402.csv,2025-08-06 20:45:02,0.0
GEOP_20260402.csv,2025-08-06 20:48:02,0.0
GEOP_20260402.csv,2025-08-06 20:51:02,0.0
GEOP_20260402.csv,2025-08-06 20:54:02,0.0
GEOP_20260402.csv,2025-08-06 20:57:02,0.0
GEOP_20260402.csv,2025-08-06 21:00:02,0.0
GEOP_20260402.csv,2025-08-06 21:03:02,0.0
GEOP_20260402.csv,2025-08-06 21:06:02,0.0
GEOP_20260402.csv,2025-08-06 21:09:02,0.0
GEOP_20260402.csv,2025-08-06 21:12:02,0.0
GEOP_20260402.csv,2025-08-06 21:15:02,0.0
GEOP_20260402.csv,2025-08-06 21:18:02,0.0
GEOP_20260402.csv,2025-08-06 21:21:02,0.0
GEOP_20260402.csv,2025-08-06 21:24:02,0.0
GEOP_20260402.csv,2025-08-06 21:27:02,0.0
GEOP_20260402.csv,2025-08-06 21:30:02,0.0
GEOP_20260402.csv,2025-08-06 21:33:02,0.0
GEOP_20260402.csv,2025-08-06 21:36:02,0.0
GEOP_20260402.csv,2025-08-06 21:39:02,0.0
GEOP_20260402.csv,2025-08-06 21:42:02,0.0
GEOP_20260402.csv,2025-08-06 21:45:02,0.0
GEOP_20260402.csv,2025-08-06 21:48:02,0.0
GEOP_20260402.csv,2025-08-06 21:51:02,0.0
GEOP_20260402.csv,2025-08-06 21:54:01,0.0
GEOP_20260402.csv,2025-08-06 21:57:02,0.0
GEOP_20260402.csv,2025-08-06 22:00:02,0.0
GEOP_20260402.csv,2025-08-06 22:03:02,0.0
GEOP_20260402.csv,2025-08-06 22:06:01,0.0
GEOP_20260402.csv,2025-08-06 22:09:01,0.0
GEOP_20260402.csv,2025-08-06 22:12:01,0.0
GEOP_20260402.csv,2025-08-06 22:18:01,0.0
GEOP_20260402.csv,2025-08-06 22:21:01,0.0
GEOP_20260402.csv,2025-08-06 22:24:01,0.0
GEOP_20260402.csv,2025-08-06 22:27:01,0.0
GEOP_20260402.csv,2025-08-06 22:30:01,0.0
GEOP_20260402.csv,2025-08-06 22:33:01,0.0
GEOP_20260402.csv,2025-08-06 22:36:01,0.0
GEOP_20260402.csv,2025-08-06 22:39:01,0.0
GEOP_20260402.csv,2025-08-06 22:42:01,0.0
GEOP_20260402.csv,2025-08-06 22:45:01,0.0
GEOP_20260402.csv,2025-08-06 22:48:01,0.0
GEOP_20260402.csv,2025-08-06 22:51:01,0.0
GEOP_20260402.csv,2025-08-06 22:54:01,0.0
GEOP_20260402.csv,2025-08-06 22:57:01,0.0
GEOP_20260402.csv,2025-08-06 23:00:01,0.0
GEOP_20260402.csv,2025-08-06 23:03:01,0.0
GEOP_20260402.csv,2025-08-06 23:06:01,0.0
GEOP_20260402.csv,2025-08-06 23:09:01,0.0
GEOP_20260402.csv,2025-08-06 23:12:01,0.0
GEOP_20260402.csv,2025-08-06 23:15:01,0.0
GEOP_20260402.csv,2025-08-06 23:18:01,0.0
GEOP_20260402.csv,2025-08-06 23:21:01,0.0
GEOP_20260402.csv,2025-08-06 23:24:01,0.0
GEOP_20260402.csv,2025-08-06 23:27:01,0.0
GEOP_20260402.csv,2025-08-06 23:30:01,0.0
GEOP_20260402.csv,2025-08-06 23:33:01,0.0
GEOP_20260402.csv,2025-08-06 23:36:01,0.0
GEOP_20260402.csv,2025-08-06 23:39:01,0.0
GEOP_20260402.csv,2025-08-06 23:42:01,0.0
GEOP_20260402.csv,2025-08-06 23:45:01,0.0
GEOP_20260402.csv,2025-08-06 23:48:01,0.0
GEOP_20260402.csv,2025-08-06 23:51:01,0.0
GEOP_20260402.csv,2025-08-06 23:54:01,0.0
GEOP_20260402.csv,2025-08-06 23:57:01,0.0
GEOP_20260402.csv,2025-08-07 00:00:01,0.0
GEOP_20260402.csv,2025-08-07 00:03:01,0.0
GEOP_20260402.csv,2025-08-07 00:06:01,0.0
GEOP_20260402.csv,2025-08-07 00:09:01,0.0
GEOP_20260402.csv,2025-08-07 00:12:01,0.0
GEOP_20260402.csv,2025-08-07 00:15:01,0.0
GEOP_20260402.csv,2025-08-07 00:18:01,0.0
GEOP_20260402.csv,2025-08-07 00:21:01,0.0
GEOP_20260402.csv,2025-08-07 00:24:01,0.0
GEOP_20260402.csv,2025-08-07 00:27:01,0.0
GEOP_20260402.csv,2025-08-07 00:30:01,0.0
GEOP_20260402.csv,2025-08-07 00:33:01,0.0
GEOP_20260402.csv,2025-08-07 00:36:01,0.0
GEOP_20260402.csv,2025-08-07 00:39:01,0.0
GEOP_20260402.csv,2025-08-07 00:42:01,0.0
GEOP_20260402.csv,2025-08-07 00:45:01,0.0
GEOP_20260402.csv,2025-08-07 00:48:01,0.0
GEOP_20260402.csv,2025-08-07 00:51:01,0.0
GEOP_20260402.csv,2025-08-07 00:54:01,0.0
GEOP_20260402.csv,2025-08-07 00:57:01,0.0
GEOP_20260402.csv,2025-08-07 01:00:01,0.0
GEOP_20260402.csv,2025-08-07 01:03:01,0.0
GEOP_20260402.csv,2025-08-07 01:06:01,0.0
GEOP_20260402.csv,2025-08-07 01:09:01,0.0
GEOP_20260402.csv,2025-08-07 01:12:01,0.0
GEOP_20260402.csv,2025-08-07 01:15:01,0.0
GEOP_20260402.csv,2025-08-07 01:18:01,0.0
GEOP_20260402.csv,2025-08-07 01:21:01,0.0
GEOP_20260402.csv,2025-08-07 01:24:01,0.0
GEOP_20260402.csv,2025-08-07 01:27:01,0.0
GEOP_20260402.csv,2025-08-07 01:30:01,0.0
GEOP_20260402.csv,2025-08-07 01:33:01,0.0
GEOP_20260402.csv,2025-08-07 01:36:01,0.0
GEOP_20260402.csv,2025-08-07 01:39:01,0.0
GEOP_20260402.csv,2025-08-07 01:42:01,0.0
GEOP_20260402.csv,2025-08-07 01:45:01,0.0
GEOP_20260402.csv,2025-08-07 01:48:01,0.0
GEOP_20260402.csv,2025-08-07 01:51:01,0.0
GEOP_20260402.csv,2025-08-07 01:54:01,0.0
GEOP_20260402.csv,2025-08-07 01:57:01,0.0
GEOP_20260402.csv,2025-08-07 02:00:01,0.0
GEOP_20260402.csv,2025-08-07 02:03:01,0.0
GEOP_20260402.csv,2025-08-07 02:06:01,0.0
GEOP_20260402.csv,2025-08-07 02:09:01,0.0
GEOP_20260402.csv,2025-08-07 02:12:01,0.0
GEOP_20260402.csv,2025-08-07 02:15:01,0.0
GEOP_20260402.csv,2025-08-07 02:18:01,0.0
GEOP_20260402.csv,2025-08-07 02:21:01,0.0
GEOP_20260402.csv,2025-08-07 02:24:01,0.0
GEOP_20260402.csv,2025-08-07 02:27:01,0.0
GEOP_20260402.csv,2025-08-07 02:30:01,0.0
GEOP_20260402.csv,2025-08-07 02:33:01,0.0
GEOP_20260402.csv,2025-08-07 02:36:01,0.0
GEOP_20260402.csv,2025-08-07 02:39:01,0.0
GEOP_20260402.csv,2025-08-07 02:42:01,0.0
GEOP_20260402.csv,2025-08-07 02:45:01,0.0
GEOP_20260402.csv,2025-08-07 02:51:01,0.0
GEOP_20260402.csv,2025-08-07 02:54:01,0.0
GEOP_20260402.csv,2025-08-07 02:57:01,0.0
GEOP_20260402.csv,2025-08-07 03:00:01,0.0
GEOP_20260402.csv,2025-08-07 03:03:01,0.0
GEOP_20260402.csv,2025-08-07 03:06:01,0.0
GEOP_20260402.csv,2025-08-07 03:09:01,0.0
GEOP_20260402.csv,2025-08-07 03:12:01,0.0
GEOP_20260402.csv,2025-08-07 03:15:01,0.0
GEOP_20260402.csv,2025-08-07 03:18:01,0.0
GEOP_20260402.csv,2025-08-07 03:21:01,0.0
GEOP_20260402.csv,2025-08-07 03:24:01,0.0
GEOP_20260402.csv,2025-08-07 03:27:01,0.0
GEOP_20260402.csv,2025-08-07 03:30:01,0.0
GEOP_20260402.csv,2025-08-07 03:33:01,0.0
GEOP_20260402.csv,2025-08-07 03:36:01,0.0
GEOP_20260402.csv,2025-08-07 03:39:01,0.0
GEOP_20260402.csv,2025-08-07 03:42:01,0.0
GEOP_20260402.csv,2025-08-07 03:45:01,0.0
GEOP_20260402.csv,2025-08-07 03:48:01,0.0
GEOP_20260402.csv,2025-08-07 03:51:01,0.0
GEOP_20260402.csv,2025-08-07 03:54:01,0.0
GEOP_20260402.csv,2025-08-07 03:57:01,0.0
GEOP_20260402.csv,2025-08-07 04:00:01,0.0
GEOP_20260402.csv,2025-08-07 04:03:01,0.0
GEOP_20260402.csv,2025-08-07 04:06:01,0.0
GEOP_20260402.csv,2025-08-07 04:09:01,0.0
GEOP_20260402.csv,2025-08-07 04:12:01,0.0
GEOP_20260402.csv,2025-08-07 04:15:01,0.0
GEOP_20260402.csv,2025-08-07 04:18:01,0.0
GEOP_20260402.csv,2025-08-07 04:21:01,0.0
GEOP_20260402.csv,2025-08-07 04:24:01,0.0
GEOP_20260402.csv,2025-08-07 04:27:01,0.0
GEOP_20260402.csv,2025-08-07 04:30:01,0.0
GEOP_20260402.csv,2025-08-07 04:33:01,0.0
GEOP_20260402.csv,2025-08-07 04:36:01,0.0
GEOP_20260402.csv,2025-08-07 04:39:01,0.0
GEOP_20260402.csv,2025-08-07 04:42:01,0.0
GEOP_20260402.csv,2025-08-07 04:45:01,0.0
GEOP_20260402.csv,2025-08-07 04:48:01,0.0
GEOP_20260402.csv,2025-08-07 04:51:01,0.0
GEOP_20260402.csv,2025-08-07 04:54:01,0.0
GEOP_20260402.csv,2025-08-07 04:57:01,0.0
GEOP_20260402.csv,2025-08-07 05:00:01,0.0
GEOP_20260402.csv,2025-08-07 05:03:01,0.0
GEOP_20260402.csv,2025-08-07 05:06:01,0.0
GEOP_20260402.csv,2025-08-07 05:09:01,0.0
GEOP_20260402.csv,2025-08-07 05:12:01,0.0
GEOP_20260402.csv,2025-08-07 05:15:01,0.0
GEOP_20260402.csv,2025-08-07 05:18:01,0.0
GEOP_20260402.csv,2025-08-07 05:21:01,0.0
GEOP_20260402.csv,2025-08-07 05:24:01,0.0
GEOP_20260402.csv,2025-08-07 05:27:01,0.0
GEOP_20260402.csv,2025-08-07 05:30:01,0.0
GEOP_20260402.csv,2025-08-07 05:33:01,0.0
GEOP_20260402.csv,2025-08-07 05:36:01,0.0
GEOP_20260402.csv,2025-08-07 05:39:01,0.0
GEOP_20260402.csv,2025-08-07 05:42:01,0.0
GEOP_20260402.csv,2025-08-07 05:45:01,0.0
GEOP_20260402.csv,2025-08-07 05:48:01,0.0
GEOP_20260402.csv,2025-08-07 05:51:01,0.0
GEOP_20260402.csv,2025-08-07 05:54:01,0.0
GEOP_20260402.csv,2025-08-07 05:57:01,0.0
GEOP_20260402.csv,2025-08-07 06:00:01,0.0
GEOP_20260402.csv,2025-08-07 06:03:01,0.0
GEOP_20260402.csv,2025-08-07 06:06:01,0.0
GEOP_20260402.csv,2025-08-07 06:09:01,0.0
GEOP_20260402.csv,2025-08-07 06:12:01,0.0
GEOP_20260402.csv,2025-08-07 06:15:01,0.0
GEOP_20260402.csv,2025-08-07 06:18:01,0.0
GEOP_20260402.csv,2025-08-07 06:21:01,0.0
GEOP_20260402.csv,2025-08-07 06:24:01,0.0
GEOP_20260402.csv,2025-08-07 06:27:01,0.0
GEOP_20260402.csv,2025-08-07 06:30:01,0.0
GEOP_20260402.csv,2025-08-07 06:33:01,0.0
GEOP_20260402.csv,2025-08-07 06:36:01,0.0
GEOP_20260402.csv,2025-08-07 06:39:01,0.0
GEOP_20260402.csv,2025-08-07 06:42:01,0.0
GEOP_20260402.csv,2025-08-07 06:45:01,0.0
GEOP_20260402.csv,2025-08-07 06:48:01,0.0
GEOP_20260402.csv,2025-08-07 06:51:01,0.0
GEOP_20260402.csv,2025-08-07 06:54:01,0.0
GEOP_20260402.csv,2025-08-07 06:57:01,0.0
GEOP_20260402.csv,2025-08-07 07:00:01,0.0
GEOP_20260402.csv,2025-08-07 07:03:01,0.0
GEOP_20260402.csv,2025-08-07 07:06:01,0.0
GEOP_20260402.csv,2025-08-07 07:09:01,0.0
GEOP_20260402.csv,2025-08-07 07:12:01,0.0
GEOP_20260402.csv,2025-08-07 07:15:01,0.0
GEOP_20260402.csv,2025-08-07 07:18:01,0.0
GEOP_20260402.csv,2025-08-07 07:21:01,0.0
GEOP_20260402.csv,2025-08-07 07:24:01,0.0
GEOP_20260402.csv,2025-08-07 07:27:01,0.0
GEOP_20260402.csv,2025-08-07 07:30:01,0.0
GEOP_20260402.csv,2025-08-07 07:33:01,0.0
GEOP_20260402.csv,2025-08-07 07:36:01,0.0
GEOP_20260402.csv,2025-08-07 07:39:01,0.0
GEOP_20260402.csv,2025-08-07 07:42:01,0.0
GEOP_20260402.csv,2025-08-07 07:45:01,0.0
GEOP_20260402.csv,2025-08-07 07:48:01,0.0
GEOP_20260402.csv,2025-08-07 07:51:00,0.0
GEOP_20260402.csv,2025-08-07 07:54:00,0.0
GEOP_20260402.csv,2025-08-07 07:57:00,0.0
GEOP_20260402.csv,2025-08-07 08:00:00,0.0
GEOP_20260402.csv,2025-08-07 08:03:00,0.0
GEOP_20260402.csv,2025-08-07 08:06:00,0.0
GEOP_20260402.csv,2025-08-07 08:09:00,0.0
GEOP_20260402.csv,2025-08-07 08:12:00,0.0
GEOP_20260402.csv,2025-08-07 08:15:00,0.0
GEOP_20260402.csv,2025-08-07 08:18:00,0.0
GEOP_20260402.csv,2025-08-07 08:21:00,0.0
GEOP_20260402.csv,2025-08-07 08:24:00,0.0
GEOP_20260402.csv,2025-08-07 08:27:00,0.0
GEOP_20260402.csv,2025-08-07 08:30:00,0.0
GEOP_20260402.csv,2025-08-07 08:33:00,0.0
GEOP_20260402.csv,2025-08-07 08:36:00,0.0
GEOP_20260402.csv,2025-08-07 08:39:00,0.0
GEOP_20260402.csv,2025-08-07 08:42:00,0.0
GEOP_20260402.csv,2025-08-07 08:45:00,0.0
GEOP_20260402.csv,2025-08-07 08:48:00,0.0
GEOP_20260402.csv,2025-08-07 08:51:00,0.0
GEOP_20260402.csv,2025-08-07 08:54:00,0.0
GEOP_20260402.csv,2025-08-07 08:57:00,0.0
GEOP_20260402.csv,2025-08-07 09:00:00,0.0
GEOP_20260402.csv,2025-08-07 09:03:00,0.0
GEOP_20260402.csv,2025-08-07 09:06:00,0.0
GEOP_20260402.csv,2025-08-07 09:09:00,0.0
GEOP_20260402.csv,2025-08-07 09:12:00,0.0
GEOP_20260402.csv,2025-08-07 09:15:00,0.0
GEOP_20260402.csv,2025-08-07 09:18:00,0.0
GEOP_20260402.csv,2025-08-07 09:21:00,0.0
GEOP_20260402.csv,2025-08-07 09:24:00,0.0
GEOP_20260402.csv,2025-08-07 09:27:00,0.0
GEOP_20260402.csv,2025-08-07 09:30:00,0.0
GEOP_20260402.csv,2025-08-07 09:33:00,0.0
GEOP_20260402.csv,2025-08-07 09:36:00,0.0
GEOP_20260402.csv,2025-08-07 09:39:00,0.0
GEOP_20260402.csv,2025-08-07 09:42:00,0.0
GEOP_20260402.csv,2025-08-07 09:45:00,0.0
GEOP_20260402.csv,2025-08-07 09:48:00,0.0
GEOP_20260402.csv,2025-08-07 09:51:00,0.0
GEOP_20260402.csv,2025-08-07 09:54:00,0.0
GEOP_20260402.csv,2025-08-07 09:57:00,0.0
GEOP_20260402.csv,2025-08-07 10:00:00,0.0
GEOP_20260402.csv,2025-08-07 10:03:00,0.0
GEOP_20260402.csv,2025-08-07 10:06:00,0.0
GEOP_20260402.csv,2025-08-07 10:09:00,0.0
GEOP_20260402.csv,2025-08-07 10:12:00,0.0
GEOP_20260402.csv,2025-08-07 10:15:00,0.0
GEOP_20260402.csv,2025-08-07 10:18:00,0.0
GEOP_20260402.csv,2025-08-07 10:21:00,0.0
GEOP_20260402.csv,2025-08-07 10:24:00,0.0
GEOP_20260402.csv,2025-08-07 10:27:00,0.0
GEOP_20260402.csv,2025-08-07 10:30:00,0.0
GEOP_20260402.csv,2025-08-07 10:33:00,0.0
GEOP_20260402.csv,2025-08-07 10:36:00,0.0
GEOP_20260402.csv,2025-08-07 10:39:00,0.0
GEOP_20260402.csv,2025-08-07 10:42:00,0.0
GEOP_20260402.csv,2025-08-07 10:45:00,0.0
GEOP_20260402.csv,2025-08-07 10:48:00,0.0
GEOP_20260402.csv,2025-08-07 10:51:00,0.0
GEOP_20260402.csv,2025-08-07 10:54:00,0.0
GEOP_20260402.csv,2025-08-07 10:57:00,0.0
GEOP_20260402.csv,2025-08-07 11:00:00,0.0
GEOP_20260402.csv,2025-08-07 11:03:00,0.0
GEOP_20260402.csv,2025-08-07 11:06:00,0.0
GEOP_20260402.csv,2025-08-07 11:09:00,0.0
GEOP_20260402.csv,2025-08-07 11:12:00,0.0
GEOP_20260402.csv,2025-08-07 11:15:00,0.0
GEOP_20260402.csv,2025-08-07 11:18:00,0.0
GEOP_20260402.csv,2025-08-07 11:21:00,0.0
GEOP_20260402.csv,2025-08-07 11:24:00,0.0
GEOP_20260402.csv,2025-08-07 11:27:00,0.0
GEOP_20260402.csv,2025-08-07 11:30:00,0.0
GEOP_20260402.csv,2025-08-07 11:33:00,0.0
GEOP_20260402.csv,2025-08-07 11:36:00,0.0
GEOP_20260402.csv,2025-08-07 11:39:00,0.0
GEOP_20260402.csv,2025-08-07 11:42:00,0.0
GEOP_20260402.csv,2025-08-07 11:45:00,0.0
GEOP_20260402.csv,2025-08-07 11:48:00,0.0
GEOP_20260402.csv,2025-08-07 11:51:00,0.0
GEOP_20260402.csv,2025-08-07 11:54:00,0.0
GEOP_20260402.csv,2025-08-07 11:57:00,0.0
GEOP_20260402.csv,2025-08-07 12:00:00,0.0
GEOP_20260402.csv,2025-08-07 12:03:00,0.0
GEOP_20260402.csv,2025-08-07 12:06:00,0.0
GEOP_20260402.csv,2025-08-07 12:09:00,0.0
GEOP_20260402.csv,2025-08-07 12:12:00,0.0
GEOP_20260402.csv,2025-08-07 12:15:00,0.0
GEOP_20260402.csv,2025-08-07 12:18:00,0.0
GEOP_20260402.csv,2025-08-07 12:21:00,0.0
GEOP_20260402.csv,2025-08-07 12:24:00,0.0
GEOP_20260402.csv,2025-08-07 12:27:00,0.0
GEOP_20260402.csv,2025-08-07 12:30:00,0.0
GEOP_20260402.csv,2025-08-07 12:36:00,0.0
GEOP_20260402.csv,2025-08-07 12:39:00,0.0
GEOP_20260402.csv,2025-08-07 12:42:00,0.0
GEOP_20260402.csv,2025-08-07 12:45:00,0.0
GEOP_20260402.csv,2025-08-07 12:48:00,0.0
GEOP_20260402.csv,2025-08-07 12:51:00,0.0
GEOP_20260402.csv,2025-08-07 12:54:00,0.0
GEOP_20260402.csv,2025-08-07 12:57:00,0.0
GEOP_20260402.csv,2025-08-07 13:00:00,0.0
GEOP_20260402.csv,2025-08-07 13:03:00,0.0
GEOP_20260402.csv,2025-08-07 13:12:00,0.0
GEOP_20260402.csv,2025-08-07 13:15:00,0.0
GEOP_20260402.csv,2025-08-07 13:18:00,0.0
GEOP_20260402.csv,2025-08-07 13:21:00,0.0
GEOP_20260402.csv,2025-08-07 13:24:00,0.0
GEOP_20260402.csv,2025-08-07 13:27:00,0.0
GEOP_20260402.csv,2025-08-07 13:30:00,0.0
GEOP_20260402.csv,2025-08-07 13:33:00,0.0
GEOP_20260402.csv,2025-08-07 13:36:00,0.0
GEOP_20260402.csv,2025-08-07 13:39:00,0.0
GEOP_20260402.csv,2025-08-07 13:42:00,0.0
GEOP_20260402.csv,2025-08-07 13:48:00,0.0
GEOP_20260402.csv,2025-08-07 13:51:00,0.0
GEOP_20260402.csv,2025-08-07 13:54:00,0.0
GEOP_20260402.csv,2025-08-07 13:57:00,0.0
GEOP_20260402.csv,2025-08-07 14:00:00,0.0
GEOP_20260402.csv,2025-08-07 14:03:00,0.0
GEOP_20260402.csv,2025-08-07 14:06:00,0.0
GEOP_20260402.csv,2025-08-07 14:09:00,0.0
GEOP_20260402.csv,2025-08-07 14:12:00,0.0
GEOP_20260402.csv,2025-08-07 14:15:00,0.0
GEOP_20260402.csv,2025-08-07 14:18:00,0.0
GEOP_20260402.csv,2025-08-07 14:21:00,0.0
GEOP_20260402.csv,2025-08-07 14:24:00,0.0
GEOP_20260402.csv,2025-08-07 14:27:00,0.0
GEOP_20260402.csv,2025-08-07 14:30:00,0.0
GEOP_20260402.csv,2025-08-07 14:33:00,0.0
GEOP_20260402.csv,2025-08-07 14:36:00,0.0
GEOP_20260402.csv,2025-08-07 14:39:00,0.0
GEOP_20260402.csv,2025-08-07 14:42:00,0.0
GEOP_20260402.csv,2025-08-07 14:45:00,0.0
GEOP_20260402.csv,2025-08-07 14:48:00,0.0
GEOP_20260402.csv,2025-08-07 14:51:00,0.0
GEOP_20260402.csv,2025-08-07 14:54:00,0.0
GEOP_20260402.csv,2025-08-07 14:57:00,0.0
GEOP_20260402.csv,2025-08-07 15:03:00,0.0
GEOP_20260402.csv,2025-08-07 15:06:00,0.0
GEOP_20260402.csv,2025-08-07 15:09:00,0.0
GEOP_20260402.csv,2025-08-07 15:12:00,0.0
GEOP_20260402.csv,2025-08-07 15:15:00,0.0
GEOP_20260402.csv,2025-08-07 15:18:00,0.0
GEOP_20260402.csv,2025-08-07 15:21:00,0.0
GEOP_20260402.csv,2025-08-07 15:24:00,0.0
GEOP_20260402.csv,2025-08-07 15:27:00,0.0
GEOP_20260402.csv,2025-08-07 15:30:00,0.0
GEOP_20260402.csv,2025-08-07 15:33:00,0.0
GEOP_20260402.csv,2025-08-07 15:36:00,0.0
GEOP_20260402.csv,2025-08-07 15:39:00,0.0
GEOP_20260402.csv,2025-08-07 15:42:00,0.0
GEOP_20260402.csv,2025-08-07 15:45:00,0.0
GEOP_20260402.csv,2025-08-07 15:48:00,0.0
GEOP_20260402.csv,2025-08-07 15:51:00,0.0
GEOP_20260402.csv,2025-08-07 15:54:00,0.0
GEOP_20260402.csv,2025-08-07 15:57:00,0.0
GEOP_20260402.csv,2025-08-07 16:00:00,0.0
GEOP_20260402.csv,2025-08-07 16:03:00,0.0
GEOP_20260402.csv,2025-08-07 16:06:00,0.0
GEOP_20260402.csv,2025-08-07 16:09:00,0.0
GEOP_20260402.csv,2025-08-07 16:12:00,0.0
GEOP_20260402.csv,2025-08-07 16:15:00,0.0
GEOP_20260402.csv,2025-08-07 16:18:00,0.0
GEOP_20260402.csv,2025-08-07 16:21:00,0.0
GEOP_20260402.csv,2025-08-07 16:24:00,0.0
GEOP_20260402.csv,2025-08-07 16:27:00,0.0
GEOP_20260402.csv,2025-08-07 16:30:00,0.0
GEOP_20260402.csv,2025-08-07 16:33:00,0.0
GEOP_20260402.csv,2025-08-07 16:36:00,0.0
GEOP_20260402.csv,2025-08-07 16:39:00,0.0
GEOP_20260402.csv,2025-08-07 16:42:00,0.0
GEOP_20260402.csv,2025-08-07 16:45:00,0.0
GEOP_20260402.csv,2025-08-07 16:48:00,0.0
GEOP_20260402.csv,2025-08-07 16:51:00,0.0
GEOP_20260402.csv,2025-08-07 16:54:00,0.0
GEOP_20260402.csv,2025-08-07 16:57:00,0.0
GEOP_20260402.csv,2025-08-07 17:00:00,0.0
GEOP_20260402.csv,2025-08-07 17:03:00,0.0
GEOP_20260402.csv,2025-08-07 17:06:00,0.0
GEOP_20260402.csv,2025-08-07 17:09:00,0.0
GEOP_20260402.csv,2025-08-07 17:12:00,0.0
GEOP_20260402.csv,2025-08-07 17:15:00,0.0
GEOP_20260402.csv,2025-08-07 17:18:00,0.0
GEOP_20260402.csv,2025-08-07 17:21:00,0.0
GEOP_20260402.csv,2025-08-07 17:24:00,0.0
GEOP_20260402.csv,2025-08-07 17:27:00,0.0
GEOP_20260402.csv,2025-08-07 17:30:00,0.0
GEOP_20260402.csv,2025-08-07 17:33:00,0.0
GEOP_20260402.csv,2025-08-07 17:36:00,0.0
GEOP_20260402.csv,2025-08-07 17:39:00,0.0
GEOP_20260402.csv,2025-08-07 17:42:00,0.0
GEOP_20260402.csv,2025-08-07 17:45:00,0.0
GEOP_20260402.csv,2025-08-07 17:48:00,0.0
GEOP_20260402.csv,2025-08-07 17:51:00,0.0
GEOP_20260402.csv,2025-08-07 17:53:59,0.0
GEOP_20260402.csv,2025-08-07 17:56:59,0.0
GEOP_20260402.csv,2025-08-07 17:59:59,0.0
GEOP_20260402.csv,2025-08-07 18:02:59,0.0
GEOP_20260402.csv,2025-08-07 18:05:59,0.0
GEOP_20260402.csv,2025-08-07 18:08:59,0.0
GEOP_20260402.csv,2025-08-07 18:11:59,0.0
GEOP_20260402.csv,2025-08-07 18:15:00,0.0
GEOP_20260402.csv,2025-08-07 18:17:59,0.0
GEOP_20260402.csv,2025-08-07 18:20:59,0.0
GEOP_20260402.csv,2025-08-07 18:23:59,0.0
GEOP_20260402.csv,2025-08-07 18:26:59,0.0
GEOP_20260402.csv,2025-08-07 18:29:59,0.0
GEOP_20260402.csv,2025-08-07 18:35:59,0.0
GEOP_20260402.csv,2025-08-07 18:38:59,0.0
GEOP_20260402.csv,2025-08-07 18:41:59,0.0
GEOP_20260402.csv,2025-08-07 18:44:59,0.0
GEOP_20260402.csv,2025-08-07 18:47:59,0.0
GEOP_20260402.csv,2025-08-07 18:50:59,0.0
GEOP_20260402.csv,2025-08-07 18:53:59,0.0
GEOP_20260402.csv,2025-08-07 18:56:59,0.0
GEOP_20260402.csv,2025-08-07 18:59:59,0.0
GEOP_20260402.csv,2025-08-07 19:02:59,0.0
GEOP_20260402.csv,2025-08-07 19:05:59,0.0
GEOP_20260402.csv,2025-08-07 19:08:59,0.0
GEOP_20260402.csv,2025-08-07 19:11:59,0.0
GEOP_20260402.csv,2025-08-07 19:14:59,0.0
GEOP_20260402.csv,2025-08-07 19:17:59,0.0
GEOP_20260402.csv,2025-08-07 19:20:59,0.0
GEOP_20260402.csv,2025-08-07 19:23:59,0.0
GEOP_20260402.csv,2025-08-07 19:26:59,0.0
GEOP_20260402.csv,2025-08-07 19:29:59,0.0
GEOP_20260402.csv,2025-08-07 19:32:59,0.0
GEOP_20260402.csv,2025-08-07 19:35:59,0.0
GEOP_20260402.csv,2025-08-07 19:38:59,0.0
GEOP_20260402.csv,2025-08-07 19:41:59,0.0
GEOP_20260402.csv,2025-08-07 19:44:59,0.0
GEOP_20260402.csv,2025-08-07 19:47:59,0.0
GEOP_20260402.csv,2025-08-07 19:50:59,0.0
GEOP_20260402.csv,2025-08-07 19:53:59,0.0
GEOP_20260402.csv,2025-08-07 19:56:59,0.0
GEOP_20260402.csv,2025-08-07 19:59:59,0.0
GEOP_20260402.csv,2025-08-07 20:02:59,0.0
GEOP_20260402.csv,2025-08-07 20:05:59,0.0
GEOP_20260402.csv,2025-08-07 20:08:59,0.0
GEOP_20260402.csv,2025-08-07 20:11:59,0.0
GEOP_20260402.csv,2025-08-07 20:14:59,0.0
GEOP_20260402.csv,2025-08-07 20:17:59,0.0
GEOP_20260402.csv,2025-08-07 20:20:59,0.0
GEOP_20260402.csv,2025-08-07 20:23:59,0.0
GEOP_20260402.csv,2025-08-07 20:26:59,0.0
GEOP_20260402.csv,2025-08-07 20:29:59,0.0
GEOP_20260402.csv,2025-08-07 20:32:59,0.0
GEOP_20260402.csv,2025-08-07 20:35:59,0.0
GEOP_20260402.csv,2025-08-07 20:38:59,0.0
GEOP_20260402.csv,2025-08-07 20:41:59,0.0
GEOP_20260402.csv,2025-08-07 20:44:59,0.0
GEOP_20260402.csv,2025-08-07 20:47:59,0.0
GEOP_20260402.csv,2025-08-07 20:50:59,0.0
GEOP_20260402.csv,2025-08-07 20:53:59,0.0
GEOP_20260402.csv,2025-08-07 20:56:59,0.0
GEOP_20260402.csv,2025-08-07 20:59:59,0.0
GEOP_20260402.csv,2025-08-07 21:02:59,0.0
GEOP_20260402.csv,2025-08-07 21:05:59,0.0
GEOP_20260402.csv,2025-08-07 21:08:59,0.0
GEOP_20260402.csv,2025-08-07 21:11:59,0.0
GEOP_20260402.csv,2025-08-07 21:14:59,0.0
GEOP_20260402.csv,2025-08-07 21:17:59,0.0
GEOP_20260402.csv,2025-08-07 21:20:59,0.0
GEOP_20260402.csv,2025-08-07 21:23:59,0.0
GEOP_20260402.csv,2025-08-07 21:26:59,0.0
GEOP_20260402.csv,2025-08-07 21:29:59,0.0
GEOP_20260402.csv,2025-08-07 21:32:59,0.0
GEOP_20260402.csv,2025-08-07 21:35:59,0.0
GEOP_20260402.csv,2025-08-07 21:38:59,0.0
GEOP_20260402.csv,2025-08-07 21:44:59,0.0
GEOP_20260402.csv,2025-08-07 21:47:59,0.0
GEOP_20260402.csv,2025-08-07 21:50:59,0.0
GEOP_20260402.csv,2025-08-07 21:53:59,0.0
GEOP_20260402.csv,2025-08-07 21:56:59,0.0
GEOP_20260402.csv,2025-08-07 21:59:59,0.0
GEOP_20260402.csv,2025-08-07 22:02:59,0.0
GEOP_20260402.csv,2025-08-07 22:05:59,0.0
GEOP_20260402.csv,2025-08-07 22:08:59,0.0
GEOP_20260402.csv,2025-08-07 22:11:59,0.0
GEOP_20260402.csv,2025-08-07 22:14:59,0.0
GEOP_20260402.csv,2025-08-07 22:17:59,0.0
GEOP_20260402.csv,2025-08-07 22:20:59,0.0
GEOP_20260402.csv,2025-08-07 22:23:59,0.0
GEOP_20260402.csv,2025-08-07 22:26:59,0.0
GEOP_20260402.csv,2025-08-07 22:29:59,0.0
GEOP_20260402.csv,2025-08-07 22:32:59,0.0
GEOP_20260402.csv,2025-08-07 22:35:59,0.0
GEOP_20260402.csv,2025-08-07 22:38:59,0.0
GEOP_20260402.csv,2025-08-07 22:41:59,0.0
GEOP_20260402.csv,2025-08-07 22:44:59,0.0
GEOP_20260402.csv,2025-08-07 22:47:59,0.0
GEOP_20260402.csv,2025-08-07 22:50:59,0.0
GEOP_20260402.csv,2025-08-07 22:53:59,0.0
GEOP_20260402.csv,2025-08-07 22:56:59,0.0
GEOP_20260402.csv,2025-08-07 22:59:59,0.0
GEOP_20260402.csv,2025-08-07 23:02:59,0.0
GEOP_20260402.csv,2025-08-07 23:05:59,0.0
GEOP_20260402.csv,2025-08-07 23:08:59,0.0
GEOP_20260402.csv,2025-08-07 23:11:59,0.0
GEOP_20260402.csv,2025-08-07 23:14:59,0.0
GEOP_20260402.csv,2025-08-07 23:17:59,0.0
GEOP_20260402.csv,2025-08-07 23:20:59,0.0
GEOP_20260402.csv,2025-08-07 23:23:59,0.0
GEOP_20260402.csv,2025-08-07 23:26:59,0.0
GEOP_20260402.csv,2025-08-07 23:29:59,0.0
GEOP_20260402.csv,2025-08-07 23:32:59,0.0
GEOP_20260402.csv,2025-08-07 23:38:59,0.0
GEOP_20260402.csv,2025-08-07 23:41:59,0.0
GEOP_20260402.csv,2025-08-07 23:44:59,0.0
GEOP_20260402.csv,2025-08-07 23:47:59,0.0
GEOP_20260402.csv,2025-08-07 23:50:59,0.0
GEOP_20260402.csv,2025-08-07 23:53:59,0.0
GEOP_20260402.csv,2025-08-07 23:56:59,0.0
GEOP_20260402.csv,2025-08-07 23:59:59,0.0
GEOP_20260402.csv,2025-08-08 00:02:59,0.0
GEOP_20260402.csv,2025-08-08 00:05:59,0.0
GEOP_20260402.csv,2025-08-08 00:08:59,0.0
GEOP_20260402.csv,2025-08-08 00:11:59,0.0
GEOP_20260402.csv,2025-08-08 00:14:59,0.0
GEOP_20260402.csv,2025-08-08 00:17:59,0.0
GEOP_20260402.csv,2025-08-08 00:20:59,0.0
GEOP_20260402.csv,2025-08-08 00:23:59,0.0
GEOP_20260402.csv,2025-08-08 00:26:59,0.0
GEOP_20260402.csv,2025-08-08 00:29:59,0.0
GEOP_20260402.csv,2025-08-08 00:32:59,0.0
GEOP_20260402.csv,2025-08-08 00:35:59,0.0
GEOP_20260402.csv,2025-08-08 00:38:59,0.0
GEOP_20260402.csv,2025-08-08 00:41:59,0.0
GEOP_20260402.csv,2025-08-08 00:44:59,0.0
GEOP_20260402.csv,2025-08-08 00:47:59,0.0
GEOP_20260402.csv,2025-08-08 00:50:59,0.0
GEOP_20260402.csv,2025-08-08 00:53:59,0.0
GEOP_20260402.csv,2025-08-08 00:56:59,0.0
GEOP_20260402.csv,2025-08-08 00:59:59,0.0
GEOP_20260402.csv,2025-08-08 01:02:59,0.0
GEOP_20260402.csv,2025-08-08 01:05:59,0.0
GEOP_20260402.csv,2025-08-08 01:08:59,0.0
GEOP_20260402.csv,2025-08-08 01:11:59,0.0
GEOP_20260402.csv,2025-08-08 01:14:59,0.0
GEOP_20260402.csv,2025-08-08 01:17:59,0.0
GEOP_20260402.csv,2025-08-08 01:20:59,0.0
GEOP_20260402.csv,2025-08-08 01:23:59,0.0
GEOP_20260402.csv,2025-08-08 01:26:59,0.0
GEOP_20260402.csv,2025-08-08 01:29:59,0.0
GEOP_20260402.csv,2025-08-08 01:32:59,0.0
GEOP_20260402.csv,2025-08-08 01:35:59,0.0
GEOP_20260402.csv,2025-08-08 01:38:59,0.0
GEOP_20260402.csv,2025-08-08 01:41:59,0.0
GEOP_20260402.csv,2025-08-08 01:44:59,0.0
GEOP_20260402.csv,2025-08-08 01:47:59,0.0
GEOP_20260402.csv,2025-08-08 01:50:59,0.0
GEOP_20260402.csv,2025-08-08 01:53:59,0.0
GEOP_20260402.csv,2025-08-08 01:56:59,0.0
GEOP_20260402.csv,2025-08-08 01:59:59,0.0
GEOP_20260402.csv,2025-08-08 02:02:59,0.0
GEOP_20260402.csv,2025-08-08 02:05:59,0.0
GEOP_20260402.csv,2025-08-08 02:08:59,0.0
GEOP_20260402.csv,2025-08-08 02:11:59,0.0
GEOP_20260402.csv,2025-08-08 02:14:59,0.0
GEOP_20260402.csv,2025-08-08 02:17:59,0.0
GEOP_20260402.csv,2025-08-08 02:20:59,0.0
GEOP_20260402.csv,2025-08-08 02:23:59,0.0
GEOP_20260402.csv,2025-08-08 02:26:59,0.0
GEOP_20260402.csv,2025-08-08 02:29:59,0.0
GEOP_20260402.csv,2025-08-08 02:32:59,0.0
GEOP_20260402.csv,2025-08-08 02:35:59,0.0
GEOP_20260402.csv,2025-08-08 02:38:59,0.0
GEOP_20260402.csv,2025-08-08 02:41:59,0.0
GEOP_20260402.csv,2025-08-08 02:44:59,0.0
GEOP_20260402.csv,2025-08-08 02:47:59,0.0
GEOP_20260402.csv,2025-08-08 02:50:59,0.0
GEOP_20260402.csv,2025-08-08 02:53:59,0.0
GEOP_20260402.csv,2025-08-08 02:56:59,0.0
GEOP_20260402.csv,2025-08-08 02:59:59,0.0
GEOP_20260402.csv,2025-08-08 03:02:59,0.0
GEOP_20260402.csv,2025-08-08 03:05:59,0.0
GEOP_20260402.csv,2025-08-08 03:08:59,0.0
GEOP_20260402.csv,2025-08-08 03:11:59,0.0
GEOP_20260402.csv,2025-08-08 03:14:59,0.0
GEOP_20260402.csv,2025-08-08 03:17:58,0.0
GEOP_20260402.csv,2025-08-08 03:20:59,0.0
GEOP_20260402.csv,2025-08-08 03:23:58,0.0
GEOP_20260402.csv,2025-08-08 03:26:58,0.0
GEOP_20260402.csv,2025-08-08 03:29:58,0.0
GEOP_20260402.csv,2025-08-08 03:32:58,0.0
GEOP_20260402.csv,2025-08-08 03:35:58,0.0
GEOP_20260402.csv,2025-08-08 03:38:58,0.0
GEOP_20260402.csv,2025-08-08 03:41:58,0.0
GEOP_20260402.csv,2025-08-08 03:44:58,0.0
GEOP_20260402.csv,2025-08-08 03:47:58,0.0
GEOP_20260402.csv,2025-08-08 03:50:58,0.0
GEOP_20260402.csv,2025-08-08 03:53:58,0.0
GEOP_20260402.csv,2025-08-08 03:56:58,0.0
GEOP_20260402.csv,2025-08-08 03:59:58,0.0
GEOP_20260402.csv,2025-08-08 04:02:58,0.0
GEOP_20260402.csv,2025-08-08 04:05:58,0.0
GEOP_20260402.csv,2025-08-08 04:08:58,0.0
GEOP_20260402.csv,2025-08-08 04:11:58,0.0
GEOP_20260402.csv,2025-08-08 04:14:58,0.0
GEOP_20260402.csv,2025-08-08 04:17:58,0.0
GEOP_20260402.csv,2025-08-08 04:20:58,0.0
GEOP_20260402.csv,2025-08-08 04:23:58,0.0
GEOP_20260402.csv,2025-08-08 04:26:58,0.0
GEOP_20260402.csv,2025-08-08 04:29:58,0.0
GEOP_20260402.csv,2025-08-08 04:32:58,0.0
GEOP_20260402.csv,2025-08-08 04:35:58,0.0
GEOP_20260402.csv,2025-08-08 04:38:58,0.0
GEOP_20260402.csv,2025-08-08 04:41:58,0.0
GEOP_20260402.csv,2025-08-08 04:44:58,0.0
GEOP_20260402.csv,2025-08-08 04:47:58,0.0
GEOP_20260402.csv,2025-08-08 04:50:58,0.0
GEOP_20260402.csv,2025-08-08 04:53:58,0.0
GEOP_20260402.csv,2025-08-08 04:56:58,0.0
GEOP_20260402.csv,2025-08-08 04:59:58,0.0
GEOP_20260402.csv,2025-08-08 05:02:58,0.0
GEOP_20260402.csv,2025-08-08 05:05:58,0.0
GEOP_20260402.csv,2025-08-08 05:08:58,0.0
GEOP_20260402.csv,2025-08-08 05:11:58,0.0
GEOP_20260402.csv,2025-08-08 05:14:58,0.0
GEOP_20260402.csv,2025-08-08 05:17:58,0.0
GEOP_20260402.csv,2025-08-08 05:20:58,0.0
GEOP_20260402.csv,2025-08-08 05:23:58,0.0
GEOP_20260402.csv,2025-08-08 05:29:58,0.0
GEOP_20260402.csv,2025-08-08 05:32:58,0.0
GEOP_20260402.csv,2025-08-08 05:35:58,0.0
GEOP_20260402.csv,2025-08-08 05:38:58,0.0
GEOP_20260402.csv,2025-08-08 05:41:58,0.0
GEOP_20260402.csv,2025-08-08 05:44:58,0.0
GEOP_20260402.csv,2025-08-08 05:47:58,0.0
GEOP_20260402.csv,2025-08-08 05:50:58,0.0
GEOP_20260402.csv,2025-08-08 05:53:58,0.0
GEOP_20260402.csv,2025-08-08 05:56:58,0.0
GEOP_20260402.csv,2025-08-08 05:59:58,0.0
GEOP_20260402.csv,2025-08-08 06:02:58,0.0
GEOP_20260402.csv,2025-08-08 06:05:58,0.0
GEOP_20260402.csv,2025-08-08 06:08:58,0.0
GEOP_20260402.csv,2025-08-08 06:11:58,0.0
GEOP_20260402.csv,2025-08-08 06:14:58,0.0
GEOP_20260402.csv,2025-08-08 06:17:58,0.0
GEOP_20260402.csv,2025-08-08 06:20:58,0.0
GEOP_20260402.csv,2025-08-08 06:23:58,0.0
GEOP_20260402.csv,2025-08-08 06:26:58,0.0
GEOP_20260402.csv,2025-08-08 06:29:58,0.0
GEOP_20260402.csv,2025-08-08 06:32:58,0.0
GEOP_20260402.csv,2025-08-08 06:35:58,0.0
GEOP_20260402.csv,2025-08-08 06:38:58,0.0
GEOP_20260402.csv,2025-08-08 06:41:58,0.0
GEOP_20260402.csv,2025-08-08 06:44:58,0.0
GEOP_20260402.csv,2025-08-08 06:47:58,0.0
GEOP_20260402.csv,2025-08-08 06:50:58,0.0
GEOP_20260402.csv,2025-08-08 06:53:58,0.0
GEOP_20260402.csv,2025-08-08 06:56:58,0.0
GEOP_20260402.csv,2025-08-08 06:59:58,0.0
GEOP_20260402.csv,2025-08-08 07:02:58,0.0
GEOP_20260402.csv,2025-08-08 07:05:58,0.0
GEOP_20260402.csv,2025-08-08 07:08:58,0.0
GEOP_20260402.csv,2025-08-08 07:11:58,0.0
GEOP_20260402.csv,2025-08-08 07:14:58,0.0
GEOP_20260402.csv,2025-08-08 07:17:58,0.0
GEOP_20260402.csv,2025-08-08 07:20:58,0.0
GEOP_20260402.csv,2025-08-08 07:23:58,0.0
GEOP_20260402.csv,2025-08-08 07:26:58,0.0
GEOP_20260402.csv,2025-08-08 07:29:58,0.0
GEOP_20260402.csv,2025-08-08 07:32:58,0.0
GEOP_20260402.csv,2025-08-08 07:35:58,0.0
GEOP_20260402.csv,2025-08-08 07:38:58,0.0
GEOP_20260402.csv,2025-08-08 07:41:58,0.0
GEOP_20260402.csv,2025-08-08 07:44:58,0.0
GEOP_20260402.csv,2025-08-08 07:47:58,0.0
GEOP_20260402.csv,2025-08-08 07:50:58,0.0
GEOP_20260402.csv,2025-08-08 07:53:58,0.0
GEOP_20260402.csv,2025-08-08 07:56:58,0.0
GEOP_20260402.csv,2025-08-08 07:59:58,0.0
GEOP_20260402.csv,2025-08-08 08:02:58,0.0
GEOP_20260402.csv,2025-08-08 08:05:58,0.0
GEOP_20260402.csv,2025-08-08 08:08:58,0.0
GEOP_20260402.csv,2025-08-08 08:11:58,0.0
GEOP_20260402.csv,2025-08-08 08:14:58,0.0
GEOP_20260402.csv,2025-08-08 08:17:58,0.0
GEOP_20260402.csv,2025-08-08 08:20:58,0.0
GEOP_20260402.csv,2025-08-08 08:23:58,0.0
GEOP_20260402.csv,2025-08-08 08:26:58,0.0
GEOP_20260402.csv,2025-08-08 08:29:58,0.0
GEOP_20260402.csv,2025-08-08 08:32:58,0.0
GEOP_20260402.csv,2025-08-08 08:35:58,0.0
GEOP_20260402.csv,2025-08-08 08:38:58,0.0
GEOP_20260402.csv,2025-08-08 08:44:58,0.0
GEOP_20260402.csv,2025-08-08 08:47:58,0.0
GEOP_20260402.csv,2025-08-08 08:50:58,0.0
GEOP_20260402.csv,2025-08-08 08:53:58,0.0
GEOP_20260402.csv,2025-08-08 08:56:58,0.0
GEOP_20260402.csv,2025-08-08 08:59:58,0.0
GEOP_20260402.csv,2025-08-08 09:02:58,0.0
GEOP_20260402.csv,2025-08-08 09:05:58,0.0
GEOP_20260402.csv,2025-08-08 09:08:58,0.0
GEOP_20260402.csv,2025-08-08 09:11:58,0.0
GEOP_20260402.csv,2025-08-08 09:14:58,0.0
GEOP_20260402.csv,2025-08-08 09:17:58,0.0
GEOP_20260402.csv,2025-08-08 09:20:58,0.0
GEOP_20260402.csv,2025-08-08 09:23:58,0.0
GEOP_20260402.csv,2025-08-08 09:26:58,0.0
GEOP_20260402.csv,2025-08-08 09:29:58,0.0
GEOP_20260402.csv,2025-08-08 09:32:58,0.0
GEOP_20260402.csv,2025-08-08 09:35:58,0.0
GEOP_20260402.csv,2025-08-08 09:38:58,0.0
GEOP_20260402.csv,2025-08-08 09:41:58,0.0
GEOP_20260402.csv,2025-08-08 09:44:58,0.0
GEOP_20260402.csv,2025-08-08 09:47:58,0.0
GEOP_20260402.csv,2025-08-08 09:50:58,0.0
GEOP_20260402.csv,2025-08-08 09:53:58,0.0
GEOP_20260402.csv,2025-08-08 09:56:58,0.0
GEOP_20260402.csv,2025-08-08 09:59:58,0.0
GEOP_20260402.csv,2025-08-08 10:02:58,0.0
GEOP_20260402.csv,2025-08-08 10:05:58,0.0
GEOP_20260402.csv,2025-08-08 10:08:58,0.0
GEOP_20260402.csv,2025-08-08 10:11:58,0.0
GEOP_20260402.csv,2025-08-08 10:14:58,0.0
GEOP_20260402.csv,2025-08-08 10:17:58,0.0
GEOP_20260402.csv,2025-08-08 10:20:58,0.0
GEOP_20260402.csv,2025-08-08 10:23:58,0.0
GEOP_20260402.csv,2025-08-08 10:26:58,0.0
GEOP_20260402.csv,2025-08-08 10:29:58,0.0
GEOP_20260402.csv,2025-08-08 10:32:58,0.0
GEOP_20260402.csv,2025-08-08 10:35:58,0.0
GEOP_20260402.csv,2025-08-08 10:38:58,0.0
GEOP_20260402.csv,2025-08-08 10:41:58,0.0
GEOP_20260402.csv,2025-08-08 10:44:58,0.0
GEOP_20260402.csv,2025-08-08 10:47:58,0.0
GEOP_20260402.csv,2025-08-08 10:50:58,0.0
GEOP_20260402.csv,2025-08-08 10:53:58,0.0
GEOP_20260402.csv,2025-08-08 10:56:58,0.0
GEOP_20260402.csv,2025-08-08 10:59:58,0.0
GEOP_20260402.csv,2025-08-08 11:02:58,0.0
GEOP_20260402.csv,2025-08-08 11:05:58,0.0
GEOP_20260402.csv,2025-08-08 11:08:58,0.0
GEOP_20260402.csv,2025-08-08 11:11:58,0.0
GEOP_20260402.csv,2025-08-08 11:14:58,0.0
GEOP_20260402.csv,2025-08-08 11:17:58,0.0
GEOP_20260402.csv,2025-08-08 11:20:58,0.0
GEOP_20260402.csv,2025-08-08 11:23:58,0.0
GEOP_20260402.csv,2025-08-08 11:26:58,0.0
GEOP_20260402.csv,2025-08-08 11:29:58,0.0
GEOP_20260402.csv,2025-08-08 11:32:58,0.0
GEOP_20260402.csv,2025-08-08 11:35:58,0.0
GEOP_20260402.csv,2025-08-08 11:38:58,0.0
GEOP_20260402.csv,2025-08-08 11:41:58,0.0
GEOP_20260402.csv,2025-08-08 11:44:58,0.0
GEOP_20260402.csv,2025-08-08 11:47:58,0.0
GEOP_20260402.csv,2025-08-08 11:50:58,0.0
GEOP_20260402.csv,2025-08-08 11:53:58,0.0
GEOP_20260402.csv,2025-08-08 11:56:58,0.0
GEOP_20260402.csv,2025-08-08 11:59:58,0.0
GEOP_20260402.csv,2025-08-08 12:02:58,0.0
GEOP_20260402.csv,2025-08-08 12:05:58,0.0
GEOP_20260402.csv,2025-08-08 12:08:58,0.0
GEOP_20260402.csv,2025-08-08 12:11:58,0.0
GEOP_20260402.csv,2025-08-08 12:14:58,0.0
GEOP_20260402.csv,2025-08-08 12:17:58,0.0
GEOP_20260402.csv,2025-08-08 12:20:58,0.0
GEOP_20260402.csv,2025-08-08 12:23:58,0.0
GEOP_20260402.csv,2025-08-08 12:26:58,0.0
GEOP_20260402.csv,2025-08-08 12:29:58,0.0
GEOP_20260402.csv,2025-08-08 12:32:58,0.0
GEOP_20260402.csv,2025-08-08 12:38:58,0.0
GEOP_20260402.csv,2025-08-08 12:41:58,0.0
GEOP_20260402.csv,2025-08-08 12:44:58,0.0
GEOP_20260402.csv,2025-08-08 12:47:58,0.0
GEOP_20260402.csv,2025-08-08 12:50:58,0.0
GEOP_20260402.csv,2025-08-08 12:53:58,0.0
GEOP_20260402.csv,2025-08-08 12:56:58,0.0
GEOP_20260402.csv,2025-08-08 12:59:58,0.0
GEOP_20260402.csv,2025-08-08 13:02:58,0.0
GEOP_20260402.csv,2025-08-08 13:05:58,0.0
GEOP_20260402.csv,2025-08-08 13:08:58,0.0
GEOP_20260402.csv,2025-08-08 13:14:58,0.0
GEOP_20260402.csv,2025-08-08 13:17:58,0.0
GEOP_20260402.csv,2025-08-08 13:20:58,0.0
GEOP_20260402.csv,2025-08-08 13:23:57,0.0
GEOP_20260402.csv,2025-08-08 13:26:58,0.0
GEOP_20260402.csv,2025-08-08 13:29:58,0.0
GEOP_20260402.csv,2025-08-08 13:32:57,0.0
GEOP_20260402.csv,2025-08-08 13:35:57,0.0
GEOP_20260402.csv,2025-08-08 13:38:57,0.0
GEOP_20260402.csv,2025-08-08 13:41:57,0.0
GEOP_20260402.csv,2025-08-08 13:44:57,0.0
GEOP_20260402.csv,2025-08-08 13:47:57,0.0
GEOP_20260402.csv,2025-08-08 13:50:57,0.0
GEOP_20260402.csv,2025-08-08 13:53:57,0.0
GEOP_20260402.csv,2025-08-08 13:56:57,0.0
GEOP_20260402.csv,2025-08-08 13:59:57,0.0
GEOP_20260402.csv,2025-08-08 14:02:57,0.0
GEOP_20260402.csv,2025-08-08 14:05:57,0.0
GEOP_20260402.csv,2025-08-08 14:08:57,0.0
GEOP_20260402.csv,2025-08-08 14:11:57,0.0
GEOP_20260402.csv,2025-08-08 14:14:57,0.0
GEOP_20260402.csv,2025-08-08 14:17:57,0.0
GEOP_20260402.csv,2025-08-08 14:20:57,0.0
GEOP_20260402.csv,2025-08-08 14:23:57,0.0
GEOP_20260402.csv,2025-08-08 14:26:57,0.0
GEOP_20260402.csv,2025-08-08 14:29:57,0.0
GEOP_20260402.csv,2025-08-08 14:32:57,0.0
GEOP_20260402.csv,2025-08-08 14:35:57,0.0
GEOP_20260402.csv,2025-08-08 14:38:57,0.0
GEOP_20260402.csv,2025-08-08 14:44:57,0.0
GEOP_20260402.csv,2025-08-08 14:47:57,0.0
GEOP_20260402.csv,2025-08-08 14:50:57,0.0
GEOP_20260402.csv,2025-08-08 14:53:57,0.0
GEOP_20260402.csv,2025-08-08 15:02:57,0.0
GEOP_20260402.csv,2025-08-08 15:05:57,0.0
GEOP_20260402.csv,2025-08-08 15:08:57,0.0
GEOP_20260402.csv,2025-08-08 15:11:57,0.0
GEOP_20260402.csv,2025-08-08 15:14:57,0.0
GEOP_20260402.csv,2025-08-08 15:17:57,0.0
GEOP_20260402.csv,2025-08-08 15:20:57,0.0
GEOP_20260402.csv,2025-08-08 15:23:57,0.0
GEOP_20260402.csv,2025-08-08 15:29:57,0.0
GEOP_20260402.csv,2025-08-08 15:32:57,0.0
GEOP_20260402.csv,2025-08-08 15:35:57,0.0
GEOP_20260402.csv,2025-08-08 15:38:57,0.0
GEOP_20260402.csv,2025-08-08 15:41:57,0.0
GEOP_20260402.csv,2025-08-08 15:44:57,0.0
GEOP_20260402.csv,2025-08-08 15:47:57,0.0
GEOP_20260402.csv,2025-08-08 15:50:57,0.0
GEOP_20260402.csv,2025-08-08 15:53:57,0.0
GEOP_20260402.csv,2025-08-08 15:56:57,0.0
GEOP_20260402.csv,2025-08-08 15:59:57,0.0
GEOP_20260402.csv,2025-08-08 16:02:57,0.0
GEOP_20260402.csv,2025-08-08 16:05:57,0.0
GEOP_20260402.csv,2025-08-08 16:08:57,0.0
GEOP_20260402.csv,2025-08-08 16:11:57,0.0
GEOP_20260402.csv,2025-08-08 16:14:57,0.0
GEOP_20260402.csv,2025-08-08 16:17:57,0.0
GEOP_20260402.csv,2025-08-08 16:20:57,0.0
GEOP_20260402.csv,2025-08-08 16:23:57,0.0
GEOP_20260402.csv,2025-08-08 16:26:57,0.0
GEOP_20260402.csv,2025-08-08 16:29:57,0.0
GEOP_20260402.csv,2025-08-08 16:32:57,0.0
GEOP_20260402.csv,2025-08-08 16:35:57,0.0
GEOP_20260402.csv,2025-08-08 16:38:57,0.0
GEOP_20260402.csv,2025-08-08 16:41:57,0.0
GEOP_20260402.csv,2025-08-08 16:44:57,0.0
GEOP_20260402.csv,2025-08-08 16:47:57,0.0
GEOP_20260402.csv,2025-08-08 16:50:57,0.0
GEOP_20260402.csv,2025-08-08 16:56:57,0.0
GEOP_20260402.csv,2025-08-08 16:59:57,0.0
GEOP_20260402.csv,2025-08-08 17:02:57,0.0
GEOP_20260402.csv,2025-08-08 17:05:57,0.0
GEOP_20260402.csv,2025-08-08 17:08:57,0.0
GEOP_20260402.csv,2025-08-08 17:11:57,0.0
GEOP_20260402.csv,2025-08-08 17:14:57,0.0
GEOP_20260402.csv,2025-08-08 17:17:57,0.0
GEOP_20260402.csv,2025-08-08 17:20:57,0.0
GEOP_20260402.csv,2025-08-08 17:23:57,0.0
GEOP_20260402.csv,2025-08-08 17:26:57,0.0
GEOP_20260402.csv,2025-08-08 17:29:57,0.0
GEOP_20260402.csv,2025-08-08 17:32:57,0.0
GEOP_20260402.csv,2025-08-08 17:35:57,0.0
GEOP_20260402.csv,2025-08-08 17:38:57,0.0
GEOP_20260402.csv,2025-08-08 17:41:57,0.0
GEOP_20260402.csv,2025-08-08 17:44:57,0.0
GEOP_20260402.csv,2025-08-08 17:47:57,0.0
GEOP_20260402.csv,2025-08-08 17:50:57,0.0
GEOP_20260402.csv,2025-08-08 17:53:57,0.0
GEOP_20260402.csv,2025-08-08 17:56:57,0.0
GEOP_20260402.csv,2025-08-08 17:59:57,0.0
GEOP_20260402.csv,2025-08-08 18:02:57,0.0
GEOP_20260402.csv,2025-08-08 18:05:57,0.0
GEOP_20260402.csv,2025-08-08 18:08:57,0.0
GEOP_20260402.csv,2025-08-08 18:11:57,0.0
GEOP_20260402.csv,2025-08-08 18:14:57,0.0
GEOP_20260402.csv,2025-08-08 18:17:57,0.0
GEOP_20260402.csv,2025-08-08 18:20:57,0.0
GEOP_20260402.csv,2025-08-08 18:23:57,0.0
GEOP_20260402.csv,2025-08-08 18:26:57,0.0
GEOP_20260402.csv,2025-08-08 18:29:57,0.0
GEOP_20260402.csv,2025-08-08 18:32:57,0.0
GEOP_20260402.csv,2025-08-08 18:35:57,0.0
GEOP_20260402.csv,2025-08-08 18:38:57,0.0
GEOP_20260402.csv,2025-08-08 18:41:57,0.0
GEOP_20260402.csv,2025-08-08 18:44:57,0.0
GEOP_20260402.csv,2025-08-08 18:47:57,0.0
GEOP_20260402.csv,2025-08-08 18:50:57,0.0
GEOP_20260402.csv,2025-08-08 18:53:57,0.0
GEOP_20260402.csv,2025-08-08 18:56:57,0.0
GEOP_20260402.csv,2025-08-08 18:59:57,0.0
GEOP_20260402.csv,2025-08-08 19:02:57,0.0
GEOP_20260402.csv,2025-08-08 19:05:57,0.0
GEOP_20260402.csv,2025-08-08 19:08:57,0.0
GEOP_20260402.csv,2025-08-08 19:11:57,0.0
GEOP_20260402.csv,2025-08-08 19:14:57,0.0
GEOP_20260402.csv,2025-08-08 19:17:57,0.0
GEOP_20260402.csv,2025-08-08 19:20:57,0.0
GEOP_20260402.csv,2025-08-08 19:23:57,0.0
GEOP_20260402.csv,2025-08-08 19:26:57,0.0
GEOP_20260402.csv,2025-08-08 19:29:57,0.0
GEOP_20260402.csv,2025-08-08 19:32:57,0.0
GEOP_20260402.csv,2025-08-08 19:35:57,0.0
GEOP_20260402.csv,2025-08-08 19:38:57,0.0
GEOP_20260402.csv,2025-08-08 19:41:57,0.0
GEOP_20260402.csv,2025-08-08 19:44:57,0.0
GEOP_20260402.csv,2025-08-08 19:47:57,0.0
GEOP_20260402.csv,2025-08-08 19:50:57,0.0
GEOP_20260402.csv,2025-08-08 19:53:57,0.0
GEOP_20260402.csv,2025-08-08 19:56:57,0.0
GEOP_20260402.csv,2025-08-08 19:59:57,0.0
GEOP_20260402.csv,2025-08-08 20:02:57,0.0
GEOP_20260402.csv,2025-08-08 20:05:57,0.0
GEOP_20260402.csv,2025-08-08 20:08:57,0.0
GEOP_20260402.csv,2025-08-08 20:11:57,0.0
GEOP_20260402.csv,2025-08-08 20:14:57,0.0
GEOP_20260402.csv,2025-08-08 20:17:57,0.0
GEOP_20260402.csv,2025-08-08 20:20:57,0.0
GEOP_20260402.csv,2025-08-08 20:23:57,0.0
GEOP_20260402.csv,2025-08-08 20:26:57,0.0
GEOP_20260402.csv,2025-08-08 20:29:57,0.0
GEOP_20260402.csv,2025-08-08 20:32:57,0.0
GEOP_20260402.csv,2025-08-08 20:35:57,0.0
GEOP_20260402.csv,2025-08-08 20:38:57,0.0
GEOP_20260402.csv,2025-08-08 20:41:57,0.0
GEOP_20260402.csv,2025-08-08 20:44:57,0.0
GEOP_20260402.csv,2025-08-08 20:47:57,0.0
GEOP_20260402.csv,2025-08-08 20:50:57,0.0
GEOP_20260402.csv,2025-08-08 20:53:57,0.0
GEOP_20260402.csv,2025-08-08 20:56:57,0.0
GEOP_20260402.csv,2025-08-08 20:59:57,0.0
GEOP_20260402.csv,2025-08-08 21:02:57,0.0
GEOP_20260402.csv,2025-08-08 21:05:57,0.0
GEOP_20260402.csv,2025-08-08 21:08:57,0.0
GEOP_20260402.csv,2025-08-08 21:11:57,0.0
GEOP_20260402.csv,2025-08-08 21:14:57,0.0
GEOP_20260402.csv,2025-08-08 21:17:57,0.0
GEOP_20260402.csv,2025-08-08 21:20:57,0.0
GEOP_20260402.csv,2025-08-08 21:23:57,0.0
GEOP_20260402.csv,2025-08-08 21:26:57,0.0
GEOP_20260402.csv,2025-08-08 21:29:57,0.0
GEOP_20260402.csv,2025-08-08 21:32:57,0.0
GEOP_20260402.csv,2025-08-08 21:35:57,0.0
GEOP_20260402.csv,2025-08-08 21:38:57,0.0
GEOP_20260402.csv,2025-08-08 21:41:57,0.0
GEOP_20260402.csv,2025-08-08 21:44:57,0.0
GEOP_20260402.csv,2025-08-08 21:47:57,0.0
GEOP_20260402.csv,2025-08-08 21:50:57,0.0
GEOP_20260402.csv,2025-08-08 21:53:57,0.0
GEOP_20260402.csv,2025-08-08 21:56:57,0.0
GEOP_20260402.csv,2025-08-08 21:59:57,0.0
GEOP_20260402.csv,2025-08-08 22:02:57,0.0
GEOP_20260402.csv,2025-08-08 22:05:57,0.0
GEOP_20260402.csv,2025-08-08 22:08:57,0.0
GEOP_20260402.csv,2025-08-08 22:11:57,0.0
GEOP_20260402.csv,2025-08-08 22:14:57,0.0
GEOP_20260402.csv,2025-08-08 22:17:57,0.0
GEOP_20260402.csv,2025-08-08 22:20:57,0.0
GEOP_20260402.csv,2025-08-08 22:23:57,0.0
GEOP_20260402.csv,2025-08-08 22:26:57,0.0
GEOP_20260402.csv,2025-08-08 22:29:57,0.0
GEOP_20260402.csv,2025-08-08 22:32:57,0.0
GEOP_20260402.csv,2025-08-08 22:35:57,0.0
GEOP_20260402.csv,2025-08-08 22:38:57,0.0
GEOP_20260402.csv,2025-08-08 22:41:57,0.0
GEOP_20260402.csv,2025-08-08 22:44:57,0.0
GEOP_20260402.csv,2025-08-08 22:50:57,0.0
GEOP_20260402.csv,2025-08-08 22:53:57,0.0
GEOP_20260402.csv,2025-08-08 22:56:57,0.0
GEOP_20260402.csv,2025-08-08 22:59:57,0.0
GEOP_20260402.csv,2025-08-08 23:02:57,0.0
GEOP_20260402.csv,2025-08-08 23:05:57,0.0
GEOP_20260402.csv,2025-08-08 23:08:57,0.0
GEOP_20260402.csv,2025-08-08 23:11:57,0.0
GEOP_20260402.csv,2025-08-08 23:14:57,0.0
GEOP_20260402.csv,2025-08-08 23:17:57,0.0
GEOP_20260402.csv,2025-08-08 23:20:57,0.0
GEOP_20260402.csv,2025-08-08 23:23:57,0.0
GEOP_20260402.csv,2025-08-08 23:26:57,0.0
GEOP_20260402.csv,2025-08-08 23:29:57,0.0
GEOP_20260402.csv,2025-08-08 23:32:57,0.0
GEOP_20260402.csv,2025-08-08 23:35:57,0.0
GEOP_20260402.csv,2025-08-08 23:38:56,0.0
GEOP_20260402.csv,2025-08-08 23:41:56,0.0
GEOP_20260402.csv,2025-08-08 23:44:56,0.0
GEOP_20260402.csv,2025-08-08 23:47:56,0.0
GEOP_20260402.csv,2025-08-08 23:50:56,0.0
GEOP_20260402.csv,2025-08-08 23:53:56,0.0
GEOP_20260402.csv,2025-08-08 23:56:56,0.0
GEOP_20260402.csv,2025-08-08 23:59:56,0.0
GEOP_20260402.csv,2025-08-09 00:02:56,0.0
GEOP_20260402.csv,2025-08-09 00:05:56,0.0
GEOP_20260402.csv,2025-08-09 00:08:56,0.0
GEOP_20260402.csv,2025-08-09 00:11:56,0.0
GEOP_20260402.csv,2025-08-09 00:14:56,0.0
GEOP_20260402.csv,2025-08-09 00:17:56,0.0
GEOP_20260402.csv,2025-08-09 00:20:56,0.0
GEOP_20260402.csv,2025-08-09 00:23:56,0.0
GEOP_20260402.csv,2025-08-09 00:26:56,0.0
GEOP_20260402.csv,2025-08-09 00:29:56,0.0
GEOP_20260402.csv,2025-08-09 00:32:56,0.0
GEOP_20260402.csv,2025-08-09 00:35:56,0.0
GEOP_20260402.csv,2025-08-09 00:38:56,0.0
GEOP_20260402.csv,2025-08-09 00:41:56,0.0
GEOP_20260402.csv,2025-08-09 00:44:56,0.0
GEOP_20260402.csv,2025-08-09 00:47:56,0.0
GEOP_20260402.csv,2025-08-09 00:50:56,0.0
GEOP_20260402.csv,2025-08-09 00:53:56,0.0
GEOP_20260402.csv,2025-08-09 00:56:56,0.0
GEOP_20260402.csv,2025-08-09 00:59:56,0.0
GEOP_20260402.csv,2025-08-09 01:02:56,0.0
GEOP_20260402.csv,2025-08-09 01:08:56,0.0
GEOP_20260402.csv,2025-08-09 01:11:56,0.0
GEOP_20260402.csv,2025-08-09 01:14:56,0.0
GEOP_20260402.csv,2025-08-09 01:17:56,0.0
GEOP_20260402.csv,2025-08-09 01:20:56,0.0
GEOP_20260402.csv,2025-08-09 01:23:56,0.0
GEOP_20260402.csv,2025-08-09 01:26:56,0.0
GEOP_20260402.csv,2025-08-09 01:29:56,0.0
GEOP_20260402.csv,2025-08-09 01:32:56,0.0
GEOP_20260402.csv,2025-08-09 01:35:56,0.0
GEOP_20260402.csv,2025-08-09 01:38:56,0.0
GEOP_20260402.csv,2025-08-09 01:41:56,0.0
GEOP_20260402.csv,2025-08-09 01:44:56,0.0
GEOP_20260402.csv,2025-08-09 01:47:56,0.0
GEOP_20260402.csv,2025-08-09 01:50:56,0.0
GEOP_20260402.csv,2025-08-09 01:53:56,0.0
GEOP_20260402.csv,2025-08-09 01:56:56,0.0
GEOP_20260402.csv,2025-08-09 01:59:56,0.0
GEOP_20260402.csv,2025-08-09 02:02:56,0.0
GEOP_20260402.csv,2025-08-09 02:05:56,0.0
GEOP_20260402.csv,2025-08-09 02:11:56,0.0
GEOP_20260402.csv,2025-08-09 02:14:56,0.0
GEOP_20260402.csv,2025-08-09 02:17:56,0.0
GEOP_20260402.csv,2025-08-09 02:20:56,0.0
GEOP_20260402.csv,2025-08-09 02:23:56,0.0
GEOP_20260402.csv,2025-08-09 02:26:56,0.0
GEOP_20260402.csv,2025-08-09 02:29:56,0.0
GEOP_20260402.csv,2025-08-09 02:32:56,0.0
GEOP_20260402.csv,2025-08-09 02:35:56,0.0
GEOP_20260402.csv,2025-08-09 02:38:56,0.0
GEOP_20260402.csv,2025-08-09 02:41:56,0.0
GEOP_20260402.csv,2025-08-09 02:44:56,0.0
GEOP_20260402.csv,2025-08-09 02:47:56,0.0
GEOP_20260402.csv,2025-08-09 02:50:56,0.0
GEOP_20260402.csv,2025-08-09 02:53:56,0.0
GEOP_20260402.csv,2025-08-09 02:56:56,0.0
GEOP_20260402.csv,2025-08-09 02:59:56,0.0
GEOP_20260402.csv,2025-08-09 03:02:56,0.0
GEOP_20260402.csv,2025-08-09 03:05:56,0.0
GEOP_20260402.csv,2025-08-09 03:08:56,0.0
GEOP_20260402.csv,2025-08-09 03:11:56,0.0
GEOP_20260402.csv,2025-08-09 03:14:56,0.0
GEOP_20260402.csv,2025-08-09 03:17:56,0.0
GEOP_20260402.csv,2025-08-09 03:20:56,0.0
GEOP_20260402.csv,2025-08-09 03:23:56,0.0
GEOP_20260402.csv,2025-08-09 03:26:56,0.0
GEOP_20260402.csv,2025-08-09 03:29:56,0.0
GEOP_20260402.csv,2025-08-09 03:32:56,0.0
GEOP_20260402.csv,2025-08-09 03:35:56,0.0
GEOP_20260402.csv,2025-08-09 03:38:56,0.0
GEOP_20260402.csv,2025-08-09 03:41:56,0.0
GEOP_20260402.csv,2025-08-09 03:44:56,0.0
GEOP_20260402.csv,2025-08-09 03:47:56,0.0
GEOP_20260402.csv,2025-08-09 03:50:56,0.0
GEOP_20260402.csv,2025-08-09 03:53:56,0.0
GEOP_20260402.csv,2025-08-09 03:56:56,0.0
GEOP_20260402.csv,2025-08-09 03:59:56,0.0
GEOP_20260402.csv,2025-08-09 04:02:56,0.0
GEOP_20260402.csv,2025-08-09 04:05:56,0.0
GEOP_20260402.csv,2025-08-09 04:08:56,0.0
GEOP_20260402.csv,2025-08-09 04:11:56,0.0
GEOP_20260402.csv,2025-08-09 04:14:56,0.0
GEOP_20260402.csv,2025-08-09 04:17:56,0.0
GEOP_20260402.csv,2025-08-09 04:20:56,0.0
GEOP_20260402.csv,2025-08-09 04:23:56,0.0
GEOP_20260402.csv,2025-08-09 04:26:56,0.0
GEOP_20260402.csv,2025-08-09 04:29:56,0.0
GEOP_20260402.csv,2025-08-09 04:32:56,0.0
GEOP_20260402.csv,2025-08-09 04:35:56,0.0
GEOP_20260402.csv,2025-08-09 04:41:56,0.0
GEOP_20260402.csv,2025-08-09 04:44:56,0.0
GEOP_20260402.csv,2025-08-09 04:47:56,0.0
GEOP_20260402.csv,2025-08-09 04:50:56,0.0
GEOP_20260402.csv,2025-08-09 04:53:56,0.0
GEOP_20260402.csv,2025-08-09 04:56:56,0.0
GEOP_20260402.csv,2025-08-09 04:59:56,0.0
GEOP_20260402.csv,2025-08-09 05:02:56,0.0
GEOP_20260402.csv,2025-08-09 05:05:56,0.0
GEOP_20260402.csv,2025-08-09 05:08:56,0.0
GEOP_20260402.csv,2025-08-09 05:11:56,0.0
GEOP_20260402.csv,2025-08-09 05:14:56,0.0
GEOP_20260402.csv,2025-08-09 05:17:56,0.0
GEOP_20260402.csv,2025-08-09 05:20:56,0.0
GEOP_20260402.csv,2025-08-09 05:23:56,0.0
GEOP_20260402.csv,2025-08-09 05:26:56,0.0
GEOP_20260402.csv,2025-08-09 05:29:56,0.0
GEOP_20260402.csv,2025-08-09 05:32:56,0.0
GEOP_20260402.csv,2025-08-09 05:35:56,0.0
GEOP_20260402.csv,2025-08-09 05:38:56,0.0
GEOP_20260402.csv,2025-08-09 05:41:56,0.0
GEOP_20260402.csv,2025-08-09 05:44:56,0.0
GEOP_20260402.csv,2025-08-09 05:47:56,0.0
GEOP_20260402.csv,2025-08-09 05:50:56,0.0
GEOP_20260402.csv,2025-08-09 05:53:56,0.0
GEOP_20260402.csv,2025-08-09 05:56:56,0.0
GEOP_20260402.csv,2025-08-09 05:59:56,0.0
GEOP_20260402.csv,2025-08-09 06:02:56,0.0
GEOP_20260402.csv,2025-08-09 06:05:56,0.0
GEOP_20260402.csv,2025-08-09 06:08:56,0.0
GEOP_20260402.csv,2025-08-09 06:11:56,0.0
GEOP_20260402.csv,2025-08-09 06:14:56,0.0
GEOP_20260402.csv,2025-08-09 06:17:56,0.0
GEOP_20260402.csv,2025-08-09 06:20:56,0.0
GEOP_20260402.csv,2025-08-09 06:23:56,0.0
GEOP_20260402.csv,2025-08-09 06:26:56,0.0
GEOP_20260402.csv,2025-08-09 06:29:56,0.0
GEOP_20260402.csv,2025-08-09 06:32:56,0.0
GEOP_20260402.csv,2025-08-09 06:35:56,0.0
GEOP_20260402.csv,2025-08-09 06:38:56,0.0
GEOP_20260402.csv,2025-08-09 06:41:56,0.0
GEOP_20260402.csv,2025-08-09 06:44:56,0.0
GEOP_20260402.csv,2025-08-09 06:47:56,0.0
GEOP_20260402.csv,2025-08-09 06:50:56,0.0
GEOP_20260402.csv,2025-08-09 06:53:56,0.0
GEOP_20260402.csv,2025-08-09 06:56:56,0.0
GEOP_20260402.csv,2025-08-09 06:59:56,0.0
GEOP_20260402.csv,2025-08-09 07:02:56,0.0
GEOP_20260402.csv,2025-08-09 07:05:56,0.0
GEOP_20260402.csv,2025-08-09 07:08:56,0.0
GEOP_20260402.csv,2025-08-09 07:11:56,0.0
GEOP_20260402.csv,2025-08-09 07:14:56,0.0
GEOP_20260402.csv,2025-08-09 07:17:56,0.0
GEOP_20260402.csv,2025-08-09 07:20:56,0.0
GEOP_20260402.csv,2025-08-09 07:23:56,0.0
GEOP_20260402.csv,2025-08-09 07:26:56,0.0
GEOP_20260402.csv,2025-08-09 07:29:56,0.0
GEOP_20260402.csv,2025-08-09 07:32:56,0.0
GEOP_20260402.csv,2025-08-09 07:35:56,0.0
GEOP_20260402.csv,2025-08-09 07:38:56,0.0
GEOP_20260402.csv,2025-08-09 07:41:56,0.0
GEOP_20260402.csv,2025-08-09 07:44:56,0.0
GEOP_20260402.csv,2025-08-09 07:47:56,0.0
GEOP_20260402.csv,2025-08-09 07:50:56,0.0
GEOP_20260402.csv,2025-08-09 07:53:56,0.0
GEOP_20260402.csv,2025-08-09 07:56:56,0.0
GEOP_20260402.csv,2025-08-09 07:59:56,0.0
GEOP_20260402.csv,2025-08-09 08:02:56,0.0
GEOP_20260402.csv,2025-08-09 08:05:56,0.0
GEOP_20260402.csv,2025-08-09 08:08:56,0.0
GEOP_20260402.csv,2025-08-09 08:11:56,0.0
GEOP_20260402.csv,2025-08-09 08:14:56,0.0
GEOP_20260402.csv,2025-08-09 08:17:56,0.0
GEOP_20260402.csv,2025-08-09 08:20:56,0.0
GEOP_20260402.csv,2025-08-09 08:23:56,0.0
GEOP_20260402.csv,2025-08-09 08:26:56,0.0
GEOP_20260402.csv,2025-08-09 08:29:56,0.0
GEOP_20260402.csv,2025-08-09 08:32:56,0.0
GEOP_20260402.csv,2025-08-09 08:35:56,0.0
GEOP_20260402.csv,2025-08-09 08:38:56,0.0
GEOP_20260402.csv,2025-08-09 08:41:56,0.0
GEOP_20260402.csv,2025-08-09 08:44:56,0.0
GEOP_20260402.csv,2025-08-09 08:47:56,0.0
GEOP_20260402.csv,2025-08-09 08:50:56,0.0
GEOP_20260402.csv,2025-08-09 08:56:56,0.0
GEOP_20260402.csv,2025-08-09 08:59:56,0.0
GEOP_20260402.csv,2025-08-09 09:02:56,0.0
GEOP_20260402.csv,2025-08-09 09:05:55,0.0
GEOP_20260402.csv,2025-08-09 09:08:56,0.0
GEOP_20260402.csv,2025-08-09 09:11:55,0.0
GEOP_20260402.csv,2025-08-09 09:14:56,0.0
GEOP_20260402.csv,2025-08-09 09:17:55,0.0
GEOP_20260402.csv,2025-08-09 09:20:55,0.0
GEOP_20260402.csv,2025-08-09 09:23:55,0.0
GEOP_20260402.csv,2025-08-09 09:26:55,0.0
GEOP_20260402.csv,2025-08-09 09:29:55,0.0
GEOP_20260402.csv,2025-08-09 09:32:55,0.0
GEOP_20260402.csv,2025-08-09 09:35:55,0.0
GEOP_20260402.csv,2025-08-09 09:38:55,0.0
GEOP_20260402.csv,2025-08-09 09:41:55,0.0
GEOP_20260402.csv,2025-08-09 09:44:55,0.0
GEOP_20260402.csv,2025-08-09 09:47:55,0.0
GEOP_20260402.csv,2025-08-09 09:50:55,0.0
GEOP_20260402.csv,2025-08-09 09:53:55,0.0
GEOP_20260402.csv,2025-08-09 09:56:55,0.0
GEOP_20260402.csv,2025-08-09 09:59:55,0.0
GEOP_20260402.csv,2025-08-09 10:02:55,0.0
GEOP_20260402.csv,2025-08-09 10:05:55,0.0
GEOP_20260402.csv,2025-08-09 10:08:55,0.0
GEOP_20260402.csv,2025-08-09 10:11:55,0.0
GEOP_20260402.csv,2025-08-09 10:14:55,0.0
GEOP_20260402.csv,2025-08-09 10:17:55,0.0
GEOP_20260402.csv,2025-08-09 10:20:55,0.0
GEOP_20260402.csv,2025-08-09 10:23:55,0.0
GEOP_20260402.csv,2025-08-09 10:26:55,0.0
GEOP_20260402.csv,2025-08-09 10:29:55,0.0
GEOP_20260402.csv,2025-08-09 10:32:55,0.0
GEOP_20260402.csv,2025-08-09 10:35:55,0.0
GEOP_20260402.csv,2025-08-09 10:38:55,0.0
GEOP_20260402.csv,2025-08-09 10:41:55,0.0
GEOP_20260402.csv,2025-08-09 10:44:55,0.0
GEOP_20260402.csv,2025-08-09 10:47:55,0.0
GEOP_20260402.csv,2025-08-09 10:50:55,0.0
GEOP_20260402.csv,2025-08-09 10:53:55,0.0
GEOP_20260402.csv,2025-08-09 10:56:55,0.0
GEOP_20260402.csv,2025-08-09 10:59:55,0.0
GEOP_20260402.csv,2025-08-09 11:02:55,0.0
GEOP_20260402.csv,2025-08-09 11:05:55,0.0
GEOP_20260402.csv,2025-08-09 11:08:55,0.0
GEOP_20260402.csv,2025-08-09 11:11:55,0.0
GEOP_20260402.csv,2025-08-09 11:14:55,0.0
GEOP_20260402.csv,2025-08-09 11:20:55,0.0
GEOP_20260402.csv,2025-08-09 11:23:55,0.0
GEOP_20260402.csv,2025-08-09 11:26:55,0.0
GEOP_20260402.csv,2025-08-09 11:29:55,0.0
GEOP_20260402.csv,2025-08-09 11:32:55,0.0
GEOP_20260402.csv,2025-08-09 11:35:55,0.0
GEOP_20260402.csv,2025-08-09 11:38:55,0.0
GEOP_20260402.csv,2025-08-09 11:41:55,0.0
GEOP_20260402.csv,2025-08-09 11:44:55,0.0
GEOP_20260402.csv,2025-08-09 11:47:55,0.0
GEOP_20260402.csv,2025-08-09 11:50:55,0.0
GEOP_20260402.csv,2025-08-09 11:53:55,0.0
GEOP_20260402.csv,2025-08-09 11:56:55,0.0
GEOP_20260402.csv,2025-08-09 11:59:55,0.0
GEOP_20260402.csv,2025-08-09 12:02:55,0.0
GEOP_20260402.csv,2025-08-09 12:05:55,0.0
GEOP_20260402.csv,2025-08-09 12:08:55,0.0
GEOP_20260402.csv,2025-08-09 12:14:55,0.0
GEOP_20260402.csv,2025-08-09 12:17:55,0.0
GEOP_20260402.csv,2025-08-09 12:20:55,0.0
GEOP_20260402.csv,2025-08-09 12:23:55,0.0
GEOP_20260402.csv,2025-08-09 12:26:55,0.0
GEOP_20260402.csv,2025-08-09 12:29:55,0.0
GEOP_20260402.csv,2025-08-09 12:32:55,0.0
GEOP_20260402.csv,2025-08-09 12:35:55,0.0
GEOP_20260402.csv,2025-08-09 12:38:55,0.0
GEOP_20260402.csv,2025-08-09 12:41:55,0.0
GEOP_20260402.csv,2025-08-09 12:44:55,0.0
GEOP_20260402.csv,2025-08-09 12:47:55,0.0
GEOP_20260402.csv,2025-08-09 12:50:55,0.0
GEOP_20260402.csv,2025-08-09 12:53:55,0.0
GEOP_20260402.csv,2025-08-09 12:56:55,0.0
GEOP_20260402.csv,2025-08-09 13:02:55,0.0
GEOP_20260402.csv,2025-08-09 13:08:55,0.0
GEOP_20260402.csv,2025-08-09 13:11:55,0.0
GEOP_20260402.csv,2025-08-09 13:14:55,0.0
GEOP_20260402.csv,2025-08-09 13:17:55,0.0
GEOP_20260402.csv,2025-08-09 13:20:55,0.0
GEOP_20260402.csv,2025-08-09 13:23:55,0.0
GEOP_20260402.csv,2025-08-09 13:26:55,0.0
GEOP_20260402.csv,2025-08-09 13:29:55,0.0
GEOP_20260402.csv,2025-08-09 13:32:55,0.0
GEOP_20260402.csv,2025-08-09 13:35:55,0.0
GEOP_20260402.csv,2025-08-09 13:38:55,0.0
GEOP_20260402.csv,2025-08-09 13:41:55,0.0
GEOP_20260402.csv,2025-08-09 13:44:55,0.0
GEOP_20260402.csv,2025-08-09 13:47:55,0.0
GEOP_20260402.csv,2025-08-09 13:50:55,0.0
GEOP_20260402.csv,2025-08-09 13:53:55,0.0
GEOP_20260402.csv,2025-08-09 13:56:55,0.0
GEOP_20260402.csv,2025-08-09 13:59:55,0.0
GEOP_20260402.csv,2025-08-09 14:02:55,0.0
GEOP_20260402.csv,2025-08-09 14:05:55,0.0
GEOP_20260402.csv,2025-08-09 14:11:55,0.0
GEOP_20260402.csv,2025-08-09 14:14:55,0.0
GEOP_20260402.csv,2025-08-09 14:17:55,0.0
GEOP_20260402.csv,2025-08-09 14:20:55,0.0
GEOP_20260402.csv,2025-08-09 14:23:55,0.0
GEOP_20260402.csv,2025-08-09 14:26:55,0.0
GEOP_20260402.csv,2025-08-09 14:29:55,0.0
GEOP_20260402.csv,2025-08-09 14:32:55,0.0
GEOP_20260402.csv,2025-08-09 14:35:55,0.0
GEOP_20260402.csv,2025-08-09 14:38:55,0.0
GEOP_20260402.csv,2025-08-09 14:41:55,0.0
GEOP_20260402.csv,2025-08-09 14:47:55,0.0
GEOP_20260402.csv,2025-08-09 14:50:55,0.0
GEOP_20260402.csv,2025-08-09 14:53:55,0.0
GEOP_20260402.csv,2025-08-09 14:56:55,0.0
GEOP_20260402.csv,2025-08-09 14:59:55,0.0
GEOP_20260402.csv,2025-08-09 15:02:55,0.0
GEOP_20260402.csv,2025-08-09 15:05:55,0.0
GEOP_20260402.csv,2025-08-09 15:08:55,0.0
GEOP_20260402.csv,2025-08-09 15:11:55,0.0
GEOP_20260402.csv,2025-08-09 15:14:55,0.0
GEOP_20260402.csv,2025-08-09 15:17:55,0.0
GEOP_20260402.csv,2025-08-09 15:20:55,0.0
GEOP_20260402.csv,2025-08-09 15:23:55,0.0
GEOP_20260402.csv,2025-08-09 15:26:55,0.0
GEOP_20260402.csv,2025-08-09 15:29:55,0.0
GEOP_20260402.csv,2025-08-09 15:32:55,0.0
GEOP_20260402.csv,2025-08-09 15:35:55,0.0
GEOP_20260402.csv,2025-08-09 15:38:55,0.0
GEOP_20260402.csv,2025-08-09 15:41:55,0.0
GEOP_20260402.csv,2025-08-09 15:44:55,0.0
GEOP_20260402.csv,2025-08-09 15:47:55,0.0
GEOP_20260402.csv,2025-08-09 15:53:55,0.0
GEOP_20260402.csv,2025-08-09 15:56:55,0.0
GEOP_20260402.csv,2025-08-09 15:59:55,0.0
GEOP_20260402.csv,2025-08-09 16:02:55,0.0
GEOP_20260402.csv,2025-08-09 16:05:55,0.0
GEOP_20260402.csv,2025-08-09 16:08:55,0.0
GEOP_20260402.csv,2025-08-09 16:11:55,0.0
GEOP_20260402.csv,2025-08-09 16:14:55,0.0
GEOP_20260402.csv,2025-08-09 16:17:55,0.0
GEOP_20260402.csv,2025-08-09 16:20:55,0.0
GEOP_20260402.csv,2025-08-09 16:23:55,0.0
GEOP_20260402.csv,2025-08-09 16:26:55,0.0
GEOP_20260402.csv,2025-08-09 16:29:55,0.0
GEOP_20260402.csv,2025-08-09 16:32:55,0.0
GEOP_20260402.csv,2025-08-09 16:35:55,0.0
GEOP_20260402.csv,2025-08-09 16:38:55,0.0
GEOP_20260402.csv,2025-08-09 16:41:55,0.0
GEOP_20260402.csv,2025-08-09 16:44:55,0.0
GEOP_20260402.csv,2025-08-09 16:47:55,0.0
GEOP_20260402.csv,2025-08-09 16:50:55,0.0
GEOP_20260402.csv,2025-08-09 16:53:55,0.0
GEOP_20260402.csv,2025-08-09 16:56:55,0.0
GEOP_20260402.csv,2025-08-09 16:59:55,0.0
GEOP_20260402.csv,2025-08-09 17:02:55,0.0
GEOP_20260402.csv,2025-08-09 17:05:55,0.0
GEOP_20260402.csv,2025-08-09 17:08:55,0.0
GEOP_20260402.csv,2025-08-09 17:11:55,0.0
GEOP_20260402.csv,2025-08-09 17:14:55,0.0
GEOP_20260402.csv,2025-08-09 17:17:55,0.0
GEOP_20260402.csv,2025-08-09 17:20:55,0.0
GEOP_20260402.csv,2025-08-09 17:23:55,0.0
GEOP_20260402.csv,2025-08-09 17:26:55,0.0
GEOP_20260402.csv,2025-08-09 17:29:55,0.0
GEOP_20260402.csv,2025-08-09 17:32:55,0.0
GEOP_20260402.csv,2025-08-09 17:35:55,0.0
GEOP_20260402.csv,2025-08-09 17:38:55,0.0
GEOP_20260402.csv,2025-08-09 17:41:55,0.0
GEOP_20260402.csv,2025-08-09 17:44:55,0.0
GEOP_20260402.csv,2025-08-09 17:47:55,0.0
GEOP_20260402.csv,2025-08-09 17:50:55,0.0
GEOP_20260402.csv,2025-08-09 17:53:55,0.0
GEOP_20260402.csv,2025-08-09 17:56:55,0.0
GEOP_20260402.csv,2025-08-09 17:59:55,0.0
GEOP_20260402.csv,2025-08-09 18:02:55,0.0
GEOP_20260402.csv,2025-08-09 18:05:55,0.0
GEOP_20260402.csv,2025-08-09 18:08:55,0.0
GEOP_20260402.csv,2025-08-09 18:11:55,0.0
GEOP_20260402.csv,2025-08-09 18:14:55,0.0
GEOP_20260402.csv,2025-08-09 18:17:55,0.0
GEOP_20260402.csv,2025-08-09 18:20:55,0.0
GEOP_20260402.csv,2025-08-09 18:23:55,0.0
GEOP_20260402.csv,2025-08-09 18:26:55,0.0
GEOP_20260402.csv,2025-08-09 18:29:55,0.0
GEOP_20260402.csv,2025-08-09 18:32:55,0.0
GEOP_20260402.csv,2025-08-09 18:35:55,0.0
GEOP_20260402.csv,2025-08-09 18:38:55,0.0
GEOP_20260402.csv,2025-08-09 18:41:55,0.0
GEOP_20260402.csv,2025-08-09 18:44:55,0.0
GEOP_20260402.csv,2025-08-09 18:47:55,0.0
GEOP_20260402.csv,2025-08-09 18:50:55,0.0
GEOP_20260402.csv,2025-08-09 18:53:55,0.0
GEOP_20260402.csv,2025-08-09 18:56:55,0.0
GEOP_20260402.csv,2025-08-09 18:59:55,0.0
GEOP_20260402.csv,2025-08-09 19:02:55,0.0
GEOP_20260402.csv,2025-08-09 19:05:55,0.0
GEOP_20260402.csv,2025-08-09 19:08:55,0.0
GEOP_20260402.csv,2025-08-09 19:11:55,0.0
GEOP_20260402.csv,2025-08-09 19:14:55,0.0
GEOP_20260402.csv,2025-08-09 19:17:55,0.0
GEOP_20260402.csv,2025-08-09 19:20:55,0.0
GEOP_20260402.csv,2025-08-09 19:23:55,0.0
GEOP_20260402.csv,2025-08-09 19:26:55,0.0
GEOP_20260402.csv,2025-08-09 19:29:55,0.0
GEOP_20260402.csv,2025-08-09 19:32:55,0.0
GEOP_20260402.csv,2025-08-09 19:35:55,0.0
GEOP_20260402.csv,2025-08-09 19:38:55,0.0
GEOP_20260402.csv,2025-08-09 19:41:55,0.0
GEOP_20260402.csv,2025-08-09 19:44:55,0.0
GEOP_20260402.csv,2025-08-09 19:47:55,0.0
GEOP_20260402.csv,2025-08-09 19:50:55,0.0
GEOP_20260402.csv,2025-08-09 19:53:55,0.0
GEOP_20260402.csv,2025-08-09 19:56:55,0.0
GEOP_20260402.csv,2025-08-09 19:59:55,0.0
GEOP_20260402.csv,2025-08-09 20:02:55,0.0
GEOP_20260402.csv,2025-08-09 20:05:55,0.0
GEOP_20260402.csv,2025-08-09 20:08:55,0.0
GEOP_20260402.csv,2025-08-09 20:11:55,0.0
GEOP_20260402.csv,2025-08-09 20:14:54,0.0
GEOP_20260402.csv,2025-08-09 20:17:54,0.0
GEOP_20260402.csv,2025-08-09 20:20:54,0.0
GEOP_20260402.csv,2025-08-09 20:23:54,0.0
GEOP_20260402.csv,2025-08-09 20:26:54,0.0
GEOP_20260402.csv,2025-08-09 20:29:54,0.0
GEOP_20260402.csv,2025-08-09 20:32:54,0.0
GEOP_20260402.csv,2025-08-09 20:35:54,0.0
GEOP_20260402.csv,2025-08-09 20:38:54,0.0
GEOP_20260402.csv,2025-08-09 20:41:54,0.0
GEOP_20260402.csv,2025-08-09 20:44:54,0.0
GEOP_20260402.csv,2025-08-09 20:47:54,0.0
GEOP_20260402.csv,2025-08-09 20:50:54,0.0
GEOP_20260402.csv,2025-08-09 20:53:54,0.0
GEOP_20260402.csv,2025-08-09 20:56:54,0.0
GEOP_20260402.csv,2025-08-09 20:59:54,0.0
GEOP_20260402.csv,2025-08-09 21:02:54,0.0
GEOP_20260402.csv,2025-08-09 21:05:54,0.0
GEOP_20260402.csv,2025-08-09 21:08:54,0.0
GEOP_20260402.csv,2025-08-09 21:11:54,0.0
GEOP_20260402.csv,2025-08-09 21:14:54,0.0
GEOP_20260402.csv,2025-08-09 21:17:54,0.0
GEOP_20260402.csv,2025-08-09 21:20:54,0.0
GEOP_20260402.csv,2025-08-09 21:23:54,0.0
GEOP_20260402.csv,2025-08-09 21:26:54,0.0
GEOP_20260402.csv,2025-08-09 21:29:54,0.0
GEOP_20260402.csv,2025-08-09 21:32:54,0.0
GEOP_20260402.csv,2025-08-09 21:35:54,0.0
GEOP_20260402.csv,2025-08-09 21:38:54,0.0
GEOP_20260402.csv,2025-08-09 21:41:54,0.0
GEOP_20260402.csv,2025-08-09 21:44:54,0.0
GEOP_20260402.csv,2025-08-09 21:47:54,0.0
GEOP_20260402.csv,2025-08-09 21:50:54,0.0
GEOP_20260402.csv,2025-08-09 21:53:54,0.0
GEOP_20260402.csv,2025-08-09 21:56:54,0.0
GEOP_20260402.csv,2025-08-09 21:59:54,0.0
GEOP_20260402.csv,2025-08-09 22:02:54,0.0
GEOP_20260402.csv,2025-08-09 22:05:54,0.0
GEOP_20260402.csv,2025-08-09 22:08:54,0.0
GEOP_20260402.csv,2025-08-09 22:11:54,0.0
GEOP_20260402.csv,2025-08-09 22:14:54,0.0
GEOP_20260402.csv,2025-08-09 22:17:54,0.0
GEOP_20260402.csv,2025-08-09 22:20:54,0.0
GEOP_20260402.csv,2025-08-09 22:23:54,0.0
GEOP_20260402.csv,2025-08-09 22:26:54,0.0
GEOP_20260402.csv,2025-08-09 22:29:54,0.0
GEOP_20260402.csv,2025-08-09 22:32:54,0.0
GEOP_20260402.csv,2025-08-09 22:35:54,0.0
GEOP_20260402.csv,2025-08-09 22:38:54,0.0
GEOP_20260402.csv,2025-08-09 22:41:54,0.0
GEOP_20260402.csv,2025-08-09 22:44:54,0.0
GEOP_20260402.csv,2025-08-09 22:47:54,0.0
GEOP_20260402.csv,2025-08-09 22:50:54,0.0
GEOP_20260402.csv,2025-08-09 22:53:54,0.0
GEOP_20260402.csv,2025-08-09 22:56:54,0.0
GEOP_20260402.csv,2025-08-09 22:59:54,0.0
GEOP_20260402.csv,2025-08-09 23:02:54,0.0
GEOP_20260402.csv,2025-08-09 23:05:54,0.0
GEOP_20260402.csv,2025-08-09 23:08:54,0.0
GEOP_20260402.csv,2025-08-09 23:11:54,0.0
GEOP_20260402.csv,2025-08-09 23:14:54,0.0
GEOP_20260402.csv,2025-08-09 23:17:54,0.0
GEOP_20260402.csv,2025-08-09 23:20:54,0.0
GEOP_20260402.csv,2025-08-09 23:23:54,0.0
GEOP_20260402.csv,2025-08-09 23:26:54,0.0
GEOP_20260402.csv,2025-08-09 23:29:54,0.0
GEOP_20260402.csv,2025-08-09 23:32:54,0.0
GEOP_20260402.csv,2025-08-09 23:35:54,0.0
GEOP_20260402.csv,2025-08-09 23:38:54,0.0
GEOP_20260402.csv,2025-08-09 23:41:54,0.0
GEOP_20260402.csv,2025-08-09 23:44:54,0.0
GEOP_20260402.csv,2025-08-09 23:47:54,0.0
GEOP_20260402.csv,2025-08-09 23:50:54,0.0
GEOP_20260402.csv,2025-08-09 23:53:54,0.0
GEOP_20260402.csv,2025-08-09 23:56:54,0.0
GEOP_20260402.csv,2025-08-09 23:59:54,0.0
GEOP_20260402.csv,2025-08-10 00:02:54,0.0
GEOP_20260402.csv,2025-08-10 00:05:54,0.0
GEOP_20260402.csv,2025-08-10 00:08:54,0.0
GEOP_20260402.csv,2025-08-10 00:11:54,0.0
GEOP_20260402.csv,2025-08-10 00:14:54,0.0
GEOP_20260402.csv,2025-08-10 00:17:54,0.0
GEOP_20260402.csv,2025-08-10 00:20:54,0.0
GEOP_20260402.csv,2025-08-10 00:23:54,0.0
GEOP_20260402.csv,2025-08-10 00:26:54,0.0
GEOP_20260402.csv,2025-08-10 00:29:54,0.0
GEOP_20260402.csv,2025-08-10 00:32:54,0.0
GEOP_20260402.csv,2025-08-10 00:35:54,0.0
GEOP_20260402.csv,2025-08-10 00:38:54,0.0
GEOP_20260402.csv,2025-08-10 00:41:54,0.0
GEOP_20260402.csv,2025-08-10 00:44:54,0.0
GEOP_20260402.csv,2025-08-10 00:47:54,0.0
GEOP_20260402.csv,2025-08-10 00:50:54,0.0
GEOP_20260402.csv,2025-08-10 00:53:54,0.0
GEOP_20260402.csv,2025-08-10 00:56:54,0.0
GEOP_20260402.csv,2025-08-10 00:59:54,0.0
GEOP_20260402.csv,2025-08-10 01:02:54,0.0
GEOP_20260402.csv,2025-08-10 01:05:54,0.0
GEOP_20260402.csv,2025-08-10 01:08:54,0.0
GEOP_20260402.csv,2025-08-10 01:11:54,0.0
GEOP_20260402.csv,2025-08-10 01:14:54,0.0
GEOP_20260402.csv,2025-08-10 01:17:54,0.0
GEOP_20260402.csv,2025-08-10 01:20:54,0.0
GEOP_20260402.csv,2025-08-10 01:23:54,0.0
GEOP_20260402.csv,2025-08-10 01:26:54,0.0
GEOP_20260402.csv,2025-08-10 01:29:54,0.0
GEOP_20260402.csv,2025-08-10 01:32:54,0.0
GEOP_20260402.csv,2025-08-10 01:35:54,0.0
GEOP_20260402.csv,2025-08-10 01:38:54,0.0
GEOP_20260402.csv,2025-08-10 01:41:54,0.0
GEOP_20260402.csv,2025-08-10 01:44:54,0.0
GEOP_20260402.csv,2025-08-10 01:47:54,0.0
GEOP_20260402.csv,2025-08-10 01:50:54,0.0
GEOP_20260402.csv,2025-08-10 01:53:54,0.0
GEOP_20260402.csv,2025-08-10 01:56:54,0.0
GEOP_20260402.csv,2025-08-10 01:59:54,0.0
GEOP_20260402.csv,2025-08-10 02:02:54,0.0
GEOP_20260402.csv,2025-08-10 02:05:54,0.0
GEOP_20260402.csv,2025-08-10 02:08:54,0.0
GEOP_20260402.csv,2025-08-10 02:11:54,0.0
GEOP_20260402.csv,2025-08-10 02:14:54,0.0
GEOP_20260402.csv,2025-08-10 02:17:54,0.0
GEOP_20260402.csv,2025-08-10 02:20:54,0.0
GEOP_20260402.csv,2025-08-10 02:23:54,0.0
GEOP_20260402.csv,2025-08-10 02:26:54,0.0
GEOP_20260402.csv,2025-08-10 02:29:54,0.0
GEOP_20260402.csv,2025-08-10 02:32:54,0.0
GEOP_20260402.csv,2025-08-10 02:35:54,0.0
GEOP_20260402.csv,2025-08-10 02:38:54,0.0
GEOP_20260402.csv,2025-08-10 02:41:54,0.0
GEOP_20260402.csv,2025-08-10 02:44:54,0.0
GEOP_20260402.csv,2025-08-10 02:47:54,0.0
GEOP_20260402.csv,2025-08-10 02:50:54,0.0
GEOP_20260402.csv,2025-08-10 02:53:54,0.0
GEOP_20260402.csv,2025-08-10 02:56:54,0.0
GEOP_20260402.csv,2025-08-10 02:59:54,0.0
GEOP_20260402.csv,2025-08-10 03:02:54,0.0
GEOP_20260402.csv,2025-08-10 03:05:54,0.0
GEOP_20260402.csv,2025-08-10 03:08:54,0.0
GEOP_20260402.csv,2025-08-10 03:11:54,0.0
GEOP_20260402.csv,2025-08-10 03:14:54,0.0
GEOP_20260402.csv,2025-08-10 03:17:54,0.0
GEOP_20260402.csv,2025-08-10 03:20:54,0.0
GEOP_20260402.csv,2025-08-10 03:23:54,0.0
GEOP_20260402.csv,2025-08-10 03:26:54,0.0
GEOP_20260402.csv,2025-08-10 03:29:54,0.0
GEOP_20260402.csv,2025-08-10 03:32:54,0.0
GEOP_20260402.csv,2025-08-10 03:35:54,0.0
GEOP_20260402.csv,2025-08-10 03:38:54,0.0
GEOP_20260402.csv,2025-08-10 03:41:54,0.0
GEOP_20260402.csv,2025-08-10 03:44:54,0.0
GEOP_20260402.csv,2025-08-10 03:47:54,0.0
GEOP_20260402.csv,2025-08-10 03:50:54,0.0
GEOP_20260402.csv,2025-08-10 03:53:54,0.0
GEOP_20260402.csv,2025-08-10 03:56:54,0.0
GEOP_20260402.csv,2025-08-10 03:59:54,0.0
GEOP_20260402.csv,2025-08-10 04:02:54,0.0
GEOP_20260402.csv,2025-08-10 04:05:54,0.0
GEOP_20260402.csv,2025-08-10 04:08:54,0.0
GEOP_20260402.csv,2025-08-10 04:11:54,0.0
GEOP_20260402.csv,2025-08-10 04:14:54,0.0
GEOP_20260402.csv,2025-08-10 04:17:54,0.0
GEOP_20260402.csv,2025-08-10 04:20:53,0.0
GEOP_20260402.csv,2025-08-10 04:23:53,0.0
GEOP_20260402.csv,2025-08-10 04:26:53,0.0
GEOP_20260402.csv,2025-08-10 04:29:53,0.0
GEOP_20260402.csv,2025-08-10 04:32:53,0.0
GEOP_20260402.csv,2025-08-10 04:35:53,0.0
GEOP_20260402.csv,2025-08-10 04:38:53,0.0
GEOP_20260402.csv,2025-08-10 04:41:53,0.0
GEOP_20260402.csv,2025-08-10 04:44:53,0.0
GEOP_20260402.csv,2025-08-10 04:47:53,0.0
GEOP_20260402.csv,2025-08-10 04:50:53,0.0
GEOP_20260402.csv,2025-08-10 04:53:53,0.0
GEOP_20260402.csv,2025-08-10 04:56:53,0.0
GEOP_20260402.csv,2025-08-10 04:59:53,0.0
GEOP_20260402.csv,2025-08-10 05:02:53,0.0
GEOP_20260402.csv,2025-08-10 05:05:53,0.0
GEOP_20260402.csv,2025-08-10 05:08:53,0.0
GEOP_20260402.csv,2025-08-10 05:11:53,0.0
GEOP_20260402.csv,2025-08-10 05:14:53,0.0
GEOP_20260402.csv,2025-08-10 05:17:53,0.0
GEOP_20260402.csv,2025-08-10 05:20:53,0.0
GEOP_20260402.csv,2025-08-10 05:23:53,0.0
GEOP_20260402.csv,2025-08-10 05:26:53,0.0
GEOP_20260402.csv,2025-08-10 05:29:53,0.0
GEOP_20260402.csv,2025-08-10 05:32:53,0.0
GEOP_20260402.csv,2025-08-10 05:35:53,0.0
GEOP_20260402.csv,2025-08-10 05:38:53,0.0
GEOP_20260402.csv,2025-08-10 05:41:53,0.0
GEOP_20260402.csv,2025-08-10 05:44:53,0.0
GEOP_20260402.csv,2025-08-10 05:47:53,0.0
GEOP_20260402.csv,2025-08-10 05:50:53,0.0
GEOP_20260402.csv,2025-08-10 05:53:53,0.0
GEOP_20260402.csv,2025-08-10 05:56:53,0.0
GEOP_20260402.csv,2025-08-10 05:59:53,0.0
GEOP_20260402.csv,2025-08-10 06:02:53,0.0
GEOP_20260402.csv,2025-08-10 06:05:53,0.0
GEOP_20260402.csv,2025-08-10 06:08:53,0.0
GEOP_20260402.csv,2025-08-10 06:11:53,0.0
GEOP_20260402.csv,2025-08-10 06:14:53,0.0
GEOP_20260402.csv,2025-08-10 06:17:53,0.0
GEOP_20260402.csv,2025-08-10 06:20:53,0.0
GEOP_20260402.csv,2025-08-10 06:23:53,0.0
GEOP_20260402.csv,2025-08-10 06:26:53,0.0
GEOP_20260402.csv,2025-08-10 06:29:53,0.0
GEOP_20260402.csv,2025-08-10 06:32:53,0.0
GEOP_20260402.csv,2025-08-10 06:35:53,0.0
GEOP_20260402.csv,2025-08-10 06:38:53,0.0
GEOP_20260402.csv,2025-08-10 06:41:53,0.0
GEOP_20260402.csv,2025-08-10 06:44:53,0.0
GEOP_20260402.csv,2025-08-10 06:47:53,0.0
GEOP_20260402.csv,2025-08-10 06:50:53,0.0
GEOP_20260402.csv,2025-08-10 06:53:53,0.0
GEOP_20260402.csv,2025-08-10 06:56:53,0.0
GEOP_20260402.csv,2025-08-10 06:59:53,0.0
GEOP_20260402.csv,2025-08-10 07:02:53,0.0
GEOP_20260402.csv,2025-08-10 07:05:53,0.0
GEOP_20260402.csv,2025-08-10 07:08:53,0.0
GEOP_20260402.csv,2025-08-10 07:11:53,0.0
GEOP_20260402.csv,2025-08-10 07:14:53,0.0
GEOP_20260402.csv,2025-08-10 07:17:53,0.0
GEOP_20260402.csv,2025-08-10 07:20:53,0.0
GEOP_20260402.csv,2025-08-10 07:23:53,0.0
GEOP_20260402.csv,2025-08-10 07:26:53,0.0
GEOP_20260402.csv,2025-08-10 07:29:53,0.0
GEOP_20260402.csv,2025-08-10 07:32:53,0.0
GEOP_20260402.csv,2025-08-10 07:35:53,0.0
GEOP_20260402.csv,2025-08-10 07:38:53,0.0
GEOP_20260402.csv,2025-08-10 07:41:53,0.0
GEOP_20260402.csv,2025-08-10 07:44:53,0.0
GEOP_20260402.csv,2025-08-10 07:47:53,0.0
GEOP_20260402.csv,2025-08-10 07:50:53,0.0
GEOP_20260402.csv,2025-08-10 07:53:53,0.0
GEOP_20260402.csv,2025-08-10 07:56:53,0.0
GEOP_20260402.csv,2025-08-10 07:59:53,0.0
GEOP_20260402.csv,2025-08-10 08:02:53,0.0
GEOP_20260402.csv,2025-08-10 08:05:53,0.0
GEOP_20260402.csv,2025-08-10 08:08:53,0.0
GEOP_20260402.csv,2025-08-10 08:11:53,0.0
GEOP_20260402.csv,2025-08-10 08:14:53,0.0
GEOP_20260402.csv,2025-08-10 08:17:53,0.0
GEOP_20260402.csv,2025-08-10 08:20:53,0.0
GEOP_20260402.csv,2025-08-10 08:23:53,0.0
GEOP_20260402.csv,2025-08-10 08:26:53,0.0
GEOP_20260402.csv,2025-08-10 08:29:53,0.0
GEOP_20260402.csv,2025-08-10 08:32:53,0.0
GEOP_20260402.csv,2025-08-10 08:35:53,0.0
GEOP_20260402.csv,2025-08-10 08:38:53,0.0
GEOP_20260402.csv,2025-08-10 08:41:53,0.0
GEOP_20260402.csv,2025-08-10 08:44:53,0.0
GEOP_20260402.csv,2025-08-10 08:47:53,0.0
GEOP_20260402.csv,2025-08-10 08:50:53,0.0
GEOP_20260402.csv,2025-08-10 08:53:53,0.0
GEOP_20260402.csv,2025-08-10 08:56:53,0.0
GEOP_20260402.csv,2025-08-10 08:59:53,0.0
GEOP_20260402.csv,2025-08-10 09:02:53,0.0
GEOP_20260402.csv,2025-08-10 09:05:53,0.0
GEOP_20260402.csv,2025-08-10 09:08:53,0.0
GEOP_20260402.csv,2025-08-10 09:11:53,0.0
GEOP_20260402.csv,2025-08-10 09:14:53,0.0
GEOP_20260402.csv,2025-08-10 09:17:53,0.0
GEOP_20260402.csv,2025-08-10 09:20:53,0.0
GEOP_20260402.csv,2025-08-10 09:23:53,0.0
GEOP_20260402.csv,2025-08-10 09:26:53,0.0
GEOP_20260402.csv,2025-08-10 09:29:53,0.0
GEOP_20260402.csv,2025-08-10 09:32:53,0.0
GEOP_20260402.csv,2025-08-10 09:35:53,0.0
GEOP_20260402.csv,2025-08-10 09:38:53,0.0
GEOP_20260402.csv,2025-08-10 09:41:53,0.0
GEOP_20260402.csv,2025-08-10 09:44:53,0.0
GEOP_20260402.csv,2025-08-10 09:47:53,0.0
GEOP_20260402.csv,2025-08-10 09:50:53,0.0
GEOP_20260402.csv,2025-08-10 09:53:53,0.0
GEOP_20260402.csv,2025-08-10 09:56:53,0.0
GEOP_20260402.csv,2025-08-10 09:59:53,0.0
GEOP_20260402.csv,2025-08-10 10:02:53,0.0
GEOP_20260402.csv,2025-08-10 10:05:53,0.0
GEOP_20260402.csv,2025-08-10 10:08:53,0.0
GEOP_20260402.csv,2025-08-10 10:11:53,0.0
GEOP_20260402.csv,2025-08-10 10:14:53,0.0
GEOP_20260402.csv,2025-08-10 10:17:53,0.0
GEOP_20260402.csv,2025-08-10 10:20:53,0.0
GEOP_20260402.csv,2025-08-10 10:23:53,0.0
GEOP_20260402.csv,2025-08-10 10:26:53,0.0
GEOP_20260402.csv,2025-08-10 10:29:53,0.0
GEOP_20260402.csv,2025-08-10 10:32:53,0.0
GEOP_20260402.csv,2025-08-10 10:35:53,0.0
GEOP_20260402.csv,2025-08-10 10:38:53,0.0
GEOP_20260402.csv,2025-08-10 10:41:53,0.0
GEOP_20260402.csv,2025-08-10 10:44:53,0.0
GEOP_20260402.csv,2025-08-10 10:47:53,0.0
GEOP_20260402.csv,2025-08-10 10:50:53,0.0
GEOP_20260402.csv,2025-08-10 10:53:53,0.0
GEOP_20260402.csv,2025-08-10 10:56:53,0.0
GEOP_20260402.csv,2025-08-10 10:59:53,0.0
GEOP_20260402.csv,2025-08-10 11:02:53,0.0
GEOP_20260402.csv,2025-08-10 11:05:53,0.0
GEOP_20260402.csv,2025-08-10 11:08:53,0.0
GEOP_20260402.csv,2025-08-10 11:11:53,0.0
GEOP_20260402.csv,2025-08-10 11:14:53,0.0
GEOP_20260402.csv,2025-08-10 11:17:53,0.0
GEOP_20260402.csv,2025-08-10 11:20:53,0.0
GEOP_20260402.csv,2025-08-10 11:23:53,0.0
GEOP_20260402.csv,2025-08-10 11:26:53,0.0
GEOP_20260402.csv,2025-08-10 11:29:53,0.0
GEOP_20260402.csv,2025-08-10 11:32:53,0.0
GEOP_20260402.csv,2025-08-10 11:35:53,0.0
GEOP_20260402.csv,2025-08-10 11:38:53,0.0
GEOP_20260402.csv,2025-08-10 11:41:53,0.0
GEOP_20260402.csv,2025-08-10 11:44:53,0.0
GEOP_20260402.csv,2025-08-10 11:47:53,0.0
GEOP_20260402.csv,2025-08-10 11:50:53,0.0
GEOP_20260402.csv,2025-08-10 11:53:53,0.0
GEOP_20260402.csv,2025-08-10 11:56:53,0.0
GEOP_20260402.csv,2025-08-10 11:59:53,0.0
GEOP_20260402.csv,2025-08-10 12:02:53,0.0
GEOP_20260402.csv,2025-08-10 12:05:53,0.0
GEOP_20260402.csv,2025-08-10 12:08:53,0.0
GEOP_20260402.csv,2025-08-10 12:11:53,0.0
GEOP_20260402.csv,2025-08-10 12:14:53,0.0
GEOP_20260402.csv,2025-08-10 12:17:53,0.0
GEOP_20260402.csv,2025-08-10 12:20:53,0.0
GEOP_20260402.csv,2025-08-10 12:23:53,0.0
GEOP_20260402.csv,2025-08-10 12:26:53,0.0
GEOP_20260402.csv,2025-08-10 12:29:53,0.0
GEOP_20260402.csv,2025-08-10 12:32:53,0.0
GEOP_20260402.csv,2025-08-10 12:35:53,0.0
GEOP_20260402.csv,2025-08-10 12:38:53,0.0
GEOP_20260402.csv,2025-08-10 12:41:53,0.0
GEOP_20260402.csv,2025-08-10 12:44:53,0.0
GEOP_20260402.csv,2025-08-10 12:47:53,0.0
GEOP_20260402.csv,2025-08-10 12:50:53,0.0
GEOP_20260402.csv,2025-08-10 12:53:53,0.0
GEOP_20260402.csv,2025-08-10 12:56:53,0.0
GEOP_20260402.csv,2025-08-10 12:59:53,0.0
GEOP_20260402.csv,2025-08-10 13:02:53,0.0
GEOP_20260402.csv,2025-08-10 13:05:53,0.0
GEOP_20260402.csv,2025-08-10 13:08:53,0.0
GEOP_20260402.csv,2025-08-10 13:11:53,0.0
GEOP_20260402.csv,2025-08-10 13:14:53,0.0
GEOP_20260402.csv,2025-08-10 13:17:53,0.0
GEOP_20260402.csv,2025-08-10 13:20:53,0.0
GEOP_20260402.csv,2025-08-10 13:23:53,0.0
GEOP_20260402.csv,2025-08-10 13:26:53,0.0
GEOP_20260402.csv,2025-08-10 13:29:53,0.0
GEOP_20260402.csv,2025-08-10 13:32:53,0.0
GEOP_20260402.csv,2025-08-10 13:35:53,0.0
GEOP_20260402.csv,2025-08-10 13:38:53,0.0
GEOP_20260402.csv,2025-08-10 13:41:53,0.0
GEOP_20260402.csv,2025-08-10 13:44:53,0.0
GEOP_20260402.csv,2025-08-10 13:47:53,0.0
GEOP_20260402.csv,2025-08-10 13:50:53,0.0
GEOP_20260402.csv,2025-08-10 13:53:53,0.0
GEOP_20260402.csv,2025-08-10 13:56:53,0.0
GEOP_20260402.csv,2025-08-10 13:59:53,0.0
GEOP_20260402.csv,2025-08-10 14:02:53,0.0
GEOP_20260402.csv,2025-08-10 14:05:53,0.0
GEOP_20260402.csv,2025-08-10 14:08:53,0.0
GEOP_20260402.csv,2025-08-10 14:11:53,0.0
GEOP_20260402.csv,2025-08-10 14:14:53,0.0
GEOP_20260402.csv,2025-08-10 14:17:53,0.0
GEOP_20260402.csv,2025-08-10 14:20:53,0.0
GEOP_20260402.csv,2025-08-10 14:23:53,0.0
GEOP_20260402.csv,2025-08-10 14:26:53,0.0
GEOP_20260402.csv,2025-08-10 14:29:53,0.0
GEOP_20260402.csv,2025-08-10 14:32:53,0.0
GEOP_20260402.csv,2025-08-10 14:35:53,0.0
GEOP_20260402.csv,2025-08-10 14:38:53,0.0
GEOP_20260402.csv,2025-08-10 14:41:53,0.0
GEOP_20260402.csv,2025-08-10 14:44:53,0.0
GEOP_20260402.csv,2025-08-10 14:47:53,0.0
GEOP_20260402.csv,2025-08-10 14:50:53,0.0
GEOP_20260402.csv,2025-08-10 14:53:53,0.0
GEOP_20260402.csv,2025-08-10 14:56:53,0.0
GEOP_20260402.csv,2025-08-10 14:59:53,0.0
GEOP_20260402.csv,2025-08-10 15:02:53,0.0
GEOP_20260402.csv,2025-08-10 15:05:52,0.0
GEOP_20260402.csv,2025-08-10 15:08:53,0.0
GEOP_20260402.csv,2025-08-10 15:11:53,0.0
GEOP_20260402.csv,2025-08-10 15:14:53,0.0
GEOP_20260402.csv,2025-08-10 15:17:52,0.0
GEOP_20260402.csv,2025-08-10 15:20:52,0.0
GEOP_20260402.csv,2025-08-10 15:23:52,0.0
GEOP_20260402.csv,2025-08-10 15:26:52,0.0
GEOP_20260402.csv,2025-08-10 15:29:52,0.0
GEOP_20260402.csv,2025-08-10 15:32:52,0.0
GEOP_20260402.csv,2025-08-10 15:35:52,0.0
GEOP_20260402.csv,2025-08-10 15:38:52,0.0
GEOP_20260402.csv,2025-08-10 15:41:52,0.0
GEOP_20260402.csv,2025-08-10 15:44:52,0.0
GEOP_20260402.csv,2025-08-10 15:47:52,0.0
GEOP_20260402.csv,2025-08-10 15:50:52,0.0
GEOP_20260402.csv,2025-08-10 15:53:52,0.0
GEOP_20260402.csv,2025-08-10 15:56:52,0.0
GEOP_20260402.csv,2025-08-10 15:59:52,0.0
GEOP_20260402.csv,2025-08-10 16:02:52,0.0
GEOP_20260402.csv,2025-08-10 16:05:52,0.0
GEOP_20260402.csv,2025-08-10 16:08:52,0.0
GEOP_20260402.csv,2025-08-10 16:11:52,0.0
GEOP_20260402.csv,2025-08-10 16:14:52,0.0
GEOP_20260402.csv,2025-08-10 16:17:52,0.0
GEOP_20260402.csv,2025-08-10 16:20:52,0.0
GEOP_20260402.csv,2025-08-10 16:23:52,0.0
GEOP_20260402.csv,2025-08-10 16:26:52,0.0
GEOP_20260402.csv,2025-08-10 16:29:52,0.0
GEOP_20260402.csv,2025-08-10 16:32:52,0.0
GEOP_20260402.csv,2025-08-10 16:35:52,0.0
GEOP_20260402.csv,2025-08-10 16:38:52,0.0
GEOP_20260402.csv,2025-08-10 16:41:52,0.0
GEOP_20260402.csv,2025-08-10 16:44:52,0.0
GEOP_20260402.csv,2025-08-10 16:47:52,0.0
GEOP_20260402.csv,2025-08-10 16:50:52,0.0
GEOP_20260402.csv,2025-08-10 16:53:52,0.0
GEOP_20260402.csv,2025-08-10 16:56:52,0.0
GEOP_20260402.csv,2025-08-10 16:59:52,0.0
GEOP_20260402.csv,2025-08-10 17:02:52,0.0
GEOP_20260402.csv,2025-08-10 17:05:52,0.0
GEOP_20260402.csv,2025-08-10 17:08:52,0.0
GEOP_20260402.csv,2025-08-10 17:11:52,0.0
GEOP_20260402.csv,2025-08-10 17:14:52,0.0
GEOP_20260402.csv,2025-08-10 17:17:52,0.0
GEOP_20260402.csv,2025-08-10 17:20:52,0.0
GEOP_20260402.csv,2025-08-10 17:23:52,0.0
GEOP_20260402.csv,2025-08-10 17:26:52,0.0
GEOP_20260402.csv,2025-08-10 17:29:52,0.0
GEOP_20260402.csv,2025-08-10 17:32:52,0.0
GEOP_20260402.csv,2025-08-10 17:35:52,0.0
GEOP_20260402.csv,2025-08-10 17:38:52,0.0
GEOP_20260402.csv,2025-08-10 17:41:52,0.0
GEOP_20260402.csv,2025-08-10 17:44:52,0.0
GEOP_20260402.csv,2025-08-10 17:47:52,0.0
GEOP_20260402.csv,2025-08-10 17:50:52,0.0
GEOP_20260402.csv,2025-08-10 17:53:52,0.0
GEOP_20260402.csv,2025-08-10 17:56:52,0.0
GEOP_20260402.csv,2025-08-10 17:59:52,0.0
GEOP_20260402.csv,2025-08-10 18:02:52,0.0
GEOP_20260402.csv,2025-08-10 18:05:52,0.0
GEOP_20260402.csv,2025-08-10 18:08:52,0.0
GEOP_20260402.csv,2025-08-10 18:11:52,0.0
GEOP_20260402.csv,2025-08-10 18:14:52,0.0
GEOP_20260402.csv,2025-08-10 18:17:52,0.0
GEOP_20260402.csv,2025-08-10 18:20:52,0.0
GEOP_20260402.csv,2025-08-10 18:23:52,0.0
GEOP_20260402.csv,2025-08-10 18:26:52,0.0
GEOP_20260402.csv,2025-08-10 18:29:52,0.0
GEOP_20260402.csv,2025-08-10 18:32:52,0.0
GEOP_20260402.csv,2025-08-10 18:35:52,0.0
GEOP_20260402.csv,2025-08-10 18:38:52,0.0
GEOP_20260402.csv,2025-08-10 18:41:52,0.0
GEOP_20260402.csv,2025-08-10 18:44:52,0.0
GEOP_20260402.csv,2025-08-10 18:47:52,0.0
GEOP_20260402.csv,2025-08-10 18:50:52,0.0
GEOP_20260402.csv,2025-08-10 18:53:52,0.0
GEOP_20260402.csv,2025-08-10 18:56:52,0.0
GEOP_20260402.csv,2025-08-10 18:59:52,0.0
GEOP_20260402.csv,2025-08-10 19:02:52,0.0
GEOP_20260402.csv,2025-08-10 19:05:52,0.0
GEOP_20260402.csv,2025-08-10 19:08:52,0.0
GEOP_20260402.csv,2025-08-10 19:11:52,0.0
GEOP_20260402.csv,2025-08-10 19:14:52,0.0
GEOP_20260402.csv,2025-08-10 19:17:52,0.0
GEOP_20260402.csv,2025-08-10 19:20:52,0.0
GEOP_20260402.csv,2025-08-10 19:23:52,0.0
GEOP_20260402.csv,2025-08-10 19:26:52,0.0
GEOP_20260402.csv,2025-08-10 19:29:52,0.0
GEOP_20260402.csv,2025-08-10 19:32:52,0.0
GEOP_20260402.csv,2025-08-10 19:35:52,0.0
GEOP_20260402.csv,2025-08-10 19:38:52,0.0
GEOP_20260402.csv,2025-08-10 19:41:52,0.0
GEOP_20260402.csv,2025-08-10 19:44:52,0.0
GEOP_20260402.csv,2025-08-10 19:47:52,0.0
GEOP_20260402.csv,2025-08-10 19:50:52,0.0
GEOP_20260402.csv,2025-08-10 19:53:52,0.0
GEOP_20260402.csv,2025-08-10 19:56:52,0.0
GEOP_20260402.csv,2025-08-10 19:59:52,0.0
GEOP_20260402.csv,2025-08-10 20:02:52,0.0
GEOP_20260402.csv,2025-08-10 20:05:52,0.0
GEOP_20260402.csv,2025-08-10 20:08:52,0.0
GEOP_20260402.csv,2025-08-10 20:11:52,0.0
GEOP_20260402.csv,2025-08-10 20:14:52,0.0
GEOP_20260402.csv,2025-08-10 20:17:52,0.0
GEOP_20260402.csv,2025-08-10 20:20:52,0.0
GEOP_20260402.csv,2025-08-10 20:23:52,0.0
GEOP_20260402.csv,2025-08-10 20:26:52,0.0
GEOP_20260402.csv,2025-08-10 20:29:52,0.0
GEOP_20260402.csv,2025-08-10 20:32:52,0.0
GEOP_20260402.csv,2025-08-10 20:35:52,0.0
GEOP_20260402.csv,2025-08-10 20:38:52,0.0
GEOP_20260402.csv,2025-08-10 20:41:52,0.0
GEOP_20260402.csv,2025-08-10 20:44:52,0.0
GEOP_20260402.csv,2025-08-10 20:47:52,0.0
GEOP_20260402.csv,2025-08-10 20:50:52,0.0
GEOP_20260402.csv,2025-08-10 20:53:52,0.0
GEOP_20260402.csv,2025-08-10 20:56:52,0.0
GEOP_20260402.csv,2025-08-10 20:59:52,0.0
GEOP_20260402.csv,2025-08-10 21:02:52,0.0
GEOP_20260402.csv,2025-08-10 21:05:52,0.0
GEOP_20260402.csv,2025-08-10 21:08:52,0.0
GEOP_20260402.csv,2025-08-10 21:11:52,0.0
GEOP_20260402.csv,2025-08-10 21:14:52,0.0
GEOP_20260402.csv,2025-08-10 21:17:52,0.0
GEOP_20260402.csv,2025-08-10 21:20:52,0.0
GEOP_20260402.csv,2025-08-10 21:23:52,0.0
GEOP_20260402.csv,2025-08-10 21:26:52,0.0
GEOP_20260402.csv,2025-08-10 21:29:52,0.0
GEOP_20260402.csv,2025-08-10 21:32:52,0.0
GEOP_20260402.csv,2025-08-10 21:35:52,0.0
GEOP_20260402.csv,2025-08-10 21:38:52,0.0
GEOP_20260402.csv,2025-08-10 21:41:52,0.0
GEOP_20260402.csv,2025-08-10 21:44:52,0.0
GEOP_20260402.csv,2025-08-10 21:47:52,0.0
GEOP_20260402.csv,2025-08-10 21:50:52,0.0
GEOP_20260402.csv,2025-08-10 21:53:52,0.0
GEOP_20260402.csv,2025-08-10 21:56:52,0.0
GEOP_20260402.csv,2025-08-10 21:59:52,0.0
GEOP_20260402.csv,2025-08-10 22:02:52,0.0
GEOP_20260402.csv,2025-08-10 22:05:52,0.0
GEOP_20260402.csv,2025-08-10 22:08:52,0.0
GEOP_20260402.csv,2025-08-10 22:11:52,0.0
GEOP_20260402.csv,2025-08-10 22:14:52,0.0
GEOP_20260402.csv,2025-08-10 22:17:52,0.0
GEOP_20260402.csv,2025-08-10 22:20:52,0.0
GEOP_20260402.csv,2025-08-10 22:23:52,0.0
GEOP_20260402.csv,2025-08-10 22:26:52,0.0
GEOP_20260402.csv,2025-08-10 22:29:52,0.0
GEOP_20260402.csv,2025-08-10 22:32:52,0.0
GEOP_20260402.csv,2025-08-10 22:35:52,0.0
GEOP_20260402.csv,2025-08-10 22:38:52,0.0
GEOP_20260402.csv,2025-08-10 22:41:52,0.0
GEOP_20260402.csv,2025-08-10 22:44:52,0.0
GEOP_20260402.csv,2025-08-10 22:47:52,0.0
GEOP_20260402.csv,2025-08-10 22:50:52,0.0
GEOP_20260402.csv,2025-08-10 22:53:52,0.0
GEOP_20260402.csv,2025-08-10 22:56:52,0.0
GEOP_20260402.csv,2025-08-10 22:59:52,0.0
GEOP_20260402.csv,2025-08-10 23:02:52,0.0
GEOP_20260402.csv,2025-08-10 23:05:52,0.0
GEOP_20260402.csv,2025-08-10 23:08:52,0.0
GEOP_20260402.csv,2025-08-10 23:11:52,0.0
GEOP_20260402.csv,2025-08-10 23:14:52,0.0
GEOP_20260402.csv,2025-08-10 23:17:52,0.0
GEOP_20260402.csv,2025-08-10 23:20:52,0.0
GEOP_20260402.csv,2025-08-10 23:23:52,0.0
GEOP_20260402.csv,2025-08-10 23:26:52,0.0
GEOP_20260402.csv,2025-08-10 23:29:52,0.0
GEOP_20260402.csv,2025-08-10 23:32:52,0.0
GEOP_20260402.csv,2025-08-10 23:35:52,0.0
GEOP_20260402.csv,2025-08-10 23:38:52,0.0
GEOP_20260402.csv,2025-08-10 23:41:52,0.0
GEOP_20260402.csv,2025-08-10 23:44:52,0.0
GEOP_20260402.csv,2025-08-10 23:47:52,0.0
GEOP_20260402.csv,2025-08-10 23:50:52,0.0
GEOP_20260402.csv,2025-08-10 23:53:52,0.0
GEOP_20260402.csv,2025-08-10 23:56:52,0.0
GEOP_20260402.csv,2025-08-10 23:59:52,0.0
GEOP_20260402.csv,2025-08-11 00:02:52,0.0
GEOP_20260402.csv,2025-08-11 00:05:52,0.0
GEOP_20260402.csv,2025-08-11 00:08:52,0.0
GEOP_20260402.csv,2025-08-11 00:11:52,0.0
GEOP_20260402.csv,2025-08-11 00:14:52,0.0
GEOP_20260402.csv,2025-08-11 00:17:52,0.0
GEOP_20260402.csv,2025-08-11 00:20:52,0.0
GEOP_20260402.csv,2025-08-11 00:23:52,0.0
GEOP_20260402.csv,2025-08-11 00:26:52,0.0
GEOP_20260402.csv,2025-08-11 00:29:52,0.0
GEOP_20260402.csv,2025-08-11 00:32:52,0.0
GEOP_20260402.csv,2025-08-11 00:35:52,0.0
GEOP_20260402.csv,2025-08-11 00:38:52,0.0
GEOP_20260402.csv,2025-08-11 00:41:52,0.0
GEOP_20260402.csv,2025-08-11 00:44:52,0.0
GEOP_20260402.csv,2025-08-11 00:47:52,0.0
GEOP_20260402.csv,2025-08-11 00:50:52,0.0
GEOP_20260402.csv,2025-08-11 00:53:52,0.0
GEOP_20260402.csv,2025-08-11 00:56:52,0.0
GEOP_20260402.csv,2025-08-11 00:59:52,0.0
GEOP_20260402.csv,2025-08-11 01:02:52,0.0
GEOP_20260402.csv,2025-08-11 01:05:52,0.0
GEOP_20260402.csv,2025-08-11 01:08:52,0.0
GEOP_20260402.csv,2025-08-11 01:11:51,0.0
GEOP_20260402.csv,2025-08-11 01:14:51,0.0
GEOP_20260402.csv,2025-08-11 01:17:51,0.0
GEOP_20260402.csv,2025-08-11 01:20:51,0.0
GEOP_20260402.csv,2025-08-11 01:23:51,0.0
GEOP_20260402.csv,2025-08-11 01:26:51,0.0
GEOP_20260402.csv,2025-08-11 01:29:51,0.0
GEOP_20260402.csv,2025-08-11 01:32:51,0.0
GEOP_20260402.csv,2025-08-11 01:35:51,0.0
GEOP_20260402.csv,2025-08-11 01:38:51,0.0
GEOP_20260402.csv,2025-08-11 01:41:51,0.0
GEOP_20260402.csv,2025-08-11 01:44:51,0.0
GEOP_20260402.csv,2025-08-11 01:47:51,0.0
GEOP_20260402.csv,2025-08-11 01:50:51,0.0
GEOP_20260402.csv,2025-08-11 01:53:51,0.0
GEOP_20260402.csv,2025-08-11 01:56:51,0.0
GEOP_20260402.csv,2025-08-11 01:59:51,0.0
GEOP_20260402.csv,2025-08-11 02:02:51,0.0
GEOP_20260402.csv,2025-08-11 02:05:51,0.0
GEOP_20260402.csv,2025-08-11 02:08:51,0.0
GEOP_20260402.csv,2025-08-11 02:11:51,0.0
GEOP_20260402.csv,2025-08-11 02:14:51,0.0
GEOP_20260402.csv,2025-08-11 02:17:51,0.0
GEOP_20260402.csv,2025-08-11 02:20:51,0.0
GEOP_20260402.csv,2025-08-11 02:23:51,0.0
GEOP_20260402.csv,2025-08-11 02:26:52,0.0
GEOP_20260402.csv,2025-08-11 02:29:51,0.0
GEOP_20260402.csv,2025-08-11 02:32:51,0.0
GEOP_20260402.csv,2025-08-11 02:35:51,0.0
GEOP_20260402.csv,2025-08-11 02:38:51,0.0
GEOP_20260402.csv,2025-08-11 02:41:51,0.0
GEOP_20260402.csv,2025-08-11 02:44:51,0.0
GEOP_20260402.csv,2025-08-11 02:47:51,0.0
GEOP_20260402.csv,2025-08-11 02:50:51,0.0
GEOP_20260402.csv,2025-08-11 02:53:51,0.0
GEOP_20260402.csv,2025-08-11 02:56:51,0.0
GEOP_20260402.csv,2025-08-11 02:59:51,0.0
GEOP_20260402.csv,2025-08-11 03:02:51,0.0
GEOP_20260402.csv,2025-08-11 03:05:51,0.0
GEOP_20260402.csv,2025-08-11 03:08:51,0.0
GEOP_20260402.csv,2025-08-11 03:11:51,0.0
GEOP_20260402.csv,2025-08-11 03:14:51,0.0
GEOP_20260402.csv,2025-08-11 03:17:51,0.0
GEOP_20260402.csv,2025-08-11 03:20:51,0.0
GEOP_20260402.csv,2025-08-11 03:23:51,0.0
GEOP_20260402.csv,2025-08-11 03:26:51,0.0
GEOP_20260402.csv,2025-08-11 03:29:51,0.0
GEOP_20260402.csv,2025-08-11 03:32:51,0.0
GEOP_20260402.csv,2025-08-11 03:35:51,0.0
GEOP_20260402.csv,2025-08-11 03:38:51,0.0
GEOP_20260402.csv,2025-08-11 03:41:51,0.0
GEOP_20260402.csv,2025-08-11 03:44:51,0.0
GEOP_20260402.csv,2025-08-11 03:47:51,0.0
GEOP_20260402.csv,2025-08-11 03:50:51,0.0
GEOP_20260402.csv,2025-08-11 03:53:51,0.0
GEOP_20260402.csv,2025-08-11 03:56:51,0.0
GEOP_20260402.csv,2025-08-11 03:59:51,0.0
GEOP_20260402.csv,2025-08-11 04:03:29,0.0
GEOP_20260402.csv,2025-08-11 04:05:16,0.0
GEOP_20260402.csv,2025-08-11 04:08:16,0.0
GEOP_20260402.csv,2025-08-11 04:11:16,0.0
GEOP_20260402.csv,2025-08-11 04:14:16,0.0
GEOP_20260402.csv,2025-08-11 04:17:16,0.0
GEOP_20260402.csv,2025-08-11 04:20:16,0.0
GEOP_20260402.csv,2025-08-11 04:23:38,0.0
GEOP_20260402.csv,2025-08-11 04:26:16,0.0
GEOP_20260402.csv,2025-08-11 04:29:16,0.0
GEOP_20260402.csv,2025-08-11 04:32:16,0.0
GEOP_20260402.csv,2025-08-11 04:35:16,0.0
GEOP_20260402.csv,2025-08-11 04:38:16,0.0
GEOP_20260402.csv,2025-08-11 04:41:16,0.0
GEOP_20260402.csv,2025-08-11 04:44:16,0.0
GEOP_20260402.csv,2025-08-11 04:47:16,0.0
GEOP_20260402.csv,2025-08-11 04:50:16,0.0
GEOP_20260402.csv,2025-08-11 04:53:37,0.0
GEOP_20260402.csv,2025-08-11 04:56:16,0.0
GEOP_20260402.csv,2025-08-11 04:59:16,0.0
GEOP_20260402.csv,2025-08-11 05:02:16,0.0
GEOP_20260402.csv,2025-08-11 05:05:16,0.0
GEOP_20260402.csv,2025-08-11 05:08:16,0.0
GEOP_20260402.csv,2025-08-11 05:11:16,0.0
GEOP_20260402.csv,2025-08-11 05:14:16,0.0
GEOP_20260402.csv,2025-08-11 05:17:16,0.0
GEOP_20260402.csv,2025-08-11 05:20:16,0.0
GEOP_20260402.csv,2025-08-11 05:23:36,0.0
GEOP_20260402.csv,2025-08-11 05:26:16,0.0
GEOP_20260402.csv,2025-08-11 05:29:16,0.0
GEOP_20260402.csv,2025-08-11 05:32:16,0.0
GEOP_20260402.csv,2025-08-11 05:35:16,0.0
GEOP_20260402.csv,2025-08-11 05:38:16,0.0
GEOP_20260402.csv,2025-08-11 05:41:16,0.0
GEOP_20260402.csv,2025-08-11 05:44:16,0.0
GEOP_20260402.csv,2025-08-11 05:47:16,0.0
GEOP_20260402.csv,2025-08-11 05:50:16,0.0
GEOP_20260402.csv,2025-08-11 05:53:37,0.0
GEOP_20260402.csv,2025-08-11 05:56:16,0.0
GEOP_20260402.csv,2025-08-11 05:59:16,0.0
GEOP_20260402.csv,2025-08-11 06:02:16,0.0
GEOP_20260402.csv,2025-08-11 06:05:16,0.0
GEOP_20260402.csv,2025-08-11 06:08:16,0.0
GEOP_20260402.csv,2025-08-11 06:11:16,0.0
GEOP_20260402.csv,2025-08-11 06:14:16,0.0
GEOP_20260402.csv,2025-08-11 06:17:16,0.0
GEOP_20260402.csv,2025-08-11 06:20:16,0.0
GEOP_20260402.csv,2025-08-11 06:23:36,0.0
GEOP_20260402.csv,2025-08-11 06:26:16,0.0
GEOP_20260402.csv,2025-08-11 06:29:16,0.0
GEOP_20260402.csv,2025-08-11 06:32:16,0.0
GEOP_20260402.csv,2025-08-11 06:35:16,0.0
GEOP_20260402.csv,2025-08-11 06:38:16,0.0
GEOP_20260402.csv,2025-08-11 06:41:16,0.0
GEOP_20260402.csv,2025-08-11 06:44:16,0.0
GEOP_20260402.csv,2025-08-11 06:47:16,0.0
GEOP_20260402.csv,2025-08-11 06:50:16,0.0
GEOP_20260402.csv,2025-08-11 06:53:36,0.0
GEOP_20260402.csv,2025-08-11 06:56:16,0.0
GEOP_20260402.csv,2025-08-11 06:59:16,0.0
GEOP_20260402.csv,2025-08-11 07:02:16,0.0
GEOP_20260402.csv,2025-08-11 07:05:16,0.0
GEOP_20260402.csv,2025-08-11 07:08:16,0.0
GEOP_20260402.csv,2025-08-11 07:11:16,0.0
GEOP_20260402.csv,2025-08-11 07:14:16,0.0
GEOP_20260402.csv,2025-08-11 07:17:16,0.0
GEOP_20260402.csv,2025-08-11 07:20:15,0.0
GEOP_20260402.csv,2025-08-11 07:23:38,0.0
GEOP_20260402.csv,2025-08-11 07:26:15,0.0
GEOP_20260402.csv,2025-08-11 07:29:15,0.0
GEOP_20260402.csv,2025-08-11 07:32:15,0.0
GEOP_20260402.csv,2025-08-11 07:35:15,0.0
GEOP_20260402.csv,2025-08-11 07:38:15,0.0
GEOP_20260402.csv,2025-08-11 07:41:15,0.0
GEOP_20260402.csv,2025-08-11 07:44:15,0.0
GEOP_20260402.csv,2025-08-11 07:47:15,0.0
GEOP_20260402.csv,2025-08-11 07:50:15,0.0
GEOP_20260402.csv,2025-08-11 07:53:37,0.0
GEOP_20260402.csv,2025-08-11 07:56:15,0.0
GEOP_20260402.csv,2025-08-11 07:59:15,0.0
GEOP_20260402.csv,2025-08-11 08:02:15,0.0
GEOP_20260402.csv,2025-08-11 08:05:15,0.0
GEOP_20260402.csv,2025-08-11 08:08:15,0.0
GEOP_20260402.csv,2025-08-11 08:11:15,0.0
GEOP_20260402.csv,2025-08-11 08:14:15,0.0
GEOP_20260402.csv,2025-08-11 08:17:15,0.0
GEOP_20260402.csv,2025-08-11 08:20:15,0.0
GEOP_20260402.csv,2025-08-11 08:23:36,0.0
GEOP_20260402.csv,2025-08-11 08:26:15,0.0
GEOP_20260402.csv,2025-08-11 08:29:15,0.0
GEOP_20260402.csv,2025-08-11 08:32:15,0.0
GEOP_20260402.csv,2025-08-11 08:35:15,0.0
GEOP_20260402.csv,2025-08-11 08:38:15,0.0
GEOP_20260402.csv,2025-08-11 08:41:15,0.0
GEOP_20260402.csv,2025-08-11 08:44:15,0.0
GEOP_20260402.csv,2025-08-11 08:47:15,0.0
GEOP_20260402.csv,2025-08-11 08:50:15,0.0
GEOP_20260402.csv,2025-08-11 08:53:37,0.0
GEOP_20260402.csv,2025-08-11 08:56:15,0.0
GEOP_20260402.csv,2025-08-11 08:59:15,0.0
GEOP_20260402.csv,2025-08-11 09:02:15,0.0
GEOP_20260402.csv,2025-08-11 09:05:15,0.0
GEOP_20260402.csv,2025-08-11 09:08:15,0.0
GEOP_20260402.csv,2025-08-11 09:11:15,0.0
GEOP_20260402.csv,2025-08-11 09:14:15,0.0
GEOP_20260402.csv,2025-08-11 09:17:15,0.0
GEOP_20260402.csv,2025-08-11 09:20:15,0.0
GEOP_20260402.csv,2025-08-11 09:23:38,0.0
GEOP_20260402.csv,2025-08-11 09:26:15,0.0
GEOP_20260402.csv,2025-08-11 09:29:15,0.0
GEOP_20260402.csv,2025-08-11 09:32:15,0.0
GEOP_20260402.csv,2025-08-11 09:35:15,0.0
GEOP_20260402.csv,2025-08-11 09:38:15,0.0
GEOP_20260402.csv,2025-08-11 09:41:15,0.0
GEOP_20260402.csv,2025-08-11 09:44:15,0.0
GEOP_20260402.csv,2025-08-11 09:47:15,0.0
GEOP_20260402.csv,2025-08-11 09:50:15,0.0
GEOP_20260402.csv,2025-08-11 09:53:38,0.0
GEOP_20260402.csv,2025-08-11 09:56:15,0.0
GEOP_20260402.csv,2025-08-11 09:59:15,0.0
GEOP_20260402.csv,2025-08-11 10:02:15,0.0
GEOP_20260402.csv,2025-08-11 10:05:15,0.0
GEOP_20260402.csv,2025-08-11 10:08:15,0.0
GEOP_20260402.csv,2025-08-11 10:11:15,0.0
GEOP_20260402.csv,2025-08-11 10:14:15,0.0
GEOP_20260402.csv,2025-08-11 10:17:15,0.0
GEOP_20260402.csv,2025-08-11 10:20:15,0.0
GEOP_20260402.csv,2025-08-11 10:23:38,0.0
GEOP_20260402.csv,2025-08-11 10:26:15,0.0
GEOP_20260402.csv,2025-08-11 10:29:15,0.0
GEOP_20260402.csv,2025-08-11 10:32:15,0.0
GEOP_20260402.csv,2025-08-11 10:35:15,0.0
GEOP_20260402.csv,2025-08-11 10:38:15,0.0
GEOP_20260402.csv,2025-08-11 10:41:15,0.0
GEOP_20260402.csv,2025-08-11 10:44:15,0.0
GEOP_20260402.csv,2025-08-11 10:47:15,0.0
GEOP_20260402.csv,2025-08-11 10:50:15,0.0
GEOP_20260402.csv,2025-08-11 10:53:36,0.0
GEOP_20260402.csv,2025-08-11 10:56:15,0.0
GEOP_20260402.csv,2025-08-11 10:59:15,0.0
GEOP_20260402.csv,2025-08-11 11:02:15,0.0
GEOP_20260402.csv,2025-08-11 11:05:15,0.0
GEOP_20260402.csv,2025-08-11 11:08:15,0.0
GEOP_20260402.csv,2025-08-11 11:11:15,0.0
GEOP_20260402.csv,2025-08-11 11:14:15,0.0
GEOP_20260402.csv,2025-08-11 11:17:15,0.0
GEOP_20260402.csv,2025-08-11 11:20:15,0.0
GEOP_20260402.csv,2025-08-11 11:23:37,0.0
GEOP_20260402.csv,2025-08-11 11:26:15,0.0
GEOP_20260402.csv,2025-08-11 11:29:15,0.0
GEOP_20260402.csv,2025-08-11 11:32:15,0.0
GEOP_20260402.csv,2025-08-11 11:35:15,0.0
GEOP_20260402.csv,2025-08-11 11:38:15,0.0
GEOP_20260402.csv,2025-08-11 11:41:15,0.0
GEOP_20260402.csv,2025-08-11 11:44:15,0.0
GEOP_20260402.csv,2025-08-11 11:47:15,0.0
GEOP_20260402.csv,2025-08-11 11:50:15,0.0
GEOP_20260402.csv,2025-08-11 11:53:35,0.0
GEOP_20260402.csv,2025-08-11 11:56:15,0.0
GEOP_20260402.csv,2025-08-11 11:59:15,0.0
GEOP_20260402.csv,2025-08-11 12:02:15,0.0
GEOP_20260402.csv,2025-08-11 12:05:15,0.0
GEOP_20260402.csv,2025-08-11 12:08:15,0.0
GEOP_20260402.csv,2025-08-11 12:11:15,0.0
GEOP_20260402.csv,2025-08-11 12:14:15,0.0
GEOP_20260402.csv,2025-08-11 12:17:15,0.0
GEOP_20260402.csv,2025-08-11 12:20:15,0.0
GEOP_20260402.csv,2025-08-11 12:23:34,0.0
GEOP_20260402.csv,2025-08-11 12:29:15,0.0
GEOP_20260402.csv,2025-08-11 12:32:15,0.0
GEOP_20260402.csv,2025-08-11 12:35:15,0.0
GEOP_20260402.csv,2025-08-11 12:41:15,0.0
GEOP_20260402.csv,2025-08-11 12:44:15,0.0
GEOP_20260402.csv,2025-08-11 12:47:15,0.0
GEOP_20260402.csv,2025-08-11 12:50:15,0.0
GEOP_20260402.csv,2025-08-11 12:53:43,0.0
GEOP_20260402.csv,2025-08-11 12:56:15,0.0
GEOP_20260402.csv,2025-08-11 12:59:15,0.0
GEOP_20260402.csv,2025-08-11 13:02:15,0.0
GEOP_20260402.csv,2025-08-11 13:05:15,0.0
GEOP_20260402.csv,2025-08-11 13:08:15,0.0
GEOP_20260402.csv,2025-08-11 13:11:15,0.0
GEOP_20260402.csv,2025-08-11 13:14:15,0.0
GEOP_20260402.csv,2025-08-11 13:17:15,0.0
GEOP_20260402.csv,2025-08-11 13:20:15,0.0
GEOP_20260402.csv,2025-08-11 13:23:36,0.0
GEOP_20260402.csv,2025-08-11 13:26:15,0.0
GEOP_20260402.csv,2025-08-11 13:29:15,0.0
GEOP_20260402.csv,2025-08-11 13:32:15,0.0
GEOP_20260402.csv,2025-08-11 13:35:15,0.0
GEOP_20260402.csv,2025-08-11 13:38:15,0.0
GEOP_20260402.csv,2025-08-11 13:41:15,0.0
GEOP_20260402.csv,2025-08-11 13:44:15,0.0
GEOP_20260402.csv,2025-08-11 13:47:15,0.0
GEOP_20260402.csv,2025-08-11 13:50:15,0.0
GEOP_20260402.csv,2025-08-11 13:53:36,0.0
GEOP_20260402.csv,2025-08-11 13:56:15,0.0
GEOP_20260402.csv,2025-08-11 13:59:15,0.0
GEOP_20260402.csv,2025-08-11 14:02:15,0.0
GEOP_20260402.csv,2025-08-11 14:05:15,0.0
GEOP_20260402.csv,2025-08-11 14:08:15,0.0
GEOP_20260402.csv,2025-08-11 14:11:15,0.0
GEOP_20260402.csv,2025-08-11 14:14:15,0.0
GEOP_20260402.csv,2025-08-11 14:23:35,0.0
GEOP_20260402.csv,2025-08-11 14:26:15,0.0
GEOP_20260402.csv,2025-08-11 14:29:15,0.0
GEOP_20260402.csv,2025-08-11 14:32:15,0.0
GEOP_20260402.csv,2025-08-11 14:35:15,0.0
GEOP_20260402.csv,2025-08-11 14:38:15,0.0
GEOP_20260402.csv,2025-08-11 14:41:15,0.0
GEOP_20260402.csv,2025-08-11 14:44:15,0.0
GEOP_20260402.csv,2025-08-11 14:47:15,0.0
GEOP_20260402.csv,2025-08-11 14:50:15,0.0
GEOP_20260402.csv,2025-08-11 14:53:35,0.0
GEOP_20260402.csv,2025-08-11 14:56:15,0.0
GEOP_20260402.csv,2025-08-11 14:59:15,0.0
GEOP_20260402.csv,2025-08-11 15:02:15,0.0
GEOP_20260402.csv,2025-08-11 15:05:15,0.0
GEOP_20260402.csv,2025-08-11 15:08:15,0.0
GEOP_20260402.csv,2025-08-11 15:11:15,0.0
GEOP_20260402.csv,2025-08-11 15:14:15,0.0
GEOP_20260402.csv,2025-08-11 15:17:15,0.0
GEOP_20260402.csv,2025-08-11 15:20:15,0.0
GEOP_20260402.csv,2025-08-11 15:23:36,0.0
GEOP_20260402.csv,2025-08-11 15:26:15,0.0
GEOP_20260402.csv,2025-08-11 15:29:15,0.0
GEOP_20260402.csv,2025-08-11 15:32:15,0.0
GEOP_20260402.csv,2025-08-11 15:35:15,0.0
GEOP_20260402.csv,2025-08-11 15:38:15,0.0
GEOP_20260402.csv,2025-08-11 15:41:15,0.0
GEOP_20260402.csv,2025-08-11 15:44:15,0.0
GEOP_20260402.csv,2025-08-11 15:47:15,0.0
GEOP_20260402.csv,2025-08-11 15:50:15,0.0
GEOP_20260402.csv,2025-08-11 15:53:35,0.0
GEOP_20260402.csv,2025-08-11 15:56:15,0.0
GEOP_20260402.csv,2025-08-11 15:59:15,0.0
GEOP_20260402.csv,2025-08-11 16:02:15,0.0
GEOP_20260402.csv,2025-08-11 16:05:15,0.0
GEOP_20260402.csv,2025-08-11 16:08:15,0.0
GEOP_20260402.csv,2025-08-11 16:11:15,0.0
GEOP_20260402.csv,2025-08-11 16:14:15,0.0
GEOP_20260402.csv,2025-08-11 16:17:15,0.0
GEOP_20260402.csv,2025-08-11 16:20:15,0.0
GEOP_20260402.csv,2025-08-11 16:23:37,0.0
GEOP_20260402.csv,2025-08-11 16:26:15,0.0
GEOP_20260402.csv,2025-08-11 16:29:15,0.0
GEOP_20260402.csv,2025-08-11 16:32:15,0.0
GEOP_20260402.csv,2025-08-11 16:35:15,0.0
GEOP_20260402.csv,2025-08-11 16:38:15,0.0
GEOP_20260402.csv,2025-08-11 16:41:15,0.0
GEOP_20260402.csv,2025-08-11 16:44:15,0.0
GEOP_20260402.csv,2025-08-11 16:47:15,0.0
GEOP_20260402.csv,2025-08-11 16:50:15,0.0
GEOP_20260402.csv,2025-08-11 16:53:37,0.0
GEOP_20260402.csv,2025-08-11 16:56:15,0.0
GEOP_20260402.csv,2025-08-11 16:59:15,0.0
GEOP_20260402.csv,2025-08-11 17:02:15,0.0
GEOP_20260402.csv,2025-08-11 17:05:15,0.0
GEOP_20260402.csv,2025-08-11 17:08:15,0.0
GEOP_20260402.csv,2025-08-11 17:11:15,0.0
GEOP_20260402.csv,2025-08-11 17:14:15,0.0
GEOP_20260402.csv,2025-08-11 17:17:15,0.0
GEOP_20260402.csv,2025-08-11 17:20:15,0.0
GEOP_20260402.csv,2025-08-11 17:23:36,0.0
GEOP_20260402.csv,2025-08-11 17:26:15,0.0
GEOP_20260402.csv,2025-08-11 17:29:15,0.0
GEOP_20260402.csv,2025-08-11 17:32:15,0.0
GEOP_20260402.csv,2025-08-11 17:35:15,0.0
GEOP_20260402.csv,2025-08-11 17:38:15,0.0
GEOP_20260402.csv,2025-08-11 17:41:15,0.0
GEOP_20260402.csv,2025-08-11 17:44:15,0.0
GEOP_20260402.csv,2025-08-11 17:47:15,0.0
GEOP_20260402.csv,2025-08-11 17:50:15,0.0
GEOP_20260402.csv,2025-08-11 17:53:34,0.0
GEOP_20260402.csv,2025-08-11 17:56:15,0.0
GEOP_20260402.csv,2025-08-11 17:59:15,0.0
GEOP_20260402.csv,2025-08-11 18:02:14,0.0
GEOP_20260402.csv,2025-08-11 18:05:14,0.0
GEOP_20260402.csv,2025-08-11 18:08:14,0.0
GEOP_20260402.csv,2025-08-11 18:11:14,0.0
GEOP_20260402.csv,2025-08-11 18:14:14,0.0
GEOP_20260402.csv,2025-08-11 18:17:14,0.0
GEOP_20260402.csv,2025-08-11 18:20:14,0.0
GEOP_20260402.csv,2025-08-11 18:23:35,0.0
GEOP_20260402.csv,2025-08-11 18:26:14,0.0
GEOP_20260402.csv,2025-08-11 18:29:14,0.0
GEOP_20260402.csv,2025-08-11 18:32:14,0.0
GEOP_20260402.csv,2025-08-11 18:35:14,0.0
GEOP_20260402.csv,2025-08-11 18:38:14,0.0
GEOP_20260402.csv,2025-08-11 18:41:14,0.0
GEOP_20260402.csv,2025-08-11 18:44:14,0.0
GEOP_20260402.csv,2025-08-11 18:47:14,0.0
GEOP_20260402.csv,2025-08-11 18:50:14,0.0
GEOP_20260402.csv,2025-08-11 18:56:14,0.0
GEOP_20260402.csv,2025-08-11 18:59:14,0.0
GEOP_20260402.csv,2025-08-11 19:02:14,0.0
GEOP_20260402.csv,2025-08-11 19:05:14,0.0
GEOP_20260402.csv,2025-08-11 19:08:14,0.0
GEOP_20260402.csv,2025-08-11 19:11:14,0.0
GEOP_20260402.csv,2025-08-11 19:14:14,0.0
GEOP_20260402.csv,2025-08-11 19:17:14,0.0
GEOP_20260402.csv,2025-08-11 19:20:14,0.0
GEOP_20260402.csv,2025-08-11 19:23:34,0.0
GEOP_20260402.csv,2025-08-11 19:26:14,0.0
GEOP_20260402.csv,2025-08-11 19:29:14,0.0
GEOP_20260402.csv,2025-08-11 19:32:14,0.0
GEOP_20260402.csv,2025-08-11 19:35:14,0.0
GEOP_20260402.csv,2025-08-11 19:38:14,0.0
GEOP_20260402.csv,2025-08-11 19:41:14,0.0
GEOP_20260402.csv,2025-08-11 19:44:14,0.0
GEOP_20260402.csv,2025-08-11 19:47:14,0.0
GEOP_20260402.csv,2025-08-11 19:50:14,0.0
GEOP_20260402.csv,2025-08-11 19:53:32,0.0
GEOP_20260402.csv,2025-08-11 19:56:14,0.0
GEOP_20260402.csv,2025-08-11 19:59:14,0.0
GEOP_20260402.csv,2025-08-11 20:02:14,0.0
GEOP_20260402.csv,2025-08-11 20:05:14,0.0
GEOP_20260402.csv,2025-08-11 20:08:14,0.0
GEOP_20260402.csv,2025-08-11 20:11:14,0.0
GEOP_20260402.csv,2025-08-11 20:14:14,0.0
GEOP_20260402.csv,2025-08-11 20:17:14,0.0
GEOP_20260402.csv,2025-08-11 20:20:14,0.0
GEOP_20260402.csv,2025-08-11 20:23:34,0.0
GEOP_20260402.csv,2025-08-11 20:26:14,0.0
GEOP_20260402.csv,2025-08-11 20:29:14,0.0
GEOP_20260402.csv,2025-08-11 20:32:14,0.0
GEOP_20260402.csv,2025-08-11 20:35:14,0.0
GEOP_20260402.csv,2025-08-11 20:38:14,0.0
GEOP_20260402.csv,2025-08-11 20:41:14,0.0
GEOP_20260402.csv,2025-08-11 20:44:14,0.0
GEOP_20260402.csv,2025-08-11 20:47:14,0.0
GEOP_20260402.csv,2025-08-11 20:50:14,0.0
GEOP_20260402.csv,2025-08-11 20:53:37,0.0
GEOP_20260402.csv,2025-08-11 20:56:14,0.0
GEOP_20260402.csv,2025-08-11 20:59:14,0.0
GEOP_20260402.csv,2025-08-11 21:02:14,0.0
GEOP_20260402.csv,2025-08-11 21:05:14,0.0
GEOP_20260402.csv,2025-08-11 21:08:14,0.0
GEOP_20260402.csv,2025-08-11 21:11:14,0.0
GEOP_20260402.csv,2025-08-11 21:14:14,0.0
GEOP_20260402.csv,2025-08-11 21:17:14,0.0
GEOP_20260402.csv,2025-08-11 21:20:14,0.0
GEOP_20260402.csv,2025-08-11 21:23:37,0.0
GEOP_20260402.csv,2025-08-11 21:26:14,0.0
GEOP_20260402.csv,2025-08-11 21:29:14,0.0
GEOP_20260402.csv,2025-08-11 21:32:14,0.0
GEOP_20260402.csv,2025-08-11 21:35:14,0.0
GEOP_20260402.csv,2025-08-11 21:38:14,0.0
GEOP_20260402.csv,2025-08-11 21:41:14,0.0
GEOP_20260402.csv,2025-08-11 21:44:14,0.0
GEOP_20260402.csv,2025-08-11 21:47:14,0.0
GEOP_20260402.csv,2025-08-11 21:50:14,0.0
GEOP_20260402.csv,2025-08-11 21:53:35,0.0
GEOP_20260402.csv,2025-08-11 21:56:14,0.0
GEOP_20260402.csv,2025-08-11 21:59:14,0.0
GEOP_20260402.csv,2025-08-11 22:02:14,0.0
GEOP_20260402.csv,2025-08-11 22:05:14,0.0
GEOP_20260402.csv,2025-08-11 22:08:14,0.0
GEOP_20260402.csv,2025-08-11 22:11:14,0.0
GEOP_20260402.csv,2025-08-11 22:14:14,0.0
GEOP_20260402.csv,2025-08-11 22:17:14,0.0
GEOP_20260402.csv,2025-08-11 22:20:14,0.0
GEOP_20260402.csv,2025-08-11 22:23:37,0.0
GEOP_20260402.csv,2025-08-11 22:26:14,0.0
GEOP_20260402.csv,2025-08-11 22:29:14,0.0
GEOP_20260402.csv,2025-08-11 22:32:14,0.0
GEOP_20260402.csv,2025-08-11 22:35:14,0.0
GEOP_20260402.csv,2025-08-11 22:38:14,0.0
GEOP_20260402.csv,2025-08-11 22:41:14,0.0
GEOP_20260402.csv,2025-08-11 22:44:14,0.0
GEOP_20260402.csv,2025-08-11 22:47:14,0.0
GEOP_20260402.csv,2025-08-11 22:50:14,0.0
GEOP_20260402.csv,2025-08-11 22:53:14,0.0
GEOP_20260402.csv,2025-08-11 22:56:14,0.0
GEOP_20260402.csv,2025-08-11 22:59:14,0.0
GEOP_20260402.csv,2025-08-11 23:02:14,0.0
GEOP_20260402.csv,2025-08-11 23:05:14,0.0
GEOP_20260402.csv,2025-08-11 23:11:14,0.0
GEOP_20260402.csv,2025-08-11 23:14:14,0.0
GEOP_20260402.csv,2025-08-11 23:17:14,0.0
GEOP_20260402.csv,2025-08-11 23:20:14,0.0
GEOP_20260402.csv,2025-08-11 23:23:14,0.0
GEOP_20260402.csv,2025-08-11 23:26:14,0.0
GEOP_20260402.csv,2025-08-11 23:29:14,0.0
GEOP_20260402.csv,2025-08-11 23:32:14,0.0
GEOP_20260402.csv,2025-08-11 23:35:14,0.0
GEOP_20260402.csv,2025-08-11 23:38:14,0.0
GEOP_20260402.csv,2025-08-11 23:44:14,0.0
GEOP_20260402.csv,2025-08-11 23:47:14,0.0
GEOP_20260402.csv,2025-08-11 23:50:14,0.0
GEOP_20260402.csv,2025-08-11 23:53:14,0.0
GEOP_20260402.csv,2025-08-11 23:56:14,0.0
GEOP_20260402.csv,2025-08-11 23:59:14,0.0
GEOP_20260402.csv,2025-08-12 00:02:14,0.0
GEOP_20260402.csv,2025-08-12 00:05:14,0.0
GEOP_20260402.csv,2025-08-12 00:08:14,0.0
GEOP_20260402.csv,2025-08-12 00:14:14,0.0
GEOP_20260402.csv,2025-08-12 00:17:14,0.0
GEOP_20260402.csv,2025-08-12 00:20:14,0.0
GEOP_20260402.csv,2025-08-12 00:23:14,0.0
GEOP_20260402.csv,2025-08-12 00:26:14,0.0
GEOP_20260402.csv,2025-08-12 00:29:14,0.0
GEOP_20260402.csv,2025-08-12 00:32:14,0.0
GEOP_20260402.csv,2025-08-12 00:35:14,0.0
GEOP_20260402.csv,2025-08-12 00:38:14,0.0
GEOP_20260402.csv,2025-08-12 00:41:14,0.0
GEOP_20260402.csv,2025-08-12 00:44:14,0.0
GEOP_20260402.csv,2025-08-12 00:47:14,0.0
GEOP_20260402.csv,2025-08-12 00:50:14,0.0
GEOP_20260402.csv,2025-08-12 00:53:14,0.0
GEOP_20260402.csv,2025-08-12 00:56:14,0.0
GEOP_20260402.csv,2025-08-12 00:59:14,0.0
GEOP_20260402.csv,2025-08-12 01:02:14,0.0
GEOP_20260402.csv,2025-08-12 01:05:14,0.0
GEOP_20260402.csv,2025-08-12 01:11:14,0.0
GEOP_20260402.csv,2025-08-12 01:14:14,0.0
GEOP_20260402.csv,2025-08-12 01:17:14,0.0
GEOP_20260402.csv,2025-08-12 01:20:14,0.0
GEOP_20260402.csv,2025-08-12 01:23:14,0.0
GEOP_20260402.csv,2025-08-12 01:26:14,0.0
GEOP_20260402.csv,2025-08-12 01:29:14,0.0
GEOP_20260402.csv,2025-08-12 01:32:14,0.0
GEOP_20260402.csv,2025-08-12 01:35:14,0.0
GEOP_20260402.csv,2025-08-12 01:38:14,0.0
GEOP_20260402.csv,2025-08-12 01:41:14,0.0
GEOP_20260402.csv,2025-08-12 01:44:14,0.0
GEOP_20260402.csv,2025-08-12 01:47:14,0.0
GEOP_20260402.csv,2025-08-12 01:50:14,0.0
GEOP_20260402.csv,2025-08-12 01:53:14,0.0
GEOP_20260402.csv,2025-08-12 01:56:14,0.0
GEOP_20260402.csv,2025-08-12 01:59:14,0.0
GEOP_20260402.csv,2025-08-12 02:02:14,0.0
GEOP_20260402.csv,2025-08-12 02:05:14,0.0
GEOP_20260402.csv,2025-08-12 02:08:14,0.0
GEOP_20260402.csv,2025-08-12 02:11:14,0.0
GEOP_20260402.csv,2025-08-12 02:14:14,0.0
GEOP_20260402.csv,2025-08-12 02:17:14,0.0
GEOP_20260402.csv,2025-08-12 02:20:14,0.0
GEOP_20260402.csv,2025-08-12 02:23:14,0.0
GEOP_20260402.csv,2025-08-12 02:26:14,0.0
GEOP_20260402.csv,2025-08-12 02:29:14,0.0
GEOP_20260402.csv,2025-08-12 02:32:14,0.0
GEOP_20260402.csv,2025-08-12 02:35:14,0.0
GEOP_20260402.csv,2025-08-12 02:38:14,0.0
GEOP_20260402.csv,2025-08-12 02:41:14,0.0
GEOP_20260402.csv,2025-08-12 02:44:14,0.0
GEOP_20260402.csv,2025-08-12 02:47:14,0.0
GEOP_20260402.csv,2025-08-12 02:50:14,0.0
GEOP_20260402.csv,2025-08-12 02:53:14,0.0
GEOP_20260402.csv,2025-08-12 02:56:14,0.0
GEOP_20260402.csv,2025-08-12 02:59:14,0.0
GEOP_20260402.csv,2025-08-12 03:02:14,0.0
GEOP_20260402.csv,2025-08-12 03:05:14,0.0
GEOP_20260402.csv,2025-08-12 03:11:13,0.0
GEOP_20260402.csv,2025-08-12 03:14:14,0.0
GEOP_20260402.csv,2025-08-12 03:20:14,0.0
GEOP_20260402.csv,2025-08-12 03:23:13,0.0
GEOP_20260402.csv,2025-08-12 03:26:13,0.0
GEOP_20260402.csv,2025-08-12 03:29:13,0.0
GEOP_20260402.csv,2025-08-12 03:32:13,0.0
GEOP_20260402.csv,2025-08-12 03:35:13,0.0
GEOP_20260402.csv,2025-08-12 03:38:13,0.0
GEOP_20260402.csv,2025-08-12 03:41:13,0.0
GEOP_20260402.csv,2025-08-12 03:44:13,0.0
GEOP_20260402.csv,2025-08-12 03:47:13,0.0
GEOP_20260402.csv,2025-08-12 03:50:13,0.0
GEOP_20260402.csv,2025-08-12 03:53:13,0.0
GEOP_20260402.csv,2025-08-12 03:56:13,0.0
GEOP_20260402.csv,2025-08-12 03:59:13,0.0
GEOP_20260402.csv,2025-08-12 04:02:13,0.0
GEOP_20260402.csv,2025-08-12 04:05:13,0.0
GEOP_20260402.csv,2025-08-12 04:08:13,0.0
GEOP_20260402.csv,2025-08-12 04:11:13,0.0
GEOP_20260402.csv,2025-08-12 04:14:13,0.0
GEOP_20260402.csv,2025-08-12 04:17:13,0.0
GEOP_20260402.csv,2025-08-12 04:20:13,0.0
GEOP_20260402.csv,2025-08-12 04:23:13,0.0
GEOP_20260402.csv,2025-08-12 04:26:13,0.0
GEOP_20260402.csv,2025-08-12 04:29:13,0.0
GEOP_20260402.csv,2025-08-12 04:32:13,0.0
GEOP_20260402.csv,2025-08-12 04:35:13,0.0
GEOP_20260402.csv,2025-08-12 04:38:13,0.0
GEOP_20260402.csv,2025-08-12 04:41:13,0.0
GEOP_20260402.csv,2025-08-12 04:44:13,0.0
GEOP_20260402.csv,2025-08-12 04:47:13,0.0
GEOP_20260402.csv,2025-08-12 04:50:13,0.0
GEOP_20260402.csv,2025-08-12 04:53:13,0.0
GEOP_20260402.csv,2025-08-12 04:56:13,0.0
GEOP_20260402.csv,2025-08-12 04:59:13,0.0
GEOP_20260402.csv,2025-08-12 05:02:13,0.0
GEOP_20260402.csv,2025-08-12 05:05:13,0.0
GEOP_20260402.csv,2025-08-12 05:08:13,0.0
GEOP_20260402.csv,2025-08-12 05:11:13,0.0
GEOP_20260402.csv,2025-08-12 05:14:13,0.0
GEOP_20260402.csv,2025-08-12 05:17:13,0.0
GEOP_20260402.csv,2025-08-12 05:20:13,0.0
GEOP_20260402.csv,2025-08-12 05:23:13,0.0
GEOP_20260402.csv,2025-08-12 05:26:13,0.0
GEOP_20260402.csv,2025-08-12 05:29:13,0.0
GEOP_20260402.csv,2025-08-12 05:32:13,0.0
GEOP_20260402.csv,2025-08-12 05:35:13,0.0
GEOP_20260402.csv,2025-08-12 05:38:13,0.0
GEOP_20260402.csv,2025-08-12 05:41:13,0.0
GEOP_20260402.csv,2025-08-12 05:44:13,0.0
GEOP_20260402.csv,2025-08-12 05:47:13,0.0
GEOP_20260402.csv,2025-08-12 05:50:13,0.0
GEOP_20260402.csv,2025-08-12 05:53:13,0.0
GEOP_20260402.csv,2025-08-12 05:56:13,0.0
GEOP_20260402.csv,2025-08-12 05:59:13,0.0
GEOP_20260402.csv,2025-08-12 06:02:13,0.0
GEOP_20260402.csv,2025-08-12 06:05:13,0.0
GEOP_20260402.csv,2025-08-12 06:08:13,0.0
GEOP_20260402.csv,2025-08-12 06:11:13,0.0
GEOP_20260402.csv,2025-08-12 06:14:13,0.0
GEOP_20260402.csv,2025-08-12 06:20:13,0.0
GEOP_20260402.csv,2025-08-12 06:23:13,0.0
GEOP_20260402.csv,2025-08-12 06:26:13,0.0
GEOP_20260402.csv,2025-08-12 06:29:13,0.0
GEOP_20260402.csv,2025-08-12 06:32:13,0.0
GEOP_20260402.csv,2025-08-12 06:35:13,0.0
GEOP_20260402.csv,2025-08-12 06:38:13,0.0
GEOP_20260402.csv,2025-08-12 06:41:13,0.0
GEOP_20260402.csv,2025-08-12 06:44:13,0.0
GEOP_20260402.csv,2025-08-12 06:47:13,0.0
GEOP_20260402.csv,2025-08-12 06:50:13,0.0
GEOP_20260402.csv,2025-08-12 06:53:13,0.0
GEOP_20260402.csv,2025-08-12 06:56:13,0.0
GEOP_20260402.csv,2025-08-12 06:59:13,0.0
GEOP_20260402.csv,2025-08-12 07:02:13,0.0
GEOP_20260402.csv,2025-08-12 07:05:13,0.0
GEOP_20260402.csv,2025-08-12 07:08:13,0.0
GEOP_20260402.csv,2025-08-12 07:11:13,0.0
GEOP_20260402.csv,2025-08-12 07:14:13,0.0
GEOP_20260402.csv,2025-08-12 07:17:13,0.0
GEOP_20260402.csv,2025-08-12 07:20:13,0.0
GEOP_20260402.csv,2025-08-12 07:23:13,0.0
GEOP_20260402.csv,2025-08-12 07:26:13,0.0
GEOP_20260402.csv,2025-08-12 07:29:13,0.0
GEOP_20260402.csv,2025-08-12 07:32:13,0.0
GEOP_20260402.csv,2025-08-12 07:35:13,0.0
GEOP_20260402.csv,2025-08-12 07:38:13,0.0
GEOP_20260402.csv,2025-08-12 07:41:13,0.0
GEOP_20260402.csv,2025-08-12 07:44:13,0.0
GEOP_20260402.csv,2025-08-12 07:47:13,0.0
GEOP_20260402.csv,2025-08-12 07:50:13,0.0
GEOP_20260402.csv,2025-08-12 07:53:13,0.0
GEOP_20260402.csv,2025-08-12 07:56:13,0.0
GEOP_20260402.csv,2025-08-12 07:59:13,0.0
GEOP_20260402.csv,2025-08-12 08:02:13,0.0
GEOP_20260402.csv,2025-08-12 08:05:13,0.0
GEOP_20260402.csv,2025-08-12 08:08:13,0.0
GEOP_20260402.csv,2025-08-12 08:11:13,0.0
GEOP_20260402.csv,2025-08-12 08:14:13,0.0
GEOP_20260402.csv,2025-08-12 08:17:13,0.0
GEOP_20260402.csv,2025-08-12 08:20:13,0.0
GEOP_20260402.csv,2025-08-12 08:23:13,0.0
GEOP_20260402.csv,2025-08-12 08:26:13,0.0
GEOP_20260402.csv,2025-08-12 08:29:13,0.0
GEOP_20260402.csv,2025-08-12 08:32:13,0.0
GEOP_20260402.csv,2025-08-12 08:35:13,0.0
GEOP_20260402.csv,2025-08-12 08:38:13,0.0
GEOP_20260402.csv,2025-08-12 08:41:13,0.0
GEOP_20260402.csv,2025-08-12 08:44:13,0.0
GEOP_20260402.csv,2025-08-12 08:47:13,0.0
GEOP_20260402.csv,2025-08-12 08:50:13,0.0
GEOP_20260402.csv,2025-08-12 08:53:13,0.0
GEOP_20260402.csv,2025-08-12 08:56:13,0.0
GEOP_20260402.csv,2025-08-12 08:59:13,0.0
GEOP_20260402.csv,2025-08-12 09:02:13,0.0
GEOP_20260402.csv,2025-08-12 09:05:13,0.0
GEOP_20260402.csv,2025-08-12 09:08:13,0.0
GEOP_20260402.csv,2025-08-12 09:11:13,0.0
GEOP_20260402.csv,2025-08-12 09:14:13,0.0
GEOP_20260402.csv,2025-08-12 09:17:13,0.0
GEOP_20260402.csv,2025-08-12 09:23:13,0.0
GEOP_20260402.csv,2025-08-12 09:26:13,0.0
GEOP_20260402.csv,2025-08-12 09:29:13,0.0
GEOP_20260402.csv,2025-08-12 09:32:13,0.0
GEOP_20260402.csv,2025-08-12 09:35:13,0.0
GEOP_20260402.csv,2025-08-12 09:38:13,0.0
GEOP_20260402.csv,2025-08-12 09:41:13,0.0
GEOP_20260402.csv,2025-08-12 09:44:13,0.0
GEOP_20260402.csv,2025-08-12 09:47:13,0.0
GEOP_20260402.csv,2025-08-12 09:50:13,0.0
GEOP_20260402.csv,2025-08-12 09:53:13,0.0
GEOP_20260402.csv,2025-08-12 09:56:13,0.0
GEOP_20260402.csv,2025-08-12 09:59:13,0.0
GEOP_20260402.csv,2025-08-12 10:02:13,0.0
GEOP_20260402.csv,2025-08-12 10:05:13,0.0
GEOP_20260402.csv,2025-08-12 10:08:13,0.0
GEOP_20260402.csv,2025-08-12 10:11:13,0.0
GEOP_20260402.csv,2025-08-12 10:14:13,0.0
GEOP_20260402.csv,2025-08-12 10:17:13,0.0
GEOP_20260402.csv,2025-08-12 10:20:13,0.0
GEOP_20260402.csv,2025-08-12 10:23:13,0.0
GEOP_20260402.csv,2025-08-12 10:26:13,0.0
GEOP_20260402.csv,2025-08-12 10:29:13,0.0
GEOP_20260402.csv,2025-08-12 10:32:13,0.0
GEOP_20260402.csv,2025-08-12 10:35:13,0.0
GEOP_20260402.csv,2025-08-12 10:38:13,0.0
GEOP_20260402.csv,2025-08-12 10:41:13,0.0
GEOP_20260402.csv,2025-08-12 10:44:13,0.0
GEOP_20260402.csv,2025-08-12 10:47:13,0.0
GEOP_20260402.csv,2025-08-12 10:50:13,0.0
GEOP_20260402.csv,2025-08-12 10:53:13,0.0
GEOP_20260402.csv,2025-08-12 10:56:13,0.0
GEOP_20260402.csv,2025-08-12 10:59:13,0.0
GEOP_20260402.csv,2025-08-12 11:02:13,0.0
GEOP_20260402.csv,2025-08-12 11:05:13,0.0
GEOP_20260402.csv,2025-08-12 11:08:13,0.0
GEOP_20260402.csv,2025-08-12 11:11:13,0.0
GEOP_20260402.csv,2025-08-12 11:14:13,0.0
GEOP_20260402.csv,2025-08-12 11:17:13,0.0
GEOP_20260402.csv,2025-08-12 11:20:13,0.0
GEOP_20260402.csv,2025-08-12 11:23:13,0.0
GEOP_20260402.csv,2025-08-12 11:26:13,0.0
GEOP_20260402.csv,2025-08-12 11:29:13,0.0
GEOP_20260402.csv,2025-08-12 11:32:13,0.0
GEOP_20260402.csv,2025-08-12 11:35:13,0.0
GEOP_20260402.csv,2025-08-12 11:38:13,0.0
GEOP_20260402.csv,2025-08-12 11:41:13,0.0
GEOP_20260402.csv,2025-08-12 11:44:13,0.0
GEOP_20260402.csv,2025-08-12 11:47:13,0.0
GEOP_20260402.csv,2025-08-12 11:50:13,0.0
GEOP_20260402.csv,2025-08-12 11:53:13,0.0
GEOP_20260402.csv,2025-08-12 11:56:13,0.0
GEOP_20260402.csv,2025-08-12 11:59:13,0.0
GEOP_20260402.csv,2025-08-12 12:02:13,0.0
GEOP_20260402.csv,2025-08-12 12:05:13,0.0
GEOP_20260402.csv,2025-08-12 12:08:13,0.0
GEOP_20260402.csv,2025-08-12 12:11:13,0.0
GEOP_20260402.csv,2025-08-12 12:14:13,0.0
GEOP_20260402.csv,2025-08-12 12:17:13,0.0
GEOP_20260402.csv,2025-08-12 12:20:13,0.0
GEOP_20260402.csv,2025-08-12 12:23:13,0.0
GEOP_20260402.csv,2025-08-12 12:26:13,0.0
GEOP_20260402.csv,2025-08-12 12:29:13,0.0
GEOP_20260402.csv,2025-08-12 12:32:13,0.0
GEOP_20260402.csv,2025-08-12 12:35:13,0.0
GEOP_20260402.csv,2025-08-12 12:38:13,0.0
GEOP_20260402.csv,2025-08-12 12:41:13,0.0
GEOP_20260402.csv,2025-08-12 12:44:13,0.0
GEOP_20260402.csv,2025-08-12 12:47:13,0.0
GEOP_20260402.csv,2025-08-12 12:50:13,0.0
GEOP_20260402.csv,2025-08-12 12:53:13,0.0
GEOP_20260402.csv,2025-08-12 12:56:13,0.0
GEOP_20260402.csv,2025-08-12 12:59:13,0.0
GEOP_20260402.csv,2025-08-12 13:02:13,0.0
GEOP_20260402.csv,2025-08-12 13:05:13,0.0
GEOP_20260402.csv,2025-08-12 13:08:13,0.0
GEOP_20260402.csv,2025-08-12 13:11:13,0.0
GEOP_20260402.csv,2025-08-12 13:14:13,0.0
GEOP_20260402.csv,2025-08-12 13:17:13,0.0
GEOP_20260402.csv,2025-08-12 13:20:13,0.0
GEOP_20260402.csv,2025-08-12 13:23:13,0.0
GEOP_20260402.csv,2025-08-12 13:26:13,0.0
GEOP_20260402.csv,2025-08-12 13:29:13,0.0
GEOP_20260402.csv,2025-08-12 13:32:13,0.0
GEOP_20260402.csv,2025-08-12 13:35:13,0.0
GEOP_20260402.csv,2025-08-12 13:38:12,0.0
GEOP_20260402.csv,2025-08-12 13:41:12,0.0
GEOP_20260402.csv,2025-08-12 13:44:13,0.0
GEOP_20260402.csv,2025-08-12 13:47:13,0.0
GEOP_20260402.csv,2025-08-12 13:50:12,0.0
GEOP_20260402.csv,2025-08-12 13:53:12,0.0
GEOP_20260402.csv,2025-08-12 13:56:12,0.0
GEOP_20260402.csv,2025-08-12 13:59:12,0.0
GEOP_20260402.csv,2025-08-12 14:02:12,0.0
GEOP_20260402.csv,2025-08-12 14:05:12,0.0
GEOP_20260402.csv,2025-08-12 14:08:12,0.0
GEOP_20260402.csv,2025-08-12 14:11:12,0.0
GEOP_20260402.csv,2025-08-12 14:14:12,0.0
GEOP_20260402.csv,2025-08-12 14:17:12,0.0
GEOP_20260402.csv,2025-08-12 14:20:12,0.0
GEOP_20260402.csv,2025-08-12 14:23:12,0.0
GEOP_20260402.csv,2025-08-12 14:26:12,0.0
GEOP_20260402.csv,2025-08-12 14:29:12,0.0
GEOP_20260402.csv,2025-08-12 14:32:12,0.0
GEOP_20260402.csv,2025-08-12 14:35:12,0.0
GEOP_20260402.csv,2025-08-12 14:38:12,0.0
GEOP_20260402.csv,2025-08-12 14:41:12,0.0
GEOP_20260402.csv,2025-08-12 14:44:12,0.0
GEOP_20260402.csv,2025-08-12 14:47:12,0.0
GEOP_20260402.csv,2025-08-12 14:50:12,0.0
GEOP_20260402.csv,2025-08-12 14:53:12,0.0
GEOP_20260402.csv,2025-08-12 14:56:12,0.0
GEOP_20260402.csv,2025-08-12 14:59:12,0.0
GEOP_20260402.csv,2025-08-12 15:02:12,0.0
GEOP_20260402.csv,2025-08-12 15:05:12,0.0
GEOP_20260402.csv,2025-08-12 15:08:12,0.0
GEOP_20260402.csv,2025-08-12 15:11:12,0.0
GEOP_20260402.csv,2025-08-12 15:14:12,0.0
GEOP_20260402.csv,2025-08-12 15:17:12,0.0
GEOP_20260402.csv,2025-08-12 15:20:12,0.0
GEOP_20260402.csv,2025-08-12 15:23:12,0.0
GEOP_20260402.csv,2025-08-12 15:26:12,0.0
GEOP_20260402.csv,2025-08-12 15:29:12,0.0
GEOP_20260402.csv,2025-08-12 15:32:12,0.0
GEOP_20260402.csv,2025-08-12 15:35:12,0.0
GEOP_20260402.csv,2025-08-12 15:38:12,0.0
GEOP_20260402.csv,2025-08-12 15:41:12,0.0
GEOP_20260402.csv,2025-08-12 15:44:12,0.0
GEOP_20260402.csv,2025-08-12 15:47:12,0.0
GEOP_20260402.csv,2025-08-12 15:50:12,0.0
GEOP_20260402.csv,2025-08-12 15:53:12,0.0
GEOP_20260402.csv,2025-08-12 15:56:12,0.0
GEOP_20260402.csv,2025-08-12 15:59:12,0.0
GEOP_20260402.csv,2025-08-12 16:02:12,0.0
GEOP_20260402.csv,2025-08-12 16:05:12,0.0
GEOP_20260402.csv,2025-08-12 16:08:12,0.0
GEOP_20260402.csv,2025-08-12 16:11:12,0.0
GEOP_20260402.csv,2025-08-12 16:14:12,0.0
GEOP_20260402.csv,2025-08-12 16:17:12,0.0
GEOP_20260402.csv,2025-08-12 16:23:12,0.0
GEOP_20260402.csv,2025-08-12 16:26:12,0.0
GEOP_20260402.csv,2025-08-12 16:29:12,0.0
GEOP_20260402.csv,2025-08-12 16:32:12,0.0
GEOP_20260402.csv,2025-08-12 16:35:12,0.0
GEOP_20260402.csv,2025-08-12 16:38:12,0.0
GEOP_20260402.csv,2025-08-12 16:41:12,0.0
GEOP_20260402.csv,2025-08-12 16:44:12,0.0
GEOP_20260402.csv,2025-08-12 16:47:12,0.0
GEOP_20260402.csv,2025-08-12 16:50:12,0.0
GEOP_20260402.csv,2025-08-12 16:53:12,0.0
GEOP_20260402.csv,2025-08-12 16:56:12,0.0
GEOP_20260402.csv,2025-08-12 16:59:12,0.0
GEOP_20260402.csv,2025-08-12 17:02:12,0.0
GEOP_20260402.csv,2025-08-12 17:05:12,0.0
GEOP_20260402.csv,2025-08-12 17:08:12,0.0
GEOP_20260402.csv,2025-08-12 17:11:12,0.0
GEOP_20260402.csv,2025-08-12 17:14:12,0.0
GEOP_20260402.csv,2025-08-12 17:17:12,0.0
GEOP_20260402.csv,2025-08-12 17:20:12,0.0
GEOP_20260402.csv,2025-08-12 17:23:12,0.0
GEOP_20260402.csv,2025-08-12 17:26:12,0.0
GEOP_20260402.csv,2025-08-12 17:29:12,0.0
GEOP_20260402.csv,2025-08-12 17:32:12,0.0
GEOP_20260402.csv,2025-08-12 17:35:12,0.0
GEOP_20260402.csv,2025-08-12 17:38:12,0.0
GEOP_20260402.csv,2025-08-12 17:41:12,0.0
GEOP_20260402.csv,2025-08-12 17:44:12,0.0
GEOP_20260402.csv,2025-08-12 17:47:12,0.0
GEOP_20260402.csv,2025-08-12 17:50:12,0.0
GEOP_20260402.csv,2025-08-12 17:53:12,0.0
GEOP_20260402.csv,2025-08-12 17:56:12,0.0
GEOP_20260402.csv,2025-08-12 17:59:12,0.0
GEOP_20260402.csv,2025-08-12 18:02:12,0.0
GEOP_20260402.csv,2025-08-12 18:05:12,0.0
GEOP_20260402.csv,2025-08-12 18:08:12,0.0
GEOP_20260402.csv,2025-08-12 18:11:12,0.0
GEOP_20260402.csv,2025-08-12 18:14:12,0.0
GEOP_20260402.csv,2025-08-12 18:17:12,0.0
GEOP_20260402.csv,2025-08-12 18:20:12,0.0
GEOP_20260402.csv,2025-08-12 18:23:12,0.0
GEOP_20260402.csv,2025-08-12 18:26:12,0.0
GEOP_20260402.csv,2025-08-12 18:29:12,0.0
GEOP_20260402.csv,2025-08-12 18:32:12,0.0
GEOP_20260402.csv,2025-08-12 18:35:12,0.0
GEOP_20260402.csv,2025-08-12 18:38:12,0.0
GEOP_20260402.csv,2025-08-12 18:41:12,0.0
GEOP_20260402.csv,2025-08-12 18:44:12,0.0
GEOP_20260402.csv,2025-08-12 18:47:12,0.0
GEOP_20260402.csv,2025-08-12 18:50:12,0.0
GEOP_20260402.csv,2025-08-12 18:53:12,0.0
GEOP_20260402.csv,2025-08-12 18:56:12,0.0
GEOP_20260402.csv,2025-08-12 18:59:12,0.0
GEOP_20260402.csv,2025-08-12 19:02:12,0.0
GEOP_20260402.csv,2025-08-12 19:05:12,0.0
GEOP_20260402.csv,2025-08-12 19:08:12,0.0
GEOP_20260402.csv,2025-08-12 19:11:12,0.0
GEOP_20260402.csv,2025-08-12 19:14:12,0.0
GEOP_20260402.csv,2025-08-12 19:17:12,0.0
GEOP_20260402.csv,2025-08-12 19:20:12,0.0
GEOP_20260402.csv,2025-08-12 19:23:12,0.0
GEOP_20260402.csv,2025-08-12 19:26:12,0.0
GEOP_20260402.csv,2025-08-12 19:29:12,0.0
GEOP_20260402.csv,2025-08-12 19:32:12,0.0
GEOP_20260402.csv,2025-08-12 19:35:12,0.0
GEOP_20260402.csv,2025-08-12 19:38:12,0.0
GEOP_20260402.csv,2025-08-12 19:41:12,0.0
GEOP_20260402.csv,2025-08-12 19:44:12,0.0
GEOP_20260402.csv,2025-08-12 19:47:12,0.0
GEOP_20260402.csv,2025-08-12 19:50:12,0.0
GEOP_20260402.csv,2025-08-12 19:53:12,0.0
GEOP_20260402.csv,2025-08-12 19:56:12,0.0
GEOP_20260402.csv,2025-08-12 19:59:12,0.0
GEOP_20260402.csv,2025-08-12 20:02:12,0.0
GEOP_20260402.csv,2025-08-12 20:08:12,0.0
GEOP_20260402.csv,2025-08-12 20:11:12,0.0
GEOP_20260402.csv,2025-08-12 20:14:12,0.0
GEOP_20260402.csv,2025-08-12 20:17:12,0.0
GEOP_20260402.csv,2025-08-12 20:20:12,0.0
GEOP_20260402.csv,2025-08-12 20:23:12,0.0
GEOP_20260402.csv,2025-08-12 20:26:12,0.0
GEOP_20260402.csv,2025-08-12 20:29:12,0.0
GEOP_20260402.csv,2025-08-12 20:32:12,0.0
GEOP_20260402.csv,2025-08-12 20:35:12,0.0
GEOP_20260402.csv,2025-08-12 20:38:12,0.0
GEOP_20260402.csv,2025-08-12 20:41:12,0.0
GEOP_20260402.csv,2025-08-12 20:44:12,0.0
GEOP_20260402.csv,2025-08-12 20:47:12,0.0
GEOP_20260402.csv,2025-08-12 20:50:12,0.0
GEOP_20260402.csv,2025-08-12 20:53:12,0.0
GEOP_20260402.csv,2025-08-12 20:56:12,0.0
GEOP_20260402.csv,2025-08-12 20:59:12,0.0
GEOP_20260402.csv,2025-08-12 21:02:12,0.0
GEOP_20260402.csv,2025-08-12 21:05:12,0.0
GEOP_20260402.csv,2025-08-12 21:08:12,0.0
GEOP_20260402.csv,2025-08-12 21:11:12,0.0
GEOP_20260402.csv,2025-08-12 21:14:12,0.0
GEOP_20260402.csv,2025-08-12 21:17:12,0.0
GEOP_20260402.csv,2025-08-12 21:20:12,0.0
GEOP_20260402.csv,2025-08-12 21:23:12,0.0
GEOP_20260402.csv,2025-08-12 21:26:12,0.0
GEOP_20260402.csv,2025-08-12 21:29:12,0.0
GEOP_20260402.csv,2025-08-12 21:32:12,0.0
GEOP_20260402.csv,2025-08-12 21:35:12,0.0
GEOP_20260402.csv,2025-08-12 21:38:12,0.0
GEOP_20260402.csv,2025-08-12 21:41:12,0.0
GEOP_20260402.csv,2025-08-12 21:44:12,0.0
GEOP_20260402.csv,2025-08-12 21:47:12,0.0
GEOP_20260402.csv,2025-08-12 21:50:12,0.0
GEOP_20260402.csv,2025-08-12 21:53:12,0.0
GEOP_20260402.csv,2025-08-12 21:56:12,0.0
GEOP_20260402.csv,2025-08-12 21:59:12,0.0
GEOP_20260402.csv,2025-08-12 22:02:12,0.0
GEOP_20260402.csv,2025-08-12 22:05:12,0.0
GEOP_20260402.csv,2025-08-12 22:08:12,0.0
GEOP_20260402.csv,2025-08-12 22:11:12,0.0
GEOP_20260402.csv,2025-08-12 22:14:12,0.0
GEOP_20260402.csv,2025-08-12 22:17:12,0.0
GEOP_20260402.csv,2025-08-12 22:20:12,0.0
GEOP_20260402.csv,2025-08-12 22:23:12,0.0
GEOP_20260402.csv,2025-08-12 22:26:12,0.0
GEOP_20260402.csv,2025-08-12 22:29:12,0.0
GEOP_20260402.csv,2025-08-12 22:32:12,0.0
GEOP_20260402.csv,2025-08-12 22:35:12,0.0
GEOP_20260402.csv,2025-08-12 22:38:12,0.0
GEOP_20260402.csv,2025-08-12 22:41:12,0.0
GEOP_20260402.csv,2025-08-12 22:44:12,0.0
GEOP_20260402.csv,2025-08-12 22:47:12,0.0
GEOP_20260402.csv,2025-08-12 22:50:12,0.0
GEOP_20260402.csv,2025-08-12 22:53:12,0.0
GEOP_20260402.csv,2025-08-12 22:56:12,0.0
GEOP_20260402.csv,2025-08-12 22:59:12,0.0
GEOP_20260402.csv,2025-08-12 23:02:12,0.0
GEOP_20260402.csv,2025-08-12 23:05:12,0.0
GEOP_20260402.csv,2025-08-12 23:08:12,0.0
GEOP_20260402.csv,2025-08-12 23:11:12,0.0
GEOP_20260402.csv,2025-08-12 23:14:12,0.0
GEOP_20260402.csv,2025-08-12 23:17:12,0.0
GEOP_20260402.csv,2025-08-12 23:20:12,0.0
GEOP_20260402.csv,2025-08-12 23:23:12,0.0
GEOP_20260402.csv,2025-08-12 23:26:12,0.0
GEOP_20260402.csv,2025-08-12 23:29:12,0.0
GEOP_20260402.csv,2025-08-12 23:32:12,0.0
GEOP_20260402.csv,2025-08-12 23:35:12,0.0
GEOP_20260402.csv,2025-08-12 23:38:12,0.0
GEOP_20260402.csv,2025-08-12 23:41:12,0.0
GEOP_20260402.csv,2025-08-12 23:44:12,0.0
GEOP_20260402.csv,2025-08-12 23:47:12,0.0
GEOP_20260402.csv,2025-08-12 23:50:12,0.0
GEOP_20260402.csv,2025-08-12 23:53:12,0.0
GEOP_20260402.csv,2025-08-12 23:56:12,0.0
GEOP_20260402.csv,2025-08-12 23:59:12,0.0
GEOP_20260402.csv,2025-08-13 00:02:12,0.0
GEOP_20260402.csv,2025-08-13 00:05:12,0.0
GEOP_20260402.csv,2025-08-13 00:08:12,0.0
GEOP_20260402.csv,2025-08-13 00:11:11,0.0
GEOP_20260402.csv,2025-08-13 00:14:11,0.0
GEOP_20260402.csv,2025-08-13 00:17:11,0.0
GEOP_20260402.csv,2025-08-13 00:20:11,0.0
GEOP_20260402.csv,2025-08-13 00:23:11,0.0
GEOP_20260402.csv,2025-08-13 00:26:11,0.0
GEOP_20260402.csv,2025-08-13 00:29:11,0.0
GEOP_20260402.csv,2025-08-13 00:32:11,0.0
GEOP_20260402.csv,2025-08-13 00:35:11,0.0
GEOP_20260402.csv,2025-08-13 00:38:11,0.0
GEOP_20260402.csv,2025-08-13 00:41:11,0.0
GEOP_20260402.csv,2025-08-13 00:44:11,0.0
GEOP_20260402.csv,2025-08-13 00:47:11,0.0
GEOP_20260402.csv,2025-08-13 00:50:11,0.0
GEOP_20260402.csv,2025-08-13 00:53:11,0.0
GEOP_20260402.csv,2025-08-13 00:56:11,0.0
GEOP_20260402.csv,2025-08-13 00:59:11,0.0
GEOP_20260402.csv,2025-08-13 01:02:11,0.0
GEOP_20260402.csv,2025-08-13 01:05:11,0.0
GEOP_20260402.csv,2025-08-13 01:08:11,0.0
GEOP_20260402.csv,2025-08-13 01:11:11,0.0
GEOP_20260402.csv,2025-08-13 01:14:11,0.0
GEOP_20260402.csv,2025-08-13 01:17:11,0.0
GEOP_20260402.csv,2025-08-13 01:20:11,0.0
GEOP_20260402.csv,2025-08-13 01:23:11,0.0
GEOP_20260402.csv,2025-08-13 01:26:11,0.0
GEOP_20260402.csv,2025-08-13 01:29:11,0.0
GEOP_20260402.csv,2025-08-13 01:32:11,0.0
GEOP_20260402.csv,2025-08-13 01:35:11,0.0
GEOP_20260402.csv,2025-08-13 01:38:11,0.0
GEOP_20260402.csv,2025-08-13 01:41:11,0.0
GEOP_20260402.csv,2025-08-13 01:44:11,0.0
GEOP_20260402.csv,2025-08-13 01:47:11,0.0
GEOP_20260402.csv,2025-08-13 01:53:11,0.0
GEOP_20260402.csv,2025-08-13 01:56:11,0.0
GEOP_20260402.csv,2025-08-13 01:59:11,0.0
GEOP_20260402.csv,2025-08-13 02:02:11,0.0
GEOP_20260402.csv,2025-08-13 02:08:11,0.0
GEOP_20260402.csv,2025-08-13 02:11:11,0.0
GEOP_20260402.csv,2025-08-13 02:14:11,0.0
GEOP_20260402.csv,2025-08-13 02:17:11,0.0
GEOP_20260402.csv,2025-08-13 02:20:11,0.0
GEOP_20260402.csv,2025-08-13 02:23:11,0.0
GEOP_20260402.csv,2025-08-13 02:26:11,0.0
GEOP_20260402.csv,2025-08-13 02:29:11,0.0
GEOP_20260402.csv,2025-08-13 02:32:11,0.0
GEOP_20260402.csv,2025-08-13 02:35:11,0.0
GEOP_20260402.csv,2025-08-13 02:38:11,0.0
GEOP_20260402.csv,2025-08-13 02:41:11,0.0
GEOP_20260402.csv,2025-08-13 02:44:11,0.0
GEOP_20260402.csv,2025-08-13 02:47:11,0.0
GEOP_20260402.csv,2025-08-13 02:50:11,0.0
GEOP_20260402.csv,2025-08-13 02:53:11,0.0
GEOP_20260402.csv,2025-08-13 02:56:11,0.0
GEOP_20260402.csv,2025-08-13 02:59:11,0.0
GEOP_20260402.csv,2025-08-13 03:02:11,0.0
GEOP_20260402.csv,2025-08-13 03:05:11,0.0
GEOP_20260402.csv,2025-08-13 03:08:11,0.0
GEOP_20260402.csv,2025-08-13 03:11:11,0.0
GEOP_20260402.csv,2025-08-13 03:14:11,0.0
GEOP_20260402.csv,2025-08-13 03:17:11,0.0
GEOP_20260402.csv,2025-08-13 03:20:11,0.0
GEOP_20260402.csv,2025-08-13 03:26:11,0.0
GEOP_20260402.csv,2025-08-13 03:29:11,0.0
GEOP_20260402.csv,2025-08-13 03:32:11,0.0
GEOP_20260402.csv,2025-08-13 03:35:11,0.0
GEOP_20260402.csv,2025-08-13 03:38:11,0.0
GEOP_20260402.csv,2025-08-13 03:41:11,0.0
GEOP_20260402.csv,2025-08-13 03:44:11,0.0
GEOP_20260402.csv,2025-08-13 03:47:11,0.0
GEOP_20260402.csv,2025-08-13 03:50:11,0.0
GEOP_20260402.csv,2025-08-13 03:53:11,0.0
GEOP_20260402.csv,2025-08-13 03:56:11,0.0
GEOP_20260402.csv,2025-08-13 03:59:11,0.0
GEOP_20260402.csv,2025-08-13 04:02:11,0.0
GEOP_20260402.csv,2025-08-13 04:05:11,0.0
GEOP_20260402.csv,2025-08-13 04:08:11,0.0
GEOP_20260402.csv,2025-08-13 04:11:11,0.0
GEOP_20260402.csv,2025-08-13 04:14:11,0.0
GEOP_20260402.csv,2025-08-13 04:17:11,0.0
GEOP_20260402.csv,2025-08-13 04:20:11,0.0
GEOP_20260402.csv,2025-08-13 04:23:11,0.0
GEOP_20260402.csv,2025-08-13 04:26:11,0.0
GEOP_20260402.csv,2025-08-13 04:29:11,0.0
GEOP_20260402.csv,2025-08-13 04:32:11,0.0
GEOP_20260402.csv,2025-08-13 04:35:11,0.0
GEOP_20260402.csv,2025-08-13 04:38:11,0.0
GEOP_20260402.csv,2025-08-13 04:44:11,0.0
GEOP_20260402.csv,2025-08-13 04:47:11,0.0
GEOP_20260402.csv,2025-08-13 04:53:11,0.0
GEOP_20260402.csv,2025-08-13 04:56:11,0.0
GEOP_20260402.csv,2025-08-13 05:02:11,0.0
GEOP_20260402.csv,2025-08-13 05:05:11,0.0
GEOP_20260402.csv,2025-08-13 05:08:11,0.0
GEOP_20260402.csv,2025-08-13 05:11:11,0.0
GEOP_20260402.csv,2025-08-13 05:14:11,0.0
GEOP_20260402.csv,2025-08-13 05:17:11,0.0
GEOP_20260402.csv,2025-08-13 05:20:11,0.0
GEOP_20260402.csv,2025-08-13 05:23:11,0.0
GEOP_20260402.csv,2025-08-13 05:26:11,0.0
GEOP_20260402.csv,2025-08-13 05:29:11,0.0
GEOP_20260402.csv,2025-08-13 05:32:11,0.0
GEOP_20260402.csv,2025-08-13 05:35:11,0.0
GEOP_20260402.csv,2025-08-13 05:38:11,0.0
GEOP_20260402.csv,2025-08-13 05:41:11,0.0
GEOP_20260402.csv,2025-08-13 05:44:11,0.0
GEOP_20260402.csv,2025-08-13 05:47:11,0.0
GEOP_20260402.csv,2025-08-13 05:50:11,0.0
GEOP_20260402.csv,2025-08-13 05:56:11,0.0
GEOP_20260402.csv,2025-08-13 05:59:11,0.0
GEOP_20260402.csv,2025-08-13 06:02:11,0.0
GEOP_20260402.csv,2025-08-13 06:05:11,0.0
GEOP_20260402.csv,2025-08-13 06:08:11,0.0
GEOP_20260402.csv,2025-08-13 06:11:11,0.0
GEOP_20260402.csv,2025-08-13 06:14:11,0.0
GEOP_20260402.csv,2025-08-13 06:17:11,0.0
GEOP_20260402.csv,2025-08-13 06:20:11,0.0
GEOP_20260402.csv,2025-08-13 06:23:11,0.0
GEOP_20260402.csv,2025-08-13 06:26:11,0.0
GEOP_20260402.csv,2025-08-13 06:29:11,0.0
GEOP_20260402.csv,2025-08-13 06:32:11,0.0
GEOP_20260402.csv,2025-08-13 06:35:11,0.0
GEOP_20260402.csv,2025-08-13 06:38:11,0.0
GEOP_20260402.csv,2025-08-13 06:41:11,0.0
GEOP_20260402.csv,2025-08-13 06:44:11,0.0
GEOP_20260402.csv,2025-08-13 06:47:11,0.0
GEOP_20260402.csv,2025-08-13 06:50:11,0.0
GEOP_20260402.csv,2025-08-13 06:53:11,0.0
GEOP_20260402.csv,2025-08-13 06:56:11,0.0
GEOP_20260402.csv,2025-08-13 06:59:11,0.0
GEOP_20260402.csv,2025-08-13 07:02:11,0.0
GEOP_20260402.csv,2025-08-13 07:05:11,0.0
GEOP_20260402.csv,2025-08-13 07:08:11,0.0
GEOP_20260402.csv,2025-08-13 07:11:11,0.0
GEOP_20260402.csv,2025-08-13 07:14:11,0.0
GEOP_20260402.csv,2025-08-13 07:17:11,0.0
GEOP_20260402.csv,2025-08-13 07:20:11,0.0
GEOP_20260402.csv,2025-08-13 07:23:11,0.0
GEOP_20260402.csv,2025-08-13 07:26:11,0.0
GEOP_20260402.csv,2025-08-13 07:29:11,0.0
GEOP_20260402.csv,2025-08-13 07:32:11,0.0
GEOP_20260402.csv,2025-08-13 07:35:11,0.0
GEOP_20260402.csv,2025-08-13 07:38:11,0.0
GEOP_20260402.csv,2025-08-13 07:41:11,0.0
GEOP_20260402.csv,2025-08-13 07:44:11,0.0
GEOP_20260402.csv,2025-08-13 07:47:11,0.0
GEOP_20260402.csv,2025-08-13 07:50:11,0.0
GEOP_20260402.csv,2025-08-13 07:53:11,0.0
GEOP_20260402.csv,2025-08-13 07:56:11,0.0
GEOP_20260402.csv,2025-08-13 07:59:11,0.0
GEOP_20260402.csv,2025-08-13 08:02:11,0.0
GEOP_20260402.csv,2025-08-13 08:05:11,0.0
GEOP_20260402.csv,2025-08-13 08:08:11,0.0
GEOP_20260402.csv,2025-08-13 08:11:11,0.0
GEOP_20260402.csv,2025-08-13 08:14:11,0.0
GEOP_20260402.csv,2025-08-13 08:17:11,0.0
GEOP_20260402.csv,2025-08-13 08:20:11,0.0
GEOP_20260402.csv,2025-08-13 08:23:11,0.0
GEOP_20260402.csv,2025-08-13 08:26:11,0.0
GEOP_20260402.csv,2025-08-13 08:29:11,0.0
GEOP_20260402.csv,2025-08-13 08:32:11,0.0
GEOP_20260402.csv,2025-08-13 08:35:11,0.0
GEOP_20260402.csv,2025-08-13 08:41:11,0.0
GEOP_20260402.csv,2025-08-13 08:44:11,0.0
GEOP_20260402.csv,2025-08-13 08:47:11,0.0
GEOP_20260402.csv,2025-08-13 08:50:11,0.0
GEOP_20260402.csv,2025-08-13 08:53:11,0.0
GEOP_20260402.csv,2025-08-13 08:56:11,0.0
GEOP_20260402.csv,2025-08-13 08:59:11,0.0
GEOP_20260402.csv,2025-08-13 09:02:11,0.0
GEOP_20260402.csv,2025-08-13 09:05:11,0.0
GEOP_20260402.csv,2025-08-13 09:08:11,0.0
GEOP_20260402.csv,2025-08-13 09:11:11,0.0
GEOP_20260402.csv,2025-08-13 09:14:11,0.0
GEOP_20260402.csv,2025-08-13 09:17:11,0.0
GEOP_20260402.csv,2025-08-13 09:20:11,0.0
GEOP_20260402.csv,2025-08-13 09:23:11,0.0
GEOP_20260402.csv,2025-08-13 09:26:11,0.0
GEOP_20260402.csv,2025-08-13 09:29:11,0.0
GEOP_20260402.csv,2025-08-13 09:32:11,0.0
GEOP_20260402.csv,2025-08-13 09:35:11,0.0
GEOP_20260402.csv,2025-08-13 09:38:11,0.0
GEOP_20260402.csv,2025-08-13 09:41:11,0.0
GEOP_20260402.csv,2025-08-13 09:44:11,0.0
GEOP_20260402.csv,2025-08-13 09:47:10,0.0
GEOP_20260402.csv,2025-08-13 09:50:10,0.0
GEOP_20260402.csv,2025-08-13 09:53:10,0.0
GEOP_20260402.csv,2025-08-13 09:56:10,0.0
GEOP_20260402.csv,2025-08-13 09:59:10,0.0
GEOP_20260402.csv,2025-08-13 10:02:10,0.0
GEOP_20260402.csv,2025-08-13 10:05:10,0.0
GEOP_20260402.csv,2025-08-13 10:08:10,0.0
GEOP_20260402.csv,2025-08-13 10:11:10,0.0
GEOP_20260402.csv,2025-08-13 10:14:10,0.0
GEOP_20260402.csv,2025-08-13 10:17:10,0.0
GEOP_20260402.csv,2025-08-13 10:20:10,0.0
GEOP_20260402.csv,2025-08-13 10:23:10,0.0
GEOP_20260402.csv,2025-08-13 10:26:10,0.0
GEOP_20260402.csv,2025-08-13 10:29:10,0.0
GEOP_20260402.csv,2025-08-13 10:32:10,0.0
GEOP_20260402.csv,2025-08-13 10:35:10,0.0
GEOP_20260402.csv,2025-08-13 10:38:10,0.0
GEOP_20260402.csv,2025-08-13 10:41:10,0.0
GEOP_20260402.csv,2025-08-13 10:44:10,0.0
GEOP_20260402.csv,2025-08-13 10:47:10,0.0
GEOP_20260402.csv,2025-08-13 10:50:10,0.0
GEOP_20260402.csv,2025-08-13 10:53:10,0.0
GEOP_20260402.csv,2025-08-13 10:56:10,0.0
GEOP_20260402.csv,2025-08-13 10:59:10,0.0
GEOP_20260402.csv,2025-08-13 11:02:10,0.0
GEOP_20260402.csv,2025-08-13 11:05:10,0.0
GEOP_20260402.csv,2025-08-13 11:08:10,0.0
GEOP_20260402.csv,2025-08-13 11:11:10,0.0
GEOP_20260402.csv,2025-08-13 11:14:10,0.0
GEOP_20260402.csv,2025-08-13 11:17:10,0.0
GEOP_20260402.csv,2025-08-13 11:20:11,0.0
GEOP_20260402.csv,2025-08-13 11:23:10,0.0
GEOP_20260402.csv,2025-08-13 11:26:10,0.0
GEOP_20260402.csv,2025-08-13 11:29:10,0.0
GEOP_20260402.csv,2025-08-13 11:32:10,0.0
GEOP_20260402.csv,2025-08-13 11:35:10,0.0
GEOP_20260402.csv,2025-08-13 11:38:10,0.0
GEOP_20260402.csv,2025-08-13 11:41:10,0.0
GEOP_20260402.csv,2025-08-13 11:44:10,0.0
GEOP_20260402.csv,2025-08-13 11:47:10,0.0
GEOP_20260402.csv,2025-08-13 11:50:10,0.0
GEOP_20260402.csv,2025-08-13 11:53:10,0.0
GEOP_20260402.csv,2025-08-13 11:59:10,0.0
GEOP_20260402.csv,2025-08-13 12:02:10,0.0
GEOP_20260402.csv,2025-08-13 12:05:10,0.0
GEOP_20260402.csv,2025-08-13 12:08:10,0.0
GEOP_20260402.csv,2025-08-13 12:11:10,0.0
GEOP_20260402.csv,2025-08-13 12:14:10,0.0
GEOP_20260402.csv,2025-08-13 12:17:10,0.0
GEOP_20260402.csv,2025-08-13 12:20:10,0.0
GEOP_20260402.csv,2025-08-13 12:23:10,0.0
GEOP_20260402.csv,2025-08-13 12:26:10,0.0
GEOP_20260402.csv,2025-08-13 12:29:10,0.0
GEOP_20260402.csv,2025-08-13 12:32:10,0.0
GEOP_20260402.csv,2025-08-13 12:35:10,0.0
GEOP_20260402.csv,2025-08-13 12:38:10,0.0
GEOP_20260402.csv,2025-08-13 12:41:10,0.0
GEOP_20260402.csv,2025-08-13 12:44:10,0.0
GEOP_20260402.csv,2025-08-13 12:47:10,0.0
GEOP_20260402.csv,2025-08-13 12:50:10,0.0
GEOP_20260402.csv,2025-08-13 12:53:10,0.0
GEOP_20260402.csv,2025-08-13 12:56:10,0.0
GEOP_20260402.csv,2025-08-13 12:59:10,0.0
GEOP_20260402.csv,2025-08-13 13:02:10,0.0
GEOP_20260402.csv,2025-08-13 13:05:10,0.0
GEOP_20260402.csv,2025-08-13 13:08:10,0.0
GEOP_20260402.csv,2025-08-13 13:11:10,0.0
GEOP_20260402.csv,2025-08-13 13:14:10,0.0
GEOP_20260402.csv,2025-08-13 13:17:10,0.0
GEOP_20260402.csv,2025-08-13 13:20:10,0.0
GEOP_20260402.csv,2025-08-13 13:23:10,0.0
GEOP_20260402.csv,2025-08-13 13:26:10,0.0
GEOP_20260402.csv,2025-08-13 13:29:10,0.0
GEOP_20260402.csv,2025-08-13 13:32:10,0.0
GEOP_20260402.csv,2025-08-13 13:35:10,0.0
GEOP_20260402.csv,2025-08-13 13:38:10,0.0
GEOP_20260402.csv,2025-08-13 13:41:10,0.0
GEOP_20260402.csv,2025-08-13 13:44:10,0.0
GEOP_20260402.csv,2025-08-13 13:47:10,0.0
GEOP_20260402.csv,2025-08-13 13:50:10,0.0
GEOP_20260402.csv,2025-08-13 13:53:10,0.0
GEOP_20260402.csv,2025-08-13 13:56:10,0.0
GEOP_20260402.csv,2025-08-13 14:02:10,0.0
GEOP_20260402.csv,2025-08-13 14:05:10,0.0
GEOP_20260402.csv,2025-08-13 14:08:10,0.0
GEOP_20260402.csv,2025-08-13 14:11:10,0.0
GEOP_20260402.csv,2025-08-13 14:14:10,0.0
GEOP_20260402.csv,2025-08-13 14:17:10,0.0
GEOP_20260402.csv,2025-08-13 14:20:10,0.0
GEOP_20260402.csv,2025-08-13 14:23:10,0.0
GEOP_20260402.csv,2025-08-13 14:26:10,0.0
GEOP_20260402.csv,2025-08-13 14:29:10,0.0
GEOP_20260402.csv,2025-08-13 14:32:10,0.0
GEOP_20260402.csv,2025-08-13 14:35:10,0.0
GEOP_20260402.csv,2025-08-13 14:38:10,0.0
GEOP_20260402.csv,2025-08-13 14:41:10,0.0
GEOP_20260402.csv,2025-08-13 14:44:10,0.0
GEOP_20260402.csv,2025-08-13 14:47:10,0.0
GEOP_20260402.csv,2025-08-13 14:50:10,0.0
GEOP_20260402.csv,2025-08-13 14:53:10,0.0
GEOP_20260402.csv,2025-08-13 14:56:10,0.0
GEOP_20260402.csv,2025-08-13 14:59:10,0.0
GEOP_20260402.csv,2025-08-13 15:02:10,0.0
GEOP_20260402.csv,2025-08-13 15:05:10,0.0
GEOP_20260402.csv,2025-08-13 15:08:10,0.0
GEOP_20260402.csv,2025-08-13 15:11:10,0.0
GEOP_20260402.csv,2025-08-13 15:14:10,0.0
GEOP_20260402.csv,2025-08-13 15:17:10,0.0
GEOP_20260402.csv,2025-08-13 15:20:10,0.0
GEOP_20260402.csv,2025-08-13 15:23:10,0.0
GEOP_20260402.csv,2025-08-13 15:29:10,0.0
GEOP_20260402.csv,2025-08-13 15:32:10,0.0
GEOP_20260402.csv,2025-08-13 15:35:10,0.0
GEOP_20260402.csv,2025-08-13 15:38:10,0.0
GEOP_20260402.csv,2025-08-13 15:41:10,0.0
GEOP_20260402.csv,2025-08-13 15:44:10,0.0
GEOP_20260402.csv,2025-08-13 15:47:10,0.0
GEOP_20260402.csv,2025-08-13 15:53:10,0.0
GEOP_20260402.csv,2025-08-13 15:59:10,0.0
GEOP_20260402.csv,2025-08-13 16:02:10,0.0
GEOP_20260402.csv,2025-08-13 16:05:10,0.0
GEOP_20260402.csv,2025-08-13 16:08:10,0.0
GEOP_20260402.csv,2025-08-13 16:11:10,0.0
GEOP_20260402.csv,2025-08-13 16:14:10,0.0
GEOP_20260402.csv,2025-08-13 16:17:10,0.0
GEOP_20260402.csv,2025-08-13 16:20:10,0.0
GEOP_20260402.csv,2025-08-13 16:23:10,0.0
GEOP_20260402.csv,2025-08-13 16:26:10,0.0
GEOP_20260402.csv,2025-08-13 16:29:10,0.0
GEOP_20260402.csv,2025-08-13 16:32:10,0.0
GEOP_20260402.csv,2025-08-13 16:41:10,0.0
GEOP_20260402.csv,2025-08-13 16:44:10,0.0
GEOP_20260402.csv,2025-08-13 16:50:10,0.0
GEOP_20260402.csv,2025-08-13 16:53:10,0.0
GEOP_20260402.csv,2025-08-13 16:56:10,0.0
GEOP_20260402.csv,2025-08-13 17:02:10,0.0
GEOP_20260402.csv,2025-08-13 17:05:10,0.0
GEOP_20260402.csv,2025-08-13 17:08:10,0.0
GEOP_20260402.csv,2025-08-13 17:11:10,0.0
GEOP_20260402.csv,2025-08-13 17:14:10,0.0
GEOP_20260402.csv,2025-08-13 17:17:10,0.0
GEOP_20260402.csv,2025-08-13 17:20:10,0.0
GEOP_20260402.csv,2025-08-13 17:23:10,0.0
GEOP_20260402.csv,2025-08-13 17:26:10,0.0
GEOP_20260402.csv,2025-08-13 17:29:10,0.0
GEOP_20260402.csv,2025-08-13 17:32:10,0.0
GEOP_20260402.csv,2025-08-13 17:35:10,0.0
GEOP_20260402.csv,2025-08-13 17:38:10,0.0
GEOP_20260402.csv,2025-08-13 17:41:10,0.0
GEOP_20260402.csv,2025-08-13 17:44:10,0.0
GEOP_20260402.csv,2025-08-13 17:47:10,0.0
GEOP_20260402.csv,2025-08-13 17:50:10,0.0
GEOP_20260402.csv,2025-08-13 17:53:10,0.0
GEOP_20260402.csv,2025-08-13 17:56:10,0.0
GEOP_20260402.csv,2025-08-13 17:59:10,0.0
GEOP_20260402.csv,2025-08-13 18:02:10,0.0
GEOP_20260402.csv,2025-08-13 18:05:10,0.0
GEOP_20260402.csv,2025-08-13 18:08:10,0.0
GEOP_20260402.csv,2025-08-13 18:11:10,0.0
GEOP_20260402.csv,2025-08-13 18:14:10,0.0
GEOP_20260402.csv,2025-08-13 18:17:10,0.0
GEOP_20260402.csv,2025-08-13 18:20:10,0.0
GEOP_20260402.csv,2025-08-13 18:23:10,0.0
GEOP_20260402.csv,2025-08-13 18:26:10,0.0
GEOP_20260402.csv,2025-08-13 18:29:10,0.0
GEOP_20260402.csv,2025-08-13 18:32:10,0.0
GEOP_20260402.csv,2025-08-13 18:35:10,0.0
GEOP_20260402.csv,2025-08-13 18:38:10,0.0
GEOP_20260402.csv,2025-08-13 18:41:10,0.0
GEOP_20260402.csv,2025-08-13 18:44:10,0.0
GEOP_20260402.csv,2025-08-13 18:47:10,0.0
GEOP_20260402.csv,2025-08-13 18:50:10,0.0
GEOP_20260402.csv,2025-08-13 18:53:10,0.0
GEOP_20260402.csv,2025-08-13 18:56:10,0.0
GEOP_20260402.csv,2025-08-13 18:59:10,0.0
GEOP_20260402.csv,2025-08-13 19:02:10,0.0
GEOP_20260402.csv,2025-08-13 19:05:10,0.0
GEOP_20260402.csv,2025-08-13 19:08:10,0.0
GEOP_20260402.csv,2025-08-13 19:11:10,0.0
GEOP_20260402.csv,2025-08-13 19:14:10,0.0
GEOP_20260402.csv,2025-08-13 19:17:10,0.0
GEOP_20260402.csv,2025-08-13 19:20:10,0.0
GEOP_20260402.csv,2025-08-13 19:23:10,0.0
GEOP_20260402.csv,2025-08-13 19:26:10,0.0
GEOP_20260402.csv,2025-08-13 19:29:10,0.0
GEOP_20260402.csv,2025-08-13 19:32:10,0.0
GEOP_20260402.csv,2025-08-13 19:35:10,0.0
GEOP_20260402.csv,2025-08-13 19:38:10,0.0
GEOP_20260402.csv,2025-08-13 19:41:10,0.0
GEOP_20260402.csv,2025-08-13 19:44:10,0.0
GEOP_20260402.csv,2025-08-13 19:47:10,0.0
GEOP_20260402.csv,2025-08-13 19:50:10,0.0
GEOP_20260402.csv,2025-08-13 19:53:10,0.0
GEOP_20260402.csv,2025-08-13 19:56:10,0.0
GEOP_20260402.csv,2025-08-13 19:59:10,0.0
GEOP_20260402.csv,2025-08-13 20:02:10,0.0
GEOP_20260402.csv,2025-08-13 20:05:10,0.0
GEOP_20260402.csv,2025-08-13 20:08:10,0.0
GEOP_20260402.csv,2025-08-13 20:11:10,0.0
GEOP_20260402.csv,2025-08-13 20:14:10,0.0
GEOP_20260402.csv,2025-08-13 20:17:10,0.0
GEOP_20260402.csv,2025-08-13 20:20:10,0.0
GEOP_20260402.csv,2025-08-13 20:23:10,0.0
GEOP_20260402.csv,2025-08-13 20:26:10,0.0
GEOP_20260402.csv,2025-08-13 20:29:10,0.0
GEOP_20260402.csv,2025-08-13 20:32:10,0.0
GEOP_20260402.csv,2025-08-13 20:35:10,0.0
GEOP_20260402.csv,2025-08-13 20:38:10,0.0
GEOP_20260402.csv,2025-08-13 20:41:10,0.0
GEOP_20260402.csv,2025-08-13 20:44:10,0.0
GEOP_20260402.csv,2025-08-13 20:47:10,0.0
GEOP_20260402.csv,2025-08-13 20:50:10,0.0
GEOP_20260402.csv,2025-08-13 20:53:10,0.0
GEOP_20260402.csv,2025-08-13 20:56:10,0.0
GEOP_20260402.csv,2025-08-13 20:59:10,0.0
GEOP_20260402.csv,2025-08-13 21:02:10,0.0
GEOP_20260402.csv,2025-08-13 21:05:10,0.0
GEOP_20260402.csv,2025-08-13 21:08:10,0.0
GEOP_20260402.csv,2025-08-13 21:11:10,0.0
GEOP_20260402.csv,2025-08-13 21:14:10,0.0
GEOP_20260402.csv,2025-08-13 21:17:10,0.0
GEOP_20260402.csv,2025-08-13 21:20:10,0.0
GEOP_20260402.csv,2025-08-13 21:23:09,0.0
GEOP_20260402.csv,2025-08-13 21:26:10,0.0
GEOP_20260402.csv,2025-08-13 21:29:09,0.0
GEOP_20260402.csv,2025-08-13 21:32:09,0.0
GEOP_20260402.csv,2025-08-13 21:35:09,0.0
GEOP_20260402.csv,2025-08-13 21:38:09,0.0
GEOP_20260402.csv,2025-08-13 21:41:09,0.0
GEOP_20260402.csv,2025-08-13 21:44:09,0.0
GEOP_20260402.csv,2025-08-13 21:47:09,0.0
GEOP_20260402.csv,2025-08-13 21:50:09,0.0
GEOP_20260402.csv,2025-08-13 21:53:09,0.0
GEOP_20260402.csv,2025-08-13 21:56:09,0.0
GEOP_20260402.csv,2025-08-13 21:59:09,0.0
GEOP_20260402.csv,2025-08-13 22:02:09,0.0
GEOP_20260402.csv,2025-08-13 22:05:09,0.0
GEOP_20260402.csv,2025-08-13 22:08:09,0.0
GEOP_20260402.csv,2025-08-13 22:11:09,0.0
GEOP_20260402.csv,2025-08-13 22:14:09,0.0
GEOP_20260402.csv,2025-08-13 22:17:09,0.0
GEOP_20260402.csv,2025-08-13 22:20:09,0.0
GEOP_20260402.csv,2025-08-13 22:23:09,0.0
GEOP_20260402.csv,2025-08-13 22:26:09,0.0
GEOP_20260402.csv,2025-08-13 22:29:09,0.0
GEOP_20260402.csv,2025-08-13 22:32:09,0.0
GEOP_20260402.csv,2025-08-13 22:35:09,0.0
GEOP_20260402.csv,2025-08-13 22:38:09,0.0
GEOP_20260402.csv,2025-08-13 22:41:09,0.0
GEOP_20260402.csv,2025-08-13 22:44:09,0.0
GEOP_20260402.csv,2025-08-13 22:47:09,0.0
GEOP_20260402.csv,2025-08-13 22:50:09,0.0
GEOP_20260402.csv,2025-08-13 22:53:09,0.0
GEOP_20260402.csv,2025-08-13 22:56:09,0.0
GEOP_20260402.csv,2025-08-13 22:59:09,0.0
GEOP_20260402.csv,2025-08-13 23:02:09,0.1
GEOP_20260402.csv,2025-08-13 23:05:09,0.21
GEOP_20260402.csv,2025-08-13 23:08:09,0.04
GEOP_20260402.csv,2025-08-13 23:11:09,0.02
GEOP_20260402.csv,2025-08-13 23:14:09,0.34
GEOP_20260402.csv,2025-08-13 23:17:09,0.13
GEOP_20260402.csv,2025-08-13 23:20:09,0.05
GEOP_20260402.csv,2025-08-13 23:23:09,0.03
GEOP_20260402.csv,2025-08-13 23:26:09,0.01
GEOP_20260402.csv,2025-08-13 23:29:09,0.01
GEOP_20260402.csv,2025-08-13 23:32:09,0.0
GEOP_20260402.csv,2025-08-13 23:38:09,0.01
GEOP_20260402.csv,2025-08-13 23:41:09,0.0
GEOP_20260402.csv,2025-08-13 23:44:09,0.0
GEOP_20260402.csv,2025-08-13 23:47:09,0.0
GEOP_20260402.csv,2025-08-13 23:50:09,0.0
GEOP_20260402.csv,2025-08-13 23:53:09,0.0
GEOP_20260402.csv,2025-08-13 23:56:09,0.0
GEOP_20260402.csv,2025-08-13 23:59:09,0.0
GEOP_20260402.csv,2025-08-14 00:02:09,0.0
GEOP_20260402.csv,2025-08-14 00:05:09,0.0
GEOP_20260402.csv,2025-08-14 00:08:09,0.0
GEOP_20260402.csv,2025-08-14 00:11:09,0.0
GEOP_20260402.csv,2025-08-14 00:14:09,0.0
GEOP_20260402.csv,2025-08-14 00:17:09,0.0
GEOP_20260402.csv,2025-08-14 00:23:09,0.0
GEOP_20260402.csv,2025-08-14 00:26:09,0.0
GEOP_20260402.csv,2025-08-14 00:29:09,0.0
GEOP_20260402.csv,2025-08-14 00:32:09,0.0
GEOP_20260402.csv,2025-08-14 00:35:09,0.0
GEOP_20260402.csv,2025-08-14 00:38:09,0.0
GEOP_20260402.csv,2025-08-14 00:41:09,0.0
GEOP_20260402.csv,2025-08-14 00:44:09,0.0
GEOP_20260402.csv,2025-08-14 00:47:09,0.0
GEOP_20260402.csv,2025-08-14 00:50:09,0.0
GEOP_20260402.csv,2025-08-14 00:53:09,0.0
GEOP_20260402.csv,2025-08-14 00:56:09,0.0
GEOP_20260402.csv,2025-08-14 00:59:09,0.0
GEOP_20260402.csv,2025-08-14 01:05:09,0.0
GEOP_20260402.csv,2025-08-14 01:08:09,0.0
GEOP_20260402.csv,2025-08-14 01:11:09,0.0
GEOP_20260402.csv,2025-08-14 01:14:09,0.0
GEOP_20260402.csv,2025-08-14 01:17:09,0.0
GEOP_20260402.csv,2025-08-14 01:20:09,0.0
GEOP_20260402.csv,2025-08-14 01:23:09,0.0
GEOP_20260402.csv,2025-08-14 01:26:09,0.0
GEOP_20260402.csv,2025-08-14 01:29:09,0.0
GEOP_20260402.csv,2025-08-14 01:32:09,0.0
GEOP_20260402.csv,2025-08-14 01:35:09,0.0
GEOP_20260402.csv,2025-08-14 01:38:09,0.0
GEOP_20260402.csv,2025-08-14 01:41:09,0.0
GEOP_20260402.csv,2025-08-14 01:44:09,0.0
GEOP_20260402.csv,2025-08-14 01:47:09,0.0
GEOP_20260402.csv,2025-08-14 01:50:09,0.0
GEOP_20260402.csv,2025-08-14 01:53:09,0.0
GEOP_20260402.csv,2025-08-14 01:56:09,0.0
GEOP_20260402.csv,2025-08-14 01:59:09,0.0
GEOP_20260402.csv,2025-08-14 02:02:09,0.0
GEOP_20260402.csv,2025-08-14 02:05:09,0.0
GEOP_20260402.csv,2025-08-14 02:08:09,0.0
GEOP_20260402.csv,2025-08-14 02:11:09,0.0
GEOP_20260402.csv,2025-08-14 02:14:09,0.0
GEOP_20260402.csv,2025-08-14 02:17:09,0.0
GEOP_20260402.csv,2025-08-14 02:23:09,0.0
GEOP_20260402.csv,2025-08-14 02:26:09,0.0
GEOP_20260402.csv,2025-08-14 02:29:09,0.0
GEOP_20260402.csv,2025-08-14 02:32:09,0.0
GEOP_20260402.csv,2025-08-14 02:35:09,0.0
GEOP_20260402.csv,2025-08-14 02:38:09,0.0
GEOP_20260402.csv,2025-08-14 02:44:09,0.0
GEOP_20260402.csv,2025-08-14 02:47:09,0.0
GEOP_20260402.csv,2025-08-14 02:50:09,0.0
GEOP_20260402.csv,2025-08-14 02:53:09,0.0
GEOP_20260402.csv,2025-08-14 02:56:09,0.0
GEOP_20260402.csv,2025-08-14 02:59:09,0.0
GEOP_20260402.csv,2025-08-14 03:02:09,0.0
GEOP_20260402.csv,2025-08-14 03:08:09,0.0
GEOP_20260402.csv,2025-08-14 03:11:15,0.0
GEOP_20260402.csv,2025-08-14 03:14:09,0.0
GEOP_20260402.csv,2025-08-14 03:17:09,0.0
GEOP_20260402.csv,2025-08-14 03:20:09,0.0
GEOP_20260402.csv,2025-08-14 03:23:09,0.0
GEOP_20260402.csv,2025-08-14 03:26:09,0.0
GEOP_20260402.csv,2025-08-14 03:29:09,0.0
GEOP_20260402.csv,2025-08-14 03:32:09,0.0
GEOP_20260402.csv,2025-08-14 03:35:09,0.0
GEOP_20260402.csv,2025-08-14 03:38:09,0.0
GEOP_20260402.csv,2025-08-14 03:41:09,0.0
GEOP_20260402.csv,2025-08-14 03:44:09,0.0
GEOP_20260402.csv,2025-08-14 03:47:09,0.0
GEOP_20260402.csv,2025-08-14 03:50:09,0.0
GEOP_20260402.csv,2025-08-14 03:53:09,0.0
GEOP_20260402.csv,2025-08-14 03:56:09,0.0
GEOP_20260402.csv,2025-08-14 03:59:09,0.0
GEOP_20260402.csv,2025-08-14 04:02:09,0.0
GEOP_20260402.csv,2025-08-14 04:08:09,0.0
GEOP_20260402.csv,2025-08-14 04:11:09,0.0
GEOP_20260402.csv,2025-08-14 04:14:09,0.0
GEOP_20260402.csv,2025-08-14 04:17:09,0.0
GEOP_20260402.csv,2025-08-14 04:20:09,0.0
GEOP_20260402.csv,2025-08-14 04:23:09,0.0
GEOP_20260402.csv,2025-08-14 04:26:09,0.0
GEOP_20260402.csv,2025-08-14 04:29:09,0.0
GEOP_20260402.csv,2025-08-14 04:32:09,0.0
GEOP_20260402.csv,2025-08-14 04:35:09,0.0
GEOP_20260402.csv,2025-08-14 04:38:09,0.0
GEOP_20260402.csv,2025-08-14 04:41:09,0.0
GEOP_20260402.csv,2025-08-14 04:44:09,0.0
GEOP_20260402.csv,2025-08-14 04:47:09,0.0
GEOP_20260402.csv,2025-08-14 04:50:09,0.0
GEOP_20260402.csv,2025-08-14 04:53:09,0.0
GEOP_20260402.csv,2025-08-14 04:56:09,0.0
GEOP_20260402.csv,2025-08-14 04:59:09,0.0
GEOP_20260402.csv,2025-08-14 05:02:09,0.0
GEOP_20260402.csv,2025-08-14 05:05:09,0.0
GEOP_20260402.csv,2025-08-14 05:08:09,0.0
GEOP_20260402.csv,2025-08-14 05:11:09,0.0
GEOP_20260402.csv,2025-08-14 05:14:09,0.0
GEOP_20260402.csv,2025-08-14 05:17:09,0.0
GEOP_20260402.csv,2025-08-14 05:20:09,0.0
GEOP_20260402.csv,2025-08-14 05:23:09,0.0
GEOP_20260402.csv,2025-08-14 05:26:09,0.0
GEOP_20260402.csv,2025-08-14 05:29:09,0.0
GEOP_20260402.csv,2025-08-14 05:32:08,0.0
GEOP_20260402.csv,2025-08-14 05:35:08,0.0
GEOP_20260402.csv,2025-08-14 05:38:08,0.0
GEOP_20260402.csv,2025-08-14 05:41:08,0.0
GEOP_20260402.csv,2025-08-14 05:44:08,0.0
GEOP_20260402.csv,2025-08-14 05:47:08,0.0
GEOP_20260402.csv,2025-08-14 05:50:08,0.0
GEOP_20260402.csv,2025-08-14 05:53:08,0.0
GEOP_20260402.csv,2025-08-14 05:56:08,0.0
GEOP_20260402.csv,2025-08-14 05:59:08,0.0
GEOP_20260402.csv,2025-08-14 06:02:08,0.0
GEOP_20260402.csv,2025-08-14 06:05:08,0.0
GEOP_20260402.csv,2025-08-14 06:08:08,0.0
GEOP_20260402.csv,2025-08-14 06:11:08,0.0
GEOP_20260402.csv,2025-08-14 06:14:08,0.0
GEOP_20260402.csv,2025-08-14 06:17:08,0.0
GEOP_20260402.csv,2025-08-14 06:20:08,0.0
GEOP_20260402.csv,2025-08-14 06:23:08,0.0
GEOP_20260402.csv,2025-08-14 06:26:08,0.0
GEOP_20260402.csv,2025-08-14 06:29:08,0.0
GEOP_20260402.csv,2025-08-14 06:32:08,0.0
GEOP_20260402.csv,2025-08-14 06:35:08,0.0
GEOP_20260402.csv,2025-08-14 06:38:08,0.0
GEOP_20260402.csv,2025-08-14 06:41:08,0.0
GEOP_20260402.csv,2025-08-14 06:44:08,0.0
GEOP_20260402.csv,2025-08-14 06:47:08,0.0
GEOP_20260402.csv,2025-08-14 06:50:08,0.0
GEOP_20260402.csv,2025-08-14 06:53:08,0.0
GEOP_20260402.csv,2025-08-14 06:56:08,0.0
GEOP_20260402.csv,2025-08-14 06:59:08,0.0
GEOP_20260402.csv,2025-08-14 07:02:08,0.0
GEOP_20260402.csv,2025-08-14 07:05:08,0.0
GEOP_20260402.csv,2025-08-14 07:08:08,0.0
GEOP_20260402.csv,2025-08-14 07:11:08,0.0
GEOP_20260402.csv,2025-08-14 07:14:08,0.0
GEOP_20260402.csv,2025-08-14 07:17:08,0.0
GEOP_20260402.csv,2025-08-14 07:20:08,0.0
GEOP_20260402.csv,2025-08-14 07:23:08,0.0
GEOP_20260402.csv,2025-08-14 07:26:08,0.0
GEOP_20260402.csv,2025-08-14 07:29:08,0.0
GEOP_20260402.csv,2025-08-14 07:32:08,0.0
GEOP_20260402.csv,2025-08-14 07:35:08,0.0
GEOP_20260402.csv,2025-08-14 07:38:08,0.0
GEOP_20260402.csv,2025-08-14 07:41:08,0.0
GEOP_20260402.csv,2025-08-14 07:44:08,0.0
GEOP_20260402.csv,2025-08-14 07:47:08,0.0
GEOP_20260402.csv,2025-08-14 07:50:08,0.0
GEOP_20260402.csv,2025-08-14 07:53:08,0.0
GEOP_20260402.csv,2025-08-14 07:56:08,0.0
GEOP_20260402.csv,2025-08-14 07:59:08,0.0
GEOP_20260402.csv,2025-08-14 08:02:08,0.0
GEOP_20260402.csv,2025-08-14 08:05:08,0.0
GEOP_20260402.csv,2025-08-14 08:08:08,0.0
GEOP_20260402.csv,2025-08-14 08:11:08,0.0
GEOP_20260402.csv,2025-08-14 08:14:08,0.0
GEOP_20260402.csv,2025-08-14 08:17:08,0.0
GEOP_20260402.csv,2025-08-14 08:20:08,0.0
GEOP_20260402.csv,2025-08-14 08:23:08,0.0
GEOP_20260402.csv,2025-08-14 08:26:08,0.0
GEOP_20260402.csv,2025-08-14 08:29:08,0.0
GEOP_20260402.csv,2025-08-14 08:32:08,0.0
GEOP_20260402.csv,2025-08-14 08:35:08,0.0
GEOP_20260402.csv,2025-08-14 08:38:08,0.0
GEOP_20260402.csv,2025-08-14 08:41:08,0.0
GEOP_20260402.csv,2025-08-14 08:44:08,0.0
GEOP_20260402.csv,2025-08-14 08:47:08,0.0
GEOP_20260402.csv,2025-08-14 08:50:08,0.0
GEOP_20260402.csv,2025-08-14 08:53:08,0.0
GEOP_20260402.csv,2025-08-14 08:56:08,0.0
GEOP_20260402.csv,2025-08-14 08:59:08,0.0
GEOP_20260402.csv,2025-08-14 09:02:08,0.0
GEOP_20260402.csv,2025-08-14 09:05:08,0.0
GEOP_20260402.csv,2025-08-14 09:08:08,0.0
GEOP_20260402.csv,2025-08-14 09:11:08,0.0
GEOP_20260402.csv,2025-08-14 09:14:08,0.0
GEOP_20260402.csv,2025-08-14 09:17:08,0.0
GEOP_20260402.csv,2025-08-14 09:20:08,0.0
GEOP_20260402.csv,2025-08-14 09:23:08,0.0
GEOP_20260402.csv,2025-08-14 09:26:08,0.0
GEOP_20260402.csv,2025-08-14 09:29:08,0.0
GEOP_20260402.csv,2025-08-14 09:32:08,0.0
GEOP_20260402.csv,2025-08-14 09:35:08,0.0
GEOP_20260402.csv,2025-08-14 09:38:08,0.0
GEOP_20260402.csv,2025-08-14 09:41:08,0.0
GEOP_20260402.csv,2025-08-14 09:44:08,0.0
GEOP_20260402.csv,2025-08-14 09:47:08,0.0
GEOP_20260402.csv,2025-08-14 09:50:08,0.0
GEOP_20260402.csv,2025-08-14 09:53:08,0.0
GEOP_20260402.csv,2025-08-14 09:56:08,0.0
GEOP_20260402.csv,2025-08-14 09:59:08,0.0
GEOP_20260402.csv,2025-08-14 10:02:08,0.0
GEOP_20260402.csv,2025-08-14 10:05:08,0.0
GEOP_20260402.csv,2025-08-14 10:08:08,0.0
GEOP_20260402.csv,2025-08-14 10:11:08,0.0
GEOP_20260402.csv,2025-08-14 10:14:08,0.0
GEOP_20260402.csv,2025-08-14 10:17:08,0.0
GEOP_20260402.csv,2025-08-14 10:20:08,0.0
GEOP_20260402.csv,2025-08-14 10:23:08,0.0
GEOP_20260402.csv,2025-08-14 10:26:08,0.0
GEOP_20260402.csv,2025-08-14 10:29:08,0.0
GEOP_20260402.csv,2025-08-14 10:32:08,0.0
GEOP_20260402.csv,2025-08-14 10:35:08,0.0
GEOP_20260402.csv,2025-08-14 10:38:08,0.0
GEOP_20260402.csv,2025-08-14 10:41:08,0.0
GEOP_20260402.csv,2025-08-14 10:44:08,0.0
GEOP_20260402.csv,2025-08-14 10:47:08,0.0
GEOP_20260402.csv,2025-08-14 10:50:08,0.0
GEOP_20260402.csv,2025-08-14 10:53:08,0.0
GEOP_20260402.csv,2025-08-14 10:56:08,0.0
GEOP_20260402.csv,2025-08-14 10:59:08,0.0
GEOP_20260402.csv,2025-08-14 11:02:08,0.0
GEOP_20260402.csv,2025-08-14 11:05:08,0.0
GEOP_20260402.csv,2025-08-14 11:08:08,0.0
GEOP_20260402.csv,2025-08-14 11:11:08,0.0
GEOP_20260402.csv,2025-08-14 11:14:08,0.0
GEOP_20260402.csv,2025-08-14 11:17:08,0.0
GEOP_20260402.csv,2025-08-14 11:20:08,0.0
GEOP_20260402.csv,2025-08-14 11:23:08,0.0
GEOP_20260402.csv,2025-08-14 11:26:08,0.0
GEOP_20260402.csv,2025-08-14 11:29:08,0.0
GEOP_20260402.csv,2025-08-14 11:32:08,0.0
GEOP_20260402.csv,2025-08-14 11:35:08,0.0
GEOP_20260402.csv,2025-08-14 11:38:08,0.0
GEOP_20260402.csv,2025-08-14 11:41:08,0.0
GEOP_20260402.csv,2025-08-14 11:44:08,0.0
GEOP_20260402.csv,2025-08-14 11:47:08,0.0
GEOP_20260402.csv,2025-08-14 11:50:08,0.0
GEOP_20260402.csv,2025-08-14 11:53:08,0.0
GEOP_20260402.csv,2025-08-14 11:56:08,0.0
GEOP_20260402.csv,2025-08-14 11:59:08,0.0
GEOP_20260402.csv,2025-08-14 12:02:08,0.0
GEOP_20260402.csv,2025-08-14 12:05:08,0.0
GEOP_20260402.csv,2025-08-14 12:08:08,0.0
GEOP_20260402.csv,2025-08-14 12:11:08,0.0
GEOP_20260402.csv,2025-08-14 12:14:08,0.0
GEOP_20260402.csv,2025-08-14 12:17:08,0.0
GEOP_20260402.csv,2025-08-14 12:20:08,0.0
GEOP_20260402.csv,2025-08-14 12:23:08,0.0
GEOP_20260402.csv,2025-08-14 12:26:08,0.0
GEOP_20260402.csv,2025-08-14 12:29:08,0.0
GEOP_20260402.csv,2025-08-14 12:32:08,0.0
GEOP_20260402.csv,2025-08-14 12:35:08,0.0
GEOP_20260402.csv,2025-08-14 12:38:08,0.0
GEOP_20260402.csv,2025-08-14 12:41:08,0.0
GEOP_20260402.csv,2025-08-14 12:44:08,0.0
GEOP_20260402.csv,2025-08-14 12:47:08,0.0
GEOP_20260402.csv,2025-08-14 12:50:08,0.0
GEOP_20260402.csv,2025-08-14 12:53:08,0.0
GEOP_20260402.csv,2025-08-14 12:56:08,0.0
GEOP_20260402.csv,2025-08-14 12:59:08,0.0
GEOP_20260402.csv,2025-08-14 13:02:08,0.0
GEOP_20260402.csv,2025-08-14 13:05:08,0.0
GEOP_20260402.csv,2025-08-14 13:08:08,0.0
GEOP_20260402.csv,2025-08-14 13:11:08,0.0
GEOP_20260402.csv,2025-08-14 13:14:08,0.0
GEOP_20260402.csv,2025-08-14 13:17:08,0.0
GEOP_20260402.csv,2025-08-14 13:20:08,0.0
GEOP_20260402.csv,2025-08-14 13:23:08,0.0
GEOP_20260402.csv,2025-08-14 13:26:08,0.0
GEOP_20260402.csv,2025-08-14 13:29:08,0.0
GEOP_20260402.csv,2025-08-14 13:32:08,0.0
GEOP_20260402.csv,2025-08-14 13:35:08,0.0
GEOP_20260402.csv,2025-08-14 13:38:08,0.0
GEOP_20260402.csv,2025-08-14 13:41:08,0.0
GEOP_20260402.csv,2025-08-14 13:44:08,0.0
GEOP_20260402.csv,2025-08-14 13:47:08,0.0
GEOP_20260402.csv,2025-08-14 13:50:08,0.0
GEOP_20260402.csv,2025-08-14 13:53:08,0.0
GEOP_20260402.csv,2025-08-14 13:56:08,0.0
GEOP_20260402.csv,2025-08-14 13:59:08,0.0
GEOP_20260402.csv,2025-08-14 14:02:08,0.0
GEOP_20260402.csv,2025-08-14 14:05:08,0.0
GEOP_20260402.csv,2025-08-14 14:08:08,0.0
GEOP_20260402.csv,2025-08-14 14:11:08,0.0
GEOP_20260402.csv,2025-08-14 14:14:08,0.0
GEOP_20260402.csv,2025-08-14 14:17:08,0.0
GEOP_20260402.csv,2025-08-14 14:20:08,0.0
GEOP_20260402.csv,2025-08-14 14:23:08,0.0
GEOP_20260402.csv,2025-08-14 14:26:08,0.0
GEOP_20260402.csv,2025-08-14 14:29:08,0.0
GEOP_20260402.csv,2025-08-14 14:32:08,0.0
GEOP_20260402.csv,2025-08-14 14:35:08,0.0
GEOP_20260402.csv,2025-08-14 14:38:08,0.0
GEOP_20260402.csv,2025-08-14 14:41:08,0.0
GEOP_20260402.csv,2025-08-14 14:44:08,0.0
GEOP_20260402.csv,2025-08-14 14:47:08,0.0
GEOP_20260402.csv,2025-08-14 14:50:08,0.0
GEOP_20260402.csv,2025-08-14 14:53:08,0.0
GEOP_20260402.csv,2025-08-14 14:56:08,0.0
GEOP_20260402.csv,2025-08-14 14:59:08,0.0
GEOP_20260402.csv,2025-08-14 15:02:08,0.0
GEOP_20260402.csv,2025-08-14 15:05:08,0.0
GEOP_20260402.csv,2025-08-14 15:08:08,0.0
GEOP_20260402.csv,2025-08-14 15:11:08,0.0
GEOP_20260402.csv,2025-08-14 15:14:08,0.0
GEOP_20260402.csv,2025-08-14 15:17:08,0.0
GEOP_20260402.csv,2025-08-14 15:20:08,0.0
GEOP_20260402.csv,2025-08-14 15:23:08,0.0
GEOP_20260402.csv,2025-08-14 15:26:08,0.0
GEOP_20260402.csv,2025-08-14 15:29:08,0.0
GEOP_20260402.csv,2025-08-14 15:32:08,0.0
GEOP_20260402.csv,2025-08-14 15:35:08,0.0
GEOP_20260402.csv,2025-08-14 15:38:08,0.0
GEOP_20260402.csv,2025-08-14 15:41:08,0.0
GEOP_20260402.csv,2025-08-14 15:44:08,0.0
GEOP_20260402.csv,2025-08-14 15:47:08,0.0
GEOP_20260402.csv,2025-08-14 15:50:08,0.0
GEOP_20260402.csv,2025-08-14 15:53:08,0.0
GEOP_20260402.csv,2025-08-14 15:56:08,0.0
GEOP_20260402.csv,2025-08-14 15:59:08,0.0
GEOP_20260402.csv,2025-08-14 16:02:08,0.0
GEOP_20260402.csv,2025-08-14 16:05:08,0.0
GEOP_20260402.csv,2025-08-14 16:08:08,0.0
GEOP_20260402.csv,2025-08-14 16:11:08,0.0
GEOP_20260402.csv,2025-08-14 16:14:08,0.0
GEOP_20260402.csv,2025-08-14 16:17:08,0.0
GEOP_20260402.csv,2025-08-14 16:20:08,0.0
GEOP_20260402.csv,2025-08-14 16:23:08,0.0
GEOP_20260402.csv,2025-08-14 16:26:08,0.0
GEOP_20260402.csv,2025-08-14 16:29:07,0.0
GEOP_20260402.csv,2025-08-14 16:32:07,0.0
GEOP_20260402.csv,2025-08-14 16:35:07,0.0
GEOP_20260402.csv,2025-08-14 16:38:07,0.0
GEOP_20260402.csv,2025-08-14 16:41:07,0.0
GEOP_20260402.csv,2025-08-14 16:44:07,0.0
GEOP_20260402.csv,2025-08-14 16:47:07,0.0
GEOP_20260402.csv,2025-08-14 16:50:07,0.0
GEOP_20260402.csv,2025-08-14 16:53:07,0.0
GEOP_20260402.csv,2025-08-14 16:56:07,0.0
GEOP_20260402.csv,2025-08-14 16:59:07,0.0
GEOP_20260402.csv,2025-08-14 17:02:07,0.0
GEOP_20260402.csv,2025-08-14 17:05:07,0.0
GEOP_20260402.csv,2025-08-14 17:08:07,0.0
GEOP_20260402.csv,2025-08-14 17:11:07,0.0
GEOP_20260402.csv,2025-08-14 17:14:07,0.0
GEOP_20260402.csv,2025-08-14 17:17:07,0.0
GEOP_20260402.csv,2025-08-14 17:20:07,0.0
GEOP_20260402.csv,2025-08-14 17:23:07,0.0
GEOP_20260402.csv,2025-08-14 17:26:07,0.0
GEOP_20260402.csv,2025-08-14 17:29:07,0.0
GEOP_20260402.csv,2025-08-14 17:32:07,0.0
GEOP_20260402.csv,2025-08-14 17:35:07,0.0
GEOP_20260402.csv,2025-08-14 17:38:07,0.0
GEOP_20260402.csv,2025-08-14 17:41:07,0.0
GEOP_20260402.csv,2025-08-14 17:44:07,0.0
GEOP_20260402.csv,2025-08-14 17:47:07,0.0
GEOP_20260402.csv,2025-08-14 17:50:07,0.0
GEOP_20260402.csv,2025-08-14 17:53:07,0.0
GEOP_20260402.csv,2025-08-14 17:56:07,0.0
GEOP_20260402.csv,2025-08-14 17:59:07,0.0
GEOP_20260402.csv,2025-08-14 18:02:07,0.0
GEOP_20260402.csv,2025-08-14 18:05:07,0.0
GEOP_20260402.csv,2025-08-14 18:08:07,0.0
GEOP_20260402.csv,2025-08-14 18:11:07,0.0
GEOP_20260402.csv,2025-08-14 18:14:07,0.0
GEOP_20260402.csv,2025-08-14 18:17:07,0.0
GEOP_20260402.csv,2025-08-14 18:20:07,0.0
GEOP_20260402.csv,2025-08-14 18:23:07,0.0
GEOP_20260402.csv,2025-08-14 18:26:07,0.0
GEOP_20260402.csv,2025-08-14 18:29:07,0.0
GEOP_20260402.csv,2025-08-14 18:32:07,0.0
GEOP_20260402.csv,2025-08-14 18:35:07,0.0
GEOP_20260402.csv,2025-08-14 18:38:07,0.0
GEOP_20260402.csv,2025-08-14 18:41:07,0.0
GEOP_20260402.csv,2025-08-14 18:44:07,0.0
GEOP_20260402.csv,2025-08-14 18:47:07,0.0
GEOP_20260402.csv,2025-08-14 18:50:07,0.0
GEOP_20260402.csv,2025-08-14 18:53:07,0.0
GEOP_20260402.csv,2025-08-14 18:56:07,0.0
GEOP_20260402.csv,2025-08-14 18:59:07,0.0
GEOP_20260402.csv,2025-08-14 19:02:07,0.0
GEOP_20260402.csv,2025-08-14 19:05:07,0.0
GEOP_20260402.csv,2025-08-14 19:08:07,0.0
GEOP_20260402.csv,2025-08-14 19:11:07,0.0
GEOP_20260402.csv,2025-08-14 19:14:07,0.0
GEOP_20260402.csv,2025-08-14 19:17:07,0.0
GEOP_20260402.csv,2025-08-14 19:20:07,0.0
GEOP_20260402.csv,2025-08-14 19:23:07,0.0
GEOP_20260402.csv,2025-08-14 19:26:07,0.0
GEOP_20260402.csv,2025-08-14 19:29:07,0.0
GEOP_20260402.csv,2025-08-14 19:32:07,0.0
GEOP_20260402.csv,2025-08-14 19:35:07,0.0
GEOP_20260402.csv,2025-08-14 19:38:07,0.0
GEOP_20260402.csv,2025-08-14 19:41:07,0.0
GEOP_20260402.csv,2025-08-14 19:44:07,0.0
GEOP_20260402.csv,2025-08-14 19:47:07,0.0
GEOP_20260402.csv,2025-08-14 19:50:07,0.0
GEOP_20260402.csv,2025-08-14 19:53:07,0.0
GEOP_20260402.csv,2025-08-14 19:56:07,0.0
GEOP_20260402.csv,2025-08-14 19:59:07,0.0
GEOP_20260402.csv,2025-08-14 20:02:07,0.0
GEOP_20260402.csv,2025-08-14 20:05:07,0.0
GEOP_20260402.csv,2025-08-14 20:08:07,0.0
GEOP_20260402.csv,2025-08-14 20:11:07,0.0
GEOP_20260402.csv,2025-08-14 20:14:07,0.0
GEOP_20260402.csv,2025-08-14 20:17:07,0.0
GEOP_20260402.csv,2025-08-14 20:20:07,0.0
GEOP_20260402.csv,2025-08-14 20:23:07,0.0
GEOP_20260402.csv,2025-08-14 20:26:07,0.0
GEOP_20260402.csv,2025-08-14 20:29:07,0.0
GEOP_20260402.csv,2025-08-14 20:32:07,0.0
GEOP_20260402.csv,2025-08-14 20:35:07,0.0
GEOP_20260402.csv,2025-08-14 20:38:07,0.0
GEOP_20260402.csv,2025-08-14 20:41:07,0.0
GEOP_20260402.csv,2025-08-14 20:44:07,0.0
GEOP_20260402.csv,2025-08-14 20:47:07,0.0
GEOP_20260402.csv,2025-08-14 20:50:07,0.0
GEOP_20260402.csv,2025-08-14 20:53:07,0.0
GEOP_20260402.csv,2025-08-14 20:56:07,0.0
GEOP_20260402.csv,2025-08-14 20:59:07,0.0
GEOP_20260402.csv,2025-08-14 21:02:07,0.0
GEOP_20260402.csv,2025-08-14 21:05:07,0.0
GEOP_20260402.csv,2025-08-14 21:08:07,0.0
GEOP_20260402.csv,2025-08-14 21:11:07,0.0
GEOP_20260402.csv,2025-08-14 21:14:07,0.0
GEOP_20260402.csv,2025-08-14 21:17:07,0.0
GEOP_20260402.csv,2025-08-14 21:20:07,0.0
GEOP_20260402.csv,2025-08-14 21:23:07,0.0
GEOP_20260402.csv,2025-08-14 21:26:07,0.0
GEOP_20260402.csv,2025-08-14 21:29:07,0.0
GEOP_20260402.csv,2025-08-14 21:32:07,0.0
GEOP_20260402.csv,2025-08-14 21:35:07,0.0
GEOP_20260402.csv,2025-08-14 21:38:07,0.0
GEOP_20260402.csv,2025-08-14 21:41:07,0.0
GEOP_20260402.csv,2025-08-14 21:44:07,0.0
GEOP_20260402.csv,2025-08-14 21:47:07,0.0
GEOP_20260402.csv,2025-08-14 21:50:07,0.0
GEOP_20260402.csv,2025-08-14 21:53:07,0.0
GEOP_20260402.csv,2025-08-14 21:56:07,0.0
GEOP_20260402.csv,2025-08-14 21:59:07,0.0
GEOP_20260402.csv,2025-08-14 22:02:07,0.0
GEOP_20260402.csv,2025-08-14 22:05:07,0.0
GEOP_20260402.csv,2025-08-14 22:08:07,0.0
GEOP_20260402.csv,2025-08-14 22:11:07,0.0
GEOP_20260402.csv,2025-08-14 22:14:07,0.0
GEOP_20260402.csv,2025-08-14 22:17:07,0.0
GEOP_20260402.csv,2025-08-14 22:20:07,0.0
GEOP_20260402.csv,2025-08-14 22:23:07,0.0
GEOP_20260402.csv,2025-08-14 22:26:07,0.0
GEOP_20260402.csv,2025-08-14 22:29:07,0.0
GEOP_20260402.csv,2025-08-14 22:32:07,0.0
GEOP_20260402.csv,2025-08-14 22:35:07,0.0
GEOP_20260402.csv,2025-08-14 22:38:07,0.0
GEOP_20260402.csv,2025-08-14 22:41:07,0.0
GEOP_20260402.csv,2025-08-14 22:44:07,0.0
GEOP_20260402.csv,2025-08-14 22:47:07,0.0
GEOP_20260402.csv,2025-08-14 22:50:07,0.0
GEOP_20260402.csv,2025-08-14 22:53:07,0.0
GEOP_20260402.csv,2025-08-14 22:56:07,0.0
GEOP_20260402.csv,2025-08-14 22:59:07,0.0
GEOP_20260402.csv,2025-08-14 23:02:07,0.0
GEOP_20260402.csv,2025-08-14 23:05:07,0.0
GEOP_20260402.csv,2025-08-14 23:08:07,0.0
GEOP_20260402.csv,2025-08-14 23:11:07,0.0
GEOP_20260402.csv,2025-08-14 23:14:07,0.0
GEOP_20260402.csv,2025-08-14 23:17:07,0.0
GEOP_20260402.csv,2025-08-14 23:20:07,0.0
GEOP_20260402.csv,2025-08-14 23:23:07,0.0
GEOP_20260402.csv,2025-08-14 23:26:07,0.0
GEOP_20260402.csv,2025-08-14 23:29:07,0.0
GEOP_20260402.csv,2025-08-14 23:32:07,0.0
GEOP_20260402.csv,2025-08-14 23:35:07,0.0
GEOP_20260402.csv,2025-08-14 23:38:07,0.0
GEOP_20260402.csv,2025-08-14 23:41:07,0.0
GEOP_20260402.csv,2025-08-14 23:44:07,0.0
GEOP_20260402.csv,2025-08-14 23:47:07,0.0
GEOP_20260402.csv,2025-08-14 23:50:07,0.0
GEOP_20260402.csv,2025-08-14 23:53:07,0.0
GEOP_20260402.csv,2025-08-14 23:56:07,0.0
GEOP_20260402.csv,2025-08-14 23:59:07,0.0
GEOP_20260402.csv,2025-08-15 00:02:07,0.0
GEOP_20260402.csv,2025-08-15 00:05:07,0.0
GEOP_20260402.csv,2025-08-15 00:08:07,0.0
GEOP_20260402.csv,2025-08-15 00:11:07,0.0
GEOP_20260402.csv,2025-08-15 00:14:07,0.0
GEOP_20260402.csv,2025-08-15 00:17:07,0.0
GEOP_20260402.csv,2025-08-15 00:20:07,0.0
GEOP_20260402.csv,2025-08-15 00:23:07,0.0
GEOP_20260402.csv,2025-08-15 00:26:07,0.0
GEOP_20260402.csv,2025-08-15 00:29:07,0.0
GEOP_20260402.csv,2025-08-15 00:32:07,0.0
GEOP_20260402.csv,2025-08-15 00:35:07,0.0
GEOP_20260402.csv,2025-08-15 00:38:07,0.0
GEOP_20260402.csv,2025-08-15 00:41:07,0.0
GEOP_20260402.csv,2025-08-15 00:44:07,0.0
GEOP_20260402.csv,2025-08-15 00:47:07,0.0
GEOP_20260402.csv,2025-08-15 00:50:07,0.0
GEOP_20260402.csv,2025-08-15 00:53:07,0.0
GEOP_20260402.csv,2025-08-15 00:56:07,0.0
GEOP_20260402.csv,2025-08-15 00:59:07,0.0
GEOP_20260402.csv,2025-08-15 01:02:07,0.0
GEOP_20260402.csv,2025-08-15 01:05:07,0.0
GEOP_20260402.csv,2025-08-15 01:08:07,0.0
GEOP_20260402.csv,2025-08-15 01:11:07,0.0
GEOP_20260402.csv,2025-08-15 01:14:07,0.0
GEOP_20260402.csv,2025-08-15 01:17:07,0.0
GEOP_20260402.csv,2025-08-15 01:20:07,0.0
GEOP_20260402.csv,2025-08-15 01:23:07,0.0
GEOP_20260402.csv,2025-08-15 01:26:07,0.0
GEOP_20260402.csv,2025-08-15 01:29:07,0.0
GEOP_20260402.csv,2025-08-15 01:32:07,0.0
GEOP_20260402.csv,2025-08-15 01:35:07,0.0
GEOP_20260402.csv,2025-08-15 01:38:07,0.0
GEOP_20260402.csv,2025-08-15 01:41:07,0.0
GEOP_20260402.csv,2025-08-15 01:44:07,0.0
GEOP_20260402.csv,2025-08-15 01:47:07,0.0
GEOP_20260402.csv,2025-08-15 01:50:07,0.0
GEOP_20260402.csv,2025-08-15 01:53:07,0.0
GEOP_20260402.csv,2025-08-15 01:56:06,0.0
GEOP_20260402.csv,2025-08-15 01:59:06,0.0
GEOP_20260402.csv,2025-08-15 02:02:06,0.0
GEOP_20260402.csv,2025-08-15 02:05:06,0.0
GEOP_20260402.csv,2025-08-15 02:08:06,0.0
GEOP_20260402.csv,2025-08-15 02:11:06,0.0
GEOP_20260402.csv,2025-08-15 02:14:06,0.0
GEOP_20260402.csv,2025-08-15 02:17:06,0.0
GEOP_20260402.csv,2025-08-15 02:20:06,0.0
GEOP_20260402.csv,2025-08-15 02:23:06,0.0
GEOP_20260402.csv,2025-08-15 02:26:06,0.0
GEOP_20260402.csv,2025-08-15 02:29:06,0.0
GEOP_20260402.csv,2025-08-15 02:32:06,0.0
GEOP_20260402.csv,2025-08-15 02:35:06,0.0
GEOP_20260402.csv,2025-08-15 02:38:06,0.0
GEOP_20260402.csv,2025-08-15 02:41:06,0.0
GEOP_20260402.csv,2025-08-15 02:44:06,0.0
GEOP_20260402.csv,2025-08-15 02:47:06,0.0
GEOP_20260402.csv,2025-08-15 02:50:06,0.0
GEOP_20260402.csv,2025-08-15 02:53:06,0.0
GEOP_20260402.csv,2025-08-15 02:56:06,0.0
GEOP_20260402.csv,2025-08-15 02:59:06,0.0
GEOP_20260402.csv,2025-08-15 03:02:06,0.0
GEOP_20260402.csv,2025-08-15 03:05:06,0.0
GEOP_20260402.csv,2025-08-15 03:08:06,0.0
GEOP_20260402.csv,2025-08-15 03:11:06,0.0
GEOP_20260402.csv,2025-08-15 03:14:06,0.0
GEOP_20260402.csv,2025-08-15 03:17:06,0.0
GEOP_20260402.csv,2025-08-15 03:20:06,0.0
GEOP_20260402.csv,2025-08-15 03:23:06,0.0
GEOP_20260402.csv,2025-08-15 03:26:06,0.0
GEOP_20260402.csv,2025-08-15 03:29:06,0.0
GEOP_20260402.csv,2025-08-15 03:32:06,0.0
GEOP_20260402.csv,2025-08-15 03:35:06,0.0
GEOP_20260402.csv,2025-08-15 03:38:06,0.0
GEOP_20260402.csv,2025-08-15 03:41:06,0.0
GEOP_20260402.csv,2025-08-15 03:44:06,0.0
GEOP_20260402.csv,2025-08-15 03:47:06,0.0
GEOP_20260402.csv,2025-08-15 03:50:06,0.0
GEOP_20260402.csv,2025-08-15 03:53:06,0.0
GEOP_20260402.csv,2025-08-15 03:56:06,0.0
GEOP_20260402.csv,2025-08-15 03:59:06,0.0
GEOP_20260402.csv,2025-08-15 04:02:06,0.0
GEOP_20260402.csv,2025-08-15 04:05:06,0.0
GEOP_20260402.csv,2025-08-15 04:08:06,0.0
GEOP_20260402.csv,2025-08-15 04:11:06,0.0
GEOP_20260402.csv,2025-08-15 04:14:06,0.0
GEOP_20260402.csv,2025-08-15 04:17:06,0.0
GEOP_20260402.csv,2025-08-15 04:20:06,0.0
GEOP_20260402.csv,2025-08-15 04:23:06,0.0
GEOP_20260402.csv,2025-08-15 04:26:06,0.0
GEOP_20260402.csv,2025-08-15 04:29:06,0.0
GEOP_20260402.csv,2025-08-15 04:32:06,0.0
GEOP_20260402.csv,2025-08-15 04:35:06,0.0
GEOP_20260402.csv,2025-08-15 04:38:06,0.0
GEOP_20260402.csv,2025-08-15 04:41:06,0.0
GEOP_20260402.csv,2025-08-15 04:44:06,0.0
GEOP_20260402.csv,2025-08-15 04:47:06,0.0
GEOP_20260402.csv,2025-08-15 04:50:06,0.0
GEOP_20260402.csv,2025-08-15 04:53:06,0.0
GEOP_20260402.csv,2025-08-15 04:56:06,0.0
GEOP_20260402.csv,2025-08-15 04:59:06,0.0
GEOP_20260402.csv,2025-08-15 05:02:06,0.0
GEOP_20260402.csv,2025-08-15 05:05:06,0.0
GEOP_20260402.csv,2025-08-15 05:08:06,0.0
GEOP_20260402.csv,2025-08-15 05:11:06,0.0
GEOP_20260402.csv,2025-08-15 05:14:06,0.0
GEOP_20260402.csv,2025-08-15 05:17:06,0.0
GEOP_20260402.csv,2025-08-15 05:20:06,0.0
GEOP_20260402.csv,2025-08-15 05:23:06,0.0
GEOP_20260402.csv,2025-08-15 05:26:06,0.0
GEOP_20260402.csv,2025-08-15 05:29:06,0.0
GEOP_20260402.csv,2025-08-15 05:32:06,0.0
GEOP_20260402.csv,2025-08-15 05:35:06,0.0
GEOP_20260402.csv,2025-08-15 05:38:06,0.0
GEOP_20260402.csv,2025-08-15 05:41:06,0.0
GEOP_20260402.csv,2025-08-15 05:44:06,0.0
GEOP_20260402.csv,2025-08-15 05:47:06,0.0
GEOP_20260402.csv,2025-08-15 05:50:06,0.0
GEOP_20260402.csv,2025-08-15 05:53:06,0.0
GEOP_20260402.csv,2025-08-15 05:56:06,0.0
GEOP_20260402.csv,2025-08-15 05:59:06,0.0
GEOP_20260402.csv,2025-08-15 06:02:06,0.0
GEOP_20260402.csv,2025-08-15 06:05:06,0.0
GEOP_20260402.csv,2025-08-15 06:08:06,0.0
GEOP_20260402.csv,2025-08-15 06:11:06,0.0
GEOP_20260402.csv,2025-08-15 06:14:06,0.0
GEOP_20260402.csv,2025-08-15 06:17:06,0.0
GEOP_20260402.csv,2025-08-15 06:20:06,0.0
GEOP_20260402.csv,2025-08-15 06:23:06,0.0
GEOP_20260402.csv,2025-08-15 06:26:06,0.0
GEOP_20260402.csv,2025-08-15 06:29:06,0.0
GEOP_20260402.csv,2025-08-15 06:32:06,0.0
GEOP_20260402.csv,2025-08-15 06:35:06,0.0
GEOP_20260402.csv,2025-08-15 06:38:06,0.0
GEOP_20260402.csv,2025-08-15 06:41:06,0.0
GEOP_20260402.csv,2025-08-15 06:44:06,0.0
GEOP_20260402.csv,2025-08-15 06:47:06,0.0
GEOP_20260402.csv,2025-08-15 06:50:06,0.0
GEOP_20260402.csv,2025-08-15 06:53:06,0.0
GEOP_20260402.csv,2025-08-15 06:56:06,0.0
GEOP_20260402.csv,2025-08-15 06:59:06,0.0
GEOP_20260402.csv,2025-08-15 07:02:06,0.0
GEOP_20260402.csv,2025-08-15 07:05:06,0.0
GEOP_20260402.csv,2025-08-15 07:08:06,0.0
GEOP_20260402.csv,2025-08-15 07:11:06,0.0
GEOP_20260402.csv,2025-08-15 07:14:06,0.0
GEOP_20260402.csv,2025-08-15 07:17:06,0.0
GEOP_20260402.csv,2025-08-15 07:20:06,0.0
GEOP_20260402.csv,2025-08-15 07:23:06,0.0
GEOP_20260402.csv,2025-08-15 07:26:06,0.0
GEOP_20260402.csv,2025-08-15 07:29:06,0.0
GEOP_20260402.csv,2025-08-15 07:32:06,0.0
GEOP_20260402.csv,2025-08-15 07:35:06,0.0
GEOP_20260402.csv,2025-08-15 07:38:06,0.0
GEOP_20260402.csv,2025-08-15 07:41:06,0.0
GEOP_20260402.csv,2025-08-15 07:44:06,0.0
GEOP_20260402.csv,2025-08-15 07:47:06,0.0
GEOP_20260402.csv,2025-08-15 07:50:06,0.0
GEOP_20260402.csv,2025-08-15 07:53:06,0.0
GEOP_20260402.csv,2025-08-15 07:56:06,0.0
GEOP_20260402.csv,2025-08-15 07:59:06,0.0
GEOP_20260402.csv,2025-08-15 08:02:06,0.0
GEOP_20260402.csv,2025-08-15 08:05:06,0.0
GEOP_20260402.csv,2025-08-15 08:08:06,0.0
GEOP_20260402.csv,2025-08-15 08:11:06,0.0
GEOP_20260402.csv,2025-08-15 08:14:06,0.0
GEOP_20260402.csv,2025-08-15 08:17:06,0.0
GEOP_20260402.csv,2025-08-15 08:20:06,0.0
GEOP_20260402.csv,2025-08-15 08:23:06,0.0
GEOP_20260402.csv,2025-08-15 08:26:06,0.0
GEOP_20260402.csv,2025-08-15 08:29:06,0.0
GEOP_20260402.csv,2025-08-15 08:32:06,0.0
GEOP_20260402.csv,2025-08-15 08:35:06,0.0
GEOP_20260402.csv,2025-08-15 08:38:06,0.0
GEOP_20260402.csv,2025-08-15 08:41:06,0.0
GEOP_20260402.csv,2025-08-15 08:44:06,0.0
GEOP_20260402.csv,2025-08-15 08:47:06,0.0
GEOP_20260402.csv,2025-08-15 08:50:06,0.0
GEOP_20260402.csv,2025-08-15 08:53:06,0.0
GEOP_20260402.csv,2025-08-15 08:56:06,0.0
GEOP_20260402.csv,2025-08-15 08:59:06,0.0
GEOP_20260402.csv,2025-08-15 09:02:06,0.0
GEOP_20260402.csv,2025-08-15 09:05:06,0.0
GEOP_20260402.csv,2025-08-15 09:08:06,0.0
GEOP_20260402.csv,2025-08-15 09:11:06,0.0
GEOP_20260402.csv,2025-08-15 09:14:06,0.0
GEOP_20260402.csv,2025-08-15 09:17:06,0.0
GEOP_20260402.csv,2025-08-15 09:20:06,0.0
GEOP_20260402.csv,2025-08-15 09:23:06,0.0
GEOP_20260402.csv,2025-08-15 09:26:06,0.0
GEOP_20260402.csv,2025-08-15 09:29:06,0.0
GEOP_20260402.csv,2025-08-15 09:32:06,0.0
GEOP_20260402.csv,2025-08-15 09:35:06,0.0
GEOP_20260402.csv,2025-08-15 09:38:06,0.0
GEOP_20260402.csv,2025-08-15 09:41:06,0.0
GEOP_20260402.csv,2025-08-15 09:44:06,0.0
GEOP_20260402.csv,2025-08-15 09:47:06,0.0
GEOP_20260402.csv,2025-08-15 09:50:06,0.0
GEOP_20260402.csv,2025-08-15 09:53:06,0.0
GEOP_20260402.csv,2025-08-15 09:56:06,0.0
GEOP_20260402.csv,2025-08-15 09:59:06,0.0
GEOP_20260402.csv,2025-08-15 10:02:06,0.0
GEOP_20260402.csv,2025-08-15 10:05:06,0.0
GEOP_20260402.csv,2025-08-15 10:08:06,0.0
GEOP_20260402.csv,2025-08-15 10:11:06,0.0
GEOP_20260402.csv,2025-08-15 10:14:06,0.0
GEOP_20260402.csv,2025-08-15 10:17:06,0.0
GEOP_20260402.csv,2025-08-15 10:20:06,0.0
GEOP_20260402.csv,2025-08-15 10:23:06,0.0
GEOP_20260402.csv,2025-08-15 10:26:06,0.0
GEOP_20260402.csv,2025-08-15 10:29:06,0.0
GEOP_20260402.csv,2025-08-15 10:32:06,0.0
GEOP_20260402.csv,2025-08-15 10:35:06,0.0
GEOP_20260402.csv,2025-08-15 10:38:06,0.0
GEOP_20260402.csv,2025-08-15 10:41:06,0.0
GEOP_20260402.csv,2025-08-15 10:44:06,0.0
GEOP_20260402.csv,2025-08-15 10:47:06,0.0
GEOP_20260402.csv,2025-08-15 10:50:06,0.0
GEOP_20260402.csv,2025-08-15 10:53:06,0.0
GEOP_20260402.csv,2025-08-15 10:56:06,0.0
GEOP_20260402.csv,2025-08-15 10:59:06,0.0
GEOP_20260402.csv,2025-08-15 11:02:06,0.0
GEOP_20260402.csv,2025-08-15 11:05:06,0.0
GEOP_20260402.csv,2025-08-15 11:08:06,0.0
GEOP_20260402.csv,2025-08-15 11:11:06,0.0
GEOP_20260402.csv,2025-08-15 11:14:06,0.0
GEOP_20260402.csv,2025-08-15 11:17:06,0.0
GEOP_20260402.csv,2025-08-15 11:20:06,0.0
GEOP_20260402.csv,2025-08-15 11:23:06,0.0
GEOP_20260402.csv,2025-08-15 11:26:06,0.0
GEOP_20260402.csv,2025-08-15 11:29:06,0.0
GEOP_20260402.csv,2025-08-15 11:32:06,0.0
GEOP_20260402.csv,2025-08-15 11:35:06,0.0
GEOP_20260402.csv,2025-08-15 11:38:06,0.0
GEOP_20260402.csv,2025-08-15 11:41:06,0.0
GEOP_20260402.csv,2025-08-15 11:44:06,0.0
GEOP_20260402.csv,2025-08-15 11:47:06,0.0
GEOP_20260402.csv,2025-08-15 11:50:05,0.0
GEOP_20260402.csv,2025-08-15 11:53:05,0.0
GEOP_20260402.csv,2025-08-15 11:56:05,0.0
GEOP_20260402.csv,2025-08-15 11:59:05,0.0
GEOP_20260402.csv,2025-08-15 12:02:05,0.0
GEOP_20260402.csv,2025-08-15 12:05:05,0.0
GEOP_20260402.csv,2025-08-15 12:08:05,0.0
GEOP_20260402.csv,2025-08-15 12:11:05,0.0
GEOP_20260402.csv,2025-08-15 12:14:05,0.0
GEOP_20260402.csv,2025-08-15 12:17:05,0.0
GEOP_20260402.csv,2025-08-15 12:20:05,0.0
GEOP_20260402.csv,2025-08-15 12:23:05,0.0
GEOP_20260402.csv,2025-08-15 12:26:05,0.0
GEOP_20260402.csv,2025-08-15 12:29:05,0.0
GEOP_20260402.csv,2025-08-15 12:32:05,0.0
GEOP_20260402.csv,2025-08-15 12:35:05,0.0
GEOP_20260402.csv,2025-08-15 12:38:05,0.0
GEOP_20260402.csv,2025-08-15 12:41:05,0.0
GEOP_20260402.csv,2025-08-15 12:44:05,0.0
GEOP_20260402.csv,2025-08-15 12:47:05,0.0
GEOP_20260402.csv,2025-08-15 12:50:05,0.0
GEOP_20260402.csv,2025-08-15 12:53:05,0.0
GEOP_20260402.csv,2025-08-15 12:56:05,0.0
GEOP_20260402.csv,2025-08-15 12:59:05,0.0
GEOP_20260402.csv,2025-08-15 13:02:05,0.0
GEOP_20260402.csv,2025-08-15 13:05:05,0.0
GEOP_20260402.csv,2025-08-15 13:08:05,0.0
GEOP_20260402.csv,2025-08-15 13:11:05,0.0
GEOP_20260402.csv,2025-08-15 13:14:05,0.0
GEOP_20260402.csv,2025-08-15 13:17:05,0.0
GEOP_20260402.csv,2025-08-15 13:20:05,0.0
GEOP_20260402.csv,2025-08-15 13:23:05,0.0
GEOP_20260402.csv,2025-08-15 13:26:05,0.0
GEOP_20260402.csv,2025-08-15 13:29:05,0.0
GEOP_20260402.csv,2025-08-15 13:32:05,0.0
GEOP_20260402.csv,2025-08-15 13:35:05,0.0
GEOP_20260402.csv,2025-08-15 13:38:05,0.0
GEOP_20260402.csv,2025-08-15 13:41:05,0.0
GEOP_20260402.csv,2025-08-15 13:44:05,0.0
GEOP_20260402.csv,2025-08-15 13:47:05,0.0
GEOP_20260402.csv,2025-08-15 13:50:05,0.0
GEOP_20260402.csv,2025-08-15 13:53:05,0.0
GEOP_20260402.csv,2025-08-15 13:56:05,0.0
GEOP_20260402.csv,2025-08-15 13:59:05,0.0
GEOP_20260402.csv,2025-08-15 14:02:05,0.0
GEOP_20260402.csv,2025-08-15 14:05:05,0.0
GEOP_20260402.csv,2025-08-15 14:08:05,0.0
GEOP_20260402.csv,2025-08-15 14:11:05,0.0
GEOP_20260402.csv,2025-08-15 14:14:05,0.0
GEOP_20260402.csv,2025-08-15 14:17:05,0.0
GEOP_20260402.csv,2025-08-15 14:20:05,0.0
GEOP_20260402.csv,2025-08-15 14:23:05,0.0
GEOP_20260402.csv,2025-08-15 14:26:05,0.0
GEOP_20260402.csv,2025-08-15 14:29:05,0.0
GEOP_20260402.csv,2025-08-15 14:32:05,0.0
GEOP_20260402.csv,2025-08-15 14:35:05,0.0
GEOP_20260402.csv,2025-08-15 14:38:05,0.0
GEOP_20260402.csv,2025-08-15 14:41:05,0.0
GEOP_20260402.csv,2025-08-15 14:44:05,0.0
GEOP_20260402.csv,2025-08-15 14:47:05,0.0
GEOP_20260402.csv,2025-08-15 14:50:05,0.0
GEOP_20260402.csv,2025-08-15 14:53:05,0.0
GEOP_20260402.csv,2025-08-15 14:56:05,0.0
GEOP_20260402.csv,2025-08-15 14:59:05,0.0
GEOP_20260402.csv,2025-08-15 15:02:05,0.0
GEOP_20260402.csv,2025-08-15 15:05:05,0.0
GEOP_20260402.csv,2025-08-15 15:08:05,0.0
GEOP_20260402.csv,2025-08-15 15:11:05,0.0
GEOP_20260402.csv,2025-08-15 15:14:05,0.0
GEOP_20260402.csv,2025-08-15 15:17:05,0.0
GEOP_20260402.csv,2025-08-15 15:20:05,0.0
GEOP_20260402.csv,2025-08-15 15:23:05,0.0
GEOP_20260402.csv,2025-08-15 15:26:05,0.0
GEOP_20260402.csv,2025-08-15 15:29:05,0.0
GEOP_20260402.csv,2025-08-15 15:32:05,0.0
GEOP_20260402.csv,2025-08-15 15:35:05,0.0
GEOP_20260402.csv,2025-08-15 15:38:05,0.0
GEOP_20260402.csv,2025-08-15 15:41:05,0.0
GEOP_20260402.csv,2025-08-15 15:44:05,0.0
GEOP_20260402.csv,2025-08-15 15:47:05,0.0
GEOP_20260402.csv,2025-08-15 15:50:05,0.0
GEOP_20260402.csv,2025-08-15 15:53:05,0.0
GEOP_20260402.csv,2025-08-15 15:56:05,0.0
GEOP_20260402.csv,2025-08-15 15:59:05,0.0
GEOP_20260402.csv,2025-08-15 16:02:05,0.0
GEOP_20260402.csv,2025-08-15 16:05:05,0.0
GEOP_20260402.csv,2025-08-15 16:08:05,0.0
GEOP_20260402.csv,2025-08-15 16:11:05,0.0
GEOP_20260402.csv,2025-08-15 16:14:05,0.0
GEOP_20260402.csv,2025-08-15 16:17:05,0.0
GEOP_20260402.csv,2025-08-15 16:20:05,0.0
GEOP_20260402.csv,2025-08-15 16:23:05,0.0
GEOP_20260402.csv,2025-08-15 16:26:05,0.0
GEOP_20260402.csv,2025-08-15 16:29:05,0.0
GEOP_20260402.csv,2025-08-15 16:32:05,0.0
GEOP_20260402.csv,2025-08-15 16:35:05,0.0
GEOP_20260402.csv,2025-08-15 16:38:05,0.0
GEOP_20260402.csv,2025-08-15 16:41:05,0.0
GEOP_20260402.csv,2025-08-15 16:44:05,0.0
GEOP_20260402.csv,2025-08-15 16:47:05,0.0
GEOP_20260402.csv,2025-08-15 16:50:05,0.0
GEOP_20260402.csv,2025-08-15 16:53:05,0.0
GEOP_20260402.csv,2025-08-15 16:56:05,0.0
GEOP_20260402.csv,2025-08-15 16:59:05,0.0
GEOP_20260402.csv,2025-08-15 17:02:05,0.0
GEOP_20260402.csv,2025-08-15 17:05:05,0.0
GEOP_20260402.csv,2025-08-15 17:08:05,0.0
GEOP_20260402.csv,2025-08-15 17:11:05,0.0
GEOP_20260402.csv,2025-08-15 17:14:05,0.0
GEOP_20260402.csv,2025-08-15 17:17:05,0.0
GEOP_20260402.csv,2025-08-15 17:20:05,0.0
GEOP_20260402.csv,2025-08-15 17:23:05,0.0
GEOP_20260402.csv,2025-08-15 17:26:05,0.0
GEOP_20260402.csv,2025-08-15 17:29:05,0.0
GEOP_20260402.csv,2025-08-15 17:32:05,0.0
GEOP_20260402.csv,2025-08-15 17:35:05,0.0
GEOP_20260402.csv,2025-08-15 17:38:05,0.0
GEOP_20260402.csv,2025-08-15 17:41:05,0.0
GEOP_20260402.csv,2025-08-15 17:44:05,0.0
GEOP_20260402.csv,2025-08-15 17:47:05,0.0
GEOP_20260402.csv,2025-08-15 17:50:05,0.0
GEOP_20260402.csv,2025-08-15 17:53:05,0.0
GEOP_20260402.csv,2025-08-15 17:56:05,0.0
GEOP_20260402.csv,2025-08-15 17:59:05,0.0
GEOP_20260402.csv,2025-08-15 18:02:05,0.0
GEOP_20260402.csv,2025-08-15 18:05:05,0.0
GEOP_20260402.csv,2025-08-15 18:08:05,0.0
GEOP_20260402.csv,2025-08-15 18:11:05,0.0
GEOP_20260402.csv,2025-08-15 18:14:05,0.0
GEOP_20260402.csv,2025-08-15 18:17:05,0.0
GEOP_20260402.csv,2025-08-15 18:20:05,0.0
GEOP_20260402.csv,2025-08-15 18:23:05,0.0
GEOP_20260402.csv,2025-08-15 18:26:05,0.0
GEOP_20260402.csv,2025-08-15 18:29:05,0.0
GEOP_20260402.csv,2025-08-15 18:32:05,0.0
GEOP_20260402.csv,2025-08-15 18:35:05,0.0
GEOP_20260402.csv,2025-08-15 18:38:05,0.0
GEOP_20260402.csv,2025-08-15 18:41:05,0.0
GEOP_20260402.csv,2025-08-15 18:44:05,0.0
GEOP_20260402.csv,2025-08-15 18:47:05,0.0
GEOP_20260402.csv,2025-08-15 18:50:05,0.0
GEOP_20260402.csv,2025-08-15 18:53:05,0.0
GEOP_20260402.csv,2025-08-15 18:56:05,0.0
GEOP_20260402.csv,2025-08-15 18:59:05,0.0
GEOP_20260402.csv,2025-08-15 19:02:05,0.0
GEOP_20260402.csv,2025-08-15 19:05:05,0.0
GEOP_20260402.csv,2025-08-15 19:08:05,0.0
GEOP_20260402.csv,2025-08-15 19:11:05,0.0
GEOP_20260402.csv,2025-08-15 19:14:05,0.0
GEOP_20260402.csv,2025-08-15 19:17:05,0.0
GEOP_20260402.csv,2025-08-15 19:20:05,0.0
GEOP_20260402.csv,2025-08-15 19:23:05,0.0
GEOP_20260402.csv,2025-08-15 19:26:05,0.0
GEOP_20260402.csv,2025-08-15 19:29:05,0.0
GEOP_20260402.csv,2025-08-15 19:32:05,0.0
GEOP_20260402.csv,2025-08-15 19:35:05,0.0
GEOP_20260402.csv,2025-08-15 19:38:05,0.0
GEOP_20260402.csv,2025-08-15 19:41:05,0.0
GEOP_20260402.csv,2025-08-15 19:44:05,0.0
GEOP_20260402.csv,2025-08-15 19:47:05,0.0
GEOP_20260402.csv,2025-08-15 19:50:05,0.0
GEOP_20260402.csv,2025-08-15 19:53:05,0.0
GEOP_20260402.csv,2025-08-15 19:56:05,0.0
GEOP_20260402.csv,2025-08-15 19:59:05,0.0
GEOP_20260402.csv,2025-08-15 20:02:05,0.0
GEOP_20260402.csv,2025-08-15 20:05:05,0.0
GEOP_20260402.csv,2025-08-15 20:08:05,0.0
GEOP_20260402.csv,2025-08-15 20:11:05,0.0
GEOP_20260402.csv,2025-08-15 20:14:05,0.0
GEOP_20260402.csv,2025-08-15 20:17:05,0.0
GEOP_20260402.csv,2025-08-15 20:20:05,0.0
GEOP_20260402.csv,2025-08-15 20:23:05,0.0
GEOP_20260402.csv,2025-08-15 20:26:05,0.0
GEOP_20260402.csv,2025-08-15 20:29:05,0.0
GEOP_20260402.csv,2025-08-15 20:32:05,0.0
GEOP_20260402.csv,2025-08-15 20:35:05,0.0
GEOP_20260402.csv,2025-08-15 20:38:05,0.0
GEOP_20260402.csv,2025-08-15 20:41:05,0.0
GEOP_20260402.csv,2025-08-15 20:44:05,0.0
GEOP_20260402.csv,2025-08-15 20:47:05,0.0
GEOP_20260402.csv,2025-08-15 20:50:05,0.0
GEOP_20260402.csv,2025-08-15 20:53:05,0.0
GEOP_20260402.csv,2025-08-15 20:56:05,0.0
GEOP_20260402.csv,2025-08-15 20:59:05,0.0
GEOP_20260402.csv,2025-08-15 21:02:05,0.0
GEOP_20260402.csv,2025-08-15 21:05:05,0.0
GEOP_20260402.csv,2025-08-15 21:08:05,0.0
GEOP_20260402.csv,2025-08-15 21:11:05,0.0
GEOP_20260402.csv,2025-08-15 21:14:05,0.0
GEOP_20260402.csv,2025-08-15 21:17:05,0.0
GEOP_20260402.csv,2025-08-15 21:20:05,0.0
GEOP_20260402.csv,2025-08-15 21:23:05,0.0
GEOP_20260402.csv,2025-08-15 21:26:05,0.0
GEOP_20260402.csv,2025-08-15 21:29:05,0.0
GEOP_20260402.csv,2025-08-15 21:32:05,0.0
GEOP_20260402.csv,2025-08-15 21:35:05,0.0
GEOP_20260402.csv,2025-08-15 21:38:05,0.0
GEOP_20260402.csv,2025-08-15 21:41:05,0.0
GEOP_20260402.csv,2025-08-15 21:44:05,0.0
GEOP_20260402.csv,2025-08-15 21:47:05,0.0
GEOP_20260402.csv,2025-08-15 21:50:05,0.0
GEOP_20260402.csv,2025-08-15 21:53:05,0.0
GEOP_20260402.csv,2025-08-15 21:56:05,0.0
GEOP_20260402.csv,2025-08-15 21:59:05,0.0
GEOP_20260402.csv,2025-08-15 22:02:05,0.0
GEOP_20260402.csv,2025-08-15 22:05:04,0.0
GEOP_20260402.csv,2025-08-15 22:08:04,0.0
GEOP_20260402.csv,2025-08-15 22:11:04,0.0
GEOP_20260402.csv,2025-08-15 22:14:04,0.0
GEOP_20260402.csv,2025-08-15 22:17:04,0.0
GEOP_20260402.csv,2025-08-15 22:20:04,0.0
GEOP_20260402.csv,2025-08-15 22:23:04,0.0
GEOP_20260402.csv,2025-08-15 22:26:04,0.0
GEOP_20260402.csv,2025-08-15 22:29:04,0.0
GEOP_20260402.csv,2025-08-15 22:32:04,0.0
GEOP_20260402.csv,2025-08-15 22:35:04,0.0
GEOP_20260402.csv,2025-08-15 22:38:04,0.0
GEOP_20260402.csv,2025-08-15 22:41:04,0.0
GEOP_20260402.csv,2025-08-15 22:44:04,0.0
GEOP_20260402.csv,2025-08-15 22:47:04,0.0
GEOP_20260402.csv,2025-08-15 22:50:04,0.0
GEOP_20260402.csv,2025-08-15 22:53:04,0.0
GEOP_20260402.csv,2025-08-15 22:56:04,0.0
GEOP_20260402.csv,2025-08-15 22:59:04,0.0
GEOP_20260402.csv,2025-08-15 23:02:04,0.0
GEOP_20260402.csv,2025-08-15 23:05:04,0.0
GEOP_20260402.csv,2025-08-15 23:08:04,0.0
GEOP_20260402.csv,2025-08-15 23:11:04,0.0
GEOP_20260402.csv,2025-08-15 23:14:04,0.0
GEOP_20260402.csv,2025-08-15 23:17:04,0.0
GEOP_20260402.csv,2025-08-15 23:20:04,0.0
GEOP_20260402.csv,2025-08-15 23:23:04,0.0
GEOP_20260402.csv,2025-08-15 23:26:04,0.0
GEOP_20260402.csv,2025-08-15 23:29:04,0.0
GEOP_20260402.csv,2025-08-15 23:32:04,0.0
GEOP_20260402.csv,2025-08-15 23:35:04,0.0
GEOP_20260402.csv,2025-08-15 23:38:04,0.0
GEOP_20260402.csv,2025-08-15 23:41:04,0.0
GEOP_20260402.csv,2025-08-15 23:44:04,0.0
GEOP_20260402.csv,2025-08-15 23:47:04,0.0
GEOP_20260402.csv,2025-08-15 23:50:04,0.0
GEOP_20260402.csv,2025-08-15 23:53:04,0.0
GEOP_20260402.csv,2025-08-15 23:56:04,0.0
GEOP_20260402.csv,2025-08-15 23:59:04,0.0
GEOP_20260402.csv,2025-08-16 00:02:04,0.0
GEOP_20260402.csv,2025-08-16 00:05:04,0.0
GEOP_20260402.csv,2025-08-16 00:08:04,0.0
GEOP_20260402.csv,2025-08-16 00:11:04,0.0
GEOP_20260402.csv,2025-08-16 00:14:04,0.0
GEOP_20260402.csv,2025-08-16 00:17:04,0.0
GEOP_20260402.csv,2025-08-16 00:20:04,0.0
GEOP_20260402.csv,2025-08-16 00:23:04,0.0
GEOP_20260402.csv,2025-08-16 00:26:04,0.0
GEOP_20260402.csv,2025-08-16 00:29:04,0.0
GEOP_20260402.csv,2025-08-16 00:32:04,0.0
GEOP_20260402.csv,2025-08-16 00:35:04,0.0
GEOP_20260402.csv,2025-08-16 00:38:04,0.0
GEOP_20260402.csv,2025-08-16 00:41:04,0.0
GEOP_20260402.csv,2025-08-16 00:44:04,0.0
GEOP_20260402.csv,2025-08-16 00:47:04,0.0
GEOP_20260402.csv,2025-08-16 00:50:04,0.0
GEOP_20260402.csv,2025-08-16 00:53:04,0.0
GEOP_20260402.csv,2025-08-16 00:56:04,0.0
GEOP_20260402.csv,2025-08-16 00:59:04,0.0
GEOP_20260402.csv,2025-08-16 01:02:04,0.0
GEOP_20260402.csv,2025-08-16 01:05:04,0.0
GEOP_20260402.csv,2025-08-16 01:08:04,0.0
GEOP_20260402.csv,2025-08-16 01:11:04,0.0
GEOP_20260402.csv,2025-08-16 01:14:04,0.0
GEOP_20260402.csv,2025-08-16 01:17:04,0.0
GEOP_20260402.csv,2025-08-16 01:20:04,0.0
GEOP_20260402.csv,2025-08-16 01:23:04,0.0
GEOP_20260402.csv,2025-08-16 01:26:04,0.0
GEOP_20260402.csv,2025-08-16 01:29:04,0.0
GEOP_20260402.csv,2025-08-16 01:32:04,0.0
GEOP_20260402.csv,2025-08-16 01:35:04,0.0
GEOP_20260402.csv,2025-08-16 01:38:04,0.0
GEOP_20260402.csv,2025-08-16 01:41:04,0.0
GEOP_20260402.csv,2025-08-16 01:44:04,0.0
GEOP_20260402.csv,2025-08-16 01:47:04,0.0
GEOP_20260402.csv,2025-08-16 01:50:04,0.0
GEOP_20260402.csv,2025-08-16 01:53:04,0.0
GEOP_20260402.csv,2025-08-16 01:56:04,0.0
GEOP_20260402.csv,2025-08-16 01:59:04,0.0
GEOP_20260402.csv,2025-08-16 02:02:04,0.0
GEOP_20260402.csv,2025-08-16 02:05:04,0.0
GEOP_20260402.csv,2025-08-16 02:08:04,0.0
GEOP_20260402.csv,2025-08-16 02:11:04,0.0
GEOP_20260402.csv,2025-08-16 02:14:04,0.0
GEOP_20260402.csv,2025-08-16 02:17:04,0.0
GEOP_20260402.csv,2025-08-16 02:20:04,0.0
GEOP_20260402.csv,2025-08-16 02:23:04,0.0
GEOP_20260402.csv,2025-08-16 02:26:04,0.0
GEOP_20260402.csv,2025-08-16 02:29:04,0.0
GEOP_20260402.csv,2025-08-16 02:32:04,0.0
GEOP_20260402.csv,2025-08-16 02:35:04,0.0
GEOP_20260402.csv,2025-08-16 02:38:04,0.0
GEOP_20260402.csv,2025-08-16 02:41:04,0.0
GEOP_20260402.csv,2025-08-16 02:44:04,0.0
GEOP_20260402.csv,2025-08-16 02:47:04,0.0
GEOP_20260402.csv,2025-08-16 02:50:04,0.0
GEOP_20260402.csv,2025-08-16 02:53:04,0.0
GEOP_20260402.csv,2025-08-16 02:56:04,0.0
GEOP_20260402.csv,2025-08-16 02:59:04,0.0
GEOP_20260402.csv,2025-08-16 03:02:04,0.0
GEOP_20260402.csv,2025-08-16 03:05:04,0.0
GEOP_20260402.csv,2025-08-16 03:08:04,0.0
GEOP_20260402.csv,2025-08-16 03:11:04,0.0
GEOP_20260402.csv,2025-08-16 03:14:04,0.0
GEOP_20260402.csv,2025-08-16 03:17:04,0.0
GEOP_20260402.csv,2025-08-16 03:20:04,0.0
GEOP_20260402.csv,2025-08-16 03:23:04,0.0
GEOP_20260402.csv,2025-08-16 03:26:04,0.0
GEOP_20260402.csv,2025-08-16 03:29:04,0.0
GEOP_20260402.csv,2025-08-16 03:32:04,0.0
GEOP_20260402.csv,2025-08-16 03:35:04,0.0
GEOP_20260402.csv,2025-08-16 03:38:04,0.0
GEOP_20260402.csv,2025-08-16 03:41:04,0.0
GEOP_20260402.csv,2025-08-16 03:44:04,0.0
GEOP_20260402.csv,2025-08-16 03:47:04,0.0
GEOP_20260402.csv,2025-08-16 03:50:04,0.0
GEOP_20260402.csv,2025-08-16 03:53:04,0.0
GEOP_20260402.csv,2025-08-16 03:56:04,0.0
GEOP_20260402.csv,2025-08-16 03:59:04,0.0
GEOP_20260402.csv,2025-08-16 04:02:04,0.0
GEOP_20260402.csv,2025-08-16 04:05:04,0.0
GEOP_20260402.csv,2025-08-16 04:08:04,0.0
GEOP_20260402.csv,2025-08-16 04:11:04,0.0
GEOP_20260402.csv,2025-08-16 04:14:04,0.0
GEOP_20260402.csv,2025-08-16 04:17:04,0.0
GEOP_20260402.csv,2025-08-16 04:20:04,0.0
GEOP_20260402.csv,2025-08-16 04:23:04,0.0
GEOP_20260402.csv,2025-08-16 04:26:04,0.0
GEOP_20260402.csv,2025-08-16 04:29:04,0.0
GEOP_20260402.csv,2025-08-16 04:32:04,0.0
GEOP_20260402.csv,2025-08-16 04:35:04,0.0
GEOP_20260402.csv,2025-08-16 04:38:04,0.0
GEOP_20260402.csv,2025-08-16 04:41:04,0.0
GEOP_20260402.csv,2025-08-16 04:44:04,0.0
GEOP_20260402.csv,2025-08-16 04:47:04,0.0
GEOP_20260402.csv,2025-08-16 04:50:04,0.0
GEOP_20260402.csv,2025-08-16 04:53:04,0.0
GEOP_20260402.csv,2025-08-16 04:56:04,0.0
GEOP_20260402.csv,2025-08-16 04:59:04,0.0
GEOP_20260402.csv,2025-08-16 05:02:04,0.0
GEOP_20260402.csv,2025-08-16 05:05:04,0.0
GEOP_20260402.csv,2025-08-16 05:08:04,0.0
GEOP_20260402.csv,2025-08-16 05:11:04,0.0
GEOP_20260402.csv,2025-08-16 05:14:04,0.0
GEOP_20260402.csv,2025-08-16 05:17:04,0.0
GEOP_20260402.csv,2025-08-16 05:20:04,0.0
GEOP_20260402.csv,2025-08-16 05:23:04,0.0
GEOP_20260402.csv,2025-08-16 05:26:04,0.0
GEOP_20260402.csv,2025-08-16 05:29:04,0.0
GEOP_20260402.csv,2025-08-16 05:32:04,0.0
GEOP_20260402.csv,2025-08-16 05:35:04,0.0
GEOP_20260402.csv,2025-08-16 05:38:04,0.0
GEOP_20260402.csv,2025-08-16 05:41:04,0.0
GEOP_20260402.csv,2025-08-16 05:44:04,0.0
GEOP_20260402.csv,2025-08-16 05:47:04,0.0
GEOP_20260402.csv,2025-08-16 05:50:04,0.0
GEOP_20260402.csv,2025-08-16 05:53:04,0.0
GEOP_20260402.csv,2025-08-16 05:56:04,0.0
GEOP_20260402.csv,2025-08-16 05:59:04,0.0
GEOP_20260402.csv,2025-08-16 06:02:04,0.0
GEOP_20260402.csv,2025-08-16 06:05:04,0.0
GEOP_20260402.csv,2025-08-16 06:08:04,0.0
GEOP_20260402.csv,2025-08-16 06:11:04,0.0
GEOP_20260402.csv,2025-08-16 06:14:04,0.0
GEOP_20260402.csv,2025-08-16 06:17:04,0.0
GEOP_20260402.csv,2025-08-16 06:20:04,0.0
GEOP_20260402.csv,2025-08-16 06:23:04,0.0
GEOP_20260402.csv,2025-08-16 06:26:04,0.0
GEOP_20260402.csv,2025-08-16 06:29:04,0.0
GEOP_20260402.csv,2025-08-16 06:32:04,0.0
GEOP_20260402.csv,2025-08-16 06:35:04,0.0
GEOP_20260402.csv,2025-08-16 06:38:04,0.0
GEOP_20260402.csv,2025-08-16 06:41:04,0.0
GEOP_20260402.csv,2025-08-16 06:44:04,0.0
GEOP_20260402.csv,2025-08-16 06:47:04,0.0
GEOP_20260402.csv,2025-08-16 06:50:04,0.0
GEOP_20260402.csv,2025-08-16 06:53:04,0.0
GEOP_20260402.csv,2025-08-16 06:56:04,0.0
GEOP_20260402.csv,2025-08-16 06:59:04,0.0
GEOP_20260402.csv,2025-08-16 07:02:04,0.0
GEOP_20260402.csv,2025-08-16 07:05:04,0.0
GEOP_20260402.csv,2025-08-16 07:08:04,0.0
GEOP_20260402.csv,2025-08-16 07:11:03,0.0
GEOP_20260402.csv,2025-08-16 07:14:03,0.0
GEOP_20260402.csv,2025-08-16 07:17:03,0.0
GEOP_20260402.csv,2025-08-16 07:20:03,0.0
GEOP_20260402.csv,2025-08-16 07:23:04,0.0
GEOP_20260402.csv,2025-08-16 07:26:03,0.0
GEOP_20260402.csv,2025-08-16 07:29:03,0.0
GEOP_20260402.csv,2025-08-16 07:32:03,0.0
GEOP_20260402.csv,2025-08-16 07:35:03,0.0
GEOP_20260402.csv,2025-08-16 07:38:03,0.0
GEOP_20260402.csv,2025-08-16 07:41:03,0.0
GEOP_20260402.csv,2025-08-16 07:44:03,0.0
GEOP_20260402.csv,2025-08-16 07:47:03,0.0
GEOP_20260402.csv,2025-08-16 07:50:03,0.0
GEOP_20260402.csv,2025-08-16 07:53:03,0.0
GEOP_20260402.csv,2025-08-16 07:56:03,0.0
GEOP_20260402.csv,2025-08-16 07:59:03,0.0
GEOP_20260402.csv,2025-08-16 08:02:03,0.0
GEOP_20260402.csv,2025-08-16 08:05:03,0.0
GEOP_20260402.csv,2025-08-16 08:08:03,0.0
GEOP_20260402.csv,2025-08-16 08:11:03,0.0
GEOP_20260402.csv,2025-08-16 08:14:03,0.0
GEOP_20260402.csv,2025-08-16 08:17:03,0.0
GEOP_20260402.csv,2025-08-16 08:20:03,0.0
GEOP_20260402.csv,2025-08-16 08:23:03,0.0
GEOP_20260402.csv,2025-08-16 08:26:03,0.0
GEOP_20260402.csv,2025-08-16 08:29:03,0.0
GEOP_20260402.csv,2025-08-16 08:32:03,0.0
GEOP_20260402.csv,2025-08-16 08:35:03,0.0
GEOP_20260402.csv,2025-08-16 08:38:03,0.0
GEOP_20260402.csv,2025-08-16 08:41:03,0.0
GEOP_20260402.csv,2025-08-16 08:44:03,0.0
GEOP_20260402.csv,2025-08-16 08:47:03,0.0
GEOP_20260402.csv,2025-08-16 08:50:03,0.0
GEOP_20260402.csv,2025-08-16 08:53:03,0.0
GEOP_20260402.csv,2025-08-16 08:56:03,0.0
GEOP_20260402.csv,2025-08-16 08:59:03,0.0
GEOP_20260402.csv,2025-08-16 09:02:03,0.0
GEOP_20260402.csv,2025-08-16 09:05:03,0.0
GEOP_20260402.csv,2025-08-16 09:08:03,0.0
GEOP_20260402.csv,2025-08-16 09:11:03,0.0
GEOP_20260402.csv,2025-08-16 09:14:03,0.0
GEOP_20260402.csv,2025-08-16 09:17:03,0.0
GEOP_20260402.csv,2025-08-16 09:20:03,0.0
GEOP_20260402.csv,2025-08-16 09:23:03,0.0
GEOP_20260402.csv,2025-08-16 09:26:03,0.0
GEOP_20260402.csv,2025-08-16 09:29:03,0.0
GEOP_20260402.csv,2025-08-16 09:32:03,0.0
GEOP_20260402.csv,2025-08-16 09:35:03,0.0
GEOP_20260402.csv,2025-08-16 09:38:03,0.0
GEOP_20260402.csv,2025-08-16 09:41:03,0.0
GEOP_20260402.csv,2025-08-16 09:44:03,0.0
GEOP_20260402.csv,2025-08-16 09:47:03,0.0
GEOP_20260402.csv,2025-08-16 09:50:03,0.0
GEOP_20260402.csv,2025-08-16 09:53:03,0.0
GEOP_20260402.csv,2025-08-16 09:56:03,0.0
GEOP_20260402.csv,2025-08-16 09:59:03,0.0
GEOP_20260402.csv,2025-08-16 10:02:03,0.0
GEOP_20260402.csv,2025-08-16 10:05:03,0.0
GEOP_20260402.csv,2025-08-16 10:08:03,0.0
GEOP_20260402.csv,2025-08-16 10:11:03,0.0
GEOP_20260402.csv,2025-08-16 10:14:03,0.0
GEOP_20260402.csv,2025-08-16 10:17:03,0.0
GEOP_20260402.csv,2025-08-16 10:20:03,0.0
GEOP_20260402.csv,2025-08-16 10:23:03,0.0
GEOP_20260402.csv,2025-08-16 10:26:03,0.0
GEOP_20260402.csv,2025-08-16 10:29:03,0.0
GEOP_20260402.csv,2025-08-16 10:32:03,0.0
GEOP_20260402.csv,2025-08-16 10:35:03,0.0
GEOP_20260402.csv,2025-08-16 10:38:03,0.0
GEOP_20260402.csv,2025-08-16 10:41:03,0.0
GEOP_20260402.csv,2025-08-16 10:44:03,0.0
GEOP_20260402.csv,2025-08-16 10:47:03,0.0
GEOP_20260402.csv,2025-08-16 10:50:03,0.0
GEOP_20260402.csv,2025-08-16 10:53:03,0.0
GEOP_20260402.csv,2025-08-16 10:56:03,0.0
GEOP_20260402.csv,2025-08-16 10:59:03,0.0
GEOP_20260402.csv,2025-08-16 11:02:03,0.0
GEOP_20260402.csv,2025-08-16 11:05:03,0.0
GEOP_20260402.csv,2025-08-16 11:08:03,0.0
GEOP_20260402.csv,2025-08-16 11:11:03,0.0
GEOP_20260402.csv,2025-08-16 11:14:03,0.0
GEOP_20260402.csv,2025-08-16 11:17:03,0.0
GEOP_20260402.csv,2025-08-16 11:20:03,0.0
GEOP_20260402.csv,2025-08-16 11:23:03,0.0
GEOP_20260402.csv,2025-08-16 11:26:03,0.0
GEOP_20260402.csv,2025-08-16 11:29:03,0.0
GEOP_20260402.csv,2025-08-16 11:32:03,0.0
GEOP_20260402.csv,2025-08-16 11:35:03,0.0
GEOP_20260402.csv,2025-08-16 11:38:03,0.0
GEOP_20260402.csv,2025-08-16 11:41:03,0.0
GEOP_20260402.csv,2025-08-16 11:44:03,0.0
GEOP_20260402.csv,2025-08-16 11:47:03,0.0
GEOP_20260402.csv,2025-08-16 11:50:03,0.0
GEOP_20260402.csv,2025-08-16 11:53:03,0.0
GEOP_20260402.csv,2025-08-16 11:56:03,0.0
GEOP_20260402.csv,2025-08-16 11:59:03,0.0
GEOP_20260402.csv,2025-08-16 12:02:03,0.0
GEOP_20260402.csv,2025-08-16 12:05:03,0.0
GEOP_20260402.csv,2025-08-16 12:08:03,0.0
GEOP_20260402.csv,2025-08-16 12:11:03,0.0
GEOP_20260402.csv,2025-08-16 12:14:03,0.0
GEOP_20260402.csv,2025-08-16 12:17:03,0.0
GEOP_20260402.csv,2025-08-16 12:20:03,0.0
GEOP_20260402.csv,2025-08-16 12:23:03,0.0
GEOP_20260402.csv,2025-08-16 12:26:03,0.0
GEOP_20260402.csv,2025-08-16 12:29:03,0.0
GEOP_20260402.csv,2025-08-16 12:32:03,0.0
GEOP_20260402.csv,2025-08-16 12:35:03,0.0
GEOP_20260402.csv,2025-08-16 12:38:03,0.0
GEOP_20260402.csv,2025-08-16 12:41:03,0.0
GEOP_20260402.csv,2025-08-16 12:44:03,0.0
GEOP_20260402.csv,2025-08-16 12:47:03,0.0
GEOP_20260402.csv,2025-08-16 12:50:03,0.0
GEOP_20260402.csv,2025-08-16 12:53:03,0.0
GEOP_20260402.csv,2025-08-16 12:56:03,0.0
GEOP_20260402.csv,2025-08-16 12:59:03,0.0
GEOP_20260402.csv,2025-08-16 13:02:03,0.0
GEOP_20260402.csv,2025-08-16 13:05:03,0.0
GEOP_20260402.csv,2025-08-16 13:08:03,0.0
GEOP_20260402.csv,2025-08-16 13:11:03,0.0
GEOP_20260402.csv,2025-08-16 13:14:03,0.0
GEOP_20260402.csv,2025-08-16 13:17:03,0.0
GEOP_20260402.csv,2025-08-16 13:20:03,0.0
GEOP_20260402.csv,2025-08-16 13:23:03,0.0
GEOP_20260402.csv,2025-08-16 13:26:03,0.0
GEOP_20260402.csv,2025-08-16 13:29:03,0.0
GEOP_20260402.csv,2025-08-16 13:32:03,0.0
GEOP_20260402.csv,2025-08-16 13:35:03,0.0
GEOP_20260402.csv,2025-08-16 13:38:03,0.0
GEOP_20260402.csv,2025-08-16 13:41:03,0.0
GEOP_20260402.csv,2025-08-16 13:44:03,0.0
GEOP_20260402.csv,2025-08-16 13:47:03,0.0
GEOP_20260402.csv,2025-08-16 13:50:03,0.0
GEOP_20260402.csv,2025-08-16 13:53:03,0.0
GEOP_20260402.csv,2025-08-16 13:56:03,0.0
GEOP_20260402.csv,2025-08-16 13:59:03,0.0
GEOP_20260402.csv,2025-08-16 14:02:03,0.0
GEOP_20260402.csv,2025-08-16 14:05:03,0.0
GEOP_20260402.csv,2025-08-16 14:08:03,0.0
GEOP_20260402.csv,2025-08-16 14:11:03,0.0
GEOP_20260402.csv,2025-08-16 14:14:03,0.0
GEOP_20260402.csv,2025-08-16 14:17:03,0.0
GEOP_20260402.csv,2025-08-16 14:20:03,0.0
GEOP_20260402.csv,2025-08-16 14:23:03,0.0
GEOP_20260402.csv,2025-08-16 14:26:03,0.0
GEOP_20260402.csv,2025-08-16 14:29:03,0.0
GEOP_20260402.csv,2025-08-16 14:32:03,0.0
GEOP_20260402.csv,2025-08-16 14:35:03,0.0
GEOP_20260402.csv,2025-08-16 14:38:03,0.0
GEOP_20260402.csv,2025-08-16 14:41:03,0.0
GEOP_20260402.csv,2025-08-16 14:44:03,0.0
GEOP_20260402.csv,2025-08-16 14:47:03,0.0
GEOP_20260402.csv,2025-08-16 14:50:03,0.0
GEOP_20260402.csv,2025-08-16 14:53:03,0.0
GEOP_20260402.csv,2025-08-16 14:56:03,0.0
GEOP_20260402.csv,2025-08-16 14:59:03,0.0
GEOP_20260402.csv,2025-08-16 15:02:03,0.0
GEOP_20260402.csv,2025-08-16 15:05:03,0.0
GEOP_20260402.csv,2025-08-16 15:08:03,0.0
GEOP_20260402.csv,2025-08-16 15:11:03,0.0
GEOP_20260402.csv,2025-08-16 15:14:03,0.0
GEOP_20260402.csv,2025-08-16 15:17:03,0.0
GEOP_20260402.csv,2025-08-16 15:20:03,0.0
GEOP_20260402.csv,2025-08-16 15:23:03,0.0
GEOP_20260402.csv,2025-08-16 15:26:03,0.0
GEOP_20260402.csv,2025-08-16 15:29:03,0.0
GEOP_20260402.csv,2025-08-16 15:32:03,0.0
GEOP_20260402.csv,2025-08-16 15:35:03,0.0
GEOP_20260402.csv,2025-08-16 15:38:03,0.0
GEOP_20260402.csv,2025-08-16 15:41:03,0.0
GEOP_20260402.csv,2025-08-16 15:44:03,0.0
GEOP_20260402.csv,2025-08-16 15:47:03,0.0
GEOP_20260402.csv,2025-08-16 15:50:03,0.0
GEOP_20260402.csv,2025-08-16 15:53:03,0.0
GEOP_20260402.csv,2025-08-16 15:56:03,0.0
GEOP_20260402.csv,2025-08-16 15:59:03,0.0
GEOP_20260402.csv,2025-08-16 16:02:03,0.0
GEOP_20260402.csv,2025-08-16 16:05:03,0.0
GEOP_20260402.csv,2025-08-16 16:08:03,0.0
GEOP_20260402.csv,2025-08-16 16:11:03,0.0
GEOP_20260402.csv,2025-08-16 16:14:03,0.0
GEOP_20260402.csv,2025-08-16 16:17:03,0.0
GEOP_20260402.csv,2025-08-16 16:20:03,0.0
GEOP_20260402.csv,2025-08-16 16:23:03,0.0
GEOP_20260402.csv,2025-08-16 16:26:03,0.0
GEOP_20260402.csv,2025-08-16 16:29:03,0.0
GEOP_20260402.csv,2025-08-16 16:32:03,0.0
GEOP_20260402.csv,2025-08-16 16:35:03,0.0
GEOP_20260402.csv,2025-08-16 16:38:03,0.0
GEOP_20260402.csv,2025-08-16 16:41:03,0.0
GEOP_20260402.csv,2025-08-16 16:44:03,0.0
GEOP_20260402.csv,2025-08-16 16:47:03,0.0
GEOP_20260402.csv,2025-08-16 16:50:03,0.0
GEOP_20260402.csv,2025-08-16 16:53:03,0.0
GEOP_20260402.csv,2025-08-16 16:56:03,0.0
GEOP_20260402.csv,2025-08-16 16:59:03,0.0
GEOP_20260402.csv,2025-08-16 17:02:03,0.0
GEOP_20260402.csv,2025-08-16 17:05:03,0.0
GEOP_20260402.csv,2025-08-16 17:08:03,0.0
GEOP_20260402.csv,2025-08-16 17:11:03,0.0
GEOP_20260402.csv,2025-08-16 17:14:03,0.0
GEOP_20260402.csv,2025-08-16 17:17:03,0.0
GEOP_20260402.csv,2025-08-16 17:20:03,0.0
GEOP_20260402.csv,2025-08-16 17:23:03,0.0
GEOP_20260402.csv,2025-08-16 17:26:03,0.0
GEOP_20260402.csv,2025-08-16 17:29:03,0.0
GEOP_20260402.csv,2025-08-16 17:32:03,0.0
GEOP_20260402.csv,2025-08-16 17:35:03,0.0
GEOP_20260402.csv,2025-08-16 17:38:03,0.0
GEOP_20260402.csv,2025-08-16 17:41:03,0.0
GEOP_20260402.csv,2025-08-16 17:44:03,0.0
GEOP_20260402.csv,2025-08-16 17:47:03,0.0
GEOP_20260402.csv,2025-08-16 17:50:03,0.0
GEOP_20260402.csv,2025-08-16 17:53:02,0.0
GEOP_20260402.csv,2025-08-16 17:56:03,0.0
GEOP_20260402.csv,2025-08-16 17:59:02,0.0
GEOP_20260402.csv,2025-08-16 18:02:02,0.0
GEOP_20260402.csv,2025-08-16 18:05:02,0.0
GEOP_20260402.csv,2025-08-16 18:08:02,0.0
GEOP_20260402.csv,2025-08-16 18:11:02,0.0
GEOP_20260402.csv,2025-08-16 18:14:02,0.0
GEOP_20260402.csv,2025-08-16 18:17:02,0.0
GEOP_20260402.csv,2025-08-16 18:20:02,0.0
GEOP_20260402.csv,2025-08-16 18:23:02,0.0
GEOP_20260402.csv,2025-08-16 18:26:02,0.0
GEOP_20260402.csv,2025-08-16 18:29:02,0.0
GEOP_20260402.csv,2025-08-16 18:32:02,0.0
GEOP_20260402.csv,2025-08-16 18:35:02,0.0
GEOP_20260402.csv,2025-08-16 18:38:02,0.0
GEOP_20260402.csv,2025-08-16 18:41:02,0.0
GEOP_20260402.csv,2025-08-16 18:44:02,0.0
GEOP_20260402.csv,2025-08-16 18:47:02,0.0
GEOP_20260402.csv,2025-08-16 18:50:02,0.0
GEOP_20260402.csv,2025-08-16 18:53:02,0.0
GEOP_20260402.csv,2025-08-16 18:56:02,0.0
GEOP_20260402.csv,2025-08-16 18:59:02,0.0
GEOP_20260402.csv,2025-08-16 19:02:02,0.0
GEOP_20260402.csv,2025-08-16 19:05:02,0.0
GEOP_20260402.csv,2025-08-16 19:08:02,0.0
GEOP_20260402.csv,2025-08-16 19:11:02,0.0
GEOP_20260402.csv,2025-08-16 19:14:02,0.0
GEOP_20260402.csv,2025-08-16 19:17:02,0.0
GEOP_20260402.csv,2025-08-16 19:20:02,0.0
GEOP_20260402.csv,2025-08-16 19:23:02,0.0
GEOP_20260402.csv,2025-08-16 19:26:02,0.0
GEOP_20260402.csv,2025-08-16 19:29:02,0.0
GEOP_20260402.csv,2025-08-16 19:32:02,0.0
GEOP_20260402.csv,2025-08-16 19:35:02,0.0
GEOP_20260402.csv,2025-08-16 19:38:02,0.0
GEOP_20260402.csv,2025-08-16 19:41:02,0.0
GEOP_20260402.csv,2025-08-16 19:44:02,0.0
GEOP_20260402.csv,2025-08-16 19:47:02,0.0
GEOP_20260402.csv,2025-08-16 19:50:02,0.0
GEOP_20260402.csv,2025-08-16 19:53:02,0.0
GEOP_20260402.csv,2025-08-16 19:56:02,0.0
GEOP_20260402.csv,2025-08-16 19:59:02,0.0
GEOP_20260402.csv,2025-08-16 20:02:02,0.0
GEOP_20260402.csv,2025-08-16 20:05:02,0.0
GEOP_20260402.csv,2025-08-16 20:08:02,0.0
GEOP_20260402.csv,2025-08-16 20:11:02,0.0
GEOP_20260402.csv,2025-08-16 20:14:02,0.0
GEOP_20260402.csv,2025-08-16 20:17:02,0.0
GEOP_20260402.csv,2025-08-16 20:20:02,0.0
GEOP_20260402.csv,2025-08-16 20:23:02,0.0
GEOP_20260402.csv,2025-08-16 20:26:02,0.0
GEOP_20260402.csv,2025-08-16 20:29:02,0.0
GEOP_20260402.csv,2025-08-16 20:32:02,0.0
GEOP_20260402.csv,2025-08-16 20:35:02,0.0
GEOP_20260402.csv,2025-08-16 20:38:02,0.0
GEOP_20260402.csv,2025-08-16 20:41:02,0.0
GEOP_20260402.csv,2025-08-16 20:44:02,0.0
GEOP_20260402.csv,2025-08-16 20:47:02,0.0
GEOP_20260402.csv,2025-08-16 20:50:02,0.0
GEOP_20260402.csv,2025-08-16 20:53:02,0.0
GEOP_20260402.csv,2025-08-16 20:56:02,0.0
GEOP_20260402.csv,2025-08-16 20:59:02,0.0
GEOP_20260402.csv,2025-08-16 21:02:02,0.0
GEOP_20260402.csv,2025-08-16 21:05:02,0.0
GEOP_20260402.csv,2025-08-16 21:08:02,0.0
GEOP_20260402.csv,2025-08-16 21:11:02,0.0
GEOP_20260402.csv,2025-08-16 21:14:02,0.0
GEOP_20260402.csv,2025-08-16 21:17:02,0.0
GEOP_20260402.csv,2025-08-16 21:20:02,0.0
GEOP_20260402.csv,2025-08-16 21:23:02,0.0
GEOP_20260402.csv,2025-08-16 21:26:02,0.0
GEOP_20260402.csv,2025-08-16 21:29:02,0.0
GEOP_20260402.csv,2025-08-16 21:32:02,0.0
GEOP_20260402.csv,2025-08-16 21:35:02,0.0
GEOP_20260402.csv,2025-08-16 21:38:02,0.0
GEOP_20260402.csv,2025-08-16 21:41:02,0.0
GEOP_20260402.csv,2025-08-16 21:44:02,0.0
GEOP_20260402.csv,2025-08-16 21:47:02,0.0
GEOP_20260402.csv,2025-08-16 21:50:02,0.0
GEOP_20260402.csv,2025-08-16 21:53:02,0.0
GEOP_20260402.csv,2025-08-16 21:56:02,0.0
GEOP_20260402.csv,2025-08-16 21:59:02,0.0
GEOP_20260402.csv,2025-08-16 22:02:02,0.0
GEOP_20260402.csv,2025-08-16 22:05:02,0.0
GEOP_20260402.csv,2025-08-16 22:08:02,0.0
GEOP_20260402.csv,2025-08-16 22:11:02,0.0
GEOP_20260402.csv,2025-08-16 22:14:02,0.0
GEOP_20260402.csv,2025-08-16 22:17:02,0.0
GEOP_20260402.csv,2025-08-16 22:20:02,0.0
GEOP_20260402.csv,2025-08-16 22:23:02,0.0
GEOP_20260402.csv,2025-08-16 22:26:02,0.0
GEOP_20260402.csv,2025-08-16 22:29:02,0.0
GEOP_20260402.csv,2025-08-16 22:32:02,0.0
GEOP_20260402.csv,2025-08-16 22:35:02,0.0
GEOP_20260402.csv,2025-08-16 22:38:02,0.0
GEOP_20260402.csv,2025-08-16 22:41:02,0.0
GEOP_20260402.csv,2025-08-16 22:44:02,0.0
GEOP_20260402.csv,2025-08-16 22:47:02,0.0
GEOP_20260402.csv,2025-08-16 22:50:02,0.0
GEOP_20260402.csv,2025-08-16 22:53:02,0.0
GEOP_20260402.csv,2025-08-16 22:56:02,0.0
GEOP_20260402.csv,2025-08-16 22:59:02,0.0
GEOP_20260402.csv,2025-08-16 23:02:02,0.0
GEOP_20260402.csv,2025-08-16 23:05:02,0.0
GEOP_20260402.csv,2025-08-16 23:08:02,0.0
GEOP_20260402.csv,2025-08-16 23:11:02,0.0
GEOP_20260402.csv,2025-08-16 23:14:02,0.0
GEOP_20260402.csv,2025-08-16 23:17:02,0.0
GEOP_20260402.csv,2025-08-16 23:20:02,0.0
GEOP_20260402.csv,2025-08-16 23:23:02,0.0
GEOP_20260402.csv,2025-08-16 23:26:02,0.0
GEOP_20260402.csv,2025-08-16 23:29:02,0.0
GEOP_20260402.csv,2025-08-16 23:32:02,0.0
GEOP_20260402.csv,2025-08-16 23:35:02,0.0
GEOP_20260402.csv,2025-08-16 23:38:02,0.0
GEOP_20260402.csv,2025-08-16 23:41:02,0.0
GEOP_20260402.csv,2025-08-16 23:44:02,0.0
GEOP_20260402.csv,2025-08-16 23:47:02,0.0
GEOP_20260402.csv,2025-08-16 23:50:02,0.0
GEOP_20260402.csv,2025-08-16 23:53:02,0.0
GEOP_20260402.csv,2025-08-16 23:56:02,0.0
GEOP_20260402.csv,2025-08-16 23:59:02,0.0
GEOP_20260402.csv,2025-08-17 00:02:02,0.0
GEOP_20260402.csv,2025-08-17 00:05:02,0.0
GEOP_20260402.csv,2025-08-17 00:08:02,0.0
GEOP_20260402.csv,2025-08-17 00:11:02,0.0
GEOP_20260402.csv,2025-08-17 00:14:02,0.0
GEOP_20260402.csv,2025-08-17 00:17:02,0.0
GEOP_20260402.csv,2025-08-17 00:20:02,0.0
GEOP_20260402.csv,2025-08-17 00:23:02,0.0
GEOP_20260402.csv,2025-08-17 00:26:02,0.0
GEOP_20260402.csv,2025-08-17 00:29:02,0.0
GEOP_20260402.csv,2025-08-17 00:32:02,0.0
GEOP_20260402.csv,2025-08-17 00:35:02,0.0
GEOP_20260402.csv,2025-08-17 00:38:02,0.0
GEOP_20260402.csv,2025-08-17 00:41:02,0.0
GEOP_20260402.csv,2025-08-17 00:44:02,0.0
GEOP_20260402.csv,2025-08-17 00:47:02,0.0
GEOP_20260402.csv,2025-08-17 00:50:02,0.0
GEOP_20260402.csv,2025-08-17 00:53:02,0.0
GEOP_20260402.csv,2025-08-17 00:56:02,0.0
GEOP_20260402.csv,2025-08-17 00:59:02,0.0
GEOP_20260402.csv,2025-08-17 01:02:02,0.0
GEOP_20260402.csv,2025-08-17 01:05:02,0.0
GEOP_20260402.csv,2025-08-17 01:08:02,0.0
GEOP_20260402.csv,2025-08-17 01:11:02,0.0
GEOP_20260402.csv,2025-08-17 01:14:02,0.0
GEOP_20260402.csv,2025-08-17 01:17:02,0.0
GEOP_20260402.csv,2025-08-17 01:20:02,0.0
GEOP_20260402.csv,2025-08-17 01:23:02,0.0
GEOP_20260402.csv,2025-08-17 01:26:02,0.0
GEOP_20260402.csv,2025-08-17 01:29:02,0.0
GEOP_20260402.csv,2025-08-17 01:32:02,0.0
GEOP_20260402.csv,2025-08-17 01:35:02,0.0
GEOP_20260402.csv,2025-08-17 01:38:02,0.0
GEOP_20260402.csv,2025-08-17 01:41:02,0.0
GEOP_20260402.csv,2025-08-17 01:44:02,0.0
GEOP_20260402.csv,2025-08-17 01:47:02,0.0
GEOP_20260402.csv,2025-08-17 01:50:02,0.0
GEOP_20260402.csv,2025-08-17 01:53:02,0.0
GEOP_20260402.csv,2025-08-17 01:56:02,0.0
GEOP_20260402.csv,2025-08-17 01:59:02,0.0
GEOP_20260402.csv,2025-08-17 02:02:02,0.0
GEOP_20260402.csv,2025-08-17 02:05:02,0.0
GEOP_20260402.csv,2025-08-17 02:08:02,0.0
GEOP_20260402.csv,2025-08-17 02:11:02,0.0
GEOP_20260402.csv,2025-08-17 02:14:02,0.0
GEOP_20260402.csv,2025-08-17 02:17:02,0.0
GEOP_20260402.csv,2025-08-17 02:20:02,0.0
GEOP_20260402.csv,2025-08-17 02:23:02,0.0
GEOP_20260402.csv,2025-08-17 02:26:02,0.0
GEOP_20260402.csv,2025-08-17 02:29:02,0.0
GEOP_20260402.csv,2025-08-17 02:32:02,0.0
GEOP_20260402.csv,2025-08-17 02:35:02,0.0
GEOP_20260402.csv,2025-08-17 02:38:02,0.0
GEOP_20260402.csv,2025-08-17 02:41:02,0.0
GEOP_20260402.csv,2025-08-17 02:44:02,0.0
GEOP_20260402.csv,2025-08-17 02:47:02,0.0
GEOP_20260402.csv,2025-08-17 02:50:02,0.0
GEOP_20260402.csv,2025-08-17 02:53:02,0.0
GEOP_20260402.csv,2025-08-17 02:56:02,0.0
GEOP_20260402.csv,2025-08-17 02:59:02,0.0
GEOP_20260402.csv,2025-08-17 03:02:02,0.0
GEOP_20260402.csv,2025-08-17 03:05:02,0.0
GEOP_20260402.csv,2025-08-17 03:08:02,0.0
GEOP_20260402.csv,2025-08-17 03:11:02,0.0
GEOP_20260402.csv,2025-08-17 03:14:02,0.0
GEOP_20260402.csv,2025-08-17 03:17:02,0.0
GEOP_20260402.csv,2025-08-17 03:20:02,0.0
GEOP_20260402.csv,2025-08-17 03:23:02,0.0
GEOP_20260402.csv,2025-08-17 03:26:02,0.0
GEOP_20260402.csv,2025-08-17 03:29:02,0.0
GEOP_20260402.csv,2025-08-17 03:32:02,0.0
GEOP_20260402.csv,2025-08-17 03:35:02,0.0
GEOP_20260402.csv,2025-08-17 03:38:02,0.0
GEOP_20260402.csv,2025-08-17 03:41:02,0.0
GEOP_20260402.csv,2025-08-17 03:44:02,0.0
GEOP_20260402.csv,2025-08-17 03:47:02,0.0
GEOP_20260402.csv,2025-08-17 03:50:02,0.0
GEOP_20260402.csv,2025-08-17 03:53:02,0.0
GEOP_20260402.csv,2025-08-17 03:56:02,0.0
GEOP_20260402.csv,2025-08-17 03:59:02,0.0
GEOP_20260402.csv,2025-08-17 04:02:02,0.0
GEOP_20260402.csv,2025-08-17 04:05:01,0.0
GEOP_20260402.csv,2025-08-17 04:08:01,0.0
GEOP_20260402.csv,2025-08-17 04:11:01,0.0
GEOP_20260402.csv,2025-08-17 04:14:01,0.0
GEOP_20260402.csv,2025-08-17 04:17:01,0.0
GEOP_20260402.csv,2025-08-17 04:20:01,0.0
GEOP_20260402.csv,2025-08-17 04:23:01,0.0
GEOP_20260402.csv,2025-08-17 04:26:01,0.0
GEOP_20260402.csv,2025-08-17 04:29:01,0.0
GEOP_20260402.csv,2025-08-17 04:32:01,0.0
GEOP_20260402.csv,2025-08-17 04:35:01,0.0
GEOP_20260402.csv,2025-08-17 04:38:01,0.0
GEOP_20260402.csv,2025-08-17 04:41:01,0.0
GEOP_20260402.csv,2025-08-17 04:44:01,0.0
GEOP_20260402.csv,2025-08-17 04:47:01,0.0
GEOP_20260402.csv,2025-08-17 04:50:01,0.0
GEOP_20260402.csv,2025-08-17 04:53:01,0.0
GEOP_20260402.csv,2025-08-17 04:56:01,0.0
GEOP_20260402.csv,2025-08-17 04:59:01,0.0
GEOP_20260402.csv,2025-08-17 05:02:01,0.0
GEOP_20260402.csv,2025-08-17 05:05:01,0.0
GEOP_20260402.csv,2025-08-17 05:08:01,0.0
GEOP_20260402.csv,2025-08-17 05:11:01,0.0
GEOP_20260402.csv,2025-08-17 05:14:01,0.0
GEOP_20260402.csv,2025-08-17 05:17:01,0.0
GEOP_20260402.csv,2025-08-17 05:20:01,0.0
GEOP_20260402.csv,2025-08-17 05:23:01,0.0
GEOP_20260402.csv,2025-08-17 05:26:01,0.0
GEOP_20260402.csv,2025-08-17 05:29:01,0.0
GEOP_20260402.csv,2025-08-17 05:32:01,0.0
GEOP_20260402.csv,2025-08-17 05:35:01,0.0
GEOP_20260402.csv,2025-08-17 05:38:01,0.0
GEOP_20260402.csv,2025-08-17 05:41:01,0.0
GEOP_20260402.csv,2025-08-17 05:44:01,0.0
GEOP_20260402.csv,2025-08-17 05:47:01,0.0
GEOP_20260402.csv,2025-08-17 05:50:01,0.0
GEOP_20260402.csv,2025-08-17 05:53:01,0.0
GEOP_20260402.csv,2025-08-17 05:56:01,0.0
GEOP_20260402.csv,2025-08-17 05:59:01,0.0
GEOP_20260402.csv,2025-08-17 06:02:01,0.0
GEOP_20260402.csv,2025-08-17 06:05:01,0.0
GEOP_20260402.csv,2025-08-17 06:08:01,0.0
GEOP_20260402.csv,2025-08-17 06:11:01,0.0
GEOP_20260402.csv,2025-08-17 06:14:01,0.0
GEOP_20260402.csv,2025-08-17 06:17:01,0.0
GEOP_20260402.csv,2025-08-17 06:20:01,0.0
GEOP_20260402.csv,2025-08-17 06:23:01,0.0
GEOP_20260402.csv,2025-08-17 06:26:01,0.0
GEOP_20260402.csv,2025-08-17 06:29:01,0.0
GEOP_20260402.csv,2025-08-17 06:32:01,0.0
GEOP_20260402.csv,2025-08-17 06:35:01,0.0
GEOP_20260402.csv,2025-08-17 06:38:01,0.0
GEOP_20260402.csv,2025-08-17 06:41:01,0.0
GEOP_20260402.csv,2025-08-17 06:44:01,0.0
GEOP_20260402.csv,2025-08-17 06:47:01,0.0
GEOP_20260402.csv,2025-08-17 06:50:01,0.0
GEOP_20260402.csv,2025-08-17 06:53:01,0.0
GEOP_20260402.csv,2025-08-17 06:56:01,0.0
GEOP_20260402.csv,2025-08-17 06:59:01,0.0
GEOP_20260402.csv,2025-08-17 07:05:01,0.0
GEOP_20260402.csv,2025-08-17 07:08:01,0.0
GEOP_20260402.csv,2025-08-17 07:11:01,0.0
GEOP_20260402.csv,2025-08-17 07:14:01,0.0
GEOP_20260402.csv,2025-08-17 07:17:01,0.0
GEOP_20260402.csv,2025-08-17 07:20:01,0.0
GEOP_20260402.csv,2025-08-17 07:23:01,0.0
GEOP_20260402.csv,2025-08-17 07:26:01,0.0
GEOP_20260402.csv,2025-08-17 07:29:01,0.0
GEOP_20260402.csv,2025-08-17 07:32:01,0.0
GEOP_20260402.csv,2025-08-17 07:35:01,0.0
GEOP_20260402.csv,2025-08-17 07:38:01,0.0
GEOP_20260402.csv,2025-08-17 07:41:01,0.0
GEOP_20260402.csv,2025-08-17 07:44:01,0.0
GEOP_20260402.csv,2025-08-17 07:47:01,0.0
GEOP_20260402.csv,2025-08-17 07:50:01,0.0
GEOP_20260402.csv,2025-08-17 07:53:01,0.0
GEOP_20260402.csv,2025-08-17 07:56:01,0.0
GEOP_20260402.csv,2025-08-17 07:59:01,0.0
GEOP_20260402.csv,2025-08-17 08:02:01,0.0
GEOP_20260402.csv,2025-08-17 08:05:01,0.0
GEOP_20260402.csv,2025-08-17 08:08:01,0.0
GEOP_20260402.csv,2025-08-17 08:11:01,0.0
GEOP_20260402.csv,2025-08-17 08:14:01,0.0
GEOP_20260402.csv,2025-08-17 08:17:01,0.0
GEOP_20260402.csv,2025-08-17 08:20:01,0.0
GEOP_20260402.csv,2025-08-17 08:23:01,0.0
GEOP_20260402.csv,2025-08-17 08:26:01,0.0
GEOP_20260402.csv,2025-08-17 08:29:01,0.0
GEOP_20260402.csv,2025-08-17 08:32:01,0.0
GEOP_20260402.csv,2025-08-17 08:35:01,0.0
GEOP_20260402.csv,2025-08-17 08:38:01,0.0
GEOP_20260402.csv,2025-08-17 08:41:01,0.0
GEOP_20260402.csv,2025-08-17 08:44:01,0.0
GEOP_20260402.csv,2025-08-17 08:47:01,0.0
GEOP_20260402.csv,2025-08-17 08:50:01,0.0
GEOP_20260402.csv,2025-08-17 08:53:01,0.0
GEOP_20260402.csv,2025-08-17 08:56:01,0.0
GEOP_20260402.csv,2025-08-17 08:59:01,0.0
GEOP_20260402.csv,2025-08-17 09:02:01,0.0
GEOP_20260402.csv,2025-08-17 09:05:01,0.0
GEOP_20260402.csv,2025-08-17 09:08:01,0.0
GEOP_20260402.csv,2025-08-17 09:11:01,0.0
GEOP_20260402.csv,2025-08-17 09:14:01,0.0
GEOP_20260402.csv,2025-08-17 09:17:01,0.0
GEOP_20260402.csv,2025-08-17 09:20:01,0.0
GEOP_20260402.csv,2025-08-17 09:23:01,0.0
GEOP_20260402.csv,2025-08-17 09:26:01,0.0
GEOP_20260402.csv,2025-08-17 09:29:01,0.0
GEOP_20260402.csv,2025-08-17 09:32:01,0.0
GEOP_20260402.csv,2025-08-17 09:35:01,0.0
GEOP_20260402.csv,2025-08-17 09:38:01,0.0
GEOP_20260402.csv,2025-08-17 09:41:01,0.0
GEOP_20260402.csv,2025-08-17 09:44:01,0.0
GEOP_20260402.csv,2025-08-17 09:47:01,0.0
GEOP_20260402.csv,2025-08-17 09:50:01,0.0
GEOP_20260402.csv,2025-08-17 09:53:01,0.0
GEOP_20260402.csv,2025-08-17 09:56:01,0.0
GEOP_20260402.csv,2025-08-17 09:59:01,0.0
GEOP_20260402.csv,2025-08-17 10:02:01,0.0
GEOP_20260402.csv,2025-08-17 10:05:01,0.0
GEOP_20260402.csv,2025-08-17 10:08:01,0.0
GEOP_20260402.csv,2025-08-17 10:11:01,0.0
GEOP_20260402.csv,2025-08-17 10:14:01,0.0
GEOP_20260402.csv,2025-08-17 10:17:01,0.0
GEOP_20260402.csv,2025-08-17 10:20:01,0.0
GEOP_20260402.csv,2025-08-17 10:23:01,0.0
GEOP_20260402.csv,2025-08-17 10:26:01,0.0
GEOP_20260402.csv,2025-08-17 10:29:01,0.0
GEOP_20260402.csv,2025-08-17 10:32:01,0.0
GEOP_20260402.csv,2025-08-17 10:35:01,0.0
GEOP_20260402.csv,2025-08-17 10:38:01,0.0
GEOP_20260402.csv,2025-08-17 10:41:01,0.0
GEOP_20260402.csv,2025-08-17 10:44:01,0.0
GEOP_20260402.csv,2025-08-17 10:47:01,0.0
GEOP_20260402.csv,2025-08-17 10:50:01,0.0
GEOP_20260402.csv,2025-08-17 10:53:01,0.0
GEOP_20260402.csv,2025-08-17 10:56:01,0.0
GEOP_20260402.csv,2025-08-17 10:59:01,0.0
GEOP_20260402.csv,2025-08-17 11:02:01,0.0
GEOP_20260402.csv,2025-08-17 11:05:01,0.0
GEOP_20260402.csv,2025-08-17 11:08:01,0.0
GEOP_20260402.csv,2025-08-17 11:11:01,0.0
GEOP_20260402.csv,2025-08-17 11:14:01,0.0
GEOP_20260402.csv,2025-08-17 11:17:01,0.0
GEOP_20260402.csv,2025-08-17 11:20:01,0.0
GEOP_20260402.csv,2025-08-17 11:23:01,0.0
GEOP_20260402.csv,2025-08-17 11:26:01,0.0
GEOP_20260402.csv,2025-08-17 11:29:01,0.0
GEOP_20260402.csv,2025-08-17 11:32:01,0.0
GEOP_20260402.csv,2025-08-17 11:35:01,0.0
GEOP_20260402.csv,2025-08-17 11:38:01,0.0
GEOP_20260402.csv,2025-08-17 11:41:01,0.0
GEOP_20260402.csv,2025-08-17 11:44:01,0.0
GEOP_20260402.csv,2025-08-17 11:47:01,0.0
GEOP_20260402.csv,2025-08-17 11:50:01,0.0
GEOP_20260402.csv,2025-08-17 11:53:01,0.0
GEOP_20260402.csv,2025-08-17 11:56:01,0.0
GEOP_20260402.csv,2025-08-17 11:59:01,0.0
GEOP_20260402.csv,2025-08-17 12:02:01,0.0
GEOP_20260402.csv,2025-08-17 12:05:01,0.0
GEOP_20260402.csv,2025-08-17 12:08:01,0.0
GEOP_20260402.csv,2025-08-17 12:11:01,0.0
GEOP_20260402.csv,2025-08-17 12:14:01,0.0
GEOP_20260402.csv,2025-08-17 12:17:01,0.0
GEOP_20260402.csv,2025-08-17 12:20:01,0.0
GEOP_20260402.csv,2025-08-17 12:23:01,0.0
GEOP_20260402.csv,2025-08-17 12:26:01,0.0
GEOP_20260402.csv,2025-08-17 12:29:01,0.0
GEOP_20260402.csv,2025-08-17 12:32:01,0.0
GEOP_20260402.csv,2025-08-17 12:35:01,0.0
GEOP_20260402.csv,2025-08-17 12:38:01,0.0
GEOP_20260402.csv,2025-08-17 12:41:01,0.0
GEOP_20260402.csv,2025-08-17 12:44:01,0.0
GEOP_20260402.csv,2025-08-17 12:47:01,0.0
GEOP_20260402.csv,2025-08-17 12:50:01,0.0
GEOP_20260402.csv,2025-08-17 12:53:01,0.0
GEOP_20260402.csv,2025-08-17 12:56:01,0.0
GEOP_20260402.csv,2025-08-17 12:59:01,0.0
GEOP_20260402.csv,2025-08-17 13:02:01,0.0
GEOP_20260402.csv,2025-08-17 13:05:01,0.0
GEOP_20260402.csv,2025-08-17 13:08:01,0.0
GEOP_20260402.csv,2025-08-17 13:11:01,0.0
GEOP_20260402.csv,2025-08-17 13:14:01,0.0
GEOP_20260402.csv,2025-08-17 13:17:01,0.0
GEOP_20260402.csv,2025-08-17 13:20:01,0.0
GEOP_20260402.csv,2025-08-17 13:23:01,0.0
GEOP_20260402.csv,2025-08-17 13:26:01,0.0
GEOP_20260402.csv,2025-08-17 13:29:01,0.0
GEOP_20260402.csv,2025-08-17 13:32:01,0.0
GEOP_20260402.csv,2025-08-17 13:35:01,0.0
GEOP_20260402.csv,2025-08-17 13:38:01,0.0
GEOP_20260402.csv,2025-08-17 13:41:01,0.0
GEOP_20260402.csv,2025-08-17 13:44:01,0.0
GEOP_20260402.csv,2025-08-17 13:47:01,0.0
GEOP_20260402.csv,2025-08-17 13:50:01,0.0
GEOP_20260402.csv,2025-08-17 13:56:01,0.0
GEOP_20260402.csv,2025-08-17 13:59:01,0.0
GEOP_20260402.csv,2025-08-17 14:02:01,0.0
GEOP_20260402.csv,2025-08-17 14:05:00,0.0
GEOP_20260402.csv,2025-08-17 14:08:00,0.0
GEOP_20260402.csv,2025-08-17 14:11:00,0.0
GEOP_20260402.csv,2025-08-17 14:14:00,0.0
GEOP_20260402.csv,2025-08-17 14:17:01,0.0
GEOP_20260402.csv,2025-08-17 14:20:00,0.0
GEOP_20260402.csv,2025-08-17 14:23:00,0.0
GEOP_20260402.csv,2025-08-17 14:26:00,0.0
GEOP_20260402.csv,2025-08-17 14:29:00,0.0
GEOP_20260402.csv,2025-08-17 14:32:00,0.0
GEOP_20260402.csv,2025-08-17 14:35:00,0.0
GEOP_20260402.csv,2025-08-17 14:38:00,0.0
GEOP_20260402.csv,2025-08-17 14:41:00,0.0
GEOP_20260402.csv,2025-08-17 14:44:00,0.0
GEOP_20260402.csv,2025-08-17 14:47:00,0.0
GEOP_20260402.csv,2025-08-17 14:50:00,0.0
GEOP_20260402.csv,2025-08-17 14:53:00,0.0
GEOP_20260402.csv,2025-08-17 14:56:00,0.0
GEOP_20260402.csv,2025-08-17 14:59:00,0.0
GEOP_20260402.csv,2025-08-17 15:02:00,0.0
GEOP_20260402.csv,2025-08-17 15:05:00,0.0
GEOP_20260402.csv,2025-08-17 15:08:00,0.0
GEOP_20260402.csv,2025-08-17 15:11:00,0.0
GEOP_20260402.csv,2025-08-17 15:14:00,0.0
GEOP_20260402.csv,2025-08-17 15:17:00,0.0
GEOP_20260402.csv,2025-08-17 15:20:00,0.0
GEOP_20260402.csv,2025-08-17 15:23:00,0.0
GEOP_20260402.csv,2025-08-17 15:26:00,0.0
GEOP_20260402.csv,2025-08-17 15:29:00,0.0
GEOP_20260402.csv,2025-08-17 15:32:00,0.0
GEOP_20260402.csv,2025-08-17 15:35:00,0.0
GEOP_20260402.csv,2025-08-17 15:38:00,0.0
GEOP_20260402.csv,2025-08-17 15:41:00,0.0
GEOP_20260402.csv,2025-08-17 15:44:00,0.0
GEOP_20260402.csv,2025-08-17 15:47:00,0.0
GEOP_20260402.csv,2025-08-17 15:50:00,0.0
GEOP_20260402.csv,2025-08-17 15:53:00,0.0
GEOP_20260402.csv,2025-08-17 15:56:00,0.0
GEOP_20260402.csv,2025-08-17 15:59:00,0.0
GEOP_20260402.csv,2025-08-17 16:02:00,0.0
GEOP_20260402.csv,2025-08-17 16:05:00,0.0
GEOP_20260402.csv,2025-08-17 16:08:00,0.0
GEOP_20260402.csv,2025-08-17 16:11:00,0.0
GEOP_20260402.csv,2025-08-17 16:14:00,0.0
GEOP_20260402.csv,2025-08-17 16:17:00,0.0
GEOP_20260402.csv,2025-08-17 16:20:00,0.0
GEOP_20260402.csv,2025-08-17 16:23:00,0.0
GEOP_20260402.csv,2025-08-17 16:26:00,0.0
GEOP_20260402.csv,2025-08-17 16:29:00,0.0
GEOP_20260402.csv,2025-08-17 16:32:00,0.0
GEOP_20260402.csv,2025-08-17 16:35:00,0.0
GEOP_20260402.csv,2025-08-17 16:38:00,0.0
GEOP_20260402.csv,2025-08-17 16:41:00,0.0
GEOP_20260402.csv,2025-08-17 16:44:00,0.0
GEOP_20260402.csv,2025-08-17 16:47:00,0.0
GEOP_20260402.csv,2025-08-17 16:50:00,0.0
GEOP_20260402.csv,2025-08-17 16:53:00,0.0
GEOP_20260402.csv,2025-08-17 16:56:00,0.0
GEOP_20260402.csv,2025-08-17 16:59:00,0.0
GEOP_20260402.csv,2025-08-17 17:02:00,0.0
GEOP_20260402.csv,2025-08-17 17:05:00,0.0
GEOP_20260402.csv,2025-08-17 17:08:00,0.0
GEOP_20260402.csv,2025-08-17 17:11:00,0.0
GEOP_20260402.csv,2025-08-17 17:14:00,0.0
GEOP_20260402.csv,2025-08-17 17:17:00,0.0
GEOP_20260402.csv,2025-08-17 17:20:00,0.0
GEOP_20260402.csv,2025-08-17 17:23:00,0.0
GEOP_20260402.csv,2025-08-17 17:26:00,0.0
GEOP_20260402.csv,2025-08-17 17:29:00,0.0
GEOP_20260402.csv,2025-08-17 17:32:00,0.0
GEOP_20260402.csv,2025-08-17 17:35:00,0.0
GEOP_20260402.csv,2025-08-17 17:38:00,0.0
GEOP_20260402.csv,2025-08-17 17:41:00,0.0
GEOP_20260402.csv,2025-08-17 17:44:00,0.0
GEOP_20260402.csv,2025-08-17 17:47:00,0.0
GEOP_20260402.csv,2025-08-17 17:50:00,0.0
GEOP_20260402.csv,2025-08-17 17:53:00,0.0
GEOP_20260402.csv,2025-08-17 17:56:00,0.0
GEOP_20260402.csv,2025-08-17 17:59:00,0.0
GEOP_20260402.csv,2025-08-17 18:02:00,0.0
GEOP_20260402.csv,2025-08-17 18:05:00,0.0
GEOP_20260402.csv,2025-08-17 18:08:00,0.0
GEOP_20260402.csv,2025-08-17 18:11:00,0.0
GEOP_20260402.csv,2025-08-17 18:14:00,0.0
GEOP_20260402.csv,2025-08-17 18:17:00,0.0
GEOP_20260402.csv,2025-08-17 18:20:00,0.0
GEOP_20260402.csv,2025-08-17 18:23:00,0.0
GEOP_20260402.csv,2025-08-17 18:26:00,0.0
GEOP_20260402.csv,2025-08-17 18:29:00,0.0
GEOP_20260402.csv,2025-08-17 18:32:00,0.0
GEOP_20260402.csv,2025-08-17 18:35:00,0.0
GEOP_20260402.csv,2025-08-17 18:38:00,0.0
GEOP_20260402.csv,2025-08-17 18:41:00,0.0
GEOP_20260402.csv,2025-08-17 18:44:00,0.0
GEOP_20260402.csv,2025-08-17 18:47:00,0.0
GEOP_20260402.csv,2025-08-17 18:50:00,0.0
GEOP_20260402.csv,2025-08-17 18:53:00,0.0
GEOP_20260402.csv,2025-08-17 18:56:00,0.0
GEOP_20260402.csv,2025-08-17 18:59:00,0.0
GEOP_20260402.csv,2025-08-17 19:02:00,0.0
GEOP_20260402.csv,2025-08-17 19:08:00,0.0
GEOP_20260402.csv,2025-08-17 19:11:00,0.0
GEOP_20260402.csv,2025-08-17 19:14:00,0.0
GEOP_20260402.csv,2025-08-17 19:17:00,0.0
GEOP_20260402.csv,2025-08-17 19:20:00,0.0
GEOP_20260402.csv,2025-08-17 19:23:00,0.0
GEOP_20260402.csv,2025-08-17 19:26:00,0.0
GEOP_20260402.csv,2025-08-17 19:29:00,0.0
GEOP_20260402.csv,2025-08-17 19:32:00,0.0
GEOP_20260402.csv,2025-08-17 19:35:00,0.0
GEOP_20260402.csv,2025-08-17 19:38:00,0.0
GEOP_20260402.csv,2025-08-17 19:41:00,0.0
GEOP_20260402.csv,2025-08-17 19:44:00,0.0
GEOP_20260402.csv,2025-08-17 19:47:00,0.0
GEOP_20260402.csv,2025-08-17 19:50:00,0.0
GEOP_20260402.csv,2025-08-17 19:53:00,0.0
GEOP_20260402.csv,2025-08-17 19:56:00,0.0
GEOP_20260402.csv,2025-08-17 19:59:00,0.0
GEOP_20260402.csv,2025-08-17 20:02:00,0.0
GEOP_20260402.csv,2025-08-17 20:05:00,0.0
GEOP_20260402.csv,2025-08-17 20:08:00,0.0
GEOP_20260402.csv,2025-08-17 20:11:00,0.0
GEOP_20260402.csv,2025-08-17 20:14:00,0.0
GEOP_20260402.csv,2025-08-17 20:17:00,0.0
GEOP_20260402.csv,2025-08-17 20:20:00,0.0
GEOP_20260402.csv,2025-08-17 20:23:00,0.0
GEOP_20260402.csv,2025-08-17 20:26:00,0.0
GEOP_20260402.csv,2025-08-17 20:29:00,0.0
GEOP_20260402.csv,2025-08-17 20:32:00,0.0
GEOP_20260402.csv,2025-08-17 20:35:00,0.0
GEOP_20260402.csv,2025-08-17 20:38:00,0.0
GEOP_20260402.csv,2025-08-17 20:41:00,0.0
GEOP_20260402.csv,2025-08-17 20:44:00,0.0
GEOP_20260402.csv,2025-08-17 20:47:00,0.0
GEOP_20260402.csv,2025-08-17 20:50:00,0.0
GEOP_20260402.csv,2025-08-17 20:53:00,0.0
GEOP_20260402.csv,2025-08-17 20:56:00,0.0
GEOP_20260402.csv,2025-08-17 20:59:00,0.0
GEOP_20260402.csv,2025-08-17 21:02:00,0.0
GEOP_20260402.csv,2025-08-17 21:05:00,0.0
GEOP_20260402.csv,2025-08-17 21:08:00,0.0
GEOP_20260402.csv,2025-08-17 21:11:00,0.0
GEOP_20260402.csv,2025-08-17 21:14:00,0.0
GEOP_20260402.csv,2025-08-17 21:17:00,0.0
GEOP_20260402.csv,2025-08-17 21:20:00,0.0
GEOP_20260402.csv,2025-08-17 21:23:00,0.0
GEOP_20260402.csv,2025-08-17 21:26:00,0.0
GEOP_20260402.csv,2025-08-17 21:29:00,0.0
GEOP_20260402.csv,2025-08-17 21:32:00,0.0
GEOP_20260402.csv,2025-08-17 21:35:00,0.0
GEOP_20260402.csv,2025-08-17 21:38:00,0.0
GEOP_20260402.csv,2025-08-17 21:41:00,0.0
GEOP_20260402.csv,2025-08-17 21:44:00,0.0
GEOP_20260402.csv,2025-08-17 21:47:00,0.0
GEOP_20260402.csv,2025-08-17 21:50:00,0.0
GEOP_20260402.csv,2025-08-17 21:53:00,0.0
GEOP_20260402.csv,2025-08-17 21:56:00,0.0
GEOP_20260402.csv,2025-08-17 21:59:00,0.0
GEOP_20260402.csv,2025-08-17 22:02:00,0.0
GEOP_20260402.csv,2025-08-17 22:05:00,0.0
GEOP_20260402.csv,2025-08-17 22:08:00,0.0
GEOP_20260402.csv,2025-08-17 22:11:00,0.0
GEOP_20260402.csv,2025-08-17 22:14:00,0.0
GEOP_20260402.csv,2025-08-17 22:17:00,0.0
GEOP_20260402.csv,2025-08-17 22:20:00,0.0
GEOP_20260402.csv,2025-08-17 22:23:00,0.0
GEOP_20260402.csv,2025-08-17 22:26:00,0.0
GEOP_20260402.csv,2025-08-17 22:29:00,0.0
GEOP_20260402.csv,2025-08-17 22:32:00,0.0
GEOP_20260402.csv,2025-08-17 22:35:00,0.0
GEOP_20260402.csv,2025-08-17 22:38:00,0.0
GEOP_20260402.csv,2025-08-17 22:41:00,0.0
GEOP_20260402.csv,2025-08-17 22:44:00,0.0
GEOP_20260402.csv,2025-08-17 22:47:00,0.0
GEOP_20260402.csv,2025-08-17 22:50:00,0.0
GEOP_20260402.csv,2025-08-17 22:53:00,0.0
GEOP_20260402.csv,2025-08-17 22:56:00,0.0
GEOP_20260402.csv,2025-08-17 22:59:00,0.0
GEOP_20260402.csv,2025-08-17 23:02:00,0.0
GEOP_20260402.csv,2025-08-17 23:05:00,0.0
GEOP_20260402.csv,2025-08-17 23:08:00,0.0
GEOP_20260402.csv,2025-08-17 23:11:00,0.0
GEOP_20260402.csv,2025-08-17 23:14:00,0.0
GEOP_20260402.csv,2025-08-17 23:17:00,0.0
GEOP_20260402.csv,2025-08-17 23:20:00,0.0
GEOP_20260402.csv,2025-08-17 23:23:00,0.0
GEOP_20260402.csv,2025-08-17 23:26:00,0.0
GEOP_20260402.csv,2025-08-17 23:28:59,0.0
GEOP_20260402.csv,2025-08-17 23:31:59,0.0
GEOP_20260402.csv,2025-08-17 23:34:59,0.0
GEOP_20260402.csv,2025-08-17 23:37:59,0.0
GEOP_20260402.csv,2025-08-17 23:40:59,0.0
GEOP_20260402.csv,2025-08-17 23:43:59,0.0
GEOP_20260402.csv,2025-08-17 23:46:59,0.0
GEOP_20260402.csv,2025-08-17 23:49:59,0.0
GEOP_20260402.csv,2025-08-17 23:52:59,0.0
GEOP_20260402.csv,2025-08-17 23:55:59,0.0
GEOP_20260402.csv,2025-08-17 23:58:59,0.0
GEOP_20260402.csv,2025-08-18 00:01:59,0.0
GEOP_20260402.csv,2025-08-18 00:04:59,0.0
GEOP_20260402.csv,2025-08-18 00:07:59,0.0
GEOP_20260402.csv,2025-08-18 00:10:59,0.0
GEOP_20260402.csv,2025-08-18 00:13:59,0.0
GEOP_20260402.csv,2025-08-18 00:16:59,0.0
GEOP_20260402.csv,2025-08-18 00:19:59,0.0
GEOP_20260402.csv,2025-08-18 00:22:59,0.0
GEOP_20260402.csv,2025-08-18 00:25:59,0.0
GEOP_20260402.csv,2025-08-18 00:28:59,0.0
GEOP_20260402.csv,2025-08-18 00:31:59,0.0
GEOP_20260402.csv,2025-08-18 00:34:59,0.0
GEOP_20260402.csv,2025-08-18 00:37:59,0.0
GEOP_20260402.csv,2025-08-18 00:40:59,0.0
GEOP_20260402.csv,2025-08-18 00:43:59,0.0
GEOP_20260402.csv,2025-08-18 00:46:59,0.0
GEOP_20260402.csv,2025-08-18 00:49:59,0.0
GEOP_20260402.csv,2025-08-18 00:52:59,0.0
GEOP_20260402.csv,2025-08-18 00:55:59,0.0
GEOP_20260402.csv,2025-08-18 00:58:59,0.0
GEOP_20260402.csv,2025-08-18 01:01:59,0.0
GEOP_20260402.csv,2025-08-18 01:04:59,0.0
GEOP_20260402.csv,2025-08-18 01:07:59,0.0
GEOP_20260402.csv,2025-08-18 01:10:59,0.0
GEOP_20260402.csv,2025-08-18 01:13:59,0.0
GEOP_20260402.csv,2025-08-18 01:16:59,0.0
GEOP_20260402.csv,2025-08-18 01:19:59,0.0
GEOP_20260402.csv,2025-08-18 01:22:59,0.0
GEOP_20260402.csv,2025-08-18 01:25:59,0.0
GEOP_20260402.csv,2025-08-18 01:28:59,0.0
GEOP_20260402.csv,2025-08-18 01:31:59,0.0
GEOP_20260402.csv,2025-08-18 01:34:59,0.0
GEOP_20260402.csv,2025-08-18 01:37:59,0.0
GEOP_20260402.csv,2025-08-18 01:40:59,0.0
GEOP_20260402.csv,2025-08-18 01:43:59,0.0
GEOP_20260402.csv,2025-08-18 01:46:59,0.0
GEOP_20260402.csv,2025-08-18 01:49:59,0.0
GEOP_20260402.csv,2025-08-18 01:52:59,0.0
GEOP_20260402.csv,2025-08-18 01:55:59,0.0
GEOP_20260402.csv,2025-08-18 01:58:59,0.0
GEOP_20260402.csv,2025-08-18 02:01:59,0.0
GEOP_20260402.csv,2025-08-18 02:04:59,0.0
GEOP_20260402.csv,2025-08-18 02:07:59,0.0
GEOP_20260402.csv,2025-08-18 02:10:59,0.0
GEOP_20260402.csv,2025-08-18 02:13:59,0.0
GEOP_20260402.csv,2025-08-18 02:16:59,0.0
GEOP_20260402.csv,2025-08-18 02:19:59,0.0
GEOP_20260402.csv,2025-08-18 02:22:59,0.0
GEOP_20260402.csv,2025-08-18 02:25:59,0.0
GEOP_20260402.csv,2025-08-18 02:28:59,0.0
GEOP_20260402.csv,2025-08-18 02:31:59,0.0
GEOP_20260402.csv,2025-08-18 02:34:59,0.0
GEOP_20260402.csv,2025-08-18 02:37:59,0.0
GEOP_20260402.csv,2025-08-18 02:40:59,0.0
GEOP_20260402.csv,2025-08-18 02:43:59,0.0
GEOP_20260402.csv,2025-08-18 02:46:59,0.0
GEOP_20260402.csv,2025-08-18 02:49:59,0.0
GEOP_20260402.csv,2025-08-18 02:52:59,0.0
GEOP_20260402.csv,2025-08-18 02:55:59,0.0
GEOP_20260402.csv,2025-08-18 02:58:59,0.0
GEOP_20260402.csv,2025-08-18 03:01:59,0.0
GEOP_20260402.csv,2025-08-18 03:04:59,0.0
GEOP_20260402.csv,2025-08-18 03:07:59,0.0
GEOP_20260402.csv,2025-08-18 03:10:59,0.0
GEOP_20260402.csv,2025-08-18 03:13:59,0.0
GEOP_20260402.csv,2025-08-18 03:16:59,0.0
GEOP_20260402.csv,2025-08-18 03:19:59,0.0
GEOP_20260402.csv,2025-08-18 03:22:59,0.0
GEOP_20260402.csv,2025-08-18 03:25:59,0.0
GEOP_20260402.csv,2025-08-18 03:28:59,0.0
GEOP_20260402.csv,2025-08-18 03:31:59,0.0
GEOP_20260402.csv,2025-08-18 03:34:59,0.0
GEOP_20260402.csv,2025-08-18 03:37:59,0.0
GEOP_20260402.csv,2025-08-18 03:40:59,0.0
GEOP_20260402.csv,2025-08-18 03:43:59,0.0
GEOP_20260402.csv,2025-08-18 03:46:59,0.0
GEOP_20260402.csv,2025-08-18 03:49:59,0.0
GEOP_20260402.csv,2025-08-18 03:52:59,0.0
GEOP_20260402.csv,2025-08-18 03:55:59,0.0
GEOP_20260402.csv,2025-08-18 03:58:59,0.0
GEOP_20260402.csv,2025-08-18 04:01:59,0.0
GEOP_20260402.csv,2025-08-18 04:04:59,0.0
GEOP_20260402.csv,2025-08-18 04:07:59,0.0
GEOP_20260402.csv,2025-08-18 04:10:59,0.0
GEOP_20260402.csv,2025-08-18 04:13:59,0.0
GEOP_20260402.csv,2025-08-18 04:16:59,0.0
GEOP_20260402.csv,2025-08-18 04:19:59,0.0
GEOP_20260402.csv,2025-08-18 04:22:59,0.0
GEOP_20260402.csv,2025-08-18 04:25:59,0.0
GEOP_20260402.csv,2025-08-18 04:28:59,0.0
GEOP_20260402.csv,2025-08-18 04:31:59,0.0
GEOP_20260402.csv,2025-08-18 04:34:59,0.0
GEOP_20260402.csv,2025-08-18 04:37:59,0.0
GEOP_20260402.csv,2025-08-18 04:40:59,0.0
GEOP_20260402.csv,2025-08-18 04:43:59,0.0
GEOP_20260402.csv,2025-08-18 04:46:59,0.0
GEOP_20260402.csv,2025-08-18 04:49:59,0.0
GEOP_20260402.csv,2025-08-18 04:52:59,0.0
GEOP_20260402.csv,2025-08-18 04:55:59,0.0
GEOP_20260402.csv,2025-08-18 04:58:59,0.0
GEOP_20260402.csv,2025-08-18 05:01:59,0.0
GEOP_20260402.csv,2025-08-18 05:04:59,0.0
GEOP_20260402.csv,2025-08-18 05:07:59,0.0
GEOP_20260402.csv,2025-08-18 05:10:59,0.0
GEOP_20260402.csv,2025-08-18 05:13:59,0.0
GEOP_20260402.csv,2025-08-18 05:16:59,0.0
GEOP_20260402.csv,2025-08-18 05:19:59,0.0
GEOP_20260402.csv,2025-08-18 05:22:59,0.0
GEOP_20260402.csv,2025-08-18 05:25:59,0.0
GEOP_20260402.csv,2025-08-18 05:28:59,0.0
GEOP_20260402.csv,2025-08-18 05:31:59,0.0
GEOP_20260402.csv,2025-08-18 05:34:59,0.0
GEOP_20260402.csv,2025-08-18 05:37:59,0.0
GEOP_20260402.csv,2025-08-18 05:40:59,0.0
GEOP_20260402.csv,2025-08-18 05:43:59,0.0
GEOP_20260402.csv,2025-08-18 05:46:59,0.0
GEOP_20260402.csv,2025-08-18 05:49:59,0.0
GEOP_20260402.csv,2025-08-18 05:52:59,0.0
GEOP_20260402.csv,2025-08-18 05:55:59,0.0
GEOP_20260402.csv,2025-08-18 05:58:59,0.0
GEOP_20260402.csv,2025-08-18 06:01:59,0.0
GEOP_20260402.csv,2025-08-18 06:04:59,0.0
GEOP_20260402.csv,2025-08-18 06:07:59,0.0
GEOP_20260402.csv,2025-08-18 06:10:59,0.0
GEOP_20260402.csv,2025-08-18 06:13:59,0.0
GEOP_20260402.csv,2025-08-18 06:16:59,0.0
GEOP_20260402.csv,2025-08-18 06:19:59,0.0
GEOP_20260402.csv,2025-08-18 06:22:59,0.0
GEOP_20260402.csv,2025-08-18 06:25:59,0.0
GEOP_20260402.csv,2025-08-18 06:28:59,0.0
GEOP_20260402.csv,2025-08-18 06:31:59,0.0
GEOP_20260402.csv,2025-08-18 06:34:59,0.0
GEOP_20260402.csv,2025-08-18 06:37:59,0.0
GEOP_20260402.csv,2025-08-18 06:40:59,0.0
GEOP_20260402.csv,2025-08-18 06:43:59,0.0
GEOP_20260402.csv,2025-08-18 06:49:59,0.0
GEOP_20260402.csv,2025-08-18 06:52:59,0.0
GEOP_20260402.csv,2025-08-18 06:55:59,0.0
GEOP_20260402.csv,2025-08-18 06:58:59,0.0
GEOP_20260402.csv,2025-08-18 07:01:59,0.0
GEOP_20260402.csv,2025-08-18 07:04:59,0.0
GEOP_20260402.csv,2025-08-18 07:07:59,0.0
GEOP_20260402.csv,2025-08-18 07:10:59,0.0
GEOP_20260402.csv,2025-08-18 07:13:59,0.0
GEOP_20260402.csv,2025-08-18 07:16:59,0.0
GEOP_20260402.csv,2025-08-18 07:19:59,0.0
GEOP_20260402.csv,2025-08-18 07:22:59,0.0
GEOP_20260402.csv,2025-08-18 07:25:59,0.0
GEOP_20260402.csv,2025-08-18 07:28:59,0.0
GEOP_20260402.csv,2025-08-18 07:31:59,0.0
GEOP_20260402.csv,2025-08-18 07:34:59,0.0
GEOP_20260402.csv,2025-08-18 07:37:59,0.0
GEOP_20260402.csv,2025-08-18 07:40:59,0.0
GEOP_20260402.csv,2025-08-18 07:43:59,0.0
GEOP_20260402.csv,2025-08-18 07:46:59,0.0
GEOP_20260402.csv,2025-08-18 07:49:59,0.0
GEOP_20260402.csv,2025-08-18 07:52:59,0.0
GEOP_20260402.csv,2025-08-18 07:55:58,0.0
GEOP_20260402.csv,2025-08-18 07:58:58,0.0
GEOP_20260402.csv,2025-08-18 08:01:58,0.0
GEOP_20260402.csv,2025-08-18 08:04:58,0.0
GEOP_20260402.csv,2025-08-18 08:07:58,0.0
GEOP_20260402.csv,2025-08-18 08:10:58,0.0
GEOP_20260402.csv,2025-08-18 08:13:58,0.0
GEOP_20260402.csv,2025-08-18 08:16:58,0.0
GEOP_20260402.csv,2025-08-18 08:19:58,0.0
GEOP_20260402.csv,2025-08-18 08:22:58,0.0
GEOP_20260402.csv,2025-08-18 08:25:58,0.0
GEOP_20260402.csv,2025-08-18 08:28:58,0.0
GEOP_20260402.csv,2025-08-18 08:31:58,0.0
GEOP_20260402.csv,2025-08-18 08:34:58,0.0
GEOP_20260402.csv,2025-08-18 08:37:58,0.0
GEOP_20260402.csv,2025-08-18 08:40:58,0.0
GEOP_20260402.csv,2025-08-18 08:43:58,0.0
GEOP_20260402.csv,2025-08-18 08:46:58,0.0
GEOP_20260402.csv,2025-08-18 08:49:58,0.0
GEOP_20260402.csv,2025-08-18 08:52:58,0.0
GEOP_20260402.csv,2025-08-18 08:55:58,0.0
GEOP_20260402.csv,2025-08-18 08:58:58,0.0
GEOP_20260402.csv,2025-08-18 09:01:58,0.0
GEOP_20260402.csv,2025-08-18 09:04:58,0.0
GEOP_20260402.csv,2025-08-18 09:07:58,0.0
GEOP_20260402.csv,2025-08-18 09:10:58,0.0
GEOP_20260402.csv,2025-08-18 09:13:58,0.0
GEOP_20260402.csv,2025-08-18 09:16:58,0.0
GEOP_20260402.csv,2025-08-18 09:19:58,0.0
GEOP_20260402.csv,2025-08-18 09:22:58,0.0
GEOP_20260402.csv,2025-08-18 09:25:58,0.0
GEOP_20260402.csv,2025-08-18 09:28:58,0.0
GEOP_20260402.csv,2025-08-18 09:31:58,0.0
GEOP_20260402.csv,2025-08-18 09:34:58,0.0
GEOP_20260402.csv,2025-08-18 09:37:58,0.0
GEOP_20260402.csv,2025-08-18 09:40:58,0.0
GEOP_20260402.csv,2025-08-18 09:43:58,0.0
GEOP_20260402.csv,2025-08-18 09:46:58,0.0
GEOP_20260402.csv,2025-08-18 09:49:58,0.0
GEOP_20260402.csv,2025-08-18 09:52:58,0.0
GEOP_20260402.csv,2025-08-18 09:55:58,0.0
GEOP_20260402.csv,2025-08-18 09:58:58,0.0
GEOP_20260402.csv,2025-08-18 10:01:58,0.0
GEOP_20260402.csv,2025-08-18 10:04:58,0.0
GEOP_20260402.csv,2025-08-18 10:07:58,0.0
GEOP_20260402.csv,2025-08-18 10:10:58,0.0
GEOP_20260402.csv,2025-08-18 10:13:58,0.0
GEOP_20260402.csv,2025-08-18 10:16:58,0.0
GEOP_20260402.csv,2025-08-18 10:19:58,0.0
GEOP_20260402.csv,2025-08-18 10:22:58,0.0
GEOP_20260402.csv,2025-08-18 10:25:58,0.0
GEOP_20260402.csv,2025-08-18 10:28:58,0.0
GEOP_20260402.csv,2025-08-18 10:31:58,0.0
GEOP_20260402.csv,2025-08-18 10:34:58,0.0
GEOP_20260402.csv,2025-08-18 10:37:58,0.0
GEOP_20260402.csv,2025-08-18 10:40:58,0.0
GEOP_20260402.csv,2025-08-18 10:43:58,0.0
GEOP_20260402.csv,2025-08-18 10:46:58,0.0
GEOP_20260402.csv,2025-08-18 10:49:58,0.0
GEOP_20260402.csv,2025-08-18 10:52:58,0.0
GEOP_20260402.csv,2025-08-18 10:55:58,0.0
GEOP_20260402.csv,2025-08-18 10:58:58,0.0
GEOP_20260402.csv,2025-08-18 11:01:58,0.0
GEOP_20260402.csv,2025-08-18 11:04:58,0.0
GEOP_20260402.csv,2025-08-18 11:07:58,0.0
GEOP_20260402.csv,2025-08-18 11:10:58,0.0
GEOP_20260402.csv,2025-08-18 11:13:58,0.0
GEOP_20260402.csv,2025-08-18 11:16:58,0.0
GEOP_20260402.csv,2025-08-18 11:19:58,0.0
GEOP_20260402.csv,2025-08-18 11:22:58,0.0
GEOP_20260402.csv,2025-08-18 11:25:58,0.0
GEOP_20260402.csv,2025-08-18 11:28:58,0.0
GEOP_20260402.csv,2025-08-18 11:31:58,0.0
GEOP_20260402.csv,2025-08-18 11:34:58,0.0
GEOP_20260402.csv,2025-08-18 11:37:58,0.0
GEOP_20260402.csv,2025-08-18 11:40:58,0.0
GEOP_20260402.csv,2025-08-18 11:43:58,0.0
GEOP_20260402.csv,2025-08-18 11:46:58,0.0
GEOP_20260402.csv,2025-08-18 11:49:58,0.0
GEOP_20260402.csv,2025-08-18 11:52:58,0.0
GEOP_20260402.csv,2025-08-18 11:55:58,0.0
GEOP_20260402.csv,2025-08-18 11:58:58,0.0
GEOP_20260402.csv,2025-08-18 12:01:58,0.0
GEOP_20260402.csv,2025-08-18 12:04:58,0.0
GEOP_20260402.csv,2025-08-18 12:07:58,0.0
GEOP_20260402.csv,2025-08-18 12:10:58,0.0
GEOP_20260402.csv,2025-08-18 12:13:58,0.0
GEOP_20260402.csv,2025-08-18 12:16:58,0.0
GEOP_20260402.csv,2025-08-18 12:19:58,0.0
GEOP_20260402.csv,2025-08-18 12:22:58,0.0
GEOP_20260402.csv,2025-08-18 12:25:58,0.0
GEOP_20260402.csv,2025-08-18 12:28:58,0.0
GEOP_20260402.csv,2025-08-18 12:31:58,0.0
GEOP_20260402.csv,2025-08-18 12:34:58,0.0
GEOP_20260402.csv,2025-08-18 12:37:58,0.0
GEOP_20260402.csv,2025-08-18 12:40:58,0.0
GEOP_20260402.csv,2025-08-18 12:43:58,0.0
GEOP_20260402.csv,2025-08-18 12:46:58,0.0
GEOP_20260402.csv,2025-08-18 12:49:58,0.0
GEOP_20260402.csv,2025-08-18 12:52:58,0.0
GEOP_20260402.csv,2025-08-18 12:55:58,0.0
GEOP_20260402.csv,2025-08-18 12:58:58,0.0
GEOP_20260402.csv,2025-08-18 13:01:58,0.0
GEOP_20260402.csv,2025-08-18 13:04:58,0.0
GEOP_20260402.csv,2025-08-18 13:07:58,0.0
GEOP_20260402.csv,2025-08-18 13:10:58,0.0
GEOP_20260402.csv,2025-08-18 13:13:58,0.0
GEOP_20260402.csv,2025-08-18 13:16:58,0.0
GEOP_20260402.csv,2025-08-18 13:19:58,0.0
GEOP_20260402.csv,2025-08-18 13:22:58,0.0
GEOP_20260402.csv,2025-08-18 13:25:58,0.0
GEOP_20260402.csv,2025-08-18 13:28:58,0.0
GEOP_20260402.csv,2025-08-18 13:31:58,0.0
GEOP_20260402.csv,2025-08-18 13:34:58,0.0
GEOP_20260402.csv,2025-08-18 13:37:58,0.0
GEOP_20260402.csv,2025-08-18 13:40:58,0.0
GEOP_20260402.csv,2025-08-18 13:43:58,0.0
GEOP_20260402.csv,2025-08-18 13:46:58,0.0
GEOP_20260402.csv,2025-08-18 13:49:58,0.0
GEOP_20260402.csv,2025-08-18 13:52:58,0.0
GEOP_20260402.csv,2025-08-18 13:55:58,0.0
GEOP_20260402.csv,2025-08-18 13:58:58,0.0
GEOP_20260402.csv,2025-08-18 14:01:58,0.0
GEOP_20260402.csv,2025-08-18 14:04:58,0.0
GEOP_20260402.csv,2025-08-18 14:07:58,0.0
GEOP_20260402.csv,2025-08-18 14:10:58,0.0
GEOP_20260402.csv,2025-08-18 14:13:58,0.0
GEOP_20260402.csv,2025-08-18 14:16:58,0.0
GEOP_20260402.csv,2025-08-18 14:19:58,0.0
GEOP_20260402.csv,2025-08-18 14:22:58,0.0
GEOP_20260402.csv,2025-08-18 14:25:58,0.0
GEOP_20260402.csv,2025-08-18 14:28:58,0.0
GEOP_20260402.csv,2025-08-18 14:31:58,0.0
GEOP_20260402.csv,2025-08-18 14:34:58,0.0
GEOP_20260402.csv,2025-08-18 14:37:58,0.0
GEOP_20260402.csv,2025-08-18 14:40:58,0.0
GEOP_20260402.csv,2025-08-18 14:43:58,0.0
GEOP_20260402.csv,2025-08-18 14:46:58,0.0
GEOP_20260402.csv,2025-08-18 14:49:58,0.0
GEOP_20260402.csv,2025-08-18 14:52:58,0.0
GEOP_20260402.csv,2025-08-18 14:55:58,0.0
GEOP_20260402.csv,2025-08-18 14:58:58,0.0
GEOP_20260402.csv,2025-08-18 15:01:58,0.0
GEOP_20260402.csv,2025-08-18 15:04:58,0.0
GEOP_20260402.csv,2025-08-18 15:07:58,0.0
GEOP_20260402.csv,2025-08-18 15:10:58,0.0
GEOP_20260402.csv,2025-08-18 15:13:58,0.0
GEOP_20260402.csv,2025-08-18 15:16:58,0.0
GEOP_20260402.csv,2025-08-18 15:19:58,0.0
GEOP_20260402.csv,2025-08-18 15:22:58,0.0
GEOP_20260402.csv,2025-08-18 15:25:58,0.0
GEOP_20260402.csv,2025-08-18 15:28:58,0.0
GEOP_20260402.csv,2025-08-18 15:31:58,0.0
GEOP_20260402.csv,2025-08-18 15:34:58,0.0
GEOP_20260402.csv,2025-08-18 15:37:58,0.0
GEOP_20260402.csv,2025-08-18 15:40:58,0.0
GEOP_20260402.csv,2025-08-18 15:43:58,0.0
GEOP_20260402.csv,2025-08-18 15:46:58,0.0
GEOP_20260402.csv,2025-08-18 15:49:58,0.0
GEOP_20260402.csv,2025-08-18 15:52:58,0.0
GEOP_20260402.csv,2025-08-18 15:55:58,0.0
GEOP_20260402.csv,2025-08-18 15:58:58,0.0
GEOP_20260402.csv,2025-08-18 16:01:58,0.0
GEOP_20260402.csv,2025-08-18 16:04:58,0.0
GEOP_20260402.csv,2025-08-18 16:07:58,0.0
GEOP_20260402.csv,2025-08-18 16:10:58,0.0
GEOP_20260402.csv,2025-08-18 16:13:58,0.0
GEOP_20260402.csv,2025-08-18 16:16:58,0.0
GEOP_20260402.csv,2025-08-18 16:19:58,0.0
GEOP_20260402.csv,2025-08-18 16:22:58,0.0
GEOP_20260402.csv,2025-08-18 16:25:58,0.0
GEOP_20260402.csv,2025-08-18 16:28:58,0.0
GEOP_20260402.csv,2025-08-18 16:31:58,0.0
GEOP_20260402.csv,2025-08-18 16:34:58,0.0
GEOP_20260402.csv,2025-08-18 16:37:58,0.0
GEOP_20260402.csv,2025-08-18 16:40:58,0.0
GEOP_20260402.csv,2025-08-18 16:43:58,0.0
GEOP_20260402.csv,2025-08-18 16:46:58,0.0
GEOP_20260402.csv,2025-08-18 16:49:58,0.0
GEOP_20260402.csv,2025-08-18 16:52:58,0.0
GEOP_20260402.csv,2025-08-18 16:55:58,0.0
GEOP_20260402.csv,2025-08-18 16:58:58,0.0
GEOP_20260402.csv,2025-08-18 17:01:58,0.0
GEOP_20260402.csv,2025-08-18 17:04:58,0.0
GEOP_20260402.csv,2025-08-18 17:07:58,0.0
GEOP_20260402.csv,2025-08-18 17:10:58,0.0
GEOP_20260402.csv,2025-08-18 17:13:58,0.0
GEOP_20260402.csv,2025-08-18 17:16:58,0.0
GEOP_20260402.csv,2025-08-18 17:19:58,0.0
GEOP_20260402.csv,2025-08-18 17:22:58,0.0
GEOP_20260402.csv,2025-08-18 17:25:58,0.0
GEOP_20260402.csv,2025-08-18 17:28:58,0.0
GEOP_20260402.csv,2025-08-18 17:31:58,0.0
GEOP_20260402.csv,2025-08-18 17:34:58,0.0
GEOP_20260402.csv,2025-08-18 17:37:58,0.0
GEOP_20260402.csv,2025-08-18 17:40:58,0.0
GEOP_20260402.csv,2025-08-18 17:43:58,0.0
GEOP_20260402.csv,2025-08-18 17:46:58,0.0
GEOP_20260402.csv,2025-08-18 17:49:58,0.0
GEOP_20260402.csv,2025-08-18 17:52:58,0.0
GEOP_20260402.csv,2025-08-18 17:55:58,0.0
GEOP_20260402.csv,2025-08-18 17:58:58,0.0
GEOP_20260402.csv,2025-08-18 18:01:57,0.0
GEOP_20260402.csv,2025-08-18 18:04:58,0.0
GEOP_20260402.csv,2025-08-18 18:07:57,0.0
GEOP_20260402.csv,2025-08-18 18:10:57,0.0
GEOP_20260402.csv,2025-08-18 18:13:57,0.0
GEOP_20260402.csv,2025-08-18 18:16:57,0.0
GEOP_20260402.csv,2025-08-18 18:19:57,0.0
GEOP_20260402.csv,2025-08-18 18:22:57,0.0
GEOP_20260402.csv,2025-08-18 18:25:57,0.0
GEOP_20260402.csv,2025-08-18 18:28:57,0.0
GEOP_20260402.csv,2025-08-18 18:31:57,0.0
GEOP_20260402.csv,2025-08-18 18:34:57,0.0
GEOP_20260402.csv,2025-08-18 18:37:57,0.0
GEOP_20260402.csv,2025-08-18 18:40:57,0.0
GEOP_20260402.csv,2025-08-18 18:43:57,0.0
GEOP_20260402.csv,2025-08-18 18:46:57,0.0
GEOP_20260402.csv,2025-08-18 18:49:57,0.0
GEOP_20260402.csv,2025-08-18 18:52:57,0.0
GEOP_20260402.csv,2025-08-18 18:55:57,0.0
GEOP_20260402.csv,2025-08-18 18:58:57,0.0
GEOP_20260402.csv,2025-08-18 19:01:57,0.0
GEOP_20260402.csv,2025-08-18 19:04:57,0.0
GEOP_20260402.csv,2025-08-18 19:07:57,0.0
GEOP_20260402.csv,2025-08-18 19:10:57,0.0
GEOP_20260402.csv,2025-08-18 19:13:57,0.0
GEOP_20260402.csv,2025-08-18 19:16:57,0.0
GEOP_20260402.csv,2025-08-18 19:19:57,0.0
GEOP_20260402.csv,2025-08-18 19:22:57,0.0
GEOP_20260402.csv,2025-08-18 19:25:57,0.0
GEOP_20260402.csv,2025-08-18 19:28:57,0.0
GEOP_20260402.csv,2025-08-18 19:31:57,0.0
GEOP_20260402.csv,2025-08-18 19:34:57,0.0
GEOP_20260402.csv,2025-08-18 19:37:57,0.0
GEOP_20260402.csv,2025-08-18 19:40:57,0.0
GEOP_20260402.csv,2025-08-18 19:43:57,0.0
GEOP_20260402.csv,2025-08-18 19:46:57,0.0
GEOP_20260402.csv,2025-08-18 19:49:57,0.0
GEOP_20260402.csv,2025-08-18 19:52:57,0.0
GEOP_20260402.csv,2025-08-18 19:55:57,0.0
GEOP_20260402.csv,2025-08-18 19:58:57,0.0
GEOP_20260402.csv,2025-08-18 20:01:57,0.0
GEOP_20260402.csv,2025-08-18 20:04:57,0.0
GEOP_20260402.csv,2025-08-18 20:07:57,0.0
GEOP_20260402.csv,2025-08-18 20:10:57,0.0
GEOP_20260402.csv,2025-08-18 20:13:57,0.0
GEOP_20260402.csv,2025-08-18 20:16:57,0.0
GEOP_20260402.csv,2025-08-18 20:19:57,0.0
GEOP_20260402.csv,2025-08-18 20:22:57,0.0
GEOP_20260402.csv,2025-08-18 20:25:57,0.0
GEOP_20260402.csv,2025-08-18 20:28:57,0.0
GEOP_20260402.csv,2025-08-18 20:31:57,0.0
GEOP_20260402.csv,2025-08-18 20:34:57,0.0
GEOP_20260402.csv,2025-08-18 20:37:57,0.0
GEOP_20260402.csv,2025-08-18 20:40:57,0.0
GEOP_20260402.csv,2025-08-18 20:43:57,0.0
GEOP_20260402.csv,2025-08-18 20:46:57,0.0
GEOP_20260402.csv,2025-08-18 20:49:57,0.0
GEOP_20260402.csv,2025-08-18 20:52:57,0.0
GEOP_20260402.csv,2025-08-18 20:55:57,0.0
GEOP_20260402.csv,2025-08-18 20:58:57,0.0
GEOP_20260402.csv,2025-08-18 21:01:57,0.0
GEOP_20260402.csv,2025-08-18 21:04:57,0.0
GEOP_20260402.csv,2025-08-18 21:07:57,0.0
GEOP_20260402.csv,2025-08-18 21:10:57,0.0
GEOP_20260402.csv,2025-08-18 21:13:57,0.0
GEOP_20260402.csv,2025-08-18 21:16:57,0.0
GEOP_20260402.csv,2025-08-18 21:19:57,0.0
GEOP_20260402.csv,2025-08-18 21:22:57,0.0
GEOP_20260402.csv,2025-08-18 21:25:57,0.0
GEOP_20260402.csv,2025-08-18 21:28:57,0.0
GEOP_20260402.csv,2025-08-18 21:31:57,0.0
GEOP_20260402.csv,2025-08-18 21:34:57,0.0
GEOP_20260402.csv,2025-08-18 21:37:57,0.0
GEOP_20260402.csv,2025-08-18 21:40:57,0.0
GEOP_20260402.csv,2025-08-18 21:43:57,0.0
GEOP_20260402.csv,2025-08-18 21:46:57,0.0
GEOP_20260402.csv,2025-08-18 21:49:57,0.0
GEOP_20260402.csv,2025-08-18 21:52:57,0.0
GEOP_20260402.csv,2025-08-18 21:55:57,0.0
GEOP_20260402.csv,2025-08-18 21:58:57,0.0
GEOP_20260402.csv,2025-08-18 22:01:57,0.0
GEOP_20260402.csv,2025-08-18 22:04:57,0.0
GEOP_20260402.csv,2025-08-18 22:07:57,0.0
GEOP_20260402.csv,2025-08-18 22:10:57,0.0
GEOP_20260402.csv,2025-08-18 22:13:57,0.0
GEOP_20260402.csv,2025-08-18 22:16:57,0.0
GEOP_20260402.csv,2025-08-18 22:19:57,0.0
GEOP_20260402.csv,2025-08-18 22:22:57,0.0
GEOP_20260402.csv,2025-08-18 22:25:57,0.0
GEOP_20260402.csv,2025-08-18 22:28:57,0.0
GEOP_20260402.csv,2025-08-18 22:31:57,0.0
GEOP_20260402.csv,2025-08-18 22:34:57,0.0
GEOP_20260402.csv,2025-08-18 22:37:57,0.0
GEOP_20260402.csv,2025-08-18 22:40:57,0.0
GEOP_20260402.csv,2025-08-18 22:43:57,0.0
GEOP_20260402.csv,2025-08-18 22:46:57,0.0
GEOP_20260402.csv,2025-08-18 22:49:57,0.0
GEOP_20260402.csv,2025-08-18 22:52:57,0.0
GEOP_20260402.csv,2025-08-18 22:55:57,0.0
GEOP_20260402.csv,2025-08-18 22:58:57,0.0
GEOP_20260402.csv,2025-08-18 23:01:57,0.0
GEOP_20260402.csv,2025-08-18 23:04:57,0.0
GEOP_20260402.csv,2025-08-18 23:07:57,0.0
GEOP_20260402.csv,2025-08-18 23:10:57,0.0
GEOP_20260402.csv,2025-08-18 23:13:57,0.0
GEOP_20260402.csv,2025-08-18 23:16:57,0.0
GEOP_20260402.csv,2025-08-18 23:19:57,0.0
GEOP_20260402.csv,2025-08-18 23:22:57,0.0
GEOP_20260402.csv,2025-08-18 23:25:57,0.0
GEOP_20260402.csv,2025-08-18 23:28:57,0.0
GEOP_20260402.csv,2025-08-18 23:31:57,0.0
GEOP_20260402.csv,2025-08-18 23:34:57,0.0
GEOP_20260402.csv,2025-08-18 23:37:57,0.0
GEOP_20260402.csv,2025-08-18 23:40:57,0.0
GEOP_20260402.csv,2025-08-18 23:43:57,0.0
GEOP_20260402.csv,2025-08-18 23:46:57,0.0
GEOP_20260402.csv,2025-08-18 23:49:57,0.0
GEOP_20260402.csv,2025-08-18 23:52:57,0.0
GEOP_20260402.csv,2025-08-18 23:55:57,0.0
GEOP_20260402.csv,2025-08-18 23:58:57,0.0
GEOP_20260402.csv,2025-08-19 00:01:57,0.0
GEOP_20260402.csv,2025-08-19 00:04:57,0.0
GEOP_20260402.csv,2025-08-19 00:07:57,0.0
GEOP_20260402.csv,2025-08-19 00:10:57,0.0
GEOP_20260402.csv,2025-08-19 00:13:57,0.0
GEOP_20260402.csv,2025-08-19 00:16:57,0.0
GEOP_20260402.csv,2025-08-19 00:19:57,0.0
GEOP_20260402.csv,2025-08-19 00:22:57,0.0
GEOP_20260402.csv,2025-08-19 00:25:57,0.0
GEOP_20260402.csv,2025-08-19 00:28:57,0.0
GEOP_20260402.csv,2025-08-19 00:31:57,0.0
GEOP_20260402.csv,2025-08-19 00:34:57,0.0
GEOP_20260402.csv,2025-08-19 00:37:57,0.0
GEOP_20260402.csv,2025-08-19 00:40:57,0.0
GEOP_20260402.csv,2025-08-19 00:43:57,0.0
GEOP_20260402.csv,2025-08-19 00:46:57,0.0
GEOP_20260402.csv,2025-08-19 00:49:57,0.0
GEOP_20260402.csv,2025-08-19 00:52:57,0.0
GEOP_20260402.csv,2025-08-19 00:55:57,0.0
GEOP_20260402.csv,2025-08-19 00:58:57,0.0
GEOP_20260402.csv,2025-08-19 01:01:57,0.0
GEOP_20260402.csv,2025-08-19 01:04:57,0.0
GEOP_20260402.csv,2025-08-19 01:07:57,0.0
GEOP_20260402.csv,2025-08-19 01:10:57,0.0
GEOP_20260402.csv,2025-08-19 01:13:57,0.0
GEOP_20260402.csv,2025-08-19 01:16:57,0.0
GEOP_20260402.csv,2025-08-19 01:19:57,0.0
GEOP_20260402.csv,2025-08-19 01:22:57,0.0
GEOP_20260402.csv,2025-08-19 01:25:57,0.0
GEOP_20260402.csv,2025-08-19 01:28:57,0.0
GEOP_20260402.csv,2025-08-19 01:31:57,0.0
GEOP_20260402.csv,2025-08-19 01:34:57,0.0
GEOP_20260402.csv,2025-08-19 01:37:57,0.0
GEOP_20260402.csv,2025-08-19 01:40:57,0.0
GEOP_20260402.csv,2025-08-19 01:43:57,0.0
GEOP_20260402.csv,2025-08-19 01:46:57,0.0
GEOP_20260402.csv,2025-08-19 01:49:57,0.0
GEOP_20260402.csv,2025-08-19 01:52:57,0.0
GEOP_20260402.csv,2025-08-19 01:55:57,0.0
GEOP_20260402.csv,2025-08-19 01:58:57,0.0
GEOP_20260402.csv,2025-08-19 02:01:57,0.0
GEOP_20260402.csv,2025-08-19 02:04:57,0.0
GEOP_20260402.csv,2025-08-19 02:07:57,0.0
GEOP_20260402.csv,2025-08-19 02:10:57,0.0
GEOP_20260402.csv,2025-08-19 02:13:57,0.0
GEOP_20260402.csv,2025-08-19 02:16:57,0.0
GEOP_20260402.csv,2025-08-19 02:19:57,0.0
GEOP_20260402.csv,2025-08-19 02:25:57,0.0
GEOP_20260402.csv,2025-08-19 02:28:57,0.0
GEOP_20260402.csv,2025-08-19 02:31:57,0.0
GEOP_20260402.csv,2025-08-19 02:34:57,0.0
GEOP_20260402.csv,2025-08-19 02:37:57,0.0
GEOP_20260402.csv,2025-08-19 02:40:57,0.0
GEOP_20260402.csv,2025-08-19 02:43:57,0.0
GEOP_20260402.csv,2025-08-19 02:46:57,0.0
GEOP_20260402.csv,2025-08-19 02:49:57,0.0
GEOP_20260402.csv,2025-08-19 02:52:57,0.0
GEOP_20260402.csv,2025-08-19 02:55:57,0.0
GEOP_20260402.csv,2025-08-19 02:58:57,0.0
GEOP_20260402.csv,2025-08-19 03:01:57,0.0
GEOP_20260402.csv,2025-08-19 03:04:57,0.0
GEOP_20260402.csv,2025-08-19 03:07:57,0.0
GEOP_20260402.csv,2025-08-19 03:10:57,0.0
GEOP_20260402.csv,2025-08-19 03:13:57,0.0
GEOP_20260402.csv,2025-08-19 03:16:57,0.0
GEOP_20260402.csv,2025-08-19 03:19:56,0.0
GEOP_20260402.csv,2025-08-19 03:22:56,0.0
GEOP_20260402.csv,2025-08-19 03:25:56,0.0
GEOP_20260402.csv,2025-08-19 03:28:56,0.0
GEOP_20260402.csv,2025-08-19 03:31:56,0.0
GEOP_20260402.csv,2025-08-19 03:34:56,0.0
GEOP_20260402.csv,2025-08-19 03:37:56,0.0
GEOP_20260402.csv,2025-08-19 03:40:56,0.0
GEOP_20260402.csv,2025-08-19 03:43:56,0.0
GEOP_20260402.csv,2025-08-19 03:46:56,0.0
GEOP_20260402.csv,2025-08-19 03:49:56,0.0
GEOP_20260402.csv,2025-08-19 03:52:56,0.0
GEOP_20260402.csv,2025-08-19 03:55:56,0.0
GEOP_20260402.csv,2025-08-19 03:58:56,0.0
GEOP_20260402.csv,2025-08-19 04:01:56,0.0
GEOP_20260402.csv,2025-08-19 04:04:56,0.0
GEOP_20260402.csv,2025-08-19 04:07:56,0.0
GEOP_20260402.csv,2025-08-19 04:10:56,0.0
GEOP_20260402.csv,2025-08-19 04:13:56,0.0
GEOP_20260402.csv,2025-08-19 04:16:56,0.0
GEOP_20260402.csv,2025-08-19 04:19:56,0.0
GEOP_20260402.csv,2025-08-19 04:22:56,0.0
GEOP_20260402.csv,2025-08-19 04:25:56,0.0
GEOP_20260402.csv,2025-08-19 04:28:56,0.0
GEOP_20260402.csv,2025-08-19 04:31:56,0.0
GEOP_20260402.csv,2025-08-19 04:34:56,0.0
GEOP_20260402.csv,2025-08-19 04:37:56,0.0
GEOP_20260402.csv,2025-08-19 04:40:56,0.0
GEOP_20260402.csv,2025-08-19 04:43:56,0.0
GEOP_20260402.csv,2025-08-19 04:46:56,0.0
GEOP_20260402.csv,2025-08-19 04:49:56,0.0
GEOP_20260402.csv,2025-08-19 04:52:56,0.0
GEOP_20260402.csv,2025-08-19 04:55:56,0.0
GEOP_20260402.csv,2025-08-19 04:58:56,0.0
GEOP_20260402.csv,2025-08-19 05:01:56,0.0
GEOP_20260402.csv,2025-08-19 05:04:56,0.0
GEOP_20260402.csv,2025-08-19 05:07:56,0.0
GEOP_20260402.csv,2025-08-19 05:10:56,0.0
GEOP_20260402.csv,2025-08-19 05:13:56,0.0
GEOP_20260402.csv,2025-08-19 05:16:56,0.0
GEOP_20260402.csv,2025-08-19 05:19:56,0.0
GEOP_20260402.csv,2025-08-19 05:22:56,0.0
GEOP_20260402.csv,2025-08-19 05:25:56,0.0
GEOP_20260402.csv,2025-08-19 05:28:56,0.0
GEOP_20260402.csv,2025-08-19 05:31:56,0.0
GEOP_20260402.csv,2025-08-19 05:34:56,0.0
GEOP_20260402.csv,2025-08-19 05:37:56,0.0
GEOP_20260402.csv,2025-08-19 05:39:33,0.0
GEOP_20260402.csv,2025-08-19 05:42:33,0.0
GEOP_20260402.csv,2025-08-19 05:45:33,0.0
GEOP_20260402.csv,2025-08-19 05:48:33,0.0
GEOP_20260402.csv,2025-08-19 05:51:33,0.0
GEOP_20260402.csv,2025-08-19 05:54:33,0.0
GEOP_20260402.csv,2025-08-19 05:57:33,0.0
GEOP_20260402.csv,2025-08-19 06:00:33,0.0
GEOP_20260402.csv,2025-08-19 06:03:33,0.0
GEOP_20260402.csv,2025-08-19 06:06:33,0.0
GEOP_20260402.csv,2025-08-19 06:09:33,0.0
GEOP_20260402.csv,2025-08-19 06:12:33,0.0
GEOP_20260402.csv,2025-08-19 06:15:33,0.0
GEOP_20260402.csv,2025-08-19 06:18:33,0.0
GEOP_20260402.csv,2025-08-19 06:21:33,0.0
GEOP_20260402.csv,2025-08-19 06:24:33,0.0
GEOP_20260402.csv,2025-08-19 06:27:33,0.0
GEOP_20260402.csv,2025-08-19 06:30:33,0.0
GEOP_20260402.csv,2025-08-19 06:33:33,0.0
GEOP_20260402.csv,2025-08-19 06:36:33,0.0
GEOP_20260402.csv,2025-08-19 06:39:33,0.0
GEOP_20260402.csv,2025-08-19 06:42:33,0.0
GEOP_20260402.csv,2025-08-19 06:45:33,0.0
GEOP_20260402.csv,2025-08-19 06:48:33,0.0
GEOP_20260402.csv,2025-08-19 06:51:33,0.0
GEOP_20260402.csv,2025-08-19 06:54:33,0.0
GEOP_20260402.csv,2025-08-19 06:57:33,0.0
GEOP_20260402.csv,2025-08-19 07:00:33,0.0
GEOP_20260402.csv,2025-08-19 07:03:33,0.0
GEOP_20260402.csv,2025-08-19 07:06:33,0.0
GEOP_20260402.csv,2025-08-19 07:09:33,0.0
GEOP_20260402.csv,2025-08-19 07:12:33,0.0
GEOP_20260402.csv,2025-08-19 07:15:33,0.0
GEOP_20260402.csv,2025-08-19 07:18:33,0.0
GEOP_20260402.csv,2025-08-19 07:21:33,0.0
GEOP_20260402.csv,2025-08-19 07:24:33,0.0
GEOP_20260402.csv,2025-08-19 07:27:33,0.0
GEOP_20260402.csv,2025-08-19 07:30:33,0.0
GEOP_20260402.csv,2025-08-19 07:33:33,0.0
GEOP_20260402.csv,2025-08-19 07:36:33,0.0
GEOP_20260402.csv,2025-08-19 07:39:33,0.0
GEOP_20260402.csv,2025-08-19 07:42:33,0.0
GEOP_20260402.csv,2025-08-19 07:45:33,0.0
GEOP_20260402.csv,2025-08-19 07:48:33,0.0
GEOP_20260402.csv,2025-08-19 07:51:33,0.0
GEOP_20260402.csv,2025-08-19 07:54:33,0.0
GEOP_20260402.csv,2025-08-19 07:57:33,0.0
GEOP_20260402.csv,2025-08-19 08:00:33,0.0
GEOP_20260402.csv,2025-08-19 08:03:33,0.0
GEOP_20260402.csv,2025-08-19 08:06:33,0.0
GEOP_20260402.csv,2025-08-19 08:09:33,0.0
GEOP_20260402.csv,2025-08-19 08:12:33,0.0
GEOP_20260402.csv,2025-08-19 08:15:33,0.0
GEOP_20260402.csv,2025-08-19 08:18:33,0.0
GEOP_20260402.csv,2025-08-19 08:21:33,0.0
GEOP_20260402.csv,2025-08-19 08:24:33,0.0
GEOP_20260402.csv,2025-08-19 08:27:33,0.0
GEOP_20260402.csv,2025-08-19 08:30:33,0.0
GEOP_20260402.csv,2025-08-19 08:33:33,0.0
GEOP_20260402.csv,2025-08-19 08:36:33,0.0
GEOP_20260402.csv,2025-08-19 08:39:33,0.0
GEOP_20260402.csv,2025-08-19 08:42:33,0.0
GEOP_20260402.csv,2025-08-19 08:45:33,0.0
GEOP_20260402.csv,2025-08-19 08:48:33,0.0
GEOP_20260402.csv,2025-08-19 08:51:33,0.0
GEOP_20260402.csv,2025-08-19 08:54:33,0.0
GEOP_20260402.csv,2025-08-19 08:57:33,0.0
GEOP_20260402.csv,2025-08-19 09:00:33,0.0
GEOP_20260402.csv,2025-08-19 09:03:33,0.0
GEOP_20260402.csv,2025-08-19 09:06:33,0.0
GEOP_20260402.csv,2025-08-19 09:09:33,0.0
GEOP_20260402.csv,2025-08-19 09:12:33,0.0
GEOP_20260402.csv,2025-08-19 09:15:33,0.0
GEOP_20260402.csv,2025-08-19 09:18:33,0.0
GEOP_20260402.csv,2025-08-19 09:21:33,0.0
GEOP_20260402.csv,2025-08-19 09:24:33,0.0
GEOP_20260402.csv,2025-08-19 09:27:33,0.0
GEOP_20260402.csv,2025-08-19 09:30:33,0.0
GEOP_20260402.csv,2025-08-19 09:33:33,0.0
GEOP_20260402.csv,2025-08-19 09:36:33,0.0
GEOP_20260402.csv,2025-08-19 09:39:33,0.0
GEOP_20260402.csv,2025-08-19 09:42:33,0.0
GEOP_20260402.csv,2025-08-19 09:45:33,0.0
GEOP_20260402.csv,2025-08-19 09:48:33,0.0
GEOP_20260402.csv,2025-08-19 09:51:33,0.0
GEOP_20260402.csv,2025-08-19 09:54:33,0.0
GEOP_20260402.csv,2025-08-19 09:57:33,0.0
GEOP_20260402.csv,2025-08-19 10:00:33,0.0
GEOP_20260402.csv,2025-08-19 10:03:33,0.0
GEOP_20260402.csv,2025-08-19 10:06:33,0.0
GEOP_20260402.csv,2025-08-19 10:09:33,0.0
GEOP_20260402.csv,2025-08-19 10:12:33,0.0
GEOP_20260402.csv,2025-08-19 10:15:32,0.0
GEOP_20260402.csv,2025-08-19 10:18:32,0.0
GEOP_20260402.csv,2025-08-19 10:21:32,0.0
GEOP_20260402.csv,2025-08-19 10:24:32,0.0
GEOP_20260402.csv,2025-08-19 10:27:32,0.0
GEOP_20260402.csv,2025-08-19 10:30:32,0.0
GEOP_20260402.csv,2025-08-19 10:33:32,0.0
GEOP_20260402.csv,2025-08-19 10:36:32,0.0
GEOP_20260402.csv,2025-08-19 10:39:32,0.0
GEOP_20260402.csv,2025-08-19 10:42:33,0.0
GEOP_20260402.csv,2025-08-19 10:45:32,0.0
GEOP_20260402.csv,2025-08-19 10:48:32,0.0
GEOP_20260402.csv,2025-08-19 10:51:32,0.0
GEOP_20260402.csv,2025-08-19 10:54:32,0.0
GEOP_20260402.csv,2025-08-19 10:57:32,0.0
GEOP_20260402.csv,2025-08-19 11:00:32,0.0
GEOP_20260402.csv,2025-08-19 11:03:32,0.0
GEOP_20260402.csv,2025-08-19 11:06:32,0.0
GEOP_20260402.csv,2025-08-19 11:09:32,0.0
GEOP_20260402.csv,2025-08-19 11:12:32,0.0
GEOP_20260402.csv,2025-08-19 11:15:32,0.0
GEOP_20260402.csv,2025-08-19 11:18:32,0.0
GEOP_20260402.csv,2025-08-19 11:21:32,0.0
GEOP_20260402.csv,2025-08-19 11:24:32,0.0
GEOP_20260402.csv,2025-08-19 11:27:32,0.0
GEOP_20260402.csv,2025-08-19 11:30:32,0.0
GEOP_20260402.csv,2025-08-19 11:33:32,0.0
GEOP_20260402.csv,2025-08-19 11:36:32,0.0
GEOP_20260402.csv,2025-08-19 11:39:32,0.0
GEOP_20260402.csv,2025-08-19 11:42:32,0.0
GEOP_20260402.csv,2025-08-19 11:45:32,0.0
GEOP_20260402.csv,2025-08-19 11:48:32,0.0
GEOP_20260402.csv,2025-08-19 11:51:32,0.0
GEOP_20260402.csv,2025-08-19 11:54:32,0.0
GEOP_20260402.csv,2025-08-19 11:57:32,0.0
GEOP_20260402.csv,2025-08-19 12:00:32,0.0
GEOP_20260402.csv,2025-08-19 12:03:32,0.0
GEOP_20260402.csv,2025-08-19 12:06:32,0.0
GEOP_20260402.csv,2025-08-19 12:09:32,0.0
GEOP_20260402.csv,2025-08-19 12:12:32,0.0
GEOP_20260402.csv,2025-08-19 12:15:32,0.0
GEOP_20260402.csv,2025-08-19 12:18:32,0.0
GEOP_20260402.csv,2025-08-19 12:21:32,0.0
GEOP_20260402.csv,2025-08-19 12:24:32,0.0
GEOP_20260402.csv,2025-08-19 12:27:32,0.0
GEOP_20260402.csv,2025-08-19 12:30:32,0.0
GEOP_20260402.csv,2025-08-19 12:33:32,0.0
GEOP_20260402.csv,2025-08-19 12:36:32,0.0
GEOP_20260402.csv,2025-08-19 12:39:32,0.0
GEOP_20260402.csv,2025-08-19 12:42:32,0.0
GEOP_20260402.csv,2025-08-19 12:45:32,0.0
GEOP_20260402.csv,2025-08-19 12:48:32,0.0
GEOP_20260402.csv,2025-08-19 12:51:32,0.0
GEOP_20260402.csv,2025-08-19 12:54:32,0.0
GEOP_20260402.csv,2025-08-19 12:57:32,0.0
GEOP_20260402.csv,2025-08-19 13:00:32,0.0
GEOP_20260402.csv,2025-08-19 13:03:32,0.0
GEOP_20260402.csv,2025-08-19 13:06:32,0.0
GEOP_20260402.csv,2025-08-19 13:09:32,0.0
GEOP_20260402.csv,2025-08-19 13:12:32,0.0
GEOP_20260402.csv,2025-08-19 13:15:32,0.0
GEOP_20260402.csv,2025-08-19 13:18:32,0.0
GEOP_20260402.csv,2025-08-19 13:21:32,0.0
GEOP_20260402.csv,2025-08-19 13:24:32,0.0
GEOP_20260402.csv,2025-08-19 13:27:32,0.0
GEOP_20260402.csv,2025-08-19 13:30:32,0.0
GEOP_20260402.csv,2025-08-19 13:33:32,0.0
GEOP_20260402.csv,2025-08-19 13:36:32,0.0
GEOP_20260402.csv,2025-08-19 13:39:32,0.0
GEOP_20260402.csv,2025-08-19 13:42:32,0.0
GEOP_20260402.csv,2025-08-19 13:45:32,0.0
GEOP_20260402.csv,2025-08-19 13:48:32,0.0
GEOP_20260402.csv,2025-08-19 13:51:32,0.0
GEOP_20260402.csv,2025-08-19 13:54:32,0.0
GEOP_20260402.csv,2025-08-19 13:57:32,0.0
GEOP_20260402.csv,2025-08-19 14:00:32,0.0
GEOP_20260402.csv,2025-08-19 14:03:32,0.0
GEOP_20260402.csv,2025-08-19 14:06:32,0.0
GEOP_20260402.csv,2025-08-19 14:09:32,0.0
GEOP_20260402.csv,2025-08-19 14:12:32,0.0
GEOP_20260402.csv,2025-08-19 14:15:32,0.0
GEOP_20260402.csv,2025-08-19 14:18:32,0.0
GEOP_20260402.csv,2025-08-19 14:21:32,0.0
GEOP_20260402.csv,2025-08-19 14:24:32,0.0
GEOP_20260402.csv,2025-08-19 14:27:32,0.0
GEOP_20260402.csv,2025-08-19 14:30:32,0.0
GEOP_20260402.csv,2025-08-19 14:33:32,0.0
GEOP_20260402.csv,2025-08-19 14:36:32,0.0
GEOP_20260402.csv,2025-08-19 14:39:32,0.0
GEOP_20260402.csv,2025-08-19 14:42:32,0.0
GEOP_20260402.csv,2025-08-19 14:45:32,0.0
GEOP_20260402.csv,2025-08-19 14:48:32,0.0
GEOP_20260402.csv,2025-08-19 14:51:32,0.0
GEOP_20260402.csv,2025-08-19 14:54:32,0.0
GEOP_20260402.csv,2025-08-19 14:57:32,0.0
GEOP_20260402.csv,2025-08-19 15:00:32,0.0
GEOP_20260402.csv,2025-08-19 15:03:32,0.0
GEOP_20260402.csv,2025-08-19 15:06:32,0.0
GEOP_20260402.csv,2025-08-19 15:09:32,0.0
GEOP_20260402.csv,2025-08-19 15:12:32,0.0
GEOP_20260402.csv,2025-08-19 15:15:32,0.0
GEOP_20260402.csv,2025-08-19 15:18:32,0.0
GEOP_20260402.csv,2025-08-19 15:21:32,0.0
GEOP_20260402.csv,2025-08-19 15:24:32,0.0
GEOP_20260402.csv,2025-08-19 15:27:32,0.0
GEOP_20260402.csv,2025-08-19 15:30:32,0.0
GEOP_20260402.csv,2025-08-19 15:33:32,0.0
GEOP_20260402.csv,2025-08-19 15:36:32,0.0
GEOP_20260402.csv,2025-08-19 15:39:32,0.0
GEOP_20260402.csv,2025-08-19 15:42:32,0.0
GEOP_20260402.csv,2025-08-19 15:45:32,0.0
GEOP_20260402.csv,2025-08-19 15:48:32,0.0
GEOP_20260402.csv,2025-08-19 15:51:32,0.0
GEOP_20260402.csv,2025-08-19 15:54:32,0.0
GEOP_20260402.csv,2025-08-19 15:57:32,0.0
GEOP_20260402.csv,2025-08-19 16:00:32,0.0
GEOP_20260402.csv,2025-08-19 16:03:32,0.0
GEOP_20260402.csv,2025-08-19 16:06:32,0.0
GEOP_20260402.csv,2025-08-19 16:09:32,0.0
GEOP_20260402.csv,2025-08-19 16:12:32,0.0
GEOP_20260402.csv,2025-08-19 16:15:32,0.0
GEOP_20260402.csv,2025-08-19 16:18:32,0.0
GEOP_20260402.csv,2025-08-19 16:21:32,0.0
GEOP_20260402.csv,2025-08-19 16:24:32,0.0
GEOP_20260402.csv,2025-08-19 16:27:32,0.0
GEOP_20260402.csv,2025-08-19 16:30:32,0.0
GEOP_20260402.csv,2025-08-19 16:33:32,0.0
GEOP_20260402.csv,2025-08-19 16:36:32,0.0
GEOP_20260402.csv,2025-08-19 16:39:32,0.0
GEOP_20260402.csv,2025-08-19 16:42:32,0.0
GEOP_20260402.csv,2025-08-19 16:45:32,0.0
GEOP_20260402.csv,2025-08-19 16:48:32,0.0
GEOP_20260402.csv,2025-08-19 16:51:32,0.0
GEOP_20260402.csv,2025-08-19 16:54:32,0.0
GEOP_20260402.csv,2025-08-19 16:57:32,0.0
GEOP_20260402.csv,2025-08-19 17:00:32,0.0
GEOP_20260402.csv,2025-08-19 17:03:32,0.0
GEOP_20260402.csv,2025-08-19 17:06:32,0.0
GEOP_20260402.csv,2025-08-19 17:09:32,0.0
GEOP_20260402.csv,2025-08-19 17:12:32,0.0
GEOP_20260402.csv,2025-08-19 17:15:32,0.0
GEOP_20260402.csv,2025-08-19 17:18:32,0.0
GEOP_20260402.csv,2025-08-19 17:21:32,0.0
GEOP_20260402.csv,2025-08-19 17:24:32,0.0
GEOP_20260402.csv,2025-08-19 17:27:32,0.0
GEOP_20260402.csv,2025-08-19 17:30:32,0.05
GEOP_20260402.csv,2025-08-19 17:33:32,0.04
GEOP_20260402.csv,2025-08-19 17:36:32,0.17
GEOP_20260402.csv,2025-08-19 17:39:32,0.08
GEOP_20260402.csv,2025-08-19 17:42:32,0.05
GEOP_20260402.csv,2025-08-19 17:45:32,0.04
GEOP_20260402.csv,2025-08-19 17:48:32,0.03
GEOP_20260402.csv,2025-08-19 17:51:32,0.02
GEOP_20260402.csv,2025-08-19 17:54:32,0.02
GEOP_20260402.csv,2025-08-19 17:57:32,0.01
GEOP_20260402.csv,2025-08-19 18:00:32,0.0
GEOP_20260402.csv,2025-08-19 18:03:32,0.02
GEOP_20260402.csv,2025-08-19 18:06:32,0.02
GEOP_20260402.csv,2025-08-19 18:09:32,0.01
GEOP_20260402.csv,2025-08-19 18:12:32,0.02
GEOP_20260402.csv,2025-08-19 18:15:32,0.02
GEOP_20260402.csv,2025-08-19 18:18:32,0.03
GEOP_20260402.csv,2025-08-19 18:21:32,0.05
GEOP_20260402.csv,2025-08-19 18:24:32,0.05
GEOP_20260402.csv,2025-08-19 18:27:32,0.02
GEOP_20260402.csv,2025-08-19 18:30:32,0.01
GEOP_20260402.csv,2025-08-19 18:33:32,0.01
GEOP_20260402.csv,2025-08-19 18:36:32,0.01
GEOP_20260402.csv,2025-08-19 18:39:32,0.0
GEOP_20260402.csv,2025-08-19 18:42:32,0.01
GEOP_20260402.csv,2025-08-19 18:45:32,0.07
GEOP_20260402.csv,2025-08-19 18:48:32,0.07
GEOP_20260402.csv,2025-08-19 18:51:32,0.05
GEOP_20260402.csv,2025-08-19 18:54:32,0.02
GEOP_20260402.csv,2025-08-19 18:57:32,0.01
GEOP_20260402.csv,2025-08-19 19:00:32,0.01
GEOP_20260402.csv,2025-08-19 19:03:32,0.01
GEOP_20260402.csv,2025-08-19 19:06:32,0.0
GEOP_20260402.csv,2025-08-19 19:09:32,0.01
GEOP_20260402.csv,2025-08-19 19:12:32,0.0
GEOP_20260402.csv,2025-08-19 19:15:32,0.0
GEOP_20260402.csv,2025-08-19 19:18:32,0.0
GEOP_20260402.csv,2025-08-19 19:21:32,0.0
GEOP_20260402.csv,2025-08-19 19:24:32,0.01
GEOP_20260402.csv,2025-08-19 19:27:32,0.0
GEOP_20260402.csv,2025-08-19 19:30:32,0.0
GEOP_20260402.csv,2025-08-19 19:33:32,0.0
GEOP_20260402.csv,2025-08-19 19:36:32,0.0
GEOP_20260402.csv,2025-08-19 19:39:31,0.0
GEOP_20260402.csv,2025-08-19 19:42:31,0.0
GEOP_20260402.csv,2025-08-19 19:45:31,0.0
GEOP_20260402.csv,2025-08-19 19:48:31,0.0
GEOP_20260402.csv,2025-08-19 19:51:31,0.0
GEOP_20260402.csv,2025-08-19 19:54:31,0.0
GEOP_20260402.csv,2025-08-19 19:57:31,0.0
GEOP_20260402.csv,2025-08-19 20:00:31,0.0
GEOP_20260402.csv,2025-08-19 20:03:31,0.0
GEOP_20260402.csv,2025-08-19 20:06:31,0.0
GEOP_20260402.csv,2025-08-19 20:09:31,0.0
GEOP_20260402.csv,2025-08-19 20:12:31,0.0
GEOP_20260402.csv,2025-08-19 20:15:31,0.0
GEOP_20260402.csv,2025-08-19 20:18:31,0.0
GEOP_20260402.csv,2025-08-19 20:21:31,0.0
GEOP_20260402.csv,2025-08-19 20:24:31,0.0
GEOP_20260402.csv,2025-08-19 20:27:31,0.0
GEOP_20260402.csv,2025-08-19 20:30:31,0.0
GEOP_20260402.csv,2025-08-19 20:33:31,0.0
GEOP_20260402.csv,2025-08-19 20:36:31,0.0
GEOP_20260402.csv,2025-08-19 20:39:31,0.0
GEOP_20260402.csv,2025-08-19 20:42:31,0.0
GEOP_20260402.csv,2025-08-19 20:45:31,0.0
GEOP_20260402.csv,2025-08-19 20:48:31,0.0
GEOP_20260402.csv,2025-08-19 20:51:31,0.0
GEOP_20260402.csv,2025-08-19 20:54:31,0.0
GEOP_20260402.csv,2025-08-19 20:57:31,0.0
GEOP_20260402.csv,2025-08-19 21:00:31,0.0
GEOP_20260402.csv,2025-08-19 21:03:31,0.0
GEOP_20260402.csv,2025-08-19 21:06:31,0.0
GEOP_20260402.csv,2025-08-19 21:09:31,0.0
GEOP_20260402.csv,2025-08-19 21:12:31,0.0
GEOP_20260402.csv,2025-08-19 21:15:31,0.0
GEOP_20260402.csv,2025-08-19 21:18:31,0.0
GEOP_20260402.csv,2025-08-19 21:21:31,0.0
GEOP_20260402.csv,2025-08-19 21:24:31,0.0
GEOP_20260402.csv,2025-08-19 21:27:31,0.0
GEOP_20260402.csv,2025-08-19 21:30:31,0.0
GEOP_20260402.csv,2025-08-19 21:33:31,0.0
GEOP_20260402.csv,2025-08-19 21:36:31,0.0
GEOP_20260402.csv,2025-08-19 21:39:31,0.0
GEOP_20260402.csv,2025-08-19 21:42:31,0.0
GEOP_20260402.csv,2025-08-19 21:45:31,0.0
GEOP_20260402.csv,2025-08-19 21:48:31,0.0
GEOP_20260402.csv,2025-08-19 21:51:31,0.0
GEOP_20260402.csv,2025-08-19 21:54:31,0.0
GEOP_20260402.csv,2025-08-19 21:57:31,0.0
GEOP_20260402.csv,2025-08-19 22:00:31,0.0
GEOP_20260402.csv,2025-08-19 22:03:31,0.0
GEOP_20260402.csv,2025-08-19 22:06:31,0.0
GEOP_20260402.csv,2025-08-19 22:09:31,0.0
GEOP_20260402.csv,2025-08-19 22:12:31,0.0
GEOP_20260402.csv,2025-08-19 22:15:31,0.0
GEOP_20260402.csv,2025-08-19 22:18:31,0.0
GEOP_20260402.csv,2025-08-19 22:21:31,0.0
GEOP_20260402.csv,2025-08-19 22:24:31,0.0
GEOP_20260402.csv,2025-08-19 22:27:31,0.0
GEOP_20260402.csv,2025-08-19 22:30:31,0.0
GEOP_20260402.csv,2025-08-19 22:33:31,0.0
GEOP_20260402.csv,2025-08-19 22:36:31,0.0
GEOP_20260402.csv,2025-08-19 22:39:31,0.0
GEOP_20260402.csv,2025-08-19 22:42:31,0.0
GEOP_20260402.csv,2025-08-19 22:45:31,0.0
GEOP_20260402.csv,2025-08-19 22:48:31,0.0
GEOP_20260402.csv,2025-08-19 22:51:31,0.0
GEOP_20260402.csv,2025-08-19 22:54:31,0.0
GEOP_20260402.csv,2025-08-19 22:57:31,0.0
GEOP_20260402.csv,2025-08-19 23:00:31,0.0
GEOP_20260402.csv,2025-08-19 23:03:31,0.0
GEOP_20260402.csv,2025-08-19 23:06:31,0.0
GEOP_20260402.csv,2025-08-19 23:09:31,0.0
GEOP_20260402.csv,2025-08-19 23:12:31,0.0
GEOP_20260402.csv,2025-08-19 23:15:31,0.0
GEOP_20260402.csv,2025-08-19 23:18:31,0.0
GEOP_20260402.csv,2025-08-19 23:21:31,0.0
GEOP_20260402.csv,2025-08-19 23:24:31,0.0
GEOP_20260402.csv,2025-08-19 23:27:31,0.0
GEOP_20260402.csv,2025-08-19 23:30:31,0.0
GEOP_20260402.csv,2025-08-19 23:33:31,0.0
GEOP_20260402.csv,2025-08-19 23:36:31,0.0
GEOP_20260402.csv,2025-08-19 23:39:31,0.0
GEOP_20260402.csv,2025-08-19 23:42:31,0.0
GEOP_20260402.csv,2025-08-19 23:45:31,0.0
GEOP_20260402.csv,2025-08-19 23:48:31,0.0
GEOP_20260402.csv,2025-08-19 23:51:31,0.0
GEOP_20260402.csv,2025-08-19 23:54:31,0.0
GEOP_20260402.csv,2025-08-19 23:57:31,0.0
GEOP_20260402.csv,2025-08-20 00:00:31,0.0
GEOP_20260402.csv,2025-08-20 00:03:31,0.0
GEOP_20260402.csv,2025-08-20 00:06:31,0.0
GEOP_20260402.csv,2025-08-20 00:09:31,0.0
GEOP_20260402.csv,2025-08-20 00:12:31,0.0
GEOP_20260402.csv,2025-08-20 00:15:31,0.0
GEOP_20260402.csv,2025-08-20 00:18:31,0.0
GEOP_20260402.csv,2025-08-20 00:21:31,0.0
GEOP_20260402.csv,2025-08-20 00:24:31,0.0
GEOP_20260402.csv,2025-08-20 00:27:31,0.0
GEOP_20260402.csv,2025-08-20 00:30:31,0.0
GEOP_20260402.csv,2025-08-20 00:33:31,0.0
GEOP_20260402.csv,2025-08-20 00:36:31,0.0
GEOP_20260402.csv,2025-08-20 00:39:31,0.0
GEOP_20260402.csv,2025-08-20 00:42:31,0.0
GEOP_20260402.csv,2025-08-20 00:45:31,0.0
GEOP_20260402.csv,2025-08-20 00:48:31,0.0
GEOP_20260402.csv,2025-08-20 00:51:31,0.0
GEOP_20260402.csv,2025-08-20 00:54:31,0.0
GEOP_20260402.csv,2025-08-20 00:57:31,0.0
GEOP_20260402.csv,2025-08-20 01:00:31,0.0
GEOP_20260402.csv,2025-08-20 01:03:31,0.0
GEOP_20260402.csv,2025-08-20 01:06:31,0.0
GEOP_20260402.csv,2025-08-20 01:12:31,0.0
GEOP_20260402.csv,2025-08-20 01:15:31,0.0
GEOP_20260402.csv,2025-08-20 01:18:31,0.0
GEOP_20260402.csv,2025-08-20 01:21:31,0.0
GEOP_20260402.csv,2025-08-20 01:24:31,0.0
GEOP_20260402.csv,2025-08-20 01:27:31,0.0
GEOP_20260402.csv,2025-08-20 01:30:31,0.0
GEOP_20260402.csv,2025-08-20 01:33:31,0.0
GEOP_20260402.csv,2025-08-20 01:36:31,0.0
GEOP_20260402.csv,2025-08-20 01:39:31,0.0
GEOP_20260402.csv,2025-08-20 01:42:31,0.0
GEOP_20260402.csv,2025-08-20 01:45:31,0.0
GEOP_20260402.csv,2025-08-20 01:48:31,0.0
GEOP_20260402.csv,2025-08-20 01:51:31,0.0
GEOP_20260402.csv,2025-08-20 01:54:31,0.0
GEOP_20260402.csv,2025-08-20 01:57:31,0.0
GEOP_20260402.csv,2025-08-20 02:00:31,0.0
GEOP_20260402.csv,2025-08-20 02:03:31,0.0
GEOP_20260402.csv,2025-08-20 02:06:31,0.0
GEOP_20260402.csv,2025-08-20 02:09:31,0.0
GEOP_20260402.csv,2025-08-20 02:12:31,0.0
GEOP_20260402.csv,2025-08-20 02:15:31,0.0
GEOP_20260402.csv,2025-08-20 02:18:31,0.0
GEOP_20260402.csv,2025-08-20 02:21:31,0.0
GEOP_20260402.csv,2025-08-20 02:24:31,0.0
GEOP_20260402.csv,2025-08-20 02:27:31,0.0
GEOP_20260402.csv,2025-08-20 02:30:31,0.0
GEOP_20260402.csv,2025-08-20 02:33:31,0.0
GEOP_20260402.csv,2025-08-20 02:36:31,0.0
GEOP_20260402.csv,2025-08-20 02:39:31,0.0
GEOP_20260402.csv,2025-08-20 02:42:31,0.0
GEOP_20260402.csv,2025-08-20 02:45:31,0.0
GEOP_20260402.csv,2025-08-20 02:48:31,0.0
GEOP_20260402.csv,2025-08-20 02:51:31,0.0
GEOP_20260402.csv,2025-08-20 02:54:31,0.0
GEOP_20260402.csv,2025-08-20 02:57:31,0.0
GEOP_20260402.csv,2025-08-20 03:00:31,0.0
GEOP_20260402.csv,2025-08-20 03:03:31,0.0
GEOP_20260402.csv,2025-08-20 03:06:31,0.0
GEOP_20260402.csv,2025-08-20 03:09:31,0.0
GEOP_20260402.csv,2025-08-20 03:12:31,0.0
GEOP_20260402.csv,2025-08-20 03:15:31,0.0
GEOP_20260402.csv,2025-08-20 03:18:31,0.0
GEOP_20260402.csv,2025-08-20 03:21:31,0.0
GEOP_20260402.csv,2025-08-20 03:24:31,0.0
GEOP_20260402.csv,2025-08-20 03:27:31,0.0
GEOP_20260402.csv,2025-08-20 03:30:31,0.0
GEOP_20260402.csv,2025-08-20 03:33:31,0.0
GEOP_20260402.csv,2025-08-20 03:36:31,0.0
GEOP_20260402.csv,2025-08-20 03:39:31,0.0
GEOP_20260402.csv,2025-08-20 03:42:31,0.0
GEOP_20260402.csv,2025-08-20 03:45:31,0.0
GEOP_20260402.csv,2025-08-20 03:48:31,0.0
GEOP_20260402.csv,2025-08-20 03:51:31,0.0
GEOP_20260402.csv,2025-08-20 03:54:31,0.0
GEOP_20260402.csv,2025-08-20 03:57:31,0.0
GEOP_20260402.csv,2025-08-20 04:00:31,0.0
GEOP_20260402.csv,2025-08-20 04:03:31,0.0
GEOP_20260402.csv,2025-08-20 04:06:31,0.0
GEOP_20260402.csv,2025-08-20 04:09:31,0.0
GEOP_20260402.csv,2025-08-20 04:12:31,0.0
GEOP_20260402.csv,2025-08-20 04:15:31,0.0
GEOP_20260402.csv,2025-08-20 04:18:31,0.0
GEOP_20260402.csv,2025-08-20 04:21:31,0.0
GEOP_20260402.csv,2025-08-20 04:24:31,0.0
GEOP_20260402.csv,2025-08-20 04:27:31,0.0
GEOP_20260402.csv,2025-08-20 04:30:31,0.0
GEOP_20260402.csv,2025-08-20 04:33:31,0.0
GEOP_20260402.csv,2025-08-20 04:36:31,0.0
GEOP_20260402.csv,2025-08-20 04:39:31,0.0
GEOP_20260402.csv,2025-08-20 04:42:31,0.0
GEOP_20260402.csv,2025-08-20 04:45:31,0.0
GEOP_20260402.csv,2025-08-20 04:48:31,0.0
GEOP_20260402.csv,2025-08-20 04:51:31,0.0
GEOP_20260402.csv,2025-08-20 04:54:31,0.0
GEOP_20260402.csv,2025-08-20 04:57:30,0.37
GEOP_20260402.csv,2025-08-20 05:00:31,1.01
GEOP_20260402.csv,2025-08-20 05:03:30,1.02
GEOP_20260402.csv,2025-08-20 05:06:30,1.1300000000000001
GEOP_20260402.csv,2025-08-20 05:09:30,0.46
GEOP_20260402.csv,2025-08-20 05:12:30,0.5
GEOP_20260402.csv,2025-08-20 05:15:31,0.22
GEOP_20260402.csv,2025-08-20 05:18:30,0.12
GEOP_20260402.csv,2025-08-20 05:21:30,0.07
GEOP_20260402.csv,2025-08-20 05:24:30,0.03
GEOP_20260402.csv,2025-08-20 05:27:30,0.03
GEOP_20260402.csv,2025-08-20 05:30:30,0.01
GEOP_20260402.csv,2025-08-20 05:33:30,0.01
GEOP_20260402.csv,2025-08-20 05:36:30,0.02
GEOP_20260402.csv,2025-08-20 05:39:30,0.0
GEOP_20260402.csv,2025-08-20 05:42:30,0.01
GEOP_20260402.csv,2025-08-20 05:45:30,0.0
GEOP_20260402.csv,2025-08-20 05:48:30,0.01
GEOP_20260402.csv,2025-08-20 05:51:30,0.0
GEOP_20260402.csv,2025-08-20 05:54:30,0.0
GEOP_20260402.csv,2025-08-20 05:57:30,0.01
GEOP_20260402.csv,2025-08-20 06:00:30,0.0
GEOP_20260402.csv,2025-08-20 06:03:30,0.0
GEOP_20260402.csv,2025-08-20 06:06:30,0.0
GEOP_20260402.csv,2025-08-20 06:09:30,0.0
GEOP_20260402.csv,2025-08-20 06:12:30,0.0
GEOP_20260402.csv,2025-08-20 06:15:30,0.01
GEOP_20260402.csv,2025-08-20 06:18:30,0.0
GEOP_20260402.csv,2025-08-20 06:21:30,0.0
GEOP_20260402.csv,2025-08-20 06:24:30,0.0
GEOP_20260402.csv,2025-08-20 06:27:30,0.0
GEOP_20260402.csv,2025-08-20 06:30:30,0.0
GEOP_20260402.csv,2025-08-20 06:33:30,0.0
GEOP_20260402.csv,2025-08-20 06:36:30,0.01
GEOP_20260402.csv,2025-08-20 06:39:30,0.0
GEOP_20260402.csv,2025-08-20 06:42:30,0.02
GEOP_20260402.csv,2025-08-20 06:45:30,0.03
GEOP_20260402.csv,2025-08-20 06:48:30,0.02
GEOP_20260402.csv,2025-08-20 06:51:30,0.01
GEOP_20260402.csv,2025-08-20 06:54:30,0.01
GEOP_20260402.csv,2025-08-20 06:57:30,0.02
GEOP_20260402.csv,2025-08-20 07:00:30,0.03
GEOP_20260402.csv,2025-08-20 07:03:30,0.06
GEOP_20260402.csv,2025-08-20 07:06:30,0.07
GEOP_20260402.csv,2025-08-20 07:09:30,0.05
GEOP_20260402.csv,2025-08-20 07:12:30,0.03
GEOP_20260402.csv,2025-08-20 07:15:30,0.04
GEOP_20260402.csv,2025-08-20 07:18:30,0.04
GEOP_20260402.csv,2025-08-20 07:21:30,0.06
GEOP_20260402.csv,2025-08-20 07:24:30,0.05
GEOP_20260402.csv,2025-08-20 07:27:30,0.02
GEOP_20260402.csv,2025-08-20 07:30:30,0.02
GEOP_20260402.csv,2025-08-20 07:33:30,0.01
GEOP_20260402.csv,2025-08-20 07:36:30,0.01
GEOP_20260402.csv,2025-08-20 07:39:30,0.0
GEOP_20260402.csv,2025-08-20 07:42:30,0.01
GEOP_20260402.csv,2025-08-20 07:45:30,0.0
GEOP_20260402.csv,2025-08-20 07:48:30,0.0
GEOP_20260402.csv,2025-08-20 07:51:30,0.0
GEOP_20260402.csv,2025-08-20 07:54:30,0.0
GEOP_20260402.csv,2025-08-20 07:57:30,0.0
GEOP_20260402.csv,2025-08-20 08:00:30,0.0
GEOP_20260402.csv,2025-08-20 08:03:30,0.0
GEOP_20260402.csv,2025-08-20 08:06:30,0.0
GEOP_20260402.csv,2025-08-20 08:09:30,0.0
GEOP_20260402.csv,2025-08-20 08:12:30,0.0
GEOP_20260402.csv,2025-08-20 08:15:30,0.0
GEOP_20260402.csv,2025-08-20 08:18:30,0.0
GEOP_20260402.csv,2025-08-20 08:21:30,0.0
GEOP_20260402.csv,2025-08-20 08:24:30,0.0
GEOP_20260402.csv,2025-08-20 08:27:30,0.0
GEOP_20260402.csv,2025-08-20 08:30:30,0.0
GEOP_20260402.csv,2025-08-20 08:33:30,0.0
GEOP_20260402.csv,2025-08-20 08:36:30,0.0
GEOP_20260402.csv,2025-08-20 08:39:30,0.0
GEOP_20260402.csv,2025-08-20 08:42:30,0.0
GEOP_20260402.csv,2025-08-20 08:45:30,0.0
GEOP_20260402.csv,2025-08-20 08:48:30,0.0
GEOP_20260402.csv,2025-08-20 08:51:30,0.0
GEOP_20260402.csv,2025-08-20 08:54:30,0.0
GEOP_20260402.csv,2025-08-20 08:57:30,0.0
GEOP_20260402.csv,2025-08-20 09:00:30,0.0
GEOP_20260402.csv,2025-08-20 09:03:30,0.0
GEOP_20260402.csv,2025-08-20 09:06:30,0.0
GEOP_20260402.csv,2025-08-20 09:09:30,0.0
GEOP_20260402.csv,2025-08-20 09:12:30,0.0
GEOP_20260402.csv,2025-08-20 09:15:30,0.0
GEOP_20260402.csv,2025-08-20 09:18:30,0.0
GEOP_20260402.csv,2025-08-20 09:21:30,0.0
GEOP_20260402.csv,2025-08-20 09:24:30,0.0
GEOP_20260402.csv,2025-08-20 09:27:30,0.0
GEOP_20260402.csv,2025-08-20 09:30:30,0.0
GEOP_20260402.csv,2025-08-20 09:33:30,0.0
GEOP_20260402.csv,2025-08-20 09:36:30,0.0
GEOP_20260402.csv,2025-08-20 09:39:30,0.0
GEOP_20260402.csv,2025-08-20 09:42:30,0.0
GEOP_20260402.csv,2025-08-20 09:45:30,0.0
GEOP_20260402.csv,2025-08-20 09:48:30,0.0
GEOP_20260402.csv,2025-08-20 09:51:30,0.0
GEOP_20260402.csv,2025-08-20 09:54:30,0.0
GEOP_20260402.csv,2025-08-20 09:57:30,0.0
GEOP_20260402.csv,2025-08-20 10:00:30,0.0
GEOP_20260402.csv,2025-08-20 10:03:30,0.0
GEOP_20260402.csv,2025-08-20 10:06:30,0.0
GEOP_20260402.csv,2025-08-20 10:09:30,0.0
GEOP_20260402.csv,2025-08-20 10:12:30,0.0
GEOP_20260402.csv,2025-08-20 10:15:30,0.0
GEOP_20260402.csv,2025-08-20 10:18:30,0.0
GEOP_20260402.csv,2025-08-20 10:21:30,0.0
GEOP_20260402.csv,2025-08-20 10:24:30,0.0
GEOP_20260402.csv,2025-08-20 10:27:30,0.0
GEOP_20260402.csv,2025-08-20 10:30:30,0.0
GEOP_20260402.csv,2025-08-20 10:33:30,0.0
GEOP_20260402.csv,2025-08-20 10:36:30,0.0
GEOP_20260402.csv,2025-08-20 10:39:30,0.0
GEOP_20260402.csv,2025-08-20 10:42:30,0.0
GEOP_20260402.csv,2025-08-20 10:45:30,0.0
GEOP_20260402.csv,2025-08-20 10:48:30,0.0
GEOP_20260402.csv,2025-08-20 10:51:30,0.0
GEOP_20260402.csv,2025-08-20 10:54:30,0.0
GEOP_20260402.csv,2025-08-20 10:57:30,0.0
GEOP_20260402.csv,2025-08-20 11:00:30,0.0
GEOP_20260402.csv,2025-08-20 11:03:30,0.0
GEOP_20260402.csv,2025-08-20 11:06:30,0.0
GEOP_20260402.csv,2025-08-20 11:09:30,0.0
GEOP_20260402.csv,2025-08-20 11:12:30,0.0
GEOP_20260402.csv,2025-08-20 11:15:30,0.0
GEOP_20260402.csv,2025-08-20 11:18:30,0.0
GEOP_20260402.csv,2025-08-20 11:21:30,0.0
GEOP_20260402.csv,2025-08-20 11:24:30,0.0
GEOP_20260402.csv,2025-08-20 11:27:30,0.0
GEOP_20260402.csv,2025-08-20 11:30:30,0.0
GEOP_20260402.csv,2025-08-20 11:33:30,0.0
GEOP_20260402.csv,2025-08-20 11:36:30,0.06
GEOP_20260402.csv,2025-08-20 11:39:30,0.09
GEOP_20260402.csv,2025-08-20 11:42:30,0.12
GEOP_20260402.csv,2025-08-20 11:45:30,0.14
GEOP_20260402.csv,2025-08-20 11:48:30,0.17
GEOP_20260402.csv,2025-08-20 11:51:30,0.13
GEOP_20260402.csv,2025-08-20 11:54:30,0.18
GEOP_20260402.csv,2025-08-20 11:57:30,0.14
GEOP_20260402.csv,2025-08-20 12:00:30,0.11
GEOP_20260402.csv,2025-08-20 12:03:30,0.05
GEOP_20260402.csv,2025-08-20 12:06:30,0.02
GEOP_20260402.csv,2025-08-20 12:09:30,0.01
GEOP_20260402.csv,2025-08-20 12:12:30,0.01
GEOP_20260402.csv,2025-08-20 12:15:30,0.0
GEOP_20260402.csv,2025-08-20 12:18:30,0.0
GEOP_20260402.csv,2025-08-20 12:21:30,0.0
GEOP_20260402.csv,2025-08-20 12:24:30,0.0
GEOP_20260402.csv,2025-08-20 12:27:30,0.01
GEOP_20260402.csv,2025-08-20 12:30:30,0.0
GEOP_20260402.csv,2025-08-20 12:33:30,0.05
GEOP_20260402.csv,2025-08-20 12:36:30,0.06
GEOP_20260402.csv,2025-08-20 12:39:30,0.04
GEOP_20260402.csv,2025-08-20 12:42:30,0.02
GEOP_20260402.csv,2025-08-20 12:45:30,0.02
GEOP_20260402.csv,2025-08-20 12:48:30,0.01
GEOP_20260402.csv,2025-08-20 12:51:30,0.0
GEOP_20260402.csv,2025-08-20 12:54:30,0.0
GEOP_20260402.csv,2025-08-20 12:57:30,0.0
GEOP_20260402.csv,2025-08-20 13:00:30,0.01
GEOP_20260402.csv,2025-08-20 13:03:30,0.0
GEOP_20260402.csv,2025-08-20 13:06:30,0.0
GEOP_20260402.csv,2025-08-20 13:09:30,0.0
GEOP_20260402.csv,2025-08-20 13:12:30,0.0
GEOP_20260402.csv,2025-08-20 13:15:30,0.0
GEOP_20260402.csv,2025-08-20 13:18:30,0.0
GEOP_20260402.csv,2025-08-20 13:21:30,0.01
GEOP_20260402.csv,2025-08-20 13:24:30,0.01
GEOP_20260402.csv,2025-08-20 13:27:30,0.0
GEOP_20260402.csv,2025-08-20 13:30:30,0.01
GEOP_20260402.csv,2025-08-20 13:33:30,0.0
GEOP_20260402.csv,2025-08-20 13:36:30,0.0
GEOP_20260402.csv,2025-08-20 13:39:30,0.01
GEOP_20260402.csv,2025-08-20 13:42:30,0.0
GEOP_20260402.csv,2025-08-20 13:45:30,0.0
GEOP_20260402.csv,2025-08-20 13:48:30,0.0
GEOP_20260402.csv,2025-08-20 13:51:30,0.01
GEOP_20260402.csv,2025-08-20 13:54:30,0.0
GEOP_20260402.csv,2025-08-20 13:57:30,0.01
GEOP_20260402.csv,2025-08-20 14:00:30,0.02
GEOP_20260402.csv,2025-08-20 14:03:30,0.01
GEOP_20260402.csv,2025-08-20 14:06:30,0.01
GEOP_20260402.csv,2025-08-20 14:09:30,0.01
GEOP_20260402.csv,2025-08-20 14:12:30,0.0
GEOP_20260402.csv,2025-08-20 14:15:30,0.01
GEOP_20260402.csv,2025-08-20 14:18:29,0.0
GEOP_20260402.csv,2025-08-20 14:21:29,0.0
GEOP_20260402.csv,2025-08-20 14:24:29,0.0
GEOP_20260402.csv,2025-08-20 14:27:29,0.01
GEOP_20260402.csv,2025-08-20 14:30:29,0.0
GEOP_20260402.csv,2025-08-20 14:33:29,0.0
GEOP_20260402.csv,2025-08-20 14:36:29,0.0
GEOP_20260402.csv,2025-08-20 14:39:29,0.0
GEOP_20260402.csv,2025-08-20 14:42:29,0.0
GEOP_20260402.csv,2025-08-20 14:45:29,0.01
GEOP_20260402.csv,2025-08-20 14:48:29,0.01
GEOP_20260402.csv,2025-08-20 14:51:29,0.01
GEOP_20260402.csv,2025-08-20 14:54:29,0.0
GEOP_20260402.csv,2025-08-20 14:57:29,0.01
GEOP_20260402.csv,2025-08-20 15:00:29,0.0
GEOP_20260402.csv,2025-08-20 15:03:29,0.0
GEOP_20260402.csv,2025-08-20 15:06:29,0.0
GEOP_20260402.csv,2025-08-20 15:09:29,0.0
GEOP_20260402.csv,2025-08-20 15:12:29,0.0
GEOP_20260402.csv,2025-08-20 15:15:29,0.0
GEOP_20260402.csv,2025-08-20 15:18:29,0.0
GEOP_20260402.csv,2025-08-20 15:21:29,0.0
GEOP_20260402.csv,2025-08-20 15:24:29,0.0
GEOP_20260402.csv,2025-08-20 15:27:29,0.0
GEOP_20260402.csv,2025-08-20 15:30:29,0.0
GEOP_20260402.csv,2025-08-20 15:33:29,0.02
GEOP_20260402.csv,2025-08-20 15:36:29,0.07
GEOP_20260402.csv,2025-08-20 15:39:29,0.04
GEOP_20260402.csv,2025-08-20 15:42:29,0.03
GEOP_20260402.csv,2025-08-20 15:45:29,0.01
GEOP_20260402.csv,2025-08-20 15:48:29,0.01
GEOP_20260402.csv,2025-08-20 15:51:29,0.0
GEOP_20260402.csv,2025-08-20 15:54:29,0.01
GEOP_20260402.csv,2025-08-20 15:57:29,0.0
GEOP_20260402.csv,2025-08-20 16:00:29,0.0
GEOP_20260402.csv,2025-08-20 16:03:29,0.01
GEOP_20260402.csv,2025-08-20 16:06:29,0.45
GEOP_20260402.csv,2025-08-20 16:09:29,0.29
GEOP_20260402.csv,2025-08-20 16:12:29,0.39
GEOP_20260402.csv,2025-08-20 16:15:29,1.25
GEOP_20260402.csv,2025-08-20 16:18:29,1.17
GEOP_20260402.csv,2025-08-20 16:21:29,0.01
GEOP_20260402.csv,2025-08-20 16:24:29,0.31
GEOP_20260402.csv,2025-08-20 16:27:29,0.44
GEOP_20260402.csv,2025-08-20 16:30:29,0.12
GEOP_20260402.csv,2025-08-20 16:33:29,0.08
GEOP_20260402.csv,2025-08-20 16:36:29,0.05
GEOP_20260402.csv,2025-08-20 16:39:29,0.03
GEOP_20260402.csv,2025-08-20 16:42:29,0.02
GEOP_20260402.csv,2025-08-20 16:45:29,0.02
GEOP_20260402.csv,2025-08-20 16:48:29,0.02
GEOP_20260402.csv,2025-08-20 16:51:29,0.03
GEOP_20260402.csv,2025-08-20 16:54:29,0.03
GEOP_20260402.csv,2025-08-20 16:57:29,0.04
GEOP_20260402.csv,2025-08-20 17:00:29,0.03
GEOP_20260402.csv,2025-08-20 17:03:29,0.02
GEOP_20260402.csv,2025-08-20 17:06:29,0.02
GEOP_20260402.csv,2025-08-20 17:09:29,0.05
GEOP_20260402.csv,2025-08-20 17:12:29,0.05
GEOP_20260402.csv,2025-08-20 17:15:29,0.06
GEOP_20260402.csv,2025-08-20 17:18:29,0.04
GEOP_20260402.csv,2025-08-20 17:21:29,0.05
GEOP_20260402.csv,2025-08-20 17:24:29,0.04
GEOP_20260402.csv,2025-08-20 17:27:29,0.04
GEOP_20260402.csv,2025-08-20 17:30:29,0.02
GEOP_20260402.csv,2025-08-20 17:33:29,0.02
GEOP_20260402.csv,2025-08-20 17:36:29,0.02
GEOP_20260402.csv,2025-08-20 17:39:29,0.01
GEOP_20260402.csv,2025-08-20 17:42:29,0.04
GEOP_20260402.csv,2025-08-20 17:45:29,0.08
GEOP_20260402.csv,2025-08-20 17:48:29,0.08
GEOP_20260402.csv,2025-08-20 17:51:29,0.06
GEOP_20260402.csv,2025-08-20 17:54:29,0.06
GEOP_20260402.csv,2025-08-20 17:57:29,0.05
GEOP_20260402.csv,2025-08-20 18:00:29,0.02
GEOP_20260402.csv,2025-08-20 18:03:29,0.02
GEOP_20260402.csv,2025-08-20 18:06:29,0.05
GEOP_20260402.csv,2025-08-20 18:09:29,0.08
GEOP_20260402.csv,2025-08-20 18:12:29,0.08
GEOP_20260402.csv,2025-08-20 18:15:29,0.05
GEOP_20260402.csv,2025-08-20 18:18:29,0.12
GEOP_20260402.csv,2025-08-20 18:21:29,0.56
GEOP_20260402.csv,2025-08-20 18:24:29,0.54
GEOP_20260402.csv,2025-08-20 18:27:29,0.47000000000000003
GEOP_20260402.csv,2025-08-20 18:30:29,0.43
GEOP_20260402.csv,2025-08-20 18:33:29,0.37
GEOP_20260402.csv,2025-08-20 18:36:29,0.31
GEOP_20260402.csv,2025-08-20 18:39:29,0.19
GEOP_20260402.csv,2025-08-20 18:42:29,0.26
GEOP_20260402.csv,2025-08-20 18:45:29,0.26
GEOP_20260402.csv,2025-08-20 18:48:29,0.54
GEOP_20260402.csv,2025-08-20 18:51:29,1.97
GEOP_20260402.csv,2025-08-20 18:54:29,2.3000000000000003
GEOP_20260402.csv,2025-08-20 18:57:29,2.47
GEOP_20260402.csv,2025-08-20 19:00:29,2.47
GEOP_20260402.csv,2025-08-20 19:03:29,1.31
GEOP_20260402.csv,2025-08-20 19:06:29,1.85
GEOP_20260402.csv,2025-08-20 19:09:29,2.11
GEOP_20260402.csv,2025-08-20 19:12:29,1.87
GEOP_20260402.csv,2025-08-20 19:15:29,1.77
GEOP_20260402.csv,2025-08-20 19:18:29,0.55
GEOP_20260402.csv,2025-08-20 19:21:29,0.35000000000000003
GEOP_20260402.csv,2025-08-20 19:24:29,0.25
GEOP_20260402.csv,2025-08-20 19:27:29,0.23
GEOP_20260402.csv,2025-08-20 19:30:29,0.4
GEOP_20260402.csv,2025-08-20 19:33:29,0.36
GEOP_20260402.csv,2025-08-20 19:36:29,0.3
GEOP_20260402.csv,2025-08-20 19:39:29,0.3
GEOP_20260402.csv,2025-08-20 19:42:29,0.48
GEOP_20260402.csv,2025-08-20 19:45:29,0.59
GEOP_20260402.csv,2025-08-20 19:48:29,0.34
GEOP_20260402.csv,2025-08-20 19:51:29,0.23
GEOP_20260402.csv,2025-08-20 19:54:29,0.17
GEOP_20260402.csv,2025-08-20 19:57:29,0.31
GEOP_20260402.csv,2025-08-20 20:00:29,0.28
GEOP_20260402.csv,2025-08-20 20:03:29,0.21
GEOP_20260402.csv,2025-08-20 20:06:29,0.14
GEOP_20260402.csv,2025-08-20 20:09:29,0.14
GEOP_20260402.csv,2025-08-20 20:12:29,0.13
GEOP_20260402.csv,2025-08-20 20:15:29,0.22
GEOP_20260402.csv,2025-08-20 20:18:29,0.14
GEOP_20260402.csv,2025-08-20 20:21:29,0.1
GEOP_20260402.csv,2025-08-20 20:24:29,0.08
GEOP_20260402.csv,2025-08-20 20:27:29,0.06
GEOP_20260402.csv,2025-08-20 20:30:29,0.07
GEOP_20260402.csv,2025-08-20 20:33:29,0.06
GEOP_20260402.csv,2025-08-20 20:36:29,0.04
GEOP_20260402.csv,2025-08-20 20:39:29,0.02
GEOP_20260402.csv,2025-08-20 20:42:29,0.02
GEOP_20260402.csv,2025-08-20 20:45:29,0.01
GEOP_20260402.csv,2025-08-20 20:48:29,0.01
GEOP_20260402.csv,2025-08-20 20:51:29,0.0
GEOP_20260402.csv,2025-08-20 20:54:29,0.01
GEOP_20260402.csv,2025-08-20 20:57:29,0.0
GEOP_20260402.csv,2025-08-20 21:00:29,0.01
GEOP_20260402.csv,2025-08-20 21:03:29,0.0
GEOP_20260402.csv,2025-08-20 21:06:29,0.0
GEOP_20260402.csv,2025-08-20 21:09:29,0.0
GEOP_20260402.csv,2025-08-20 21:12:29,0.0
GEOP_20260402.csv,2025-08-20 21:15:29,0.01
GEOP_20260402.csv,2025-08-20 21:18:29,0.0
GEOP_20260402.csv,2025-08-20 21:21:29,0.01
GEOP_20260402.csv,2025-08-20 21:24:29,0.01
GEOP_20260402.csv,2025-08-20 21:27:29,0.0
GEOP_20260402.csv,2025-08-20 21:30:29,0.01
GEOP_20260402.csv,2025-08-20 21:33:29,0.0
GEOP_20260402.csv,2025-08-20 21:36:29,0.0
GEOP_20260402.csv,2025-08-20 21:39:29,0.0
GEOP_20260402.csv,2025-08-20 21:42:29,0.01
GEOP_20260402.csv,2025-08-20 21:45:29,0.0
GEOP_20260402.csv,2025-08-20 21:48:29,0.0
GEOP_20260402.csv,2025-08-20 21:51:29,0.0
GEOP_20260402.csv,2025-08-20 21:54:29,0.0
GEOP_20260402.csv,2025-08-20 21:57:29,0.0
GEOP_20260402.csv,2025-08-20 22:00:29,0.0
GEOP_20260402.csv,2025-08-20 22:03:29,0.0
GEOP_20260402.csv,2025-08-20 22:06:29,0.02
GEOP_20260402.csv,2025-08-20 22:09:29,0.03
GEOP_20260402.csv,2025-08-20 22:12:29,0.03
GEOP_20260402.csv,2025-08-20 22:15:29,0.02
GEOP_20260402.csv,2025-08-20 22:18:29,0.09
GEOP_20260402.csv,2025-08-20 22:21:29,0.18
GEOP_20260402.csv,2025-08-20 22:24:29,0.29
GEOP_20260402.csv,2025-08-20 22:27:29,0.23
GEOP_20260402.csv,2025-08-20 22:30:29,0.15
GEOP_20260402.csv,2025-08-20 22:33:29,0.13
GEOP_20260402.csv,2025-08-20 22:36:29,0.1
GEOP_20260402.csv,2025-08-20 22:39:29,0.08
GEOP_20260402.csv,2025-08-20 22:42:29,0.06
GEOP_20260402.csv,2025-08-20 22:45:29,0.07
GEOP_20260402.csv,2025-08-20 22:48:29,0.06
GEOP_20260402.csv,2025-08-20 22:51:29,0.05
GEOP_20260402.csv,2025-08-20 22:54:29,0.05
GEOP_20260402.csv,2025-08-20 22:57:29,0.06
GEOP_20260402.csv,2025-08-20 23:00:29,0.05
GEOP_20260402.csv,2025-08-20 23:03:29,0.04
GEOP_20260402.csv,2025-08-20 23:06:29,0.03
GEOP_20260402.csv,2025-08-20 23:09:29,0.03
GEOP_20260402.csv,2025-08-20 23:12:29,0.02
GEOP_20260402.csv,2025-08-20 23:15:29,0.03
GEOP_20260402.csv,2025-08-20 23:18:29,0.02
GEOP_20260402.csv,2025-08-20 23:21:29,0.03
GEOP_20260402.csv,2025-08-20 23:24:29,0.03
GEOP_20260402.csv,2025-08-20 23:27:29,0.03
GEOP_20260402.csv,2025-08-20 23:30:29,0.01
GEOP_20260402.csv,2025-08-20 23:33:29,0.01
GEOP_20260402.csv,2025-08-20 23:36:29,0.01
GEOP_20260402.csv,2025-08-20 23:39:29,0.0
GEOP_20260402.csv,2025-08-20 23:42:29,0.01
GEOP_20260402.csv,2025-08-20 23:45:29,0.0
GEOP_20260402.csv,2025-08-20 23:48:29,0.0
GEOP_20260402.csv,2025-08-20 23:51:29,0.0
GEOP_20260402.csv,2025-08-20 23:54:29,0.01
GEOP_20260402.csv,2025-08-20 23:57:29,0.0
GEOP_20260402.csv,2025-08-21 00:00:29,0.0
GEOP_20260402.csv,2025-08-21 00:03:29,0.0
GEOP_20260402.csv,2025-08-21 00:06:29,0.0
GEOP_20260402.csv,2025-08-21 00:09:29,0.0
GEOP_20260402.csv,2025-08-21 00:12:29,0.0
GEOP_20260402.csv,2025-08-21 00:15:29,0.0
GEOP_20260402.csv,2025-08-21 00:18:29,0.0
GEOP_20260402.csv,2025-08-21 00:21:29,0.0
GEOP_20260402.csv,2025-08-21 00:24:29,0.0
GEOP_20260402.csv,2025-08-21 00:27:29,0.0
GEOP_20260402.csv,2025-08-21 00:30:29,0.01
GEOP_20260402.csv,2025-08-21 00:33:29,0.0
GEOP_20260402.csv,2025-08-21 00:36:29,0.0
GEOP_20260402.csv,2025-08-21 00:39:29,0.0
GEOP_20260402.csv,2025-08-21 00:42:29,0.0
GEOP_20260402.csv,2025-08-21 00:45:29,0.0
GEOP_20260402.csv,2025-08-21 00:48:29,0.0
GEOP_20260402.csv,2025-08-21 00:51:28,0.0
GEOP_20260402.csv,2025-08-21 00:54:28,0.0
GEOP_20260402.csv,2025-08-21 00:57:28,0.0
GEOP_20260402.csv,2025-08-21 01:00:28,0.0
GEOP_20260402.csv,2025-08-21 01:03:28,0.0
GEOP_20260402.csv,2025-08-21 01:06:28,0.0
GEOP_20260402.csv,2025-08-21 01:09:28,0.0
GEOP_20260402.csv,2025-08-21 01:12:28,0.0
GEOP_20260402.csv,2025-08-21 01:15:28,0.0
GEOP_20260402.csv,2025-08-21 01:18:28,0.0
GEOP_20260402.csv,2025-08-21 01:21:28,0.0
GEOP_20260402.csv,2025-08-21 01:24:28,0.0
GEOP_20260402.csv,2025-08-21 01:27:28,0.0
GEOP_20260402.csv,2025-08-21 01:30:29,0.0
GEOP_20260402.csv,2025-08-21 01:33:28,0.0
GEOP_20260402.csv,2025-08-21 01:36:28,0.0
GEOP_20260402.csv,2025-08-21 01:39:28,0.0
GEOP_20260402.csv,2025-08-21 01:42:28,0.0
GEOP_20260402.csv,2025-08-21 01:45:28,0.01
GEOP_20260402.csv,2025-08-21 01:48:28,0.0
GEOP_20260402.csv,2025-08-21 01:51:28,0.0
GEOP_20260402.csv,2025-08-21 01:54:28,0.0
GEOP_20260402.csv,2025-08-21 01:57:28,0.0
GEOP_20260402.csv,2025-08-21 02:00:28,0.0
GEOP_20260402.csv,2025-08-21 02:03:28,0.0
GEOP_20260402.csv,2025-08-21 02:06:28,0.0
GEOP_20260402.csv,2025-08-21 02:09:28,0.0
GEOP_20260402.csv,2025-08-21 02:12:28,0.0
GEOP_20260402.csv,2025-08-21 02:15:28,0.0
GEOP_20260402.csv,2025-08-21 02:18:28,0.0
GEOP_20260402.csv,2025-08-21 02:21:28,0.0
GEOP_20260402.csv,2025-08-21 02:24:28,0.0
GEOP_20260402.csv,2025-08-21 02:27:28,0.0
GEOP_20260402.csv,2025-08-21 02:30:28,0.0
GEOP_20260402.csv,2025-08-21 02:33:28,0.0
GEOP_20260402.csv,2025-08-21 02:36:28,0.0
GEOP_20260402.csv,2025-08-21 02:39:28,0.0
GEOP_20260402.csv,2025-08-21 02:42:28,0.0
GEOP_20260402.csv,2025-08-21 02:45:28,0.0
GEOP_20260402.csv,2025-08-21 02:48:28,0.0
GEOP_20260402.csv,2025-08-21 02:51:28,0.0
GEOP_20260402.csv,2025-08-21 02:54:28,0.0
GEOP_20260402.csv,2025-08-21 02:57:28,0.0
GEOP_20260402.csv,2025-08-21 03:00:28,0.0
GEOP_20260402.csv,2025-08-21 03:03:28,0.0
GEOP_20260402.csv,2025-08-21 03:06:28,0.0
GEOP_20260402.csv,2025-08-21 03:09:28,0.0
GEOP_20260402.csv,2025-08-21 03:12:28,0.0
GEOP_20260402.csv,2025-08-21 03:15:28,0.0
GEOP_20260402.csv,2025-08-21 03:18:28,0.0
GEOP_20260402.csv,2025-08-21 03:21:28,0.0
GEOP_20260402.csv,2025-08-21 03:24:28,0.0
GEOP_20260402.csv,2025-08-21 03:27:28,0.0
GEOP_20260402.csv,2025-08-21 03:30:28,0.0
GEOP_20260402.csv,2025-08-21 03:33:28,0.0
GEOP_20260402.csv,2025-08-21 03:36:28,0.0
GEOP_20260402.csv,2025-08-21 03:39:28,0.0
GEOP_20260402.csv,2025-08-21 03:42:28,0.0
GEOP_20260402.csv,2025-08-21 03:45:28,0.0
GEOP_20260402.csv,2025-08-21 03:48:28,0.0
GEOP_20260402.csv,2025-08-21 03:51:28,0.0
GEOP_20260402.csv,2025-08-21 03:54:28,0.0
GEOP_20260402.csv,2025-08-21 03:57:28,0.0
GEOP_20260402.csv,2025-08-21 04:00:28,0.0
GEOP_20260402.csv,2025-08-21 04:03:28,0.0
GEOP_20260402.csv,2025-08-21 04:06:28,0.0
GEOP_20260402.csv,2025-08-21 04:09:28,0.0
GEOP_20260402.csv,2025-08-21 04:12:28,0.0
GEOP_20260402.csv,2025-08-21 04:15:28,0.0
GEOP_20260402.csv,2025-08-21 04:18:28,0.0
GEOP_20260402.csv,2025-08-21 04:21:28,0.0
GEOP_20260402.csv,2025-08-21 04:24:28,0.0
GEOP_20260402.csv,2025-08-21 04:27:28,0.0
GEOP_20260402.csv,2025-08-21 04:30:28,0.0
GEOP_20260402.csv,2025-08-21 04:33:28,0.0
GEOP_20260402.csv,2025-08-21 04:39:28,0.01
GEOP_20260402.csv,2025-08-21 04:42:28,0.0
GEOP_20260402.csv,2025-08-21 04:45:28,0.0
GEOP_20260402.csv,2025-08-21 04:48:28,0.0
GEOP_20260402.csv,2025-08-21 04:51:28,0.0
GEOP_20260402.csv,2025-08-21 04:54:28,0.0
GEOP_20260402.csv,2025-08-21 04:57:28,0.0
GEOP_20260402.csv,2025-08-21 05:00:28,0.0
GEOP_20260402.csv,2025-08-21 05:03:28,0.0
GEOP_20260402.csv,2025-08-21 05:06:28,0.0
GEOP_20260402.csv,2025-08-21 05:09:28,0.0
GEOP_20260402.csv,2025-08-21 05:12:28,0.0
GEOP_20260402.csv,2025-08-21 05:15:28,0.0
GEOP_20260402.csv,2025-08-21 05:18:28,0.0
GEOP_20260402.csv,2025-08-21 05:21:28,0.0
GEOP_20260402.csv,2025-08-21 05:24:28,0.01
GEOP_20260402.csv,2025-08-21 05:27:28,0.0
GEOP_20260402.csv,2025-08-21 05:30:28,0.0
GEOP_20260402.csv,2025-08-21 05:33:28,0.0
GEOP_20260402.csv,2025-08-21 05:36:28,0.0
GEOP_20260402.csv,2025-08-21 05:39:28,0.0
GEOP_20260402.csv,2025-08-21 05:42:28,0.0
GEOP_20260402.csv,2025-08-21 05:45:28,0.0
GEOP_20260402.csv,2025-08-21 05:48:28,0.0
GEOP_20260402.csv,2025-08-21 05:51:28,0.0
GEOP_20260402.csv,2025-08-21 05:54:28,0.0
GEOP_20260402.csv,2025-08-21 05:57:28,0.0
GEOP_20260402.csv,2025-08-21 06:00:28,0.0
GEOP_20260402.csv,2025-08-21 06:03:28,0.0
GEOP_20260402.csv,2025-08-21 06:06:28,0.0
GEOP_20260402.csv,2025-08-21 06:09:28,0.0
GEOP_20260402.csv,2025-08-21 06:12:28,0.0
GEOP_20260402.csv,2025-08-21 06:15:28,0.0
GEOP_20260402.csv,2025-08-21 06:18:28,0.0
GEOP_20260402.csv,2025-08-21 06:21:28,0.0
GEOP_20260402.csv,2025-08-21 06:24:28,0.0
GEOP_20260402.csv,2025-08-21 06:27:28,0.0
GEOP_20260402.csv,2025-08-21 06:30:28,0.0
GEOP_20260402.csv,2025-08-21 06:33:28,0.0
GEOP_20260402.csv,2025-08-21 06:36:28,0.0
GEOP_20260402.csv,2025-08-21 06:39:28,0.0
GEOP_20260402.csv,2025-08-21 06:42:28,0.0
GEOP_20260402.csv,2025-08-21 06:45:28,0.0
GEOP_20260402.csv,2025-08-21 06:48:28,0.0
GEOP_20260402.csv,2025-08-21 06:51:28,0.0
GEOP_20260402.csv,2025-08-21 06:54:28,0.0
GEOP_20260402.csv,2025-08-21 06:57:28,0.0
GEOP_20260402.csv,2025-08-21 07:00:28,0.0
GEOP_20260402.csv,2025-08-21 07:03:28,0.0
GEOP_20260402.csv,2025-08-21 07:06:28,0.0
GEOP_20260402.csv,2025-08-21 07:09:28,0.0
GEOP_20260402.csv,2025-08-21 07:12:28,0.0
GEOP_20260402.csv,2025-08-21 07:15:28,0.0
GEOP_20260402.csv,2025-08-21 07:18:28,0.0
GEOP_20260402.csv,2025-08-21 07:21:28,0.0
GEOP_20260402.csv,2025-08-21 07:24:28,0.0
GEOP_20260402.csv,2025-08-21 07:27:28,0.0
GEOP_20260402.csv,2025-08-21 07:30:28,0.0
GEOP_20260402.csv,2025-08-21 07:33:28,0.0
GEOP_20260402.csv,2025-08-21 07:36:28,0.0
GEOP_20260402.csv,2025-08-21 07:39:28,0.0
GEOP_20260402.csv,2025-08-21 07:42:28,0.0
GEOP_20260402.csv,2025-08-21 07:45:28,0.0
GEOP_20260402.csv,2025-08-21 07:48:28,0.0
GEOP_20260402.csv,2025-08-21 07:51:28,0.0
GEOP_20260402.csv,2025-08-21 07:54:28,0.0
GEOP_20260402.csv,2025-08-21 07:57:28,0.0
GEOP_20260402.csv,2025-08-21 08:00:28,0.0
GEOP_20260402.csv,2025-08-21 08:03:28,0.0
GEOP_20260402.csv,2025-08-21 08:06:28,0.0
GEOP_20260402.csv,2025-08-21 08:09:28,0.0
GEOP_20260402.csv,2025-08-21 08:12:28,0.0
GEOP_20260402.csv,2025-08-21 08:15:28,0.0
GEOP_20260402.csv,2025-08-21 08:18:28,0.0
GEOP_20260402.csv,2025-08-21 08:21:28,0.0
GEOP_20260402.csv,2025-08-21 08:24:28,0.0
GEOP_20260402.csv,2025-08-21 08:27:28,0.0
GEOP_20260402.csv,2025-08-21 08:30:28,0.0
GEOP_20260402.csv,2025-08-21 08:33:28,0.0
GEOP_20260402.csv,2025-08-21 08:36:28,0.0
GEOP_20260402.csv,2025-08-21 08:39:28,0.0
GEOP_20260402.csv,2025-08-21 08:42:28,0.0
GEOP_20260402.csv,2025-08-21 08:45:28,0.0
GEOP_20260402.csv,2025-08-21 08:48:28,0.0
GEOP_20260402.csv,2025-08-21 08:51:28,0.0
GEOP_20260402.csv,2025-08-21 08:54:28,0.0
GEOP_20260402.csv,2025-08-21 08:57:28,0.0
GEOP_20260402.csv,2025-08-21 09:00:28,0.0
GEOP_20260402.csv,2025-08-21 09:03:28,0.0
GEOP_20260402.csv,2025-08-21 09:06:28,0.0
GEOP_20260402.csv,2025-08-21 09:09:28,0.0
GEOP_20260402.csv,2025-08-21 09:12:28,0.0
GEOP_20260402.csv,2025-08-21 09:16:07,0.0
GEOP_20260402.csv,2025-08-21 09:18:47,0.0
GEOP_20260402.csv,2025-08-21 09:21:47,0.0
GEOP_20260402.csv,2025-08-21 09:24:47,0.0
GEOP_20260402.csv,2025-08-21 09:27:47,0.0
GEOP_20260402.csv,2025-08-21 09:30:47,0.0
GEOP_20260402.csv,2025-08-21 09:33:47,0.0
GEOP_20260402.csv,2025-08-21 09:36:47,0.0
GEOP_20260402.csv,2025-08-21 09:39:47,0.0
GEOP_20260402.csv,2025-08-21 09:42:47,0.0
GEOP_20260402.csv,2025-08-21 09:45:47,0.0
GEOP_20260402.csv,2025-08-21 09:48:47,0.0
GEOP_20260402.csv,2025-08-21 09:51:47,0.0
GEOP_20260402.csv,2025-08-21 09:54:47,0.0
GEOP_20260402.csv,2025-08-21 09:57:47,0.0
GEOP_20260402.csv,2025-08-21 10:00:47,0.0
GEOP_20260402.csv,2025-08-21 10:03:47,0.0
GEOP_20260402.csv,2025-08-21 10:06:47,0.0
GEOP_20260402.csv,2025-08-21 10:09:47,0.0
GEOP_20260402.csv,2025-08-21 10:12:47,0.0
GEOP_20260402.csv,2025-08-21 10:15:47,0.0
GEOP_20260402.csv,2025-08-21 10:18:47,0.0
GEOP_20260402.csv,2025-08-21 10:21:47,0.0
GEOP_20260402.csv,2025-08-21 10:24:47,0.0
GEOP_20260402.csv,2025-08-21 10:27:47,0.0
GEOP_20260402.csv,2025-08-21 10:30:47,0.0
GEOP_20260402.csv,2025-08-21 10:33:47,0.0
GEOP_20260402.csv,2025-08-21 10:36:47,0.0
GEOP_20260402.csv,2025-08-21 10:39:47,0.0
GEOP_20260402.csv,2025-08-21 10:42:47,0.03
GEOP_20260402.csv,2025-08-21 10:45:47,0.02
GEOP_20260402.csv,2025-08-21 10:48:47,0.04
GEOP_20260402.csv,2025-08-21 10:51:47,0.07
GEOP_20260402.csv,2025-08-21 10:54:47,0.05
GEOP_20260402.csv,2025-08-21 10:57:47,0.02
GEOP_20260402.csv,2025-08-21 11:00:47,0.01
GEOP_20260402.csv,2025-08-21 11:03:47,0.02
GEOP_20260402.csv,2025-08-21 11:06:47,0.02
GEOP_20260402.csv,2025-08-21 11:09:47,0.03
GEOP_20260402.csv,2025-08-21 11:12:47,0.01
GEOP_20260402.csv,2025-08-21 11:15:47,0.01
GEOP_20260402.csv,2025-08-21 11:18:47,0.01
GEOP_20260402.csv,2025-08-21 11:21:47,0.01
GEOP_20260402.csv,2025-08-21 11:24:47,0.0
GEOP_20260402.csv,2025-08-21 11:27:47,0.0
GEOP_20260402.csv,2025-08-21 11:30:47,0.01
GEOP_20260402.csv,2025-08-21 11:33:47,0.0
GEOP_20260402.csv,2025-08-21 11:36:47,0.01
GEOP_20260402.csv,2025-08-21 11:39:47,0.01
GEOP_20260402.csv,2025-08-21 11:42:47,0.01
GEOP_20260402.csv,2025-08-21 11:45:47,0.02
GEOP_20260402.csv,2025-08-21 11:48:47,0.01
GEOP_20260402.csv,2025-08-21 11:51:47,0.01
GEOP_20260402.csv,2025-08-21 11:54:47,0.0
GEOP_20260402.csv,2025-08-21 11:57:47,0.01
GEOP_20260402.csv,2025-08-21 12:00:47,0.0
GEOP_20260402.csv,2025-08-21 12:03:47,0.0
GEOP_20260402.csv,2025-08-21 12:06:47,0.0
GEOP_20260402.csv,2025-08-21 12:09:47,0.0
GEOP_20260402.csv,2025-08-21 12:12:47,0.0
GEOP_20260402.csv,2025-08-21 12:15:47,0.0
GEOP_20260402.csv,2025-08-21 12:18:47,0.0
GEOP_20260402.csv,2025-08-21 12:21:46,0.0
GEOP_20260402.csv,2025-08-21 12:24:47,0.01
GEOP_20260402.csv,2025-08-21 12:27:46,0.0
GEOP_20260402.csv,2025-08-21 12:30:46,0.0
GEOP_20260402.csv,2025-08-21 12:33:46,0.0
GEOP_20260402.csv,2025-08-21 12:36:46,0.0
GEOP_20260402.csv,2025-08-21 12:39:47,0.0
GEOP_20260402.csv,2025-08-21 12:42:46,0.0
GEOP_20260402.csv,2025-08-21 12:45:46,0.0
GEOP_20260402.csv,2025-08-21 12:48:46,0.0
GEOP_20260402.csv,2025-08-21 12:51:46,0.0
GEOP_20260402.csv,2025-08-21 12:54:46,0.0
GEOP_20260402.csv,2025-08-21 12:57:46,0.0
GEOP_20260402.csv,2025-08-21 13:00:46,0.0
GEOP_20260402.csv,2025-08-21 13:03:46,0.0
GEOP_20260402.csv,2025-08-21 13:06:46,0.0
GEOP_20260402.csv,2025-08-21 13:09:46,0.0
GEOP_20260402.csv,2025-08-21 13:12:46,0.0
GEOP_20260402.csv,2025-08-21 13:15:46,0.0
GEOP_20260402.csv,2025-08-21 13:18:46,0.0
GEOP_20260402.csv,2025-08-21 13:21:46,0.01
GEOP_20260402.csv,2025-08-21 13:24:46,0.0
GEOP_20260402.csv,2025-08-21 13:27:46,0.0
GEOP_20260402.csv,2025-08-21 13:30:46,0.0
GEOP_20260402.csv,2025-08-21 13:33:46,0.0
GEOP_20260402.csv,2025-08-21 13:36:46,0.0
GEOP_20260402.csv,2025-08-21 13:39:46,0.0
GEOP_20260402.csv,2025-08-21 13:42:46,0.0
GEOP_20260402.csv,2025-08-21 13:45:46,0.0
GEOP_20260402.csv,2025-08-21 13:48:46,0.0
GEOP_20260402.csv,2025-08-21 13:51:46,0.0
GEOP_20260402.csv,2025-08-21 13:54:46,0.0
GEOP_20260402.csv,2025-08-21 13:57:46,0.0
GEOP_20260402.csv,2025-08-21 14:00:46,0.0
GEOP_20260402.csv,2025-08-21 14:03:46,0.0
GEOP_20260402.csv,2025-08-21 14:06:46,0.0
GEOP_20260402.csv,2025-08-21 14:09:46,0.0
GEOP_20260402.csv,2025-08-21 14:12:46,0.0
GEOP_20260402.csv,2025-08-21 14:15:46,0.0
GEOP_20260402.csv,2025-08-21 14:18:46,0.0
GEOP_20260402.csv,2025-08-21 14:21:46,0.0
GEOP_20260402.csv,2025-08-21 14:24:46,0.0
GEOP_20260402.csv,2025-08-21 14:27:46,0.0
GEOP_20260402.csv,2025-08-21 14:30:46,0.0
GEOP_20260402.csv,2025-08-21 14:33:46,0.0
GEOP_20260402.csv,2025-08-21 14:36:46,0.0
GEOP_20260402.csv,2025-08-21 14:39:46,0.0
GEOP_20260402.csv,2025-08-21 14:42:46,0.0
GEOP_20260402.csv,2025-08-21 14:45:46,0.0
GEOP_20260402.csv,2025-08-21 14:48:46,0.0
GEOP_20260402.csv,2025-08-21 14:51:46,0.0
GEOP_20260402.csv,2025-08-21 14:54:46,0.0
GEOP_20260402.csv,2025-08-21 14:57:46,0.0
GEOP_20260402.csv,2025-08-21 15:00:46,0.0
GEOP_20260402.csv,2025-08-21 15:03:46,0.0
GEOP_20260402.csv,2025-08-21 15:06:46,0.0
GEOP_20260402.csv,2025-08-21 15:09:46,0.0
GEOP_20260402.csv,2025-08-21 15:12:46,0.0
GEOP_20260402.csv,2025-08-21 15:15:46,0.0
GEOP_20260402.csv,2025-08-21 15:18:46,0.0
GEOP_20260402.csv,2025-08-21 15:21:46,0.0
GEOP_20260402.csv,2025-08-21 15:24:46,0.0
GEOP_20260402.csv,2025-08-21 15:27:46,0.02
GEOP_20260402.csv,2025-08-21 15:30:46,0.02
GEOP_20260402.csv,2025-08-21 15:33:46,0.03
GEOP_20260402.csv,2025-08-21 15:36:46,0.02
GEOP_20260402.csv,2025-08-21 15:39:46,0.02
GEOP_20260402.csv,2025-08-21 15:42:46,0.03
GEOP_20260402.csv,2025-08-21 15:45:46,0.04
GEOP_20260402.csv,2025-08-21 15:48:46,0.05
GEOP_20260402.csv,2025-08-21 15:51:46,0.04
GEOP_20260402.csv,2025-08-21 15:54:46,0.04
GEOP_20260402.csv,2025-08-21 15:57:46,0.04
GEOP_20260402.csv,2025-08-21 16:00:46,0.05
GEOP_20260402.csv,2025-08-21 16:03:46,0.03
GEOP_20260402.csv,2025-08-21 16:06:46,0.03
GEOP_20260402.csv,2025-08-21 16:09:46,0.03
GEOP_20260402.csv,2025-08-21 16:12:46,0.04
GEOP_20260402.csv,2025-08-21 16:15:46,0.05
GEOP_20260402.csv,2025-08-21 16:18:46,0.03
GEOP_20260402.csv,2025-08-21 16:21:46,0.03
GEOP_20260402.csv,2025-08-21 16:24:46,0.03
GEOP_20260402.csv,2025-08-21 16:27:46,0.02
GEOP_20260402.csv,2025-08-21 16:30:46,0.04
GEOP_20260402.csv,2025-08-21 16:33:46,0.1
GEOP_20260402.csv,2025-08-21 16:36:46,0.15
GEOP_20260402.csv,2025-08-21 16:39:46,0.1
GEOP_20260402.csv,2025-08-21 16:42:46,0.09
GEOP_20260402.csv,2025-08-21 16:45:46,0.06
GEOP_20260402.csv,2025-08-21 16:48:46,0.04
GEOP_20260402.csv,2025-08-21 16:51:46,0.03
GEOP_20260402.csv,2025-08-21 16:54:46,0.03
GEOP_20260402.csv,2025-08-21 16:57:46,0.03
GEOP_20260402.csv,2025-08-21 17:00:46,0.03
GEOP_20260402.csv,2025-08-21 17:03:46,0.02
GEOP_20260402.csv,2025-08-21 17:06:46,0.01
GEOP_20260402.csv,2025-08-21 17:09:46,0.01
GEOP_20260402.csv,2025-08-21 17:12:46,0.01
GEOP_20260402.csv,2025-08-21 17:15:46,0.01
GEOP_20260402.csv,2025-08-21 17:18:46,0.01
GEOP_20260402.csv,2025-08-21 17:21:46,0.0
GEOP_20260402.csv,2025-08-21 17:24:46,0.01
GEOP_20260402.csv,2025-08-21 17:27:46,0.01
GEOP_20260402.csv,2025-08-21 17:30:46,0.0
GEOP_20260402.csv,2025-08-21 17:33:46,0.01
GEOP_20260402.csv,2025-08-21 17:36:46,0.0
GEOP_20260402.csv,2025-08-21 17:39:46,0.01
GEOP_20260402.csv,2025-08-21 17:42:46,0.0
GEOP_20260402.csv,2025-08-21 17:45:46,0.0
GEOP_20260402.csv,2025-08-21 17:48:46,0.0
GEOP_20260402.csv,2025-08-21 17:51:46,0.01
GEOP_20260402.csv,2025-08-21 17:54:46,0.0
GEOP_20260402.csv,2025-08-21 17:57:46,0.0
GEOP_20260402.csv,2025-08-21 18:00:46,0.0
GEOP_20260402.csv,2025-08-21 18:03:46,0.0
GEOP_20260402.csv,2025-08-21 18:06:46,0.0
GEOP_20260402.csv,2025-08-21 18:09:46,0.0
GEOP_20260402.csv,2025-08-21 18:12:46,0.0
GEOP_20260402.csv,2025-08-21 18:15:46,0.01
GEOP_20260402.csv,2025-08-21 18:18:46,0.0
GEOP_20260402.csv,2025-08-21 18:21:46,0.0
GEOP_20260402.csv,2025-08-21 18:24:46,0.0
GEOP_20260402.csv,2025-08-21 18:27:46,0.0
GEOP_20260402.csv,2025-08-21 18:30:46,0.0
GEOP_20260402.csv,2025-08-21 18:33:46,0.0
GEOP_20260402.csv,2025-08-21 18:36:46,0.0
GEOP_20260402.csv,2025-08-21 18:39:46,0.0
GEOP_20260402.csv,2025-08-21 18:42:46,0.0
GEOP_20260402.csv,2025-08-21 18:45:46,0.0
GEOP_20260402.csv,2025-08-21 18:48:46,0.0
GEOP_20260402.csv,2025-08-21 18:51:46,0.0
GEOP_20260402.csv,2025-08-21 18:54:46,0.0
GEOP_20260402.csv,2025-08-21 18:57:46,0.0
GEOP_20260402.csv,2025-08-21 19:00:46,0.0
GEOP_20260402.csv,2025-08-21 19:03:46,0.0
GEOP_20260402.csv,2025-08-21 19:06:46,0.0
GEOP_20260402.csv,2025-08-21 19:09:46,0.0
GEOP_20260402.csv,2025-08-21 19:12:46,0.0
GEOP_20260402.csv,2025-08-21 19:15:46,0.0
GEOP_20260402.csv,2025-08-21 19:18:46,0.01
GEOP_20260402.csv,2025-08-21 19:21:46,0.0
GEOP_20260402.csv,2025-08-21 19:24:46,0.0
GEOP_20260402.csv,2025-08-21 19:27:46,0.0
GEOP_20260402.csv,2025-08-21 19:30:46,0.0
GEOP_20260402.csv,2025-08-21 19:33:46,0.0
GEOP_20260402.csv,2025-08-21 19:36:46,0.0
GEOP_20260402.csv,2025-08-21 19:39:46,0.0
GEOP_20260402.csv,2025-08-21 19:42:46,0.0
GEOP_20260402.csv,2025-08-21 19:45:46,0.0
GEOP_20260402.csv,2025-08-21 19:48:46,0.0
GEOP_20260402.csv,2025-08-21 19:51:46,0.0
GEOP_20260402.csv,2025-08-21 19:54:46,0.0
GEOP_20260402.csv,2025-08-21 19:57:46,0.0
GEOP_20260402.csv,2025-08-21 20:00:46,0.0
GEOP_20260402.csv,2025-08-21 20:03:46,0.0
GEOP_20260402.csv,2025-08-21 20:06:46,0.0
GEOP_20260402.csv,2025-08-21 20:09:46,0.0
GEOP_20260402.csv,2025-08-21 20:12:46,0.0
GEOP_20260402.csv,2025-08-21 20:15:46,0.0
GEOP_20260402.csv,2025-08-21 20:18:46,0.0
GEOP_20260402.csv,2025-08-21 20:21:46,0.0
GEOP_20260402.csv,2025-08-21 20:24:46,0.0
GEOP_20260402.csv,2025-08-21 20:27:46,0.0
GEOP_20260402.csv,2025-08-21 20:30:46,0.0
GEOP_20260402.csv,2025-08-21 20:33:46,0.0
GEOP_20260402.csv,2025-08-21 20:36:46,0.0
GEOP_20260402.csv,2025-08-21 20:39:46,0.0
GEOP_20260402.csv,2025-08-21 20:42:46,0.0
GEOP_20260402.csv,2025-08-21 20:45:46,0.0
GEOP_20260402.csv,2025-08-21 20:48:46,0.0
GEOP_20260402.csv,2025-08-21 20:51:46,0.0
GEOP_20260402.csv,2025-08-21 20:54:46,0.0
GEOP_20260402.csv,2025-08-21 20:57:46,0.01
GEOP_20260402.csv,2025-08-21 21:00:46,0.01
GEOP_20260402.csv,2025-08-21 21:03:46,0.02
GEOP_20260402.csv,2025-08-21 21:06:46,0.01
GEOP_20260402.csv,2025-08-21 21:09:46,0.01
GEOP_20260402.csv,2025-08-21 21:12:46,0.02
GEOP_20260402.csv,2025-08-21 21:15:46,0.02
GEOP_20260402.csv,2025-08-21 21:18:46,0.02
GEOP_20260402.csv,2025-08-21 21:21:46,0.01
GEOP_20260402.csv,2025-08-21 21:24:46,0.02
GEOP_20260402.csv,2025-08-21 21:27:46,0.02
GEOP_20260402.csv,2025-08-21 21:30:46,0.03
GEOP_20260402.csv,2025-08-21 21:33:46,0.09
GEOP_20260402.csv,2025-08-21 21:36:46,0.12
GEOP_20260402.csv,2025-08-21 21:39:46,0.05
GEOP_20260402.csv,2025-08-21 21:42:46,0.02
GEOP_20260402.csv,2025-08-21 21:45:46,0.02
GEOP_20260402.csv,2025-08-21 21:48:46,0.03
GEOP_20260402.csv,2025-08-21 21:51:46,0.12
GEOP_20260402.csv,2025-08-21 21:54:46,0.09
GEOP_20260402.csv,2025-08-21 21:57:45,0.13
GEOP_20260402.csv,2025-08-21 22:00:45,0.25
GEOP_20260402.csv,2025-08-21 22:03:45,0.1
GEOP_20260402.csv,2025-08-21 22:06:45,0.06
GEOP_20260402.csv,2025-08-21 22:09:45,0.26
GEOP_20260402.csv,2025-08-21 22:12:45,0.16
GEOP_20260402.csv,2025-08-21 22:15:45,0.05
GEOP_20260402.csv,2025-08-21 22:18:45,0.02
GEOP_20260402.csv,2025-08-21 22:21:45,0.04
GEOP_20260402.csv,2025-08-21 22:24:45,0.1
GEOP_20260402.csv,2025-08-21 22:27:45,0.07
GEOP_20260402.csv,2025-08-21 22:30:45,0.04
GEOP_20260402.csv,2025-08-21 22:33:46,0.05
GEOP_20260402.csv,2025-08-21 22:36:45,0.04
GEOP_20260402.csv,2025-08-21 22:39:45,0.03
GEOP_20260402.csv,2025-08-21 22:42:45,0.07
GEOP_20260402.csv,2025-08-21 22:45:45,0.03
GEOP_20260402.csv,2025-08-21 22:48:45,0.02
GEOP_20260402.csv,2025-08-21 22:51:45,0.01
GEOP_20260402.csv,2025-08-21 22:54:45,0.01
GEOP_20260402.csv,2025-08-21 22:57:45,0.0
GEOP_20260402.csv,2025-08-21 23:00:45,0.0
GEOP_20260402.csv,2025-08-21 23:03:45,0.01
GEOP_20260402.csv,2025-08-21 23:06:45,0.0
GEOP_20260402.csv,2025-08-21 23:09:45,0.0
GEOP_20260402.csv,2025-08-21 23:12:45,0.01
GEOP_20260402.csv,2025-08-21 23:15:45,0.0
GEOP_20260402.csv,2025-08-21 23:18:45,0.0
GEOP_20260402.csv,2025-08-21 23:21:45,0.0
GEOP_20260402.csv,2025-08-21 23:24:45,0.01
GEOP_20260402.csv,2025-08-21 23:27:45,0.0
GEOP_20260402.csv,2025-08-21 23:30:45,0.0
GEOP_20260402.csv,2025-08-21 23:33:45,0.0
GEOP_20260402.csv,2025-08-21 23:36:45,0.0
GEOP_20260402.csv,2025-08-21 23:39:45,0.01
GEOP_20260402.csv,2025-08-21 23:42:45,0.0
GEOP_20260402.csv,2025-08-21 23:45:45,0.0
GEOP_20260402.csv,2025-08-21 23:48:46,0.0
GEOP_20260402.csv,2025-08-21 23:51:45,0.0
GEOP_20260402.csv,2025-08-21 23:54:45,0.0
GEOP_20260402.csv,2025-08-21 23:57:45,0.0
GEOP_20260402.csv,2025-08-22 00:00:45,0.01
GEOP_20260402.csv,2025-08-22 00:03:45,0.0
GEOP_20260402.csv,2025-08-22 00:06:45,0.0
GEOP_20260402.csv,2025-08-22 00:09:45,0.0
GEOP_20260402.csv,2025-08-22 00:12:45,0.0
GEOP_20260402.csv,2025-08-22 00:15:45,0.0
GEOP_20260402.csv,2025-08-22 00:18:45,0.0
GEOP_20260402.csv,2025-08-22 00:21:45,0.0
GEOP_20260402.csv,2025-08-22 00:24:45,0.0
GEOP_20260402.csv,2025-08-22 00:27:45,0.0
GEOP_20260402.csv,2025-08-22 00:30:45,0.0
GEOP_20260402.csv,2025-08-22 00:33:45,0.0
GEOP_20260402.csv,2025-08-22 00:36:45,0.01
GEOP_20260402.csv,2025-08-22 00:39:45,0.0
GEOP_20260402.csv,2025-08-22 00:42:45,0.0
GEOP_20260402.csv,2025-08-22 00:45:45,0.0
GEOP_20260402.csv,2025-08-22 00:48:45,0.0
GEOP_20260402.csv,2025-08-22 00:51:45,0.0
GEOP_20260402.csv,2025-08-22 00:54:45,0.0
GEOP_20260402.csv,2025-08-22 00:57:45,0.0
GEOP_20260402.csv,2025-08-22 01:00:45,0.0
GEOP_20260402.csv,2025-08-22 01:03:45,0.0
GEOP_20260402.csv,2025-08-22 01:06:45,0.0
GEOP_20260402.csv,2025-08-22 01:09:45,0.0
GEOP_20260402.csv,2025-08-22 01:12:45,0.0
GEOP_20260402.csv,2025-08-22 01:15:45,0.0
GEOP_20260402.csv,2025-08-22 01:18:45,0.0
GEOP_20260402.csv,2025-08-22 01:21:45,0.0
GEOP_20260402.csv,2025-08-22 01:24:45,0.0
GEOP_20260402.csv,2025-08-22 01:27:45,0.0
GEOP_20260402.csv,2025-08-22 01:30:45,0.0
GEOP_20260402.csv,2025-08-22 01:33:45,0.0
GEOP_20260402.csv,2025-08-22 01:36:45,0.0
GEOP_20260402.csv,2025-08-22 01:39:45,0.0
GEOP_20260402.csv,2025-08-22 01:42:45,0.0
GEOP_20260402.csv,2025-08-22 01:45:45,0.0
GEOP_20260402.csv,2025-08-22 01:48:45,0.0
GEOP_20260402.csv,2025-08-22 01:51:45,0.0
GEOP_20260402.csv,2025-08-22 01:54:45,0.0
GEOP_20260402.csv,2025-08-22 01:57:45,0.0
GEOP_20260402.csv,2025-08-22 02:00:45,0.0
GEOP_20260402.csv,2025-08-22 02:03:45,0.0
GEOP_20260402.csv,2025-08-22 02:06:45,0.0
GEOP_20260402.csv,2025-08-22 02:09:45,0.0
GEOP_20260402.csv,2025-08-22 02:12:45,0.0
GEOP_20260402.csv,2025-08-22 02:15:45,0.0
GEOP_20260402.csv,2025-08-22 02:18:45,0.0
GEOP_20260402.csv,2025-08-22 02:21:45,0.0
GEOP_20260402.csv,2025-08-22 02:24:45,0.01
GEOP_20260402.csv,2025-08-22 02:27:45,0.0
GEOP_20260402.csv,2025-08-22 02:30:45,0.0
GEOP_20260402.csv,2025-08-22 02:33:45,0.0
GEOP_20260402.csv,2025-08-22 02:36:45,0.0
GEOP_20260402.csv,2025-08-22 02:39:45,0.0
GEOP_20260402.csv,2025-08-22 02:42:45,0.0
GEOP_20260402.csv,2025-08-22 02:45:45,0.0
GEOP_20260402.csv,2025-08-22 02:48:45,0.0
GEOP_20260402.csv,2025-08-22 02:51:45,0.0
GEOP_20260402.csv,2025-08-22 02:54:45,0.0
GEOP_20260402.csv,2025-08-22 02:57:45,0.0
GEOP_20260402.csv,2025-08-22 03:00:45,0.0
GEOP_20260402.csv,2025-08-22 03:03:45,0.0
GEOP_20260402.csv,2025-08-22 03:06:45,0.0
GEOP_20260402.csv,2025-08-22 03:09:45,0.0
GEOP_20260402.csv,2025-08-22 03:12:45,0.0
GEOP_20260402.csv,2025-08-22 03:15:45,0.0
GEOP_20260402.csv,2025-08-22 03:18:45,0.0
GEOP_20260402.csv,2025-08-22 03:21:45,0.0
GEOP_20260402.csv,2025-08-22 03:24:45,0.0
GEOP_20260402.csv,2025-08-22 03:27:45,0.0
GEOP_20260402.csv,2025-08-22 03:30:45,0.0
GEOP_20260402.csv,2025-08-22 03:33:45,0.0
GEOP_20260402.csv,2025-08-22 03:36:45,0.0
GEOP_20260402.csv,2025-08-22 03:39:45,0.0
GEOP_20260402.csv,2025-08-22 03:42:45,0.0
GEOP_20260402.csv,2025-08-22 03:45:45,0.0
GEOP_20260402.csv,2025-08-22 03:48:45,0.0
GEOP_20260402.csv,2025-08-22 03:51:45,0.0
GEOP_20260402.csv,2025-08-22 03:54:45,0.0
GEOP_20260402.csv,2025-08-22 03:57:45,0.0
GEOP_20260402.csv,2025-08-22 04:00:45,0.0
GEOP_20260402.csv,2025-08-22 04:03:45,0.0
GEOP_20260402.csv,2025-08-22 04:06:45,0.0
GEOP_20260402.csv,2025-08-22 04:09:45,0.01
GEOP_20260402.csv,2025-08-22 04:12:45,0.0
GEOP_20260402.csv,2025-08-22 04:15:45,0.0
GEOP_20260402.csv,2025-08-22 04:18:45,0.0
GEOP_20260402.csv,2025-08-22 04:21:45,0.0
GEOP_20260402.csv,2025-08-22 04:24:45,0.0
GEOP_20260402.csv,2025-08-22 04:27:45,0.0
GEOP_20260402.csv,2025-08-22 04:30:45,0.0
GEOP_20260402.csv,2025-08-22 04:33:45,0.0
GEOP_20260402.csv,2025-08-22 04:36:45,0.0
GEOP_20260402.csv,2025-08-22 04:39:45,0.0
GEOP_20260402.csv,2025-08-22 04:42:45,0.0
GEOP_20260402.csv,2025-08-22 04:45:45,0.0
GEOP_20260402.csv,2025-08-22 04:48:45,0.0
GEOP_20260402.csv,2025-08-22 04:51:45,0.0
GEOP_20260402.csv,2025-08-22 04:54:45,0.0
GEOP_20260402.csv,2025-08-22 04:57:45,0.0
GEOP_20260402.csv,2025-08-22 05:00:45,0.0
GEOP_20260402.csv,2025-08-22 05:03:45,0.0
GEOP_20260402.csv,2025-08-22 05:06:45,0.0
GEOP_20260402.csv,2025-08-22 05:09:45,0.0
GEOP_20260402.csv,2025-08-22 05:12:45,0.0
GEOP_20260402.csv,2025-08-22 05:15:45,0.0
GEOP_20260402.csv,2025-08-22 05:18:45,0.0
GEOP_20260402.csv,2025-08-22 05:21:45,0.0
GEOP_20260402.csv,2025-08-22 05:24:45,0.0
GEOP_20260402.csv,2025-08-22 05:27:45,0.0
GEOP_20260402.csv,2025-08-22 05:30:45,0.0
GEOP_20260402.csv,2025-08-22 05:33:45,0.0
GEOP_20260402.csv,2025-08-22 05:36:45,0.0
GEOP_20260402.csv,2025-08-22 05:39:45,0.0
GEOP_20260402.csv,2025-08-22 05:42:45,0.0
GEOP_20260402.csv,2025-08-22 05:45:45,0.0
GEOP_20260402.csv,2025-08-22 05:48:45,0.0
GEOP_20260402.csv,2025-08-22 05:51:45,0.0
GEOP_20260402.csv,2025-08-22 05:54:45,0.0
GEOP_20260402.csv,2025-08-22 05:57:45,0.0
GEOP_20260402.csv,2025-08-22 06:00:45,0.0
GEOP_20260402.csv,2025-08-22 06:03:45,0.0
GEOP_20260402.csv,2025-08-22 06:06:45,0.0
GEOP_20260402.csv,2025-08-22 06:09:45,0.0
GEOP_20260402.csv,2025-08-22 06:12:45,0.0
GEOP_20260402.csv,2025-08-22 06:15:45,0.0
GEOP_20260402.csv,2025-08-22 06:18:45,0.0
GEOP_20260402.csv,2025-08-22 06:21:45,0.0
GEOP_20260402.csv,2025-08-22 06:24:45,0.0
GEOP_20260402.csv,2025-08-22 06:27:45,0.0
GEOP_20260402.csv,2025-08-22 06:30:45,0.0
GEOP_20260402.csv,2025-08-22 06:33:45,0.0
GEOP_20260402.csv,2025-08-22 06:36:45,0.0
GEOP_20260402.csv,2025-08-22 06:39:45,0.0
GEOP_20260402.csv,2025-08-22 06:42:45,0.0
GEOP_20260402.csv,2025-08-22 06:45:45,0.0
GEOP_20260402.csv,2025-08-22 06:48:45,0.0
GEOP_20260402.csv,2025-08-22 06:51:45,0.0
GEOP_20260402.csv,2025-08-22 06:54:45,0.0
GEOP_20260402.csv,2025-08-22 06:57:45,0.0
GEOP_20260402.csv,2025-08-22 07:00:45,0.0
GEOP_20260402.csv,2025-08-22 07:03:45,0.0
GEOP_20260402.csv,2025-08-22 07:06:45,0.0
GEOP_20260402.csv,2025-08-22 07:09:45,0.0
GEOP_20260402.csv,2025-08-22 07:12:45,0.0
GEOP_20260402.csv,2025-08-22 07:15:45,0.0
GEOP_20260402.csv,2025-08-22 07:18:45,0.0
GEOP_20260402.csv,2025-08-22 07:21:45,0.0
GEOP_20260402.csv,2025-08-22 07:24:45,0.0
GEOP_20260402.csv,2025-08-22 07:27:45,0.0
GEOP_20260402.csv,2025-08-22 07:30:45,0.0
GEOP_20260402.csv,2025-08-22 07:33:45,0.0
GEOP_20260402.csv,2025-08-22 07:36:44,0.0
GEOP_20260402.csv,2025-08-22 07:39:44,0.0
GEOP_20260402.csv,2025-08-22 07:42:44,0.0
GEOP_20260402.csv,2025-08-22 07:45:44,0.0
GEOP_20260402.csv,2025-08-22 07:48:44,0.0
GEOP_20260402.csv,2025-08-22 07:51:45,0.0
GEOP_20260402.csv,2025-08-22 07:54:44,0.0
GEOP_20260402.csv,2025-08-22 07:57:44,0.0
GEOP_20260402.csv,2025-08-22 08:00:44,0.0
GEOP_20260402.csv,2025-08-22 08:03:44,0.0
GEOP_20260402.csv,2025-08-22 08:06:44,0.0
GEOP_20260402.csv,2025-08-22 08:09:44,0.0
GEOP_20260402.csv,2025-08-22 08:12:44,0.0
GEOP_20260402.csv,2025-08-22 08:15:44,0.0
GEOP_20260402.csv,2025-08-22 08:18:44,0.0
GEOP_20260402.csv,2025-08-22 08:21:44,0.0
GEOP_20260402.csv,2025-08-22 08:24:44,0.0
GEOP_20260402.csv,2025-08-22 08:27:44,0.0
GEOP_20260402.csv,2025-08-22 08:30:44,0.0
GEOP_20260402.csv,2025-08-22 08:33:44,0.0
GEOP_20260402.csv,2025-08-22 08:36:44,0.0
GEOP_20260402.csv,2025-08-22 08:39:44,0.0
GEOP_20260402.csv,2025-08-22 08:42:44,0.0
GEOP_20260402.csv,2025-08-22 08:45:44,0.0
GEOP_20260402.csv,2025-08-22 08:48:44,0.0
GEOP_20260402.csv,2025-08-22 08:51:44,0.0
GEOP_20260402.csv,2025-08-22 08:54:44,0.0
GEOP_20260402.csv,2025-08-22 08:57:44,0.0
GEOP_20260402.csv,2025-08-22 09:00:44,0.0
GEOP_20260402.csv,2025-08-22 09:03:44,0.0
GEOP_20260402.csv,2025-08-22 09:06:44,0.0
GEOP_20260402.csv,2025-08-22 09:09:44,0.0
GEOP_20260402.csv,2025-08-22 09:12:44,0.0
GEOP_20260402.csv,2025-08-22 09:15:44,0.0
GEOP_20260402.csv,2025-08-22 09:18:44,0.0
GEOP_20260402.csv,2025-08-22 09:21:44,0.0
GEOP_20260402.csv,2025-08-22 09:24:44,0.0
GEOP_20260402.csv,2025-08-22 09:27:44,0.0
GEOP_20260402.csv,2025-08-22 09:30:44,0.0
GEOP_20260402.csv,2025-08-22 09:33:44,0.0
GEOP_20260402.csv,2025-08-22 09:36:44,0.0
GEOP_20260402.csv,2025-08-22 09:39:44,0.0
GEOP_20260402.csv,2025-08-22 09:42:44,0.0
GEOP_20260402.csv,2025-08-22 09:45:44,0.0
GEOP_20260402.csv,2025-08-22 09:48:44,0.0
GEOP_20260402.csv,2025-08-22 09:51:44,0.0
GEOP_20260402.csv,2025-08-22 09:54:44,0.0
GEOP_20260402.csv,2025-08-22 09:57:44,0.0
GEOP_20260402.csv,2025-08-22 10:00:44,0.0
GEOP_20260402.csv,2025-08-22 10:03:44,0.0
GEOP_20260402.csv,2025-08-22 10:06:44,0.0
GEOP_20260402.csv,2025-08-22 10:09:44,0.0
GEOP_20260402.csv,2025-08-22 10:12:44,0.0
GEOP_20260402.csv,2025-08-22 10:15:44,0.0
GEOP_20260402.csv,2025-08-22 10:18:44,0.0
GEOP_20260402.csv,2025-08-22 10:21:44,0.0
GEOP_20260402.csv,2025-08-22 10:24:44,0.0
GEOP_20260402.csv,2025-08-22 10:27:44,0.0
GEOP_20260402.csv,2025-08-22 10:30:44,0.0
GEOP_20260402.csv,2025-08-22 10:33:44,0.0
GEOP_20260402.csv,2025-08-22 10:36:44,0.0
GEOP_20260402.csv,2025-08-22 10:39:44,0.0
GEOP_20260402.csv,2025-08-22 10:42:44,0.0
GEOP_20260402.csv,2025-08-22 10:45:44,0.0
GEOP_20260402.csv,2025-08-22 10:48:44,0.0
GEOP_20260402.csv,2025-08-22 10:51:44,0.0
GEOP_20260402.csv,2025-08-22 10:54:44,0.0
GEOP_20260402.csv,2025-08-22 10:57:44,0.0
GEOP_20260402.csv,2025-08-22 11:00:44,0.0
GEOP_20260402.csv,2025-08-22 11:03:44,0.0
GEOP_20260402.csv,2025-08-22 11:06:44,0.0
GEOP_20260402.csv,2025-08-22 11:09:44,0.0
GEOP_20260402.csv,2025-08-22 11:12:44,0.0
GEOP_20260402.csv,2025-08-22 11:15:44,0.0
GEOP_20260402.csv,2025-08-22 11:18:44,0.0
GEOP_20260402.csv,2025-08-22 11:21:44,0.0
GEOP_20260402.csv,2025-08-22 11:24:44,0.0
GEOP_20260402.csv,2025-08-22 11:27:44,0.0
GEOP_20260402.csv,2025-08-22 11:30:44,0.0
GEOP_20260402.csv,2025-08-22 11:33:44,0.0
GEOP_20260402.csv,2025-08-22 11:36:44,0.0
GEOP_20260402.csv,2025-08-22 11:39:44,0.0
GEOP_20260402.csv,2025-08-22 11:42:44,0.0
GEOP_20260402.csv,2025-08-22 11:45:44,0.0
GEOP_20260402.csv,2025-08-22 11:48:44,0.0
GEOP_20260402.csv,2025-08-22 11:51:44,0.0
GEOP_20260402.csv,2025-08-22 11:54:44,0.0
GEOP_20260402.csv,2025-08-22 11:57:44,0.0
GEOP_20260402.csv,2025-08-22 12:00:44,0.0
GEOP_20260402.csv,2025-08-22 12:03:44,0.0
GEOP_20260402.csv,2025-08-22 12:06:44,0.0
GEOP_20260402.csv,2025-08-22 12:09:44,0.0
GEOP_20260402.csv,2025-08-22 12:12:44,0.0
GEOP_20260402.csv,2025-08-22 12:15:44,0.0
GEOP_20260402.csv,2025-08-22 12:18:44,0.0
GEOP_20260402.csv,2025-08-22 12:21:44,0.0
GEOP_20260402.csv,2025-08-22 12:24:44,0.0
GEOP_20260402.csv,2025-08-22 12:27:44,0.0
GEOP_20260402.csv,2025-08-22 12:30:44,0.0
GEOP_20260402.csv,2025-08-22 12:33:44,0.0
GEOP_20260402.csv,2025-08-22 12:36:44,0.0
GEOP_20260402.csv,2025-08-22 12:39:44,0.0
GEOP_20260402.csv,2025-08-22 12:42:44,0.0
GEOP_20260402.csv,2025-08-22 12:45:44,0.0
GEOP_20260402.csv,2025-08-22 12:48:44,0.0
GEOP_20260402.csv,2025-08-22 12:51:44,0.0
GEOP_20260402.csv,2025-08-22 12:54:44,0.0
GEOP_20260402.csv,2025-08-22 12:57:44,0.0
GEOP_20260402.csv,2025-08-22 13:00:44,0.0
GEOP_20260402.csv,2025-08-22 13:03:44,0.0
GEOP_20260402.csv,2025-08-22 13:06:44,0.0
GEOP_20260402.csv,2025-08-22 13:09:44,0.0
GEOP_20260402.csv,2025-08-22 13:12:44,0.0
GEOP_20260402.csv,2025-08-22 13:15:44,0.0
GEOP_20260402.csv,2025-08-22 13:18:44,0.0
GEOP_20260402.csv,2025-08-22 13:21:44,0.0
GEOP_20260402.csv,2025-08-22 13:24:44,0.0
GEOP_20260402.csv,2025-08-22 13:27:44,0.0
GEOP_20260402.csv,2025-08-22 13:30:44,0.0
GEOP_20260402.csv,2025-08-22 13:33:44,0.0
GEOP_20260402.csv,2025-08-22 13:36:44,0.0
GEOP_20260402.csv,2025-08-22 13:39:44,0.0
GEOP_20260402.csv,2025-08-22 13:42:44,0.0
GEOP_20260402.csv,2025-08-22 13:45:44,0.0
GEOP_20260402.csv,2025-08-22 13:48:44,0.0
GEOP_20260402.csv,2025-08-22 13:51:44,0.0
GEOP_20260402.csv,2025-08-22 13:54:44,0.0
GEOP_20260402.csv,2025-08-22 13:57:44,0.0
GEOP_20260402.csv,2025-08-22 14:00:44,0.0
GEOP_20260402.csv,2025-08-22 14:03:44,0.0
GEOP_20260402.csv,2025-08-22 14:06:44,0.0
GEOP_20260402.csv,2025-08-22 14:09:44,0.0
GEOP_20260402.csv,2025-08-22 14:12:44,0.0
GEOP_20260402.csv,2025-08-22 14:15:44,0.0
GEOP_20260402.csv,2025-08-22 14:18:44,0.0
GEOP_20260402.csv,2025-08-22 14:21:44,0.0
GEOP_20260402.csv,2025-08-22 14:24:44,0.0
GEOP_20260402.csv,2025-08-22 14:27:44,0.0
GEOP_20260402.csv,2025-08-22 14:30:44,0.0
GEOP_20260402.csv,2025-08-22 14:33:44,0.0
GEOP_20260402.csv,2025-08-22 14:36:44,0.0
GEOP_20260402.csv,2025-08-22 14:39:44,0.0
GEOP_20260402.csv,2025-08-22 14:42:44,0.0
GEOP_20260402.csv,2025-08-22 14:45:44,0.0
GEOP_20260402.csv,2025-08-22 14:48:44,0.0
GEOP_20260402.csv,2025-08-22 14:51:44,0.0
GEOP_20260402.csv,2025-08-22 14:54:44,0.0
GEOP_20260402.csv,2025-08-22 14:57:44,0.0
GEOP_20260402.csv,2025-08-22 15:00:44,0.0
GEOP_20260402.csv,2025-08-22 15:03:44,0.0
GEOP_20260402.csv,2025-08-22 15:06:44,0.0
GEOP_20260402.csv,2025-08-22 15:09:44,0.0
GEOP_20260402.csv,2025-08-22 15:12:44,0.0
GEOP_20260402.csv,2025-08-22 15:15:44,0.0
GEOP_20260402.csv,2025-08-22 15:18:44,0.0
GEOP_20260402.csv,2025-08-22 15:21:44,0.0
GEOP_20260402.csv,2025-08-22 15:24:44,0.0
GEOP_20260402.csv,2025-08-22 15:27:44,0.0
GEOP_20260402.csv,2025-08-22 15:30:44,0.0
GEOP_20260402.csv,2025-08-22 15:33:44,0.0
GEOP_20260402.csv,2025-08-22 15:36:44,0.0
GEOP_20260402.csv,2025-08-22 15:39:44,0.0
GEOP_20260402.csv,2025-08-22 15:42:44,0.0
GEOP_20260402.csv,2025-08-22 15:45:44,0.0
GEOP_20260402.csv,2025-08-22 15:48:44,0.0
GEOP_20260402.csv,2025-08-22 15:51:44,0.0
GEOP_20260402.csv,2025-08-22 15:54:44,0.0
GEOP_20260402.csv,2025-08-22 15:57:44,0.0
GEOP_20260402.csv,2025-08-22 16:00:44,0.0
GEOP_20260402.csv,2025-08-22 16:03:44,0.0
GEOP_20260402.csv,2025-08-22 16:06:44,0.0
GEOP_20260402.csv,2025-08-22 16:09:44,0.0
GEOP_20260402.csv,2025-08-22 16:12:44,0.0
GEOP_20260402.csv,2025-08-22 16:15:44,0.0
GEOP_20260402.csv,2025-08-22 16:18:44,0.0
GEOP_20260402.csv,2025-08-22 16:21:44,0.0
GEOP_20260402.csv,2025-08-22 16:24:44,0.0
GEOP_20260402.csv,2025-08-22 16:27:44,0.0
GEOP_20260402.csv,2025-08-22 16:30:44,0.0
GEOP_20260402.csv,2025-08-22 16:33:44,0.0
GEOP_20260402.csv,2025-08-22 16:36:44,0.0
GEOP_20260402.csv,2025-08-22 16:39:44,0.0
GEOP_20260402.csv,2025-08-22 16:42:44,0.0
GEOP_20260402.csv,2025-08-22 16:45:44,0.0
GEOP_20260402.csv,2025-08-22 16:48:44,0.0
GEOP_20260402.csv,2025-08-22 16:51:44,0.0
GEOP_20260402.csv,2025-08-22 16:54:44,0.0
GEOP_20260402.csv,2025-08-22 16:57:44,0.0
GEOP_20260402.csv,2025-08-22 17:00:44,0.0
GEOP_20260402.csv,2025-08-22 17:03:44,0.0
GEOP_20260402.csv,2025-08-22 17:06:44,0.0
GEOP_20260402.csv,2025-08-22 17:09:43,0.0
GEOP_20260402.csv,2025-08-22 17:12:44,0.0
GEOP_20260402.csv,2025-08-22 17:15:43,0.0
GEOP_20260402.csv,2025-08-22 17:18:43,0.0
GEOP_20260402.csv,2025-08-22 17:21:43,0.0
GEOP_20260402.csv,2025-08-22 17:24:43,0.0
GEOP_20260402.csv,2025-08-22 17:27:43,0.0
GEOP_20260402.csv,2025-08-22 17:30:43,0.0
GEOP_20260402.csv,2025-08-22 17:33:43,0.0
GEOP_20260402.csv,2025-08-22 17:36:43,0.0
GEOP_20260402.csv,2025-08-22 17:39:43,0.0
GEOP_20260402.csv,2025-08-22 17:42:43,0.0
GEOP_20260402.csv,2025-08-22 17:45:43,0.0
GEOP_20260402.csv,2025-08-22 17:48:43,0.0
GEOP_20260402.csv,2025-08-22 17:51:43,0.0
GEOP_20260402.csv,2025-08-22 17:54:43,0.0
GEOP_20260402.csv,2025-08-22 17:57:43,0.0
GEOP_20260402.csv,2025-08-22 18:00:43,0.0
GEOP_20260402.csv,2025-08-22 18:03:43,0.0
GEOP_20260402.csv,2025-08-22 18:06:43,0.0
GEOP_20260402.csv,2025-08-22 18:09:43,0.0
GEOP_20260402.csv,2025-08-22 18:12:43,0.0
GEOP_20260402.csv,2025-08-22 18:15:43,0.0
GEOP_20260402.csv,2025-08-22 18:18:43,0.0
GEOP_20260402.csv,2025-08-22 18:21:43,0.0
GEOP_20260402.csv,2025-08-22 18:24:43,0.0
GEOP_20260402.csv,2025-08-22 18:27:43,0.0
GEOP_20260402.csv,2025-08-22 18:30:43,0.0
GEOP_20260402.csv,2025-08-22 18:33:43,0.0
GEOP_20260402.csv,2025-08-22 18:36:43,0.0
GEOP_20260402.csv,2025-08-22 18:39:43,0.0
GEOP_20260402.csv,2025-08-22 18:42:43,0.0
GEOP_20260402.csv,2025-08-22 18:45:43,0.0
GEOP_20260402.csv,2025-08-22 18:48:43,0.0
GEOP_20260402.csv,2025-08-22 18:51:43,0.0
GEOP_20260402.csv,2025-08-22 18:54:43,0.0
GEOP_20260402.csv,2025-08-22 18:57:43,0.0
GEOP_20260402.csv,2025-08-22 19:00:43,0.0
GEOP_20260402.csv,2025-08-22 19:03:43,0.0
GEOP_20260402.csv,2025-08-22 19:06:43,0.0
GEOP_20260402.csv,2025-08-22 19:09:43,0.0
GEOP_20260402.csv,2025-08-22 19:12:43,0.0
GEOP_20260402.csv,2025-08-22 19:15:43,0.0
GEOP_20260402.csv,2025-08-22 19:18:43,0.0
GEOP_20260402.csv,2025-08-22 19:21:43,0.0
GEOP_20260402.csv,2025-08-22 19:24:43,0.0
GEOP_20260402.csv,2025-08-22 19:27:43,0.0
GEOP_20260402.csv,2025-08-22 19:30:43,0.0
GEOP_20260402.csv,2025-08-22 19:33:43,0.0
GEOP_20260402.csv,2025-08-22 19:36:43,0.0
GEOP_20260402.csv,2025-08-22 19:39:43,0.0
GEOP_20260402.csv,2025-08-22 19:42:43,0.0
GEOP_20260402.csv,2025-08-22 19:45:43,0.0
GEOP_20260402.csv,2025-08-22 19:48:43,0.0
GEOP_20260402.csv,2025-08-22 19:51:43,0.0
GEOP_20260402.csv,2025-08-22 19:54:43,0.0
GEOP_20260402.csv,2025-08-22 19:57:43,0.0
GEOP_20260402.csv,2025-08-22 20:00:43,0.0
GEOP_20260402.csv,2025-08-22 20:03:43,0.0
GEOP_20260402.csv,2025-08-22 20:06:43,0.0
GEOP_20260402.csv,2025-08-22 20:09:43,0.0
GEOP_20260402.csv,2025-08-22 20:12:43,0.0
GEOP_20260402.csv,2025-08-22 20:15:43,0.0
GEOP_20260402.csv,2025-08-22 20:18:43,0.0
GEOP_20260402.csv,2025-08-22 20:21:43,0.0
GEOP_20260402.csv,2025-08-22 20:24:43,0.0
GEOP_20260402.csv,2025-08-22 20:27:43,0.0
GEOP_20260402.csv,2025-08-22 20:30:43,0.0
GEOP_20260402.csv,2025-08-22 20:33:43,0.0
GEOP_20260402.csv,2025-08-22 20:36:43,0.0
GEOP_20260402.csv,2025-08-22 20:39:43,0.0
GEOP_20260402.csv,2025-08-22 20:42:43,0.0
GEOP_20260402.csv,2025-08-22 20:45:43,0.0
GEOP_20260402.csv,2025-08-22 20:48:43,0.0
GEOP_20260402.csv,2025-08-22 20:51:43,0.0
GEOP_20260402.csv,2025-08-22 20:54:43,0.0
GEOP_20260402.csv,2025-08-22 20:57:43,0.0
GEOP_20260402.csv,2025-08-22 21:00:43,0.0
GEOP_20260402.csv,2025-08-22 21:03:43,0.0
GEOP_20260402.csv,2025-08-22 21:06:43,0.0
GEOP_20260402.csv,2025-08-22 21:09:43,0.0
GEOP_20260402.csv,2025-08-22 21:12:43,0.0
GEOP_20260402.csv,2025-08-22 21:15:43,0.0
GEOP_20260402.csv,2025-08-22 21:18:43,0.0
GEOP_20260402.csv,2025-08-22 21:21:43,0.0
GEOP_20260402.csv,2025-08-22 21:24:43,0.0
GEOP_20260402.csv,2025-08-22 21:27:43,0.0
GEOP_20260402.csv,2025-08-22 21:30:43,0.0
GEOP_20260402.csv,2025-08-22 21:33:43,0.0
GEOP_20260402.csv,2025-08-22 21:36:43,0.0
GEOP_20260402.csv,2025-08-22 21:39:43,0.0
GEOP_20260402.csv,2025-08-22 21:42:43,0.0
GEOP_20260402.csv,2025-08-22 21:45:43,0.0
GEOP_20260402.csv,2025-08-22 21:48:43,0.0
GEOP_20260402.csv,2025-08-22 21:51:43,0.0
GEOP_20260402.csv,2025-08-22 21:54:43,0.0
GEOP_20260402.csv,2025-08-22 21:57:43,0.0
GEOP_20260402.csv,2025-08-22 22:00:43,0.0
GEOP_20260402.csv,2025-08-22 22:03:43,0.0
GEOP_20260402.csv,2025-08-22 22:06:43,0.0
GEOP_20260402.csv,2025-08-22 22:09:43,0.0
GEOP_20260402.csv,2025-08-22 22:12:43,0.0
GEOP_20260402.csv,2025-08-22 22:15:43,0.0
GEOP_20260402.csv,2025-08-22 22:18:43,0.0
GEOP_20260402.csv,2025-08-22 22:21:43,0.0
GEOP_20260402.csv,2025-08-22 22:24:43,0.0
GEOP_20260402.csv,2025-08-22 22:27:43,0.0
GEOP_20260402.csv,2025-08-22 22:30:43,0.0
GEOP_20260402.csv,2025-08-22 22:33:43,0.0
GEOP_20260402.csv,2025-08-22 22:36:43,0.0
GEOP_20260402.csv,2025-08-22 22:39:43,0.0
GEOP_20260402.csv,2025-08-22 22:42:43,0.0
GEOP_20260402.csv,2025-08-22 22:45:43,0.0
GEOP_20260402.csv,2025-08-22 22:48:43,0.0
GEOP_20260402.csv,2025-08-22 22:51:43,0.0
GEOP_20260402.csv,2025-08-22 22:54:43,0.0
GEOP_20260402.csv,2025-08-22 22:57:43,0.0
GEOP_20260402.csv,2025-08-22 23:00:43,0.0
GEOP_20260402.csv,2025-08-22 23:03:43,0.0
GEOP_20260402.csv,2025-08-22 23:06:43,0.0
GEOP_20260402.csv,2025-08-22 23:09:43,0.0
GEOP_20260402.csv,2025-08-22 23:12:43,0.0
GEOP_20260402.csv,2025-08-22 23:15:43,0.0
GEOP_20260402.csv,2025-08-22 23:18:43,0.0
GEOP_20260402.csv,2025-08-22 23:21:43,0.0
GEOP_20260402.csv,2025-08-22 23:24:43,0.0
GEOP_20260402.csv,2025-08-22 23:27:43,0.0
GEOP_20260402.csv,2025-08-22 23:30:43,0.0
GEOP_20260402.csv,2025-08-22 23:33:43,0.0
GEOP_20260402.csv,2025-08-22 23:36:43,0.0
GEOP_20260402.csv,2025-08-22 23:39:43,0.0
GEOP_20260402.csv,2025-08-22 23:42:43,0.0
GEOP_20260402.csv,2025-08-22 23:45:43,0.0
GEOP_20260402.csv,2025-08-22 23:48:43,0.0
GEOP_20260402.csv,2025-08-22 23:51:43,0.0
GEOP_20260402.csv,2025-08-22 23:54:43,0.0
GEOP_20260402.csv,2025-08-22 23:57:43,0.0
GEOP_20260402.csv,2025-08-23 00:00:43,0.0
GEOP_20260402.csv,2025-08-23 00:03:43,0.0
GEOP_20260402.csv,2025-08-23 00:06:43,0.0
GEOP_20260402.csv,2025-08-23 00:09:43,0.0
GEOP_20260402.csv,2025-08-23 00:12:43,0.0
GEOP_20260402.csv,2025-08-23 00:15:43,0.0
GEOP_20260402.csv,2025-08-23 00:18:43,0.0
GEOP_20260402.csv,2025-08-23 00:21:43,0.0
GEOP_20260402.csv,2025-08-23 00:24:43,0.0
GEOP_20260402.csv,2025-08-23 00:27:43,0.0
GEOP_20260402.csv,2025-08-23 00:30:43,0.0
GEOP_20260402.csv,2025-08-23 00:33:43,0.0
GEOP_20260402.csv,2025-08-23 00:36:43,0.0
GEOP_20260402.csv,2025-08-23 00:39:43,0.0
GEOP_20260402.csv,2025-08-23 00:42:43,0.0
GEOP_20260402.csv,2025-08-23 00:45:43,0.0
GEOP_20260402.csv,2025-08-23 00:48:43,0.0
GEOP_20260402.csv,2025-08-23 00:51:43,0.0
GEOP_20260402.csv,2025-08-23 00:54:43,0.0
GEOP_20260402.csv,2025-08-23 00:57:43,0.0
GEOP_20260402.csv,2025-08-23 01:00:43,0.0
GEOP_20260402.csv,2025-08-23 01:03:43,0.0
GEOP_20260402.csv,2025-08-23 01:06:43,0.0
GEOP_20260402.csv,2025-08-23 01:09:43,0.0
GEOP_20260402.csv,2025-08-23 01:12:43,0.0
GEOP_20260402.csv,2025-08-23 01:15:43,0.0
GEOP_20260402.csv,2025-08-23 01:18:43,0.0
GEOP_20260402.csv,2025-08-23 01:21:43,0.0
GEOP_20260402.csv,2025-08-23 01:24:43,0.0
GEOP_20260402.csv,2025-08-23 01:27:43,0.0
GEOP_20260402.csv,2025-08-23 01:30:43,0.0
GEOP_20260402.csv,2025-08-23 01:33:43,0.0
GEOP_20260402.csv,2025-08-23 01:36:43,0.0
GEOP_20260402.csv,2025-08-23 01:39:43,0.0
GEOP_20260402.csv,2025-08-23 01:42:43,0.0
GEOP_20260402.csv,2025-08-23 01:45:43,0.0
GEOP_20260402.csv,2025-08-23 01:48:43,0.0
GEOP_20260402.csv,2025-08-23 01:51:43,0.0
GEOP_20260402.csv,2025-08-23 01:54:43,0.0
GEOP_20260402.csv,2025-08-23 01:57:43,0.0
GEOP_20260402.csv,2025-08-23 02:00:43,0.0
GEOP_20260402.csv,2025-08-23 02:03:43,0.0
GEOP_20260402.csv,2025-08-23 02:06:43,0.0
GEOP_20260402.csv,2025-08-23 02:09:43,0.0
GEOP_20260402.csv,2025-08-23 02:12:43,0.0
GEOP_20260402.csv,2025-08-23 02:15:43,0.0
GEOP_20260402.csv,2025-08-23 02:18:43,0.0
GEOP_20260402.csv,2025-08-23 02:21:43,0.0
GEOP_20260402.csv,2025-08-23 02:24:43,0.0
GEOP_20260402.csv,2025-08-23 02:27:43,0.0
GEOP_20260402.csv,2025-08-23 02:30:43,0.0
GEOP_20260402.csv,2025-08-23 02:33:43,0.0
GEOP_20260402.csv,2025-08-23 02:36:43,0.0
GEOP_20260402.csv,2025-08-23 02:39:43,0.0
GEOP_20260402.csv,2025-08-23 02:42:43,0.0
GEOP_20260402.csv,2025-08-23 02:45:43,0.0
GEOP_20260402.csv,2025-08-23 02:48:43,0.0
GEOP_20260402.csv,2025-08-23 02:51:42,0.0
GEOP_20260402.csv,2025-08-23 02:54:42,0.0
GEOP_20260402.csv,2025-08-23 02:57:42,0.0
GEOP_20260402.csv,2025-08-23 03:00:42,0.0
GEOP_20260402.csv,2025-08-23 03:03:42,0.0
GEOP_20260402.csv,2025-08-23 03:06:42,0.0
GEOP_20260402.csv,2025-08-23 03:09:42,0.0
GEOP_20260402.csv,2025-08-23 03:12:42,0.0
GEOP_20260402.csv,2025-08-23 03:15:43,0.0
GEOP_20260402.csv,2025-08-23 03:18:42,0.0
GEOP_20260402.csv,2025-08-23 03:21:42,0.0
GEOP_20260402.csv,2025-08-23 03:24:42,0.0
GEOP_20260402.csv,2025-08-23 03:27:42,0.0
GEOP_20260402.csv,2025-08-23 03:30:42,0.0
GEOP_20260402.csv,2025-08-23 03:33:42,0.0
GEOP_20260402.csv,2025-08-23 03:36:42,0.0
GEOP_20260402.csv,2025-08-23 03:39:42,0.0
GEOP_20260402.csv,2025-08-23 03:42:42,0.0
GEOP_20260402.csv,2025-08-23 03:45:42,0.0
GEOP_20260402.csv,2025-08-23 03:48:42,0.0
GEOP_20260402.csv,2025-08-23 03:51:42,0.0
GEOP_20260402.csv,2025-08-23 03:54:42,0.0
GEOP_20260402.csv,2025-08-23 03:57:42,0.0
GEOP_20260402.csv,2025-08-23 04:00:42,0.0
GEOP_20260402.csv,2025-08-23 04:03:42,0.0
GEOP_20260402.csv,2025-08-23 04:06:42,0.0
GEOP_20260402.csv,2025-08-23 04:09:42,0.0
GEOP_20260402.csv,2025-08-23 04:12:42,0.0
GEOP_20260402.csv,2025-08-23 04:15:42,0.0
GEOP_20260402.csv,2025-08-23 04:18:42,0.0
GEOP_20260402.csv,2025-08-23 04:21:42,0.0
GEOP_20260402.csv,2025-08-23 04:24:42,0.0
GEOP_20260402.csv,2025-08-23 04:27:42,0.0
GEOP_20260402.csv,2025-08-23 04:30:42,0.0
GEOP_20260402.csv,2025-08-23 04:33:42,0.0
GEOP_20260402.csv,2025-08-23 04:36:42,0.0
GEOP_20260402.csv,2025-08-23 04:39:42,0.0
GEOP_20260402.csv,2025-08-23 04:42:42,0.0
GEOP_20260402.csv,2025-08-23 04:45:42,0.0
GEOP_20260402.csv,2025-08-23 04:48:42,0.0
GEOP_20260402.csv,2025-08-23 04:51:42,0.0
GEOP_20260402.csv,2025-08-23 04:54:42,0.0
GEOP_20260402.csv,2025-08-23 04:57:42,0.0
GEOP_20260402.csv,2025-08-23 05:00:42,0.0
GEOP_20260402.csv,2025-08-23 05:03:42,0.0
GEOP_20260402.csv,2025-08-23 05:06:42,0.0
GEOP_20260402.csv,2025-08-23 05:09:42,0.0
GEOP_20260402.csv,2025-08-23 05:12:42,0.0
GEOP_20260402.csv,2025-08-23 05:15:42,0.0
GEOP_20260402.csv,2025-08-23 05:18:42,0.0
GEOP_20260402.csv,2025-08-23 05:21:42,0.0
GEOP_20260402.csv,2025-08-23 05:24:42,0.0
GEOP_20260402.csv,2025-08-23 05:27:42,0.0
GEOP_20260402.csv,2025-08-23 05:30:42,0.0
GEOP_20260402.csv,2025-08-23 05:33:42,0.0
GEOP_20260402.csv,2025-08-23 05:36:42,0.0
GEOP_20260402.csv,2025-08-23 05:39:42,0.0
GEOP_20260402.csv,2025-08-23 05:42:42,0.0
GEOP_20260402.csv,2025-08-23 05:45:42,0.0
GEOP_20260402.csv,2025-08-23 05:48:42,0.0
GEOP_20260402.csv,2025-08-23 05:51:42,0.0
GEOP_20260402.csv,2025-08-23 05:54:42,0.0
GEOP_20260402.csv,2025-08-23 05:57:42,0.0
GEOP_20260402.csv,2025-08-23 06:00:42,0.0
GEOP_20260402.csv,2025-08-23 06:03:42,0.0
GEOP_20260402.csv,2025-08-23 06:06:42,0.0
GEOP_20260402.csv,2025-08-23 06:09:42,0.0
GEOP_20260402.csv,2025-08-23 06:12:42,0.0
GEOP_20260402.csv,2025-08-23 06:15:42,0.0
GEOP_20260402.csv,2025-08-23 06:18:42,0.0
GEOP_20260402.csv,2025-08-23 06:21:42,0.0
GEOP_20260402.csv,2025-08-23 06:24:42,0.0
GEOP_20260402.csv,2025-08-23 06:27:42,0.0
GEOP_20260402.csv,2025-08-23 06:30:42,0.0
GEOP_20260402.csv,2025-08-23 06:33:42,0.0
GEOP_20260402.csv,2025-08-23 06:36:42,0.0
GEOP_20260402.csv,2025-08-23 06:39:42,0.0
GEOP_20260402.csv,2025-08-23 06:42:42,0.0
GEOP_20260402.csv,2025-08-23 06:45:42,0.0
GEOP_20260402.csv,2025-08-23 06:48:42,0.0
GEOP_20260402.csv,2025-08-23 06:51:42,0.0
GEOP_20260402.csv,2025-08-23 06:54:42,0.0
GEOP_20260402.csv,2025-08-23 06:57:42,0.0
GEOP_20260402.csv,2025-08-23 07:00:42,0.0
GEOP_20260402.csv,2025-08-23 07:03:42,0.0
GEOP_20260402.csv,2025-08-23 07:06:42,0.0
GEOP_20260402.csv,2025-08-23 07:09:42,0.0
GEOP_20260402.csv,2025-08-23 07:12:42,0.0
GEOP_20260402.csv,2025-08-23 07:15:42,0.0
GEOP_20260402.csv,2025-08-23 07:18:42,0.0
GEOP_20260402.csv,2025-08-23 07:21:42,0.0
GEOP_20260402.csv,2025-08-23 07:24:42,0.0
GEOP_20260402.csv,2025-08-23 07:27:42,0.0
GEOP_20260402.csv,2025-08-23 07:30:42,0.0
GEOP_20260402.csv,2025-08-23 07:33:42,0.0
GEOP_20260402.csv,2025-08-23 07:36:42,0.0
GEOP_20260402.csv,2025-08-23 07:39:42,0.0
GEOP_20260402.csv,2025-08-23 07:42:42,0.0
GEOP_20260402.csv,2025-08-23 07:45:42,0.0
GEOP_20260402.csv,2025-08-23 07:48:42,0.0
GEOP_20260402.csv,2025-08-23 07:51:42,0.0
GEOP_20260402.csv,2025-08-23 07:54:42,0.0
GEOP_20260402.csv,2025-08-23 07:57:42,0.0
GEOP_20260402.csv,2025-08-23 08:00:42,0.0
GEOP_20260402.csv,2025-08-23 08:03:42,0.0
GEOP_20260402.csv,2025-08-23 08:06:42,0.0
GEOP_20260402.csv,2025-08-23 08:09:42,0.0
GEOP_20260402.csv,2025-08-23 08:12:42,0.0
GEOP_20260402.csv,2025-08-23 08:15:42,0.0
GEOP_20260402.csv,2025-08-23 08:18:42,0.0
GEOP_20260402.csv,2025-08-23 08:21:42,0.0
GEOP_20260402.csv,2025-08-23 08:24:42,0.0
GEOP_20260402.csv,2025-08-23 08:27:42,0.0
GEOP_20260402.csv,2025-08-23 08:30:42,0.0
GEOP_20260402.csv,2025-08-23 08:33:42,0.0
GEOP_20260402.csv,2025-08-23 08:36:42,0.0
GEOP_20260402.csv,2025-08-23 08:39:42,0.0
GEOP_20260402.csv,2025-08-23 08:42:42,0.0
GEOP_20260402.csv,2025-08-23 08:45:42,0.0
GEOP_20260402.csv,2025-08-23 08:48:42,0.0
GEOP_20260402.csv,2025-08-23 08:51:42,0.0
GEOP_20260402.csv,2025-08-23 08:54:42,0.0
GEOP_20260402.csv,2025-08-23 08:57:42,0.0
GEOP_20260402.csv,2025-08-23 09:00:42,0.0
GEOP_20260402.csv,2025-08-23 09:03:42,0.0
GEOP_20260402.csv,2025-08-23 09:06:42,0.0
GEOP_20260402.csv,2025-08-23 09:09:42,0.0
GEOP_20260402.csv,2025-08-23 09:12:42,0.0
GEOP_20260402.csv,2025-08-23 09:15:42,0.0
GEOP_20260402.csv,2025-08-23 09:18:42,0.0
GEOP_20260402.csv,2025-08-23 09:21:42,0.0
GEOP_20260402.csv,2025-08-23 09:24:42,0.0
GEOP_20260402.csv,2025-08-23 09:27:42,0.0
GEOP_20260402.csv,2025-08-23 09:30:42,0.0
GEOP_20260402.csv,2025-08-23 09:33:42,0.0
GEOP_20260402.csv,2025-08-23 09:36:42,0.0
GEOP_20260402.csv,2025-08-23 09:39:42,0.0
GEOP_20260402.csv,2025-08-23 09:42:42,0.0
GEOP_20260402.csv,2025-08-23 09:45:42,0.0
GEOP_20260402.csv,2025-08-23 09:48:42,0.0
GEOP_20260402.csv,2025-08-23 09:51:42,0.0
GEOP_20260402.csv,2025-08-23 09:54:42,0.0
GEOP_20260402.csv,2025-08-23 09:57:42,0.0
GEOP_20260402.csv,2025-08-23 10:00:42,0.0
GEOP_20260402.csv,2025-08-23 10:03:42,0.0
GEOP_20260402.csv,2025-08-23 10:06:42,0.0
GEOP_20260402.csv,2025-08-23 10:09:42,0.0
GEOP_20260402.csv,2025-08-23 10:12:42,0.0
GEOP_20260402.csv,2025-08-23 10:15:42,0.0
GEOP_20260402.csv,2025-08-23 10:18:42,0.0
GEOP_20260402.csv,2025-08-23 10:21:42,0.0
GEOP_20260402.csv,2025-08-23 10:24:42,0.0
GEOP_20260402.csv,2025-08-23 10:27:42,0.0
GEOP_20260402.csv,2025-08-23 10:30:42,0.0
GEOP_20260402.csv,2025-08-23 10:33:42,0.0
GEOP_20260402.csv,2025-08-23 10:36:42,0.0
GEOP_20260402.csv,2025-08-23 10:39:42,0.0
GEOP_20260402.csv,2025-08-23 10:42:42,0.0
GEOP_20260402.csv,2025-08-23 10:45:42,0.0
GEOP_20260402.csv,2025-08-23 10:48:42,0.0
GEOP_20260402.csv,2025-08-23 10:51:42,0.0
GEOP_20260402.csv,2025-08-23 10:54:42,0.0
GEOP_20260402.csv,2025-08-23 10:57:41,0.0
GEOP_20260402.csv,2025-08-23 11:00:41,0.0
GEOP_20260402.csv,2025-08-23 11:03:41,0.0
GEOP_20260402.csv,2025-08-23 11:06:41,0.0
GEOP_20260402.csv,2025-08-23 11:09:41,0.0
GEOP_20260402.csv,2025-08-23 11:12:41,0.0
GEOP_20260402.csv,2025-08-23 11:15:41,0.0
GEOP_20260402.csv,2025-08-23 11:18:41,0.0
GEOP_20260402.csv,2025-08-23 11:21:41,0.0
GEOP_20260402.csv,2025-08-23 11:24:41,0.0
GEOP_20260402.csv,2025-08-23 11:27:41,0.0
GEOP_20260402.csv,2025-08-23 11:30:41,0.0
GEOP_20260402.csv,2025-08-23 11:33:41,0.0
GEOP_20260402.csv,2025-08-23 11:36:41,0.0
GEOP_20260402.csv,2025-08-23 11:39:41,0.0
GEOP_20260402.csv,2025-08-23 11:42:41,0.0
GEOP_20260402.csv,2025-08-23 11:45:41,0.0
GEOP_20260402.csv,2025-08-23 11:48:41,0.0
GEOP_20260402.csv,2025-08-23 11:51:41,0.0
GEOP_20260402.csv,2025-08-23 11:54:41,0.0
GEOP_20260402.csv,2025-08-23 11:57:41,0.0
GEOP_20260402.csv,2025-08-23 12:00:41,0.0
GEOP_20260402.csv,2025-08-23 12:03:41,0.0
GEOP_20260402.csv,2025-08-23 12:06:41,0.0
GEOP_20260402.csv,2025-08-23 12:09:41,0.0
GEOP_20260402.csv,2025-08-23 12:12:41,0.0
GEOP_20260402.csv,2025-08-23 12:15:41,0.0
GEOP_20260402.csv,2025-08-23 12:18:41,0.0
GEOP_20260402.csv,2025-08-23 12:21:41,0.0
GEOP_20260402.csv,2025-08-23 12:24:41,0.0
GEOP_20260402.csv,2025-08-23 12:27:41,0.0
GEOP_20260402.csv,2025-08-23 12:30:41,0.0
GEOP_20260402.csv,2025-08-23 12:33:41,0.0
GEOP_20260402.csv,2025-08-23 12:36:41,0.0
GEOP_20260402.csv,2025-08-23 12:39:41,0.0
GEOP_20260402.csv,2025-08-23 12:42:41,0.0
GEOP_20260402.csv,2025-08-23 12:45:41,0.0
GEOP_20260402.csv,2025-08-23 12:48:41,0.0
GEOP_20260402.csv,2025-08-23 12:51:41,0.0
GEOP_20260402.csv,2025-08-23 12:54:41,0.0
GEOP_20260402.csv,2025-08-23 12:57:41,0.0
GEOP_20260402.csv,2025-08-23 13:00:41,0.0
GEOP_20260402.csv,2025-08-23 13:03:41,0.0
GEOP_20260402.csv,2025-08-23 13:06:41,0.0
GEOP_20260402.csv,2025-08-23 13:09:41,0.0
GEOP_20260402.csv,2025-08-23 13:12:41,0.0
GEOP_20260402.csv,2025-08-23 13:15:41,0.0
GEOP_20260402.csv,2025-08-23 13:18:41,0.0
GEOP_20260402.csv,2025-08-23 13:21:41,0.0
GEOP_20260402.csv,2025-08-23 13:24:41,0.0
GEOP_20260402.csv,2025-08-23 13:27:41,0.0
GEOP_20260402.csv,2025-08-23 13:30:41,0.0
GEOP_20260402.csv,2025-08-23 13:33:41,0.0
GEOP_20260402.csv,2025-08-23 13:36:41,0.0
GEOP_20260402.csv,2025-08-23 13:39:41,0.0
GEOP_20260402.csv,2025-08-23 13:42:41,0.0
GEOP_20260402.csv,2025-08-23 13:45:41,0.0
GEOP_20260402.csv,2025-08-23 13:48:41,0.0
GEOP_20260402.csv,2025-08-23 13:51:41,0.0
GEOP_20260402.csv,2025-08-23 13:54:41,0.0
GEOP_20260402.csv,2025-08-23 13:57:41,0.0
GEOP_20260402.csv,2025-08-23 14:00:41,0.0
GEOP_20260402.csv,2025-08-23 14:03:41,0.0
GEOP_20260402.csv,2025-08-23 14:06:41,0.0
GEOP_20260402.csv,2025-08-23 14:09:41,0.0
GEOP_20260402.csv,2025-08-23 14:12:41,0.0
GEOP_20260402.csv,2025-08-23 14:15:41,0.0
GEOP_20260402.csv,2025-08-23 14:18:41,0.0
GEOP_20260402.csv,2025-08-23 14:21:41,0.0
GEOP_20260402.csv,2025-08-23 14:24:41,0.0
GEOP_20260402.csv,2025-08-23 14:27:41,0.0
GEOP_20260402.csv,2025-08-23 14:30:41,0.0
GEOP_20260402.csv,2025-08-23 14:33:41,0.0
GEOP_20260402.csv,2025-08-23 14:36:41,0.0
GEOP_20260402.csv,2025-08-23 14:39:41,0.0
GEOP_20260402.csv,2025-08-23 14:42:41,0.0
GEOP_20260402.csv,2025-08-23 14:45:41,0.0
GEOP_20260402.csv,2025-08-23 14:48:41,0.0
GEOP_20260402.csv,2025-08-23 14:51:41,0.0
GEOP_20260402.csv,2025-08-23 14:54:41,0.0
GEOP_20260402.csv,2025-08-23 14:57:41,0.0
GEOP_20260402.csv,2025-08-23 15:00:41,0.0
GEOP_20260402.csv,2025-08-23 15:03:41,0.0
GEOP_20260402.csv,2025-08-23 15:06:41,0.0
GEOP_20260402.csv,2025-08-23 15:09:41,0.0
GEOP_20260402.csv,2025-08-23 15:12:41,0.0
GEOP_20260402.csv,2025-08-23 15:15:41,0.0
GEOP_20260402.csv,2025-08-23 15:18:41,0.0
GEOP_20260402.csv,2025-08-23 15:21:41,0.0
GEOP_20260402.csv,2025-08-23 15:24:41,0.0
GEOP_20260402.csv,2025-08-23 15:27:41,0.0
GEOP_20260402.csv,2025-08-23 15:30:41,0.0
GEOP_20260402.csv,2025-08-23 15:33:41,0.0
GEOP_20260402.csv,2025-08-23 15:36:41,0.0
GEOP_20260402.csv,2025-08-23 15:39:41,0.0
GEOP_20260402.csv,2025-08-23 15:42:41,0.0
GEOP_20260402.csv,2025-08-23 15:45:41,0.0
GEOP_20260402.csv,2025-08-23 15:48:41,0.0
GEOP_20260402.csv,2025-08-23 15:51:41,0.0
GEOP_20260402.csv,2025-08-23 15:54:41,0.0
GEOP_20260402.csv,2025-08-23 15:57:41,0.0
GEOP_20260402.csv,2025-08-23 16:00:41,0.0
GEOP_20260402.csv,2025-08-23 16:03:41,0.0
GEOP_20260402.csv,2025-08-23 16:06:41,0.0
GEOP_20260402.csv,2025-08-23 16:09:41,0.0
GEOP_20260402.csv,2025-08-23 16:12:41,0.0
GEOP_20260402.csv,2025-08-23 16:15:41,0.0
GEOP_20260402.csv,2025-08-23 16:18:41,0.0
GEOP_20260402.csv,2025-08-23 16:21:41,0.0
GEOP_20260402.csv,2025-08-23 16:24:41,0.0
GEOP_20260402.csv,2025-08-23 16:27:41,0.0
GEOP_20260402.csv,2025-08-23 16:30:41,0.0
GEOP_20260402.csv,2025-08-23 16:33:41,0.0
GEOP_20260402.csv,2025-08-23 16:36:41,0.0
GEOP_20260402.csv,2025-08-23 16:39:41,0.0
GEOP_20260402.csv,2025-08-23 16:42:41,0.0
GEOP_20260402.csv,2025-08-23 16:45:41,0.0
GEOP_20260402.csv,2025-08-23 16:48:41,0.0
GEOP_20260402.csv,2025-08-23 16:51:41,0.0
GEOP_20260402.csv,2025-08-23 16:54:41,0.0
GEOP_20260402.csv,2025-08-23 16:57:41,0.0
GEOP_20260402.csv,2025-08-23 17:00:41,0.0
GEOP_20260402.csv,2025-08-23 17:03:41,0.0
GEOP_20260402.csv,2025-08-23 17:06:41,0.0
GEOP_20260402.csv,2025-08-23 17:09:41,0.0
GEOP_20260402.csv,2025-08-23 17:12:41,0.0
GEOP_20260402.csv,2025-08-23 17:15:41,0.0
GEOP_20260402.csv,2025-08-23 17:18:41,0.0
GEOP_20260402.csv,2025-08-23 17:21:41,0.0
GEOP_20260402.csv,2025-08-23 17:24:41,0.0
GEOP_20260402.csv,2025-08-23 17:27:41,0.0
GEOP_20260402.csv,2025-08-23 17:30:41,0.0
GEOP_20260402.csv,2025-08-23 17:33:41,0.0
GEOP_20260402.csv,2025-08-23 17:36:41,0.0
GEOP_20260402.csv,2025-08-23 17:39:41,0.0
GEOP_20260402.csv,2025-08-23 17:42:41,0.0
GEOP_20260402.csv,2025-08-23 17:45:41,0.0
GEOP_20260402.csv,2025-08-23 17:48:41,0.0
GEOP_20260402.csv,2025-08-23 17:51:41,0.0
GEOP_20260402.csv,2025-08-23 17:54:41,0.0
GEOP_20260402.csv,2025-08-23 17:57:41,0.0
GEOP_20260402.csv,2025-08-23 18:00:41,0.0
GEOP_20260402.csv,2025-08-23 18:03:41,0.0
GEOP_20260402.csv,2025-08-23 18:06:41,0.0
GEOP_20260402.csv,2025-08-23 18:09:41,0.0
GEOP_20260402.csv,2025-08-23 18:12:41,0.0
GEOP_20260402.csv,2025-08-23 18:15:41,0.0
GEOP_20260402.csv,2025-08-23 18:18:41,0.0
GEOP_20260402.csv,2025-08-23 18:21:41,0.0
GEOP_20260402.csv,2025-08-23 18:24:41,0.0
GEOP_20260402.csv,2025-08-23 18:27:41,0.0
GEOP_20260402.csv,2025-08-23 18:30:41,0.0
GEOP_20260402.csv,2025-08-23 18:33:41,0.0
GEOP_20260402.csv,2025-08-23 18:36:41,0.0
GEOP_20260402.csv,2025-08-23 18:39:41,0.0
GEOP_20260402.csv,2025-08-23 18:42:41,0.0
GEOP_20260402.csv,2025-08-23 18:45:41,0.0
GEOP_20260402.csv,2025-08-23 18:48:41,0.0
GEOP_20260402.csv,2025-08-23 18:51:41,0.0
GEOP_20260402.csv,2025-08-23 18:54:41,0.0
GEOP_20260402.csv,2025-08-23 18:57:41,0.0
GEOP_20260402.csv,2025-08-23 19:00:41,0.0
GEOP_20260402.csv,2025-08-23 19:03:41,0.0
GEOP_20260402.csv,2025-08-23 19:06:41,0.0
GEOP_20260402.csv,2025-08-23 19:09:41,0.0
GEOP_20260402.csv,2025-08-23 19:12:41,0.0
GEOP_20260402.csv,2025-08-23 19:15:41,0.0
GEOP_20260402.csv,2025-08-23 19:18:41,0.0
GEOP_20260402.csv,2025-08-23 19:21:41,0.0
GEOP_20260402.csv,2025-08-23 19:24:41,0.0
GEOP_20260402.csv,2025-08-23 19:27:41,0.0
GEOP_20260402.csv,2025-08-23 19:30:41,0.0
GEOP_20260402.csv,2025-08-23 19:33:41,0.0
GEOP_20260402.csv,2025-08-23 19:36:41,0.0
GEOP_20260402.csv,2025-08-23 19:39:41,0.0
GEOP_20260402.csv,2025-08-23 19:42:41,0.0
GEOP_20260402.csv,2025-08-23 19:45:41,0.0
GEOP_20260402.csv,2025-08-23 19:48:41,0.0
GEOP_20260402.csv,2025-08-23 19:51:41,0.0
GEOP_20260402.csv,2025-08-23 19:54:41,0.0
GEOP_20260402.csv,2025-08-23 19:57:40,0.0
GEOP_20260402.csv,2025-08-23 20:00:41,0.0
GEOP_20260402.csv,2025-08-23 20:03:40,0.0
GEOP_20260402.csv,2025-08-23 20:06:40,0.0
GEOP_20260402.csv,2025-08-23 20:09:40,0.0
GEOP_20260402.csv,2025-08-23 20:12:40,0.0
GEOP_20260402.csv,2025-08-23 20:15:40,0.0
GEOP_20260402.csv,2025-08-23 20:18:40,0.0
GEOP_20260402.csv,2025-08-23 20:21:40,0.0
GEOP_20260402.csv,2025-08-23 20:24:40,0.0
GEOP_20260402.csv,2025-08-23 20:27:40,0.0
GEOP_20260402.csv,2025-08-23 20:30:40,0.0
GEOP_20260402.csv,2025-08-23 20:33:40,0.0
GEOP_20260402.csv,2025-08-23 20:36:40,0.0
GEOP_20260402.csv,2025-08-23 20:39:40,0.0
GEOP_20260402.csv,2025-08-23 20:42:40,0.0
GEOP_20260402.csv,2025-08-23 20:45:40,0.0
GEOP_20260402.csv,2025-08-23 20:48:40,0.0
GEOP_20260402.csv,2025-08-23 20:51:40,0.0
GEOP_20260402.csv,2025-08-23 20:54:40,0.0
GEOP_20260402.csv,2025-08-23 20:57:40,0.0
GEOP_20260402.csv,2025-08-23 21:00:40,0.0
GEOP_20260402.csv,2025-08-23 21:03:40,0.0
GEOP_20260402.csv,2025-08-23 21:06:40,0.0
GEOP_20260402.csv,2025-08-23 21:09:40,0.0
GEOP_20260402.csv,2025-08-23 21:12:40,0.0
GEOP_20260402.csv,2025-08-23 21:15:40,0.0
GEOP_20260402.csv,2025-08-23 21:18:40,0.0
GEOP_20260402.csv,2025-08-23 21:21:40,0.0
GEOP_20260402.csv,2025-08-23 21:24:40,0.0
GEOP_20260402.csv,2025-08-23 21:27:40,0.0
GEOP_20260402.csv,2025-08-23 21:30:40,0.0
GEOP_20260402.csv,2025-08-23 21:33:40,0.0
GEOP_20260402.csv,2025-08-23 21:36:40,0.0
GEOP_20260402.csv,2025-08-23 21:39:40,0.0
GEOP_20260402.csv,2025-08-23 21:42:40,0.0
GEOP_20260402.csv,2025-08-23 21:45:40,0.0
GEOP_20260402.csv,2025-08-23 21:48:40,0.0
GEOP_20260402.csv,2025-08-23 21:51:40,0.0
GEOP_20260402.csv,2025-08-23 21:54:40,0.0
GEOP_20260402.csv,2025-08-23 21:57:40,0.0
GEOP_20260402.csv,2025-08-23 22:00:40,0.0
GEOP_20260402.csv,2025-08-23 22:03:40,0.0
GEOP_20260402.csv,2025-08-23 22:06:40,0.0
GEOP_20260402.csv,2025-08-23 22:09:40,0.0
GEOP_20260402.csv,2025-08-23 22:12:40,0.0
GEOP_20260402.csv,2025-08-23 22:15:40,0.0
GEOP_20260402.csv,2025-08-23 22:18:40,0.0
GEOP_20260402.csv,2025-08-23 22:21:40,0.0
GEOP_20260402.csv,2025-08-23 22:24:40,0.0
GEOP_20260402.csv,2025-08-23 22:27:40,0.0
GEOP_20260402.csv,2025-08-23 22:30:40,0.0
GEOP_20260402.csv,2025-08-23 22:33:41,0.0
GEOP_20260402.csv,2025-08-23 22:36:40,0.0
GEOP_20260402.csv,2025-08-23 22:39:40,0.0
GEOP_20260402.csv,2025-08-23 22:42:40,0.0
GEOP_20260402.csv,2025-08-23 22:45:40,0.0
GEOP_20260402.csv,2025-08-23 22:48:40,0.0
GEOP_20260402.csv,2025-08-23 22:51:40,0.0
GEOP_20260402.csv,2025-08-23 22:54:40,0.0
GEOP_20260402.csv,2025-08-23 22:57:40,0.0
GEOP_20260402.csv,2025-08-23 23:00:40,0.0
GEOP_20260402.csv,2025-08-23 23:03:40,0.0
GEOP_20260402.csv,2025-08-23 23:06:40,0.0
GEOP_20260402.csv,2025-08-23 23:09:40,0.0
GEOP_20260402.csv,2025-08-23 23:12:40,0.0
GEOP_20260402.csv,2025-08-23 23:15:40,0.0
GEOP_20260402.csv,2025-08-23 23:18:40,0.0
GEOP_20260402.csv,2025-08-23 23:21:40,0.0
GEOP_20260402.csv,2025-08-23 23:24:40,0.0
GEOP_20260402.csv,2025-08-23 23:27:40,0.0
GEOP_20260402.csv,2025-08-23 23:30:40,0.0
GEOP_20260402.csv,2025-08-23 23:33:40,0.0
GEOP_20260402.csv,2025-08-23 23:36:40,0.0
GEOP_20260402.csv,2025-08-23 23:39:40,0.0
GEOP_20260402.csv,2025-08-23 23:42:40,0.0
GEOP_20260402.csv,2025-08-23 23:45:40,0.0
GEOP_20260402.csv,2025-08-23 23:48:40,0.0
GEOP_20260402.csv,2025-08-23 23:51:40,0.0
GEOP_20260402.csv,2025-08-23 23:54:40,0.0
GEOP_20260402.csv,2025-08-23 23:57:40,0.0
GEOP_20260402.csv,2025-08-24 00:00:40,0.0
GEOP_20260402.csv,2025-08-24 00:03:40,0.0
GEOP_20260402.csv,2025-08-24 00:06:40,0.0
GEOP_20260402.csv,2025-08-24 00:09:40,0.0
GEOP_20260402.csv,2025-08-24 00:12:40,0.0
GEOP_20260402.csv,2025-08-24 00:15:40,0.0
GEOP_20260402.csv,2025-08-24 00:18:40,0.0
GEOP_20260402.csv,2025-08-24 00:21:40,0.0
GEOP_20260402.csv,2025-08-24 00:24:40,0.0
GEOP_20260402.csv,2025-08-24 00:27:40,0.0
GEOP_20260402.csv,2025-08-24 00:30:40,0.0
GEOP_20260402.csv,2025-08-24 00:33:40,0.0
GEOP_20260402.csv,2025-08-24 00:36:40,0.0
GEOP_20260402.csv,2025-08-24 00:39:40,0.0
GEOP_20260402.csv,2025-08-24 00:42:40,0.0
GEOP_20260402.csv,2025-08-24 00:45:40,0.0
GEOP_20260402.csv,2025-08-24 00:48:40,0.0
GEOP_20260402.csv,2025-08-24 00:51:40,0.0
GEOP_20260402.csv,2025-08-24 00:54:40,0.0
GEOP_20260402.csv,2025-08-24 00:57:40,0.0
GEOP_20260402.csv,2025-08-24 01:00:40,0.0
GEOP_20260402.csv,2025-08-24 01:03:40,0.0
GEOP_20260402.csv,2025-08-24 01:06:40,0.0
GEOP_20260402.csv,2025-08-24 01:09:40,0.0
GEOP_20260402.csv,2025-08-24 01:12:40,0.0
GEOP_20260402.csv,2025-08-24 01:15:40,0.0
GEOP_20260402.csv,2025-08-24 01:18:40,0.0
GEOP_20260402.csv,2025-08-24 01:21:40,0.0
GEOP_20260402.csv,2025-08-24 01:24:40,0.0
GEOP_20260402.csv,2025-08-24 01:27:40,0.0
GEOP_20260402.csv,2025-08-24 01:30:40,0.0
GEOP_20260402.csv,2025-08-24 01:33:40,0.0
GEOP_20260402.csv,2025-08-24 01:36:40,0.0
GEOP_20260402.csv,2025-08-24 01:39:40,0.0
GEOP_20260402.csv,2025-08-24 01:42:40,0.0
GEOP_20260402.csv,2025-08-24 01:45:40,0.0
GEOP_20260402.csv,2025-08-24 01:48:40,0.0
GEOP_20260402.csv,2025-08-24 01:51:40,0.0
GEOP_20260402.csv,2025-08-24 01:54:40,0.0
GEOP_20260402.csv,2025-08-24 01:57:40,0.0
GEOP_20260402.csv,2025-08-24 02:00:40,0.0
GEOP_20260402.csv,2025-08-24 02:03:40,0.0
GEOP_20260402.csv,2025-08-24 02:06:40,0.0
GEOP_20260402.csv,2025-08-24 02:09:40,0.0
GEOP_20260402.csv,2025-08-24 02:12:40,0.0
GEOP_20260402.csv,2025-08-24 02:15:40,0.0
GEOP_20260402.csv,2025-08-24 02:18:40,0.0
GEOP_20260402.csv,2025-08-24 02:21:40,0.0
GEOP_20260402.csv,2025-08-24 02:24:40,0.0
GEOP_20260402.csv,2025-08-24 02:27:40,0.0
GEOP_20260402.csv,2025-08-24 02:30:40,0.0
GEOP_20260402.csv,2025-08-24 02:33:40,0.0
GEOP_20260402.csv,2025-08-24 02:36:40,0.0
GEOP_20260402.csv,2025-08-24 02:39:40,0.0
GEOP_20260402.csv,2025-08-24 02:42:40,0.0
GEOP_20260402.csv,2025-08-24 02:45:40,0.0
GEOP_20260402.csv,2025-08-24 02:48:40,0.0
GEOP_20260402.csv,2025-08-24 02:51:40,0.0
GEOP_20260402.csv,2025-08-24 02:54:40,0.0
GEOP_20260402.csv,2025-08-24 02:57:40,0.0
GEOP_20260402.csv,2025-08-24 03:00:40,0.0
GEOP_20260402.csv,2025-08-24 03:03:40,0.0
GEOP_20260402.csv,2025-08-24 03:06:40,0.0
GEOP_20260402.csv,2025-08-24 03:09:40,0.0
GEOP_20260402.csv,2025-08-24 03:12:40,0.0
GEOP_20260402.csv,2025-08-24 03:15:40,0.0
GEOP_20260402.csv,2025-08-24 03:18:40,0.0
GEOP_20260402.csv,2025-08-24 03:21:40,0.0
GEOP_20260402.csv,2025-08-24 03:24:40,0.0
GEOP_20260402.csv,2025-08-24 03:27:40,0.0
GEOP_20260402.csv,2025-08-24 03:30:40,0.0
GEOP_20260402.csv,2025-08-24 03:33:40,0.0
GEOP_20260402.csv,2025-08-24 03:36:40,0.0
GEOP_20260402.csv,2025-08-24 03:39:40,0.0
GEOP_20260402.csv,2025-08-24 03:42:40,0.0
GEOP_20260402.csv,2025-08-24 03:45:40,0.0
GEOP_20260402.csv,2025-08-24 03:48:40,0.0
GEOP_20260402.csv,2025-08-24 03:51:40,0.0
GEOP_20260402.csv,2025-08-24 03:54:40,0.0
GEOP_20260402.csv,2025-08-24 03:57:40,0.0
GEOP_20260402.csv,2025-08-24 04:00:40,0.0
GEOP_20260402.csv,2025-08-24 04:03:40,0.0
GEOP_20260402.csv,2025-08-24 04:06:40,0.0
GEOP_20260402.csv,2025-08-24 04:09:40,0.0
GEOP_20260402.csv,2025-08-24 04:12:40,0.0
GEOP_20260402.csv,2025-08-24 04:15:40,0.0
GEOP_20260402.csv,2025-08-24 04:18:40,0.0
GEOP_20260402.csv,2025-08-24 04:21:40,0.0
GEOP_20260402.csv,2025-08-24 04:24:40,0.0
GEOP_20260402.csv,2025-08-24 04:27:40,0.0
GEOP_20260402.csv,2025-08-24 04:30:40,0.0
GEOP_20260402.csv,2025-08-24 04:33:40,0.0
GEOP_20260402.csv,2025-08-24 04:36:40,0.0
GEOP_20260402.csv,2025-08-24 04:39:40,0.0
GEOP_20260402.csv,2025-08-24 04:42:40,0.0
GEOP_20260402.csv,2025-08-24 04:45:40,0.0
GEOP_20260402.csv,2025-08-24 04:48:40,0.0
GEOP_20260402.csv,2025-08-24 04:51:40,0.0
GEOP_20260402.csv,2025-08-24 04:54:40,0.0
GEOP_20260402.csv,2025-08-24 04:57:40,0.0
GEOP_20260402.csv,2025-08-24 05:00:40,0.0
GEOP_20260402.csv,2025-08-24 05:03:40,0.0
GEOP_20260402.csv,2025-08-24 05:06:40,0.0
GEOP_20260402.csv,2025-08-24 05:09:40,0.0
GEOP_20260402.csv,2025-08-24 05:12:40,0.0
GEOP_20260402.csv,2025-08-24 05:15:40,0.0
GEOP_20260402.csv,2025-08-24 05:18:40,0.0
GEOP_20260402.csv,2025-08-24 05:21:40,0.0
GEOP_20260402.csv,2025-08-24 05:24:40,0.0
GEOP_20260402.csv,2025-08-24 05:27:40,0.0
GEOP_20260402.csv,2025-08-24 05:30:40,0.0
GEOP_20260402.csv,2025-08-24 05:33:40,0.0
GEOP_20260402.csv,2025-08-24 05:36:40,0.0
GEOP_20260402.csv,2025-08-24 05:39:40,0.0
GEOP_20260402.csv,2025-08-24 05:42:40,0.0
GEOP_20260402.csv,2025-08-24 05:45:40,0.0
GEOP_20260402.csv,2025-08-24 05:48:40,0.0
GEOP_20260402.csv,2025-08-24 05:51:40,0.0
GEOP_20260402.csv,2025-08-24 05:54:40,0.0
GEOP_20260402.csv,2025-08-24 05:57:40,0.0
GEOP_20260402.csv,2025-08-24 06:00:39,0.0
GEOP_20260402.csv,2025-08-24 06:03:40,0.0
GEOP_20260402.csv,2025-08-24 06:06:40,0.0
GEOP_20260402.csv,2025-08-24 06:09:39,0.0
GEOP_20260402.csv,2025-08-24 06:12:39,0.0
GEOP_20260402.csv,2025-08-24 06:15:39,0.0
GEOP_20260402.csv,2025-08-24 06:18:39,0.0
GEOP_20260402.csv,2025-08-24 06:21:39,0.0
GEOP_20260402.csv,2025-08-24 06:24:39,0.0
GEOP_20260402.csv,2025-08-24 06:27:39,0.0
GEOP_20260402.csv,2025-08-24 06:30:39,0.0
GEOP_20260402.csv,2025-08-24 06:33:39,0.0
GEOP_20260402.csv,2025-08-24 06:36:39,0.0
GEOP_20260402.csv,2025-08-24 06:39:39,0.0
GEOP_20260402.csv,2025-08-24 06:42:39,0.0
GEOP_20260402.csv,2025-08-24 06:45:39,0.0
GEOP_20260402.csv,2025-08-24 06:48:39,0.0
GEOP_20260402.csv,2025-08-24 06:51:39,0.0
GEOP_20260402.csv,2025-08-24 06:54:39,0.0
GEOP_20260402.csv,2025-08-24 06:57:39,0.0
GEOP_20260402.csv,2025-08-24 07:00:39,0.0
GEOP_20260402.csv,2025-08-24 07:03:39,0.0
GEOP_20260402.csv,2025-08-24 07:06:39,0.0
GEOP_20260402.csv,2025-08-24 07:09:39,0.0
GEOP_20260402.csv,2025-08-24 07:12:39,0.0
GEOP_20260402.csv,2025-08-24 07:15:39,0.0
GEOP_20260402.csv,2025-08-24 07:18:39,0.0
GEOP_20260402.csv,2025-08-24 07:21:39,0.0
GEOP_20260402.csv,2025-08-24 07:24:39,0.0
GEOP_20260402.csv,2025-08-24 07:27:39,0.0
GEOP_20260402.csv,2025-08-24 07:30:39,0.0
GEOP_20260402.csv,2025-08-24 07:33:39,0.0
GEOP_20260402.csv,2025-08-24 07:36:39,0.0
GEOP_20260402.csv,2025-08-24 07:39:39,0.0
GEOP_20260402.csv,2025-08-24 07:42:39,0.0
GEOP_20260402.csv,2025-08-24 07:45:39,0.0
GEOP_20260402.csv,2025-08-24 07:48:39,0.0
GEOP_20260402.csv,2025-08-24 07:51:39,0.0
GEOP_20260402.csv,2025-08-24 07:54:39,0.0
GEOP_20260402.csv,2025-08-24 07:57:39,0.0
GEOP_20260402.csv,2025-08-24 08:00:39,0.0
GEOP_20260402.csv,2025-08-24 08:03:39,0.0
GEOP_20260402.csv,2025-08-24 08:06:39,0.0
GEOP_20260402.csv,2025-08-24 08:09:39,0.0
GEOP_20260402.csv,2025-08-24 08:12:39,0.0
GEOP_20260402.csv,2025-08-24 08:15:39,0.0
GEOP_20260402.csv,2025-08-24 08:18:39,0.0
GEOP_20260402.csv,2025-08-24 08:21:39,0.0
GEOP_20260402.csv,2025-08-24 08:24:39,0.0
GEOP_20260402.csv,2025-08-24 08:27:39,0.0
GEOP_20260402.csv,2025-08-24 08:30:39,0.0
GEOP_20260402.csv,2025-08-24 08:33:39,0.0
GEOP_20260402.csv,2025-08-24 08:36:39,0.0
GEOP_20260402.csv,2025-08-24 08:39:39,0.0
GEOP_20260402.csv,2025-08-24 08:42:39,0.0
GEOP_20260402.csv,2025-08-24 08:45:39,0.0
GEOP_20260402.csv,2025-08-24 08:48:39,0.0
GEOP_20260402.csv,2025-08-24 08:51:39,0.0
GEOP_20260402.csv,2025-08-24 08:54:39,0.0
GEOP_20260402.csv,2025-08-24 08:57:39,0.0
GEOP_20260402.csv,2025-08-24 09:00:39,0.0
GEOP_20260402.csv,2025-08-24 09:03:39,0.0
GEOP_20260402.csv,2025-08-24 09:09:39,0.0
GEOP_20260402.csv,2025-08-24 09:12:39,0.0
GEOP_20260402.csv,2025-08-24 09:15:39,0.0
GEOP_20260402.csv,2025-08-24 09:18:39,0.0
GEOP_20260402.csv,2025-08-24 09:21:39,0.0
GEOP_20260402.csv,2025-08-24 09:24:39,0.0
GEOP_20260402.csv,2025-08-24 09:27:39,0.0
GEOP_20260402.csv,2025-08-24 09:30:39,0.0
GEOP_20260402.csv,2025-08-24 09:33:39,0.0
GEOP_20260402.csv,2025-08-24 09:36:39,0.0
GEOP_20260402.csv,2025-08-24 09:39:39,0.0
GEOP_20260402.csv,2025-08-24 09:42:39,0.0
GEOP_20260402.csv,2025-08-24 09:48:39,0.0
GEOP_20260402.csv,2025-08-24 09:51:39,0.0
GEOP_20260402.csv,2025-08-24 09:54:39,0.0
GEOP_20260402.csv,2025-08-24 09:57:39,0.0
GEOP_20260402.csv,2025-08-24 10:00:39,0.0
GEOP_20260402.csv,2025-08-24 10:03:39,0.0
GEOP_20260402.csv,2025-08-24 10:06:39,0.0
GEOP_20260402.csv,2025-08-24 10:09:39,0.0
GEOP_20260402.csv,2025-08-24 10:12:39,0.0
GEOP_20260402.csv,2025-08-24 10:15:39,0.0
GEOP_20260402.csv,2025-08-24 10:18:39,0.0
GEOP_20260402.csv,2025-08-24 10:21:39,0.0
GEOP_20260402.csv,2025-08-24 10:24:39,0.0
GEOP_20260402.csv,2025-08-24 10:27:39,0.0
GEOP_20260402.csv,2025-08-24 10:30:39,0.0
GEOP_20260402.csv,2025-08-24 10:33:39,0.0
GEOP_20260402.csv,2025-08-24 10:36:39,0.0
GEOP_20260402.csv,2025-08-24 10:39:39,0.0
GEOP_20260402.csv,2025-08-24 10:42:39,0.0
GEOP_20260402.csv,2025-08-24 10:45:39,0.0
GEOP_20260402.csv,2025-08-24 10:48:39,0.0
GEOP_20260402.csv,2025-08-24 10:51:39,0.0
GEOP_20260402.csv,2025-08-24 10:54:39,0.0
GEOP_20260402.csv,2025-08-24 10:57:39,0.0
GEOP_20260402.csv,2025-08-24 11:00:39,0.0
GEOP_20260402.csv,2025-08-24 11:03:39,0.0
GEOP_20260402.csv,2025-08-24 11:06:39,0.0
GEOP_20260402.csv,2025-08-24 11:09:39,0.0
GEOP_20260402.csv,2025-08-24 11:12:39,0.0
GEOP_20260402.csv,2025-08-24 11:15:39,0.0
GEOP_20260402.csv,2025-08-24 11:18:39,0.0
GEOP_20260402.csv,2025-08-24 11:21:39,0.0
GEOP_20260402.csv,2025-08-24 11:24:39,0.0
GEOP_20260402.csv,2025-08-24 11:27:39,0.0
GEOP_20260402.csv,2025-08-24 11:30:39,0.0
GEOP_20260402.csv,2025-08-24 11:33:39,0.0
GEOP_20260402.csv,2025-08-24 11:36:39,0.0
GEOP_20260402.csv,2025-08-24 11:39:39,0.0
GEOP_20260402.csv,2025-08-24 11:42:39,0.0
GEOP_20260402.csv,2025-08-24 11:45:39,0.0
GEOP_20260402.csv,2025-08-24 11:48:39,0.0
GEOP_20260402.csv,2025-08-24 11:51:39,0.0
GEOP_20260402.csv,2025-08-24 11:54:39,0.0
GEOP_20260402.csv,2025-08-24 11:57:39,0.0
GEOP_20260402.csv,2025-08-24 12:00:39,0.0
GEOP_20260402.csv,2025-08-24 12:03:39,0.0
GEOP_20260402.csv,2025-08-24 12:06:39,0.0
GEOP_20260402.csv,2025-08-24 12:09:39,0.0
GEOP_20260402.csv,2025-08-24 12:12:39,0.0
GEOP_20260402.csv,2025-08-24 12:15:39,0.0
GEOP_20260402.csv,2025-08-24 12:18:39,0.0
GEOP_20260402.csv,2025-08-24 12:21:39,0.0
GEOP_20260402.csv,2025-08-24 12:24:39,0.0
GEOP_20260402.csv,2025-08-24 12:27:39,0.0
GEOP_20260402.csv,2025-08-24 12:30:39,0.0
GEOP_20260402.csv,2025-08-24 12:33:39,0.0
GEOP_20260402.csv,2025-08-24 12:36:39,0.0
GEOP_20260402.csv,2025-08-24 12:39:39,0.0
GEOP_20260402.csv,2025-08-24 12:42:39,0.0
GEOP_20260402.csv,2025-08-24 12:45:39,0.0
GEOP_20260402.csv,2025-08-24 12:48:39,0.0
GEOP_20260402.csv,2025-08-24 12:51:39,0.0
GEOP_20260402.csv,2025-08-24 12:54:39,0.0
GEOP_20260402.csv,2025-08-24 12:57:39,0.0
GEOP_20260402.csv,2025-08-24 13:00:39,0.0
GEOP_20260402.csv,2025-08-24 13:03:39,0.0
GEOP_20260402.csv,2025-08-24 13:06:39,0.0
GEOP_20260402.csv,2025-08-24 13:09:39,0.0
GEOP_20260402.csv,2025-08-24 13:12:39,0.0
GEOP_20260402.csv,2025-08-24 13:15:39,0.0
GEOP_20260402.csv,2025-08-24 13:18:39,0.0
GEOP_20260402.csv,2025-08-24 13:21:39,0.0
GEOP_20260402.csv,2025-08-24 13:24:39,0.0
GEOP_20260402.csv,2025-08-24 13:27:39,0.0
GEOP_20260402.csv,2025-08-24 13:30:39,0.0
GEOP_20260402.csv,2025-08-24 13:33:39,0.0
GEOP_20260402.csv,2025-08-24 13:36:39,0.0
GEOP_20260402.csv,2025-08-24 13:39:39,0.0
GEOP_20260402.csv,2025-08-24 13:42:39,0.0
GEOP_20260402.csv,2025-08-24 13:45:39,0.0
GEOP_20260402.csv,2025-08-24 13:48:39,0.0
GEOP_20260402.csv,2025-08-24 13:51:39,0.0
GEOP_20260402.csv,2025-08-24 13:54:39,0.0
GEOP_20260402.csv,2025-08-24 13:57:39,0.0
GEOP_20260402.csv,2025-08-24 14:00:39,0.0
GEOP_20260402.csv,2025-08-24 14:03:39,0.0
GEOP_20260402.csv,2025-08-24 14:06:39,0.0
GEOP_20260402.csv,2025-08-24 14:09:39,0.0
GEOP_20260402.csv,2025-08-24 14:12:39,0.0
GEOP_20260402.csv,2025-08-24 14:15:39,0.0
GEOP_20260402.csv,2025-08-24 14:18:39,0.0
GEOP_20260402.csv,2025-08-24 14:21:39,0.0
GEOP_20260402.csv,2025-08-24 14:24:39,0.0
GEOP_20260402.csv,2025-08-24 14:27:39,0.0
GEOP_20260402.csv,2025-08-24 14:30:39,0.0
GEOP_20260402.csv,2025-08-24 14:33:39,0.0
GEOP_20260402.csv,2025-08-24 14:36:39,0.0
GEOP_20260402.csv,2025-08-24 14:39:39,0.0
GEOP_20260402.csv,2025-08-24 14:42:39,0.0
GEOP_20260402.csv,2025-08-24 14:45:39,0.0
GEOP_20260402.csv,2025-08-24 14:48:39,0.0
GEOP_20260402.csv,2025-08-24 14:51:39,0.0
GEOP_20260402.csv,2025-08-24 14:54:39,0.0
GEOP_20260402.csv,2025-08-24 14:57:39,0.0
GEOP_20260402.csv,2025-08-24 15:00:39,0.0
GEOP_20260402.csv,2025-08-24 15:03:39,0.0
GEOP_20260402.csv,2025-08-24 15:06:39,0.0
GEOP_20260402.csv,2025-08-24 15:09:39,0.0
GEOP_20260402.csv,2025-08-24 15:12:39,0.0
GEOP_20260402.csv,2025-08-24 15:15:39,0.0
GEOP_20260402.csv,2025-08-24 15:18:39,0.0
GEOP_20260402.csv,2025-08-24 15:21:39,0.0
GEOP_20260402.csv,2025-08-24 15:24:39,0.0
GEOP_20260402.csv,2025-08-24 15:27:39,0.0
GEOP_20260402.csv,2025-08-24 15:30:39,0.0
GEOP_20260402.csv,2025-08-24 15:33:38,0.0
GEOP_20260402.csv,2025-08-24 15:36:38,0.0
GEOP_20260402.csv,2025-08-24 15:39:38,0.0
GEOP_20260402.csv,2025-08-24 15:42:38,0.0
GEOP_20260402.csv,2025-08-24 15:45:38,0.0
GEOP_20260402.csv,2025-08-24 15:48:38,0.0
GEOP_20260402.csv,2025-08-24 15:51:39,0.0
GEOP_20260402.csv,2025-08-24 15:54:38,0.0
GEOP_20260402.csv,2025-08-24 15:57:38,0.0
GEOP_20260402.csv,2025-08-24 16:00:38,0.0
GEOP_20260402.csv,2025-08-24 16:03:38,0.0
GEOP_20260402.csv,2025-08-24 16:06:38,0.0
GEOP_20260402.csv,2025-08-24 16:09:38,0.0
GEOP_20260402.csv,2025-08-24 16:12:38,0.0
GEOP_20260402.csv,2025-08-24 16:15:38,0.0
GEOP_20260402.csv,2025-08-24 16:18:38,0.0
GEOP_20260402.csv,2025-08-24 16:21:38,0.0
GEOP_20260402.csv,2025-08-24 16:24:38,0.0
GEOP_20260402.csv,2025-08-24 16:27:38,0.0
GEOP_20260402.csv,2025-08-24 16:30:38,0.0
GEOP_20260402.csv,2025-08-24 16:33:38,0.0
GEOP_20260402.csv,2025-08-24 16:36:38,0.0
GEOP_20260402.csv,2025-08-24 16:39:38,0.0
GEOP_20260402.csv,2025-08-24 16:42:38,0.0
GEOP_20260402.csv,2025-08-24 16:45:38,0.0
GEOP_20260402.csv,2025-08-24 16:48:38,0.0
GEOP_20260402.csv,2025-08-24 16:51:38,0.0
GEOP_20260402.csv,2025-08-24 16:54:38,0.0
GEOP_20260402.csv,2025-08-24 16:57:38,0.0
GEOP_20260402.csv,2025-08-24 17:00:38,0.0
GEOP_20260402.csv,2025-08-24 17:03:38,0.0
GEOP_20260402.csv,2025-08-24 17:06:38,0.0
GEOP_20260402.csv,2025-08-24 17:09:38,0.0
GEOP_20260402.csv,2025-08-24 17:12:38,0.0
GEOP_20260402.csv,2025-08-24 17:15:38,0.0
GEOP_20260402.csv,2025-08-24 17:18:38,0.0
GEOP_20260402.csv,2025-08-24 17:21:38,0.0
GEOP_20260402.csv,2025-08-24 17:24:38,0.0
GEOP_20260402.csv,2025-08-24 17:27:38,0.0
GEOP_20260402.csv,2025-08-24 17:30:38,0.0
GEOP_20260402.csv,2025-08-24 17:33:38,0.0
GEOP_20260402.csv,2025-08-24 17:36:38,0.0
GEOP_20260402.csv,2025-08-24 17:39:38,0.0
GEOP_20260402.csv,2025-08-24 17:42:38,0.0
GEOP_20260402.csv,2025-08-24 17:45:38,0.0
GEOP_20260402.csv,2025-08-24 17:48:38,0.0
GEOP_20260402.csv,2025-08-24 17:51:38,0.0
GEOP_20260402.csv,2025-08-24 17:54:38,0.0
GEOP_20260402.csv,2025-08-24 17:57:38,0.0
GEOP_20260402.csv,2025-08-24 18:00:38,0.0
GEOP_20260402.csv,2025-08-24 18:03:38,0.0
GEOP_20260402.csv,2025-08-24 18:06:38,0.0
GEOP_20260402.csv,2025-08-24 18:09:38,0.0
GEOP_20260402.csv,2025-08-24 18:12:38,0.0
GEOP_20260402.csv,2025-08-24 18:15:38,0.0
GEOP_20260402.csv,2025-08-24 18:18:38,0.0
GEOP_20260402.csv,2025-08-24 18:21:38,0.0
GEOP_20260402.csv,2025-08-24 18:24:38,0.0
GEOP_20260402.csv,2025-08-24 18:27:38,0.0
GEOP_20260402.csv,2025-08-24 18:30:38,0.0
GEOP_20260402.csv,2025-08-24 18:33:38,0.0
GEOP_20260402.csv,2025-08-24 18:36:38,0.0
GEOP_20260402.csv,2025-08-24 18:39:38,0.0
GEOP_20260402.csv,2025-08-24 18:42:38,0.0
GEOP_20260402.csv,2025-08-24 18:45:38,0.0
GEOP_20260402.csv,2025-08-24 18:48:38,0.0
GEOP_20260402.csv,2025-08-24 18:51:38,0.0
GEOP_20260402.csv,2025-08-24 18:54:38,0.0
GEOP_20260402.csv,2025-08-24 18:57:38,0.0
GEOP_20260402.csv,2025-08-24 19:00:38,0.0
GEOP_20260402.csv,2025-08-24 19:03:38,0.0
GEOP_20260402.csv,2025-08-24 19:06:38,0.0
GEOP_20260402.csv,2025-08-24 19:09:38,0.0
GEOP_20260402.csv,2025-08-24 19:12:38,0.0
GEOP_20260402.csv,2025-08-24 19:15:38,0.0
GEOP_20260402.csv,2025-08-24 19:18:38,0.0
GEOP_20260402.csv,2025-08-24 19:21:38,0.0
GEOP_20260402.csv,2025-08-24 19:24:38,0.0
GEOP_20260402.csv,2025-08-24 19:27:38,0.0
GEOP_20260402.csv,2025-08-24 19:30:38,0.0
GEOP_20260402.csv,2025-08-24 19:33:38,0.0
GEOP_20260402.csv,2025-08-24 19:36:38,0.0
GEOP_20260402.csv,2025-08-24 19:39:38,0.0
GEOP_20260402.csv,2025-08-24 19:42:38,0.0
GEOP_20260402.csv,2025-08-24 19:45:38,0.0
GEOP_20260402.csv,2025-08-24 19:48:38,0.0
GEOP_20260402.csv,2025-08-24 19:51:38,0.0
GEOP_20260402.csv,2025-08-24 19:54:38,0.0
GEOP_20260402.csv,2025-08-24 19:57:38,0.0
GEOP_20260402.csv,2025-08-24 20:00:38,0.0
GEOP_20260402.csv,2025-08-24 20:03:38,0.0
GEOP_20260402.csv,2025-08-24 20:06:38,0.0
GEOP_20260402.csv,2025-08-24 20:09:38,0.0
GEOP_20260402.csv,2025-08-24 20:12:38,0.0
GEOP_20260402.csv,2025-08-24 20:15:38,0.0
GEOP_20260402.csv,2025-08-24 20:18:38,0.0
GEOP_20260402.csv,2025-08-24 20:21:38,0.0
GEOP_20260402.csv,2025-08-24 20:24:38,0.0
GEOP_20260402.csv,2025-08-24 20:27:38,0.0
GEOP_20260402.csv,2025-08-24 20:30:38,0.0
GEOP_20260402.csv,2025-08-24 20:33:38,0.0
GEOP_20260402.csv,2025-08-24 20:36:38,0.0
GEOP_20260402.csv,2025-08-24 20:39:38,0.0
GEOP_20260402.csv,2025-08-24 20:42:38,0.0
GEOP_20260402.csv,2025-08-24 20:45:38,0.0
GEOP_20260402.csv,2025-08-24 20:48:38,0.0
GEOP_20260402.csv,2025-08-24 20:51:38,0.0
GEOP_20260402.csv,2025-08-24 20:54:38,0.0
GEOP_20260402.csv,2025-08-24 20:57:38,0.0
GEOP_20260402.csv,2025-08-24 21:00:38,0.0
GEOP_20260402.csv,2025-08-24 21:03:38,0.0
GEOP_20260402.csv,2025-08-24 21:06:38,0.0
GEOP_20260402.csv,2025-08-24 21:09:38,0.0
GEOP_20260402.csv,2025-08-24 21:12:38,0.0
GEOP_20260402.csv,2025-08-24 21:15:38,0.0
GEOP_20260402.csv,2025-08-24 21:18:38,0.0
GEOP_20260402.csv,2025-08-24 21:21:38,0.0
GEOP_20260402.csv,2025-08-24 21:24:38,0.0
GEOP_20260402.csv,2025-08-24 21:27:38,0.0
GEOP_20260402.csv,2025-08-24 21:30:38,0.0
GEOP_20260402.csv,2025-08-24 21:33:38,0.0
GEOP_20260402.csv,2025-08-24 21:36:38,0.0
GEOP_20260402.csv,2025-08-24 21:39:38,0.0
GEOP_20260402.csv,2025-08-24 21:42:38,0.0
GEOP_20260402.csv,2025-08-24 21:45:38,0.0
GEOP_20260402.csv,2025-08-24 21:48:38,0.0
GEOP_20260402.csv,2025-08-24 21:51:38,0.0
GEOP_20260402.csv,2025-08-24 21:54:38,0.0
GEOP_20260402.csv,2025-08-24 21:57:38,0.0
GEOP_20260402.csv,2025-08-24 22:00:38,0.0
GEOP_20260402.csv,2025-08-24 22:03:38,0.0
GEOP_20260402.csv,2025-08-24 22:06:38,0.0
GEOP_20260402.csv,2025-08-24 22:09:38,0.0
GEOP_20260402.csv,2025-08-24 22:12:38,0.0
GEOP_20260402.csv,2025-08-24 22:15:38,0.0
GEOP_20260402.csv,2025-08-24 22:18:38,0.0
GEOP_20260402.csv,2025-08-24 22:21:38,0.0
GEOP_20260402.csv,2025-08-24 22:24:38,0.0
GEOP_20260402.csv,2025-08-24 22:27:38,0.0
GEOP_20260402.csv,2025-08-24 22:30:38,0.0
GEOP_20260402.csv,2025-08-24 22:33:38,0.0
GEOP_20260402.csv,2025-08-24 22:36:38,0.0
GEOP_20260402.csv,2025-08-24 22:39:38,0.0
GEOP_20260402.csv,2025-08-24 22:42:38,0.0
GEOP_20260402.csv,2025-08-24 22:45:38,0.0
GEOP_20260402.csv,2025-08-24 22:48:38,0.0
GEOP_20260402.csv,2025-08-24 22:51:38,0.0
GEOP_20260402.csv,2025-08-24 22:54:38,0.0
GEOP_20260402.csv,2025-08-24 22:57:38,0.0
GEOP_20260402.csv,2025-08-24 23:00:38,0.0
GEOP_20260402.csv,2025-08-24 23:03:38,0.0
GEOP_20260402.csv,2025-08-24 23:06:38,0.0
GEOP_20260402.csv,2025-08-24 23:09:38,0.0
GEOP_20260402.csv,2025-08-24 23:12:38,0.0
GEOP_20260402.csv,2025-08-24 23:15:38,0.0
GEOP_20260402.csv,2025-08-24 23:18:38,0.0
GEOP_20260402.csv,2025-08-24 23:21:38,0.0
GEOP_20260402.csv,2025-08-24 23:24:38,0.0
GEOP_20260402.csv,2025-08-24 23:27:38,0.0
GEOP_20260402.csv,2025-08-24 23:30:38,0.0
GEOP_20260402.csv,2025-08-24 23:33:38,0.0
GEOP_20260402.csv,2025-08-24 23:36:38,0.0
GEOP_20260402.csv,2025-08-24 23:39:38,0.0
GEOP_20260402.csv,2025-08-24 23:42:38,0.0
GEOP_20260402.csv,2025-08-24 23:45:38,0.0
GEOP_20260402.csv,2025-08-24 23:48:38,0.0
GEOP_20260402.csv,2025-08-24 23:51:38,0.0
GEOP_20260402.csv,2025-08-24 23:54:38,0.0
GEOP_20260402.csv,2025-08-24 23:57:38,0.0
GEOP_20260402.csv,2025-08-25 00:00:38,0.0
GEOP_20260402.csv,2025-08-25 00:03:38,0.0
GEOP_20260402.csv,2025-08-25 00:06:38,0.0
GEOP_20260402.csv,2025-08-25 00:09:38,0.0
GEOP_20260402.csv,2025-08-25 00:12:38,0.0
GEOP_20260402.csv,2025-08-25 00:15:38,0.0
GEOP_20260402.csv,2025-08-25 00:18:38,0.0
GEOP_20260402.csv,2025-08-25 00:21:38,0.0
GEOP_20260402.csv,2025-08-25 00:24:38,0.0
GEOP_20260402.csv,2025-08-25 00:27:38,0.0
GEOP_20260402.csv,2025-08-25 00:30:38,0.0
GEOP_20260402.csv,2025-08-25 00:33:38,0.0
GEOP_20260402.csv,2025-08-25 00:36:38,0.0
GEOP_20260402.csv,2025-08-25 00:39:38,0.0
GEOP_20260402.csv,2025-08-25 00:42:38,0.0
GEOP_20260402.csv,2025-08-25 00:45:38,0.0
GEOP_20260402.csv,2025-08-25 00:48:38,0.0
GEOP_20260402.csv,2025-08-25 00:51:38,0.0
GEOP_20260402.csv,2025-08-25 00:54:38,0.0
GEOP_20260402.csv,2025-08-25 00:57:38,0.0
GEOP_20260402.csv,2025-08-25 01:00:37,0.0
GEOP_20260402.csv,2025-08-25 01:03:37,0.0
GEOP_20260402.csv,2025-08-25 01:06:37,0.0
GEOP_20260402.csv,2025-08-25 01:09:37,0.0
GEOP_20260402.csv,2025-08-25 01:12:37,0.0
GEOP_20260402.csv,2025-08-25 01:15:37,0.0
GEOP_20260402.csv,2025-08-25 01:18:37,0.0
GEOP_20260402.csv,2025-08-25 01:21:37,0.0
GEOP_20260402.csv,2025-08-25 01:24:37,0.0
GEOP_20260402.csv,2025-08-25 01:27:37,0.0
GEOP_20260402.csv,2025-08-25 01:30:37,0.0
GEOP_20260402.csv,2025-08-25 01:33:37,0.0
GEOP_20260402.csv,2025-08-25 01:36:37,0.0
GEOP_20260402.csv,2025-08-25 01:39:37,0.0
GEOP_20260402.csv,2025-08-25 01:42:37,0.0
GEOP_20260402.csv,2025-08-25 01:45:37,0.0
GEOP_20260402.csv,2025-08-25 01:48:37,0.0
GEOP_20260402.csv,2025-08-25 01:51:37,0.0
GEOP_20260402.csv,2025-08-25 01:54:37,0.0
GEOP_20260402.csv,2025-08-25 01:57:37,0.0
GEOP_20260402.csv,2025-08-25 02:00:37,0.0
GEOP_20260402.csv,2025-08-25 02:03:37,0.0
GEOP_20260402.csv,2025-08-25 02:06:37,0.0
GEOP_20260402.csv,2025-08-25 02:09:37,0.0
GEOP_20260402.csv,2025-08-25 02:12:37,0.0
GEOP_20260402.csv,2025-08-25 02:15:37,0.0
GEOP_20260402.csv,2025-08-25 02:18:37,0.0
GEOP_20260402.csv,2025-08-25 02:21:37,0.0
GEOP_20260402.csv,2025-08-25 02:24:37,0.0
GEOP_20260402.csv,2025-08-25 02:27:37,0.0
GEOP_20260402.csv,2025-08-25 02:30:37,0.0
GEOP_20260402.csv,2025-08-25 02:33:37,0.0
GEOP_20260402.csv,2025-08-25 02:36:37,0.0
GEOP_20260402.csv,2025-08-25 02:39:37,0.0
GEOP_20260402.csv,2025-08-25 02:42:37,0.0
GEOP_20260402.csv,2025-08-25 02:45:37,0.0
GEOP_20260402.csv,2025-08-25 02:48:37,0.0
GEOP_20260402.csv,2025-08-25 02:51:37,0.0
GEOP_20260402.csv,2025-08-25 02:54:37,0.0
GEOP_20260402.csv,2025-08-25 02:57:37,0.0
GEOP_20260402.csv,2025-08-25 03:00:37,0.0
GEOP_20260402.csv,2025-08-25 03:03:37,0.0
GEOP_20260402.csv,2025-08-25 03:06:37,0.0
GEOP_20260402.csv,2025-08-25 03:09:37,0.0
GEOP_20260402.csv,2025-08-25 03:12:37,0.0
GEOP_20260402.csv,2025-08-25 03:15:37,0.0
GEOP_20260402.csv,2025-08-25 03:18:37,0.0
GEOP_20260402.csv,2025-08-25 03:21:37,0.0
GEOP_20260402.csv,2025-08-25 03:24:37,0.0
GEOP_20260402.csv,2025-08-25 03:27:37,0.0
GEOP_20260402.csv,2025-08-25 03:30:37,0.0
GEOP_20260402.csv,2025-08-25 03:33:37,0.0
GEOP_20260402.csv,2025-08-25 03:36:37,0.0
GEOP_20260402.csv,2025-08-25 03:39:37,0.0
GEOP_20260402.csv,2025-08-25 03:42:37,0.0
GEOP_20260402.csv,2025-08-25 03:45:37,0.0
GEOP_20260402.csv,2025-08-25 03:48:37,0.0
GEOP_20260402.csv,2025-08-25 03:51:37,0.0
GEOP_20260402.csv,2025-08-25 03:54:37,0.0
GEOP_20260402.csv,2025-08-25 03:57:37,0.0
GEOP_20260402.csv,2025-08-25 04:00:37,0.0
GEOP_20260402.csv,2025-08-25 04:03:37,0.0
GEOP_20260402.csv,2025-08-25 04:06:37,0.0
GEOP_20260402.csv,2025-08-25 04:09:37,0.0
GEOP_20260402.csv,2025-08-25 04:12:37,0.0
GEOP_20260402.csv,2025-08-25 04:15:37,0.0
GEOP_20260402.csv,2025-08-25 04:18:37,0.0
GEOP_20260402.csv,2025-08-25 04:21:37,0.0
GEOP_20260402.csv,2025-08-25 04:24:37,0.0
GEOP_20260402.csv,2025-08-25 04:27:37,0.0
GEOP_20260402.csv,2025-08-25 04:30:37,0.0
GEOP_20260402.csv,2025-08-25 04:33:37,0.0
GEOP_20260402.csv,2025-08-25 04:36:37,0.0
GEOP_20260402.csv,2025-08-25 04:39:37,0.0
GEOP_20260402.csv,2025-08-25 04:42:37,0.0
GEOP_20260402.csv,2025-08-25 04:45:37,0.0
GEOP_20260402.csv,2025-08-25 04:48:37,0.0
GEOP_20260402.csv,2025-08-25 04:51:37,0.0
GEOP_20260402.csv,2025-08-25 04:54:37,0.0
GEOP_20260402.csv,2025-08-25 04:57:37,0.0
GEOP_20260402.csv,2025-08-25 05:00:37,0.0
GEOP_20260402.csv,2025-08-25 05:03:37,0.0
GEOP_20260402.csv,2025-08-25 05:06:37,0.0
GEOP_20260402.csv,2025-08-25 05:09:37,0.0
GEOP_20260402.csv,2025-08-25 05:12:37,0.0
GEOP_20260402.csv,2025-08-25 05:15:37,0.0
GEOP_20260402.csv,2025-08-25 05:18:37,0.0
GEOP_20260402.csv,2025-08-25 05:21:37,0.0
GEOP_20260402.csv,2025-08-25 05:24:37,0.0
GEOP_20260402.csv,2025-08-25 05:27:37,0.0
GEOP_20260402.csv,2025-08-25 05:30:37,0.0
GEOP_20260402.csv,2025-08-25 05:33:37,0.0
GEOP_20260402.csv,2025-08-25 05:36:37,0.0
GEOP_20260402.csv,2025-08-25 05:39:37,0.0
GEOP_20260402.csv,2025-08-25 05:42:37,0.0
GEOP_20260402.csv,2025-08-25 05:45:37,0.0
GEOP_20260402.csv,2025-08-25 05:48:37,0.0
GEOP_20260402.csv,2025-08-25 05:51:37,0.0
GEOP_20260402.csv,2025-08-25 05:54:37,0.0
GEOP_20260402.csv,2025-08-25 05:57:37,0.0
GEOP_20260402.csv,2025-08-25 06:00:37,0.0
GEOP_20260402.csv,2025-08-25 06:03:37,0.0
GEOP_20260402.csv,2025-08-25 06:06:37,0.0
GEOP_20260402.csv,2025-08-25 06:09:37,0.0
GEOP_20260402.csv,2025-08-25 06:12:37,0.0
GEOP_20260402.csv,2025-08-25 06:15:37,0.0
GEOP_20260402.csv,2025-08-25 06:18:37,0.0
GEOP_20260402.csv,2025-08-25 06:21:37,0.0
GEOP_20260402.csv,2025-08-25 06:24:37,0.0
GEOP_20260402.csv,2025-08-25 06:27:37,0.0
GEOP_20260402.csv,2025-08-25 06:30:37,0.0
GEOP_20260402.csv,2025-08-25 06:33:37,0.0
GEOP_20260402.csv,2025-08-25 06:36:37,0.0
GEOP_20260402.csv,2025-08-25 06:39:37,0.0
GEOP_20260402.csv,2025-08-25 06:42:37,0.0
GEOP_20260402.csv,2025-08-25 06:45:37,0.0
GEOP_20260402.csv,2025-08-25 06:48:37,0.0
GEOP_20260402.csv,2025-08-25 06:51:37,0.0
GEOP_20260402.csv,2025-08-25 06:54:37,0.0
GEOP_20260402.csv,2025-08-25 06:57:37,0.0
GEOP_20260402.csv,2025-08-25 07:00:37,0.0
GEOP_20260402.csv,2025-08-25 07:03:37,0.0
GEOP_20260402.csv,2025-08-25 07:06:37,0.0
GEOP_20260402.csv,2025-08-25 07:09:37,0.0
GEOP_20260402.csv,2025-08-25 07:12:37,0.0
GEOP_20260402.csv,2025-08-25 07:15:37,0.0
GEOP_20260402.csv,2025-08-25 07:18:37,0.0
GEOP_20260402.csv,2025-08-25 07:21:37,0.0
GEOP_20260402.csv,2025-08-25 07:24:37,0.0
GEOP_20260402.csv,2025-08-25 07:27:37,0.0
GEOP_20260402.csv,2025-08-25 07:30:37,0.0
GEOP_20260402.csv,2025-08-25 07:33:37,0.0
GEOP_20260402.csv,2025-08-25 07:36:37,0.0
GEOP_20260402.csv,2025-08-25 07:39:37,0.0
GEOP_20260402.csv,2025-08-25 07:42:37,0.0
GEOP_20260402.csv,2025-08-25 07:45:37,0.0
GEOP_20260402.csv,2025-08-25 07:48:37,0.0
GEOP_20260402.csv,2025-08-25 07:51:37,0.0
GEOP_20260402.csv,2025-08-25 07:54:37,0.0
GEOP_20260402.csv,2025-08-25 07:57:37,0.0
GEOP_20260402.csv,2025-08-25 08:00:37,0.0
GEOP_20260402.csv,2025-08-25 08:03:37,0.0
GEOP_20260402.csv,2025-08-25 08:06:37,0.0
GEOP_20260402.csv,2025-08-25 08:09:37,0.0
GEOP_20260402.csv,2025-08-25 08:12:37,0.0
GEOP_20260402.csv,2025-08-25 08:15:37,0.0
GEOP_20260402.csv,2025-08-25 08:18:37,0.0
GEOP_20260402.csv,2025-08-25 08:21:37,0.0
GEOP_20260402.csv,2025-08-25 08:24:37,0.0
GEOP_20260402.csv,2025-08-25 08:27:37,0.0
GEOP_20260402.csv,2025-08-25 08:30:37,0.0
GEOP_20260402.csv,2025-08-25 08:33:37,0.0
GEOP_20260402.csv,2025-08-25 08:36:37,0.0
GEOP_20260402.csv,2025-08-25 08:39:37,0.0
GEOP_20260402.csv,2025-08-25 08:42:37,0.0
GEOP_20260402.csv,2025-08-25 08:45:37,0.0
GEOP_20260402.csv,2025-08-25 08:48:37,0.0
GEOP_20260402.csv,2025-08-25 08:51:37,0.0
GEOP_20260402.csv,2025-08-25 08:54:37,0.0
GEOP_20260402.csv,2025-08-25 08:57:37,0.0
GEOP_20260402.csv,2025-08-25 09:00:37,0.0
GEOP_20260402.csv,2025-08-25 09:03:37,0.0
GEOP_20260402.csv,2025-08-25 09:06:37,0.0
GEOP_20260402.csv,2025-08-25 09:09:37,0.0
GEOP_20260402.csv,2025-08-25 09:12:37,0.0
GEOP_20260402.csv,2025-08-25 09:15:37,0.0
GEOP_20260402.csv,2025-08-25 09:18:37,0.0
GEOP_20260402.csv,2025-08-25 09:21:37,0.0
GEOP_20260402.csv,2025-08-25 09:24:37,0.0
GEOP_20260402.csv,2025-08-25 09:27:37,0.0
GEOP_20260402.csv,2025-08-25 09:30:37,0.0
GEOP_20260402.csv,2025-08-25 09:33:37,0.0
GEOP_20260402.csv,2025-08-25 09:36:37,0.0
GEOP_20260402.csv,2025-08-25 09:39:37,0.0
GEOP_20260402.csv,2025-08-25 09:42:37,0.0
GEOP_20260402.csv,2025-08-25 09:45:37,0.0
GEOP_20260402.csv,2025-08-25 09:48:37,0.0
GEOP_20260402.csv,2025-08-25 09:51:37,0.0
GEOP_20260402.csv,2025-08-25 09:54:37,0.0
GEOP_20260402.csv,2025-08-25 09:57:37,0.0
GEOP_20260402.csv,2025-08-25 10:00:37,0.0
GEOP_20260402.csv,2025-08-25 10:03:37,0.0
GEOP_20260402.csv,2025-08-25 10:06:37,0.0
GEOP_20260402.csv,2025-08-25 10:09:37,0.0
GEOP_20260402.csv,2025-08-25 10:12:37,0.0
GEOP_20260402.csv,2025-08-25 10:15:37,0.0
GEOP_20260402.csv,2025-08-25 10:18:37,0.0
GEOP_20260402.csv,2025-08-25 10:21:37,0.0
GEOP_20260402.csv,2025-08-25 10:24:37,0.0
GEOP_20260402.csv,2025-08-25 10:27:37,0.0
GEOP_20260402.csv,2025-08-25 10:30:37,0.0
GEOP_20260402.csv,2025-08-25 10:33:37,0.0
GEOP_20260402.csv,2025-08-25 10:36:37,0.0
GEOP_20260402.csv,2025-08-25 10:39:37,0.0
GEOP_20260402.csv,2025-08-25 10:42:37,0.0
GEOP_20260402.csv,2025-08-25 10:45:37,0.0
GEOP_20260402.csv,2025-08-25 10:48:37,0.0
GEOP_20260402.csv,2025-08-25 10:51:37,0.0
GEOP_20260402.csv,2025-08-25 10:54:36,0.0
GEOP_20260402.csv,2025-08-25 10:57:36,0.0
GEOP_20260402.csv,2025-08-25 11:00:36,0.0
GEOP_20260402.csv,2025-08-25 11:03:36,0.0
GEOP_20260402.csv,2025-08-25 11:06:36,0.0
GEOP_20260402.csv,2025-08-25 11:09:36,0.0
GEOP_20260402.csv,2025-08-25 11:12:36,0.0
GEOP_20260402.csv,2025-08-25 11:15:36,0.0
GEOP_20260402.csv,2025-08-25 11:18:36,0.0
GEOP_20260402.csv,2025-08-25 11:21:36,0.0
GEOP_20260402.csv,2025-08-25 11:24:36,0.0
GEOP_20260402.csv,2025-08-25 11:27:36,0.0
GEOP_20260402.csv,2025-08-25 11:30:36,0.0
GEOP_20260402.csv,2025-08-25 11:33:36,0.0
GEOP_20260402.csv,2025-08-25 11:36:36,0.0
GEOP_20260402.csv,2025-08-25 11:39:36,0.0
GEOP_20260402.csv,2025-08-25 11:42:36,0.0
GEOP_20260402.csv,2025-08-25 11:45:36,0.0
GEOP_20260402.csv,2025-08-25 11:48:36,0.0
GEOP_20260402.csv,2025-08-25 11:51:36,0.0
GEOP_20260402.csv,2025-08-25 11:54:36,0.0
GEOP_20260402.csv,2025-08-25 11:57:36,0.0
GEOP_20260402.csv,2025-08-25 12:00:36,0.0
GEOP_20260402.csv,2025-08-25 12:03:36,0.0
GEOP_20260402.csv,2025-08-25 12:06:36,0.0
GEOP_20260402.csv,2025-08-25 12:09:36,0.0
GEOP_20260402.csv,2025-08-25 12:12:36,0.0
GEOP_20260402.csv,2025-08-25 12:15:36,0.0
GEOP_20260402.csv,2025-08-25 12:18:36,0.0
GEOP_20260402.csv,2025-08-25 12:21:36,0.0
GEOP_20260402.csv,2025-08-25 12:24:36,0.0
GEOP_20260402.csv,2025-08-25 12:27:36,0.0
GEOP_20260402.csv,2025-08-25 12:30:36,0.0
GEOP_20260402.csv,2025-08-25 12:33:36,0.0
GEOP_20260402.csv,2025-08-25 12:36:36,0.0
GEOP_20260402.csv,2025-08-25 12:39:36,0.0
GEOP_20260402.csv,2025-08-25 12:42:36,0.0
GEOP_20260402.csv,2025-08-25 12:45:36,0.0
GEOP_20260402.csv,2025-08-25 12:48:36,0.0
GEOP_20260402.csv,2025-08-25 12:51:36,0.0
GEOP_20260402.csv,2025-08-25 12:54:36,0.0
GEOP_20260402.csv,2025-08-25 12:57:36,0.0
GEOP_20260402.csv,2025-08-25 13:00:36,0.0
GEOP_20260402.csv,2025-08-25 13:03:36,0.0
GEOP_20260402.csv,2025-08-25 13:06:36,0.0
GEOP_20260402.csv,2025-08-25 13:09:36,0.0
GEOP_20260402.csv,2025-08-25 13:12:36,0.0
GEOP_20260402.csv,2025-08-25 13:15:36,0.0
GEOP_20260402.csv,2025-08-25 13:18:36,0.0
GEOP_20260402.csv,2025-08-25 13:21:36,0.0
GEOP_20260402.csv,2025-08-25 13:24:36,0.0
GEOP_20260402.csv,2025-08-25 13:27:36,0.0
GEOP_20260402.csv,2025-08-25 13:30:36,0.0
GEOP_20260402.csv,2025-08-25 13:33:36,0.0
GEOP_20260402.csv,2025-08-25 13:36:36,0.0
GEOP_20260402.csv,2025-08-25 13:39:36,0.0
GEOP_20260402.csv,2025-08-25 13:42:36,0.0
GEOP_20260402.csv,2025-08-25 13:45:36,0.0
GEOP_20260402.csv,2025-08-25 13:48:36,0.0
GEOP_20260402.csv,2025-08-25 13:51:36,0.0
GEOP_20260402.csv,2025-08-25 13:54:36,0.0
GEOP_20260402.csv,2025-08-25 13:57:36,0.0
GEOP_20260402.csv,2025-08-25 14:00:36,0.0
GEOP_20260402.csv,2025-08-25 14:03:36,0.0
GEOP_20260402.csv,2025-08-25 14:06:36,0.0
GEOP_20260402.csv,2025-08-25 14:09:36,0.0
GEOP_20260402.csv,2025-08-25 14:12:36,0.0
GEOP_20260402.csv,2025-08-25 14:15:36,0.0
GEOP_20260402.csv,2025-08-25 14:18:36,0.0
GEOP_20260402.csv,2025-08-25 14:21:36,0.0
GEOP_20260402.csv,2025-08-25 14:24:36,0.0
GEOP_20260402.csv,2025-08-25 14:27:36,0.0
GEOP_20260402.csv,2025-08-25 14:30:36,0.0
GEOP_20260402.csv,2025-08-25 14:33:36,0.0
GEOP_20260402.csv,2025-08-25 14:36:36,0.0
GEOP_20260402.csv,2025-08-25 14:39:36,0.0
GEOP_20260402.csv,2025-08-25 14:42:36,0.0
GEOP_20260402.csv,2025-08-25 14:45:36,0.0
GEOP_20260402.csv,2025-08-25 14:48:36,0.0
GEOP_20260402.csv,2025-08-25 14:51:36,0.0
GEOP_20260402.csv,2025-08-25 14:54:36,0.0
GEOP_20260402.csv,2025-08-25 14:57:36,0.0
GEOP_20260402.csv,2025-08-25 15:00:36,0.0
GEOP_20260402.csv,2025-08-25 15:03:36,0.0
GEOP_20260402.csv,2025-08-25 15:06:36,0.0
GEOP_20260402.csv,2025-08-25 15:09:36,0.0
GEOP_20260402.csv,2025-08-25 15:12:36,0.0
GEOP_20260402.csv,2025-08-25 15:15:36,0.0
GEOP_20260402.csv,2025-08-25 15:18:36,0.0
GEOP_20260402.csv,2025-08-25 15:21:36,0.0
GEOP_20260402.csv,2025-08-25 15:24:36,0.0
GEOP_20260402.csv,2025-08-25 15:27:36,0.0
GEOP_20260402.csv,2025-08-25 15:30:36,0.0
GEOP_20260402.csv,2025-08-25 15:33:36,0.0
GEOP_20260402.csv,2025-08-25 15:36:36,0.0
GEOP_20260402.csv,2025-08-25 15:39:36,0.0
GEOP_20260402.csv,2025-08-25 15:45:36,0.0
GEOP_20260402.csv,2025-08-25 15:48:36,0.0
GEOP_20260402.csv,2025-08-25 15:51:36,0.0
GEOP_20260402.csv,2025-08-25 15:54:36,0.0
GEOP_20260402.csv,2025-08-25 15:57:36,0.0
GEOP_20260402.csv,2025-08-25 16:00:36,0.0
GEOP_20260402.csv,2025-08-25 16:03:36,0.0
GEOP_20260402.csv,2025-08-25 16:06:36,0.0
GEOP_20260402.csv,2025-08-25 16:09:36,0.0
GEOP_20260402.csv,2025-08-25 16:12:36,0.0
GEOP_20260402.csv,2025-08-25 16:15:36,0.0
GEOP_20260402.csv,2025-08-25 16:18:36,0.0
GEOP_20260402.csv,2025-08-25 16:21:36,0.0
GEOP_20260402.csv,2025-08-25 16:24:36,0.0
GEOP_20260402.csv,2025-08-25 16:27:36,0.0
GEOP_20260402.csv,2025-08-25 16:30:36,0.0
GEOP_20260402.csv,2025-08-25 16:33:36,0.0
GEOP_20260402.csv,2025-08-25 16:36:36,0.0
GEOP_20260402.csv,2025-08-25 16:39:36,0.0
GEOP_20260402.csv,2025-08-25 16:42:36,0.0
GEOP_20260402.csv,2025-08-25 16:45:36,0.0
GEOP_20260402.csv,2025-08-25 16:48:36,0.0
GEOP_20260402.csv,2025-08-25 16:51:36,0.0
GEOP_20260402.csv,2025-08-25 16:54:36,0.0
GEOP_20260402.csv,2025-08-25 16:57:36,0.0
GEOP_20260402.csv,2025-08-25 17:00:36,0.0
GEOP_20260402.csv,2025-08-25 17:03:36,0.0
GEOP_20260402.csv,2025-08-25 17:06:36,0.0
GEOP_20260402.csv,2025-08-25 17:09:36,0.0
GEOP_20260402.csv,2025-08-25 17:12:36,0.0
GEOP_20260402.csv,2025-08-25 17:15:36,0.0
GEOP_20260402.csv,2025-08-25 17:18:36,0.0
GEOP_20260402.csv,2025-08-25 17:21:36,0.0
GEOP_20260402.csv,2025-08-25 17:24:36,0.0
GEOP_20260402.csv,2025-08-25 17:27:36,0.0
GEOP_20260402.csv,2025-08-25 17:30:36,0.0
GEOP_20260402.csv,2025-08-25 17:33:36,0.0
GEOP_20260402.csv,2025-08-25 17:36:36,0.0
GEOP_20260402.csv,2025-08-25 17:39:36,0.0
GEOP_20260402.csv,2025-08-25 17:42:36,0.0
GEOP_20260402.csv,2025-08-25 17:45:36,0.0
GEOP_20260402.csv,2025-08-25 17:48:36,0.0
GEOP_20260402.csv,2025-08-25 17:51:36,0.0
GEOP_20260402.csv,2025-08-25 17:54:36,0.0
GEOP_20260402.csv,2025-08-25 17:57:36,0.0
GEOP_20260402.csv,2025-08-25 18:00:36,0.0
GEOP_20260402.csv,2025-08-25 18:03:36,0.0
GEOP_20260402.csv,2025-08-25 18:06:36,0.0
GEOP_20260402.csv,2025-08-25 18:09:36,0.0
GEOP_20260402.csv,2025-08-25 18:12:36,0.0
GEOP_20260402.csv,2025-08-25 18:15:36,0.0
GEOP_20260402.csv,2025-08-25 18:18:36,0.0
GEOP_20260402.csv,2025-08-25 18:21:36,0.0
GEOP_20260402.csv,2025-08-25 18:24:36,0.0
GEOP_20260402.csv,2025-08-25 18:27:36,0.0
GEOP_20260402.csv,2025-08-25 18:30:36,0.0
GEOP_20260402.csv,2025-08-25 18:33:36,0.0
GEOP_20260402.csv,2025-08-25 18:36:36,0.0
GEOP_20260402.csv,2025-08-25 18:39:36,0.0
GEOP_20260402.csv,2025-08-25 18:42:36,0.0
GEOP_20260402.csv,2025-08-25 18:45:36,0.0
GEOP_20260402.csv,2025-08-25 18:48:36,0.0
GEOP_20260402.csv,2025-08-25 18:51:36,0.0
GEOP_20260402.csv,2025-08-25 18:54:36,0.0
GEOP_20260402.csv,2025-08-25 18:57:36,0.0
GEOP_20260402.csv,2025-08-25 19:00:36,0.0
GEOP_20260402.csv,2025-08-25 19:03:36,0.0
GEOP_20260402.csv,2025-08-25 19:06:36,0.0
GEOP_20260402.csv,2025-08-25 19:09:36,0.0
GEOP_20260402.csv,2025-08-25 19:12:36,0.0
GEOP_20260402.csv,2025-08-25 19:15:36,0.0
GEOP_20260402.csv,2025-08-25 19:18:36,0.0
GEOP_20260402.csv,2025-08-25 19:21:36,0.0
GEOP_20260402.csv,2025-08-25 19:24:36,0.0
GEOP_20260402.csv,2025-08-25 19:27:36,0.0
GEOP_20260402.csv,2025-08-25 19:30:36,0.0
GEOP_20260402.csv,2025-08-25 19:33:36,0.0
GEOP_20260402.csv,2025-08-25 19:36:36,0.0
GEOP_20260402.csv,2025-08-25 19:39:36,0.0
GEOP_20260402.csv,2025-08-25 19:42:36,0.0
GEOP_20260402.csv,2025-08-25 19:45:36,0.0
GEOP_20260402.csv,2025-08-25 19:51:36,0.0
GEOP_20260402.csv,2025-08-25 19:54:36,0.0
GEOP_20260402.csv,2025-08-25 19:57:36,0.0
GEOP_20260402.csv,2025-08-25 20:00:36,0.0
GEOP_20260402.csv,2025-08-25 20:03:36,0.0
GEOP_20260402.csv,2025-08-25 20:06:36,0.0
GEOP_20260402.csv,2025-08-25 20:09:36,0.0
GEOP_20260402.csv,2025-08-25 20:12:36,0.0
GEOP_20260402.csv,2025-08-25 20:15:36,0.0
GEOP_20260402.csv,2025-08-25 20:18:35,0.0
GEOP_20260402.csv,2025-08-25 20:21:35,0.0
GEOP_20260402.csv,2025-08-25 20:24:35,0.0
GEOP_20260402.csv,2025-08-25 20:27:35,0.0
GEOP_20260402.csv,2025-08-25 20:30:35,0.0
GEOP_20260402.csv,2025-08-25 20:33:35,0.0
GEOP_20260402.csv,2025-08-25 20:36:35,0.0
GEOP_20260402.csv,2025-08-25 20:39:35,0.0
GEOP_20260402.csv,2025-08-25 20:42:35,0.0
GEOP_20260402.csv,2025-08-25 20:45:35,0.0
GEOP_20260402.csv,2025-08-25 20:48:35,0.0
GEOP_20260402.csv,2025-08-25 20:51:35,0.0
GEOP_20260402.csv,2025-08-25 20:54:35,0.0
GEOP_20260402.csv,2025-08-25 20:57:35,0.0
GEOP_20260402.csv,2025-08-25 21:00:35,0.0
GEOP_20260402.csv,2025-08-25 21:03:35,0.0
GEOP_20260402.csv,2025-08-25 21:06:35,0.0
GEOP_20260402.csv,2025-08-25 21:09:35,0.0
GEOP_20260402.csv,2025-08-25 21:12:35,0.0
GEOP_20260402.csv,2025-08-25 21:15:35,0.0
GEOP_20260402.csv,2025-08-25 21:18:35,0.0
GEOP_20260402.csv,2025-08-25 21:21:35,0.0
GEOP_20260402.csv,2025-08-25 21:24:35,0.0
GEOP_20260402.csv,2025-08-25 21:27:35,0.0
GEOP_20260402.csv,2025-08-25 21:30:35,0.0
GEOP_20260402.csv,2025-08-25 21:33:35,0.0
GEOP_20260402.csv,2025-08-25 21:36:35,0.0
GEOP_20260402.csv,2025-08-25 21:39:35,0.0
GEOP_20260402.csv,2025-08-25 21:42:35,0.0
GEOP_20260402.csv,2025-08-25 21:45:35,0.0
GEOP_20260402.csv,2025-08-25 21:48:35,0.0
GEOP_20260402.csv,2025-08-25 21:51:35,0.0
GEOP_20260402.csv,2025-08-25 21:54:35,0.0
GEOP_20260402.csv,2025-08-25 21:57:35,0.0
GEOP_20260402.csv,2025-08-25 22:00:35,0.0
GEOP_20260402.csv,2025-08-25 22:03:35,0.0
GEOP_20260402.csv,2025-08-25 22:06:35,0.0
GEOP_20260402.csv,2025-08-25 22:09:35,0.0
GEOP_20260402.csv,2025-08-25 22:12:35,0.0
GEOP_20260402.csv,2025-08-25 22:15:35,0.0
GEOP_20260402.csv,2025-08-25 22:18:35,0.0
GEOP_20260402.csv,2025-08-25 22:21:36,0.0
GEOP_20260402.csv,2025-08-25 22:24:35,0.0
GEOP_20260402.csv,2025-08-25 22:27:35,0.0
GEOP_20260402.csv,2025-08-25 22:30:35,0.0
GEOP_20260402.csv,2025-08-25 22:33:35,0.0
GEOP_20260402.csv,2025-08-25 22:36:35,0.0
GEOP_20260402.csv,2025-08-25 22:39:35,0.0
GEOP_20260402.csv,2025-08-25 22:42:35,0.0
GEOP_20260402.csv,2025-08-25 22:45:35,0.0
GEOP_20260402.csv,2025-08-25 22:48:35,0.0
GEOP_20260402.csv,2025-08-25 22:51:35,0.0
GEOP_20260402.csv,2025-08-25 22:54:35,0.0
GEOP_20260402.csv,2025-08-25 22:57:35,0.0
GEOP_20260402.csv,2025-08-25 23:00:35,0.0
GEOP_20260402.csv,2025-08-25 23:03:35,0.0
GEOP_20260402.csv,2025-08-25 23:06:35,0.0
GEOP_20260402.csv,2025-08-25 23:09:35,0.0
GEOP_20260402.csv,2025-08-25 23:12:35,0.0
GEOP_20260402.csv,2025-08-25 23:15:35,0.0
GEOP_20260402.csv,2025-08-25 23:18:35,0.0
GEOP_20260402.csv,2025-08-25 23:21:35,0.0
GEOP_20260402.csv,2025-08-25 23:24:35,0.0
GEOP_20260402.csv,2025-08-25 23:27:35,0.0
GEOP_20260402.csv,2025-08-25 23:30:35,0.0
GEOP_20260402.csv,2025-08-25 23:33:35,0.0
GEOP_20260402.csv,2025-08-25 23:36:35,0.0
GEOP_20260402.csv,2025-08-25 23:39:35,0.0
GEOP_20260402.csv,2025-08-25 23:42:35,0.0
GEOP_20260402.csv,2025-08-25 23:45:35,0.0
GEOP_20260402.csv,2025-08-25 23:48:35,0.0
GEOP_20260402.csv,2025-08-25 23:51:35,0.0
GEOP_20260402.csv,2025-08-25 23:54:35,0.0
GEOP_20260402.csv,2025-08-25 23:57:35,0.0
GEOP_20260402.csv,2025-08-26 00:00:35,0.0
GEOP_20260402.csv,2025-08-26 00:03:35,0.0
GEOP_20260402.csv,2025-08-26 00:06:35,0.0
GEOP_20260402.csv,2025-08-26 00:09:35,0.0
GEOP_20260402.csv,2025-08-26 00:12:35,0.0
GEOP_20260402.csv,2025-08-26 00:15:35,0.0
GEOP_20260402.csv,2025-08-26 00:18:35,0.0
GEOP_20260402.csv,2025-08-26 00:21:35,0.0
GEOP_20260402.csv,2025-08-26 00:24:35,0.0
GEOP_20260402.csv,2025-08-26 00:27:35,0.0
GEOP_20260402.csv,2025-08-26 00:30:35,0.0
GEOP_20260402.csv,2025-08-26 00:33:35,0.0
GEOP_20260402.csv,2025-08-26 00:36:35,0.0
GEOP_20260402.csv,2025-08-26 00:39:35,0.0
GEOP_20260402.csv,2025-08-26 00:42:35,0.0
GEOP_20260402.csv,2025-08-26 00:45:35,0.0
GEOP_20260402.csv,2025-08-26 00:48:35,0.0
GEOP_20260402.csv,2025-08-26 00:51:35,0.0
GEOP_20260402.csv,2025-08-26 00:54:35,0.0
GEOP_20260402.csv,2025-08-26 00:57:35,0.0
GEOP_20260402.csv,2025-08-26 01:00:35,0.0
GEOP_20260402.csv,2025-08-26 01:03:35,0.0
GEOP_20260402.csv,2025-08-26 01:06:35,0.0
GEOP_20260402.csv,2025-08-26 01:09:35,0.0
GEOP_20260402.csv,2025-08-26 01:12:35,0.0
GEOP_20260402.csv,2025-08-26 01:15:35,0.0
GEOP_20260402.csv,2025-08-26 01:18:35,0.0
GEOP_20260402.csv,2025-08-26 01:21:35,0.0
GEOP_20260402.csv,2025-08-26 01:24:35,0.0
GEOP_20260402.csv,2025-08-26 01:27:35,0.0
GEOP_20260402.csv,2025-08-26 01:30:35,0.0
GEOP_20260402.csv,2025-08-26 01:33:35,0.0
GEOP_20260402.csv,2025-08-26 01:36:35,0.0
GEOP_20260402.csv,2025-08-26 01:39:35,0.0
GEOP_20260402.csv,2025-08-26 01:42:35,0.0
GEOP_20260402.csv,2025-08-26 01:45:35,0.0
GEOP_20260402.csv,2025-08-26 01:48:35,0.0
GEOP_20260402.csv,2025-08-26 01:51:35,0.0
GEOP_20260402.csv,2025-08-26 01:54:35,0.0
GEOP_20260402.csv,2025-08-26 01:57:35,0.0
GEOP_20260402.csv,2025-08-26 02:00:35,0.0
GEOP_20260402.csv,2025-08-26 02:03:35,0.0
GEOP_20260402.csv,2025-08-26 02:06:35,0.0
GEOP_20260402.csv,2025-08-26 02:09:35,0.0
GEOP_20260402.csv,2025-08-26 02:12:35,0.0
GEOP_20260402.csv,2025-08-26 02:15:35,0.0
GEOP_20260402.csv,2025-08-26 02:18:35,0.0
GEOP_20260402.csv,2025-08-26 02:21:35,0.0
GEOP_20260402.csv,2025-08-26 02:24:35,0.0
GEOP_20260402.csv,2025-08-26 02:27:35,0.0
GEOP_20260402.csv,2025-08-26 02:30:35,0.0
GEOP_20260402.csv,2025-08-26 02:33:35,0.0
GEOP_20260402.csv,2025-08-26 02:36:35,0.0
GEOP_20260402.csv,2025-08-26 02:39:35,0.0
GEOP_20260402.csv,2025-08-26 02:42:35,0.0
GEOP_20260402.csv,2025-08-26 02:45:35,0.0
GEOP_20260402.csv,2025-08-26 02:48:35,0.0
GEOP_20260402.csv,2025-08-26 02:51:35,0.0
GEOP_20260402.csv,2025-08-26 02:54:35,0.0
GEOP_20260402.csv,2025-08-26 02:57:35,0.0
GEOP_20260402.csv,2025-08-26 03:00:35,0.0
GEOP_20260402.csv,2025-08-26 03:03:35,0.0
GEOP_20260402.csv,2025-08-26 03:06:35,0.0
GEOP_20260402.csv,2025-08-26 03:09:35,0.0
GEOP_20260402.csv,2025-08-26 03:12:35,0.0
GEOP_20260402.csv,2025-08-26 03:15:35,0.0
GEOP_20260402.csv,2025-08-26 03:18:35,0.0
GEOP_20260402.csv,2025-08-26 03:21:35,0.0
GEOP_20260402.csv,2025-08-26 03:24:35,0.0
GEOP_20260402.csv,2025-08-26 03:27:35,0.0
GEOP_20260402.csv,2025-08-26 03:30:35,0.0
GEOP_20260402.csv,2025-08-26 03:33:35,0.0
GEOP_20260402.csv,2025-08-26 03:36:35,0.0
GEOP_20260402.csv,2025-08-26 03:39:35,0.0
GEOP_20260402.csv,2025-08-26 03:42:35,0.0
GEOP_20260402.csv,2025-08-26 03:45:35,0.0
GEOP_20260402.csv,2025-08-26 03:48:35,0.0
GEOP_20260402.csv,2025-08-26 03:51:35,0.0
GEOP_20260402.csv,2025-08-26 03:54:35,0.0
GEOP_20260402.csv,2025-08-26 03:57:35,0.0
GEOP_20260402.csv,2025-08-26 04:00:35,0.0
GEOP_20260402.csv,2025-08-26 04:03:35,0.0
GEOP_20260402.csv,2025-08-26 04:06:35,0.0
GEOP_20260402.csv,2025-08-26 04:09:35,0.0
GEOP_20260402.csv,2025-08-26 04:12:35,0.0
GEOP_20260402.csv,2025-08-26 04:15:35,0.0
GEOP_20260402.csv,2025-08-26 04:18:35,0.0
GEOP_20260402.csv,2025-08-26 04:21:35,0.0
GEOP_20260402.csv,2025-08-26 04:24:35,0.0
GEOP_20260402.csv,2025-08-26 04:27:35,0.0
GEOP_20260402.csv,2025-08-26 04:30:35,0.0
GEOP_20260402.csv,2025-08-26 04:33:35,0.0
GEOP_20260402.csv,2025-08-26 04:36:35,0.0
GEOP_20260402.csv,2025-08-26 04:39:35,0.0
GEOP_20260402.csv,2025-08-26 04:42:35,0.0
GEOP_20260402.csv,2025-08-26 04:45:35,0.0
GEOP_20260402.csv,2025-08-26 04:48:35,0.0
GEOP_20260402.csv,2025-08-26 04:51:35,0.0
GEOP_20260402.csv,2025-08-26 04:54:35,0.0
GEOP_20260402.csv,2025-08-26 04:57:35,0.0
GEOP_20260402.csv,2025-08-26 05:00:35,0.0
GEOP_20260402.csv,2025-08-26 05:03:35,0.0
GEOP_20260402.csv,2025-08-26 05:06:35,0.0
GEOP_20260402.csv,2025-08-26 05:09:34,0.0
GEOP_20260402.csv,2025-08-26 05:12:35,0.0
GEOP_20260402.csv,2025-08-26 05:15:34,0.0
GEOP_20260402.csv,2025-08-26 05:18:34,0.0
GEOP_20260402.csv,2025-08-26 05:21:34,0.0
GEOP_20260402.csv,2025-08-26 05:24:34,0.0
GEOP_20260402.csv,2025-08-26 05:27:34,0.0
GEOP_20260402.csv,2025-08-26 05:30:34,0.0
GEOP_20260402.csv,2025-08-26 05:33:34,0.0
GEOP_20260402.csv,2025-08-26 05:36:34,0.0
GEOP_20260402.csv,2025-08-26 05:39:34,0.0
GEOP_20260402.csv,2025-08-26 05:42:34,0.0
GEOP_20260402.csv,2025-08-26 05:45:34,0.0
GEOP_20260402.csv,2025-08-26 05:48:34,0.0
GEOP_20260402.csv,2025-08-26 05:51:34,0.0
GEOP_20260402.csv,2025-08-26 05:54:34,0.0
GEOP_20260402.csv,2025-08-26 05:57:34,0.0
GEOP_20260402.csv,2025-08-26 06:00:34,0.0
GEOP_20260402.csv,2025-08-26 06:03:34,0.0
GEOP_20260402.csv,2025-08-26 06:06:34,0.0
GEOP_20260402.csv,2025-08-26 06:09:34,0.0
GEOP_20260402.csv,2025-08-26 06:12:34,0.0
GEOP_20260402.csv,2025-08-26 06:15:34,0.0
GEOP_20260402.csv,2025-08-26 06:18:34,0.0
GEOP_20260402.csv,2025-08-26 06:21:34,0.0
GEOP_20260402.csv,2025-08-26 06:24:34,0.0
GEOP_20260402.csv,2025-08-26 06:27:34,0.0
GEOP_20260402.csv,2025-08-26 06:30:34,0.0
GEOP_20260402.csv,2025-08-26 06:33:34,0.0
GEOP_20260402.csv,2025-08-26 06:36:34,0.0
GEOP_20260402.csv,2025-08-26 06:39:34,0.0
GEOP_20260402.csv,2025-08-26 06:42:34,0.0
GEOP_20260402.csv,2025-08-26 06:45:34,0.0
GEOP_20260402.csv,2025-08-26 06:48:34,0.0
GEOP_20260402.csv,2025-08-26 06:51:34,0.0
GEOP_20260402.csv,2025-08-26 06:54:34,0.0
GEOP_20260402.csv,2025-08-26 06:57:34,0.0
GEOP_20260402.csv,2025-08-26 07:00:34,0.0
GEOP_20260402.csv,2025-08-26 07:03:34,0.0
GEOP_20260402.csv,2025-08-26 07:06:34,0.0
GEOP_20260402.csv,2025-08-26 07:09:34,0.0
GEOP_20260402.csv,2025-08-26 07:12:34,0.0
GEOP_20260402.csv,2025-08-26 07:15:34,0.0
GEOP_20260402.csv,2025-08-26 07:18:34,0.0
GEOP_20260402.csv,2025-08-26 07:21:34,0.0
GEOP_20260402.csv,2025-08-26 07:24:34,0.0
GEOP_20260402.csv,2025-08-26 07:27:34,0.0
GEOP_20260402.csv,2025-08-26 07:30:34,0.0
GEOP_20260402.csv,2025-08-26 07:33:34,0.0
GEOP_20260402.csv,2025-08-26 07:36:34,0.0
GEOP_20260402.csv,2025-08-26 07:39:34,0.0
GEOP_20260402.csv,2025-08-26 07:42:34,0.0
GEOP_20260402.csv,2025-08-26 07:45:34,0.0
GEOP_20260402.csv,2025-08-26 07:48:34,0.0
GEOP_20260402.csv,2025-08-26 07:51:34,0.0
GEOP_20260402.csv,2025-08-26 07:54:34,0.0
GEOP_20260402.csv,2025-08-26 07:57:34,0.0
GEOP_20260402.csv,2025-08-26 08:00:34,0.0
GEOP_20260402.csv,2025-08-26 08:03:34,0.0
GEOP_20260402.csv,2025-08-26 08:06:34,0.0
GEOP_20260402.csv,2025-08-26 08:09:34,0.0
GEOP_20260402.csv,2025-08-26 08:12:34,0.0
GEOP_20260402.csv,2025-08-26 08:15:34,0.0
GEOP_20260402.csv,2025-08-26 08:18:34,0.0
GEOP_20260402.csv,2025-08-26 08:21:34,0.0
GEOP_20260402.csv,2025-08-26 08:24:34,0.0
GEOP_20260402.csv,2025-08-26 08:27:34,0.0
GEOP_20260402.csv,2025-08-26 08:30:34,0.0
GEOP_20260402.csv,2025-08-26 08:33:34,0.0
GEOP_20260402.csv,2025-08-26 08:36:34,0.0
GEOP_20260402.csv,2025-08-26 08:39:34,0.0
GEOP_20260402.csv,2025-08-26 08:42:34,0.0
GEOP_20260402.csv,2025-08-26 08:45:34,0.0
GEOP_20260402.csv,2025-08-26 08:48:34,0.0
GEOP_20260402.csv,2025-08-26 08:51:34,0.0
GEOP_20260402.csv,2025-08-26 08:54:34,0.0
GEOP_20260402.csv,2025-08-26 08:57:34,0.0
GEOP_20260402.csv,2025-08-26 09:00:34,0.0
GEOP_20260402.csv,2025-08-26 09:03:34,0.0
GEOP_20260402.csv,2025-08-26 09:06:34,0.0
GEOP_20260402.csv,2025-08-26 09:09:34,0.0
GEOP_20260402.csv,2025-08-26 09:12:34,0.0
GEOP_20260402.csv,2025-08-26 09:15:34,0.0
GEOP_20260402.csv,2025-08-26 09:18:34,0.0
GEOP_20260402.csv,2025-08-26 09:21:34,0.0
GEOP_20260402.csv,2025-08-26 09:24:34,0.0
GEOP_20260402.csv,2025-08-26 09:27:34,0.0
GEOP_20260402.csv,2025-08-26 09:30:34,0.0
GEOP_20260402.csv,2025-08-26 09:33:34,0.0
GEOP_20260402.csv,2025-08-26 09:36:34,0.0
GEOP_20260402.csv,2025-08-26 09:39:34,0.0
GEOP_20260402.csv,2025-08-26 09:42:34,0.0
GEOP_20260402.csv,2025-08-26 09:45:34,0.0
GEOP_20260402.csv,2025-08-26 09:48:34,0.0
GEOP_20260402.csv,2025-08-26 09:51:34,0.0
GEOP_20260402.csv,2025-08-26 09:54:34,0.0
GEOP_20260402.csv,2025-08-26 09:57:34,0.0
GEOP_20260402.csv,2025-08-26 10:00:34,0.0
GEOP_20260402.csv,2025-08-26 10:03:34,0.0
GEOP_20260402.csv,2025-08-26 10:06:34,0.0
GEOP_20260402.csv,2025-08-26 10:09:34,0.0
GEOP_20260402.csv,2025-08-26 10:12:34,0.0
GEOP_20260402.csv,2025-08-26 10:15:34,0.0
GEOP_20260402.csv,2025-08-26 10:18:34,0.0
GEOP_20260402.csv,2025-08-26 10:21:34,0.0
GEOP_20260402.csv,2025-08-26 10:24:34,0.0
GEOP_20260402.csv,2025-08-26 10:27:34,0.0
GEOP_20260402.csv,2025-08-26 10:30:34,0.0
GEOP_20260402.csv,2025-08-26 10:33:34,0.0
GEOP_20260402.csv,2025-08-26 10:36:34,0.0
GEOP_20260402.csv,2025-08-26 10:39:34,0.0
GEOP_20260402.csv,2025-08-26 10:42:34,0.0
GEOP_20260402.csv,2025-08-26 10:45:34,0.0
GEOP_20260402.csv,2025-08-26 10:48:34,0.0
GEOP_20260402.csv,2025-08-26 10:51:34,0.0
GEOP_20260402.csv,2025-08-26 10:54:34,0.0
GEOP_20260402.csv,2025-08-26 10:57:34,0.0
GEOP_20260402.csv,2025-08-26 11:00:34,0.0
GEOP_20260402.csv,2025-08-26 11:03:34,0.0
GEOP_20260402.csv,2025-08-26 11:06:34,0.0
GEOP_20260402.csv,2025-08-26 11:09:34,0.0
GEOP_20260402.csv,2025-08-26 11:12:34,0.0
GEOP_20260402.csv,2025-08-26 11:15:34,0.0
GEOP_20260402.csv,2025-08-26 11:18:34,0.0
GEOP_20260402.csv,2025-08-26 11:21:34,0.0
GEOP_20260402.csv,2025-08-26 11:24:34,0.0
GEOP_20260402.csv,2025-08-26 11:27:34,0.0
GEOP_20260402.csv,2025-08-26 11:30:34,0.0
GEOP_20260402.csv,2025-08-26 11:33:34,0.0
GEOP_20260402.csv,2025-08-26 11:36:34,0.0
GEOP_20260402.csv,2025-08-26 11:39:34,0.0
GEOP_20260402.csv,2025-08-26 11:42:34,0.0
GEOP_20260402.csv,2025-08-26 11:45:34,0.0
GEOP_20260402.csv,2025-08-26 11:48:34,0.0
GEOP_20260402.csv,2025-08-26 11:51:34,0.0
GEOP_20260402.csv,2025-08-26 11:54:34,0.0
GEOP_20260402.csv,2025-08-26 11:57:34,0.0
GEOP_20260402.csv,2025-08-26 12:00:34,0.0
GEOP_20260402.csv,2025-08-26 12:03:34,0.0
GEOP_20260402.csv,2025-08-26 12:06:34,0.0
GEOP_20260402.csv,2025-08-26 12:09:34,0.0
GEOP_20260402.csv,2025-08-26 12:12:34,0.0
GEOP_20260402.csv,2025-08-26 12:15:34,0.0
GEOP_20260402.csv,2025-08-26 12:18:34,0.0
GEOP_20260402.csv,2025-08-26 12:21:34,0.0
GEOP_20260402.csv,2025-08-26 12:24:34,0.0
GEOP_20260402.csv,2025-08-26 12:27:34,0.0
GEOP_20260402.csv,2025-08-26 12:30:34,0.0
GEOP_20260402.csv,2025-08-26 12:33:34,0.0
GEOP_20260402.csv,2025-08-26 12:36:34,0.0
GEOP_20260402.csv,2025-08-26 12:39:34,0.0
GEOP_20260402.csv,2025-08-26 12:42:34,0.0
GEOP_20260402.csv,2025-08-26 12:45:34,0.0
GEOP_20260402.csv,2025-08-26 12:48:34,0.0
GEOP_20260402.csv,2025-08-26 12:51:34,0.0
GEOP_20260402.csv,2025-08-26 12:54:34,0.0
GEOP_20260402.csv,2025-08-26 12:57:34,0.0
GEOP_20260402.csv,2025-08-26 13:00:34,0.0
GEOP_20260402.csv,2025-08-26 13:03:34,0.0
GEOP_20260402.csv,2025-08-26 13:06:34,0.0
GEOP_20260402.csv,2025-08-26 13:09:34,0.0
GEOP_20260402.csv,2025-08-26 13:12:34,0.0
GEOP_20260402.csv,2025-08-26 13:15:34,0.0
GEOP_20260402.csv,2025-08-26 13:18:34,0.0
GEOP_20260402.csv,2025-08-26 13:21:34,0.0
GEOP_20260402.csv,2025-08-26 13:24:34,0.0
GEOP_20260402.csv,2025-08-26 13:27:34,0.0
GEOP_20260402.csv,2025-08-26 13:30:34,0.0
GEOP_20260402.csv,2025-08-26 13:33:34,0.0
GEOP_20260402.csv,2025-08-26 13:36:34,0.0
GEOP_20260402.csv,2025-08-26 13:39:34,0.0
GEOP_20260402.csv,2025-08-26 13:42:34,0.0
GEOP_20260402.csv,2025-08-26 13:45:34,0.0
GEOP_20260402.csv,2025-08-26 13:48:34,0.0
GEOP_20260402.csv,2025-08-26 13:51:34,0.0
GEOP_20260402.csv,2025-08-26 13:54:34,0.0
GEOP_20260402.csv,2025-08-26 13:57:34,0.0
GEOP_20260402.csv,2025-08-26 14:00:34,0.0
GEOP_20260402.csv,2025-08-26 14:03:34,0.0
GEOP_20260402.csv,2025-08-26 14:06:34,0.0
GEOP_20260402.csv,2025-08-26 14:09:34,0.0
GEOP_20260402.csv,2025-08-26 14:12:34,0.0
GEOP_20260402.csv,2025-08-26 14:15:34,0.0
GEOP_20260402.csv,2025-08-26 14:18:34,0.0
GEOP_20260402.csv,2025-08-26 14:21:34,0.0
GEOP_20260402.csv,2025-08-26 14:24:34,0.0
GEOP_20260402.csv,2025-08-26 14:27:34,0.0
GEOP_20260402.csv,2025-08-26 14:30:34,0.0
GEOP_20260402.csv,2025-08-26 14:33:34,0.0
GEOP_20260402.csv,2025-08-26 14:36:34,0.0
GEOP_20260402.csv,2025-08-26 14:39:34,0.0
GEOP_20260402.csv,2025-08-26 14:42:34,0.0
GEOP_20260402.csv,2025-08-26 14:45:34,0.0
GEOP_20260402.csv,2025-08-26 14:48:34,0.0
GEOP_20260402.csv,2025-08-26 14:51:34,0.0
GEOP_20260402.csv,2025-08-26 14:54:34,0.0
GEOP_20260402.csv,2025-08-26 14:57:34,0.0
GEOP_20260402.csv,2025-08-26 15:00:34,0.0
GEOP_20260402.csv,2025-08-26 15:03:33,0.0
GEOP_20260402.csv,2025-08-26 15:06:33,0.0
GEOP_20260402.csv,2025-08-26 15:09:33,0.0
GEOP_20260402.csv,2025-08-26 15:12:33,0.0
GEOP_20260402.csv,2025-08-26 15:15:33,0.0
GEOP_20260402.csv,2025-08-26 15:18:33,0.0
GEOP_20260402.csv,2025-08-26 15:21:33,0.0
GEOP_20260402.csv,2025-08-26 15:24:33,0.0
GEOP_20260402.csv,2025-08-26 15:27:33,0.0
GEOP_20260402.csv,2025-08-26 15:30:33,0.0
GEOP_20260402.csv,2025-08-26 15:33:33,0.0
GEOP_20260402.csv,2025-08-26 15:36:33,0.0
GEOP_20260402.csv,2025-08-26 15:39:33,0.0
GEOP_20260402.csv,2025-08-26 15:42:33,0.0
GEOP_20260402.csv,2025-08-26 15:45:33,0.0
GEOP_20260402.csv,2025-08-26 15:48:33,0.0
GEOP_20260402.csv,2025-08-26 15:51:33,0.0
GEOP_20260402.csv,2025-08-26 15:54:33,0.0
GEOP_20260402.csv,2025-08-26 15:57:33,0.0
GEOP_20260402.csv,2025-08-26 16:00:33,0.0
GEOP_20260402.csv,2025-08-26 16:03:33,0.0
GEOP_20260402.csv,2025-08-26 16:06:33,0.0
GEOP_20260402.csv,2025-08-26 16:09:33,0.0
GEOP_20260402.csv,2025-08-26 16:12:33,0.0
GEOP_20260402.csv,2025-08-26 16:15:33,0.0
GEOP_20260402.csv,2025-08-26 16:18:33,0.0
GEOP_20260402.csv,2025-08-26 16:21:33,0.0
GEOP_20260402.csv,2025-08-26 16:24:33,0.0
GEOP_20260402.csv,2025-08-26 16:27:33,0.0
GEOP_20260402.csv,2025-08-26 16:30:33,0.0
GEOP_20260402.csv,2025-08-26 16:33:33,0.0
GEOP_20260402.csv,2025-08-26 16:36:33,0.0
GEOP_20260402.csv,2025-08-26 16:39:33,0.0
GEOP_20260402.csv,2025-08-26 16:42:33,0.0
GEOP_20260402.csv,2025-08-26 16:45:33,0.0
GEOP_20260402.csv,2025-08-26 16:48:33,0.0
GEOP_20260402.csv,2025-08-26 16:51:33,0.0
GEOP_20260402.csv,2025-08-26 16:54:33,0.0
GEOP_20260402.csv,2025-08-26 16:57:33,0.0
GEOP_20260402.csv,2025-08-26 17:00:33,0.0
GEOP_20260402.csv,2025-08-26 17:03:33,0.0
GEOP_20260402.csv,2025-08-26 17:06:33,0.0
GEOP_20260402.csv,2025-08-26 17:09:33,0.0
GEOP_20260402.csv,2025-08-26 17:12:33,0.0
GEOP_20260402.csv,2025-08-26 17:15:33,0.0
GEOP_20260402.csv,2025-08-26 17:18:33,0.0
GEOP_20260402.csv,2025-08-26 17:21:33,0.0
GEOP_20260402.csv,2025-08-26 17:24:33,0.0
GEOP_20260402.csv,2025-08-26 17:27:33,0.0
GEOP_20260402.csv,2025-08-26 17:30:33,0.0
GEOP_20260402.csv,2025-08-26 17:33:33,0.0
GEOP_20260402.csv,2025-08-26 17:36:33,0.0
GEOP_20260402.csv,2025-08-26 17:39:33,0.0
GEOP_20260402.csv,2025-08-26 17:42:33,0.0
GEOP_20260402.csv,2025-08-26 17:45:33,0.0
GEOP_20260402.csv,2025-08-26 17:48:33,0.0
GEOP_20260402.csv,2025-08-26 17:51:33,0.0
GEOP_20260402.csv,2025-08-26 17:54:33,0.0
GEOP_20260402.csv,2025-08-26 17:57:33,0.0
GEOP_20260402.csv,2025-08-26 18:00:33,0.0
GEOP_20260402.csv,2025-08-26 18:03:33,0.0
GEOP_20260402.csv,2025-08-26 18:06:33,0.0
GEOP_20260402.csv,2025-08-26 18:09:33,0.0
GEOP_20260402.csv,2025-08-26 18:12:33,0.0
GEOP_20260402.csv,2025-08-26 18:15:33,0.0
GEOP_20260402.csv,2025-08-26 18:18:33,0.0
GEOP_20260402.csv,2025-08-26 18:21:33,0.0
GEOP_20260402.csv,2025-08-26 18:24:33,0.0
GEOP_20260402.csv,2025-08-26 18:27:33,0.0
GEOP_20260402.csv,2025-08-26 18:30:33,0.0
GEOP_20260402.csv,2025-08-26 18:33:33,0.0
GEOP_20260402.csv,2025-08-26 18:36:33,0.0
GEOP_20260402.csv,2025-08-26 18:39:33,0.0
GEOP_20260402.csv,2025-08-26 18:42:33,0.0
GEOP_20260402.csv,2025-08-26 18:45:33,0.0
GEOP_20260402.csv,2025-08-26 18:48:33,0.0
GEOP_20260402.csv,2025-08-26 18:51:33,0.0
GEOP_20260402.csv,2025-08-26 18:54:33,0.0
GEOP_20260402.csv,2025-08-26 18:57:33,0.0
GEOP_20260402.csv,2025-08-26 19:00:33,0.0
GEOP_20260402.csv,2025-08-26 19:03:33,0.0
GEOP_20260402.csv,2025-08-26 19:06:33,0.0
GEOP_20260402.csv,2025-08-26 19:09:33,0.0
GEOP_20260402.csv,2025-08-26 19:12:33,0.0
GEOP_20260402.csv,2025-08-26 19:15:33,0.0
GEOP_20260402.csv,2025-08-26 19:18:33,0.0
GEOP_20260402.csv,2025-08-26 19:21:33,0.0
GEOP_20260402.csv,2025-08-26 19:24:33,0.0
GEOP_20260402.csv,2025-08-26 19:27:33,0.0
GEOP_20260402.csv,2025-08-26 19:30:33,0.0
GEOP_20260402.csv,2025-08-26 19:33:33,0.0
GEOP_20260402.csv,2025-08-26 19:36:33,0.01
GEOP_20260402.csv,2025-08-26 19:39:33,0.02
GEOP_20260402.csv,2025-08-26 19:42:33,0.0
GEOP_20260402.csv,2025-08-26 19:45:33,0.07
GEOP_20260402.csv,2025-08-26 19:48:33,0.28
GEOP_20260402.csv,2025-08-26 19:51:33,0.31
GEOP_20260402.csv,2025-08-26 19:54:33,0.1
GEOP_20260402.csv,2025-08-26 19:57:33,0.06
GEOP_20260402.csv,2025-08-26 20:00:33,0.09
GEOP_20260402.csv,2025-08-26 20:03:33,0.14
GEOP_20260402.csv,2025-08-26 20:06:33,0.04
GEOP_20260402.csv,2025-08-26 20:09:33,0.04
GEOP_20260402.csv,2025-08-26 20:12:33,0.03
GEOP_20260402.csv,2025-08-26 20:15:33,0.01
GEOP_20260402.csv,2025-08-26 20:18:33,0.01
GEOP_20260402.csv,2025-08-26 20:21:33,0.01
GEOP_20260402.csv,2025-08-26 20:24:33,0.0
GEOP_20260402.csv,2025-08-26 20:27:33,0.0
GEOP_20260402.csv,2025-08-26 20:30:33,0.01
GEOP_20260402.csv,2025-08-26 20:33:33,0.0
GEOP_20260402.csv,2025-08-26 20:36:33,0.01
GEOP_20260402.csv,2025-08-26 20:39:33,0.0
GEOP_20260402.csv,2025-08-26 20:42:33,0.0
GEOP_20260402.csv,2025-08-26 20:45:33,0.0
GEOP_20260402.csv,2025-08-26 20:48:33,0.0
GEOP_20260402.csv,2025-08-26 20:51:33,0.01
GEOP_20260402.csv,2025-08-26 20:54:33,0.0
GEOP_20260402.csv,2025-08-26 20:57:33,0.0
GEOP_20260402.csv,2025-08-26 21:00:33,0.0
GEOP_20260402.csv,2025-08-26 21:03:33,0.0
GEOP_20260402.csv,2025-08-26 21:06:33,0.06
GEOP_20260402.csv,2025-08-26 21:09:33,0.08
GEOP_20260402.csv,2025-08-26 21:12:33,0.03
GEOP_20260402.csv,2025-08-26 21:15:33,0.01
GEOP_20260402.csv,2025-08-26 21:18:33,0.01
GEOP_20260402.csv,2025-08-26 21:21:33,0.01
GEOP_20260402.csv,2025-08-26 21:24:33,0.0
GEOP_20260402.csv,2025-08-26 21:27:33,0.0
GEOP_20260402.csv,2025-08-26 21:30:33,0.0
GEOP_20260402.csv,2025-08-26 21:33:33,0.01
GEOP_20260402.csv,2025-08-26 21:36:33,0.0
GEOP_20260402.csv,2025-08-26 21:39:33,0.0
GEOP_20260402.csv,2025-08-26 21:42:33,0.0
GEOP_20260402.csv,2025-08-26 21:45:33,0.0
GEOP_20260402.csv,2025-08-26 21:48:33,0.0
GEOP_20260402.csv,2025-08-26 21:51:33,0.0
GEOP_20260402.csv,2025-08-26 21:54:33,0.0
GEOP_20260402.csv,2025-08-26 21:57:33,0.0
GEOP_20260402.csv,2025-08-26 22:00:33,0.0
GEOP_20260402.csv,2025-08-26 22:03:33,0.0
GEOP_20260402.csv,2025-08-26 22:06:33,0.0
GEOP_20260402.csv,2025-08-26 22:09:33,0.0
GEOP_20260402.csv,2025-08-26 22:12:33,0.0
GEOP_20260402.csv,2025-08-26 22:15:33,0.0
GEOP_20260402.csv,2025-08-26 22:18:33,0.0
GEOP_20260402.csv,2025-08-26 22:21:33,0.01
GEOP_20260402.csv,2025-08-26 22:24:33,0.0
GEOP_20260402.csv,2025-08-26 22:27:33,0.0
GEOP_20260402.csv,2025-08-26 22:30:33,0.07
GEOP_20260402.csv,2025-08-26 22:33:33,0.04
GEOP_20260402.csv,2025-08-26 22:36:33,0.01
GEOP_20260402.csv,2025-08-26 22:39:33,0.01
GEOP_20260402.csv,2025-08-26 22:42:33,0.0
GEOP_20260402.csv,2025-08-26 22:45:33,0.01
GEOP_20260402.csv,2025-08-26 22:48:33,0.0
GEOP_20260402.csv,2025-08-26 22:51:33,0.0
GEOP_20260402.csv,2025-08-26 22:54:33,0.0
GEOP_20260402.csv,2025-08-26 22:57:33,0.0
GEOP_20260402.csv,2025-08-26 23:00:33,0.0
GEOP_20260402.csv,2025-08-26 23:03:33,0.01
GEOP_20260402.csv,2025-08-26 23:06:33,0.0
GEOP_20260402.csv,2025-08-26 23:09:33,0.01
GEOP_20260402.csv,2025-08-26 23:12:33,0.0
GEOP_20260402.csv,2025-08-26 23:15:33,0.0
GEOP_20260402.csv,2025-08-26 23:18:33,0.01
GEOP_20260402.csv,2025-08-26 23:21:33,0.0
GEOP_20260402.csv,2025-08-26 23:24:33,0.0
GEOP_20260402.csv,2025-08-26 23:27:33,0.0
GEOP_20260402.csv,2025-08-26 23:30:33,0.0
GEOP_20260402.csv,2025-08-26 23:33:33,0.0
GEOP_20260402.csv,2025-08-26 23:36:33,0.0
GEOP_20260402.csv,2025-08-26 23:39:33,0.0
GEOP_20260402.csv,2025-08-26 23:42:33,0.01
GEOP_20260402.csv,2025-08-26 23:45:33,0.0
GEOP_20260402.csv,2025-08-26 23:48:33,0.0
GEOP_20260402.csv,2025-08-26 23:51:33,0.0
GEOP_20260402.csv,2025-08-26 23:54:33,0.0
GEOP_20260402.csv,2025-08-26 23:57:33,0.0
GEOP_20260402.csv,2025-08-27 00:00:33,0.0
GEOP_20260402.csv,2025-08-27 00:03:33,0.0
GEOP_20260402.csv,2025-08-27 00:06:33,0.0
GEOP_20260402.csv,2025-08-27 00:09:33,0.0
GEOP_20260402.csv,2025-08-27 00:12:33,0.0
GEOP_20260402.csv,2025-08-27 00:15:33,0.0
GEOP_20260402.csv,2025-08-27 00:18:33,0.0
GEOP_20260402.csv,2025-08-27 00:21:33,0.0
GEOP_20260402.csv,2025-08-27 00:24:32,0.0
GEOP_20260402.csv,2025-08-27 00:27:32,0.0
GEOP_20260402.csv,2025-08-27 00:30:32,0.0
GEOP_20260402.csv,2025-08-27 00:33:32,0.0
GEOP_20260402.csv,2025-08-27 00:36:32,0.0
GEOP_20260402.csv,2025-08-27 00:39:32,0.0
GEOP_20260402.csv,2025-08-27 00:42:32,0.0
GEOP_20260402.csv,2025-08-27 00:45:32,0.0
GEOP_20260402.csv,2025-08-27 00:48:32,0.0
GEOP_20260402.csv,2025-08-27 00:51:32,0.0
GEOP_20260402.csv,2025-08-27 00:54:32,0.0
GEOP_20260402.csv,2025-08-27 00:57:32,0.0
GEOP_20260402.csv,2025-08-27 01:00:32,0.0
GEOP_20260402.csv,2025-08-27 01:03:32,0.0
GEOP_20260402.csv,2025-08-27 01:06:32,0.0
GEOP_20260402.csv,2025-08-27 01:09:32,0.0
GEOP_20260402.csv,2025-08-27 01:12:32,0.0
GEOP_20260402.csv,2025-08-27 01:15:32,0.0
GEOP_20260402.csv,2025-08-27 01:18:32,0.0
GEOP_20260402.csv,2025-08-27 01:21:32,0.0
GEOP_20260402.csv,2025-08-27 01:24:32,0.0
GEOP_20260402.csv,2025-08-27 01:27:32,0.0
GEOP_20260402.csv,2025-08-27 01:30:32,0.0
GEOP_20260402.csv,2025-08-27 01:33:32,0.0
GEOP_20260402.csv,2025-08-27 01:36:32,0.0
GEOP_20260402.csv,2025-08-27 01:39:32,0.0
GEOP_20260402.csv,2025-08-27 01:42:32,0.0
GEOP_20260402.csv,2025-08-27 01:45:32,0.0
GEOP_20260402.csv,2025-08-27 01:48:32,0.0
GEOP_20260402.csv,2025-08-27 01:51:32,0.0
GEOP_20260402.csv,2025-08-27 01:54:32,0.0
GEOP_20260402.csv,2025-08-27 01:57:32,0.0
GEOP_20260402.csv,2025-08-27 02:00:32,0.0
GEOP_20260402.csv,2025-08-27 02:03:32,0.0
GEOP_20260402.csv,2025-08-27 02:06:32,0.0
GEOP_20260402.csv,2025-08-27 02:09:32,0.0
GEOP_20260402.csv,2025-08-27 02:12:32,0.0
GEOP_20260402.csv,2025-08-27 02:15:32,0.0
GEOP_20260402.csv,2025-08-27 02:18:32,0.0
GEOP_20260402.csv,2025-08-27 02:21:32,0.0
GEOP_20260402.csv,2025-08-27 02:24:32,0.0
GEOP_20260402.csv,2025-08-27 02:27:32,0.0
GEOP_20260402.csv,2025-08-27 02:30:32,0.0
GEOP_20260402.csv,2025-08-27 02:33:32,0.0
GEOP_20260402.csv,2025-08-27 02:36:32,0.0
GEOP_20260402.csv,2025-08-27 02:39:32,0.0
GEOP_20260402.csv,2025-08-27 02:42:32,0.0
GEOP_20260402.csv,2025-08-27 02:45:33,0.0
GEOP_20260402.csv,2025-08-27 02:48:32,0.0
GEOP_20260402.csv,2025-08-27 02:51:32,0.0
GEOP_20260402.csv,2025-08-27 02:54:32,0.0
GEOP_20260402.csv,2025-08-27 02:57:32,0.0
GEOP_20260402.csv,2025-08-27 03:00:32,0.0
GEOP_20260402.csv,2025-08-27 03:03:32,0.0
GEOP_20260402.csv,2025-08-27 03:06:32,0.0
GEOP_20260402.csv,2025-08-27 03:09:32,0.0
GEOP_20260402.csv,2025-08-27 03:12:32,0.0
GEOP_20260402.csv,2025-08-27 03:15:32,0.0
GEOP_20260402.csv,2025-08-27 03:18:32,0.0
GEOP_20260402.csv,2025-08-27 03:21:32,0.0
GEOP_20260402.csv,2025-08-27 03:24:32,0.0
GEOP_20260402.csv,2025-08-27 03:27:32,0.0
GEOP_20260402.csv,2025-08-27 03:30:32,0.0
GEOP_20260402.csv,2025-08-27 03:33:32,0.0
GEOP_20260402.csv,2025-08-27 03:36:32,0.0
GEOP_20260402.csv,2025-08-27 03:39:32,0.0
GEOP_20260402.csv,2025-08-27 03:42:32,0.0
GEOP_20260402.csv,2025-08-27 03:45:32,0.0
GEOP_20260402.csv,2025-08-27 03:48:32,0.0
GEOP_20260402.csv,2025-08-27 03:51:32,0.0
GEOP_20260402.csv,2025-08-27 03:54:32,0.0
GEOP_20260402.csv,2025-08-27 03:57:32,0.0
GEOP_20260402.csv,2025-08-27 04:00:32,0.0
GEOP_20260402.csv,2025-08-27 04:03:32,0.0
GEOP_20260402.csv,2025-08-27 04:06:32,0.0
GEOP_20260402.csv,2025-08-27 04:09:32,0.0
GEOP_20260402.csv,2025-08-27 04:12:32,0.0
GEOP_20260402.csv,2025-08-27 04:15:32,0.0
GEOP_20260402.csv,2025-08-27 04:18:32,0.0
GEOP_20260402.csv,2025-08-27 04:21:32,0.0
GEOP_20260402.csv,2025-08-27 04:24:32,0.0
GEOP_20260402.csv,2025-08-27 04:27:32,0.0
GEOP_20260402.csv,2025-08-27 04:30:32,0.0
GEOP_20260402.csv,2025-08-27 04:33:32,0.0
GEOP_20260402.csv,2025-08-27 04:36:32,0.0
GEOP_20260402.csv,2025-08-27 04:39:32,0.0
GEOP_20260402.csv,2025-08-27 04:42:32,0.0
GEOP_20260402.csv,2025-08-27 04:45:32,0.0
GEOP_20260402.csv,2025-08-27 04:48:32,0.0
GEOP_20260402.csv,2025-08-27 04:51:32,0.0
GEOP_20260402.csv,2025-08-27 04:54:32,0.0
GEOP_20260402.csv,2025-08-27 04:57:32,0.0
GEOP_20260402.csv,2025-08-27 05:00:32,0.0
GEOP_20260402.csv,2025-08-27 05:03:32,0.0
GEOP_20260402.csv,2025-08-27 05:06:32,0.0
GEOP_20260402.csv,2025-08-27 05:09:32,0.0
GEOP_20260402.csv,2025-08-27 05:12:32,0.0
GEOP_20260402.csv,2025-08-27 05:15:32,0.0
GEOP_20260402.csv,2025-08-27 05:18:32,0.0
GEOP_20260402.csv,2025-08-27 05:21:32,0.0
GEOP_20260402.csv,2025-08-27 05:24:32,0.0
GEOP_20260402.csv,2025-08-27 05:27:32,0.0
GEOP_20260402.csv,2025-08-27 05:30:32,0.0
GEOP_20260402.csv,2025-08-27 05:33:32,0.0
GEOP_20260402.csv,2025-08-27 05:36:32,0.0
GEOP_20260402.csv,2025-08-27 05:39:32,0.0
GEOP_20260402.csv,2025-08-27 05:42:32,0.0
GEOP_20260402.csv,2025-08-27 05:45:32,0.0
GEOP_20260402.csv,2025-08-27 05:48:32,0.0
GEOP_20260402.csv,2025-08-27 05:51:32,0.0
GEOP_20260402.csv,2025-08-27 05:54:32,0.0
GEOP_20260402.csv,2025-08-27 05:57:32,0.0
GEOP_20260402.csv,2025-08-27 06:00:32,0.0
GEOP_20260402.csv,2025-08-27 06:03:32,0.0
GEOP_20260402.csv,2025-08-27 06:06:32,0.0
GEOP_20260402.csv,2025-08-27 06:09:32,0.0
GEOP_20260402.csv,2025-08-27 06:12:32,0.0
GEOP_20260402.csv,2025-08-27 06:15:32,0.0
GEOP_20260402.csv,2025-08-27 06:18:32,0.0
GEOP_20260402.csv,2025-08-27 06:21:32,0.0
GEOP_20260402.csv,2025-08-27 06:24:32,0.0
GEOP_20260402.csv,2025-08-27 06:27:32,0.0
GEOP_20260402.csv,2025-08-27 06:30:32,0.0
GEOP_20260402.csv,2025-08-27 06:33:32,0.0
GEOP_20260402.csv,2025-08-27 06:36:32,0.0
GEOP_20260402.csv,2025-08-27 06:39:32,0.0
GEOP_20260402.csv,2025-08-27 06:42:32,0.0
GEOP_20260402.csv,2025-08-27 06:45:32,0.0
GEOP_20260402.csv,2025-08-27 06:48:32,0.0
GEOP_20260402.csv,2025-08-27 06:51:32,0.0
GEOP_20260402.csv,2025-08-27 06:54:32,0.0
GEOP_20260402.csv,2025-08-27 06:57:32,0.0
GEOP_20260402.csv,2025-08-27 07:00:32,0.0
GEOP_20260402.csv,2025-08-27 07:03:32,0.0
GEOP_20260402.csv,2025-08-27 07:06:32,0.0
GEOP_20260402.csv,2025-08-27 07:09:32,0.0
GEOP_20260402.csv,2025-08-27 07:12:32,0.0
GEOP_20260402.csv,2025-08-27 07:15:32,0.0
GEOP_20260402.csv,2025-08-27 07:18:32,0.0
GEOP_20260402.csv,2025-08-27 07:21:32,0.0
GEOP_20260402.csv,2025-08-27 07:24:32,0.0
GEOP_20260402.csv,2025-08-27 07:27:32,0.0
GEOP_20260402.csv,2025-08-27 07:30:32,0.0
GEOP_20260402.csv,2025-08-27 07:33:32,0.0
GEOP_20260402.csv,2025-08-27 07:36:32,0.0
GEOP_20260402.csv,2025-08-27 07:39:32,0.0
GEOP_20260402.csv,2025-08-27 07:42:32,0.0
GEOP_20260402.csv,2025-08-27 07:45:32,0.0
GEOP_20260402.csv,2025-08-27 07:48:32,0.0
GEOP_20260402.csv,2025-08-27 07:51:32,0.0
GEOP_20260402.csv,2025-08-27 07:54:32,0.0
GEOP_20260402.csv,2025-08-27 07:57:32,0.0
GEOP_20260402.csv,2025-08-27 08:00:32,0.0
GEOP_20260402.csv,2025-08-27 08:03:32,0.0
GEOP_20260402.csv,2025-08-27 08:06:32,0.0
GEOP_20260402.csv,2025-08-27 08:09:32,0.0
GEOP_20260402.csv,2025-08-27 08:12:32,0.0
GEOP_20260402.csv,2025-08-27 08:15:32,0.0
GEOP_20260402.csv,2025-08-27 08:18:32,0.0
GEOP_20260402.csv,2025-08-27 08:21:32,0.0
GEOP_20260402.csv,2025-08-27 08:24:32,0.0
GEOP_20260402.csv,2025-08-27 08:27:32,0.0
GEOP_20260402.csv,2025-08-27 08:30:32,0.0
GEOP_20260402.csv,2025-08-27 08:33:32,0.0
GEOP_20260402.csv,2025-08-27 08:36:32,0.0
GEOP_20260402.csv,2025-08-27 08:39:32,0.0
GEOP_20260402.csv,2025-08-27 08:42:32,0.0
GEOP_20260402.csv,2025-08-27 08:45:32,0.0
GEOP_20260402.csv,2025-08-27 08:48:32,0.0
GEOP_20260402.csv,2025-08-27 08:51:32,0.0
GEOP_20260402.csv,2025-08-27 08:54:32,0.0
GEOP_20260402.csv,2025-08-27 08:57:32,0.0
GEOP_20260402.csv,2025-08-27 09:00:32,0.0
GEOP_20260402.csv,2025-08-27 09:03:32,0.0
GEOP_20260402.csv,2025-08-27 09:06:32,0.0
GEOP_20260402.csv,2025-08-27 09:09:32,0.0
GEOP_20260402.csv,2025-08-27 09:12:32,0.0
GEOP_20260402.csv,2025-08-27 09:15:32,0.0
GEOP_20260402.csv,2025-08-27 09:18:32,0.0
GEOP_20260402.csv,2025-08-27 09:21:32,0.0
GEOP_20260402.csv,2025-08-27 09:24:32,0.0
GEOP_20260402.csv,2025-08-27 09:27:32,0.0
GEOP_20260402.csv,2025-08-27 09:30:32,0.0
GEOP_20260402.csv,2025-08-27 09:33:31,0.0
GEOP_20260402.csv,2025-08-27 09:36:32,0.0
GEOP_20260402.csv,2025-08-27 09:39:32,0.0
GEOP_20260402.csv,2025-08-27 09:42:32,0.0
GEOP_20260402.csv,2025-08-27 09:45:31,0.0
GEOP_20260402.csv,2025-08-27 09:48:31,0.0
GEOP_20260402.csv,2025-08-27 09:51:31,0.0
GEOP_20260402.csv,2025-08-27 09:54:31,0.0
GEOP_20260402.csv,2025-08-27 09:57:31,0.0
GEOP_20260402.csv,2025-08-27 10:00:31,0.0
GEOP_20260402.csv,2025-08-27 10:03:31,0.0
GEOP_20260402.csv,2025-08-27 10:06:31,0.0
GEOP_20260402.csv,2025-08-27 10:09:31,0.0
GEOP_20260402.csv,2025-08-27 10:12:31,0.0
GEOP_20260402.csv,2025-08-27 10:15:31,0.0
GEOP_20260402.csv,2025-08-27 10:18:31,0.0
GEOP_20260402.csv,2025-08-27 10:21:31,0.0
GEOP_20260402.csv,2025-08-27 10:24:31,0.0
GEOP_20260402.csv,2025-08-27 10:27:31,0.0
GEOP_20260402.csv,2025-08-27 10:30:31,0.0
GEOP_20260402.csv,2025-08-27 10:33:31,0.0
GEOP_20260402.csv,2025-08-27 10:36:31,0.0
GEOP_20260402.csv,2025-08-27 10:39:31,0.0
GEOP_20260402.csv,2025-08-27 10:42:31,0.0
GEOP_20260402.csv,2025-08-27 10:45:31,0.0
GEOP_20260402.csv,2025-08-27 10:48:31,0.0
GEOP_20260402.csv,2025-08-27 10:51:31,0.0
GEOP_20260402.csv,2025-08-27 10:54:31,0.0
GEOP_20260402.csv,2025-08-27 10:57:31,0.0
GEOP_20260402.csv,2025-08-27 11:00:31,0.0
GEOP_20260402.csv,2025-08-27 11:03:31,0.0
GEOP_20260402.csv,2025-08-27 11:06:31,0.0
GEOP_20260402.csv,2025-08-27 11:09:31,0.0
GEOP_20260402.csv,2025-08-27 11:12:31,0.0
GEOP_20260402.csv,2025-08-27 11:15:31,0.0
GEOP_20260402.csv,2025-08-27 11:18:31,0.0
GEOP_20260402.csv,2025-08-27 11:21:31,0.0
GEOP_20260402.csv,2025-08-27 11:24:31,0.0
GEOP_20260402.csv,2025-08-27 11:27:31,0.0
GEOP_20260402.csv,2025-08-27 11:30:31,0.0
GEOP_20260402.csv,2025-08-27 11:33:31,0.0
GEOP_20260402.csv,2025-08-27 11:36:31,0.0
GEOP_20260402.csv,2025-08-27 11:39:31,0.0
GEOP_20260402.csv,2025-08-27 11:42:31,0.0
GEOP_20260402.csv,2025-08-27 11:45:31,0.0
GEOP_20260402.csv,2025-08-27 11:48:31,0.0
GEOP_20260402.csv,2025-08-27 11:51:31,0.0
GEOP_20260402.csv,2025-08-27 11:54:31,0.0
GEOP_20260402.csv,2025-08-27 11:57:31,0.0
GEOP_20260402.csv,2025-08-27 12:00:31,0.0
GEOP_20260402.csv,2025-08-27 12:03:31,0.0
GEOP_20260402.csv,2025-08-27 12:06:31,0.0
GEOP_20260402.csv,2025-08-27 12:09:31,0.0
GEOP_20260402.csv,2025-08-27 12:12:31,0.0
GEOP_20260402.csv,2025-08-27 12:15:31,0.0
GEOP_20260402.csv,2025-08-27 12:18:31,0.0
GEOP_20260402.csv,2025-08-27 12:21:31,0.0
GEOP_20260402.csv,2025-08-27 12:24:31,0.0
GEOP_20260402.csv,2025-08-27 12:27:31,0.0
GEOP_20260402.csv,2025-08-27 12:30:31,0.0
GEOP_20260402.csv,2025-08-27 12:33:31,0.0
GEOP_20260402.csv,2025-08-27 12:36:31,0.0
GEOP_20260402.csv,2025-08-27 12:39:31,0.0
GEOP_20260402.csv,2025-08-27 12:42:31,0.0
GEOP_20260402.csv,2025-08-27 12:45:31,0.0
GEOP_20260402.csv,2025-08-27 12:48:31,0.0
GEOP_20260402.csv,2025-08-27 12:51:31,0.0
GEOP_20260402.csv,2025-08-27 12:54:31,0.0
GEOP_20260402.csv,2025-08-27 12:57:31,0.0
GEOP_20260402.csv,2025-08-27 13:00:31,0.0
GEOP_20260402.csv,2025-08-27 13:03:31,0.0
GEOP_20260402.csv,2025-08-27 13:06:31,0.0
GEOP_20260402.csv,2025-08-27 13:09:31,0.0
GEOP_20260402.csv,2025-08-27 13:12:31,0.0
GEOP_20260402.csv,2025-08-27 13:15:31,0.0
GEOP_20260402.csv,2025-08-27 13:18:31,0.0
GEOP_20260402.csv,2025-08-27 13:21:31,0.0
GEOP_20260402.csv,2025-08-27 13:24:31,0.0
GEOP_20260402.csv,2025-08-27 13:27:31,0.0
GEOP_20260402.csv,2025-08-27 13:30:31,0.0
GEOP_20260402.csv,2025-08-27 13:33:31,0.0
GEOP_20260402.csv,2025-08-27 13:36:31,0.0
GEOP_20260402.csv,2025-08-27 13:39:31,0.0
GEOP_20260402.csv,2025-08-27 13:42:31,0.0
GEOP_20260402.csv,2025-08-27 13:45:31,0.0
GEOP_20260402.csv,2025-08-27 13:48:31,0.0
GEOP_20260402.csv,2025-08-27 13:51:31,0.0
GEOP_20260402.csv,2025-08-27 13:54:31,0.0
GEOP_20260402.csv,2025-08-27 13:57:31,0.0
GEOP_20260402.csv,2025-08-27 14:00:31,0.0
GEOP_20260402.csv,2025-08-27 14:03:31,0.0
GEOP_20260402.csv,2025-08-27 14:06:31,0.0
GEOP_20260402.csv,2025-08-27 14:09:31,0.0
GEOP_20260402.csv,2025-08-27 14:12:31,0.0
GEOP_20260402.csv,2025-08-27 14:15:31,0.0
GEOP_20260402.csv,2025-08-27 14:18:31,0.0
GEOP_20260402.csv,2025-08-27 14:21:31,0.0
GEOP_20260402.csv,2025-08-27 14:24:31,0.0
GEOP_20260402.csv,2025-08-27 14:27:31,0.0
GEOP_20260402.csv,2025-08-27 14:30:31,0.0
GEOP_20260402.csv,2025-08-27 14:33:31,0.0
GEOP_20260402.csv,2025-08-27 14:36:31,0.0
GEOP_20260402.csv,2025-08-27 14:39:31,0.0
GEOP_20260402.csv,2025-08-27 14:42:31,0.0
GEOP_20260402.csv,2025-08-27 14:45:31,0.0
GEOP_20260402.csv,2025-08-27 14:48:31,0.0
GEOP_20260402.csv,2025-08-27 14:51:31,0.0
GEOP_20260402.csv,2025-08-27 14:54:31,0.0
GEOP_20260402.csv,2025-08-27 14:57:31,0.0
GEOP_20260402.csv,2025-08-27 15:00:31,0.0
GEOP_20260402.csv,2025-08-27 15:03:31,0.0
GEOP_20260402.csv,2025-08-27 15:06:31,0.0
GEOP_20260402.csv,2025-08-27 15:09:31,0.0
GEOP_20260402.csv,2025-08-27 15:12:31,0.0
GEOP_20260402.csv,2025-08-27 15:15:31,0.0
GEOP_20260402.csv,2025-08-27 15:18:31,0.0
GEOP_20260402.csv,2025-08-27 15:21:31,0.0
GEOP_20260402.csv,2025-08-27 15:24:31,0.0
GEOP_20260402.csv,2025-08-27 15:27:31,0.0
GEOP_20260402.csv,2025-08-27 15:30:31,0.0
GEOP_20260402.csv,2025-08-27 15:33:31,0.0
GEOP_20260402.csv,2025-08-27 15:36:31,0.0
GEOP_20260402.csv,2025-08-27 15:39:31,0.0
GEOP_20260402.csv,2025-08-27 15:42:31,0.0
GEOP_20260402.csv,2025-08-27 15:45:31,0.0
GEOP_20260402.csv,2025-08-27 15:48:31,0.0
GEOP_20260402.csv,2025-08-27 15:51:31,0.0
GEOP_20260402.csv,2025-08-27 15:54:31,0.0
GEOP_20260402.csv,2025-08-27 15:57:31,0.0
GEOP_20260402.csv,2025-08-27 16:00:31,0.0
GEOP_20260402.csv,2025-08-27 16:03:31,0.0
GEOP_20260402.csv,2025-08-27 16:06:31,0.0
GEOP_20260402.csv,2025-08-27 16:09:31,0.0
GEOP_20260402.csv,2025-08-27 16:12:31,0.0
GEOP_20260402.csv,2025-08-27 16:15:31,0.0
GEOP_20260402.csv,2025-08-27 16:18:31,0.0
GEOP_20260402.csv,2025-08-27 16:21:31,0.0
GEOP_20260402.csv,2025-08-27 16:24:31,0.0
GEOP_20260402.csv,2025-08-27 16:27:31,0.0
GEOP_20260402.csv,2025-08-27 16:30:31,0.0
GEOP_20260402.csv,2025-08-27 16:33:31,0.0
GEOP_20260402.csv,2025-08-27 16:36:31,0.0
GEOP_20260402.csv,2025-08-27 16:39:31,0.0
GEOP_20260402.csv,2025-08-27 16:42:31,0.0
GEOP_20260402.csv,2025-08-27 16:45:31,0.0
GEOP_20260402.csv,2025-08-27 16:48:31,0.0
GEOP_20260402.csv,2025-08-27 16:51:31,0.0
GEOP_20260402.csv,2025-08-27 16:54:31,0.0
GEOP_20260402.csv,2025-08-27 16:57:31,0.0
GEOP_20260402.csv,2025-08-27 17:00:31,0.0
GEOP_20260402.csv,2025-08-27 17:03:31,0.0
GEOP_20260402.csv,2025-08-27 17:06:31,0.0
GEOP_20260402.csv,2025-08-27 17:09:31,0.0
GEOP_20260402.csv,2025-08-27 17:12:31,0.0
GEOP_20260402.csv,2025-08-27 17:15:31,0.0
GEOP_20260402.csv,2025-08-27 17:18:31,0.0
GEOP_20260402.csv,2025-08-27 17:21:31,0.0
GEOP_20260402.csv,2025-08-27 17:24:31,0.0
GEOP_20260402.csv,2025-08-27 17:27:31,0.0
GEOP_20260402.csv,2025-08-27 17:30:31,0.0
GEOP_20260402.csv,2025-08-27 17:33:31,0.0
GEOP_20260402.csv,2025-08-27 17:36:31,0.0
GEOP_20260402.csv,2025-08-27 17:39:31,0.0
GEOP_20260402.csv,2025-08-27 17:42:31,0.0
GEOP_20260402.csv,2025-08-27 17:45:31,0.0
GEOP_20260402.csv,2025-08-27 17:48:31,0.0
GEOP_20260402.csv,2025-08-27 17:51:31,0.0
GEOP_20260402.csv,2025-08-27 17:54:31,0.0
GEOP_20260402.csv,2025-08-27 17:57:31,0.0
GEOP_20260402.csv,2025-08-27 18:00:31,0.0
GEOP_20260402.csv,2025-08-27 18:03:31,0.0
GEOP_20260402.csv,2025-08-27 18:06:31,0.0
GEOP_20260402.csv,2025-08-27 18:09:31,0.0
GEOP_20260402.csv,2025-08-27 18:12:31,0.0
GEOP_20260402.csv,2025-08-27 18:15:31,0.0
GEOP_20260402.csv,2025-08-27 18:18:31,0.0
GEOP_20260402.csv,2025-08-27 18:21:31,0.0
GEOP_20260402.csv,2025-08-27 18:24:31,0.0
GEOP_20260402.csv,2025-08-27 18:27:31,0.0
GEOP_20260402.csv,2025-08-27 18:30:31,0.0
GEOP_20260402.csv,2025-08-27 18:33:31,0.0
GEOP_20260402.csv,2025-08-27 18:36:31,0.0
GEOP_20260402.csv,2025-08-27 18:39:31,0.0
GEOP_20260402.csv,2025-08-27 18:42:31,0.0
GEOP_20260402.csv,2025-08-27 18:45:31,0.0
GEOP_20260402.csv,2025-08-27 18:48:31,0.0
GEOP_20260402.csv,2025-08-27 18:51:31,0.0
GEOP_20260402.csv,2025-08-27 18:54:31,0.0
GEOP_20260402.csv,2025-08-27 18:57:31,0.0
GEOP_20260402.csv,2025-08-27 19:00:31,0.0
GEOP_20260402.csv,2025-08-27 19:03:31,0.0
GEOP_20260402.csv,2025-08-27 19:06:31,0.0
GEOP_20260402.csv,2025-08-27 19:09:31,0.0
GEOP_20260402.csv,2025-08-27 19:12:31,0.0
GEOP_20260402.csv,2025-08-27 19:15:31,0.0
GEOP_20260402.csv,2025-08-27 19:18:31,0.0
GEOP_20260402.csv,2025-08-27 19:21:31,0.0
GEOP_20260402.csv,2025-08-27 19:24:31,0.0
GEOP_20260402.csv,2025-08-27 19:27:31,0.0
GEOP_20260402.csv,2025-08-27 19:30:31,0.0
GEOP_20260402.csv,2025-08-27 19:33:31,0.0
GEOP_20260402.csv,2025-08-27 19:36:31,0.0
GEOP_20260402.csv,2025-08-27 19:39:31,0.0
GEOP_20260402.csv,2025-08-27 19:42:31,0.0
GEOP_20260402.csv,2025-08-27 19:45:31,0.0
GEOP_20260402.csv,2025-08-27 19:48:31,0.0
GEOP_20260402.csv,2025-08-27 19:51:31,0.0
GEOP_20260402.csv,2025-08-27 19:54:31,0.0
GEOP_20260402.csv,2025-08-27 19:57:31,0.0
GEOP_20260402.csv,2025-08-27 20:00:30,0.0
GEOP_20260402.csv,2025-08-27 20:03:30,0.0
GEOP_20260402.csv,2025-08-27 20:06:30,0.0
GEOP_20260402.csv,2025-08-27 20:09:31,0.0
GEOP_20260402.csv,2025-08-27 20:12:30,0.0
GEOP_20260402.csv,2025-08-27 20:15:30,0.0
GEOP_20260402.csv,2025-08-27 20:18:30,0.0
GEOP_20260402.csv,2025-08-27 20:21:30,0.0
GEOP_20260402.csv,2025-08-27 20:24:30,0.0
GEOP_20260402.csv,2025-08-27 20:27:30,0.0
GEOP_20260402.csv,2025-08-27 20:30:30,0.0
GEOP_20260402.csv,2025-08-27 20:33:30,0.0
GEOP_20260402.csv,2025-08-27 20:36:30,0.0
GEOP_20260402.csv,2025-08-27 20:39:30,0.0
GEOP_20260402.csv,2025-08-27 20:42:30,0.0
GEOP_20260402.csv,2025-08-27 20:45:30,0.0
GEOP_20260402.csv,2025-08-27 20:48:30,0.0
GEOP_20260402.csv,2025-08-27 20:51:31,0.0
GEOP_20260402.csv,2025-08-27 20:54:30,0.0
GEOP_20260402.csv,2025-08-27 20:57:30,0.0
GEOP_20260402.csv,2025-08-27 21:00:30,0.0
GEOP_20260402.csv,2025-08-27 21:03:30,0.0
GEOP_20260402.csv,2025-08-27 21:06:30,0.0
GEOP_20260402.csv,2025-08-27 21:09:30,0.0
GEOP_20260402.csv,2025-08-27 21:12:30,0.0
GEOP_20260402.csv,2025-08-27 21:15:30,0.0
GEOP_20260402.csv,2025-08-27 21:18:30,0.0
GEOP_20260402.csv,2025-08-27 21:21:30,0.0
GEOP_20260402.csv,2025-08-27 21:24:30,0.0
GEOP_20260402.csv,2025-08-27 21:27:30,0.0
GEOP_20260402.csv,2025-08-27 21:30:30,0.0
GEOP_20260402.csv,2025-08-27 21:33:30,0.0
GEOP_20260402.csv,2025-08-27 21:36:30,0.0
GEOP_20260402.csv,2025-08-27 21:39:30,0.0
GEOP_20260402.csv,2025-08-27 21:42:30,0.0
GEOP_20260402.csv,2025-08-27 21:45:30,0.0
GEOP_20260402.csv,2025-08-27 21:48:30,0.0
GEOP_20260402.csv,2025-08-27 21:51:30,0.0
GEOP_20260402.csv,2025-08-27 21:54:30,0.0
GEOP_20260402.csv,2025-08-27 21:57:30,0.0
GEOP_20260402.csv,2025-08-27 22:00:30,0.0
GEOP_20260402.csv,2025-08-27 22:03:30,0.0
GEOP_20260402.csv,2025-08-27 22:06:30,0.0
GEOP_20260402.csv,2025-08-27 22:09:30,0.0
GEOP_20260402.csv,2025-08-27 22:12:30,0.0
GEOP_20260402.csv,2025-08-27 22:15:30,0.0
GEOP_20260402.csv,2025-08-27 22:18:30,0.0
GEOP_20260402.csv,2025-08-27 22:21:30,0.0
GEOP_20260402.csv,2025-08-27 22:24:30,0.0
GEOP_20260402.csv,2025-08-27 22:27:30,0.0
GEOP_20260402.csv,2025-08-27 22:30:30,0.0
GEOP_20260402.csv,2025-08-27 22:33:30,0.0
GEOP_20260402.csv,2025-08-27 22:36:30,0.0
GEOP_20260402.csv,2025-08-27 22:39:30,0.0
GEOP_20260402.csv,2025-08-27 22:42:30,0.0
GEOP_20260402.csv,2025-08-27 22:45:30,0.0
GEOP_20260402.csv,2025-08-27 22:48:30,0.0
GEOP_20260402.csv,2025-08-27 22:54:30,0.0
GEOP_20260402.csv,2025-08-27 22:57:30,0.0
GEOP_20260402.csv,2025-08-27 23:00:30,0.0
GEOP_20260402.csv,2025-08-27 23:03:30,0.0
GEOP_20260402.csv,2025-08-27 23:06:30,0.0
GEOP_20260402.csv,2025-08-27 23:09:30,0.0
GEOP_20260402.csv,2025-08-27 23:12:30,0.0
GEOP_20260402.csv,2025-08-27 23:15:30,0.0
GEOP_20260402.csv,2025-08-27 23:18:30,0.0
GEOP_20260402.csv,2025-08-27 23:21:30,0.0
GEOP_20260402.csv,2025-08-27 23:24:30,0.0
GEOP_20260402.csv,2025-08-27 23:27:30,0.0
GEOP_20260402.csv,2025-08-27 23:30:30,0.0
GEOP_20260402.csv,2025-08-27 23:33:30,0.02
GEOP_20260402.csv,2025-08-27 23:36:30,0.01
GEOP_20260402.csv,2025-08-27 23:39:30,0.01
GEOP_20260402.csv,2025-08-27 23:42:30,0.04
GEOP_20260402.csv,2025-08-27 23:45:30,0.01
GEOP_20260402.csv,2025-08-27 23:48:30,0.01
GEOP_20260402.csv,2025-08-27 23:51:30,0.0
GEOP_20260402.csv,2025-08-27 23:54:30,0.01
GEOP_20260402.csv,2025-08-27 23:57:30,0.0
GEOP_20260402.csv,2025-08-28 00:00:30,0.0
GEOP_20260402.csv,2025-08-28 00:03:30,0.09
GEOP_20260402.csv,2025-08-28 00:06:30,0.36
GEOP_20260402.csv,2025-08-28 00:09:30,0.07
GEOP_20260402.csv,2025-08-28 00:12:30,0.03
GEOP_20260402.csv,2025-08-28 00:15:30,0.01
GEOP_20260402.csv,2025-08-28 00:18:30,0.01
GEOP_20260402.csv,2025-08-28 00:21:30,0.0
GEOP_20260402.csv,2025-08-28 00:24:30,0.07
GEOP_20260402.csv,2025-08-28 00:27:30,0.02
GEOP_20260402.csv,2025-08-28 00:30:30,0.01
GEOP_20260402.csv,2025-08-28 00:33:30,0.01
GEOP_20260402.csv,2025-08-28 00:36:30,0.0
GEOP_20260402.csv,2025-08-28 00:39:30,0.01
GEOP_20260402.csv,2025-08-28 00:42:30,0.0
GEOP_20260402.csv,2025-08-28 00:45:30,0.01
GEOP_20260402.csv,2025-08-28 00:48:30,0.0
GEOP_20260402.csv,2025-08-28 00:51:30,0.01
GEOP_20260402.csv,2025-08-28 00:54:30,0.01
GEOP_20260402.csv,2025-08-28 00:57:30,0.1
GEOP_20260402.csv,2025-08-28 01:00:30,0.07
GEOP_20260402.csv,2025-08-28 01:03:30,0.16
GEOP_20260402.csv,2025-08-28 01:06:30,0.06
GEOP_20260402.csv,2025-08-28 01:09:30,0.03
GEOP_20260402.csv,2025-08-28 01:12:30,0.02
GEOP_20260402.csv,2025-08-28 01:15:30,0.01
GEOP_20260402.csv,2025-08-28 01:18:30,0.01
GEOP_20260402.csv,2025-08-28 01:21:30,0.01
GEOP_20260402.csv,2025-08-28 01:24:30,0.07
GEOP_20260402.csv,2025-08-28 01:27:30,0.41000000000000003
GEOP_20260402.csv,2025-08-28 01:30:30,0.04
GEOP_20260402.csv,2025-08-28 01:33:30,0.02
GEOP_20260402.csv,2025-08-28 01:36:30,0.08
GEOP_20260402.csv,2025-08-28 01:39:30,0.28
GEOP_20260402.csv,2025-08-28 01:42:30,0.15
GEOP_20260402.csv,2025-08-28 01:45:30,0.1
GEOP_20260402.csv,2025-08-28 01:48:30,0.47000000000000003
GEOP_20260402.csv,2025-08-28 01:51:30,0.54
GEOP_20260402.csv,2025-08-28 01:54:30,0.26
GEOP_20260402.csv,2025-08-28 01:57:30,0.32
GEOP_20260402.csv,2025-08-28 02:00:30,0.39
GEOP_20260402.csv,2025-08-28 02:03:30,0.41000000000000003
GEOP_20260402.csv,2025-08-28 02:06:30,0.42
GEOP_20260402.csv,2025-08-28 02:09:30,0.33
GEOP_20260402.csv,2025-08-28 02:12:30,0.48
GEOP_20260402.csv,2025-08-28 02:15:30,0.2
GEOP_20260402.csv,2025-08-28 02:18:30,0.21
GEOP_20260402.csv,2025-08-28 02:21:30,0.18
GEOP_20260402.csv,2025-08-28 02:24:30,0.08
GEOP_20260402.csv,2025-08-28 02:27:30,0.32
GEOP_20260402.csv,2025-08-28 02:30:30,0.31
GEOP_20260402.csv,2025-08-28 02:33:30,0.45
GEOP_20260402.csv,2025-08-28 02:36:30,0.3
GEOP_20260402.csv,2025-08-28 02:39:30,0.05
GEOP_20260402.csv,2025-08-28 02:42:30,0.06
GEOP_20260402.csv,2025-08-28 02:45:30,0.07
GEOP_20260402.csv,2025-08-28 02:48:30,0.04
GEOP_20260402.csv,2025-08-28 02:51:30,0.16
GEOP_20260402.csv,2025-08-28 02:54:30,0.23
GEOP_20260402.csv,2025-08-28 02:57:30,0.16
GEOP_20260402.csv,2025-08-28 03:00:30,0.19
GEOP_20260402.csv,2025-08-28 03:03:30,0.18
GEOP_20260402.csv,2025-08-28 03:06:30,0.21
GEOP_20260402.csv,2025-08-28 03:09:30,0.3
GEOP_20260402.csv,2025-08-28 03:12:30,0.44
GEOP_20260402.csv,2025-08-28 03:15:30,0.28
GEOP_20260402.csv,2025-08-28 03:18:30,0.31
GEOP_20260402.csv,2025-08-28 03:21:30,0.36
GEOP_20260402.csv,2025-08-28 03:24:30,0.22
GEOP_20260402.csv,2025-08-28 03:27:30,0.18
GEOP_20260402.csv,2025-08-28 03:30:30,0.13
GEOP_20260402.csv,2025-08-28 03:33:30,0.25
GEOP_20260402.csv,2025-08-28 03:36:30,0.24
GEOP_20260402.csv,2025-08-28 03:39:30,0.16
GEOP_20260402.csv,2025-08-28 03:42:30,0.19
GEOP_20260402.csv,2025-08-28 03:45:30,0.29
GEOP_20260402.csv,2025-08-28 03:48:30,0.26
GEOP_20260402.csv,2025-08-28 03:51:30,0.15
GEOP_20260402.csv,2025-08-28 03:54:30,0.15
GEOP_20260402.csv,2025-08-28 03:57:30,0.16
GEOP_20260402.csv,2025-08-28 04:00:30,0.24
GEOP_20260402.csv,2025-08-28 04:03:30,0.22
GEOP_20260402.csv,2025-08-28 04:06:30,0.24
GEOP_20260402.csv,2025-08-28 04:09:30,0.27
GEOP_20260402.csv,2025-08-28 04:12:30,0.22
GEOP_20260402.csv,2025-08-28 04:15:30,0.24
GEOP_20260402.csv,2025-08-28 04:18:30,0.24
GEOP_20260402.csv,2025-08-28 04:21:30,0.17
GEOP_20260402.csv,2025-08-28 04:24:30,0.15
GEOP_20260402.csv,2025-08-28 04:27:30,0.12
GEOP_20260402.csv,2025-08-28 04:30:30,0.08
GEOP_20260402.csv,2025-08-28 04:33:30,0.11
GEOP_20260402.csv,2025-08-28 04:36:30,0.14
GEOP_20260402.csv,2025-08-28 04:39:30,0.28
GEOP_20260402.csv,2025-08-28 04:42:30,0.18
GEOP_20260402.csv,2025-08-28 04:45:30,0.08
GEOP_20260402.csv,2025-08-28 04:48:30,0.08
GEOP_20260402.csv,2025-08-28 04:51:30,0.12
GEOP_20260402.csv,2025-08-28 04:54:30,0.13
GEOP_20260402.csv,2025-08-28 04:57:30,0.13
GEOP_20260402.csv,2025-08-28 05:00:30,0.14
GEOP_20260402.csv,2025-08-28 05:03:30,0.15
GEOP_20260402.csv,2025-08-28 05:06:30,0.12
GEOP_20260402.csv,2025-08-28 05:09:30,0.09
GEOP_20260402.csv,2025-08-28 05:12:30,0.18
GEOP_20260402.csv,2025-08-28 05:15:30,0.35000000000000003
GEOP_20260402.csv,2025-08-28 05:18:30,0.32
GEOP_20260402.csv,2025-08-28 05:21:30,0.34
GEOP_20260402.csv,2025-08-28 05:24:29,0.29
GEOP_20260402.csv,2025-08-28 05:27:29,0.25
GEOP_20260402.csv,2025-08-28 05:30:30,0.13
GEOP_20260402.csv,2025-08-28 05:33:29,0.09
GEOP_20260402.csv,2025-08-28 05:36:29,0.04
GEOP_20260402.csv,2025-08-28 05:39:29,0.06
GEOP_20260402.csv,2025-08-28 05:42:29,0.05
GEOP_20260402.csv,2025-08-28 05:45:30,0.03
GEOP_20260402.csv,2025-08-28 05:48:29,0.23
GEOP_20260402.csv,2025-08-28 05:51:29,0.64
GEOP_20260402.csv,2025-08-28 05:54:29,0.39
GEOP_20260402.csv,2025-08-28 05:57:29,0.27
GEOP_20260402.csv,2025-08-28 06:00:29,0.28
GEOP_20260402.csv,2025-08-28 06:03:29,0.25
GEOP_20260402.csv,2025-08-28 06:06:29,0.29
GEOP_20260402.csv,2025-08-28 06:09:29,0.13
GEOP_20260402.csv,2025-08-28 06:12:29,0.15
GEOP_20260402.csv,2025-08-28 06:15:29,0.43
GEOP_20260402.csv,2025-08-28 06:18:29,0.36
GEOP_20260402.csv,2025-08-28 06:21:29,0.35000000000000003
GEOP_20260402.csv,2025-08-28 06:24:29,0.3
GEOP_20260402.csv,2025-08-28 06:27:29,0.27
GEOP_20260402.csv,2025-08-28 06:30:29,0.36
GEOP_20260402.csv,2025-08-28 06:33:29,0.48
GEOP_20260402.csv,2025-08-28 06:36:29,0.39
GEOP_20260402.csv,2025-08-28 06:39:29,0.46
GEOP_20260402.csv,2025-08-28 06:42:29,0.31
GEOP_20260402.csv,2025-08-28 06:45:29,0.23
GEOP_20260402.csv,2025-08-28 06:48:29,0.26
GEOP_20260402.csv,2025-08-28 06:51:29,0.22
GEOP_20260402.csv,2025-08-28 06:54:29,0.38
GEOP_20260402.csv,2025-08-28 06:57:29,0.31
GEOP_20260402.csv,2025-08-28 07:00:29,0.39
GEOP_20260402.csv,2025-08-28 07:03:29,0.37
GEOP_20260402.csv,2025-08-28 07:06:29,0.35000000000000003
GEOP_20260402.csv,2025-08-28 07:09:29,0.39
GEOP_20260402.csv,2025-08-28 07:12:29,0.24
GEOP_20260402.csv,2025-08-28 07:15:29,0.12
GEOP_20260402.csv,2025-08-28 07:18:29,0.06
GEOP_20260402.csv,2025-08-28 07:21:29,0.04
GEOP_20260402.csv,2025-08-28 07:24:29,0.04
GEOP_20260402.csv,2025-08-28 07:27:29,0.03
GEOP_20260402.csv,2025-08-28 07:30:29,0.04
GEOP_20260402.csv,2025-08-28 07:33:29,0.05
GEOP_20260402.csv,2025-08-28 07:36:29,0.03
GEOP_20260402.csv,2025-08-28 07:39:29,0.02
GEOP_20260402.csv,2025-08-28 07:42:29,0.02
GEOP_20260402.csv,2025-08-28 07:45:29,0.01
GEOP_20260402.csv,2025-08-28 07:48:29,0.0
GEOP_20260402.csv,2025-08-28 07:51:29,0.01
GEOP_20260402.csv,2025-08-28 07:54:29,0.0
GEOP_20260402.csv,2025-08-28 07:57:29,0.01
GEOP_20260402.csv,2025-08-28 08:00:29,0.0
GEOP_20260402.csv,2025-08-28 08:03:29,0.0
GEOP_20260402.csv,2025-08-28 08:06:29,0.01
GEOP_20260402.csv,2025-08-28 08:09:29,0.0
GEOP_20260402.csv,2025-08-28 08:12:29,0.0
GEOP_20260402.csv,2025-08-28 08:15:29,0.0
GEOP_20260402.csv,2025-08-28 08:18:29,0.0
GEOP_20260402.csv,2025-08-28 08:21:29,0.01
GEOP_20260402.csv,2025-08-28 08:24:29,0.0
GEOP_20260402.csv,2025-08-28 08:27:29,0.0
GEOP_20260402.csv,2025-08-28 08:30:29,0.0
GEOP_20260402.csv,2025-08-28 08:33:29,0.0
GEOP_20260402.csv,2025-08-28 08:36:29,0.0
GEOP_20260402.csv,2025-08-28 08:39:29,0.0
GEOP_20260402.csv,2025-08-28 08:42:29,0.0
GEOP_20260402.csv,2025-08-28 08:45:29,0.0
GEOP_20260402.csv,2025-08-28 08:48:29,0.0
GEOP_20260402.csv,2025-08-28 08:51:29,0.0
GEOP_20260402.csv,2025-08-28 08:54:29,0.0
GEOP_20260402.csv,2025-08-28 08:57:29,0.0
GEOP_20260402.csv,2025-08-28 09:00:29,0.0
GEOP_20260402.csv,2025-08-28 09:03:29,0.0
GEOP_20260402.csv,2025-08-28 09:06:29,0.0
GEOP_20260402.csv,2025-08-28 09:09:29,0.0
GEOP_20260402.csv,2025-08-28 09:12:29,0.13
GEOP_20260402.csv,2025-08-28 09:15:29,0.2
GEOP_20260402.csv,2025-08-28 09:18:29,0.16
GEOP_20260402.csv,2025-08-28 09:21:29,0.19
GEOP_20260402.csv,2025-08-28 09:24:30,0.21
GEOP_20260402.csv,2025-08-28 09:27:29,0.14
GEOP_20260402.csv,2025-08-28 09:30:29,0.06
GEOP_20260402.csv,2025-08-28 09:33:29,0.03
GEOP_20260402.csv,2025-08-28 09:36:29,0.03
GEOP_20260402.csv,2025-08-28 09:39:29,0.01
GEOP_20260402.csv,2025-08-28 09:42:29,0.01
GEOP_20260402.csv,2025-08-28 09:45:29,0.01
GEOP_20260402.csv,2025-08-28 09:48:29,0.0
GEOP_20260402.csv,2025-08-28 09:51:29,0.01
GEOP_20260402.csv,2025-08-28 09:54:29,0.01
GEOP_20260402.csv,2025-08-28 09:57:29,0.01
GEOP_20260402.csv,2025-08-28 10:00:29,0.0
GEOP_20260402.csv,2025-08-28 10:03:29,0.0
GEOP_20260402.csv,2025-08-28 10:06:29,0.01
GEOP_20260402.csv,2025-08-28 10:09:29,0.0
GEOP_20260402.csv,2025-08-28 10:12:29,0.0
GEOP_20260402.csv,2025-08-28 10:15:29,0.01
GEOP_20260402.csv,2025-08-28 10:18:29,0.0
GEOP_20260402.csv,2025-08-28 10:21:29,0.0
GEOP_20260402.csv,2025-08-28 10:24:29,0.0
GEOP_20260402.csv,2025-08-28 10:27:29,0.0
GEOP_20260402.csv,2025-08-28 10:30:29,0.0
GEOP_20260402.csv,2025-08-28 10:33:29,0.0
GEOP_20260402.csv,2025-08-28 10:36:29,0.0
GEOP_20260402.csv,2025-08-28 10:39:29,0.0
GEOP_20260402.csv,2025-08-28 10:42:29,0.01
GEOP_20260402.csv,2025-08-28 10:45:29,0.0
GEOP_20260402.csv,2025-08-28 10:48:29,0.0
GEOP_20260402.csv,2025-08-28 10:51:29,0.0
GEOP_20260402.csv,2025-08-28 10:54:29,0.0
GEOP_20260402.csv,2025-08-28 10:57:29,0.0
GEOP_20260402.csv,2025-08-28 11:00:29,0.0
GEOP_20260402.csv,2025-08-28 11:03:29,0.0
GEOP_20260402.csv,2025-08-28 11:06:29,0.0
GEOP_20260402.csv,2025-08-28 11:09:29,0.0
GEOP_20260402.csv,2025-08-28 11:12:29,0.0
GEOP_20260402.csv,2025-08-28 11:15:29,0.0
GEOP_20260402.csv,2025-08-28 11:18:29,0.0
GEOP_20260402.csv,2025-08-28 11:21:29,0.0
GEOP_20260402.csv,2025-08-28 11:24:29,0.0
GEOP_20260402.csv,2025-08-28 11:27:29,0.0
GEOP_20260402.csv,2025-08-28 11:30:29,0.0
GEOP_20260402.csv,2025-08-28 11:33:29,0.0
GEOP_20260402.csv,2025-08-28 11:36:29,0.0
GEOP_20260402.csv,2025-08-28 11:39:29,0.0
GEOP_20260402.csv,2025-08-28 11:42:29,0.0
GEOP_20260402.csv,2025-08-28 11:45:29,0.0
GEOP_20260402.csv,2025-08-28 11:48:29,0.0
GEOP_20260402.csv,2025-08-28 11:51:29,0.0
GEOP_20260402.csv,2025-08-28 11:54:29,0.0
GEOP_20260402.csv,2025-08-28 11:57:29,0.0
GEOP_20260402.csv,2025-08-28 12:00:29,0.0
GEOP_20260402.csv,2025-08-28 12:03:29,0.0
GEOP_20260402.csv,2025-08-28 12:06:29,0.0
GEOP_20260402.csv,2025-08-28 12:09:29,0.0
GEOP_20260402.csv,2025-08-28 12:12:29,0.0
GEOP_20260402.csv,2025-08-28 12:15:29,0.0
GEOP_20260402.csv,2025-08-28 12:18:29,0.0
GEOP_20260402.csv,2025-08-28 12:21:29,0.0
GEOP_20260402.csv,2025-08-28 12:24:29,0.0
GEOP_20260402.csv,2025-08-28 12:27:29,0.0
GEOP_20260402.csv,2025-08-28 12:30:29,0.0
GEOP_20260402.csv,2025-08-28 12:33:29,0.0
GEOP_20260402.csv,2025-08-28 12:36:29,0.0
GEOP_20260402.csv,2025-08-28 12:39:29,0.0
GEOP_20260402.csv,2025-08-28 12:42:29,0.0
GEOP_20260402.csv,2025-08-28 12:45:29,0.0
GEOP_20260402.csv,2025-08-28 12:48:29,0.0
GEOP_20260402.csv,2025-08-28 12:51:29,0.0
GEOP_20260402.csv,2025-08-28 12:54:29,0.0
GEOP_20260402.csv,2025-08-28 12:57:29,0.0
GEOP_20260402.csv,2025-08-28 13:00:29,0.0
GEOP_20260402.csv,2025-08-28 13:03:29,0.0
GEOP_20260402.csv,2025-08-28 13:06:29,0.0
GEOP_20260402.csv,2025-08-28 13:09:29,0.0
GEOP_20260402.csv,2025-08-28 13:12:29,0.0
GEOP_20260402.csv,2025-08-28 13:15:29,0.0
GEOP_20260402.csv,2025-08-28 13:18:29,0.0
GEOP_20260402.csv,2025-08-28 13:21:29,0.0
GEOP_20260402.csv,2025-08-28 13:24:29,0.0
GEOP_20260402.csv,2025-08-28 13:27:29,0.0
GEOP_20260402.csv,2025-08-28 13:30:29,0.0
GEOP_20260402.csv,2025-08-28 13:33:29,0.0
GEOP_20260402.csv,2025-08-28 13:36:29,0.0
GEOP_20260402.csv,2025-08-28 13:39:29,0.0
GEOP_20260402.csv,2025-08-28 13:42:29,0.0
GEOP_20260402.csv,2025-08-28 13:45:29,0.0
GEOP_20260402.csv,2025-08-28 13:48:29,0.0
GEOP_20260402.csv,2025-08-28 13:51:29,0.0
GEOP_20260402.csv,2025-08-28 13:54:29,0.0
GEOP_20260402.csv,2025-08-28 13:57:29,0.0
GEOP_20260402.csv,2025-08-28 14:00:29,0.0
GEOP_20260402.csv,2025-08-28 14:03:29,0.0
GEOP_20260402.csv,2025-08-28 14:06:29,0.0
GEOP_20260402.csv,2025-08-28 14:09:29,0.0
GEOP_20260402.csv,2025-08-28 14:12:29,0.0
GEOP_20260402.csv,2025-08-28 14:15:29,0.0
GEOP_20260402.csv,2025-08-28 14:18:29,0.0
GEOP_20260402.csv,2025-08-28 14:21:29,0.0
GEOP_20260402.csv,2025-08-28 14:24:29,0.0
GEOP_20260402.csv,2025-08-28 14:27:29,0.0
GEOP_20260402.csv,2025-08-28 14:30:29,0.0
GEOP_20260402.csv,2025-08-28 14:33:29,0.0
GEOP_20260402.csv,2025-08-28 14:36:29,0.0
GEOP_20260402.csv,2025-08-28 14:39:29,0.0
GEOP_20260402.csv,2025-08-28 14:42:29,0.0
GEOP_20260402.csv,2025-08-28 14:45:29,0.0
GEOP_20260402.csv,2025-08-28 14:48:29,0.0
GEOP_20260402.csv,2025-08-28 14:51:29,0.0
GEOP_20260402.csv,2025-08-28 14:54:29,0.0
GEOP_20260402.csv,2025-08-28 14:57:29,0.01
GEOP_20260402.csv,2025-08-28 15:00:29,0.0
GEOP_20260402.csv,2025-08-28 15:03:29,0.0
GEOP_20260402.csv,2025-08-28 15:06:29,0.0
GEOP_20260402.csv,2025-08-28 15:09:29,0.0
GEOP_20260402.csv,2025-08-28 15:12:29,0.0
GEOP_20260402.csv,2025-08-28 15:15:29,0.0
GEOP_20260402.csv,2025-08-28 15:18:29,0.0
GEOP_20260402.csv,2025-08-28 15:21:29,0.0
GEOP_20260402.csv,2025-08-28 15:24:29,0.0
GEOP_20260402.csv,2025-08-28 15:27:29,0.0
GEOP_20260402.csv,2025-08-28 15:30:29,0.0
GEOP_20260402.csv,2025-08-28 15:33:29,0.0
GEOP_20260402.csv,2025-08-28 15:36:29,0.0
GEOP_20260402.csv,2025-08-28 15:39:29,0.0
GEOP_20260402.csv,2025-08-28 15:42:29,0.0
GEOP_20260402.csv,2025-08-28 15:45:29,0.0
GEOP_20260402.csv,2025-08-28 15:48:29,0.0
GEOP_20260402.csv,2025-08-28 15:51:29,0.0
GEOP_20260402.csv,2025-08-28 15:54:29,0.0
GEOP_20260402.csv,2025-08-28 15:57:29,0.0
GEOP_20260402.csv,2025-08-28 16:00:29,0.0
GEOP_20260402.csv,2025-08-28 16:03:29,0.0
GEOP_20260402.csv,2025-08-28 16:06:29,0.0
GEOP_20260402.csv,2025-08-28 16:09:29,0.0
GEOP_20260402.csv,2025-08-28 16:12:29,0.0
GEOP_20260402.csv,2025-08-28 16:15:29,0.0
GEOP_20260402.csv,2025-08-28 16:18:29,0.0
GEOP_20260402.csv,2025-08-28 16:21:29,0.0
GEOP_20260402.csv,2025-08-28 16:24:29,0.0
GEOP_20260402.csv,2025-08-28 16:27:29,0.0
GEOP_20260402.csv,2025-08-28 16:30:29,0.0
GEOP_20260402.csv,2025-08-28 16:33:29,0.0
GEOP_20260402.csv,2025-08-28 16:36:29,0.0
GEOP_20260402.csv,2025-08-28 16:39:29,0.0
GEOP_20260402.csv,2025-08-28 16:42:29,0.0
GEOP_20260402.csv,2025-08-28 16:45:29,0.0
GEOP_20260402.csv,2025-08-28 16:48:28,0.0
GEOP_20260402.csv,2025-08-28 16:51:28,0.0
GEOP_20260402.csv,2025-08-28 16:54:28,0.0
GEOP_20260402.csv,2025-08-28 16:57:28,0.0
GEOP_20260402.csv,2025-08-28 17:00:28,0.0
GEOP_20260402.csv,2025-08-28 17:03:28,0.0
GEOP_20260402.csv,2025-08-28 17:06:28,0.0
GEOP_20260402.csv,2025-08-28 17:09:28,0.0
GEOP_20260402.csv,2025-08-28 17:12:28,0.0
GEOP_20260402.csv,2025-08-28 17:15:28,0.0
GEOP_20260402.csv,2025-08-28 17:18:28,0.0
GEOP_20260402.csv,2025-08-28 17:21:28,0.0
GEOP_20260402.csv,2025-08-28 17:24:28,0.0
GEOP_20260402.csv,2025-08-28 17:27:28,0.0
GEOP_20260402.csv,2025-08-28 17:30:28,0.0
GEOP_20260402.csv,2025-08-28 17:33:28,0.0
GEOP_20260402.csv,2025-08-28 17:36:28,0.0
GEOP_20260402.csv,2025-08-28 17:39:28,0.0
GEOP_20260402.csv,2025-08-28 17:42:28,0.0
GEOP_20260402.csv,2025-08-28 17:45:28,0.0
GEOP_20260402.csv,2025-08-28 17:48:28,0.0
GEOP_20260402.csv,2025-08-28 17:51:28,0.0
GEOP_20260402.csv,2025-08-28 17:54:28,0.0
GEOP_20260402.csv,2025-08-28 17:57:28,0.0
GEOP_20260402.csv,2025-08-28 18:00:28,0.0
GEOP_20260402.csv,2025-08-28 18:03:28,0.0
GEOP_20260402.csv,2025-08-28 18:06:28,0.0
GEOP_20260402.csv,2025-08-28 18:09:28,0.0
GEOP_20260402.csv,2025-08-28 18:12:28,0.0
GEOP_20260402.csv,2025-08-28 18:15:28,0.0
GEOP_20260402.csv,2025-08-28 18:18:28,0.0
GEOP_20260402.csv,2025-08-28 18:21:28,0.0
GEOP_20260402.csv,2025-08-28 18:24:28,0.0
GEOP_20260402.csv,2025-08-28 18:27:28,0.0
GEOP_20260402.csv,2025-08-28 18:30:28,0.0
GEOP_20260402.csv,2025-08-28 18:33:28,0.0
GEOP_20260402.csv,2025-08-28 18:36:28,0.0
GEOP_20260402.csv,2025-08-28 18:39:28,0.0
GEOP_20260402.csv,2025-08-28 18:42:28,0.0
GEOP_20260402.csv,2025-08-28 18:45:28,0.0
GEOP_20260402.csv,2025-08-28 18:48:28,0.0
GEOP_20260402.csv,2025-08-28 18:51:28,0.0
GEOP_20260402.csv,2025-08-28 18:54:28,0.0
GEOP_20260402.csv,2025-08-28 18:57:28,0.0
GEOP_20260402.csv,2025-08-28 19:00:28,0.0
GEOP_20260402.csv,2025-08-28 19:03:28,0.0
GEOP_20260402.csv,2025-08-28 19:06:28,0.0
GEOP_20260402.csv,2025-08-28 19:09:28,0.0
GEOP_20260402.csv,2025-08-28 19:12:28,0.0
GEOP_20260402.csv,2025-08-28 19:15:28,0.0
GEOP_20260402.csv,2025-08-28 19:18:28,0.0
GEOP_20260402.csv,2025-08-28 19:21:28,0.0
GEOP_20260402.csv,2025-08-28 19:24:28,0.0
GEOP_20260402.csv,2025-08-28 19:27:28,0.0
GEOP_20260402.csv,2025-08-28 19:30:28,0.15
GEOP_20260402.csv,2025-08-28 19:33:28,1.18
GEOP_20260402.csv,2025-08-28 19:36:28,0.75
GEOP_20260402.csv,2025-08-28 19:39:28,0.41000000000000003
GEOP_20260402.csv,2025-08-28 19:42:28,0.29
GEOP_20260402.csv,2025-08-28 19:45:28,0.24
GEOP_20260402.csv,2025-08-28 19:48:28,0.65
GEOP_20260402.csv,2025-08-28 19:51:28,0.42
GEOP_20260402.csv,2025-08-28 19:54:28,0.35000000000000003
GEOP_20260402.csv,2025-08-28 19:57:28,0.28
GEOP_20260402.csv,2025-08-28 20:00:28,0.23
GEOP_20260402.csv,2025-08-28 20:03:28,0.21
GEOP_20260402.csv,2025-08-28 20:06:28,0.2
GEOP_20260402.csv,2025-08-28 20:09:28,0.2
GEOP_20260402.csv,2025-08-28 20:12:28,0.21
GEOP_20260402.csv,2025-08-28 20:15:28,0.17
GEOP_20260402.csv,2025-08-28 20:18:28,0.2
GEOP_20260402.csv,2025-08-28 20:21:28,0.19
GEOP_20260402.csv,2025-08-28 20:24:28,0.22
GEOP_20260402.csv,2025-08-28 20:27:28,0.24
GEOP_20260402.csv,2025-08-28 20:30:28,0.27
GEOP_20260402.csv,2025-08-28 20:33:28,0.28
GEOP_20260402.csv,2025-08-28 20:36:28,0.17
GEOP_20260402.csv,2025-08-28 20:39:28,0.14
GEOP_20260402.csv,2025-08-28 20:42:28,0.17
GEOP_20260402.csv,2025-08-28 20:45:28,0.22
GEOP_20260402.csv,2025-08-28 20:48:28,0.15
GEOP_20260402.csv,2025-08-28 20:51:28,0.13
GEOP_20260402.csv,2025-08-28 20:54:28,0.15
GEOP_20260402.csv,2025-08-28 20:57:28,0.18
GEOP_20260402.csv,2025-08-28 21:00:28,0.2
GEOP_20260402.csv,2025-08-28 21:03:28,0.22
GEOP_20260402.csv,2025-08-28 21:06:28,0.25
GEOP_20260402.csv,2025-08-28 21:09:28,0.24
GEOP_20260402.csv,2025-08-28 21:12:28,0.3
GEOP_20260402.csv,2025-08-28 21:15:28,0.33
GEOP_20260402.csv,2025-08-28 21:18:28,0.32
GEOP_20260402.csv,2025-08-28 21:21:28,0.4
GEOP_20260402.csv,2025-08-28 21:24:28,0.35000000000000003
GEOP_20260402.csv,2025-08-28 21:27:28,0.38
GEOP_20260402.csv,2025-08-28 21:30:28,0.37
GEOP_20260402.csv,2025-08-28 21:33:28,0.28
GEOP_20260402.csv,2025-08-28 21:36:28,0.28
GEOP_20260402.csv,2025-08-28 21:39:28,0.28
GEOP_20260402.csv,2025-08-28 21:42:28,0.31
GEOP_20260402.csv,2025-08-28 21:45:28,0.24
GEOP_20260402.csv,2025-08-28 21:48:28,0.41000000000000003
GEOP_20260402.csv,2025-08-28 21:51:28,0.5
GEOP_20260402.csv,2025-08-28 21:54:28,0.38
GEOP_20260402.csv,2025-08-28 21:57:28,0.33
GEOP_20260402.csv,2025-08-28 22:00:28,0.39
GEOP_20260402.csv,2025-08-28 22:03:28,0.43
GEOP_20260402.csv,2025-08-28 22:06:28,0.41000000000000003
GEOP_20260402.csv,2025-08-28 22:09:28,0.22
GEOP_20260402.csv,2025-08-28 22:12:28,0.07
GEOP_20260402.csv,2025-08-28 22:15:28,0.04
GEOP_20260402.csv,2025-08-28 22:18:28,0.02
GEOP_20260402.csv,2025-08-28 22:21:28,0.02
GEOP_20260402.csv,2025-08-28 22:24:28,0.03
GEOP_20260402.csv,2025-08-28 22:27:28,0.11
GEOP_20260402.csv,2025-08-28 22:30:28,0.09
GEOP_20260402.csv,2025-08-28 22:33:28,0.07
GEOP_20260402.csv,2025-08-28 22:36:28,0.05
GEOP_20260402.csv,2025-08-28 22:39:28,0.06
GEOP_20260402.csv,2025-08-28 22:42:28,0.07
GEOP_20260402.csv,2025-08-28 22:45:28,0.07
GEOP_20260402.csv,2025-08-28 22:48:28,0.06
GEOP_20260402.csv,2025-08-28 22:51:28,0.04
GEOP_20260402.csv,2025-08-28 22:54:28,0.03
GEOP_20260402.csv,2025-08-28 22:57:28,0.01
GEOP_20260402.csv,2025-08-28 23:00:28,0.02
GEOP_20260402.csv,2025-08-28 23:03:28,0.01
GEOP_20260402.csv,2025-08-28 23:06:28,0.01
GEOP_20260402.csv,2025-08-28 23:09:28,0.02
GEOP_20260402.csv,2025-08-28 23:12:28,0.01
GEOP_20260402.csv,2025-08-28 23:15:28,0.01
GEOP_20260402.csv,2025-08-28 23:18:28,0.01
GEOP_20260402.csv,2025-08-28 23:21:28,0.01
GEOP_20260402.csv,2025-08-28 23:24:28,0.0
GEOP_20260402.csv,2025-08-28 23:27:28,0.01
GEOP_20260402.csv,2025-08-28 23:30:28,0.0
GEOP_20260402.csv,2025-08-28 23:33:28,0.01
GEOP_20260402.csv,2025-08-28 23:36:28,0.0
GEOP_20260402.csv,2025-08-28 23:39:28,0.01
GEOP_20260402.csv,2025-08-28 23:42:28,0.03
GEOP_20260402.csv,2025-08-28 23:45:28,0.01
GEOP_20260402.csv,2025-08-28 23:48:28,0.01
GEOP_20260402.csv,2025-08-28 23:51:28,0.01
GEOP_20260402.csv,2025-08-28 23:54:28,0.0
GEOP_20260402.csv,2025-08-28 23:57:28,0.01
GEOP_20260402.csv,2025-08-29 00:00:28,0.0
GEOP_20260402.csv,2025-08-29 00:03:28,0.0
GEOP_20260402.csv,2025-08-29 00:06:28,0.0
GEOP_20260402.csv,2025-08-29 00:09:28,0.01
GEOP_20260402.csv,2025-08-29 00:12:28,0.0
GEOP_20260402.csv,2025-08-29 00:15:28,0.0
GEOP_20260402.csv,2025-08-29 00:18:28,0.0
GEOP_20260402.csv,2025-08-29 00:21:28,0.0
GEOP_20260402.csv,2025-08-29 00:24:28,0.0
GEOP_20260402.csv,2025-08-29 00:27:28,0.0
GEOP_20260402.csv,2025-08-29 00:30:28,0.0
GEOP_20260402.csv,2025-08-29 00:33:28,0.0
GEOP_20260402.csv,2025-08-29 00:36:28,0.01
GEOP_20260402.csv,2025-08-29 00:39:28,0.0
GEOP_20260402.csv,2025-08-29 00:42:28,0.0
GEOP_20260402.csv,2025-08-29 00:45:28,0.0
GEOP_20260402.csv,2025-08-29 00:48:28,0.0
GEOP_20260402.csv,2025-08-29 00:51:28,0.0
GEOP_20260402.csv,2025-08-29 00:54:28,0.0
GEOP_20260402.csv,2025-08-29 00:57:28,0.0
GEOP_20260402.csv,2025-08-29 01:00:28,0.0
GEOP_20260402.csv,2025-08-29 01:03:28,0.0
GEOP_20260402.csv,2025-08-29 01:06:28,0.0
GEOP_20260402.csv,2025-08-29 01:09:28,0.0
GEOP_20260402.csv,2025-08-29 01:12:28,0.0
GEOP_20260402.csv,2025-08-29 01:15:28,0.0
GEOP_20260402.csv,2025-08-29 01:18:28,0.0
GEOP_20260402.csv,2025-08-29 01:21:28,0.0
GEOP_20260402.csv,2025-08-29 01:24:28,0.0
GEOP_20260402.csv,2025-08-29 01:27:28,0.0
GEOP_20260402.csv,2025-08-29 01:30:28,0.0
GEOP_20260402.csv,2025-08-29 01:33:28,0.0
GEOP_20260402.csv,2025-08-29 01:36:28,0.0
GEOP_20260402.csv,2025-08-29 01:39:28,0.0
GEOP_20260402.csv,2025-08-29 01:42:28,0.0
GEOP_20260402.csv,2025-08-29 01:45:28,0.0
GEOP_20260402.csv,2025-08-29 01:48:28,0.0
GEOP_20260402.csv,2025-08-29 01:51:28,0.0
GEOP_20260402.csv,2025-08-29 01:54:28,0.0
GEOP_20260402.csv,2025-08-29 01:57:28,0.0
GEOP_20260402.csv,2025-08-29 02:00:28,0.0
GEOP_20260402.csv,2025-08-29 02:03:28,0.0
GEOP_20260402.csv,2025-08-29 02:06:28,0.0
GEOP_20260402.csv,2025-08-29 02:09:28,0.0
GEOP_20260402.csv,2025-08-29 02:12:28,0.0
GEOP_20260402.csv,2025-08-29 02:15:28,0.0
GEOP_20260402.csv,2025-08-29 02:18:28,0.0
GEOP_20260402.csv,2025-08-29 02:21:28,0.0
GEOP_20260402.csv,2025-08-29 02:24:28,0.0
GEOP_20260402.csv,2025-08-29 02:27:27,0.0
GEOP_20260402.csv,2025-08-29 02:30:28,0.0
GEOP_20260402.csv,2025-08-29 02:33:28,0.0
GEOP_20260402.csv,2025-08-29 02:36:27,0.0
GEOP_20260402.csv,2025-08-29 02:39:27,0.0
GEOP_20260402.csv,2025-08-29 02:42:27,0.0
GEOP_20260402.csv,2025-08-29 02:45:27,0.0
GEOP_20260402.csv,2025-08-29 02:48:27,0.0
GEOP_20260402.csv,2025-08-29 02:51:27,0.0
GEOP_20260402.csv,2025-08-29 02:54:27,0.0
GEOP_20260402.csv,2025-08-29 02:57:27,0.0
GEOP_20260402.csv,2025-08-29 03:00:27,0.0
GEOP_20260402.csv,2025-08-29 03:03:27,0.0
GEOP_20260402.csv,2025-08-29 03:06:27,0.0
GEOP_20260402.csv,2025-08-29 03:09:27,0.0
GEOP_20260402.csv,2025-08-29 03:12:27,0.0
GEOP_20260402.csv,2025-08-29 03:15:27,0.0
GEOP_20260402.csv,2025-08-29 03:18:27,0.0
GEOP_20260402.csv,2025-08-29 03:21:27,0.0
GEOP_20260402.csv,2025-08-29 03:24:27,0.0
GEOP_20260402.csv,2025-08-29 03:27:27,0.0
GEOP_20260402.csv,2025-08-29 03:30:27,0.0
GEOP_20260402.csv,2025-08-29 03:33:27,0.0
GEOP_20260402.csv,2025-08-29 03:36:27,0.0
GEOP_20260402.csv,2025-08-29 03:39:27,0.0
GEOP_20260402.csv,2025-08-29 03:42:27,0.0
GEOP_20260402.csv,2025-08-29 03:45:27,0.0
GEOP_20260402.csv,2025-08-29 03:48:27,0.0
GEOP_20260402.csv,2025-08-29 03:51:27,0.0
GEOP_20260402.csv,2025-08-29 03:54:27,0.0
GEOP_20260402.csv,2025-08-29 03:57:27,0.0
GEOP_20260402.csv,2025-08-29 04:00:27,0.0
GEOP_20260402.csv,2025-08-29 04:03:27,0.0
GEOP_20260402.csv,2025-08-29 04:06:27,0.0
GEOP_20260402.csv,2025-08-29 04:09:27,0.0
GEOP_20260402.csv,2025-08-29 04:12:27,0.0
GEOP_20260402.csv,2025-08-29 04:15:27,0.0
GEOP_20260402.csv,2025-08-29 04:18:27,0.0
GEOP_20260402.csv,2025-08-29 04:21:27,0.0
GEOP_20260402.csv,2025-08-29 04:24:27,0.0
GEOP_20260402.csv,2025-08-29 04:27:27,0.0
GEOP_20260402.csv,2025-08-29 04:30:27,0.0
GEOP_20260402.csv,2025-08-29 04:33:27,0.0
GEOP_20260402.csv,2025-08-29 04:36:27,0.0
GEOP_20260402.csv,2025-08-29 04:39:27,0.0
GEOP_20260402.csv,2025-08-29 04:42:27,0.0
GEOP_20260402.csv,2025-08-29 04:45:27,0.0
GEOP_20260402.csv,2025-08-29 04:48:27,0.0
GEOP_20260402.csv,2025-08-29 04:51:27,0.0
GEOP_20260402.csv,2025-08-29 04:54:27,0.0
GEOP_20260402.csv,2025-08-29 04:57:27,0.0
GEOP_20260402.csv,2025-08-29 05:00:27,0.0
GEOP_20260402.csv,2025-08-29 05:03:27,0.0
GEOP_20260402.csv,2025-08-29 05:06:27,0.0
GEOP_20260402.csv,2025-08-29 05:09:27,0.0
GEOP_20260402.csv,2025-08-29 05:12:27,0.0
GEOP_20260402.csv,2025-08-29 05:15:27,0.0
GEOP_20260402.csv,2025-08-29 05:18:27,0.0
GEOP_20260402.csv,2025-08-29 05:21:27,0.0
GEOP_20260402.csv,2025-08-29 05:24:27,0.0
GEOP_20260402.csv,2025-08-29 05:27:27,0.0
GEOP_20260402.csv,2025-08-29 05:30:27,0.0
GEOP_20260402.csv,2025-08-29 05:33:27,0.0
GEOP_20260402.csv,2025-08-29 05:36:27,0.0
GEOP_20260402.csv,2025-08-29 05:39:27,0.0
GEOP_20260402.csv,2025-08-29 05:42:27,0.0
GEOP_20260402.csv,2025-08-29 05:45:27,0.0
GEOP_20260402.csv,2025-08-29 05:48:27,0.0
GEOP_20260402.csv,2025-08-29 05:51:27,0.0
GEOP_20260402.csv,2025-08-29 05:54:27,0.0
GEOP_20260402.csv,2025-08-29 05:57:27,0.0
GEOP_20260402.csv,2025-08-29 06:00:27,0.0
GEOP_20260402.csv,2025-08-29 06:03:27,0.0
GEOP_20260402.csv,2025-08-29 06:06:27,0.0
GEOP_20260402.csv,2025-08-29 06:09:27,0.0
GEOP_20260402.csv,2025-08-29 06:12:27,0.0
GEOP_20260402.csv,2025-08-29 06:15:27,0.0
GEOP_20260402.csv,2025-08-29 06:18:27,0.0
GEOP_20260402.csv,2025-08-29 06:21:27,0.0
GEOP_20260402.csv,2025-08-29 06:24:27,0.0
GEOP_20260402.csv,2025-08-29 06:27:27,0.0
GEOP_20260402.csv,2025-08-29 06:30:27,0.0
GEOP_20260402.csv,2025-08-29 06:33:27,0.0
GEOP_20260402.csv,2025-08-29 06:36:27,0.0
GEOP_20260402.csv,2025-08-29 06:39:27,0.0
GEOP_20260402.csv,2025-08-29 06:42:27,0.0
GEOP_20260402.csv,2025-08-29 06:45:27,0.0
GEOP_20260402.csv,2025-08-29 06:48:27,0.0
GEOP_20260402.csv,2025-08-29 06:51:27,0.0
GEOP_20260402.csv,2025-08-29 06:54:27,0.0
GEOP_20260402.csv,2025-08-29 06:57:27,0.0
GEOP_20260402.csv,2025-08-29 07:00:27,0.0
GEOP_20260402.csv,2025-08-29 07:03:27,0.0
GEOP_20260402.csv,2025-08-29 07:06:27,0.0
GEOP_20260402.csv,2025-08-29 07:09:27,0.0
GEOP_20260402.csv,2025-08-29 07:12:27,0.0
GEOP_20260402.csv,2025-08-29 07:15:27,0.0
GEOP_20260402.csv,2025-08-29 07:18:27,0.0
GEOP_20260402.csv,2025-08-29 07:21:27,0.0
GEOP_20260402.csv,2025-08-29 07:24:27,0.0
GEOP_20260402.csv,2025-08-29 07:27:27,0.0
GEOP_20260402.csv,2025-08-29 07:30:27,0.0
GEOP_20260402.csv,2025-08-29 07:33:27,0.0
GEOP_20260402.csv,2025-08-29 07:36:27,0.0
GEOP_20260402.csv,2025-08-29 07:39:27,0.0
GEOP_20260402.csv,2025-08-29 07:42:27,0.0
GEOP_20260402.csv,2025-08-29 07:45:27,0.0
GEOP_20260402.csv,2025-08-29 07:48:27,0.0
GEOP_20260402.csv,2025-08-29 07:51:27,0.0
GEOP_20260402.csv,2025-08-29 07:54:27,0.0
GEOP_20260402.csv,2025-08-29 07:57:27,0.0
GEOP_20260402.csv,2025-08-29 08:00:27,0.0
GEOP_20260402.csv,2025-08-29 08:03:27,0.0
GEOP_20260402.csv,2025-08-29 08:06:27,0.0
GEOP_20260402.csv,2025-08-29 08:09:27,0.0
GEOP_20260402.csv,2025-08-29 08:12:27,0.0
GEOP_20260402.csv,2025-08-29 08:15:27,0.0
GEOP_20260402.csv,2025-08-29 08:18:27,0.0
GEOP_20260402.csv,2025-08-29 08:21:27,0.0
GEOP_20260402.csv,2025-08-29 08:24:27,0.0
GEOP_20260402.csv,2025-08-29 08:27:27,0.0
GEOP_20260402.csv,2025-08-29 08:30:27,0.0
GEOP_20260402.csv,2025-08-29 08:33:27,0.0
GEOP_20260402.csv,2025-08-29 08:36:27,0.0
GEOP_20260402.csv,2025-08-29 08:39:27,0.0
GEOP_20260402.csv,2025-08-29 08:42:27,0.0
GEOP_20260402.csv,2025-08-29 08:45:27,0.0
GEOP_20260402.csv,2025-08-29 08:48:27,0.0
GEOP_20260402.csv,2025-08-29 08:51:27,0.0
GEOP_20260402.csv,2025-08-29 08:54:27,0.0
GEOP_20260402.csv,2025-08-29 08:57:27,0.0
GEOP_20260402.csv,2025-08-29 09:00:27,0.0
GEOP_20260402.csv,2025-08-29 09:03:27,0.0
GEOP_20260402.csv,2025-08-29 09:06:27,0.0
GEOP_20260402.csv,2025-08-29 09:09:27,0.0
GEOP_20260402.csv,2025-08-29 09:12:27,0.0
GEOP_20260402.csv,2025-08-29 09:15:27,0.0
GEOP_20260402.csv,2025-08-29 09:18:27,0.0
GEOP_20260402.csv,2025-08-29 09:21:27,0.0
GEOP_20260402.csv,2025-08-29 09:24:27,0.0
GEOP_20260402.csv,2025-08-29 09:27:27,0.0
GEOP_20260402.csv,2025-08-29 09:30:27,0.0
GEOP_20260402.csv,2025-08-29 09:33:27,0.0
GEOP_20260402.csv,2025-08-29 09:36:27,0.0
GEOP_20260402.csv,2025-08-29 09:39:27,0.0
GEOP_20260402.csv,2025-08-29 09:42:27,0.0
GEOP_20260402.csv,2025-08-29 09:45:27,0.0
GEOP_20260402.csv,2025-08-29 09:48:27,0.0
GEOP_20260402.csv,2025-08-29 09:51:27,0.0
GEOP_20260402.csv,2025-08-29 09:54:27,0.0
GEOP_20260402.csv,2025-08-29 09:57:27,0.0
GEOP_20260402.csv,2025-08-29 10:00:27,0.0
GEOP_20260402.csv,2025-08-29 10:03:27,0.0
GEOP_20260402.csv,2025-08-29 10:06:27,0.0
GEOP_20260402.csv,2025-08-29 10:09:27,0.0
GEOP_20260402.csv,2025-08-29 10:12:27,0.0
GEOP_20260402.csv,2025-08-29 10:15:27,0.0
GEOP_20260402.csv,2025-08-29 10:18:27,0.0
GEOP_20260402.csv,2025-08-29 10:21:27,0.0
GEOP_20260402.csv,2025-08-29 10:24:27,0.0
GEOP_20260402.csv,2025-08-29 10:27:27,0.0
GEOP_20260402.csv,2025-08-29 10:30:27,0.0
GEOP_20260402.csv,2025-08-29 10:33:27,0.0
GEOP_20260402.csv,2025-08-29 10:36:27,0.0
GEOP_20260402.csv,2025-08-29 10:39:27,0.0
GEOP_20260402.csv,2025-08-29 10:42:27,0.0
GEOP_20260402.csv,2025-08-29 10:45:27,0.0
GEOP_20260402.csv,2025-08-29 10:48:27,0.0
GEOP_20260402.csv,2025-08-29 10:51:27,0.0
GEOP_20260402.csv,2025-08-29 10:54:27,0.0
GEOP_20260402.csv,2025-08-29 10:57:27,0.0
GEOP_20260402.csv,2025-08-29 11:00:27,0.0
GEOP_20260402.csv,2025-08-29 11:03:27,0.0
GEOP_20260402.csv,2025-08-29 11:06:27,0.0
GEOP_20260402.csv,2025-08-29 11:09:27,0.0
GEOP_20260402.csv,2025-08-29 11:12:27,0.0
GEOP_20260402.csv,2025-08-29 11:15:27,0.0
GEOP_20260402.csv,2025-08-29 11:18:27,0.0
GEOP_20260402.csv,2025-08-29 11:21:27,0.0
GEOP_20260402.csv,2025-08-29 11:24:27,0.0
GEOP_20260402.csv,2025-08-29 11:27:27,0.0
GEOP_20260402.csv,2025-08-29 11:30:27,0.0
GEOP_20260402.csv,2025-08-29 11:33:27,0.0
GEOP_20260402.csv,2025-08-29 11:36:27,0.0
GEOP_20260402.csv,2025-08-29 11:39:27,0.0
GEOP_20260402.csv,2025-08-29 11:42:27,0.0
GEOP_20260402.csv,2025-08-29 11:45:27,0.0
GEOP_20260402.csv,2025-08-29 11:48:27,0.0
GEOP_20260402.csv,2025-08-29 11:51:27,0.0
GEOP_20260402.csv,2025-08-29 11:54:27,0.0
GEOP_20260402.csv,2025-08-29 11:57:27,0.0
GEOP_20260402.csv,2025-08-29 12:00:27,0.0
GEOP_20260402.csv,2025-08-29 12:03:27,0.0
GEOP_20260402.csv,2025-08-29 12:06:27,0.0
GEOP_20260402.csv,2025-08-29 12:09:26,0.0
GEOP_20260402.csv,2025-08-29 12:12:26,0.0
GEOP_20260402.csv,2025-08-29 12:15:26,0.0
GEOP_20260402.csv,2025-08-29 12:18:26,0.0
GEOP_20260402.csv,2025-08-29 12:21:26,0.0
GEOP_20260402.csv,2025-08-29 12:24:26,0.0
GEOP_20260402.csv,2025-08-29 12:27:26,0.0
GEOP_20260402.csv,2025-08-29 12:30:26,0.0
GEOP_20260402.csv,2025-08-29 12:33:26,0.0
GEOP_20260402.csv,2025-08-29 12:36:26,0.0
GEOP_20260402.csv,2025-08-29 12:39:26,0.0
GEOP_20260402.csv,2025-08-29 12:42:26,0.0
GEOP_20260402.csv,2025-08-29 12:45:26,0.0
GEOP_20260402.csv,2025-08-29 12:48:26,0.0
GEOP_20260402.csv,2025-08-29 12:51:26,0.0
GEOP_20260402.csv,2025-08-29 12:54:26,0.0
GEOP_20260402.csv,2025-08-29 12:57:26,0.0
GEOP_20260402.csv,2025-08-29 13:00:26,0.0
GEOP_20260402.csv,2025-08-29 13:03:26,0.0
GEOP_20260402.csv,2025-08-29 13:06:26,0.0
GEOP_20260402.csv,2025-08-29 13:09:26,0.0
GEOP_20260402.csv,2025-08-29 13:12:26,0.0
GEOP_20260402.csv,2025-08-29 13:15:26,0.0
GEOP_20260402.csv,2025-08-29 13:18:26,0.0
GEOP_20260402.csv,2025-08-29 13:21:26,0.0
GEOP_20260402.csv,2025-08-29 13:24:26,0.0
GEOP_20260402.csv,2025-08-29 13:27:26,0.0
GEOP_20260402.csv,2025-08-29 13:30:26,0.0
GEOP_20260402.csv,2025-08-29 13:33:26,0.0
GEOP_20260402.csv,2025-08-29 13:36:26,0.0
GEOP_20260402.csv,2025-08-29 13:39:26,0.0
GEOP_20260402.csv,2025-08-29 13:42:26,0.0
GEOP_20260402.csv,2025-08-29 13:45:26,0.0
GEOP_20260402.csv,2025-08-29 13:48:26,0.0
GEOP_20260402.csv,2025-08-29 13:51:26,0.0
GEOP_20260402.csv,2025-08-29 13:54:26,0.0
GEOP_20260402.csv,2025-08-29 13:57:26,0.0
GEOP_20260402.csv,2025-08-29 14:00:26,0.0
GEOP_20260402.csv,2025-08-29 14:03:26,0.0
GEOP_20260402.csv,2025-08-29 14:06:26,0.0
GEOP_20260402.csv,2025-08-29 14:09:26,0.0
GEOP_20260402.csv,2025-08-29 14:12:26,0.0
GEOP_20260402.csv,2025-08-29 14:15:26,0.0
GEOP_20260402.csv,2025-08-29 14:18:26,0.0
GEOP_20260402.csv,2025-08-29 14:21:26,0.0
GEOP_20260402.csv,2025-08-29 14:24:26,0.0
GEOP_20260402.csv,2025-08-29 14:27:26,0.0
GEOP_20260402.csv,2025-08-29 14:30:26,0.0
GEOP_20260402.csv,2025-08-29 14:33:26,0.0
GEOP_20260402.csv,2025-08-29 14:36:26,0.0
GEOP_20260402.csv,2025-08-29 14:39:26,0.0
GEOP_20260402.csv,2025-08-29 14:42:26,0.0
GEOP_20260402.csv,2025-08-29 14:45:26,0.0
GEOP_20260402.csv,2025-08-29 14:48:26,0.0
GEOP_20260402.csv,2025-08-29 14:51:26,0.0
GEOP_20260402.csv,2025-08-29 14:54:26,0.0
GEOP_20260402.csv,2025-08-29 14:57:26,0.0
GEOP_20260402.csv,2025-08-29 15:00:26,0.0
GEOP_20260402.csv,2025-08-29 15:03:26,0.0
GEOP_20260402.csv,2025-08-29 15:06:26,0.0
GEOP_20260402.csv,2025-08-29 15:09:26,0.0
GEOP_20260402.csv,2025-08-29 15:12:26,0.0
GEOP_20260402.csv,2025-08-29 15:15:26,0.0
GEOP_20260402.csv,2025-08-29 15:18:26,0.0
GEOP_20260402.csv,2025-08-29 15:21:26,0.0
GEOP_20260402.csv,2025-08-29 15:24:26,0.0
GEOP_20260402.csv,2025-08-29 15:27:26,0.0
GEOP_20260402.csv,2025-08-29 15:30:26,0.0
GEOP_20260402.csv,2025-08-29 15:33:26,0.0
GEOP_20260402.csv,2025-08-29 15:36:26,0.0
GEOP_20260402.csv,2025-08-29 15:39:26,0.0
GEOP_20260402.csv,2025-08-29 15:42:26,0.0
GEOP_20260402.csv,2025-08-29 15:45:26,0.0
GEOP_20260402.csv,2025-08-29 15:48:26,0.0
GEOP_20260402.csv,2025-08-29 15:51:26,0.0
GEOP_20260402.csv,2025-08-29 15:54:26,0.0
GEOP_20260402.csv,2025-08-29 15:57:26,0.0
GEOP_20260402.csv,2025-08-29 16:00:26,0.0
GEOP_20260402.csv,2025-08-29 16:03:26,0.0
GEOP_20260402.csv,2025-08-29 16:06:26,0.0
GEOP_20260402.csv,2025-08-29 16:09:26,0.0
GEOP_20260402.csv,2025-08-29 16:12:26,0.0
GEOP_20260402.csv,2025-08-29 16:15:26,0.0
GEOP_20260402.csv,2025-08-29 16:18:26,0.0
GEOP_20260402.csv,2025-08-29 16:21:26,0.0
GEOP_20260402.csv,2025-08-29 16:24:26,0.0
GEOP_20260402.csv,2025-08-29 16:27:26,0.0
GEOP_20260402.csv,2025-08-29 16:30:26,0.0
GEOP_20260402.csv,2025-08-29 16:33:26,0.0
GEOP_20260402.csv,2025-08-29 16:36:26,0.0
GEOP_20260402.csv,2025-08-29 16:39:26,0.0
GEOP_20260402.csv,2025-08-29 16:42:26,0.0
GEOP_20260402.csv,2025-08-29 16:45:26,0.0
GEOP_20260402.csv,2025-08-29 16:48:26,0.0
GEOP_20260402.csv,2025-08-29 16:51:26,0.0
GEOP_20260402.csv,2025-08-29 16:54:26,0.0
GEOP_20260402.csv,2025-08-29 16:57:26,0.0
GEOP_20260402.csv,2025-08-29 17:00:26,0.0
GEOP_20260402.csv,2025-08-29 17:03:26,0.0
GEOP_20260402.csv,2025-08-29 17:06:26,0.0
GEOP_20260402.csv,2025-08-29 17:09:26,0.0
GEOP_20260402.csv,2025-08-29 17:12:26,0.0
GEOP_20260402.csv,2025-08-29 17:15:26,0.0
GEOP_20260402.csv,2025-08-29 17:18:26,0.0
GEOP_20260402.csv,2025-08-29 17:21:26,0.0
GEOP_20260402.csv,2025-08-29 17:24:26,0.0
GEOP_20260402.csv,2025-08-29 17:27:26,0.0
GEOP_20260402.csv,2025-08-29 17:30:26,0.0
GEOP_20260402.csv,2025-08-29 17:33:26,0.0
GEOP_20260402.csv,2025-08-29 17:36:26,0.0
GEOP_20260402.csv,2025-08-29 17:39:26,0.0
GEOP_20260402.csv,2025-08-29 17:42:26,0.0
GEOP_20260402.csv,2025-08-29 17:45:26,0.0
GEOP_20260402.csv,2025-08-29 17:48:26,0.0
GEOP_20260402.csv,2025-08-29 17:51:26,0.0
GEOP_20260402.csv,2025-08-29 17:54:26,0.0
GEOP_20260402.csv,2025-08-29 17:57:26,0.0
GEOP_20260402.csv,2025-08-29 18:00:26,0.0
GEOP_20260402.csv,2025-08-29 18:03:26,0.0
GEOP_20260402.csv,2025-08-29 18:06:26,0.0
GEOP_20260402.csv,2025-08-29 18:09:26,0.0
GEOP_20260402.csv,2025-08-29 18:12:26,0.0
GEOP_20260402.csv,2025-08-29 18:15:26,0.0
GEOP_20260402.csv,2025-08-29 18:18:26,0.0
GEOP_20260402.csv,2025-08-29 18:21:26,0.0
GEOP_20260402.csv,2025-08-29 18:24:26,0.0
GEOP_20260402.csv,2025-08-29 18:27:26,0.0
GEOP_20260402.csv,2025-08-29 18:30:26,0.0
GEOP_20260402.csv,2025-08-29 18:33:26,0.0
GEOP_20260402.csv,2025-08-29 18:36:26,0.0
GEOP_20260402.csv,2025-08-29 18:39:26,0.0
GEOP_20260402.csv,2025-08-29 18:42:26,0.0
GEOP_20260402.csv,2025-08-29 18:45:26,0.0
GEOP_20260402.csv,2025-08-29 18:48:27,0.0
GEOP_20260402.csv,2025-08-29 18:51:26,0.0
GEOP_20260402.csv,2025-08-29 18:54:26,0.0
GEOP_20260402.csv,2025-08-29 18:57:26,0.0
GEOP_20260402.csv,2025-08-29 19:00:26,0.0
GEOP_20260402.csv,2025-08-29 19:03:26,0.0
GEOP_20260402.csv,2025-08-29 19:06:26,0.0
GEOP_20260402.csv,2025-08-29 19:09:26,0.0
GEOP_20260402.csv,2025-08-29 19:12:26,0.0
GEOP_20260402.csv,2025-08-29 19:15:26,0.0
GEOP_20260402.csv,2025-08-29 19:18:26,0.0
GEOP_20260402.csv,2025-08-29 19:21:26,0.0
GEOP_20260402.csv,2025-08-29 19:24:26,0.0
GEOP_20260402.csv,2025-08-29 19:27:26,0.0
GEOP_20260402.csv,2025-08-29 19:30:26,0.0
GEOP_20260402.csv,2025-08-29 19:33:25,0.0
GEOP_20260402.csv,2025-08-29 19:36:26,0.0
GEOP_20260402.csv,2025-08-29 19:39:26,0.0
GEOP_20260402.csv,2025-08-29 19:42:25,0.0
GEOP_20260402.csv,2025-08-29 19:45:25,0.0
GEOP_20260402.csv,2025-08-29 19:48:25,0.0
GEOP_20260402.csv,2025-08-29 19:51:25,0.0
GEOP_20260402.csv,2025-08-29 19:54:25,0.0
GEOP_20260402.csv,2025-08-29 19:57:25,0.0
GEOP_20260402.csv,2025-08-29 20:00:25,0.0
GEOP_20260402.csv,2025-08-29 20:03:25,0.0
GEOP_20260402.csv,2025-08-29 20:06:25,0.0
GEOP_20260402.csv,2025-08-29 20:09:25,0.07
GEOP_20260402.csv,2025-08-29 20:12:25,0.51
GEOP_20260402.csv,2025-08-29 20:15:25,0.29
GEOP_20260402.csv,2025-08-29 20:18:25,0.24
GEOP_20260402.csv,2025-08-29 20:21:25,0.23
GEOP_20260402.csv,2025-08-29 20:24:25,0.14
GEOP_20260402.csv,2025-08-29 20:27:25,0.04
GEOP_20260402.csv,2025-08-29 20:30:25,0.03
GEOP_20260402.csv,2025-08-29 20:33:25,0.02
GEOP_20260402.csv,2025-08-29 20:36:25,0.01
GEOP_20260402.csv,2025-08-29 20:39:25,0.02
GEOP_20260402.csv,2025-08-29 20:42:25,0.05
GEOP_20260402.csv,2025-08-29 20:45:25,0.12
GEOP_20260402.csv,2025-08-29 20:48:25,0.09
GEOP_20260402.csv,2025-08-29 20:51:25,0.02
GEOP_20260402.csv,2025-08-29 20:54:25,0.01
GEOP_20260402.csv,2025-08-29 20:57:25,0.0
GEOP_20260402.csv,2025-08-29 21:00:25,0.0
GEOP_20260402.csv,2025-08-29 21:03:25,0.01
GEOP_20260402.csv,2025-08-29 21:06:25,0.0
GEOP_20260402.csv,2025-08-29 21:09:25,0.0
GEOP_20260402.csv,2025-08-29 21:12:25,0.0
GEOP_20260402.csv,2025-08-29 21:15:25,0.0
GEOP_20260402.csv,2025-08-29 21:18:25,0.0
GEOP_20260402.csv,2025-08-29 21:21:25,0.0
GEOP_20260402.csv,2025-08-29 21:24:25,0.0
GEOP_20260402.csv,2025-08-29 21:27:25,0.0
GEOP_20260402.csv,2025-08-29 21:30:25,0.0
GEOP_20260402.csv,2025-08-29 21:33:25,0.0
GEOP_20260402.csv,2025-08-29 21:36:25,0.0
GEOP_20260402.csv,2025-08-29 21:39:25,0.0
GEOP_20260402.csv,2025-08-29 21:42:25,0.0
GEOP_20260402.csv,2025-08-29 21:45:25,0.0
GEOP_20260402.csv,2025-08-29 21:48:25,0.0
GEOP_20260402.csv,2025-08-29 21:51:25,0.0
GEOP_20260402.csv,2025-08-29 21:54:25,0.0
GEOP_20260402.csv,2025-08-29 21:57:25,0.0
GEOP_20260402.csv,2025-08-29 22:00:25,0.0
GEOP_20260402.csv,2025-08-29 22:03:25,0.0
GEOP_20260402.csv,2025-08-29 22:06:25,0.0
GEOP_20260402.csv,2025-08-29 22:09:25,0.0
GEOP_20260402.csv,2025-08-29 22:12:25,0.0
GEOP_20260402.csv,2025-08-29 22:15:25,0.0
GEOP_20260402.csv,2025-08-29 22:18:25,0.0
GEOP_20260402.csv,2025-08-29 22:21:25,0.0
GEOP_20260402.csv,2025-08-29 22:24:25,0.0
GEOP_20260402.csv,2025-08-29 22:27:25,0.0
GEOP_20260402.csv,2025-08-29 22:30:25,0.0
GEOP_20260402.csv,2025-08-29 22:33:25,0.0
GEOP_20260402.csv,2025-08-29 22:36:25,0.0
GEOP_20260402.csv,2025-08-29 22:39:25,0.0
GEOP_20260402.csv,2025-08-29 22:42:25,0.0
GEOP_20260402.csv,2025-08-29 22:45:25,0.0
GEOP_20260402.csv,2025-08-29 22:48:25,0.0
GEOP_20260402.csv,2025-08-29 22:51:25,0.0
GEOP_20260402.csv,2025-08-29 22:54:25,0.0
GEOP_20260402.csv,2025-08-29 22:57:25,0.0
GEOP_20260402.csv,2025-08-29 23:00:25,0.0
GEOP_20260402.csv,2025-08-29 23:03:25,0.0
GEOP_20260402.csv,2025-08-29 23:06:25,0.0
GEOP_20260402.csv,2025-08-29 23:09:25,0.0
GEOP_20260402.csv,2025-08-29 23:12:25,0.0
GEOP_20260402.csv,2025-08-29 23:15:25,0.0
GEOP_20260402.csv,2025-08-29 23:18:25,0.0
GEOP_20260402.csv,2025-08-29 23:21:25,0.0
GEOP_20260402.csv,2025-08-29 23:24:25,0.0
GEOP_20260402.csv,2025-08-29 23:27:25,0.0
GEOP_20260402.csv,2025-08-29 23:30:25,0.0
GEOP_20260402.csv,2025-08-29 23:33:25,0.0
GEOP_20260402.csv,2025-08-29 23:36:25,0.0
GEOP_20260402.csv,2025-08-29 23:39:25,0.0
GEOP_20260402.csv,2025-08-29 23:42:25,0.0
GEOP_20260402.csv,2025-08-29 23:45:25,0.0
GEOP_20260402.csv,2025-08-29 23:48:25,0.0
GEOP_20260402.csv,2025-08-29 23:51:25,0.0
GEOP_20260402.csv,2025-08-29 23:54:25,0.0
GEOP_20260402.csv,2025-08-29 23:57:25,0.0
GEOP_20260402.csv,2025-08-30 00:00:25,0.0
GEOP_20260402.csv,2025-08-30 00:03:25,0.0
GEOP_20260402.csv,2025-08-30 00:06:25,0.0
GEOP_20260402.csv,2025-08-30 00:09:25,0.0
GEOP_20260402.csv,2025-08-30 00:12:25,0.06
GEOP_20260402.csv,2025-08-30 00:15:25,0.03
GEOP_20260402.csv,2025-08-30 00:18:25,0.02
GEOP_20260402.csv,2025-08-30 00:21:25,0.02
GEOP_20260402.csv,2025-08-30 00:24:25,0.03
GEOP_20260402.csv,2025-08-30 00:27:25,0.04
GEOP_20260402.csv,2025-08-30 00:30:25,0.05
GEOP_20260402.csv,2025-08-30 00:33:25,0.03
GEOP_20260402.csv,2025-08-30 00:36:25,0.05
GEOP_20260402.csv,2025-08-30 00:39:25,0.03
GEOP_20260402.csv,2025-08-30 00:42:25,0.02
GEOP_20260402.csv,2025-08-30 00:45:25,0.01
GEOP_20260402.csv,2025-08-30 00:48:25,0.0
GEOP_20260402.csv,2025-08-30 00:51:25,0.0
GEOP_20260402.csv,2025-08-30 00:54:25,0.01
GEOP_20260402.csv,2025-08-30 00:57:25,0.0
GEOP_20260402.csv,2025-08-30 01:00:25,0.0
GEOP_20260402.csv,2025-08-30 01:03:25,0.0
GEOP_20260402.csv,2025-08-30 01:06:25,0.0
GEOP_20260402.csv,2025-08-30 01:09:25,0.0
GEOP_20260402.csv,2025-08-30 01:12:25,0.0
GEOP_20260402.csv,2025-08-30 01:15:25,0.0
GEOP_20260402.csv,2025-08-30 01:18:25,0.0
GEOP_20260402.csv,2025-08-30 01:21:25,0.0
GEOP_20260402.csv,2025-08-30 01:24:25,0.0
GEOP_20260402.csv,2025-08-30 01:27:25,0.0
GEOP_20260402.csv,2025-08-30 01:30:25,0.0
GEOP_20260402.csv,2025-08-30 01:33:25,0.0
GEOP_20260402.csv,2025-08-30 01:36:25,0.0
GEOP_20260402.csv,2025-08-30 01:39:25,0.0
GEOP_20260402.csv,2025-08-30 01:42:25,0.0
GEOP_20260402.csv,2025-08-30 01:45:25,0.0
GEOP_20260402.csv,2025-08-30 01:48:25,0.0
GEOP_20260402.csv,2025-08-30 01:51:25,0.0
GEOP_20260402.csv,2025-08-30 01:54:25,0.0
GEOP_20260402.csv,2025-08-30 01:57:25,0.01
GEOP_20260402.csv,2025-08-30 02:00:25,0.0
GEOP_20260402.csv,2025-08-30 02:03:25,0.0
GEOP_20260402.csv,2025-08-30 02:06:25,0.0
GEOP_20260402.csv,2025-08-30 02:09:25,0.0
GEOP_20260402.csv,2025-08-30 02:12:25,0.0
GEOP_20260402.csv,2025-08-30 02:15:25,0.0
GEOP_20260402.csv,2025-08-30 02:18:25,0.0
GEOP_20260402.csv,2025-08-30 02:21:25,0.0
GEOP_20260402.csv,2025-08-30 02:24:25,0.0
GEOP_20260402.csv,2025-08-30 02:27:25,0.0
GEOP_20260402.csv,2025-08-30 02:30:25,0.01
GEOP_20260402.csv,2025-08-30 02:33:25,0.0
GEOP_20260402.csv,2025-08-30 02:36:25,0.0
GEOP_20260402.csv,2025-08-30 02:39:25,0.0
GEOP_20260402.csv,2025-08-30 02:42:25,0.0
GEOP_20260402.csv,2025-08-30 02:45:25,0.0
GEOP_20260402.csv,2025-08-30 02:48:25,0.08
GEOP_20260402.csv,2025-08-30 02:51:25,0.07
GEOP_20260402.csv,2025-08-30 02:54:25,0.09
GEOP_20260402.csv,2025-08-30 02:57:25,0.12
GEOP_20260402.csv,2025-08-30 03:00:25,0.18
GEOP_20260402.csv,2025-08-30 03:03:25,0.16
GEOP_20260402.csv,2025-08-30 03:06:25,0.15
GEOP_20260402.csv,2025-08-30 03:09:25,0.12
GEOP_20260402.csv,2025-08-30 03:12:25,0.09
GEOP_20260402.csv,2025-08-30 03:15:25,0.11
GEOP_20260402.csv,2025-08-30 03:18:25,0.14
GEOP_20260402.csv,2025-08-30 03:21:25,0.09
GEOP_20260402.csv,2025-08-30 03:24:25,0.1
GEOP_20260402.csv,2025-08-30 03:27:25,0.07
GEOP_20260402.csv,2025-08-30 03:30:25,0.09
GEOP_20260402.csv,2025-08-30 03:33:25,0.06
GEOP_20260402.csv,2025-08-30 03:36:25,0.03
GEOP_20260402.csv,2025-08-30 03:39:25,0.05
GEOP_20260402.csv,2025-08-30 03:42:25,0.1
GEOP_20260402.csv,2025-08-30 03:45:25,0.07
GEOP_20260402.csv,2025-08-30 03:48:25,0.05
GEOP_20260402.csv,2025-08-30 03:51:25,0.1
GEOP_20260402.csv,2025-08-30 03:54:25,0.09
GEOP_20260402.csv,2025-08-30 03:57:25,0.04
GEOP_20260402.csv,2025-08-30 04:00:25,0.02
GEOP_20260402.csv,2025-08-30 04:03:25,0.01
GEOP_20260402.csv,2025-08-30 04:06:25,0.01
GEOP_20260402.csv,2025-08-30 04:09:25,0.0
GEOP_20260402.csv,2025-08-30 04:12:25,0.01
GEOP_20260402.csv,2025-08-30 04:15:25,0.0
GEOP_20260402.csv,2025-08-30 04:18:25,0.0
GEOP_20260402.csv,2025-08-30 04:21:25,0.0
GEOP_20260402.csv,2025-08-30 04:24:25,0.0
GEOP_20260402.csv,2025-08-30 04:27:25,0.01
GEOP_20260402.csv,2025-08-30 04:30:25,0.0
GEOP_20260402.csv,2025-08-30 04:33:25,0.0
GEOP_20260402.csv,2025-08-30 04:36:25,0.0
GEOP_20260402.csv,2025-08-30 04:39:25,0.0
GEOP_20260402.csv,2025-08-30 04:42:25,0.0
GEOP_20260402.csv,2025-08-30 04:45:25,0.0
GEOP_20260402.csv,2025-08-30 04:48:25,0.0
GEOP_20260402.csv,2025-08-30 04:51:25,0.0
GEOP_20260402.csv,2025-08-30 04:54:25,0.0
GEOP_20260402.csv,2025-08-30 04:57:25,0.0
GEOP_20260402.csv,2025-08-30 05:00:25,0.01
GEOP_20260402.csv,2025-08-30 05:03:25,0.04
GEOP_20260402.csv,2025-08-30 05:06:25,0.07
GEOP_20260402.csv,2025-08-30 05:09:25,0.03
GEOP_20260402.csv,2025-08-30 05:12:25,0.03
GEOP_20260402.csv,2025-08-30 05:15:25,0.01
GEOP_20260402.csv,2025-08-30 05:18:25,0.0
GEOP_20260402.csv,2025-08-30 05:21:25,0.01
GEOP_20260402.csv,2025-08-30 05:24:25,0.0
GEOP_20260402.csv,2025-08-30 05:27:25,0.0
GEOP_20260402.csv,2025-08-30 05:30:25,0.01
GEOP_20260402.csv,2025-08-30 05:33:25,0.0
GEOP_20260402.csv,2025-08-30 05:36:25,0.0
GEOP_20260402.csv,2025-08-30 05:39:25,0.02
GEOP_20260402.csv,2025-08-30 05:42:25,0.03
GEOP_20260402.csv,2025-08-30 05:45:25,0.02
GEOP_20260402.csv,2025-08-30 05:48:25,0.02
GEOP_20260402.csv,2025-08-30 05:51:25,0.0
GEOP_20260402.csv,2025-08-30 05:54:25,0.01
GEOP_20260402.csv,2025-08-30 05:57:25,0.0
GEOP_20260402.csv,2025-08-30 06:00:25,0.0
GEOP_20260402.csv,2025-08-30 06:03:25,0.01
GEOP_20260402.csv,2025-08-30 06:06:25,0.0
GEOP_20260402.csv,2025-08-30 06:09:25,0.0
GEOP_20260402.csv,2025-08-30 06:12:25,0.0
GEOP_20260402.csv,2025-08-30 06:15:25,0.0
GEOP_20260402.csv,2025-08-30 06:18:25,0.0
GEOP_20260402.csv,2025-08-30 06:21:25,0.0
GEOP_20260402.csv,2025-08-30 06:24:25,0.0
GEOP_20260402.csv,2025-08-30 06:27:25,0.0
GEOP_20260402.csv,2025-08-30 06:30:25,0.0
GEOP_20260402.csv,2025-08-30 06:33:25,0.01
GEOP_20260402.csv,2025-08-30 06:36:25,0.0
GEOP_20260402.csv,2025-08-30 06:39:25,0.01
GEOP_20260402.csv,2025-08-30 06:42:25,0.02
GEOP_20260402.csv,2025-08-30 06:45:25,0.03
GEOP_20260402.csv,2025-08-30 06:48:25,0.01
GEOP_20260402.csv,2025-08-30 06:51:25,0.01
GEOP_20260402.csv,2025-08-30 06:54:25,0.0
GEOP_20260402.csv,2025-08-30 06:57:25,0.0
GEOP_20260402.csv,2025-08-30 07:00:25,0.01
GEOP_20260402.csv,2025-08-30 07:03:25,0.0
GEOP_20260402.csv,2025-08-30 07:06:25,0.0
GEOP_20260402.csv,2025-08-30 07:09:25,0.0
GEOP_20260402.csv,2025-08-30 07:12:25,0.0
GEOP_20260402.csv,2025-08-30 07:15:25,0.01
GEOP_20260402.csv,2025-08-30 07:18:25,0.01
GEOP_20260402.csv,2025-08-30 07:21:25,0.01
GEOP_20260402.csv,2025-08-30 07:24:25,0.01
GEOP_20260402.csv,2025-08-30 07:27:25,0.0
GEOP_20260402.csv,2025-08-30 07:30:25,0.01
GEOP_20260402.csv,2025-08-30 07:33:25,0.0
GEOP_20260402.csv,2025-08-30 07:36:25,0.0
GEOP_20260402.csv,2025-08-30 07:39:25,0.0
GEOP_20260402.csv,2025-08-30 07:42:25,0.01
GEOP_20260402.csv,2025-08-30 07:45:25,0.0
GEOP_20260402.csv,2025-08-30 07:48:25,0.0
GEOP_20260402.csv,2025-08-30 07:51:25,0.0
GEOP_20260402.csv,2025-08-30 07:54:24,0.0
GEOP_20260402.csv,2025-08-30 07:57:25,0.03
GEOP_20260402.csv,2025-08-30 08:00:25,0.07
GEOP_20260402.csv,2025-08-30 08:03:24,0.03
GEOP_20260402.csv,2025-08-30 08:06:24,0.02
GEOP_20260402.csv,2025-08-30 08:09:24,0.01
GEOP_20260402.csv,2025-08-30 08:12:24,0.0
GEOP_20260402.csv,2025-08-30 08:15:24,0.0
GEOP_20260402.csv,2025-08-30 08:18:24,0.0
GEOP_20260402.csv,2025-08-30 08:21:24,0.0
GEOP_20260402.csv,2025-08-30 08:24:24,0.01
GEOP_20260402.csv,2025-08-30 08:27:24,0.0
GEOP_20260402.csv,2025-08-30 08:30:24,0.0
GEOP_20260402.csv,2025-08-30 08:33:24,0.0
GEOP_20260402.csv,2025-08-30 08:36:24,0.0
GEOP_20260402.csv,2025-08-30 08:39:24,0.0
GEOP_20260402.csv,2025-08-30 08:42:24,0.0
GEOP_20260402.csv,2025-08-30 08:45:24,0.0
GEOP_20260402.csv,2025-08-30 08:48:24,0.0
GEOP_20260402.csv,2025-08-30 08:51:24,0.0
GEOP_20260402.csv,2025-08-30 08:54:24,0.0
GEOP_20260402.csv,2025-08-30 08:57:24,0.0
GEOP_20260402.csv,2025-08-30 09:00:24,0.0
GEOP_20260402.csv,2025-08-30 09:03:24,0.0
GEOP_20260402.csv,2025-08-30 09:06:24,0.0
GEOP_20260402.csv,2025-08-30 09:09:24,0.0
GEOP_20260402.csv,2025-08-30 09:12:24,0.0
GEOP_20260402.csv,2025-08-30 09:15:24,0.0
GEOP_20260402.csv,2025-08-30 09:18:24,0.0
GEOP_20260402.csv,2025-08-30 09:21:24,0.0
GEOP_20260402.csv,2025-08-30 09:24:24,0.0
GEOP_20260402.csv,2025-08-30 09:27:24,0.0
GEOP_20260402.csv,2025-08-30 09:30:24,0.0
GEOP_20260402.csv,2025-08-30 09:33:24,0.0
GEOP_20260402.csv,2025-08-30 09:36:24,0.0
GEOP_20260402.csv,2025-08-30 09:39:24,0.0
GEOP_20260402.csv,2025-08-30 09:42:24,0.0
GEOP_20260402.csv,2025-08-30 09:45:24,0.0
GEOP_20260402.csv,2025-08-30 09:48:24,0.0
GEOP_20260402.csv,2025-08-30 09:51:24,0.0
GEOP_20260402.csv,2025-08-30 09:54:24,0.0
GEOP_20260402.csv,2025-08-30 09:57:24,0.0
GEOP_20260402.csv,2025-08-30 10:00:24,0.0
GEOP_20260402.csv,2025-08-30 10:03:24,0.0
GEOP_20260402.csv,2025-08-30 10:06:24,0.0
GEOP_20260402.csv,2025-08-30 10:09:24,0.0
GEOP_20260402.csv,2025-08-30 10:12:24,0.0
GEOP_20260402.csv,2025-08-30 10:15:24,0.0
GEOP_20260402.csv,2025-08-30 10:18:24,0.0
GEOP_20260402.csv,2025-08-30 10:21:24,0.0
GEOP_20260402.csv,2025-08-30 10:24:24,0.0
GEOP_20260402.csv,2025-08-30 10:27:24,0.0
GEOP_20260402.csv,2025-08-30 10:30:24,0.0
GEOP_20260402.csv,2025-08-30 10:33:24,0.0
GEOP_20260402.csv,2025-08-30 10:36:24,0.0
GEOP_20260402.csv,2025-08-30 10:39:24,0.0
GEOP_20260402.csv,2025-08-30 10:42:24,0.0
GEOP_20260402.csv,2025-08-30 10:45:24,0.0
GEOP_20260402.csv,2025-08-30 10:48:24,0.0
GEOP_20260402.csv,2025-08-30 10:51:24,0.0
GEOP_20260402.csv,2025-08-30 10:54:24,0.0
GEOP_20260402.csv,2025-08-30 10:57:24,0.0
GEOP_20260402.csv,2025-08-30 11:00:24,0.0
GEOP_20260402.csv,2025-08-30 11:03:24,0.0
GEOP_20260402.csv,2025-08-30 11:06:24,0.0
GEOP_20260402.csv,2025-08-30 11:09:24,0.0
GEOP_20260402.csv,2025-08-30 11:12:24,0.0
GEOP_20260402.csv,2025-08-30 11:15:24,0.0
GEOP_20260402.csv,2025-08-30 11:18:24,0.0
GEOP_20260402.csv,2025-08-30 11:21:24,0.0
GEOP_20260402.csv,2025-08-30 11:24:24,0.0
GEOP_20260402.csv,2025-08-30 11:27:24,0.0
GEOP_20260402.csv,2025-08-30 11:30:24,0.0
GEOP_20260402.csv,2025-08-30 11:33:24,0.0
GEOP_20260402.csv,2025-08-30 11:36:24,0.0
GEOP_20260402.csv,2025-08-30 11:39:24,0.0
GEOP_20260402.csv,2025-08-30 11:42:24,0.0
GEOP_20260402.csv,2025-08-30 11:45:24,0.0
GEOP_20260402.csv,2025-08-30 11:48:24,0.0
GEOP_20260402.csv,2025-08-30 11:51:24,0.0
GEOP_20260402.csv,2025-08-30 11:54:24,0.0
GEOP_20260402.csv,2025-08-30 11:57:24,0.0
GEOP_20260402.csv,2025-08-30 12:00:24,0.0
GEOP_20260402.csv,2025-08-30 12:03:24,0.0
GEOP_20260402.csv,2025-08-30 12:06:24,0.0
GEOP_20260402.csv,2025-08-30 12:09:24,0.0
GEOP_20260402.csv,2025-08-30 12:12:24,0.0
GEOP_20260402.csv,2025-08-30 12:15:24,0.0
GEOP_20260402.csv,2025-08-30 12:18:24,0.0
GEOP_20260402.csv,2025-08-30 12:21:24,0.0
GEOP_20260402.csv,2025-08-30 12:24:24,0.0
GEOP_20260402.csv,2025-08-30 12:27:24,0.0
GEOP_20260402.csv,2025-08-30 12:30:24,0.0
GEOP_20260402.csv,2025-08-30 12:33:24,0.0
GEOP_20260402.csv,2025-08-30 12:36:24,0.0
GEOP_20260402.csv,2025-08-30 12:39:24,0.0
GEOP_20260402.csv,2025-08-30 12:42:24,0.0
GEOP_20260402.csv,2025-08-30 12:45:24,0.0
GEOP_20260402.csv,2025-08-30 12:48:24,0.0
GEOP_20260402.csv,2025-08-30 12:51:24,0.0
GEOP_20260402.csv,2025-08-30 12:54:24,0.0
GEOP_20260402.csv,2025-08-30 12:57:24,0.0
GEOP_20260402.csv,2025-08-30 13:00:24,0.0
GEOP_20260402.csv,2025-08-30 13:03:24,0.0
GEOP_20260402.csv,2025-08-30 13:06:24,0.0
GEOP_20260402.csv,2025-08-30 13:09:24,0.0
GEOP_20260402.csv,2025-08-30 13:12:24,0.0
GEOP_20260402.csv,2025-08-30 13:15:24,0.0
GEOP_20260402.csv,2025-08-30 13:18:24,0.0
GEOP_20260402.csv,2025-08-30 13:21:24,0.0
GEOP_20260402.csv,2025-08-30 13:24:24,0.0
GEOP_20260402.csv,2025-08-30 13:27:24,0.0
GEOP_20260402.csv,2025-08-30 13:30:24,0.0
GEOP_20260402.csv,2025-08-30 13:33:24,0.0
GEOP_20260402.csv,2025-08-30 13:36:24,0.0
GEOP_20260402.csv,2025-08-30 13:39:24,0.0
GEOP_20260402.csv,2025-08-30 13:42:24,0.0
GEOP_20260402.csv,2025-08-30 13:45:24,0.0
GEOP_20260402.csv,2025-08-30 13:48:24,0.0
GEOP_20260402.csv,2025-08-30 13:51:24,0.0
GEOP_20260402.csv,2025-08-30 13:54:24,0.0
GEOP_20260402.csv,2025-08-30 13:57:24,0.0
GEOP_20260402.csv,2025-08-30 14:00:24,0.0
GEOP_20260402.csv,2025-08-30 14:03:24,0.0
GEOP_20260402.csv,2025-08-30 14:06:24,0.0
GEOP_20260402.csv,2025-08-30 14:09:24,0.0
GEOP_20260402.csv,2025-08-30 14:12:24,0.0
GEOP_20260402.csv,2025-08-30 14:15:24,0.0
GEOP_20260402.csv,2025-08-30 14:18:24,0.0
GEOP_20260402.csv,2025-08-30 14:21:24,0.0
GEOP_20260402.csv,2025-08-30 14:24:24,0.0
GEOP_20260402.csv,2025-08-30 14:27:24,0.0
GEOP_20260402.csv,2025-08-30 14:30:24,0.0
GEOP_20260402.csv,2025-08-30 14:33:24,0.0
GEOP_20260402.csv,2025-08-30 14:36:24,0.0
GEOP_20260402.csv,2025-08-30 14:39:24,0.0
GEOP_20260402.csv,2025-08-30 14:42:24,0.0
GEOP_20260402.csv,2025-08-30 14:45:24,0.0
GEOP_20260402.csv,2025-08-30 14:48:24,0.0
GEOP_20260402.csv,2025-08-30 14:51:24,0.0
GEOP_20260402.csv,2025-08-30 14:54:24,0.0
GEOP_20260402.csv,2025-08-30 14:57:24,0.0
GEOP_20260402.csv,2025-08-30 15:00:24,0.0
GEOP_20260402.csv,2025-08-30 15:03:24,0.0
GEOP_20260402.csv,2025-08-30 15:06:24,0.0
GEOP_20260402.csv,2025-08-30 15:09:24,0.0
GEOP_20260402.csv,2025-08-30 15:12:24,0.0
GEOP_20260402.csv,2025-08-30 15:15:24,0.0
GEOP_20260402.csv,2025-08-30 15:18:24,0.0
GEOP_20260402.csv,2025-08-30 15:21:24,0.0
GEOP_20260402.csv,2025-08-30 15:24:24,0.0
GEOP_20260402.csv,2025-08-30 15:27:24,0.0
GEOP_20260402.csv,2025-08-30 15:30:24,0.0
GEOP_20260402.csv,2025-08-30 15:33:24,0.0
GEOP_20260402.csv,2025-08-30 15:36:24,0.0
GEOP_20260402.csv,2025-08-30 15:39:24,0.0
GEOP_20260402.csv,2025-08-30 15:42:24,0.0
GEOP_20260402.csv,2025-08-30 15:45:24,0.0
GEOP_20260402.csv,2025-08-30 15:48:24,0.0
GEOP_20260402.csv,2025-08-30 15:51:24,0.0
GEOP_20260402.csv,2025-08-30 15:54:24,0.0
GEOP_20260402.csv,2025-08-30 15:57:24,0.0
GEOP_20260402.csv,2025-08-30 16:00:24,0.0
GEOP_20260402.csv,2025-08-30 16:03:24,0.0
GEOP_20260402.csv,2025-08-30 16:06:24,0.0
GEOP_20260402.csv,2025-08-30 16:09:24,0.0
GEOP_20260402.csv,2025-08-30 16:12:24,0.0
GEOP_20260402.csv,2025-08-30 16:15:24,0.0
GEOP_20260402.csv,2025-08-30 16:18:24,0.0
GEOP_20260402.csv,2025-08-30 16:21:24,0.0
GEOP_20260402.csv,2025-08-30 16:24:24,0.0
GEOP_20260402.csv,2025-08-30 16:27:24,0.0
GEOP_20260402.csv,2025-08-30 16:30:24,0.0
GEOP_20260402.csv,2025-08-30 16:33:24,0.0
GEOP_20260402.csv,2025-08-30 16:36:24,0.0
GEOP_20260402.csv,2025-08-30 16:39:24,0.0
GEOP_20260402.csv,2025-08-30 16:42:24,0.0
GEOP_20260402.csv,2025-08-30 16:45:24,0.0
GEOP_20260402.csv,2025-08-30 16:48:24,0.0
GEOP_20260402.csv,2025-08-30 16:51:24,0.0
GEOP_20260402.csv,2025-08-30 16:54:24,0.0
GEOP_20260402.csv,2025-08-30 16:57:24,0.0
GEOP_20260402.csv,2025-08-30 17:00:24,0.0
GEOP_20260402.csv,2025-08-30 17:03:24,0.0
GEOP_20260402.csv,2025-08-30 17:06:24,0.0
GEOP_20260402.csv,2025-08-30 17:09:24,0.0
GEOP_20260402.csv,2025-08-30 17:12:24,0.0
GEOP_20260402.csv,2025-08-30 17:15:24,0.0
GEOP_20260402.csv,2025-08-30 17:18:24,0.0
GEOP_20260402.csv,2025-08-30 17:21:23,0.0
GEOP_20260402.csv,2025-08-30 17:24:23,0.0
GEOP_20260402.csv,2025-08-30 17:27:23,0.0
GEOP_20260402.csv,2025-08-30 17:30:23,0.0
GEOP_20260402.csv,2025-08-30 17:33:23,0.0
GEOP_20260402.csv,2025-08-30 17:36:23,0.0
GEOP_20260402.csv,2025-08-30 17:39:23,0.0
GEOP_20260402.csv,2025-08-30 17:42:23,0.0
GEOP_20260402.csv,2025-08-30 17:45:23,0.0
GEOP_20260402.csv,2025-08-30 17:48:23,0.0
GEOP_20260402.csv,2025-08-30 17:51:23,0.0
GEOP_20260402.csv,2025-08-30 17:54:23,0.0
GEOP_20260402.csv,2025-08-30 17:57:23,0.0
GEOP_20260402.csv,2025-08-30 18:00:23,0.0
GEOP_20260402.csv,2025-08-30 18:03:23,0.0
GEOP_20260402.csv,2025-08-30 18:06:23,0.0
GEOP_20260402.csv,2025-08-30 18:09:23,0.0
GEOP_20260402.csv,2025-08-30 18:12:23,0.0
GEOP_20260402.csv,2025-08-30 18:15:23,0.0
GEOP_20260402.csv,2025-08-30 18:18:23,0.0
GEOP_20260402.csv,2025-08-30 18:21:23,0.0
GEOP_20260402.csv,2025-08-30 18:24:23,0.0
GEOP_20260402.csv,2025-08-30 18:27:23,0.0
GEOP_20260402.csv,2025-08-30 18:30:23,0.0
GEOP_20260402.csv,2025-08-30 18:33:23,0.0
GEOP_20260402.csv,2025-08-30 18:36:23,0.0
GEOP_20260402.csv,2025-08-30 18:39:23,0.0
GEOP_20260402.csv,2025-08-30 18:42:23,0.0
GEOP_20260402.csv,2025-08-30 18:45:23,0.0
GEOP_20260402.csv,2025-08-30 18:48:23,0.0
GEOP_20260402.csv,2025-08-30 18:51:23,0.0
GEOP_20260402.csv,2025-08-30 18:54:23,0.0
GEOP_20260402.csv,2025-08-30 18:57:23,0.0
GEOP_20260402.csv,2025-08-30 19:00:23,0.0
GEOP_20260402.csv,2025-08-30 19:03:23,0.0
GEOP_20260402.csv,2025-08-30 19:06:23,0.0
GEOP_20260402.csv,2025-08-30 19:09:23,0.0
GEOP_20260402.csv,2025-08-30 19:12:23,0.0
GEOP_20260402.csv,2025-08-30 19:15:23,0.0
GEOP_20260402.csv,2025-08-30 19:18:23,0.0
GEOP_20260402.csv,2025-08-30 19:21:23,0.0
GEOP_20260402.csv,2025-08-30 19:24:23,0.0
GEOP_20260402.csv,2025-08-30 19:27:23,0.0
GEOP_20260402.csv,2025-08-30 19:30:23,0.0
GEOP_20260402.csv,2025-08-30 19:33:23,0.0
GEOP_20260402.csv,2025-08-30 19:36:23,0.0
GEOP_20260402.csv,2025-08-30 19:39:23,0.0
GEOP_20260402.csv,2025-08-30 19:42:23,0.0
GEOP_20260402.csv,2025-08-30 19:45:23,0.0
GEOP_20260402.csv,2025-08-30 19:48:23,0.0
GEOP_20260402.csv,2025-08-30 19:51:23,0.0
GEOP_20260402.csv,2025-08-30 19:54:23,0.0
GEOP_20260402.csv,2025-08-30 19:57:23,0.0
GEOP_20260402.csv,2025-08-30 20:00:23,0.0
GEOP_20260402.csv,2025-08-30 20:03:23,0.0
GEOP_20260402.csv,2025-08-30 20:06:23,0.0
GEOP_20260402.csv,2025-08-30 20:09:23,0.0
GEOP_20260402.csv,2025-08-30 20:12:23,0.0
GEOP_20260402.csv,2025-08-30 20:15:23,0.0
GEOP_20260402.csv,2025-08-30 20:18:23,0.0
GEOP_20260402.csv,2025-08-30 20:21:23,0.0
GEOP_20260402.csv,2025-08-30 20:24:23,0.0
GEOP_20260402.csv,2025-08-30 20:27:23,0.0
GEOP_20260402.csv,2025-08-30 20:30:23,0.0
GEOP_20260402.csv,2025-08-30 20:33:23,0.0
GEOP_20260402.csv,2025-08-30 20:36:23,0.0
GEOP_20260402.csv,2025-08-30 20:39:23,0.0
GEOP_20260402.csv,2025-08-30 20:42:23,0.0
GEOP_20260402.csv,2025-08-30 20:45:23,0.0
GEOP_20260402.csv,2025-08-30 20:48:23,0.0
GEOP_20260402.csv,2025-08-30 20:51:23,0.0
GEOP_20260402.csv,2025-08-30 20:54:23,0.0
GEOP_20260402.csv,2025-08-30 20:57:23,0.0
GEOP_20260402.csv,2025-08-30 21:00:23,0.0
GEOP_20260402.csv,2025-08-30 21:03:23,0.0
GEOP_20260402.csv,2025-08-30 21:06:23,0.0
GEOP_20260402.csv,2025-08-30 21:09:23,0.0
GEOP_20260402.csv,2025-08-30 21:12:23,0.0
GEOP_20260402.csv,2025-08-30 21:15:23,0.0
GEOP_20260402.csv,2025-08-30 21:18:23,0.0
GEOP_20260402.csv,2025-08-30 21:21:23,0.0
GEOP_20260402.csv,2025-08-30 21:24:23,0.0
GEOP_20260402.csv,2025-08-30 21:27:23,0.0
GEOP_20260402.csv,2025-08-30 21:30:23,0.0
GEOP_20260402.csv,2025-08-30 21:33:23,0.0
GEOP_20260402.csv,2025-08-30 21:36:23,0.0
GEOP_20260402.csv,2025-08-30 21:39:23,0.0
GEOP_20260402.csv,2025-08-30 21:42:23,0.0
GEOP_20260402.csv,2025-08-30 21:45:23,0.0
GEOP_20260402.csv,2025-08-30 21:48:23,0.0
GEOP_20260402.csv,2025-08-30 21:51:23,0.0
GEOP_20260402.csv,2025-08-30 21:54:23,0.0
GEOP_20260402.csv,2025-08-30 21:57:23,0.0
GEOP_20260402.csv,2025-08-30 22:00:23,0.0
GEOP_20260402.csv,2025-08-30 22:03:23,0.0
GEOP_20260402.csv,2025-08-30 22:06:23,0.0
GEOP_20260402.csv,2025-08-30 22:09:23,0.0
GEOP_20260402.csv,2025-08-30 22:12:23,0.0
GEOP_20260402.csv,2025-08-30 22:15:23,0.0
GEOP_20260402.csv,2025-08-30 22:18:23,0.0
GEOP_20260402.csv,2025-08-30 22:21:23,0.0
GEOP_20260402.csv,2025-08-30 22:24:23,0.0
GEOP_20260402.csv,2025-08-30 22:27:23,0.0
GEOP_20260402.csv,2025-08-30 22:30:23,0.0
GEOP_20260402.csv,2025-08-30 22:33:23,0.0
GEOP_20260402.csv,2025-08-30 22:36:23,0.0
GEOP_20260402.csv,2025-08-30 22:39:23,0.0
GEOP_20260402.csv,2025-08-30 22:42:23,0.0
GEOP_20260402.csv,2025-08-30 22:45:23,0.0
GEOP_20260402.csv,2025-08-30 22:48:23,0.0
GEOP_20260402.csv,2025-08-30 22:51:23,0.0
GEOP_20260402.csv,2025-08-30 22:54:23,0.0
GEOP_20260402.csv,2025-08-30 22:57:23,0.0
GEOP_20260402.csv,2025-08-30 23:00:23,0.0
GEOP_20260402.csv,2025-08-30 23:03:23,0.0
GEOP_20260402.csv,2025-08-30 23:06:23,0.0
GEOP_20260402.csv,2025-08-30 23:09:23,0.0
GEOP_20260402.csv,2025-08-30 23:12:23,0.0
GEOP_20260402.csv,2025-08-30 23:15:23,0.0
GEOP_20260402.csv,2025-08-30 23:18:23,0.0
GEOP_20260402.csv,2025-08-30 23:21:23,0.0
GEOP_20260402.csv,2025-08-30 23:24:23,0.0
GEOP_20260402.csv,2025-08-30 23:27:23,0.0
GEOP_20260402.csv,2025-08-30 23:30:23,0.0
GEOP_20260402.csv,2025-08-30 23:33:23,0.0
GEOP_20260402.csv,2025-08-30 23:36:23,0.0
GEOP_20260402.csv,2025-08-30 23:39:23,0.0
GEOP_20260402.csv,2025-08-30 23:42:23,0.0
GEOP_20260402.csv,2025-08-30 23:45:23,0.0
GEOP_20260402.csv,2025-08-30 23:48:23,0.0
GEOP_20260402.csv,2025-08-30 23:51:23,0.0
GEOP_20260402.csv,2025-08-30 23:54:23,0.0
GEOP_20260402.csv,2025-08-30 23:57:23,0.0
GEOP_20260402.csv,2025-08-31 00:00:23,0.0
GEOP_20260402.csv,2025-08-31 00:03:23,0.0
GEOP_20260402.csv,2025-08-31 00:06:23,0.0
GEOP_20260402.csv,2025-08-31 00:09:23,0.0
GEOP_20260402.csv,2025-08-31 00:12:23,0.0
GEOP_20260402.csv,2025-08-31 00:15:23,0.0
GEOP_20260402.csv,2025-08-31 00:18:23,0.0
GEOP_20260402.csv,2025-08-31 00:21:23,0.0
GEOP_20260402.csv,2025-08-31 00:24:23,0.0
GEOP_20260402.csv,2025-08-31 00:27:23,0.0
GEOP_20260402.csv,2025-08-31 00:30:23,0.0
GEOP_20260402.csv,2025-08-31 00:33:23,0.0
GEOP_20260402.csv,2025-08-31 00:36:23,0.0
GEOP_20260402.csv,2025-08-31 00:39:23,0.0
GEOP_20260402.csv,2025-08-31 00:42:23,0.0
GEOP_20260402.csv,2025-08-31 00:45:23,0.0
GEOP_20260402.csv,2025-08-31 00:48:23,0.0
GEOP_20260402.csv,2025-08-31 00:51:23,0.0
GEOP_20260402.csv,2025-08-31 00:54:23,0.0
GEOP_20260402.csv,2025-08-31 00:57:23,0.0
GEOP_20260402.csv,2025-08-31 01:00:23,0.0
GEOP_20260402.csv,2025-08-31 01:03:23,0.0
GEOP_20260402.csv,2025-08-31 01:06:23,0.0
GEOP_20260402.csv,2025-08-31 01:09:23,0.0
GEOP_20260402.csv,2025-08-31 01:12:23,0.0
GEOP_20260402.csv,2025-08-31 01:15:23,0.0
GEOP_20260402.csv,2025-08-31 01:18:23,0.0
GEOP_20260402.csv,2025-08-31 01:21:23,0.0
GEOP_20260402.csv,2025-08-31 01:24:23,0.0
GEOP_20260402.csv,2025-08-31 01:27:23,0.0
GEOP_20260402.csv,2025-08-31 01:30:23,0.0
GEOP_20260402.csv,2025-08-31 01:33:23,0.0
GEOP_20260402.csv,2025-08-31 01:36:23,0.0
GEOP_20260402.csv,2025-08-31 01:39:23,0.0
GEOP_20260402.csv,2025-08-31 01:42:23,0.0
GEOP_20260402.csv,2025-08-31 01:45:23,0.0
GEOP_20260402.csv,2025-08-31 01:48:23,0.0
GEOP_20260402.csv,2025-08-31 01:51:23,0.0
GEOP_20260402.csv,2025-08-31 01:54:23,0.0
GEOP_20260402.csv,2025-08-31 01:57:23,0.0
GEOP_20260402.csv,2025-08-31 02:00:23,0.0
GEOP_20260402.csv,2025-08-31 02:03:23,0.0
GEOP_20260402.csv,2025-08-31 02:06:23,0.0
GEOP_20260402.csv,2025-08-31 02:09:23,0.0
GEOP_20260402.csv,2025-08-31 02:12:23,0.0
GEOP_20260402.csv,2025-08-31 02:15:23,0.0
GEOP_20260402.csv,2025-08-31 02:18:23,0.0
GEOP_20260402.csv,2025-08-31 02:21:23,0.0
GEOP_20260402.csv,2025-08-31 02:24:23,0.0
GEOP_20260402.csv,2025-08-31 02:27:23,0.0
GEOP_20260402.csv,2025-08-31 02:30:23,0.0
GEOP_20260402.csv,2025-08-31 02:33:23,0.0
GEOP_20260402.csv,2025-08-31 02:36:23,0.0
GEOP_20260402.csv,2025-08-31 02:39:23,0.0
GEOP_20260402.csv,2025-08-31 02:42:23,0.0
GEOP_20260402.csv,2025-08-31 02:45:23,0.0
GEOP_20260402.csv,2025-08-31 02:48:23,0.0
GEOP_20260402.csv,2025-08-31 02:51:23,0.0
GEOP_20260402.csv,2025-08-31 02:54:23,0.0
GEOP_20260402.csv,2025-08-31 02:57:23,0.0
GEOP_20260402.csv,2025-08-31 03:00:23,0.0
GEOP_20260402.csv,2025-08-31 03:03:23,0.0
GEOP_20260402.csv,2025-08-31 03:06:23,0.0
GEOP_20260402.csv,2025-08-31 03:09:23,0.0
GEOP_20260402.csv,2025-08-31 03:12:23,0.0
GEOP_20260402.csv,2025-08-31 03:15:23,0.0
GEOP_20260402.csv,2025-08-31 03:18:23,0.0
GEOP_20260402.csv,2025-08-31 03:21:23,0.0
GEOP_20260402.csv,2025-08-31 03:24:22,0.0
GEOP_20260402.csv,2025-08-31 03:27:22,0.0
GEOP_20260402.csv,2025-08-31 03:30:23,0.0
GEOP_20260402.csv,2025-08-31 03:33:22,0.0
GEOP_20260402.csv,2025-08-31 03:36:22,0.0
GEOP_20260402.csv,2025-08-31 03:39:22,0.0
GEOP_20260402.csv,2025-08-31 03:42:22,0.0
GEOP_20260402.csv,2025-08-31 03:45:22,0.0
GEOP_20260402.csv,2025-08-31 03:48:22,0.0
GEOP_20260402.csv,2025-08-31 03:51:22,0.0
GEOP_20260402.csv,2025-08-31 03:54:22,0.0
GEOP_20260402.csv,2025-08-31 03:57:22,0.0
GEOP_20260402.csv,2025-08-31 04:00:22,0.0
GEOP_20260402.csv,2025-08-31 04:03:22,0.0
GEOP_20260402.csv,2025-08-31 04:06:22,0.0
GEOP_20260402.csv,2025-08-31 04:09:22,0.0
GEOP_20260402.csv,2025-08-31 04:12:22,0.0
GEOP_20260402.csv,2025-08-31 04:15:22,0.0
GEOP_20260402.csv,2025-08-31 04:18:22,0.0
GEOP_20260402.csv,2025-08-31 04:21:22,0.0
GEOP_20260402.csv,2025-08-31 04:24:22,0.0
GEOP_20260402.csv,2025-08-31 04:27:22,0.0
GEOP_20260402.csv,2025-08-31 04:30:22,0.0
GEOP_20260402.csv,2025-08-31 04:33:22,0.0
GEOP_20260402.csv,2025-08-31 04:36:22,0.0
GEOP_20260402.csv,2025-08-31 04:39:22,0.0
GEOP_20260402.csv,2025-08-31 04:42:22,0.0
GEOP_20260402.csv,2025-08-31 04:45:22,0.0
GEOP_20260402.csv,2025-08-31 04:48:22,0.0
GEOP_20260402.csv,2025-08-31 04:51:22,0.0
GEOP_20260402.csv,2025-08-31 04:54:22,0.0
GEOP_20260402.csv,2025-08-31 04:57:22,0.0
GEOP_20260402.csv,2025-08-31 05:00:22,0.0
GEOP_20260402.csv,2025-08-31 05:03:22,0.0
GEOP_20260402.csv,2025-08-31 05:06:22,0.0
GEOP_20260402.csv,2025-08-31 05:09:22,0.0
GEOP_20260402.csv,2025-08-31 05:12:22,0.0
GEOP_20260402.csv,2025-08-31 05:15:22,0.0
GEOP_20260402.csv,2025-08-31 05:18:22,0.0
GEOP_20260402.csv,2025-08-31 05:21:22,0.0
GEOP_20260402.csv,2025-08-31 05:24:22,0.0
GEOP_20260402.csv,2025-08-31 05:27:22,0.0
GEOP_20260402.csv,2025-08-31 05:30:22,0.0
GEOP_20260402.csv,2025-08-31 05:33:22,0.0
GEOP_20260402.csv,2025-08-31 05:36:22,0.0
GEOP_20260402.csv,2025-08-31 05:39:22,0.0
GEOP_20260402.csv,2025-08-31 05:42:22,0.0
GEOP_20260402.csv,2025-08-31 05:45:22,0.0
GEOP_20260402.csv,2025-08-31 05:48:22,0.0
GEOP_20260402.csv,2025-08-31 05:51:22,0.0
GEOP_20260402.csv,2025-08-31 05:54:22,0.0
GEOP_20260402.csv,2025-08-31 05:57:22,0.0
GEOP_20260402.csv,2025-08-31 06:00:22,0.0
GEOP_20260402.csv,2025-08-31 06:03:22,0.0
GEOP_20260402.csv,2025-08-31 06:06:22,0.0
GEOP_20260402.csv,2025-08-31 06:09:22,0.0
GEOP_20260402.csv,2025-08-31 06:12:22,0.0
GEOP_20260402.csv,2025-08-31 06:15:22,0.0
GEOP_20260402.csv,2025-08-31 06:18:22,0.0
GEOP_20260402.csv,2025-08-31 06:21:22,0.0
GEOP_20260402.csv,2025-08-31 06:24:22,0.0
GEOP_20260402.csv,2025-08-31 06:27:22,0.0
GEOP_20260402.csv,2025-08-31 06:30:22,0.0
GEOP_20260402.csv,2025-08-31 06:33:22,0.0
GEOP_20260402.csv,2025-08-31 06:36:22,0.0
GEOP_20260402.csv,2025-08-31 06:39:22,0.0
GEOP_20260402.csv,2025-08-31 06:42:22,0.0
GEOP_20260402.csv,2025-08-31 06:45:22,0.0
GEOP_20260402.csv,2025-08-31 06:48:22,0.0
GEOP_20260402.csv,2025-08-31 06:51:22,0.0
GEOP_20260402.csv,2025-08-31 06:54:22,0.0
GEOP_20260402.csv,2025-08-31 06:57:22,0.0
GEOP_20260402.csv,2025-08-31 07:00:22,0.0
GEOP_20260402.csv,2025-08-31 07:03:22,0.0
GEOP_20260402.csv,2025-08-31 07:06:22,0.0
GEOP_20260402.csv,2025-08-31 07:09:22,0.0
GEOP_20260402.csv,2025-08-31 07:12:22,0.0
GEOP_20260402.csv,2025-08-31 07:15:22,0.0
GEOP_20260402.csv,2025-08-31 07:18:22,0.0
GEOP_20260402.csv,2025-08-31 07:21:22,0.0
GEOP_20260402.csv,2025-08-31 07:24:22,0.0
GEOP_20260402.csv,2025-08-31 07:27:22,0.0
GEOP_20260402.csv,2025-08-31 07:30:22,0.0
GEOP_20260402.csv,2025-08-31 07:33:22,0.0
GEOP_20260402.csv,2025-08-31 07:36:22,0.0
GEOP_20260402.csv,2025-08-31 07:39:22,0.0
GEOP_20260402.csv,2025-08-31 07:42:22,0.0
GEOP_20260402.csv,2025-08-31 07:45:22,0.0
GEOP_20260402.csv,2025-08-31 07:48:22,0.0
GEOP_20260402.csv,2025-08-31 07:51:22,0.0
GEOP_20260402.csv,2025-08-31 07:54:22,0.0
GEOP_20260402.csv,2025-08-31 07:57:22,0.0
GEOP_20260402.csv,2025-08-31 08:00:22,0.0
GEOP_20260402.csv,2025-08-31 08:03:22,0.0
GEOP_20260402.csv,2025-08-31 08:06:22,0.0
GEOP_20260402.csv,2025-08-31 08:09:22,0.0
GEOP_20260402.csv,2025-08-31 08:12:22,0.0
GEOP_20260402.csv,2025-08-31 08:15:22,0.0
GEOP_20260402.csv,2025-08-31 08:18:22,0.0
GEOP_20260402.csv,2025-08-31 08:21:22,0.0
GEOP_20260402.csv,2025-08-31 08:24:22,0.0
GEOP_20260402.csv,2025-08-31 08:27:22,0.0
GEOP_20260402.csv,2025-08-31 08:30:22,0.0
GEOP_20260402.csv,2025-08-31 08:33:22,0.0
GEOP_20260402.csv,2025-08-31 08:36:22,0.0
GEOP_20260402.csv,2025-08-31 08:39:22,0.0
GEOP_20260402.csv,2025-08-31 08:42:22,0.0
GEOP_20260402.csv,2025-08-31 08:45:22,0.0
GEOP_20260402.csv,2025-08-31 08:48:22,0.0
GEOP_20260402.csv,2025-08-31 08:51:22,0.0
GEOP_20260402.csv,2025-08-31 08:54:22,0.0
GEOP_20260402.csv,2025-08-31 08:57:22,0.0
GEOP_20260402.csv,2025-08-31 09:00:22,0.0
GEOP_20260402.csv,2025-08-31 09:03:22,0.0
GEOP_20260402.csv,2025-08-31 09:06:22,0.0
GEOP_20260402.csv,2025-08-31 09:09:22,0.0
GEOP_20260402.csv,2025-08-31 09:12:22,0.0
GEOP_20260402.csv,2025-08-31 09:15:22,0.0
GEOP_20260402.csv,2025-08-31 09:18:22,0.0
GEOP_20260402.csv,2025-08-31 09:21:22,0.0
GEOP_20260402.csv,2025-08-31 09:24:22,0.0
GEOP_20260402.csv,2025-08-31 09:27:22,0.0
GEOP_20260402.csv,2025-08-31 09:30:22,0.0
GEOP_20260402.csv,2025-08-31 09:33:22,0.0
GEOP_20260402.csv,2025-08-31 09:36:22,0.0
GEOP_20260402.csv,2025-08-31 09:39:22,0.0
GEOP_20260402.csv,2025-08-31 09:42:22,0.0
GEOP_20260402.csv,2025-08-31 09:45:22,0.0
GEOP_20260402.csv,2025-08-31 09:48:22,0.0
GEOP_20260402.csv,2025-08-31 09:51:22,0.0
GEOP_20260402.csv,2025-08-31 09:54:22,0.0
GEOP_20260402.csv,2025-08-31 09:57:22,0.0
GEOP_20260402.csv,2025-08-31 10:00:22,0.0
GEOP_20260402.csv,2025-08-31 10:03:22,0.0
GEOP_20260402.csv,2025-08-31 10:06:22,0.0
GEOP_20260402.csv,2025-08-31 10:09:22,0.0
GEOP_20260402.csv,2025-08-31 10:12:22,0.0
GEOP_20260402.csv,2025-08-31 10:15:22,0.0
GEOP_20260402.csv,2025-08-31 10:18:22,0.0
GEOP_20260402.csv,2025-08-31 10:21:22,0.0
GEOP_20260402.csv,2025-08-31 10:24:22,0.0
GEOP_20260402.csv,2025-08-31 10:27:22,0.0
GEOP_20260402.csv,2025-08-31 10:30:22,0.0
GEOP_20260402.csv,2025-08-31 10:33:22,0.0
GEOP_20260402.csv,2025-08-31 10:36:22,0.0
GEOP_20260402.csv,2025-08-31 10:39:22,0.0
GEOP_20260402.csv,2025-08-31 10:42:22,0.0
GEOP_20260402.csv,2025-08-31 10:45:22,0.0
GEOP_20260402.csv,2025-08-31 10:48:22,0.0
GEOP_20260402.csv,2025-08-31 10:51:22,0.0
GEOP_20260402.csv,2025-08-31 10:54:22,0.0
GEOP_20260402.csv,2025-08-31 10:57:22,0.0
GEOP_20260402.csv,2025-08-31 11:00:22,0.0
GEOP_20260402.csv,2025-08-31 11:03:22,0.0
GEOP_20260402.csv,2025-08-31 11:06:22,0.0
GEOP_20260402.csv,2025-08-31 11:09:22,0.0
GEOP_20260402.csv,2025-08-31 11:12:22,0.0
GEOP_20260402.csv,2025-08-31 11:15:22,0.0
GEOP_20260402.csv,2025-08-31 11:18:22,0.0
GEOP_20260402.csv,2025-08-31 11:21:22,0.0
GEOP_20260402.csv,2025-08-31 11:24:22,0.0
GEOP_20260402.csv,2025-08-31 11:27:22,0.0
GEOP_20260402.csv,2025-08-31 11:30:22,0.0
GEOP_20260402.csv,2025-08-31 11:33:22,0.0
GEOP_20260402.csv,2025-08-31 11:36:22,0.0
GEOP_20260402.csv,2025-08-31 11:39:22,0.0
GEOP_20260402.csv,2025-08-31 11:42:22,0.0
GEOP_20260402.csv,2025-08-31 11:45:22,0.0
GEOP_20260402.csv,2025-08-31 11:48:22,0.0
GEOP_20260402.csv,2025-08-31 11:51:22,0.0
GEOP_20260402.csv,2025-08-31 11:54:22,0.0
GEOP_20260402.csv,2025-08-31 11:57:22,0.0
GEOP_20260402.csv,2025-08-31 12:00:22,0.0
GEOP_20260402.csv,2025-08-31 12:03:22,0.0
GEOP_20260402.csv,2025-08-31 12:06:22,0.0
GEOP_20260402.csv,2025-08-31 12:09:22,0.0
GEOP_20260402.csv,2025-08-31 12:12:22,0.0
GEOP_20260402.csv,2025-08-31 12:15:22,0.0
GEOP_20260402.csv,2025-08-31 12:18:22,0.0
GEOP_20260402.csv,2025-08-31 12:21:22,0.0
GEOP_20260402.csv,2025-08-31 12:24:22,0.0
GEOP_20260402.csv,2025-08-31 12:27:22,0.0
GEOP_20260402.csv,2025-08-31 12:30:22,0.0
GEOP_20260402.csv,2025-08-31 12:33:22,0.0
GEOP_20260402.csv,2025-08-31 12:36:22,0.0
GEOP_20260402.csv,2025-08-31 12:39:22,0.0
GEOP_20260402.csv,2025-08-31 12:42:22,0.0
GEOP_20260402.csv,2025-08-31 12:45:22,0.0
GEOP_20260402.csv,2025-08-31 12:48:22,0.0
GEOP_20260402.csv,2025-08-31 12:51:22,0.0
GEOP_20260402.csv,2025-08-31 12:54:22,0.0
GEOP_20260402.csv,2025-08-31 12:57:22,0.0
GEOP_20260402.csv,2025-08-31 13:00:22,0.0
GEOP_20260402.csv,2025-08-31 13:03:22,0.0
GEOP_20260402.csv,2025-08-31 13:06:22,0.0
GEOP_20260402.csv,2025-08-31 13:09:22,0.0
GEOP_20260402.csv,2025-08-31 13:12:21,0.0
GEOP_20260402.csv,2025-08-31 13:15:21,0.0
GEOP_20260402.csv,2025-08-31 13:18:21,0.0
GEOP_20260402.csv,2025-08-31 13:21:21,0.0
GEOP_20260402.csv,2025-08-31 13:24:21,0.0
GEOP_20260402.csv,2025-08-31 13:27:21,0.0
GEOP_20260402.csv,2025-08-31 13:30:21,0.0
GEOP_20260402.csv,2025-08-31 13:33:21,0.0
GEOP_20260402.csv,2025-08-31 13:36:21,0.0
GEOP_20260402.csv,2025-08-31 13:39:21,0.0
GEOP_20260402.csv,2025-08-31 13:42:22,0.0
GEOP_20260402.csv,2025-08-31 13:45:21,0.0
GEOP_20260402.csv,2025-08-31 13:48:21,0.0
GEOP_20260402.csv,2025-08-31 13:51:21,0.0
GEOP_20260402.csv,2025-08-31 13:54:21,0.0
GEOP_20260402.csv,2025-08-31 13:57:21,0.0
GEOP_20260402.csv,2025-08-31 14:00:21,0.0
GEOP_20260402.csv,2025-08-31 14:03:21,0.0
GEOP_20260402.csv,2025-08-31 14:06:21,0.0
GEOP_20260402.csv,2025-08-31 14:09:21,0.0
GEOP_20260402.csv,2025-08-31 14:12:21,0.0
GEOP_20260402.csv,2025-08-31 14:15:21,0.0
GEOP_20260402.csv,2025-08-31 14:18:21,0.0
GEOP_20260402.csv,2025-08-31 14:21:21,0.0
GEOP_20260402.csv,2025-08-31 14:24:21,0.0
GEOP_20260402.csv,2025-08-31 14:27:21,0.0
GEOP_20260402.csv,2025-08-31 14:30:21,0.0
GEOP_20260402.csv,2025-08-31 14:33:21,0.0
GEOP_20260402.csv,2025-08-31 14:36:21,0.0
GEOP_20260402.csv,2025-08-31 14:39:21,0.0
GEOP_20260402.csv,2025-08-31 14:42:21,0.0
GEOP_20260402.csv,2025-08-31 14:45:21,0.0
GEOP_20260402.csv,2025-08-31 14:48:21,0.0
GEOP_20260402.csv,2025-08-31 14:51:21,0.0
GEOP_20260402.csv,2025-08-31 14:54:21,0.0
GEOP_20260402.csv,2025-08-31 14:57:21,0.0
GEOP_20260402.csv,2025-08-31 15:00:21,0.0
GEOP_20260402.csv,2025-08-31 15:03:21,0.0
GEOP_20260402.csv,2025-08-31 15:06:21,0.0
GEOP_20260402.csv,2025-08-31 15:09:21,0.0
GEOP_20260402.csv,2025-08-31 15:12:21,0.0
GEOP_20260402.csv,2025-08-31 15:15:21,0.0
GEOP_20260402.csv,2025-08-31 15:18:21,0.0
GEOP_20260402.csv,2025-08-31 15:21:21,0.0
GEOP_20260402.csv,2025-08-31 15:24:21,0.0
GEOP_20260402.csv,2025-08-31 15:27:21,0.0
GEOP_20260402.csv,2025-08-31 15:30:21,0.0
GEOP_20260402.csv,2025-08-31 15:33:21,0.0
GEOP_20260402.csv,2025-08-31 15:36:21,0.0
GEOP_20260402.csv,2025-08-31 15:39:21,0.0
GEOP_20260402.csv,2025-08-31 15:42:21,0.0
GEOP_20260402.csv,2025-08-31 15:45:21,0.0
GEOP_20260402.csv,2025-08-31 15:48:21,0.0
GEOP_20260402.csv,2025-08-31 15:51:21,0.0
GEOP_20260402.csv,2025-08-31 15:54:21,0.0
GEOP_20260402.csv,2025-08-31 15:57:21,0.0
GEOP_20260402.csv,2025-08-31 16:00:21,0.0
GEOP_20260402.csv,2025-08-31 16:03:21,0.0
GEOP_20260402.csv,2025-08-31 16:06:21,0.0
GEOP_20260402.csv,2025-08-31 16:09:21,0.0
GEOP_20260402.csv,2025-08-31 16:12:21,0.0
GEOP_20260402.csv,2025-08-31 16:15:21,0.0
GEOP_20260402.csv,2025-08-31 16:18:21,0.0
GEOP_20260402.csv,2025-08-31 16:21:21,0.0
GEOP_20260402.csv,2025-08-31 16:24:21,0.0
GEOP_20260402.csv,2025-08-31 16:27:21,0.0
GEOP_20260402.csv,2025-08-31 16:30:21,0.0
GEOP_20260402.csv,2025-08-31 16:33:21,0.0
GEOP_20260402.csv,2025-08-31 16:36:21,0.0
GEOP_20260402.csv,2025-08-31 16:39:21,0.0
GEOP_20260402.csv,2025-08-31 16:42:21,0.0
GEOP_20260402.csv,2025-08-31 16:45:21,0.0
GEOP_20260402.csv,2025-08-31 16:48:21,0.0
GEOP_20260402.csv,2025-08-31 16:51:21,0.0
GEOP_20260402.csv,2025-08-31 16:54:21,0.0
GEOP_20260402.csv,2025-08-31 16:57:21,0.0
GEOP_20260402.csv,2025-08-31 17:00:21,0.0
GEOP_20260402.csv,2025-08-31 17:03:21,0.0
GEOP_20260402.csv,2025-08-31 17:06:21,0.0
GEOP_20260402.csv,2025-08-31 17:09:21,0.0
GEOP_20260402.csv,2025-08-31 17:12:21,0.0
GEOP_20260402.csv,2025-08-31 17:15:21,0.0
GEOP_20260402.csv,2025-08-31 17:18:21,0.0
GEOP_20260402.csv,2025-08-31 17:21:21,0.0
GEOP_20260402.csv,2025-08-31 17:24:21,0.0
GEOP_20260402.csv,2025-08-31 17:27:21,0.0
GEOP_20260402.csv,2025-08-31 17:30:21,0.0
GEOP_20260402.csv,2025-08-31 17:33:21,0.0
GEOP_20260402.csv,2025-08-31 17:36:21,0.0
GEOP_20260402.csv,2025-08-31 17:39:21,0.0
GEOP_20260402.csv,2025-08-31 17:42:21,0.0
GEOP_20260402.csv,2025-08-31 17:45:21,0.0
GEOP_20260402.csv,2025-08-31 17:48:21,0.0
GEOP_20260402.csv,2025-08-31 17:51:21,0.0
GEOP_20260402.csv,2025-08-31 17:54:21,0.0
GEOP_20260402.csv,2025-08-31 17:57:21,0.0
GEOP_20260402.csv,2025-08-31 18:00:21,0.0
GEOP_20260402.csv,2025-08-31 18:03:21,0.0
GEOP_20260402.csv,2025-08-31 18:06:21,0.0
GEOP_20260402.csv,2025-08-31 18:09:21,0.0
GEOP_20260402.csv,2025-08-31 18:12:21,0.0
GEOP_20260402.csv,2025-08-31 18:15:21,0.0
GEOP_20260402.csv,2025-08-31 18:18:21,0.0
GEOP_20260402.csv,2025-08-31 18:21:21,0.0
GEOP_20260402.csv,2025-08-31 18:24:21,0.0
GEOP_20260402.csv,2025-08-31 18:27:21,0.0
GEOP_20260402.csv,2025-08-31 18:30:21,0.0
GEOP_20260402.csv,2025-08-31 18:33:21,0.0
GEOP_20260402.csv,2025-08-31 18:36:21,0.0
GEOP_20260402.csv,2025-08-31 18:39:21,0.0
GEOP_20260402.csv,2025-08-31 18:42:21,0.0
GEOP_20260402.csv,2025-08-31 18:45:21,0.0
GEOP_20260402.csv,2025-08-31 18:48:21,0.0
GEOP_20260402.csv,2025-08-31 18:51:21,0.0
GEOP_20260402.csv,2025-08-31 18:54:21,0.0
GEOP_20260402.csv,2025-08-31 18:57:21,0.0
GEOP_20260402.csv,2025-08-31 19:00:21,0.0
GEOP_20260402.csv,2025-08-31 19:03:21,0.0
GEOP_20260402.csv,2025-08-31 19:06:21,0.0
GEOP_20260402.csv,2025-08-31 19:09:21,0.0
GEOP_20260402.csv,2025-08-31 19:12:21,0.0
GEOP_20260402.csv,2025-08-31 19:15:21,0.0
GEOP_20260402.csv,2025-08-31 19:18:21,0.0
GEOP_20260402.csv,2025-08-31 19:21:21,0.0
GEOP_20260402.csv,2025-08-31 19:24:21,0.0
GEOP_20260402.csv,2025-08-31 19:27:21,0.0
GEOP_20260402.csv,2025-08-31 19:30:21,0.0
GEOP_20260402.csv,2025-08-31 19:33:21,0.0
GEOP_20260402.csv,2025-08-31 19:36:21,0.0
GEOP_20260402.csv,2025-08-31 19:39:21,0.0
GEOP_20260402.csv,2025-08-31 19:42:21,0.0
GEOP_20260402.csv,2025-08-31 19:45:21,0.0
GEOP_20260402.csv,2025-08-31 19:48:21,0.0
GEOP_20260402.csv,2025-08-31 19:51:21,0.0
GEOP_20260402.csv,2025-08-31 19:54:21,0.0
GEOP_20260402.csv,2025-08-31 19:57:21,0.0
GEOP_20260402.csv,2025-08-31 20:00:21,0.0
GEOP_20260402.csv,2025-08-31 20:03:21,0.0
GEOP_20260402.csv,2025-08-31 20:06:21,0.0
GEOP_20260402.csv,2025-08-31 20:09:21,0.0
GEOP_20260402.csv,2025-08-31 20:12:21,0.0
GEOP_20260402.csv,2025-08-31 20:15:21,0.0
GEOP_20260402.csv,2025-08-31 20:18:21,0.0
GEOP_20260402.csv,2025-08-31 20:21:21,0.0
GEOP_20260402.csv,2025-08-31 20:24:21,0.0
GEOP_20260402.csv,2025-08-31 20:27:21,0.0
GEOP_20260402.csv,2025-08-31 20:30:21,0.0
GEOP_20260402.csv,2025-08-31 20:33:21,0.0
GEOP_20260402.csv,2025-08-31 20:36:21,0.0
GEOP_20260402.csv,2025-08-31 20:39:21,0.0
GEOP_20260402.csv,2025-08-31 20:42:21,0.0
GEOP_20260402.csv,2025-08-31 20:45:21,0.0
GEOP_20260402.csv,2025-08-31 20:48:21,0.0
GEOP_20260402.csv,2025-08-31 20:51:21,0.0
GEOP_20260402.csv,2025-08-31 20:54:21,0.0
GEOP_20260402.csv,2025-08-31 20:57:21,0.0
GEOP_20260402.csv,2025-08-31 21:00:21,0.0
GEOP_20260402.csv,2025-08-31 21:03:21,0.0
GEOP_20260402.csv,2025-08-31 21:06:21,0.0
GEOP_20260402.csv,2025-08-31 21:09:21,0.0
GEOP_20260402.csv,2025-08-31 21:12:21,0.0
GEOP_20260402.csv,2025-08-31 21:15:21,0.0
GEOP_20260402.csv,2025-08-31 21:18:21,0.0
GEOP_20260402.csv,2025-08-31 21:21:21,0.0
GEOP_20260402.csv,2025-08-31 21:24:21,0.0
GEOP_20260402.csv,2025-08-31 21:27:21,0.0
GEOP_20260402.csv,2025-08-31 21:30:21,0.0
GEOP_20260402.csv,2025-08-31 21:33:21,0.0
GEOP_20260402.csv,2025-08-31 21:36:21,0.0
GEOP_20260402.csv,2025-08-31 21:39:21,0.0
GEOP_20260402.csv,2025-08-31 21:42:21,0.0
GEOP_20260402.csv,2025-08-31 21:45:21,0.0
GEOP_20260402.csv,2025-08-31 21:48:21,0.0
GEOP_20260402.csv,2025-08-31 21:51:21,0.0
GEOP_20260402.csv,2025-08-31 21:54:21,0.0
GEOP_20260402.csv,2025-08-31 21:57:21,0.0
GEOP_20260402.csv,2025-08-31 22:00:21,0.0
GEOP_20260402.csv,2025-08-31 22:03:21,0.0
GEOP_20260402.csv,2025-08-31 22:06:21,0.0
GEOP_20260402.csv,2025-08-31 22:09:21,0.0
GEOP_20260402.csv,2025-08-31 22:12:21,0.0
GEOP_20260402.csv,2025-08-31 22:15:21,0.0
GEOP_20260402.csv,2025-08-31 22:18:21,0.0
GEOP_20260402.csv,2025-08-31 22:21:21,0.0
GEOP_20260402.csv,2025-08-31 22:24:21,0.0
GEOP_20260402.csv,2025-08-31 22:27:21,0.0
GEOP_20260402.csv,2025-08-31 22:30:21,0.0
GEOP_20260402.csv,2025-08-31 22:33:21,0.0
GEOP_20260402.csv,2025-08-31 22:36:21,0.0
GEOP_20260402.csv,2025-08-31 22:39:21,0.0
GEOP_20260402.csv,2025-08-31 22:42:20,0.0
GEOP_20260402.csv,2025-08-31 22:45:20,0.0
GEOP_20260402.csv,2025-08-31 22:48:20,0.0
GEOP_20260402.csv,2025-08-31 22:51:20,0.0
GEOP_20260402.csv,2025-08-31 22:54:20,0.0
GEOP_20260402.csv,2025-08-31 22:57:20,0.0
GEOP_20260402.csv,2025-08-31 23:00:20,0.0
GEOP_20260402.csv,2025-08-31 23:03:20,0.0
GEOP_20260402.csv,2025-08-31 23:06:20,0.0
GEOP_20260402.csv,2025-08-31 23:09:20,0.0
GEOP_20260402.csv,2025-08-31 23:12:20,0.0
GEOP_20260402.csv,2025-08-31 23:15:20,0.0
GEOP_20260402.csv,2025-08-31 23:18:20,0.0
GEOP_20260402.csv,2025-08-31 23:21:20,0.0
GEOP_20260402.csv,2025-08-31 23:24:20,0.0
GEOP_20260402.csv,2025-08-31 23:27:20,0.0
GEOP_20260402.csv,2025-08-31 23:30:20,0.0
GEOP_20260402.csv,2025-08-31 23:33:20,0.0
GEOP_20260402.csv,2025-08-31 23:36:20,0.0
GEOP_20260402.csv,2025-08-31 23:39:20,0.0
GEOP_20260402.csv,2025-08-31 23:42:20,0.0
GEOP_20260402.csv,2025-08-31 23:45:20,0.0
GEOP_20260402.csv,2025-08-31 23:48:20,0.0
GEOP_20260402.csv,2025-08-31 23:51:21,0.0
GEOP_20260402.csv,2025-08-31 23:54:20,0.0
GEOP_20260402.csv,2025-08-31 23:57:20,0.0
GEOP_20260402.csv,2025-09-01 00:00:20,0.0
GEOP_20260402.csv,2025-09-01 00:03:20,0.0
GEOP_20260402.csv,2025-09-01 00:06:20,0.0
GEOP_20260402.csv,2025-09-01 00:09:20,0.0
GEOP_20260402.csv,2025-09-01 00:12:20,0.09
GEOP_20260402.csv,2025-09-01 00:15:20,0.3
GEOP_20260402.csv,2025-09-01 00:18:20,0.47000000000000003
GEOP_20260402.csv,2025-09-01 00:21:20,0.28
GEOP_20260402.csv,2025-09-01 00:24:20,0.27
GEOP_20260402.csv,2025-09-01 00:27:20,0.22
GEOP_20260402.csv,2025-09-01 00:30:20,0.12
GEOP_20260402.csv,2025-09-01 00:33:20,0.11
GEOP_20260402.csv,2025-09-01 00:36:20,0.08
GEOP_20260402.csv,2025-09-01 00:39:20,0.14
GEOP_20260402.csv,2025-09-01 00:42:20,0.09
GEOP_20260402.csv,2025-09-01 00:45:20,0.06
GEOP_20260402.csv,2025-09-01 00:48:20,0.05
GEOP_20260402.csv,2025-09-01 00:51:20,0.04
GEOP_20260402.csv,2025-09-01 00:54:20,0.07
GEOP_20260402.csv,2025-09-01 00:57:20,0.09
GEOP_20260402.csv,2025-09-01 01:00:20,0.03
GEOP_20260402.csv,2025-09-01 01:03:20,0.04
GEOP_20260402.csv,2025-09-01 01:06:20,0.05
GEOP_20260402.csv,2025-09-01 01:09:20,0.07
GEOP_20260402.csv,2025-09-01 01:12:20,0.11
GEOP_20260402.csv,2025-09-01 01:15:20,0.16
GEOP_20260402.csv,2025-09-01 01:18:20,0.28
GEOP_20260402.csv,2025-09-01 01:21:20,0.2
GEOP_20260402.csv,2025-09-01 01:24:20,0.19
GEOP_20260402.csv,2025-09-01 01:27:20,0.2
GEOP_20260402.csv,2025-09-01 01:30:20,0.2
GEOP_20260402.csv,2025-09-01 01:33:20,0.2
GEOP_20260402.csv,2025-09-01 01:36:21,0.22
GEOP_20260402.csv,2025-09-01 01:39:20,0.16
GEOP_20260402.csv,2025-09-01 01:42:20,0.12
GEOP_20260402.csv,2025-09-01 01:45:20,0.13
GEOP_20260402.csv,2025-09-01 01:48:20,0.16
GEOP_20260402.csv,2025-09-01 01:51:20,0.19
GEOP_20260402.csv,2025-09-01 01:54:20,0.17
GEOP_20260402.csv,2025-09-01 01:57:20,0.15
GEOP_20260402.csv,2025-09-01 02:00:20,0.16
GEOP_20260402.csv,2025-09-01 02:03:20,0.16
GEOP_20260402.csv,2025-09-01 02:06:20,0.13
GEOP_20260402.csv,2025-09-01 02:09:20,0.15
GEOP_20260402.csv,2025-09-01 02:12:20,0.11
GEOP_20260402.csv,2025-09-01 02:15:20,0.1
GEOP_20260402.csv,2025-09-01 02:18:20,0.08
GEOP_20260402.csv,2025-09-01 02:21:20,0.06
GEOP_20260402.csv,2025-09-01 02:24:20,0.06
GEOP_20260402.csv,2025-09-01 02:27:20,0.05
GEOP_20260402.csv,2025-09-01 02:30:20,0.06
GEOP_20260402.csv,2025-09-01 02:33:20,0.04
GEOP_20260402.csv,2025-09-01 02:36:20,0.03
GEOP_20260402.csv,2025-09-01 02:39:20,0.01
GEOP_20260402.csv,2025-09-01 02:42:20,0.01
GEOP_20260402.csv,2025-09-01 02:45:20,0.0
GEOP_20260402.csv,2025-09-01 02:48:20,0.01
GEOP_20260402.csv,2025-09-01 02:51:20,0.0
GEOP_20260402.csv,2025-09-01 02:54:20,0.0
GEOP_20260402.csv,2025-09-01 02:57:20,0.0
GEOP_20260402.csv,2025-09-01 03:00:20,0.01
GEOP_20260402.csv,2025-09-01 03:03:20,0.0
GEOP_20260402.csv,2025-09-01 03:06:20,0.0
GEOP_20260402.csv,2025-09-01 03:09:20,0.0
GEOP_20260402.csv,2025-09-01 03:12:20,0.0
GEOP_20260402.csv,2025-09-01 03:15:20,0.0
GEOP_20260402.csv,2025-09-01 03:18:20,0.0
GEOP_20260402.csv,2025-09-01 03:21:20,0.03
GEOP_20260402.csv,2025-09-01 03:24:20,0.18
GEOP_20260402.csv,2025-09-01 03:27:20,0.27
GEOP_20260402.csv,2025-09-01 03:30:20,0.05
GEOP_20260402.csv,2025-09-01 03:33:20,0.28
GEOP_20260402.csv,2025-09-01 03:36:20,0.31
GEOP_20260402.csv,2025-09-01 03:39:20,0.01
GEOP_20260402.csv,2025-09-01 03:42:20,0.2
GEOP_20260402.csv,2025-09-01 03:45:20,0.22
GEOP_20260402.csv,2025-09-01 03:48:20,0.13
GEOP_20260402.csv,2025-09-01 03:51:20,0.17
GEOP_20260402.csv,2025-09-01 03:54:20,0.15
GEOP_20260402.csv,2025-09-01 03:57:20,0.09
GEOP_20260402.csv,2025-09-01 04:00:20,0.15
GEOP_20260402.csv,2025-09-01 04:03:20,0.11
GEOP_20260402.csv,2025-09-01 04:06:20,0.12
GEOP_20260402.csv,2025-09-01 04:09:20,0.26
GEOP_20260402.csv,2025-09-01 04:12:20,0.36
GEOP_20260402.csv,2025-09-01 04:15:20,0.25
GEOP_20260402.csv,2025-09-01 04:18:20,0.35000000000000003
GEOP_20260402.csv,2025-09-01 04:21:20,0.29
GEOP_20260402.csv,2025-09-01 04:24:20,0.21
GEOP_20260402.csv,2025-09-01 04:27:20,0.16
GEOP_20260402.csv,2025-09-01 04:30:20,0.14
GEOP_20260402.csv,2025-09-01 04:33:20,0.11
GEOP_20260402.csv,2025-09-01 04:36:20,0.08
GEOP_20260402.csv,2025-09-01 04:39:20,0.04
GEOP_20260402.csv,2025-09-01 04:42:20,0.04
GEOP_20260402.csv,2025-09-01 04:45:20,0.03
GEOP_20260402.csv,2025-09-01 04:48:20,0.03
GEOP_20260402.csv,2025-09-01 04:51:20,0.02
GEOP_20260402.csv,2025-09-01 04:54:20,0.04
GEOP_20260402.csv,2025-09-01 04:57:20,0.04
GEOP_20260402.csv,2025-09-01 05:00:20,0.03
GEOP_20260402.csv,2025-09-01 05:03:20,0.01
GEOP_20260402.csv,2025-09-01 05:06:20,0.02
GEOP_20260402.csv,2025-09-01 05:09:20,0.05
GEOP_20260402.csv,2025-09-01 05:12:20,0.1
GEOP_20260402.csv,2025-09-01 05:15:20,0.08
GEOP_20260402.csv,2025-09-01 05:18:20,0.11
GEOP_20260402.csv,2025-09-01 05:21:20,0.08
GEOP_20260402.csv,2025-09-01 05:24:20,0.06
GEOP_20260402.csv,2025-09-01 05:27:20,0.04
GEOP_20260402.csv,2025-09-01 05:30:20,0.01
GEOP_20260402.csv,2025-09-01 05:33:20,0.02
GEOP_20260402.csv,2025-09-01 05:36:20,0.01
GEOP_20260402.csv,2025-09-01 05:39:20,0.01
GEOP_20260402.csv,2025-09-01 05:42:20,0.11
GEOP_20260402.csv,2025-09-01 05:45:20,0.2
GEOP_20260402.csv,2025-09-01 05:48:20,0.07
GEOP_20260402.csv,2025-09-01 05:51:20,0.05
GEOP_20260402.csv,2025-09-01 05:54:20,0.04
GEOP_20260402.csv,2025-09-01 05:57:20,0.03
GEOP_20260402.csv,2025-09-01 06:00:20,0.04
GEOP_20260402.csv,2025-09-01 06:03:20,0.03
GEOP_20260402.csv,2025-09-01 06:06:20,0.03
GEOP_20260402.csv,2025-09-01 06:09:20,0.03
GEOP_20260402.csv,2025-09-01 06:12:20,0.03
GEOP_20260402.csv,2025-09-01 06:15:20,0.03
GEOP_20260402.csv,2025-09-01 06:18:20,0.03
GEOP_20260402.csv,2025-09-01 06:21:20,0.03
GEOP_20260402.csv,2025-09-01 06:24:20,0.07
GEOP_20260402.csv,2025-09-01 06:27:20,0.06
GEOP_20260402.csv,2025-09-01 06:30:20,0.05
GEOP_20260402.csv,2025-09-01 06:33:20,0.04
GEOP_20260402.csv,2025-09-01 06:36:20,0.03
GEOP_20260402.csv,2025-09-01 06:39:20,0.02
GEOP_20260402.csv,2025-09-01 06:42:20,0.02
GEOP_20260402.csv,2025-09-01 06:45:20,0.01
GEOP_20260402.csv,2025-09-01 06:48:20,0.01
GEOP_20260402.csv,2025-09-01 06:51:20,0.02
GEOP_20260402.csv,2025-09-01 06:54:20,0.01
GEOP_20260402.csv,2025-09-01 06:57:20,0.02
GEOP_20260402.csv,2025-09-01 07:00:20,0.01
GEOP_20260402.csv,2025-09-01 07:03:20,0.0
GEOP_20260402.csv,2025-09-01 07:06:20,0.01
GEOP_20260402.csv,2025-09-01 07:09:20,0.0
GEOP_20260402.csv,2025-09-01 07:12:20,0.0
GEOP_20260402.csv,2025-09-01 07:15:20,0.0
GEOP_20260402.csv,2025-09-01 07:18:20,0.01
GEOP_20260402.csv,2025-09-01 07:21:20,0.0
GEOP_20260402.csv,2025-09-01 07:24:20,0.0
GEOP_20260402.csv,2025-09-01 07:27:20,0.0
GEOP_20260402.csv,2025-09-01 07:30:20,0.0
GEOP_20260402.csv,2025-09-01 07:33:20,0.0
GEOP_20260402.csv,2025-09-01 07:36:20,0.0
GEOP_20260402.csv,2025-09-01 07:39:20,0.0
GEOP_20260402.csv,2025-09-01 07:42:20,0.0
GEOP_20260402.csv,2025-09-01 07:45:20,0.0
GEOP_20260402.csv,2025-09-01 07:48:20,0.0
GEOP_20260402.csv,2025-09-01 07:51:20,0.0
GEOP_20260402.csv,2025-09-01 07:54:20,0.0
GEOP_20260402.csv,2025-09-01 07:57:20,0.0
GEOP_20260402.csv,2025-09-01 08:00:20,0.0
GEOP_20260402.csv,2025-09-01 08:03:20,0.0
GEOP_20260402.csv,2025-09-01 08:06:20,0.0
GEOP_20260402.csv,2025-09-01 08:09:20,0.0
GEOP_20260402.csv,2025-09-01 08:12:20,0.0
GEOP_20260402.csv,2025-09-01 08:15:20,0.0
GEOP_20260402.csv,2025-09-01 08:18:20,0.0
GEOP_20260402.csv,2025-09-01 08:21:20,0.0
GEOP_20260402.csv,2025-09-01 08:24:19,0.0
GEOP_20260402.csv,2025-09-01 08:27:19,0.0
GEOP_20260402.csv,2025-09-01 08:30:19,0.0
GEOP_20260402.csv,2025-09-01 08:33:19,0.0
GEOP_20260402.csv,2025-09-01 08:36:19,0.0
GEOP_20260402.csv,2025-09-01 08:39:19,0.0
GEOP_20260402.csv,2025-09-01 08:42:19,0.0
GEOP_20260402.csv,2025-09-01 08:45:19,0.0
GEOP_20260402.csv,2025-09-01 08:48:19,0.0
GEOP_20260402.csv,2025-09-01 08:51:19,0.0
GEOP_20260402.csv,2025-09-01 08:54:19,0.0
GEOP_20260402.csv,2025-09-01 08:57:19,0.0
GEOP_20260402.csv,2025-09-01 09:00:19,0.0
GEOP_20260402.csv,2025-09-01 09:03:19,0.0
GEOP_20260402.csv,2025-09-01 09:06:19,0.0
GEOP_20260402.csv,2025-09-01 09:09:19,0.0
GEOP_20260402.csv,2025-09-01 09:12:19,0.0
GEOP_20260402.csv,2025-09-01 09:15:19,0.0
GEOP_20260402.csv,2025-09-01 09:18:19,0.0
GEOP_20260402.csv,2025-09-01 09:21:19,0.0
GEOP_20260402.csv,2025-09-01 09:24:19,0.0
GEOP_20260402.csv,2025-09-01 09:27:19,0.0
GEOP_20260402.csv,2025-09-01 09:30:19,0.0
GEOP_20260402.csv,2025-09-01 09:33:19,0.0
GEOP_20260402.csv,2025-09-01 09:36:19,0.0
GEOP_20260402.csv,2025-09-01 09:39:19,0.0
GEOP_20260402.csv,2025-09-01 09:42:19,0.0
GEOP_20260402.csv,2025-09-01 09:45:19,0.0
GEOP_20260402.csv,2025-09-01 09:48:19,0.0
GEOP_20260402.csv,2025-09-01 09:51:19,0.0
GEOP_20260402.csv,2025-09-01 09:54:19,0.0
GEOP_20260402.csv,2025-09-01 09:57:19,0.0
GEOP_20260402.csv,2025-09-01 10:00:19,0.0
GEOP_20260402.csv,2025-09-01 10:03:19,0.0
GEOP_20260402.csv,2025-09-01 10:06:19,0.0
GEOP_20260402.csv,2025-09-01 10:09:19,0.0
GEOP_20260402.csv,2025-09-01 10:12:19,0.0
GEOP_20260402.csv,2025-09-01 10:15:19,0.0
GEOP_20260402.csv,2025-09-01 10:18:19,0.0
GEOP_20260402.csv,2025-09-01 10:21:19,0.0
GEOP_20260402.csv,2025-09-01 10:24:19,0.0
GEOP_20260402.csv,2025-09-01 10:27:19,0.0
GEOP_20260402.csv,2025-09-01 10:30:19,0.0
GEOP_20260402.csv,2025-09-01 10:33:19,0.0
GEOP_20260402.csv,2025-09-01 10:36:19,0.0
GEOP_20260402.csv,2025-09-01 10:39:19,0.0
GEOP_20260402.csv,2025-09-01 10:42:19,0.0
GEOP_20260402.csv,2025-09-01 10:45:19,0.0
GEOP_20260402.csv,2025-09-01 10:48:19,0.0
GEOP_20260402.csv,2025-09-01 10:51:19,0.0
GEOP_20260402.csv,2025-09-01 10:54:19,0.0
GEOP_20260402.csv,2025-09-01 10:57:19,0.0
GEOP_20260402.csv,2025-09-01 11:00:19,0.0
GEOP_20260402.csv,2025-09-01 11:03:19,0.0
GEOP_20260402.csv,2025-09-01 11:06:19,0.0
GEOP_20260402.csv,2025-09-01 11:09:19,0.0
GEOP_20260402.csv,2025-09-01 11:12:19,0.0
GEOP_20260402.csv,2025-09-01 11:15:19,0.0
GEOP_20260402.csv,2025-09-01 11:18:19,0.0
GEOP_20260402.csv,2025-09-01 11:21:19,0.0
GEOP_20260402.csv,2025-09-01 11:24:19,0.0
GEOP_20260402.csv,2025-09-01 11:27:19,0.0
GEOP_20260402.csv,2025-09-01 11:30:19,0.0
GEOP_20260402.csv,2025-09-01 11:33:19,0.0
GEOP_20260402.csv,2025-09-01 11:36:19,0.0
GEOP_20260402.csv,2025-09-01 11:39:19,0.0
GEOP_20260402.csv,2025-09-01 11:42:19,0.0
GEOP_20260402.csv,2025-09-01 11:45:19,0.0
GEOP_20260402.csv,2025-09-01 11:48:19,0.0
GEOP_20260402.csv,2025-09-01 11:51:19,0.0
GEOP_20260402.csv,2025-09-01 11:54:19,0.0
GEOP_20260402.csv,2025-09-01 11:57:19,0.0
GEOP_20260402.csv,2025-09-01 12:00:19,0.0
GEOP_20260402.csv,2025-09-01 12:03:19,0.0
GEOP_20260402.csv,2025-09-01 12:06:19,0.0
GEOP_20260402.csv,2025-09-01 12:09:19,0.0
GEOP_20260402.csv,2025-09-01 12:12:19,0.0
GEOP_20260402.csv,2025-09-01 12:15:19,0.0
GEOP_20260402.csv,2025-09-01 12:18:19,0.0
GEOP_20260402.csv,2025-09-01 12:21:19,0.0
GEOP_20260402.csv,2025-09-01 12:24:19,0.0
GEOP_20260402.csv,2025-09-01 12:27:19,0.0
GEOP_20260402.csv,2025-09-01 12:30:19,0.0
GEOP_20260402.csv,2025-09-01 12:33:19,0.0
GEOP_20260402.csv,2025-09-01 12:36:19,0.0
GEOP_20260402.csv,2025-09-01 12:39:19,0.0
GEOP_20260402.csv,2025-09-01 12:42:19,0.0
GEOP_20260402.csv,2025-09-01 12:45:19,0.0
GEOP_20260402.csv,2025-09-01 12:48:19,0.0
GEOP_20260402.csv,2025-09-01 12:51:19,0.0
GEOP_20260402.csv,2025-09-01 12:54:19,0.0
GEOP_20260402.csv,2025-09-01 12:57:19,0.0
GEOP_20260402.csv,2025-09-01 13:00:19,0.0
GEOP_20260402.csv,2025-09-01 13:03:19,0.0
GEOP_20260402.csv,2025-09-01 13:06:19,0.0
GEOP_20260402.csv,2025-09-01 13:09:19,0.0
GEOP_20260402.csv,2025-09-01 13:12:19,0.0
GEOP_20260402.csv,2025-09-01 13:15:19,0.0
GEOP_20260402.csv,2025-09-01 13:18:19,0.0
GEOP_20260402.csv,2025-09-01 13:21:19,0.0
GEOP_20260402.csv,2025-09-01 13:24:19,0.0
GEOP_20260402.csv,2025-09-01 13:27:19,0.0
GEOP_20260402.csv,2025-09-01 13:30:19,0.0
GEOP_20260402.csv,2025-09-01 13:33:19,0.0
GEOP_20260402.csv,2025-09-01 13:36:19,0.0
GEOP_20260402.csv,2025-09-01 13:39:19,0.0
GEOP_20260402.csv,2025-09-01 13:42:19,0.0
GEOP_20260402.csv,2025-09-01 13:45:19,0.0
GEOP_20260402.csv,2025-09-01 13:48:19,0.0
GEOP_20260402.csv,2025-09-01 13:51:19,0.0
GEOP_20260402.csv,2025-09-01 13:54:19,0.0
GEOP_20260402.csv,2025-09-01 13:57:19,0.0
GEOP_20260402.csv,2025-09-01 14:00:19,0.0
GEOP_20260402.csv,2025-09-01 14:03:19,0.0
GEOP_20260402.csv,2025-09-01 14:06:19,0.0
GEOP_20260402.csv,2025-09-01 14:09:19,0.0
GEOP_20260402.csv,2025-09-01 14:12:19,0.0
GEOP_20260402.csv,2025-09-01 14:15:19,0.0
GEOP_20260402.csv,2025-09-01 14:18:19,0.0
GEOP_20260402.csv,2025-09-01 14:21:19,0.0
GEOP_20260402.csv,2025-09-01 14:24:19,0.0
GEOP_20260402.csv,2025-09-01 14:27:19,0.01
GEOP_20260402.csv,2025-09-01 14:30:19,0.14
GEOP_20260402.csv,2025-09-01 14:33:19,0.07
GEOP_20260402.csv,2025-09-01 14:36:19,0.2
GEOP_20260402.csv,2025-09-01 14:39:19,0.22
GEOP_20260402.csv,2025-09-01 14:42:19,0.19
GEOP_20260402.csv,2025-09-01 14:45:19,0.14
GEOP_20260402.csv,2025-09-01 14:48:19,0.09
GEOP_20260402.csv,2025-09-01 14:51:19,0.14
GEOP_20260402.csv,2025-09-01 14:54:19,0.15
GEOP_20260402.csv,2025-09-01 14:57:19,0.09
GEOP_20260402.csv,2025-09-01 15:00:19,0.04
GEOP_20260402.csv,2025-09-01 15:03:19,0.02
GEOP_20260402.csv,2025-09-01 15:06:19,0.02
GEOP_20260402.csv,2025-09-01 15:09:19,0.02
GEOP_20260402.csv,2025-09-01 15:12:19,0.01
GEOP_20260402.csv,2025-09-01 15:15:19,0.01
GEOP_20260402.csv,2025-09-01 15:18:19,0.02
GEOP_20260402.csv,2025-09-01 15:21:19,0.05
GEOP_20260402.csv,2025-09-01 15:24:19,0.08
GEOP_20260402.csv,2025-09-01 15:27:19,0.17
GEOP_20260402.csv,2025-09-01 15:30:19,0.12
GEOP_20260402.csv,2025-09-01 15:33:19,0.14
GEOP_20260402.csv,2025-09-01 15:36:19,0.23
GEOP_20260402.csv,2025-09-01 15:39:19,0.17
GEOP_20260402.csv,2025-09-01 15:42:19,0.17
GEOP_20260402.csv,2025-09-01 15:45:19,0.16
GEOP_20260402.csv,2025-09-01 15:48:19,0.14
GEOP_20260402.csv,2025-09-01 15:51:19,0.27
GEOP_20260402.csv,2025-09-01 15:54:19,0.32
GEOP_20260402.csv,2025-09-01 15:57:19,0.22
GEOP_20260402.csv,2025-09-01 16:00:19,0.17
GEOP_20260402.csv,2025-09-01 16:03:19,0.19
GEOP_20260402.csv,2025-09-01 16:06:19,0.26
GEOP_20260402.csv,2025-09-01 16:09:19,0.26
GEOP_20260402.csv,2025-09-01 16:12:19,0.27
GEOP_20260402.csv,2025-09-01 16:15:19,0.36
GEOP_20260402.csv,2025-09-01 16:18:19,0.4
GEOP_20260402.csv,2025-09-01 16:21:19,0.35000000000000003
GEOP_20260402.csv,2025-09-01 16:24:19,0.31
GEOP_20260402.csv,2025-09-01 16:27:19,0.27
GEOP_20260402.csv,2025-09-01 16:30:19,0.06
GEOP_20260402.csv,2025-09-01 16:33:19,0.03
GEOP_20260402.csv,2025-09-01 16:36:19,0.01
GEOP_20260402.csv,2025-09-01 16:39:19,0.01
GEOP_20260402.csv,2025-09-01 16:42:19,0.01
GEOP_20260402.csv,2025-09-01 16:45:19,0.0
GEOP_20260402.csv,2025-09-01 16:48:19,0.01
GEOP_20260402.csv,2025-09-01 16:51:19,0.0
GEOP_20260402.csv,2025-09-01 16:54:19,0.0
GEOP_20260402.csv,2025-09-01 16:57:19,0.01
GEOP_20260402.csv,2025-09-01 17:00:19,0.0
GEOP_20260402.csv,2025-09-01 17:03:19,0.01
GEOP_20260402.csv,2025-09-01 17:06:19,0.08
GEOP_20260402.csv,2025-09-01 17:09:19,0.09
GEOP_20260402.csv,2025-09-01 17:12:19,0.2
GEOP_20260402.csv,2025-09-01 17:15:19,0.22
GEOP_20260402.csv,2025-09-01 17:18:19,0.29
GEOP_20260402.csv,2025-09-01 17:21:19,0.41000000000000003
GEOP_20260402.csv,2025-09-01 17:24:19,0.52
GEOP_20260402.csv,2025-09-01 17:27:19,0.29
GEOP_20260402.csv,2025-09-01 17:30:19,0.32
GEOP_20260402.csv,2025-09-01 17:33:19,0.39
GEOP_20260402.csv,2025-09-01 17:36:19,0.38
GEOP_20260402.csv,2025-09-01 17:39:19,0.31
GEOP_20260402.csv,2025-09-01 17:42:19,0.29
GEOP_20260402.csv,2025-09-01 17:45:18,0.17
GEOP_20260402.csv,2025-09-01 17:48:19,0.15
GEOP_20260402.csv,2025-09-01 17:51:18,0.15
GEOP_20260402.csv,2025-09-01 17:54:18,0.13
GEOP_20260402.csv,2025-09-01 17:57:18,0.09
GEOP_20260402.csv,2025-09-01 18:00:18,0.09
GEOP_20260402.csv,2025-09-01 18:03:18,0.11
GEOP_20260402.csv,2025-09-01 18:06:18,0.07
GEOP_20260402.csv,2025-09-01 18:09:18,0.05
GEOP_20260402.csv,2025-09-01 18:12:18,0.04
GEOP_20260402.csv,2025-09-01 18:15:18,0.02
GEOP_20260402.csv,2025-09-01 18:18:18,0.02
GEOP_20260402.csv,2025-09-01 18:21:18,0.01
GEOP_20260402.csv,2025-09-01 18:24:18,0.01
GEOP_20260402.csv,2025-09-01 18:27:18,0.01
GEOP_20260402.csv,2025-09-01 18:30:18,0.0
GEOP_20260402.csv,2025-09-01 18:33:18,0.01
GEOP_20260402.csv,2025-09-01 18:36:18,0.0
GEOP_20260402.csv,2025-09-01 18:39:18,0.01
GEOP_20260402.csv,2025-09-01 18:42:18,0.0
GEOP_20260402.csv,2025-09-01 18:45:18,0.0
GEOP_20260402.csv,2025-09-01 18:48:18,0.01
GEOP_20260402.csv,2025-09-01 18:51:18,0.0
GEOP_20260402.csv,2025-09-01 18:54:18,0.0
GEOP_20260402.csv,2025-09-01 18:57:18,0.0
GEOP_20260402.csv,2025-09-01 19:00:18,0.01
GEOP_20260402.csv,2025-09-01 19:03:18,0.0
GEOP_20260402.csv,2025-09-01 19:06:18,0.0
GEOP_20260402.csv,2025-09-01 19:09:18,0.0
GEOP_20260402.csv,2025-09-01 19:12:18,0.0
GEOP_20260402.csv,2025-09-01 19:15:18,0.0
GEOP_20260402.csv,2025-09-01 19:18:18,0.0
GEOP_20260402.csv,2025-09-01 19:21:18,0.0
GEOP_20260402.csv,2025-09-01 19:24:18,0.0
GEOP_20260402.csv,2025-09-01 19:27:18,0.0
GEOP_20260402.csv,2025-09-01 19:30:18,0.0
GEOP_20260402.csv,2025-09-01 19:33:18,0.0
GEOP_20260402.csv,2025-09-01 19:36:18,0.0
GEOP_20260402.csv,2025-09-01 19:39:18,0.0
GEOP_20260402.csv,2025-09-01 19:42:18,0.0
GEOP_20260402.csv,2025-09-01 19:45:18,0.0
GEOP_20260402.csv,2025-09-01 19:48:18,0.0
GEOP_20260402.csv,2025-09-01 19:51:18,0.0
GEOP_20260402.csv,2025-09-01 19:54:18,0.0
GEOP_20260402.csv,2025-09-01 19:57:18,0.0
GEOP_20260402.csv,2025-09-01 20:00:18,0.0
GEOP_20260402.csv,2025-09-01 20:03:18,0.0
GEOP_20260402.csv,2025-09-01 20:06:18,0.0
GEOP_20260402.csv,2025-09-01 20:09:18,0.0
GEOP_20260402.csv,2025-09-01 20:12:18,0.0
GEOP_20260402.csv,2025-09-01 20:15:18,0.0
GEOP_20260402.csv,2025-09-01 20:18:18,0.0
GEOP_20260402.csv,2025-09-01 20:21:18,0.0
GEOP_20260402.csv,2025-09-01 20:24:18,0.0
GEOP_20260402.csv,2025-09-01 20:27:18,0.0
GEOP_20260402.csv,2025-09-01 20:30:18,0.0
GEOP_20260402.csv,2025-09-01 20:33:18,0.0
GEOP_20260402.csv,2025-09-01 20:36:18,0.0
GEOP_20260402.csv,2025-09-01 20:39:18,0.0
GEOP_20260402.csv,2025-09-01 20:42:18,0.0
GEOP_20260402.csv,2025-09-01 20:45:18,0.0
GEOP_20260402.csv,2025-09-01 20:48:18,0.0
GEOP_20260402.csv,2025-09-01 20:51:18,0.0
GEOP_20260402.csv,2025-09-01 20:54:18,0.0
GEOP_20260402.csv,2025-09-01 20:57:18,0.0
GEOP_20260402.csv,2025-09-01 21:00:18,0.0
GEOP_20260402.csv,2025-09-01 21:03:18,0.0
GEOP_20260402.csv,2025-09-01 21:06:18,0.0
GEOP_20260402.csv,2025-09-01 21:09:18,0.0
GEOP_20260402.csv,2025-09-01 21:12:18,0.0
GEOP_20260402.csv,2025-09-01 21:15:18,0.0
GEOP_20260402.csv,2025-09-01 21:18:18,0.0
GEOP_20260402.csv,2025-09-01 21:21:18,0.0
GEOP_20260402.csv,2025-09-01 21:24:18,0.0
GEOP_20260402.csv,2025-09-01 21:27:18,0.0
GEOP_20260402.csv,2025-09-01 21:30:18,0.0
GEOP_20260402.csv,2025-09-01 21:33:18,0.0
GEOP_20260402.csv,2025-09-01 21:36:18,0.0
GEOP_20260402.csv,2025-09-01 21:39:18,0.0
GEOP_20260402.csv,2025-09-01 21:42:18,0.0
GEOP_20260402.csv,2025-09-01 21:45:18,0.0
GEOP_20260402.csv,2025-09-01 21:48:18,0.0
GEOP_20260402.csv,2025-09-01 21:51:18,0.0
GEOP_20260402.csv,2025-09-01 21:54:18,0.0
GEOP_20260402.csv,2025-09-01 21:57:18,0.0
GEOP_20260402.csv,2025-09-01 22:00:18,0.0
GEOP_20260402.csv,2025-09-01 22:03:18,0.0
GEOP_20260402.csv,2025-09-01 22:06:18,0.0
GEOP_20260402.csv,2025-09-01 22:09:18,0.0
GEOP_20260402.csv,2025-09-01 22:12:18,0.0
GEOP_20260402.csv,2025-09-01 22:15:18,0.0
GEOP_20260402.csv,2025-09-01 22:18:18,0.0
GEOP_20260402.csv,2025-09-01 22:21:18,0.0
GEOP_20260402.csv,2025-09-01 22:24:18,0.0
GEOP_20260402.csv,2025-09-01 22:27:18,0.0
GEOP_20260402.csv,2025-09-01 22:30:18,0.0
GEOP_20260402.csv,2025-09-01 22:33:18,0.0
GEOP_20260402.csv,2025-09-01 22:36:18,0.0
GEOP_20260402.csv,2025-09-01 22:39:18,0.0
GEOP_20260402.csv,2025-09-01 22:42:18,0.0
GEOP_20260402.csv,2025-09-01 22:45:18,0.0
GEOP_20260402.csv,2025-09-01 22:48:18,0.0
GEOP_20260402.csv,2025-09-01 22:51:18,0.0
GEOP_20260402.csv,2025-09-01 22:54:18,0.0
GEOP_20260402.csv,2025-09-01 22:57:18,0.0
GEOP_20260402.csv,2025-09-01 23:00:18,0.0
GEOP_20260402.csv,2025-09-01 23:03:18,0.0
GEOP_20260402.csv,2025-09-01 23:06:18,0.0
GEOP_20260402.csv,2025-09-01 23:09:18,0.0
GEOP_20260402.csv,2025-09-01 23:12:18,0.0
GEOP_20260402.csv,2025-09-01 23:15:18,0.0
GEOP_20260402.csv,2025-09-01 23:18:18,0.0
GEOP_20260402.csv,2025-09-01 23:21:18,0.01
GEOP_20260402.csv,2025-09-01 23:24:18,0.0
GEOP_20260402.csv,2025-09-01 23:27:18,0.0
GEOP_20260402.csv,2025-09-01 23:30:18,0.0
GEOP_20260402.csv,2025-09-01 23:33:18,0.0
GEOP_20260402.csv,2025-09-01 23:36:18,0.0
GEOP_20260402.csv,2025-09-01 23:39:18,0.0
GEOP_20260402.csv,2025-09-01 23:42:18,0.0
GEOP_20260402.csv,2025-09-01 23:45:18,0.0
GEOP_20260402.csv,2025-09-01 23:48:18,0.0
GEOP_20260402.csv,2025-09-01 23:51:18,0.0
GEOP_20260402.csv,2025-09-01 23:54:18,0.0
GEOP_20260402.csv,2025-09-01 23:57:18,0.0
GEOP_20260402.csv,2025-09-02 00:00:18,0.0
GEOP_20260402.csv,2025-09-02 00:03:18,0.0
GEOP_20260402.csv,2025-09-02 00:06:18,0.0
GEOP_20260402.csv,2025-09-02 00:09:18,0.0
GEOP_20260402.csv,2025-09-02 00:12:18,0.0
GEOP_20260402.csv,2025-09-02 00:15:18,0.0
GEOP_20260402.csv,2025-09-02 00:18:18,0.0
GEOP_20260402.csv,2025-09-02 00:21:18,0.0
GEOP_20260402.csv,2025-09-02 00:24:18,0.0
GEOP_20260402.csv,2025-09-02 00:27:18,0.0
GEOP_20260402.csv,2025-09-02 00:30:18,0.0
GEOP_20260402.csv,2025-09-02 00:33:18,0.0
GEOP_20260402.csv,2025-09-02 00:36:18,0.0
GEOP_20260402.csv,2025-09-02 00:39:18,0.0
GEOP_20260402.csv,2025-09-02 00:42:18,0.0
GEOP_20260402.csv,2025-09-02 00:45:18,0.0
GEOP_20260402.csv,2025-09-02 00:48:18,0.0
GEOP_20260402.csv,2025-09-02 00:51:18,0.0
GEOP_20260402.csv,2025-09-02 00:54:18,0.0
GEOP_20260402.csv,2025-09-02 00:57:18,0.0
GEOP_20260402.csv,2025-09-02 01:00:18,0.0
GEOP_20260402.csv,2025-09-02 01:03:18,0.0
GEOP_20260402.csv,2025-09-02 01:06:18,0.0
GEOP_20260402.csv,2025-09-02 01:09:18,0.0
GEOP_20260402.csv,2025-09-02 01:12:18,0.0
GEOP_20260402.csv,2025-09-02 01:15:18,0.0
GEOP_20260402.csv,2025-09-02 01:18:18,0.0
GEOP_20260402.csv,2025-09-02 01:21:18,0.0
GEOP_20260402.csv,2025-09-02 01:24:18,0.0
GEOP_20260402.csv,2025-09-02 01:27:18,0.0
GEOP_20260402.csv,2025-09-02 01:30:18,0.0
GEOP_20260402.csv,2025-09-02 01:33:18,0.0
GEOP_20260402.csv,2025-09-02 01:36:18,0.0
GEOP_20260402.csv,2025-09-02 01:39:18,0.0
GEOP_20260402.csv,2025-09-02 01:42:18,0.0
GEOP_20260402.csv,2025-09-02 01:45:18,0.0
GEOP_20260402.csv,2025-09-02 01:48:18,0.0
GEOP_20260402.csv,2025-09-02 01:51:18,0.0
GEOP_20260402.csv,2025-09-02 01:54:18,0.0
GEOP_20260402.csv,2025-09-02 01:57:18,0.0
GEOP_20260402.csv,2025-09-02 02:00:18,0.0
GEOP_20260402.csv,2025-09-02 02:03:18,0.0
GEOP_20260402.csv,2025-09-02 02:06:18,0.0
GEOP_20260402.csv,2025-09-02 02:09:18,0.0
GEOP_20260402.csv,2025-09-02 02:12:18,0.0
GEOP_20260402.csv,2025-09-02 02:15:18,0.0
GEOP_20260402.csv,2025-09-02 02:18:18,0.0
GEOP_20260402.csv,2025-09-02 02:21:18,0.0
GEOP_20260402.csv,2025-09-02 02:24:18,0.0
GEOP_20260402.csv,2025-09-02 02:27:18,0.0
GEOP_20260402.csv,2025-09-02 02:30:18,0.0
GEOP_20260402.csv,2025-09-02 02:33:18,0.0
GEOP_20260402.csv,2025-09-02 02:36:18,0.0
GEOP_20260402.csv,2025-09-02 02:39:18,0.0
GEOP_20260402.csv,2025-09-02 02:42:18,0.0
GEOP_20260402.csv,2025-09-02 02:45:18,0.0
GEOP_20260402.csv,2025-09-02 02:48:18,0.0
GEOP_20260402.csv,2025-09-02 02:51:18,0.0
GEOP_20260402.csv,2025-09-02 02:54:18,0.0
GEOP_20260402.csv,2025-09-02 02:57:18,0.0
GEOP_20260402.csv,2025-09-02 03:00:18,0.0
GEOP_20260402.csv,2025-09-02 03:03:18,0.0
GEOP_20260402.csv,2025-09-02 03:06:18,0.0
GEOP_20260402.csv,2025-09-02 03:09:18,0.0
GEOP_20260402.csv,2025-09-02 03:12:18,0.0
GEOP_20260402.csv,2025-09-02 03:15:18,0.01
GEOP_20260402.csv,2025-09-02 03:18:18,0.0
GEOP_20260402.csv,2025-09-02 03:21:18,0.03
GEOP_20260402.csv,2025-09-02 03:24:18,0.03
GEOP_20260402.csv,2025-09-02 03:27:18,0.03
GEOP_20260402.csv,2025-09-02 03:30:18,0.03
GEOP_20260402.csv,2025-09-02 03:33:18,0.05
GEOP_20260402.csv,2025-09-02 03:36:18,0.06
GEOP_20260402.csv,2025-09-02 03:39:18,0.06
GEOP_20260402.csv,2025-09-02 03:42:18,0.03
GEOP_20260402.csv,2025-09-02 03:45:18,0.02
GEOP_20260402.csv,2025-09-02 03:48:18,0.05
GEOP_20260402.csv,2025-09-02 03:51:18,0.08
GEOP_20260402.csv,2025-09-02 03:54:18,0.18
GEOP_20260402.csv,2025-09-02 03:57:17,0.29
GEOP_20260402.csv,2025-09-02 04:00:17,0.2
GEOP_20260402.csv,2025-09-02 04:03:17,0.17
GEOP_20260402.csv,2025-09-02 04:06:17,0.12
GEOP_20260402.csv,2025-09-02 04:09:17,0.04
GEOP_20260402.csv,2025-09-02 04:12:17,0.03
GEOP_20260402.csv,2025-09-02 04:15:17,0.02
GEOP_20260402.csv,2025-09-02 04:18:17,0.01
GEOP_20260402.csv,2025-09-02 04:21:17,0.01
GEOP_20260402.csv,2025-09-02 04:24:17,0.01
GEOP_20260402.csv,2025-09-02 04:27:17,0.01
GEOP_20260402.csv,2025-09-02 04:30:17,0.01
GEOP_20260402.csv,2025-09-02 04:33:17,0.01
GEOP_20260402.csv,2025-09-02 04:36:17,0.01
GEOP_20260402.csv,2025-09-02 04:39:17,0.01
GEOP_20260402.csv,2025-09-02 04:42:17,0.0
GEOP_20260402.csv,2025-09-02 04:45:17,0.01
GEOP_20260402.csv,2025-09-02 04:48:17,0.0
GEOP_20260402.csv,2025-09-02 04:51:17,0.01
GEOP_20260402.csv,2025-09-02 04:54:17,0.0
GEOP_20260402.csv,2025-09-02 04:57:17,0.01
GEOP_20260402.csv,2025-09-02 05:00:17,0.0
GEOP_20260402.csv,2025-09-02 05:03:17,0.01
GEOP_20260402.csv,2025-09-02 05:06:17,0.01
GEOP_20260402.csv,2025-09-02 05:09:17,0.01
GEOP_20260402.csv,2025-09-02 05:12:17,0.01
GEOP_20260402.csv,2025-09-02 05:15:17,0.01
GEOP_20260402.csv,2025-09-02 05:18:17,0.0
GEOP_20260402.csv,2025-09-02 05:21:17,0.01
GEOP_20260402.csv,2025-09-02 05:24:17,0.02
GEOP_20260402.csv,2025-09-02 05:27:17,0.01
GEOP_20260402.csv,2025-09-02 05:30:17,0.01
GEOP_20260402.csv,2025-09-02 05:33:17,0.01
GEOP_20260402.csv,2025-09-02 05:36:17,0.01
GEOP_20260402.csv,2025-09-02 05:39:17,0.0
GEOP_20260402.csv,2025-09-02 05:42:17,0.01
GEOP_20260402.csv,2025-09-02 05:45:17,0.0
GEOP_20260402.csv,2025-09-02 05:48:17,0.0
GEOP_20260402.csv,2025-09-02 05:51:17,0.01
GEOP_20260402.csv,2025-09-02 05:54:17,0.0
GEOP_20260402.csv,2025-09-02 05:57:17,0.0
GEOP_20260402.csv,2025-09-02 06:00:17,0.0
GEOP_20260402.csv,2025-09-02 06:03:17,0.0
GEOP_20260402.csv,2025-09-02 06:06:17,0.0
GEOP_20260402.csv,2025-09-02 06:09:17,0.0
GEOP_20260402.csv,2025-09-02 06:12:17,0.0
GEOP_20260402.csv,2025-09-02 06:15:17,0.01
GEOP_20260402.csv,2025-09-02 06:18:17,0.0
GEOP_20260402.csv,2025-09-02 06:21:17,0.0
GEOP_20260402.csv,2025-09-02 06:24:17,0.0
GEOP_20260402.csv,2025-09-02 06:27:17,0.0
GEOP_20260402.csv,2025-09-02 06:30:17,0.0
GEOP_20260402.csv,2025-09-02 06:33:17,0.0
GEOP_20260402.csv,2025-09-02 06:36:17,0.0
GEOP_20260402.csv,2025-09-02 06:39:17,0.0
GEOP_20260402.csv,2025-09-02 06:42:17,0.0
GEOP_20260402.csv,2025-09-02 06:45:17,0.0
GEOP_20260402.csv,2025-09-02 06:48:17,0.0
GEOP_20260402.csv,2025-09-02 06:51:17,0.0
GEOP_20260402.csv,2025-09-02 06:54:17,0.0
GEOP_20260402.csv,2025-09-02 06:57:17,0.0
GEOP_20260402.csv,2025-09-02 07:00:17,0.0
GEOP_20260402.csv,2025-09-02 07:03:17,0.0
GEOP_20260402.csv,2025-09-02 07:06:17,0.0
GEOP_20260402.csv,2025-09-02 07:09:17,0.0
GEOP_20260402.csv,2025-09-02 07:12:17,0.0
GEOP_20260402.csv,2025-09-02 07:15:17,0.01
GEOP_20260402.csv,2025-09-02 07:18:17,0.01
GEOP_20260402.csv,2025-09-02 07:21:17,0.0
GEOP_20260402.csv,2025-09-02 07:24:17,0.01
GEOP_20260402.csv,2025-09-02 07:27:17,0.0
GEOP_20260402.csv,2025-09-02 07:30:17,0.0
GEOP_20260402.csv,2025-09-02 07:33:17,0.0
GEOP_20260402.csv,2025-09-02 07:36:17,0.0
GEOP_20260402.csv,2025-09-02 07:39:17,0.0
GEOP_20260402.csv,2025-09-02 07:42:17,0.0
GEOP_20260402.csv,2025-09-02 07:45:17,0.01
GEOP_20260402.csv,2025-09-02 07:48:17,0.0
GEOP_20260402.csv,2025-09-02 07:51:17,0.0
GEOP_20260402.csv,2025-09-02 07:54:17,0.0
GEOP_20260402.csv,2025-09-02 07:57:17,0.0
GEOP_20260402.csv,2025-09-02 08:00:17,0.0
GEOP_20260402.csv,2025-09-02 08:03:17,0.0
GEOP_20260402.csv,2025-09-02 08:06:17,0.0
GEOP_20260402.csv,2025-09-02 08:09:17,0.0
GEOP_20260402.csv,2025-09-02 08:12:17,0.0
GEOP_20260402.csv,2025-09-02 08:15:17,0.0
GEOP_20260402.csv,2025-09-02 08:18:17,0.0
GEOP_20260402.csv,2025-09-02 08:21:17,0.0
GEOP_20260402.csv,2025-09-02 08:24:17,0.0
GEOP_20260402.csv,2025-09-02 08:27:17,0.0
GEOP_20260402.csv,2025-09-02 08:30:17,0.0
GEOP_20260402.csv,2025-09-02 08:33:17,0.0
GEOP_20260402.csv,2025-09-02 08:36:17,0.0
GEOP_20260402.csv,2025-09-02 08:39:17,0.0
GEOP_20260402.csv,2025-09-02 08:42:17,0.0
GEOP_20260402.csv,2025-09-02 08:45:17,0.0
GEOP_20260402.csv,2025-09-02 08:48:17,0.0
GEOP_20260402.csv,2025-09-02 08:51:17,0.0
GEOP_20260402.csv,2025-09-02 08:54:17,0.0
GEOP_20260402.csv,2025-09-02 08:57:17,0.0
GEOP_20260402.csv,2025-09-02 09:00:17,0.0
GEOP_20260402.csv,2025-09-02 09:03:17,0.0
GEOP_20260402.csv,2025-09-02 09:06:17,0.0
GEOP_20260402.csv,2025-09-02 09:09:17,0.0
GEOP_20260402.csv,2025-09-02 09:12:17,0.0
GEOP_20260402.csv,2025-09-02 09:15:17,0.0
GEOP_20260402.csv,2025-09-02 09:18:17,0.0
GEOP_20260402.csv,2025-09-02 09:21:17,0.0
GEOP_20260402.csv,2025-09-02 09:24:17,0.0
GEOP_20260402.csv,2025-09-02 09:27:17,0.0
GEOP_20260402.csv,2025-09-02 09:30:17,0.0
GEOP_20260402.csv,2025-09-02 09:33:17,0.0
GEOP_20260402.csv,2025-09-02 09:36:17,0.0
GEOP_20260402.csv,2025-09-02 09:39:17,0.0
GEOP_20260402.csv,2025-09-02 09:42:17,0.0
GEOP_20260402.csv,2025-09-02 09:45:17,0.0
GEOP_20260402.csv,2025-09-02 09:48:17,0.0
GEOP_20260402.csv,2025-09-02 09:51:17,0.0
GEOP_20260402.csv,2025-09-02 09:54:17,0.0
GEOP_20260402.csv,2025-09-02 09:57:17,0.0
GEOP_20260402.csv,2025-09-02 10:00:17,0.0
GEOP_20260402.csv,2025-09-02 10:03:17,0.0
GEOP_20260402.csv,2025-09-02 10:06:17,0.0
GEOP_20260402.csv,2025-09-02 10:09:17,0.0
GEOP_20260402.csv,2025-09-02 10:12:17,0.0
GEOP_20260402.csv,2025-09-02 10:15:17,0.0
GEOP_20260402.csv,2025-09-02 10:18:17,0.0
GEOP_20260402.csv,2025-09-02 10:21:17,0.0
GEOP_20260402.csv,2025-09-02 10:24:17,0.0
GEOP_20260402.csv,2025-09-02 10:27:17,0.0
GEOP_20260402.csv,2025-09-02 10:30:17,0.0
GEOP_20260402.csv,2025-09-02 10:33:17,0.0
GEOP_20260402.csv,2025-09-02 10:36:17,0.0
GEOP_20260402.csv,2025-09-02 10:39:17,0.0
GEOP_20260402.csv,2025-09-02 10:42:17,0.0
GEOP_20260402.csv,2025-09-02 10:45:17,0.0
GEOP_20260402.csv,2025-09-02 10:48:17,0.0
GEOP_20260402.csv,2025-09-02 10:51:17,0.0
GEOP_20260402.csv,2025-09-02 10:54:17,0.0
GEOP_20260402.csv,2025-09-02 10:57:17,0.0
GEOP_20260402.csv,2025-09-02 11:00:17,0.0
GEOP_20260402.csv,2025-09-02 11:03:17,0.0
GEOP_20260402.csv,2025-09-02 11:06:17,0.0
GEOP_20260402.csv,2025-09-02 11:09:17,0.0
GEOP_20260402.csv,2025-09-02 11:12:17,0.0
GEOP_20260402.csv,2025-09-02 11:15:17,0.0
GEOP_20260402.csv,2025-09-02 11:18:17,0.0
GEOP_20260402.csv,2025-09-02 11:21:17,0.0
GEOP_20260402.csv,2025-09-02 11:24:17,0.0
GEOP_20260402.csv,2025-09-02 11:27:17,0.0
GEOP_20260402.csv,2025-09-02 11:30:17,0.0
GEOP_20260402.csv,2025-09-02 11:33:17,0.0
GEOP_20260402.csv,2025-09-02 11:36:17,0.0
GEOP_20260402.csv,2025-09-02 11:39:17,0.0
GEOP_20260402.csv,2025-09-02 11:42:17,0.0
GEOP_20260402.csv,2025-09-02 11:45:17,0.0
GEOP_20260402.csv,2025-09-02 11:48:17,0.0
GEOP_20260402.csv,2025-09-02 11:51:17,0.0
GEOP_20260402.csv,2025-09-02 11:54:17,0.0
GEOP_20260402.csv,2025-09-02 11:57:17,0.0
GEOP_20260402.csv,2025-09-02 12:00:17,0.0
GEOP_20260402.csv,2025-09-02 12:03:17,0.0
GEOP_20260402.csv,2025-09-02 12:06:17,0.0
GEOP_20260402.csv,2025-09-02 12:09:17,0.0
GEOP_20260402.csv,2025-09-02 12:12:17,0.0
GEOP_20260402.csv,2025-09-02 12:15:17,0.0
GEOP_20260402.csv,2025-09-02 12:18:17,0.0
GEOP_20260402.csv,2025-09-02 12:21:17,0.0
GEOP_20260402.csv,2025-09-02 12:24:17,0.0
GEOP_20260402.csv,2025-09-02 12:27:17,0.0
GEOP_20260402.csv,2025-09-02 12:30:17,0.0
GEOP_20260402.csv,2025-09-02 12:33:17,0.0
GEOP_20260402.csv,2025-09-02 12:36:17,0.0
GEOP_20260402.csv,2025-09-02 12:39:17,0.0
GEOP_20260402.csv,2025-09-02 12:42:17,0.0
GEOP_20260402.csv,2025-09-02 12:45:17,0.0
GEOP_20260402.csv,2025-09-02 12:48:17,0.0
GEOP_20260402.csv,2025-09-02 12:51:17,0.0
GEOP_20260402.csv,2025-09-02 12:54:17,0.0
GEOP_20260402.csv,2025-09-02 12:57:17,0.0
GEOP_20260402.csv,2025-09-02 13:00:17,0.0
GEOP_20260402.csv,2025-09-02 13:03:17,0.0
GEOP_20260402.csv,2025-09-02 13:06:17,0.0
GEOP_20260402.csv,2025-09-02 13:09:17,0.0
GEOP_20260402.csv,2025-09-02 13:12:17,0.0
GEOP_20260402.csv,2025-09-02 13:15:17,0.0
GEOP_20260402.csv,2025-09-02 13:18:17,0.0
GEOP_20260402.csv,2025-09-02 13:21:17,0.0
GEOP_20260402.csv,2025-09-02 13:24:17,0.0
GEOP_20260402.csv,2025-09-02 13:27:17,0.0
GEOP_20260402.csv,2025-09-02 13:30:17,0.0
GEOP_20260402.csv,2025-09-02 13:33:17,0.0
GEOP_20260402.csv,2025-09-02 13:36:17,0.0
GEOP_20260402.csv,2025-09-02 13:39:16,0.0
GEOP_20260402.csv,2025-09-02 13:42:16,0.0
GEOP_20260402.csv,2025-09-02 13:45:16,0.0
GEOP_20260402.csv,2025-09-02 13:48:16,0.0
GEOP_20260402.csv,2025-09-02 13:51:16,0.0
GEOP_20260402.csv,2025-09-02 13:54:16,0.0
GEOP_20260402.csv,2025-09-02 13:57:17,0.0
GEOP_20260402.csv,2025-09-02 14:00:16,0.0
GEOP_20260402.csv,2025-09-02 14:03:16,0.0
GEOP_20260402.csv,2025-09-02 14:06:16,0.0
GEOP_20260402.csv,2025-09-02 14:09:16,0.0
GEOP_20260402.csv,2025-09-02 14:12:16,0.0
GEOP_20260402.csv,2025-09-02 14:15:16,0.0
GEOP_20260402.csv,2025-09-02 14:18:16,0.0
GEOP_20260402.csv,2025-09-02 14:21:16,0.0
GEOP_20260402.csv,2025-09-02 14:24:16,0.0
GEOP_20260402.csv,2025-09-02 14:27:16,0.0
GEOP_20260402.csv,2025-09-02 14:30:16,0.0
GEOP_20260402.csv,2025-09-02 14:33:16,0.0
GEOP_20260402.csv,2025-09-02 14:36:16,0.0
GEOP_20260402.csv,2025-09-02 14:39:16,0.0
GEOP_20260402.csv,2025-09-02 14:42:16,0.0
GEOP_20260402.csv,2025-09-02 14:45:16,0.0
GEOP_20260402.csv,2025-09-02 14:48:16,0.0
GEOP_20260402.csv,2025-09-02 14:51:16,0.0
GEOP_20260402.csv,2025-09-02 14:54:16,0.0
GEOP_20260402.csv,2025-09-02 14:57:16,0.0
GEOP_20260402.csv,2025-09-02 15:00:16,0.0
GEOP_20260402.csv,2025-09-02 15:03:16,0.0
GEOP_20260402.csv,2025-09-02 15:06:16,0.0
GEOP_20260402.csv,2025-09-02 15:09:16,0.0
GEOP_20260402.csv,2025-09-02 15:12:16,0.0
GEOP_20260402.csv,2025-09-02 15:15:16,0.0
GEOP_20260402.csv,2025-09-02 15:18:16,0.0
GEOP_20260402.csv,2025-09-02 15:21:16,0.0
GEOP_20260402.csv,2025-09-02 15:24:16,0.0
GEOP_20260402.csv,2025-09-02 15:27:16,0.0
GEOP_20260402.csv,2025-09-02 15:30:16,0.0
GEOP_20260402.csv,2025-09-02 15:33:16,0.0
GEOP_20260402.csv,2025-09-02 15:36:16,0.0
GEOP_20260402.csv,2025-09-02 15:39:16,0.0
GEOP_20260402.csv,2025-09-02 15:42:16,0.0
GEOP_20260402.csv,2025-09-02 15:45:16,0.0
GEOP_20260402.csv,2025-09-02 15:48:16,0.0
GEOP_20260402.csv,2025-09-02 15:51:16,0.0
GEOP_20260402.csv,2025-09-02 15:54:16,0.0
GEOP_20260402.csv,2025-09-02 15:57:16,0.0
GEOP_20260402.csv,2025-09-02 16:00:16,0.0
GEOP_20260402.csv,2025-09-02 16:03:16,0.0
GEOP_20260402.csv,2025-09-02 16:06:16,0.0
GEOP_20260402.csv,2025-09-02 16:09:16,0.0
GEOP_20260402.csv,2025-09-02 16:12:16,0.0
GEOP_20260402.csv,2025-09-02 16:15:16,0.0
GEOP_20260402.csv,2025-09-02 16:18:16,0.0
GEOP_20260402.csv,2025-09-02 16:21:16,0.0
GEOP_20260402.csv,2025-09-02 16:24:16,0.0
GEOP_20260402.csv,2025-09-02 16:27:16,0.0
GEOP_20260402.csv,2025-09-02 16:30:16,0.0
GEOP_20260402.csv,2025-09-02 16:33:16,0.0
GEOP_20260402.csv,2025-09-02 16:36:16,0.0
GEOP_20260402.csv,2025-09-02 16:39:16,0.0
GEOP_20260402.csv,2025-09-02 16:42:16,0.0
GEOP_20260402.csv,2025-09-02 16:45:16,0.0
GEOP_20260402.csv,2025-09-02 16:48:16,0.0
GEOP_20260402.csv,2025-09-02 16:51:16,0.0
GEOP_20260402.csv,2025-09-02 16:54:16,0.0
GEOP_20260402.csv,2025-09-02 16:57:16,0.0
GEOP_20260402.csv,2025-09-02 17:00:16,0.0
GEOP_20260402.csv,2025-09-02 17:03:16,0.0
GEOP_20260402.csv,2025-09-02 17:06:16,0.0
GEOP_20260402.csv,2025-09-02 17:09:16,0.0
GEOP_20260402.csv,2025-09-02 17:12:16,0.0
GEOP_20260402.csv,2025-09-02 17:15:16,0.0
GEOP_20260402.csv,2025-09-02 17:18:16,0.0
GEOP_20260402.csv,2025-09-02 17:21:16,0.0
GEOP_20260402.csv,2025-09-02 17:24:16,0.0
GEOP_20260402.csv,2025-09-02 17:27:16,0.0
GEOP_20260402.csv,2025-09-02 17:30:16,0.0
GEOP_20260402.csv,2025-09-02 17:33:16,0.0
GEOP_20260402.csv,2025-09-02 17:36:16,0.0
GEOP_20260402.csv,2025-09-02 17:39:16,0.0
GEOP_20260402.csv,2025-09-02 17:42:16,0.0
GEOP_20260402.csv,2025-09-02 17:45:16,0.0
GEOP_20260402.csv,2025-09-02 17:48:16,0.0
GEOP_20260402.csv,2025-09-02 17:51:16,0.0
GEOP_20260402.csv,2025-09-02 17:54:16,0.0
GEOP_20260402.csv,2025-09-02 17:57:16,0.0
GEOP_20260402.csv,2025-09-02 18:00:16,0.0
GEOP_20260402.csv,2025-09-02 18:03:16,0.0
GEOP_20260402.csv,2025-09-02 18:06:16,0.0
GEOP_20260402.csv,2025-09-02 18:09:16,0.0
GEOP_20260402.csv,2025-09-02 18:12:16,0.0
GEOP_20260402.csv,2025-09-02 18:15:16,0.0
GEOP_20260402.csv,2025-09-02 18:18:16,0.0
GEOP_20260402.csv,2025-09-02 18:21:16,0.0
GEOP_20260402.csv,2025-09-02 18:24:16,0.0
GEOP_20260402.csv,2025-09-02 18:27:16,0.0
GEOP_20260402.csv,2025-09-02 18:30:16,0.0
GEOP_20260402.csv,2025-09-02 18:33:16,0.0
GEOP_20260402.csv,2025-09-02 18:36:16,0.0
GEOP_20260402.csv,2025-09-02 18:39:16,0.0
GEOP_20260402.csv,2025-09-02 18:42:16,0.0
GEOP_20260402.csv,2025-09-02 18:45:16,0.0
GEOP_20260402.csv,2025-09-02 18:48:16,0.0
GEOP_20260402.csv,2025-09-02 18:51:16,0.0
GEOP_20260402.csv,2025-09-02 18:54:16,0.0
GEOP_20260402.csv,2025-09-02 18:57:16,0.0
GEOP_20260402.csv,2025-09-02 19:00:16,0.0
GEOP_20260402.csv,2025-09-02 19:03:16,0.0
GEOP_20260402.csv,2025-09-02 19:06:16,0.0
GEOP_20260402.csv,2025-09-02 19:09:16,0.0
GEOP_20260402.csv,2025-09-02 19:12:16,0.0
GEOP_20260402.csv,2025-09-02 19:15:16,0.0
GEOP_20260402.csv,2025-09-02 19:18:16,0.0
GEOP_20260402.csv,2025-09-02 19:21:16,0.0
GEOP_20260402.csv,2025-09-02 19:24:16,0.0
GEOP_20260402.csv,2025-09-02 19:27:16,0.0
GEOP_20260402.csv,2025-09-02 19:30:16,0.0
GEOP_20260402.csv,2025-09-02 19:33:16,0.0
GEOP_20260402.csv,2025-09-02 19:36:16,0.0
GEOP_20260402.csv,2025-09-02 19:39:16,0.0
GEOP_20260402.csv,2025-09-02 19:42:16,0.0
GEOP_20260402.csv,2025-09-02 19:45:16,0.0
GEOP_20260402.csv,2025-09-02 19:48:16,0.0
GEOP_20260402.csv,2025-09-02 19:51:16,0.0
GEOP_20260402.csv,2025-09-02 19:54:16,0.0
GEOP_20260402.csv,2025-09-02 19:57:16,0.0
GEOP_20260402.csv,2025-09-02 20:00:16,0.0
GEOP_20260402.csv,2025-09-02 20:03:16,0.0
GEOP_20260402.csv,2025-09-02 20:06:16,0.0
GEOP_20260402.csv,2025-09-02 20:09:16,0.0
GEOP_20260402.csv,2025-09-02 20:12:16,0.0
GEOP_20260402.csv,2025-09-02 20:15:16,0.0
GEOP_20260402.csv,2025-09-02 20:18:16,0.0
GEOP_20260402.csv,2025-09-02 20:21:16,0.0
GEOP_20260402.csv,2025-09-02 20:24:16,0.0
GEOP_20260402.csv,2025-09-02 20:27:16,0.0
GEOP_20260402.csv,2025-09-02 20:30:16,0.0
GEOP_20260402.csv,2025-09-02 20:33:16,0.0
GEOP_20260402.csv,2025-09-02 20:36:16,0.0
GEOP_20260402.csv,2025-09-02 20:39:16,0.0
GEOP_20260402.csv,2025-09-02 20:42:16,0.0
GEOP_20260402.csv,2025-09-02 20:45:16,0.0
GEOP_20260402.csv,2025-09-02 20:48:16,0.0
GEOP_20260402.csv,2025-09-02 20:51:16,0.0
GEOP_20260402.csv,2025-09-02 20:54:16,0.0
GEOP_20260402.csv,2025-09-02 20:57:16,0.0
GEOP_20260402.csv,2025-09-02 21:00:16,0.0
GEOP_20260402.csv,2025-09-02 21:03:16,0.0
GEOP_20260402.csv,2025-09-02 21:06:16,0.0
GEOP_20260402.csv,2025-09-02 21:09:16,0.0
GEOP_20260402.csv,2025-09-02 21:12:16,0.0
GEOP_20260402.csv,2025-09-02 21:15:16,0.0
GEOP_20260402.csv,2025-09-02 21:18:16,0.0
GEOP_20260402.csv,2025-09-02 21:21:16,0.0
GEOP_20260402.csv,2025-09-02 21:24:16,0.0
GEOP_20260402.csv,2025-09-02 21:27:16,0.0
GEOP_20260402.csv,2025-09-02 21:30:16,0.0
GEOP_20260402.csv,2025-09-02 21:33:16,0.0
GEOP_20260402.csv,2025-09-02 21:36:16,0.0
GEOP_20260402.csv,2025-09-02 21:39:16,0.0
GEOP_20260402.csv,2025-09-02 21:42:16,0.0
GEOP_20260402.csv,2025-09-02 21:45:16,0.0
GEOP_20260402.csv,2025-09-02 21:48:16,0.0
GEOP_20260402.csv,2025-09-02 21:51:16,0.0
GEOP_20260402.csv,2025-09-02 21:54:16,0.0
GEOP_20260402.csv,2025-09-02 21:57:16,0.0
GEOP_20260402.csv,2025-09-02 22:00:16,0.0
GEOP_20260402.csv,2025-09-02 22:03:16,0.0
GEOP_20260402.csv,2025-09-02 22:06:16,0.0
GEOP_20260402.csv,2025-09-02 22:09:16,0.0
GEOP_20260402.csv,2025-09-02 22:12:16,0.0
GEOP_20260402.csv,2025-09-02 22:15:16,0.0
GEOP_20260402.csv,2025-09-02 22:18:16,0.02
GEOP_20260402.csv,2025-09-02 22:21:16,0.0
GEOP_20260402.csv,2025-09-02 22:24:16,0.02
GEOP_20260402.csv,2025-09-02 22:27:16,0.01
GEOP_20260402.csv,2025-09-02 22:30:16,0.01
GEOP_20260402.csv,2025-09-02 22:33:16,0.0
GEOP_20260402.csv,2025-09-02 22:36:16,0.01
GEOP_20260402.csv,2025-09-02 22:39:16,0.0
GEOP_20260402.csv,2025-09-02 22:42:16,0.0
GEOP_20260402.csv,2025-09-02 22:45:16,0.0
GEOP_20260402.csv,2025-09-02 22:48:16,0.0
GEOP_20260402.csv,2025-09-02 22:51:16,0.0
GEOP_20260402.csv,2025-09-02 22:54:16,0.0
GEOP_20260402.csv,2025-09-02 22:57:16,0.0
GEOP_20260402.csv,2025-09-02 23:00:16,0.0
GEOP_20260402.csv,2025-09-02 23:03:16,0.0
GEOP_20260402.csv,2025-09-02 23:06:16,0.0
GEOP_20260402.csv,2025-09-02 23:09:15,0.0
GEOP_20260402.csv,2025-09-02 23:12:16,0.0
GEOP_20260402.csv,2025-09-02 23:15:15,0.0
GEOP_20260402.csv,2025-09-02 23:18:15,0.0
GEOP_20260402.csv,2025-09-02 23:21:15,0.0
GEOP_20260402.csv,2025-09-02 23:24:15,0.0
GEOP_20260402.csv,2025-09-02 23:27:15,0.0
GEOP_20260402.csv,2025-09-02 23:30:15,0.0
GEOP_20260402.csv,2025-09-02 23:33:15,0.0
GEOP_20260402.csv,2025-09-02 23:36:15,0.0
GEOP_20260402.csv,2025-09-02 23:39:15,0.0
GEOP_20260402.csv,2025-09-02 23:42:15,0.0
GEOP_20260402.csv,2025-09-02 23:45:15,0.0
GEOP_20260402.csv,2025-09-02 23:48:15,0.0
GEOP_20260402.csv,2025-09-02 23:51:15,0.0
GEOP_20260402.csv,2025-09-02 23:54:15,0.0
GEOP_20260402.csv,2025-09-02 23:57:15,0.0
GEOP_20260402.csv,2025-09-03 00:00:15,0.0
GEOP_20260402.csv,2025-09-03 00:03:15,0.0
GEOP_20260402.csv,2025-09-03 00:06:15,0.0
GEOP_20260402.csv,2025-09-03 00:09:15,0.0
GEOP_20260402.csv,2025-09-03 00:12:15,0.0
GEOP_20260402.csv,2025-09-03 00:15:15,0.0
GEOP_20260402.csv,2025-09-03 00:18:15,0.0
GEOP_20260402.csv,2025-09-03 00:21:15,0.0
GEOP_20260402.csv,2025-09-03 00:24:15,0.0
GEOP_20260402.csv,2025-09-03 00:27:15,0.0
GEOP_20260402.csv,2025-09-03 00:30:15,0.0
GEOP_20260402.csv,2025-09-03 00:33:15,0.0
GEOP_20260402.csv,2025-09-03 00:36:15,0.0
GEOP_20260402.csv,2025-09-03 00:39:15,0.0
GEOP_20260402.csv,2025-09-03 00:42:15,0.0
GEOP_20260402.csv,2025-09-03 00:45:15,0.0
GEOP_20260402.csv,2025-09-03 00:48:15,0.0
GEOP_20260402.csv,2025-09-03 00:51:15,0.0
GEOP_20260402.csv,2025-09-03 00:54:15,0.0
GEOP_20260402.csv,2025-09-03 00:57:15,0.0
GEOP_20260402.csv,2025-09-03 01:00:16,0.0
GEOP_20260402.csv,2025-09-03 01:03:15,0.0
GEOP_20260402.csv,2025-09-03 01:06:15,0.0
GEOP_20260402.csv,2025-09-03 01:09:15,0.0
GEOP_20260402.csv,2025-09-03 01:12:15,0.0
GEOP_20260402.csv,2025-09-03 01:15:15,0.0
GEOP_20260402.csv,2025-09-03 01:18:15,0.0
GEOP_20260402.csv,2025-09-03 01:21:15,0.0
GEOP_20260402.csv,2025-09-03 01:24:15,0.0
GEOP_20260402.csv,2025-09-03 01:27:15,0.0
GEOP_20260402.csv,2025-09-03 01:30:15,0.0
GEOP_20260402.csv,2025-09-03 01:33:16,0.0
GEOP_20260402.csv,2025-09-03 01:36:15,0.0
GEOP_20260402.csv,2025-09-03 01:39:15,0.0
GEOP_20260402.csv,2025-09-03 01:42:15,0.0
GEOP_20260402.csv,2025-09-03 01:45:15,0.0
GEOP_20260402.csv,2025-09-03 01:48:15,0.0
GEOP_20260402.csv,2025-09-03 01:51:15,0.0
GEOP_20260402.csv,2025-09-03 01:54:15,0.0
GEOP_20260402.csv,2025-09-03 01:57:15,0.0
GEOP_20260402.csv,2025-09-03 02:00:15,0.0
GEOP_20260402.csv,2025-09-03 02:03:15,0.0
GEOP_20260402.csv,2025-09-03 02:06:15,0.0
GEOP_20260402.csv,2025-09-03 02:09:15,0.0
GEOP_20260402.csv,2025-09-03 02:12:15,0.0
GEOP_20260402.csv,2025-09-03 02:15:15,0.0
GEOP_20260402.csv,2025-09-03 02:18:15,0.0
GEOP_20260402.csv,2025-09-03 02:21:15,0.0
GEOP_20260402.csv,2025-09-03 02:24:15,0.0
GEOP_20260402.csv,2025-09-03 02:27:15,0.0
GEOP_20260402.csv,2025-09-03 02:30:15,0.0
GEOP_20260402.csv,2025-09-03 02:33:15,0.0
GEOP_20260402.csv,2025-09-03 02:36:15,0.0
GEOP_20260402.csv,2025-09-03 02:39:15,0.0
GEOP_20260402.csv,2025-09-03 02:42:15,0.0
GEOP_20260402.csv,2025-09-03 02:45:15,0.0
GEOP_20260402.csv,2025-09-03 02:48:15,0.0
GEOP_20260402.csv,2025-09-03 02:51:15,0.0
GEOP_20260402.csv,2025-09-03 02:54:15,0.0
GEOP_20260402.csv,2025-09-03 02:57:15,0.0
GEOP_20260402.csv,2025-09-03 03:00:15,0.0
GEOP_20260402.csv,2025-09-03 03:03:15,0.0
GEOP_20260402.csv,2025-09-03 03:06:15,0.0
GEOP_20260402.csv,2025-09-03 03:09:15,0.0
GEOP_20260402.csv,2025-09-03 03:12:15,0.0
GEOP_20260402.csv,2025-09-03 03:15:15,0.0
GEOP_20260402.csv,2025-09-03 03:18:15,0.0
GEOP_20260402.csv,2025-09-03 03:21:15,0.0
GEOP_20260402.csv,2025-09-03 03:24:15,0.0
GEOP_20260402.csv,2025-09-03 03:27:15,0.0
GEOP_20260402.csv,2025-09-03 03:30:15,0.0
GEOP_20260402.csv,2025-09-03 03:33:15,0.0
GEOP_20260402.csv,2025-09-03 03:36:15,0.0
GEOP_20260402.csv,2025-09-03 03:39:15,0.0
GEOP_20260402.csv,2025-09-03 03:42:15,0.0
GEOP_20260402.csv,2025-09-03 03:45:15,0.0
GEOP_20260402.csv,2025-09-03 03:48:15,0.0
GEOP_20260402.csv,2025-09-03 03:51:15,0.0
GEOP_20260402.csv,2025-09-03 03:54:15,0.0
GEOP_20260402.csv,2025-09-03 03:57:15,0.0
GEOP_20260402.csv,2025-09-03 04:00:15,0.0
GEOP_20260402.csv,2025-09-03 04:03:15,0.0
GEOP_20260402.csv,2025-09-03 04:06:15,0.0
GEOP_20260402.csv,2025-09-03 04:09:15,0.0
GEOP_20260402.csv,2025-09-03 04:12:15,0.0
GEOP_20260402.csv,2025-09-03 04:15:15,0.0
GEOP_20260402.csv,2025-09-03 04:18:15,0.0
GEOP_20260402.csv,2025-09-03 04:21:15,0.0
GEOP_20260402.csv,2025-09-03 04:24:15,0.0
GEOP_20260402.csv,2025-09-03 04:27:15,0.0
GEOP_20260402.csv,2025-09-03 04:30:15,0.0
GEOP_20260402.csv,2025-09-03 04:33:15,0.0
GEOP_20260402.csv,2025-09-03 04:36:15,0.0
GEOP_20260402.csv,2025-09-03 04:39:15,0.0
GEOP_20260402.csv,2025-09-03 04:42:15,0.0
GEOP_20260402.csv,2025-09-03 04:45:15,0.0
GEOP_20260402.csv,2025-09-03 04:48:15,0.0
GEOP_20260402.csv,2025-09-03 04:51:15,0.0
GEOP_20260402.csv,2025-09-03 04:54:15,0.0
GEOP_20260402.csv,2025-09-03 04:57:15,0.0
GEOP_20260402.csv,2025-09-03 05:00:15,0.0
GEOP_20260402.csv,2025-09-03 05:03:15,0.0
GEOP_20260402.csv,2025-09-03 05:06:15,0.0
GEOP_20260402.csv,2025-09-03 05:09:15,0.0
GEOP_20260402.csv,2025-09-03 05:12:15,0.0
GEOP_20260402.csv,2025-09-03 05:15:15,0.0
GEOP_20260402.csv,2025-09-03 05:18:15,0.0
GEOP_20260402.csv,2025-09-03 05:21:15,0.0
GEOP_20260402.csv,2025-09-03 05:24:15,0.0
GEOP_20260402.csv,2025-09-03 05:27:15,0.0
GEOP_20260402.csv,2025-09-03 05:30:15,0.0
GEOP_20260402.csv,2025-09-03 05:33:15,0.0
GEOP_20260402.csv,2025-09-03 05:36:15,0.0
GEOP_20260402.csv,2025-09-03 05:39:15,0.0
GEOP_20260402.csv,2025-09-03 05:42:15,0.0
GEOP_20260402.csv,2025-09-03 05:45:15,0.0
GEOP_20260402.csv,2025-09-03 05:48:15,0.0
GEOP_20260402.csv,2025-09-03 05:51:15,0.0
GEOP_20260402.csv,2025-09-03 05:54:15,0.0
GEOP_20260402.csv,2025-09-03 05:57:15,0.0
GEOP_20260402.csv,2025-09-03 06:00:15,0.0
GEOP_20260402.csv,2025-09-03 06:03:15,0.0
GEOP_20260402.csv,2025-09-03 06:06:15,0.0
GEOP_20260402.csv,2025-09-03 06:09:15,0.0
GEOP_20260402.csv,2025-09-03 06:12:15,0.0
GEOP_20260402.csv,2025-09-03 06:15:15,0.0
GEOP_20260402.csv,2025-09-03 06:18:15,0.0
GEOP_20260402.csv,2025-09-03 06:21:15,0.0
GEOP_20260402.csv,2025-09-03 06:24:15,0.0
GEOP_20260402.csv,2025-09-03 06:27:15,0.0
GEOP_20260402.csv,2025-09-03 06:30:15,0.0
GEOP_20260402.csv,2025-09-03 06:33:15,0.0
GEOP_20260402.csv,2025-09-03 06:36:15,0.0
GEOP_20260402.csv,2025-09-03 06:39:15,0.0
GEOP_20260402.csv,2025-09-03 06:42:15,0.0
GEOP_20260402.csv,2025-09-03 06:45:15,0.0
GEOP_20260402.csv,2025-09-03 06:48:15,0.0
GEOP_20260402.csv,2025-09-03 06:51:15,0.0
GEOP_20260402.csv,2025-09-03 06:54:15,0.0
GEOP_20260402.csv,2025-09-03 06:57:15,0.0
GEOP_20260402.csv,2025-09-03 07:00:15,0.0
GEOP_20260402.csv,2025-09-03 07:03:15,0.0
GEOP_20260402.csv,2025-09-03 07:06:15,0.0
GEOP_20260402.csv,2025-09-03 07:09:15,0.0
GEOP_20260402.csv,2025-09-03 07:12:15,0.0
GEOP_20260402.csv,2025-09-03 07:15:15,0.0
GEOP_20260402.csv,2025-09-03 07:18:15,0.0
GEOP_20260402.csv,2025-09-03 07:21:15,0.0
GEOP_20260402.csv,2025-09-03 07:24:15,0.0
GEOP_20260402.csv,2025-09-03 07:27:15,0.0
GEOP_20260402.csv,2025-09-03 07:30:15,0.0
GEOP_20260402.csv,2025-09-03 07:33:15,0.0
GEOP_20260402.csv,2025-09-03 07:36:15,0.0
GEOP_20260402.csv,2025-09-03 07:39:15,0.0
GEOP_20260402.csv,2025-09-03 07:42:15,0.0
GEOP_20260402.csv,2025-09-03 07:45:15,0.0
GEOP_20260402.csv,2025-09-03 07:48:15,0.0
GEOP_20260402.csv,2025-09-03 07:51:15,0.0
GEOP_20260402.csv,2025-09-03 07:54:15,0.0
GEOP_20260402.csv,2025-09-03 07:57:15,0.0
GEOP_20260402.csv,2025-09-03 08:00:15,0.0
GEOP_20260402.csv,2025-09-03 08:03:15,0.0
GEOP_20260402.csv,2025-09-03 08:06:15,0.0
GEOP_20260402.csv,2025-09-03 08:09:15,0.0
GEOP_20260402.csv,2025-09-03 08:12:15,0.0
GEOP_20260402.csv,2025-09-03 08:15:15,0.0
GEOP_20260402.csv,2025-09-03 08:18:15,0.0
GEOP_20260402.csv,2025-09-03 08:21:15,0.0
GEOP_20260402.csv,2025-09-03 08:24:15,0.0
GEOP_20260402.csv,2025-09-03 08:27:15,0.0
GEOP_20260402.csv,2025-09-03 08:30:15,0.0
GEOP_20260402.csv,2025-09-03 08:33:15,0.0
GEOP_20260402.csv,2025-09-03 08:36:15,0.0
GEOP_20260402.csv,2025-09-03 08:39:15,0.0
GEOP_20260402.csv,2025-09-03 08:42:15,0.0
GEOP_20260402.csv,2025-09-03 08:45:15,0.0
GEOP_20260402.csv,2025-09-03 08:48:15,0.0
GEOP_20260402.csv,2025-09-03 08:51:15,0.0
GEOP_20260402.csv,2025-09-03 08:54:14,0.0
GEOP_20260402.csv,2025-09-03 08:57:14,0.0
GEOP_20260402.csv,2025-09-03 09:00:14,0.0
GEOP_20260402.csv,2025-09-03 09:03:14,0.0
GEOP_20260402.csv,2025-09-03 09:06:14,0.0
GEOP_20260402.csv,2025-09-03 09:09:14,0.0
GEOP_20260402.csv,2025-09-03 09:12:14,0.0
GEOP_20260402.csv,2025-09-03 09:15:14,0.0
GEOP_20260402.csv,2025-09-03 09:18:14,0.0
GEOP_20260402.csv,2025-09-03 09:21:14,0.0
GEOP_20260402.csv,2025-09-03 09:24:14,0.0
GEOP_20260402.csv,2025-09-03 09:27:14,0.0
GEOP_20260402.csv,2025-09-03 09:30:15,0.0
GEOP_20260402.csv,2025-09-03 09:33:14,0.0
GEOP_20260402.csv,2025-09-03 09:36:14,0.0
GEOP_20260402.csv,2025-09-03 09:39:14,0.0
GEOP_20260402.csv,2025-09-03 09:42:14,0.0
GEOP_20260402.csv,2025-09-03 09:45:14,0.0
GEOP_20260402.csv,2025-09-03 09:48:14,0.0
GEOP_20260402.csv,2025-09-03 09:51:14,0.0
GEOP_20260402.csv,2025-09-03 09:54:14,0.0
GEOP_20260402.csv,2025-09-03 09:57:14,0.0
GEOP_20260402.csv,2025-09-03 10:00:14,0.0
GEOP_20260402.csv,2025-09-03 10:03:14,0.0
GEOP_20260402.csv,2025-09-03 10:06:14,0.0
GEOP_20260402.csv,2025-09-03 10:09:14,0.0
GEOP_20260402.csv,2025-09-03 10:12:14,0.0
GEOP_20260402.csv,2025-09-03 10:15:14,0.0
GEOP_20260402.csv,2025-09-03 10:18:14,0.0
GEOP_20260402.csv,2025-09-03 10:21:14,0.0
GEOP_20260402.csv,2025-09-03 10:24:14,0.0
GEOP_20260402.csv,2025-09-03 10:27:14,0.0
GEOP_20260402.csv,2025-09-03 10:30:14,0.0
GEOP_20260402.csv,2025-09-03 10:33:14,0.0
GEOP_20260402.csv,2025-09-03 10:36:14,0.0
GEOP_20260402.csv,2025-09-03 10:39:14,0.0
GEOP_20260402.csv,2025-09-03 10:42:14,0.0
GEOP_20260402.csv,2025-09-03 10:45:14,0.0
GEOP_20260402.csv,2025-09-03 10:48:14,0.0
GEOP_20260402.csv,2025-09-03 10:51:14,0.0
GEOP_20260402.csv,2025-09-03 10:54:14,0.0
GEOP_20260402.csv,2025-09-03 10:57:14,0.0
GEOP_20260402.csv,2025-09-03 11:00:14,0.0
GEOP_20260402.csv,2025-09-03 11:03:14,0.0
GEOP_20260402.csv,2025-09-03 11:06:14,0.0
GEOP_20260402.csv,2025-09-03 11:09:14,0.0
GEOP_20260402.csv,2025-09-03 11:12:14,0.0
GEOP_20260402.csv,2025-09-03 11:15:14,0.0
GEOP_20260402.csv,2025-09-03 11:18:14,0.0
GEOP_20260402.csv,2025-09-03 11:21:14,0.0
GEOP_20260402.csv,2025-09-03 11:24:14,0.0
GEOP_20260402.csv,2025-09-03 11:27:14,0.0
GEOP_20260402.csv,2025-09-03 11:30:14,0.0
GEOP_20260402.csv,2025-09-03 11:33:14,0.0
GEOP_20260402.csv,2025-09-03 11:36:14,0.0
GEOP_20260402.csv,2025-09-03 11:39:14,0.0
GEOP_20260402.csv,2025-09-03 11:42:14,0.0
GEOP_20260402.csv,2025-09-03 11:45:14,0.0
GEOP_20260402.csv,2025-09-03 11:48:14,0.0
GEOP_20260402.csv,2025-09-03 11:51:14,0.0
GEOP_20260402.csv,2025-09-03 11:54:14,0.0
GEOP_20260402.csv,2025-09-03 11:57:14,0.0
GEOP_20260402.csv,2025-09-03 12:00:14,0.0
GEOP_20260402.csv,2025-09-03 12:03:14,0.0
GEOP_20260402.csv,2025-09-03 12:06:14,0.0
GEOP_20260402.csv,2025-09-03 12:09:14,0.0
GEOP_20260402.csv,2025-09-03 12:12:14,0.0
GEOP_20260402.csv,2025-09-03 12:15:14,0.0
GEOP_20260402.csv,2025-09-03 12:18:14,0.0
GEOP_20260402.csv,2025-09-03 12:21:14,0.0
GEOP_20260402.csv,2025-09-03 12:24:14,0.0
GEOP_20260402.csv,2025-09-03 12:27:14,0.0
GEOP_20260402.csv,2025-09-03 12:30:14,0.0
GEOP_20260402.csv,2025-09-03 12:33:14,0.0
GEOP_20260402.csv,2025-09-03 12:36:14,0.0
GEOP_20260402.csv,2025-09-03 12:39:14,0.0
GEOP_20260402.csv,2025-09-03 12:42:14,0.0
GEOP_20260402.csv,2025-09-03 12:45:14,0.0
GEOP_20260402.csv,2025-09-03 12:48:14,0.0
GEOP_20260402.csv,2025-09-03 12:51:14,0.0
GEOP_20260402.csv,2025-09-03 12:54:14,0.0
GEOP_20260402.csv,2025-09-03 12:57:14,0.0
GEOP_20260402.csv,2025-09-03 13:00:14,0.0
GEOP_20260402.csv,2025-09-03 13:03:14,0.0
GEOP_20260402.csv,2025-09-03 13:06:14,0.0
GEOP_20260402.csv,2025-09-03 13:09:14,0.0
GEOP_20260402.csv,2025-09-03 13:12:14,0.0
GEOP_20260402.csv,2025-09-03 13:15:14,0.0
GEOP_20260402.csv,2025-09-03 13:18:14,0.0
GEOP_20260402.csv,2025-09-03 13:21:14,0.0
GEOP_20260402.csv,2025-09-03 13:24:14,0.0
GEOP_20260402.csv,2025-09-03 13:27:14,0.0
GEOP_20260402.csv,2025-09-03 13:30:14,0.0
GEOP_20260402.csv,2025-09-03 13:33:14,0.0
GEOP_20260402.csv,2025-09-03 13:36:14,0.0
GEOP_20260402.csv,2025-09-03 13:39:14,0.0
GEOP_20260402.csv,2025-09-03 13:42:14,0.0
GEOP_20260402.csv,2025-09-03 13:45:14,0.0
GEOP_20260402.csv,2025-09-03 13:48:14,0.0
GEOP_20260402.csv,2025-09-03 13:51:14,0.0
GEOP_20260402.csv,2025-09-03 13:54:14,0.0
GEOP_20260402.csv,2025-09-03 13:57:14,0.0
GEOP_20260402.csv,2025-09-03 14:00:14,0.0
GEOP_20260402.csv,2025-09-03 14:03:14,0.0
GEOP_20260402.csv,2025-09-03 14:06:14,0.0
GEOP_20260402.csv,2025-09-03 14:09:14,0.0
GEOP_20260402.csv,2025-09-03 14:12:14,0.0
GEOP_20260402.csv,2025-09-03 14:15:14,0.0
GEOP_20260402.csv,2025-09-03 14:18:14,0.0
GEOP_20260402.csv,2025-09-03 14:21:14,0.0
GEOP_20260402.csv,2025-09-03 14:24:14,0.0
GEOP_20260402.csv,2025-09-03 14:27:14,0.0
GEOP_20260402.csv,2025-09-03 14:30:14,0.0
GEOP_20260402.csv,2025-09-03 14:33:14,0.0
GEOP_20260402.csv,2025-09-03 14:36:14,0.0
GEOP_20260402.csv,2025-09-03 14:39:14,0.0
GEOP_20260402.csv,2025-09-03 14:42:14,0.0
GEOP_20260402.csv,2025-09-03 14:45:14,0.0
GEOP_20260402.csv,2025-09-03 14:48:14,0.0
GEOP_20260402.csv,2025-09-03 14:51:14,0.0
GEOP_20260402.csv,2025-09-03 14:54:14,0.0
GEOP_20260402.csv,2025-09-03 14:57:14,0.0
GEOP_20260402.csv,2025-09-03 15:00:14,0.0
GEOP_20260402.csv,2025-09-03 15:03:14,0.0
GEOP_20260402.csv,2025-09-03 15:06:14,0.0
GEOP_20260402.csv,2025-09-03 15:09:14,0.0
GEOP_20260402.csv,2025-09-03 15:12:14,0.0
GEOP_20260402.csv,2025-09-03 15:15:14,0.0
GEOP_20260402.csv,2025-09-03 15:18:14,0.0
GEOP_20260402.csv,2025-09-03 15:21:14,0.0
GEOP_20260402.csv,2025-09-03 15:24:14,0.0
GEOP_20260402.csv,2025-09-03 15:27:14,0.0
GEOP_20260402.csv,2025-09-03 15:30:14,0.0
GEOP_20260402.csv,2025-09-03 15:33:14,0.0
GEOP_20260402.csv,2025-09-03 15:36:14,0.0
GEOP_20260402.csv,2025-09-03 15:39:14,0.0
GEOP_20260402.csv,2025-09-03 15:42:14,0.0
GEOP_20260402.csv,2025-09-03 15:45:14,0.0
GEOP_20260402.csv,2025-09-03 15:48:14,0.0
GEOP_20260402.csv,2025-09-03 15:51:14,0.0
GEOP_20260402.csv,2025-09-03 15:54:14,0.0
GEOP_20260402.csv,2025-09-03 15:57:14,0.0
GEOP_20260402.csv,2025-09-03 16:00:14,0.0
GEOP_20260402.csv,2025-09-03 16:03:14,0.0
GEOP_20260402.csv,2025-09-03 16:06:14,0.0
GEOP_20260402.csv,2025-09-03 16:09:14,0.0
GEOP_20260402.csv,2025-09-03 16:12:14,0.0
GEOP_20260402.csv,2025-09-03 16:15:14,0.0
GEOP_20260402.csv,2025-09-03 16:18:14,0.0
GEOP_20260402.csv,2025-09-03 16:21:14,0.0
GEOP_20260402.csv,2025-09-03 16:24:14,0.0
GEOP_20260402.csv,2025-09-03 16:27:14,0.0
GEOP_20260402.csv,2025-09-03 16:30:14,0.0
GEOP_20260402.csv,2025-09-03 16:33:14,0.0
GEOP_20260402.csv,2025-09-03 16:36:14,0.0
GEOP_20260402.csv,2025-09-03 16:39:14,0.0
GEOP_20260402.csv,2025-09-03 16:42:14,0.0
GEOP_20260402.csv,2025-09-03 16:45:14,0.0
GEOP_20260402.csv,2025-09-03 16:48:14,0.0
GEOP_20260402.csv,2025-09-03 16:51:14,0.0
GEOP_20260402.csv,2025-09-03 16:54:14,0.0
GEOP_20260402.csv,2025-09-03 16:57:14,0.0
GEOP_20260402.csv,2025-09-03 17:00:14,0.0
GEOP_20260402.csv,2025-09-03 17:03:14,0.0
GEOP_20260402.csv,2025-09-03 17:06:14,0.0
GEOP_20260402.csv,2025-09-03 17:09:14,0.0
GEOP_20260402.csv,2025-09-03 17:12:14,0.0
GEOP_20260402.csv,2025-09-03 17:15:14,0.0
GEOP_20260402.csv,2025-09-03 17:18:14,0.0
GEOP_20260402.csv,2025-09-03 17:21:14,0.0
GEOP_20260402.csv,2025-09-03 17:24:14,0.0
GEOP_20260402.csv,2025-09-03 17:27:14,0.0
GEOP_20260402.csv,2025-09-03 17:30:14,0.0
GEOP_20260402.csv,2025-09-03 17:33:14,0.0
GEOP_20260402.csv,2025-09-03 17:36:14,0.0
GEOP_20260402.csv,2025-09-03 17:39:14,0.0
GEOP_20260402.csv,2025-09-03 17:42:14,0.0
GEOP_20260402.csv,2025-09-03 17:45:14,0.0
GEOP_20260402.csv,2025-09-03 17:48:14,0.0
GEOP_20260402.csv,2025-09-03 17:51:14,0.0
GEOP_20260402.csv,2025-09-03 17:54:14,0.0
GEOP_20260402.csv,2025-09-03 17:57:14,0.0
GEOP_20260402.csv,2025-09-03 18:00:14,0.0
GEOP_20260402.csv,2025-09-03 18:03:14,0.0
GEOP_20260402.csv,2025-09-03 18:06:14,0.0
GEOP_20260402.csv,2025-09-03 18:09:14,0.0
GEOP_20260402.csv,2025-09-03 18:12:14,0.0
GEOP_20260402.csv,2025-09-03 18:15:14,0.0
GEOP_20260402.csv,2025-09-03 18:18:14,0.0
GEOP_20260402.csv,2025-09-03 18:21:13,0.0
GEOP_20260402.csv,2025-09-03 18:24:13,0.0
GEOP_20260402.csv,2025-09-03 18:27:13,0.0
GEOP_20260402.csv,2025-09-03 18:30:13,0.0
GEOP_20260402.csv,2025-09-03 18:33:13,0.0
GEOP_20260402.csv,2025-09-03 18:36:13,0.0
GEOP_20260402.csv,2025-09-03 18:39:13,0.0
GEOP_20260402.csv,2025-09-03 18:42:13,0.0
GEOP_20260402.csv,2025-09-03 18:45:13,0.0
GEOP_20260402.csv,2025-09-03 18:48:13,0.0
GEOP_20260402.csv,2025-09-03 18:51:13,0.0
GEOP_20260402.csv,2025-09-03 18:54:13,0.0
GEOP_20260402.csv,2025-09-03 18:57:13,0.0
GEOP_20260402.csv,2025-09-03 19:00:13,0.0
GEOP_20260402.csv,2025-09-03 19:03:13,0.0
GEOP_20260402.csv,2025-09-03 19:06:13,0.0
GEOP_20260402.csv,2025-09-03 19:09:13,0.0
GEOP_20260402.csv,2025-09-03 19:12:13,0.0
GEOP_20260402.csv,2025-09-03 19:15:13,0.0
GEOP_20260402.csv,2025-09-03 19:18:13,0.0
GEOP_20260402.csv,2025-09-03 19:21:13,0.0
GEOP_20260402.csv,2025-09-03 19:24:13,0.0
GEOP_20260402.csv,2025-09-03 19:27:13,0.0
GEOP_20260402.csv,2025-09-03 19:30:13,0.0
GEOP_20260402.csv,2025-09-03 19:33:13,0.0
GEOP_20260402.csv,2025-09-03 19:36:13,0.0
GEOP_20260402.csv,2025-09-03 19:39:13,0.0
GEOP_20260402.csv,2025-09-03 19:42:13,0.0
GEOP_20260402.csv,2025-09-03 19:45:13,0.0
GEOP_20260402.csv,2025-09-03 19:48:13,0.0
GEOP_20260402.csv,2025-09-03 19:51:13,0.0
GEOP_20260402.csv,2025-09-03 19:54:13,0.0
GEOP_20260402.csv,2025-09-03 19:57:13,0.0
GEOP_20260402.csv,2025-09-03 20:00:13,0.0
GEOP_20260402.csv,2025-09-03 20:03:13,0.0
GEOP_20260402.csv,2025-09-03 20:06:13,0.0
GEOP_20260402.csv,2025-09-03 20:09:13,0.0
GEOP_20260402.csv,2025-09-03 20:12:13,0.0
GEOP_20260402.csv,2025-09-03 20:15:13,0.0
GEOP_20260402.csv,2025-09-03 20:18:13,0.0
GEOP_20260402.csv,2025-09-03 20:21:13,0.0
GEOP_20260402.csv,2025-09-03 20:24:13,0.0
GEOP_20260402.csv,2025-09-03 20:27:13,0.0
GEOP_20260402.csv,2025-09-03 20:30:13,0.0
GEOP_20260402.csv,2025-09-03 20:33:13,0.0
GEOP_20260402.csv,2025-09-03 20:36:13,0.0
GEOP_20260402.csv,2025-09-03 20:39:13,0.0
GEOP_20260402.csv,2025-09-03 20:42:13,0.0
GEOP_20260402.csv,2025-09-03 20:45:13,0.0
GEOP_20260402.csv,2025-09-03 20:48:13,0.0
GEOP_20260402.csv,2025-09-03 20:51:13,0.0
GEOP_20260402.csv,2025-09-03 20:54:13,0.0
GEOP_20260402.csv,2025-09-03 20:57:13,0.0
GEOP_20260402.csv,2025-09-03 21:00:13,0.0
GEOP_20260402.csv,2025-09-03 21:03:13,0.0
GEOP_20260402.csv,2025-09-03 21:06:13,0.0
GEOP_20260402.csv,2025-09-03 21:09:13,0.0
GEOP_20260402.csv,2025-09-03 21:12:13,0.0
GEOP_20260402.csv,2025-09-03 21:15:13,0.0
GEOP_20260402.csv,2025-09-03 21:18:13,0.0
GEOP_20260402.csv,2025-09-03 21:21:13,0.0
GEOP_20260402.csv,2025-09-03 21:24:13,0.0
GEOP_20260402.csv,2025-09-03 21:27:13,0.0
GEOP_20260402.csv,2025-09-03 21:30:13,0.0
GEOP_20260402.csv,2025-09-03 21:33:13,0.0
GEOP_20260402.csv,2025-09-03 21:36:13,0.0
GEOP_20260402.csv,2025-09-03 21:39:13,0.0
GEOP_20260402.csv,2025-09-03 21:42:13,0.0
GEOP_20260402.csv,2025-09-03 21:45:13,0.0
GEOP_20260402.csv,2025-09-03 21:48:13,0.0
GEOP_20260402.csv,2025-09-03 21:51:13,0.0
GEOP_20260402.csv,2025-09-03 21:54:13,0.0
GEOP_20260402.csv,2025-09-03 21:57:13,0.0
GEOP_20260402.csv,2025-09-03 22:00:13,0.0
GEOP_20260402.csv,2025-09-03 22:03:13,0.0
GEOP_20260402.csv,2025-09-03 22:06:13,0.0
GEOP_20260402.csv,2025-09-03 22:09:13,0.0
GEOP_20260402.csv,2025-09-03 22:12:13,0.0
GEOP_20260402.csv,2025-09-03 22:15:13,0.0
GEOP_20260402.csv,2025-09-03 22:18:13,0.0
GEOP_20260402.csv,2025-09-03 22:21:13,0.0
GEOP_20260402.csv,2025-09-03 22:24:13,0.0
GEOP_20260402.csv,2025-09-03 22:27:13,0.0
GEOP_20260402.csv,2025-09-03 22:30:13,0.0
GEOP_20260402.csv,2025-09-03 22:33:13,0.0
GEOP_20260402.csv,2025-09-03 22:36:13,0.0
GEOP_20260402.csv,2025-09-03 22:39:13,0.0
GEOP_20260402.csv,2025-09-03 22:42:13,0.0
GEOP_20260402.csv,2025-09-03 22:45:13,0.0
GEOP_20260402.csv,2025-09-03 22:48:13,0.0
GEOP_20260402.csv,2025-09-03 22:51:13,0.0
GEOP_20260402.csv,2025-09-03 22:54:13,0.0
GEOP_20260402.csv,2025-09-03 22:57:13,0.0
GEOP_20260402.csv,2025-09-03 23:00:13,0.0
GEOP_20260402.csv,2025-09-03 23:03:13,0.0
GEOP_20260402.csv,2025-09-03 23:06:13,0.0
GEOP_20260402.csv,2025-09-03 23:09:13,0.0
GEOP_20260402.csv,2025-09-03 23:12:13,0.0
GEOP_20260402.csv,2025-09-03 23:15:13,0.0
GEOP_20260402.csv,2025-09-03 23:18:13,0.0
GEOP_20260402.csv,2025-09-03 23:21:13,0.0
GEOP_20260402.csv,2025-09-03 23:24:13,0.0
GEOP_20260402.csv,2025-09-03 23:27:13,0.0
GEOP_20260402.csv,2025-09-03 23:30:13,0.0
GEOP_20260402.csv,2025-09-03 23:33:13,0.0
GEOP_20260402.csv,2025-09-03 23:36:13,0.0
GEOP_20260402.csv,2025-09-03 23:39:13,0.0
GEOP_20260402.csv,2025-09-03 23:42:13,0.0
GEOP_20260402.csv,2025-09-03 23:45:13,0.0
GEOP_20260402.csv,2025-09-03 23:48:13,0.0
GEOP_20260402.csv,2025-09-03 23:51:13,0.0
GEOP_20260402.csv,2025-09-03 23:54:13,0.0
GEOP_20260402.csv,2025-09-03 23:57:13,0.0
GEOP_20260402.csv,2025-09-04 00:00:13,0.0
GEOP_20260402.csv,2025-09-04 00:03:13,0.0
GEOP_20260402.csv,2025-09-04 00:06:13,0.0
GEOP_20260402.csv,2025-09-04 00:09:13,0.0
GEOP_20260402.csv,2025-09-04 00:12:13,0.0
GEOP_20260402.csv,2025-09-04 00:15:13,0.0
GEOP_20260402.csv,2025-09-04 00:18:13,0.0
GEOP_20260402.csv,2025-09-04 00:21:13,0.0
GEOP_20260402.csv,2025-09-04 00:24:13,0.0
GEOP_20260402.csv,2025-09-04 00:27:13,0.0
GEOP_20260402.csv,2025-09-04 00:30:13,0.0
GEOP_20260402.csv,2025-09-04 00:33:13,0.0
GEOP_20260402.csv,2025-09-04 00:36:13,0.0
GEOP_20260402.csv,2025-09-04 00:39:13,0.0
GEOP_20260402.csv,2025-09-04 00:42:13,0.0
GEOP_20260402.csv,2025-09-04 00:45:13,0.0
GEOP_20260402.csv,2025-09-04 00:48:13,0.0
GEOP_20260402.csv,2025-09-04 00:51:13,0.0
GEOP_20260402.csv,2025-09-04 00:54:13,0.0
GEOP_20260402.csv,2025-09-04 00:57:13,0.0
GEOP_20260402.csv,2025-09-04 01:00:13,0.0
GEOP_20260402.csv,2025-09-04 01:03:13,0.0
GEOP_20260402.csv,2025-09-04 01:06:13,0.0
GEOP_20260402.csv,2025-09-04 01:09:13,0.0
GEOP_20260402.csv,2025-09-04 01:12:13,0.0
GEOP_20260402.csv,2025-09-04 01:15:13,0.0
GEOP_20260402.csv,2025-09-04 01:18:13,0.0
GEOP_20260402.csv,2025-09-04 01:21:13,0.0
GEOP_20260402.csv,2025-09-04 01:24:13,0.0
GEOP_20260402.csv,2025-09-04 01:27:13,0.0
GEOP_20260402.csv,2025-09-04 01:30:13,0.0
GEOP_20260402.csv,2025-09-04 01:33:13,0.0
GEOP_20260402.csv,2025-09-04 01:36:13,0.0
GEOP_20260402.csv,2025-09-04 01:39:13,0.0
GEOP_20260402.csv,2025-09-04 01:42:13,0.0
GEOP_20260402.csv,2025-09-04 01:45:13,0.0
GEOP_20260402.csv,2025-09-04 01:48:13,0.0
GEOP_20260402.csv,2025-09-04 01:51:12,0.0
GEOP_20260402.csv,2025-09-04 01:54:12,0.0
GEOP_20260402.csv,2025-09-04 01:57:12,0.0
GEOP_20260402.csv,2025-09-04 02:00:12,0.0
GEOP_20260402.csv,2025-09-04 02:03:12,0.0
GEOP_20260402.csv,2025-09-04 02:06:12,0.0
GEOP_20260402.csv,2025-09-04 02:09:12,0.0
GEOP_20260402.csv,2025-09-04 02:12:12,0.0
GEOP_20260402.csv,2025-09-04 02:15:12,0.0
GEOP_20260402.csv,2025-09-04 02:18:12,0.0
GEOP_20260402.csv,2025-09-04 02:21:12,0.0
GEOP_20260402.csv,2025-09-04 02:24:12,0.0
GEOP_20260402.csv,2025-09-04 02:27:12,0.0
GEOP_20260402.csv,2025-09-04 02:30:12,0.0
GEOP_20260402.csv,2025-09-04 02:33:12,0.0
GEOP_20260402.csv,2025-09-04 02:36:12,0.0
GEOP_20260402.csv,2025-09-04 02:39:12,0.0
GEOP_20260402.csv,2025-09-04 02:42:12,0.0
GEOP_20260402.csv,2025-09-04 02:45:12,0.0
GEOP_20260402.csv,2025-09-04 02:48:12,0.0
GEOP_20260402.csv,2025-09-04 02:51:12,0.0
GEOP_20260402.csv,2025-09-04 02:54:12,0.0
GEOP_20260402.csv,2025-09-04 02:57:12,0.0
GEOP_20260402.csv,2025-09-04 03:00:12,0.0
GEOP_20260402.csv,2025-09-04 03:03:12,0.0
GEOP_20260402.csv,2025-09-04 03:06:12,0.0
GEOP_20260402.csv,2025-09-04 03:09:12,0.0
GEOP_20260402.csv,2025-09-04 03:12:12,0.0
GEOP_20260402.csv,2025-09-04 03:15:12,0.0
GEOP_20260402.csv,2025-09-04 03:18:12,0.0
GEOP_20260402.csv,2025-09-04 03:21:12,0.0
GEOP_20260402.csv,2025-09-04 03:24:12,0.0
GEOP_20260402.csv,2025-09-04 03:27:12,0.0
GEOP_20260402.csv,2025-09-04 03:30:12,0.0
GEOP_20260402.csv,2025-09-04 03:33:12,0.0
GEOP_20260402.csv,2025-09-04 03:36:12,0.0
GEOP_20260402.csv,2025-09-04 03:39:12,0.0
GEOP_20260402.csv,2025-09-04 03:42:12,0.0
GEOP_20260402.csv,2025-09-04 03:45:12,0.0
GEOP_20260402.csv,2025-09-04 03:48:12,0.0
GEOP_20260402.csv,2025-09-04 03:51:12,0.0
GEOP_20260402.csv,2025-09-04 03:54:12,0.0
GEOP_20260402.csv,2025-09-04 03:57:12,0.0
GEOP_20260402.csv,2025-09-04 04:00:12,0.0
GEOP_20260402.csv,2025-09-04 04:03:12,0.0
GEOP_20260402.csv,2025-09-04 04:06:12,0.0
GEOP_20260402.csv,2025-09-04 04:09:12,0.0
GEOP_20260402.csv,2025-09-04 04:12:12,0.0
GEOP_20260402.csv,2025-09-04 04:15:12,0.0
GEOP_20260402.csv,2025-09-04 04:18:12,0.0
GEOP_20260402.csv,2025-09-04 04:21:12,0.0
GEOP_20260402.csv,2025-09-04 04:24:12,0.0
GEOP_20260402.csv,2025-09-04 04:27:12,0.0
GEOP_20260402.csv,2025-09-04 04:30:12,0.0
GEOP_20260402.csv,2025-09-04 04:33:12,0.0
GEOP_20260402.csv,2025-09-04 04:36:12,0.0
GEOP_20260402.csv,2025-09-04 04:39:12,0.0
GEOP_20260402.csv,2025-09-04 04:42:12,0.0
GEOP_20260402.csv,2025-09-04 04:45:12,0.0
GEOP_20260402.csv,2025-09-04 04:48:12,0.0
GEOP_20260402.csv,2025-09-04 04:51:12,0.0
GEOP_20260402.csv,2025-09-04 04:54:12,0.0
GEOP_20260402.csv,2025-09-04 04:57:12,0.0
GEOP_20260402.csv,2025-09-04 05:00:12,0.0
GEOP_20260402.csv,2025-09-04 05:03:12,0.0
GEOP_20260402.csv,2025-09-04 05:06:12,0.0
GEOP_20260402.csv,2025-09-04 05:09:12,0.0
GEOP_20260402.csv,2025-09-04 05:12:12,0.0
GEOP_20260402.csv,2025-09-04 05:15:12,0.0
GEOP_20260402.csv,2025-09-04 05:18:12,0.0
GEOP_20260402.csv,2025-09-04 05:21:12,0.0
GEOP_20260402.csv,2025-09-04 05:24:12,0.0
GEOP_20260402.csv,2025-09-04 05:27:12,0.0
GEOP_20260402.csv,2025-09-04 05:30:12,0.0
GEOP_20260402.csv,2025-09-04 05:33:12,0.0
GEOP_20260402.csv,2025-09-04 05:36:12,0.0
GEOP_20260402.csv,2025-09-04 05:39:12,0.0
GEOP_20260402.csv,2025-09-04 05:42:12,0.0
GEOP_20260402.csv,2025-09-04 05:45:12,0.0
GEOP_20260402.csv,2025-09-04 05:48:12,0.0
GEOP_20260402.csv,2025-09-04 05:51:12,0.0
GEOP_20260402.csv,2025-09-04 05:54:12,0.0
GEOP_20260402.csv,2025-09-04 05:57:12,0.0
GEOP_20260402.csv,2025-09-04 06:00:12,0.0
GEOP_20260402.csv,2025-09-04 06:03:12,0.0
GEOP_20260402.csv,2025-09-04 06:06:12,0.0
GEOP_20260402.csv,2025-09-04 06:09:12,0.0
GEOP_20260402.csv,2025-09-04 06:12:12,0.0
GEOP_20260402.csv,2025-09-04 06:15:12,0.0
GEOP_20260402.csv,2025-09-04 06:18:12,0.0
GEOP_20260402.csv,2025-09-04 06:21:12,0.0
GEOP_20260402.csv,2025-09-04 06:24:12,0.0
GEOP_20260402.csv,2025-09-04 06:27:12,0.0
GEOP_20260402.csv,2025-09-04 06:30:12,0.0
GEOP_20260402.csv,2025-09-04 06:33:12,0.0
GEOP_20260402.csv,2025-09-04 06:36:12,0.0
GEOP_20260402.csv,2025-09-04 06:39:12,0.0
GEOP_20260402.csv,2025-09-04 06:42:12,0.0
GEOP_20260402.csv,2025-09-04 06:45:12,0.0
GEOP_20260402.csv,2025-09-04 06:48:12,0.0
GEOP_20260402.csv,2025-09-04 06:51:12,0.0
GEOP_20260402.csv,2025-09-04 06:54:12,0.0
GEOP_20260402.csv,2025-09-04 06:57:12,0.0
GEOP_20260402.csv,2025-09-04 07:00:12,0.0
GEOP_20260402.csv,2025-09-04 07:03:12,0.0
GEOP_20260402.csv,2025-09-04 07:06:12,0.0
GEOP_20260402.csv,2025-09-04 07:09:12,0.0
GEOP_20260402.csv,2025-09-04 07:12:12,0.0
GEOP_20260402.csv,2025-09-04 07:15:12,0.0
GEOP_20260402.csv,2025-09-04 07:18:12,0.0
GEOP_20260402.csv,2025-09-04 07:21:12,0.0
GEOP_20260402.csv,2025-09-04 07:24:12,0.0
GEOP_20260402.csv,2025-09-04 07:27:12,0.0
GEOP_20260402.csv,2025-09-04 07:30:12,0.0
GEOP_20260402.csv,2025-09-04 07:33:12,0.0
GEOP_20260402.csv,2025-09-04 07:36:12,0.0
GEOP_20260402.csv,2025-09-04 07:39:12,0.0
GEOP_20260402.csv,2025-09-04 07:42:12,0.0
GEOP_20260402.csv,2025-09-04 07:45:12,0.0
GEOP_20260402.csv,2025-09-04 07:48:12,0.0
GEOP_20260402.csv,2025-09-04 07:51:12,0.0
GEOP_20260402.csv,2025-09-04 07:54:12,0.0
GEOP_20260402.csv,2025-09-04 07:57:12,0.0
GEOP_20260402.csv,2025-09-04 08:00:12,0.0
GEOP_20260402.csv,2025-09-04 08:03:12,0.0
GEOP_20260402.csv,2025-09-04 08:06:12,0.0
GEOP_20260402.csv,2025-09-04 08:09:12,0.0
GEOP_20260402.csv,2025-09-04 08:12:12,0.0
GEOP_20260402.csv,2025-09-04 08:15:12,0.0
GEOP_20260402.csv,2025-09-04 08:18:12,0.0
GEOP_20260402.csv,2025-09-04 08:21:12,0.0
GEOP_20260402.csv,2025-09-04 08:24:12,0.0
GEOP_20260402.csv,2025-09-04 08:27:12,0.0
GEOP_20260402.csv,2025-09-04 08:30:12,0.0
GEOP_20260402.csv,2025-09-04 08:33:12,0.0
GEOP_20260402.csv,2025-09-04 08:36:12,0.0
GEOP_20260402.csv,2025-09-04 08:39:12,0.0
GEOP_20260402.csv,2025-09-04 08:42:12,0.0
GEOP_20260402.csv,2025-09-04 08:45:12,0.0
GEOP_20260402.csv,2025-09-04 08:48:12,0.0
GEOP_20260402.csv,2025-09-04 08:51:12,0.0
GEOP_20260402.csv,2025-09-04 08:54:12,0.0
GEOP_20260402.csv,2025-09-04 08:57:12,0.0
GEOP_20260402.csv,2025-09-04 09:00:12,0.0
GEOP_20260402.csv,2025-09-04 09:03:12,0.0
GEOP_20260402.csv,2025-09-04 09:06:12,0.0
GEOP_20260402.csv,2025-09-04 09:09:12,0.0
GEOP_20260402.csv,2025-09-04 09:12:12,0.0
GEOP_20260402.csv,2025-09-04 09:15:12,0.0
GEOP_20260402.csv,2025-09-04 09:18:12,0.0
GEOP_20260402.csv,2025-09-04 09:21:12,0.0
GEOP_20260402.csv,2025-09-04 09:24:12,0.0
GEOP_20260402.csv,2025-09-04 09:27:12,0.0
GEOP_20260402.csv,2025-09-04 09:30:12,0.0
GEOP_20260402.csv,2025-09-04 09:33:12,0.0
GEOP_20260402.csv,2025-09-04 09:36:12,0.0
GEOP_20260402.csv,2025-09-04 09:39:12,0.0
GEOP_20260402.csv,2025-09-04 09:42:12,0.0
GEOP_20260402.csv,2025-09-04 09:45:12,0.0
GEOP_20260402.csv,2025-09-04 09:48:12,0.0
GEOP_20260402.csv,2025-09-04 09:51:12,0.0
GEOP_20260402.csv,2025-09-04 09:54:12,0.0
GEOP_20260402.csv,2025-09-04 09:57:12,0.0
GEOP_20260402.csv,2025-09-04 10:00:12,0.0
GEOP_20260402.csv,2025-09-04 10:03:12,0.0
GEOP_20260402.csv,2025-09-04 10:06:12,0.0
GEOP_20260402.csv,2025-09-04 10:09:12,0.0
GEOP_20260402.csv,2025-09-04 10:12:12,0.0
GEOP_20260402.csv,2025-09-04 10:15:12,0.0
GEOP_20260402.csv,2025-09-04 10:18:12,0.0
GEOP_20260402.csv,2025-09-04 10:21:12,0.0
GEOP_20260402.csv,2025-09-04 10:24:12,0.0
GEOP_20260402.csv,2025-09-04 10:27:12,0.0
GEOP_20260402.csv,2025-09-04 10:30:12,0.0
GEOP_20260402.csv,2025-09-04 10:33:12,0.0
GEOP_20260402.csv,2025-09-04 10:36:12,0.0
GEOP_20260402.csv,2025-09-04 10:39:12,0.0
GEOP_20260402.csv,2025-09-04 10:42:12,0.0
GEOP_20260402.csv,2025-09-04 10:45:12,0.0
GEOP_20260402.csv,2025-09-04 10:48:12,0.0
GEOP_20260402.csv,2025-09-04 10:51:12,0.0
GEOP_20260402.csv,2025-09-04 10:54:12,0.0
GEOP_20260402.csv,2025-09-04 10:57:12,0.0
GEOP_20260402.csv,2025-09-04 11:00:12,0.0
GEOP_20260402.csv,2025-09-04 11:03:12,0.0
GEOP_20260402.csv,2025-09-04 11:06:12,0.0
GEOP_20260402.csv,2025-09-04 11:09:12,0.0
GEOP_20260402.csv,2025-09-04 11:12:12,0.0
GEOP_20260402.csv,2025-09-04 11:15:12,0.0
GEOP_20260402.csv,2025-09-04 11:18:12,0.0
GEOP_20260402.csv,2025-09-04 11:21:12,0.0
GEOP_20260402.csv,2025-09-04 11:24:12,0.0
GEOP_20260402.csv,2025-09-04 11:27:11,0.0
GEOP_20260402.csv,2025-09-04 11:30:11,0.0
GEOP_20260402.csv,2025-09-04 11:33:11,0.0
GEOP_20260402.csv,2025-09-04 11:36:11,0.0
GEOP_20260402.csv,2025-09-04 11:39:11,0.0
GEOP_20260402.csv,2025-09-04 11:42:11,0.0
GEOP_20260402.csv,2025-09-04 11:45:11,0.0
GEOP_20260402.csv,2025-09-04 11:48:11,0.0
GEOP_20260402.csv,2025-09-04 11:51:11,0.0
GEOP_20260402.csv,2025-09-04 11:54:11,0.0
GEOP_20260402.csv,2025-09-04 11:57:11,0.0
GEOP_20260402.csv,2025-09-04 12:00:11,0.0
GEOP_20260402.csv,2025-09-04 12:03:11,0.0
GEOP_20260402.csv,2025-09-04 12:06:12,0.0
GEOP_20260402.csv,2025-09-04 12:09:12,0.0
GEOP_20260402.csv,2025-09-04 12:12:12,0.0
GEOP_20260402.csv,2025-09-04 12:15:12,0.0
GEOP_20260402.csv,2025-09-04 12:18:12,0.0
GEOP_20260402.csv,2025-09-04 12:21:12,0.0
GEOP_20260402.csv,2025-09-04 12:24:12,0.0
GEOP_20260402.csv,2025-09-04 12:27:12,0.0
GEOP_20260402.csv,2025-09-04 12:30:12,0.0
GEOP_20260402.csv,2025-09-04 12:33:12,0.0
GEOP_20260402.csv,2025-09-04 12:36:12,0.0
GEOP_20260402.csv,2025-09-04 12:39:12,0.0
GEOP_20260402.csv,2025-09-04 12:42:12,0.0
GEOP_20260402.csv,2025-09-04 12:45:12,0.0
GEOP_20260402.csv,2025-09-04 12:48:12,0.0
GEOP_20260402.csv,2025-09-04 12:51:12,0.0
GEOP_20260402.csv,2025-09-04 12:54:12,0.0
GEOP_20260402.csv,2025-09-04 12:57:12,0.0
GEOP_20260402.csv,2025-09-04 13:00:12,0.0
GEOP_20260402.csv,2025-09-04 13:03:12,0.0
GEOP_20260402.csv,2025-09-04 13:06:12,0.0
GEOP_20260402.csv,2025-09-04 13:09:12,0.0
GEOP_20260402.csv,2025-09-04 13:12:12,0.0
GEOP_20260402.csv,2025-09-04 13:15:12,0.0
GEOP_20260402.csv,2025-09-04 13:18:12,0.0
GEOP_20260402.csv,2025-09-04 13:21:11,0.0
GEOP_20260402.csv,2025-09-04 13:24:11,0.0
GEOP_20260402.csv,2025-09-04 13:27:11,0.0
GEOP_20260402.csv,2025-09-04 13:30:11,0.0
GEOP_20260402.csv,2025-09-04 13:33:11,0.0
GEOP_20260402.csv,2025-09-04 13:36:11,0.0
GEOP_20260402.csv,2025-09-04 13:39:11,0.0
GEOP_20260402.csv,2025-09-04 13:42:11,0.02
GEOP_20260402.csv,2025-09-04 13:45:11,1.25
GEOP_20260402.csv,2025-09-04 13:48:11,1.29
GEOP_20260402.csv,2025-09-04 13:51:11,0.07
GEOP_20260402.csv,2025-09-04 13:54:11,0.01
GEOP_20260402.csv,2025-09-04 13:57:11,0.26
GEOP_20260402.csv,2025-09-04 14:00:11,0.2
GEOP_20260402.csv,2025-09-04 14:03:11,0.16
GEOP_20260402.csv,2025-09-04 14:06:11,0.15
GEOP_20260402.csv,2025-09-04 14:09:11,0.04
GEOP_20260402.csv,2025-09-04 14:12:11,0.02
GEOP_20260402.csv,2025-09-04 14:15:11,0.02
GEOP_20260402.csv,2025-09-04 14:18:11,0.01
GEOP_20260402.csv,2025-09-04 14:21:11,0.01
GEOP_20260402.csv,2025-09-04 14:24:11,0.01
GEOP_20260402.csv,2025-09-04 14:27:11,0.02
GEOP_20260402.csv,2025-09-04 14:30:11,0.01
GEOP_20260402.csv,2025-09-04 14:33:11,0.01
GEOP_20260402.csv,2025-09-04 14:36:11,0.05
GEOP_20260402.csv,2025-09-04 14:39:11,0.12
GEOP_20260402.csv,2025-09-04 14:42:11,0.15
GEOP_20260402.csv,2025-09-04 14:45:11,0.06
GEOP_20260402.csv,2025-09-04 14:48:11,0.17
GEOP_20260402.csv,2025-09-04 14:51:11,0.12
GEOP_20260402.csv,2025-09-04 14:54:11,0.03
GEOP_20260402.csv,2025-09-04 14:57:11,0.02
GEOP_20260402.csv,2025-09-04 15:00:11,0.01
GEOP_20260402.csv,2025-09-04 15:03:11,0.01
GEOP_20260402.csv,2025-09-04 15:06:11,0.02
GEOP_20260402.csv,2025-09-04 15:09:11,0.05
GEOP_20260402.csv,2025-09-04 15:12:11,0.03
GEOP_20260402.csv,2025-09-04 15:15:11,0.01
GEOP_20260402.csv,2025-09-04 15:18:11,0.02
GEOP_20260402.csv,2025-09-04 15:21:11,0.06
GEOP_20260402.csv,2025-09-04 15:24:11,0.15
GEOP_20260402.csv,2025-09-04 15:27:11,0.25
GEOP_20260402.csv,2025-09-04 15:30:11,0.2
GEOP_20260402.csv,2025-09-04 15:33:11,0.12
GEOP_20260402.csv,2025-09-04 15:36:11,0.14
GEOP_20260402.csv,2025-09-04 15:39:11,0.18
GEOP_20260402.csv,2025-09-04 15:42:11,0.2
GEOP_20260402.csv,2025-09-04 15:45:11,0.16
GEOP_20260402.csv,2025-09-04 15:48:11,0.12
GEOP_20260402.csv,2025-09-04 15:51:11,0.11
GEOP_20260402.csv,2025-09-04 15:54:11,0.12
GEOP_20260402.csv,2025-09-04 15:57:11,0.27
GEOP_20260402.csv,2025-09-04 16:00:11,0.24
GEOP_20260402.csv,2025-09-04 16:03:11,0.26
GEOP_20260402.csv,2025-09-04 16:06:11,0.29
GEOP_20260402.csv,2025-09-04 16:09:11,0.32
GEOP_20260402.csv,2025-09-04 16:12:11,0.2
GEOP_20260402.csv,2025-09-04 16:15:11,0.2
GEOP_20260402.csv,2025-09-04 16:18:11,0.28
GEOP_20260402.csv,2025-09-04 16:21:11,0.22
GEOP_20260402.csv,2025-09-04 16:24:11,0.31
GEOP_20260402.csv,2025-09-04 16:27:11,0.22
GEOP_20260402.csv,2025-09-04 16:30:11,0.27
GEOP_20260402.csv,2025-09-04 16:33:11,0.22
GEOP_20260402.csv,2025-09-04 16:36:11,0.14
GEOP_20260402.csv,2025-09-04 16:39:11,0.18
GEOP_20260402.csv,2025-09-04 16:42:11,0.28
GEOP_20260402.csv,2025-09-04 16:45:11,0.23
GEOP_20260402.csv,2025-09-04 16:48:11,0.19
GEOP_20260402.csv,2025-09-04 16:51:11,0.22
GEOP_20260402.csv,2025-09-04 16:54:11,0.24
GEOP_20260402.csv,2025-09-04 16:57:11,0.27
GEOP_20260402.csv,2025-09-04 17:00:11,0.3
GEOP_20260402.csv,2025-09-04 17:03:11,0.3
GEOP_20260402.csv,2025-09-04 17:06:11,0.15
GEOP_20260402.csv,2025-09-04 17:09:11,0.25
GEOP_20260402.csv,2025-09-04 17:12:11,0.17
GEOP_20260402.csv,2025-09-04 17:15:11,0.13
GEOP_20260402.csv,2025-09-04 17:18:11,0.06
GEOP_20260402.csv,2025-09-04 17:21:11,0.03
GEOP_20260402.csv,2025-09-04 17:24:11,0.01
GEOP_20260402.csv,2025-09-04 17:27:11,0.02
GEOP_20260402.csv,2025-09-04 17:30:11,0.0
GEOP_20260402.csv,2025-09-04 17:33:11,0.01
GEOP_20260402.csv,2025-09-04 17:36:11,0.01
GEOP_20260402.csv,2025-09-04 17:39:11,0.0
GEOP_20260402.csv,2025-09-04 17:42:11,0.01
GEOP_20260402.csv,2025-09-04 17:45:11,0.0
GEOP_20260402.csv,2025-09-04 17:48:11,0.0
GEOP_20260402.csv,2025-09-04 17:51:11,0.01
GEOP_20260402.csv,2025-09-04 17:54:11,0.0
GEOP_20260402.csv,2025-09-04 17:57:11,0.0
GEOP_20260402.csv,2025-09-04 18:00:11,0.01
GEOP_20260402.csv,2025-09-04 18:03:11,0.0
GEOP_20260402.csv,2025-09-04 18:06:11,0.0
GEOP_20260402.csv,2025-09-04 18:09:11,0.01
GEOP_20260402.csv,2025-09-04 18:12:11,0.0
GEOP_20260402.csv,2025-09-04 18:15:11,0.0
GEOP_20260402.csv,2025-09-04 18:18:11,0.0
GEOP_20260402.csv,2025-09-04 18:21:11,0.0
GEOP_20260402.csv,2025-09-04 18:24:11,0.01
GEOP_20260402.csv,2025-09-04 18:27:11,0.0
GEOP_20260402.csv,2025-09-04 18:30:11,0.0
GEOP_20260402.csv,2025-09-04 18:33:11,0.0
GEOP_20260402.csv,2025-09-04 18:36:11,0.0
GEOP_20260402.csv,2025-09-04 18:39:11,0.0
GEOP_20260402.csv,2025-09-04 18:42:11,0.0
GEOP_20260402.csv,2025-09-04 18:45:11,0.01
GEOP_20260402.csv,2025-09-04 18:48:11,0.0
GEOP_20260402.csv,2025-09-04 18:51:11,0.0
GEOP_20260402.csv,2025-09-04 18:54:11,0.0
GEOP_20260402.csv,2025-09-04 18:57:11,0.0
GEOP_20260402.csv,2025-09-04 19:00:11,0.0
GEOP_20260402.csv,2025-09-04 19:03:11,0.0
GEOP_20260402.csv,2025-09-04 19:06:11,0.0
GEOP_20260402.csv,2025-09-04 19:09:11,0.0
GEOP_20260402.csv,2025-09-04 19:12:11,0.0
GEOP_20260402.csv,2025-09-04 19:15:11,0.01
GEOP_20260402.csv,2025-09-04 19:18:11,0.0
GEOP_20260402.csv,2025-09-04 19:21:11,0.0
GEOP_20260402.csv,2025-09-04 19:24:11,0.0
GEOP_20260402.csv,2025-09-04 19:27:11,0.0
GEOP_20260402.csv,2025-09-04 19:30:11,0.0
GEOP_20260402.csv,2025-09-04 19:33:11,0.0
GEOP_20260402.csv,2025-09-04 19:36:11,0.0
GEOP_20260402.csv,2025-09-04 19:39:11,0.0
GEOP_20260402.csv,2025-09-04 19:42:11,0.0
GEOP_20260402.csv,2025-09-04 19:45:11,0.0
GEOP_20260402.csv,2025-09-04 19:48:11,0.0
GEOP_20260402.csv,2025-09-04 19:51:11,0.0
GEOP_20260402.csv,2025-09-04 19:54:11,0.0
GEOP_20260402.csv,2025-09-04 19:57:11,0.0
GEOP_20260402.csv,2025-09-04 20:00:11,0.01
GEOP_20260402.csv,2025-09-04 20:03:11,0.0
GEOP_20260402.csv,2025-09-04 20:06:11,0.0
GEOP_20260402.csv,2025-09-04 20:09:11,0.0
GEOP_20260402.csv,2025-09-04 20:12:11,0.0
GEOP_20260402.csv,2025-09-04 20:15:11,0.0
GEOP_20260402.csv,2025-09-04 20:18:11,0.0
GEOP_20260402.csv,2025-09-04 20:21:11,0.0
GEOP_20260402.csv,2025-09-04 20:24:11,0.0
GEOP_20260402.csv,2025-09-04 20:27:11,0.0
GEOP_20260402.csv,2025-09-04 20:30:11,0.0
GEOP_20260402.csv,2025-09-04 20:33:11,0.0
GEOP_20260402.csv,2025-09-04 20:36:11,0.0
GEOP_20260402.csv,2025-09-04 20:39:11,0.0
GEOP_20260402.csv,2025-09-04 20:42:11,0.0
GEOP_20260402.csv,2025-09-04 20:45:11,0.0
GEOP_20260402.csv,2025-09-04 20:48:11,0.0
GEOP_20260402.csv,2025-09-04 20:51:11,0.0
GEOP_20260402.csv,2025-09-04 20:54:11,0.0
GEOP_20260402.csv,2025-09-04 20:57:11,0.0
GEOP_20260402.csv,2025-09-04 21:00:10,0.01
GEOP_20260402.csv,2025-09-04 21:03:11,0.0
GEOP_20260402.csv,2025-09-04 21:06:10,0.0
GEOP_20260402.csv,2025-09-04 21:09:10,0.02
GEOP_20260402.csv,2025-09-04 21:12:10,0.03
GEOP_20260402.csv,2025-09-04 21:15:10,0.01
GEOP_20260402.csv,2025-09-04 21:18:10,0.01
GEOP_20260402.csv,2025-09-04 21:21:10,0.02
GEOP_20260402.csv,2025-09-04 21:24:10,0.01
GEOP_20260402.csv,2025-09-04 21:27:10,0.01
GEOP_20260402.csv,2025-09-04 21:30:10,0.01
GEOP_20260402.csv,2025-09-04 21:33:10,0.01
GEOP_20260402.csv,2025-09-04 21:36:10,0.01
GEOP_20260402.csv,2025-09-04 21:39:10,0.0
GEOP_20260402.csv,2025-09-04 21:42:10,0.01
GEOP_20260402.csv,2025-09-04 21:45:10,0.0
GEOP_20260402.csv,2025-09-04 21:48:10,0.01
GEOP_20260402.csv,2025-09-04 21:51:10,0.04
GEOP_20260402.csv,2025-09-04 21:54:10,0.03
GEOP_20260402.csv,2025-09-04 21:57:10,0.01
GEOP_20260402.csv,2025-09-04 22:00:10,0.01
GEOP_20260402.csv,2025-09-04 22:03:10,0.01
GEOP_20260402.csv,2025-09-04 22:06:10,0.0
GEOP_20260402.csv,2025-09-04 22:09:10,0.01
GEOP_20260402.csv,2025-09-04 22:12:10,0.04
GEOP_20260402.csv,2025-09-04 22:15:10,0.03
GEOP_20260402.csv,2025-09-04 22:18:10,0.02
GEOP_20260402.csv,2025-09-04 22:21:10,0.01
GEOP_20260402.csv,2025-09-04 22:24:10,0.01
GEOP_20260402.csv,2025-09-04 22:27:10,0.02
GEOP_20260402.csv,2025-09-04 22:30:10,0.01
GEOP_20260402.csv,2025-09-04 22:33:10,0.01
GEOP_20260402.csv,2025-09-04 22:36:10,0.02
GEOP_20260402.csv,2025-09-04 22:39:10,0.02
GEOP_20260402.csv,2025-09-04 22:42:10,0.0
GEOP_20260402.csv,2025-09-04 22:45:10,0.01
GEOP_20260402.csv,2025-09-04 22:48:10,0.0
GEOP_20260402.csv,2025-09-04 22:51:10,0.0
GEOP_20260402.csv,2025-09-04 22:54:10,0.01
GEOP_20260402.csv,2025-09-04 22:57:10,0.0
GEOP_20260402.csv,2025-09-04 23:00:10,0.0
GEOP_20260402.csv,2025-09-04 23:03:10,0.01
GEOP_20260402.csv,2025-09-04 23:06:10,0.0
GEOP_20260402.csv,2025-09-04 23:09:10,0.0
GEOP_20260402.csv,2025-09-04 23:12:10,0.0
GEOP_20260402.csv,2025-09-04 23:15:10,0.0
GEOP_20260402.csv,2025-09-04 23:18:10,0.01
GEOP_20260402.csv,2025-09-04 23:21:10,0.0
GEOP_20260402.csv,2025-09-04 23:24:10,0.0
GEOP_20260402.csv,2025-09-04 23:27:10,0.0
GEOP_20260402.csv,2025-09-04 23:30:10,0.0
GEOP_20260402.csv,2025-09-04 23:33:10,0.0
GEOP_20260402.csv,2025-09-04 23:36:11,0.0
GEOP_20260402.csv,2025-09-04 23:39:10,0.0
GEOP_20260402.csv,2025-09-04 23:42:10,0.01
GEOP_20260402.csv,2025-09-04 23:45:10,0.0
GEOP_20260402.csv,2025-09-04 23:48:10,0.0
GEOP_20260402.csv,2025-09-04 23:51:10,0.0
GEOP_20260402.csv,2025-09-04 23:54:10,0.0
GEOP_20260402.csv,2025-09-04 23:57:10,0.0
GEOP_20260402.csv,2025-09-05 00:00:10,0.0
GEOP_20260402.csv,2025-09-05 00:03:10,0.0
GEOP_20260402.csv,2025-09-05 00:06:10,0.0
GEOP_20260402.csv,2025-09-05 00:09:10,0.0
GEOP_20260402.csv,2025-09-05 00:12:10,0.0
GEOP_20260402.csv,2025-09-05 00:15:10,0.0
GEOP_20260402.csv,2025-09-05 00:18:10,0.0
GEOP_20260402.csv,2025-09-05 00:21:10,0.01
GEOP_20260402.csv,2025-09-05 00:24:10,0.0
GEOP_20260402.csv,2025-09-05 00:27:10,0.0
GEOP_20260402.csv,2025-09-05 00:30:10,0.0
GEOP_20260402.csv,2025-09-05 00:33:10,0.0
GEOP_20260402.csv,2025-09-05 00:36:10,0.0
GEOP_20260402.csv,2025-09-05 00:39:10,0.0
GEOP_20260402.csv,2025-09-05 00:42:10,0.0
GEOP_20260402.csv,2025-09-05 00:45:10,0.0
GEOP_20260402.csv,2025-09-05 00:48:10,0.0
GEOP_20260402.csv,2025-09-05 00:51:10,0.0
GEOP_20260402.csv,2025-09-05 00:54:10,0.0
GEOP_20260402.csv,2025-09-05 00:57:10,0.0
GEOP_20260402.csv,2025-09-05 01:00:10,0.0
GEOP_20260402.csv,2025-09-05 01:03:10,0.0
GEOP_20260402.csv,2025-09-05 01:06:10,0.0
GEOP_20260402.csv,2025-09-05 01:09:10,0.03
GEOP_20260402.csv,2025-09-05 01:12:10,0.03
GEOP_20260402.csv,2025-09-05 01:15:10,0.0
GEOP_20260402.csv,2025-09-05 01:18:10,0.01
GEOP_20260402.csv,2025-09-05 01:21:10,0.0
GEOP_20260402.csv,2025-09-05 01:24:10,0.01
GEOP_20260402.csv,2025-09-05 01:27:10,0.0
GEOP_20260402.csv,2025-09-05 01:30:10,0.0
GEOP_20260402.csv,2025-09-05 01:33:10,0.0
GEOP_20260402.csv,2025-09-05 01:36:10,0.0
GEOP_20260402.csv,2025-09-05 01:39:10,0.01
GEOP_20260402.csv,2025-09-05 01:42:10,0.0
GEOP_20260402.csv,2025-09-05 01:45:10,0.0
GEOP_20260402.csv,2025-09-05 01:48:10,0.0
GEOP_20260402.csv,2025-09-05 01:51:10,0.0
GEOP_20260402.csv,2025-09-05 01:54:10,0.0
GEOP_20260402.csv,2025-09-05 01:57:10,0.0
GEOP_20260402.csv,2025-09-05 02:00:10,0.0
GEOP_20260402.csv,2025-09-05 02:03:10,0.01
GEOP_20260402.csv,2025-09-05 02:06:10,0.0
GEOP_20260402.csv,2025-09-05 02:09:10,0.0
GEOP_20260402.csv,2025-09-05 02:12:10,0.0
GEOP_20260402.csv,2025-09-05 02:15:10,0.0
GEOP_20260402.csv,2025-09-05 02:18:10,0.0
GEOP_20260402.csv,2025-09-05 02:21:10,0.0
GEOP_20260402.csv,2025-09-05 02:24:10,0.0
GEOP_20260402.csv,2025-09-05 02:27:10,0.0
GEOP_20260402.csv,2025-09-05 02:30:10,0.0
GEOP_20260402.csv,2025-09-05 02:33:10,0.0
GEOP_20260402.csv,2025-09-05 02:36:10,0.0
GEOP_20260402.csv,2025-09-05 02:39:10,0.0
GEOP_20260402.csv,2025-09-05 02:42:10,0.0
GEOP_20260402.csv,2025-09-05 02:45:10,0.0
GEOP_20260402.csv,2025-09-05 02:48:10,0.0
GEOP_20260402.csv,2025-09-05 02:51:10,0.0
GEOP_20260402.csv,2025-09-05 02:54:10,0.0
GEOP_20260402.csv,2025-09-05 02:57:10,0.0
GEOP_20260402.csv,2025-09-05 03:00:10,0.01
GEOP_20260402.csv,2025-09-05 03:03:10,0.0
GEOP_20260402.csv,2025-09-05 03:06:10,0.0
GEOP_20260402.csv,2025-09-05 03:09:10,0.0
GEOP_20260402.csv,2025-09-05 03:12:10,0.0
GEOP_20260402.csv,2025-09-05 03:15:10,0.0
GEOP_20260402.csv,2025-09-05 03:18:10,0.0
GEOP_20260402.csv,2025-09-05 03:21:10,0.0
GEOP_20260402.csv,2025-09-05 03:24:10,0.0
GEOP_20260402.csv,2025-09-05 03:27:10,0.0
GEOP_20260402.csv,2025-09-05 03:30:10,0.0
GEOP_20260402.csv,2025-09-05 03:33:10,0.0
GEOP_20260402.csv,2025-09-05 03:36:10,0.0
GEOP_20260402.csv,2025-09-05 03:39:10,0.0
GEOP_20260402.csv,2025-09-05 03:42:10,0.0
GEOP_20260402.csv,2025-09-05 03:45:10,0.0
GEOP_20260402.csv,2025-09-05 03:48:10,0.0
GEOP_20260402.csv,2025-09-05 03:51:10,0.0
GEOP_20260402.csv,2025-09-05 03:54:10,0.0
GEOP_20260402.csv,2025-09-05 03:57:10,0.0
GEOP_20260402.csv,2025-09-05 04:00:10,0.0
GEOP_20260402.csv,2025-09-05 04:03:10,0.0
GEOP_20260402.csv,2025-09-05 04:06:10,0.0
GEOP_20260402.csv,2025-09-05 04:09:10,0.0
GEOP_20260402.csv,2025-09-05 04:12:10,0.0
GEOP_20260402.csv,2025-09-05 04:15:10,0.0
GEOP_20260402.csv,2025-09-05 04:18:10,0.0
GEOP_20260402.csv,2025-09-05 04:21:10,0.0
GEOP_20260402.csv,2025-09-05 04:24:10,0.0
GEOP_20260402.csv,2025-09-05 04:27:10,0.0
GEOP_20260402.csv,2025-09-05 04:30:10,0.0
GEOP_20260402.csv,2025-09-05 04:33:10,0.0
GEOP_20260402.csv,2025-09-05 04:36:10,0.0
GEOP_20260402.csv,2025-09-05 04:39:10,0.0
GEOP_20260402.csv,2025-09-05 04:42:10,0.0
GEOP_20260402.csv,2025-09-05 04:45:10,0.0
GEOP_20260402.csv,2025-09-05 04:48:10,0.0
GEOP_20260402.csv,2025-09-05 04:51:10,0.0
GEOP_20260402.csv,2025-09-05 04:54:10,0.0
GEOP_20260402.csv,2025-09-05 04:57:10,0.0
GEOP_20260402.csv,2025-09-05 05:00:10,0.0
GEOP_20260402.csv,2025-09-05 05:06:10,0.02
GEOP_20260402.csv,2025-09-05 05:09:10,0.04
GEOP_20260402.csv,2025-09-05 05:12:10,0.07
GEOP_20260402.csv,2025-09-05 05:15:10,0.17
GEOP_20260402.csv,2025-09-05 05:18:10,0.12
GEOP_20260402.csv,2025-09-05 05:21:10,0.12
GEOP_20260402.csv,2025-09-05 05:24:10,0.13
GEOP_20260402.csv,2025-09-05 05:27:10,0.08
GEOP_20260402.csv,2025-09-05 05:30:10,0.04
GEOP_20260402.csv,2025-09-05 05:33:10,0.01
GEOP_20260402.csv,2025-09-05 05:36:10,0.01
GEOP_20260402.csv,2025-09-05 05:39:10,0.0
GEOP_20260402.csv,2025-09-05 05:42:10,0.01
GEOP_20260402.csv,2025-09-05 05:45:10,0.0
GEOP_20260402.csv,2025-09-05 05:48:10,0.0
GEOP_20260402.csv,2025-09-05 05:51:10,0.0
GEOP_20260402.csv,2025-09-05 05:54:10,0.0
GEOP_20260402.csv,2025-09-05 05:57:10,0.01
GEOP_20260402.csv,2025-09-05 06:00:10,0.0
GEOP_20260402.csv,2025-09-05 06:03:10,0.0
GEOP_20260402.csv,2025-09-05 06:06:10,0.0
GEOP_20260402.csv,2025-09-05 06:09:10,0.0
GEOP_20260402.csv,2025-09-05 06:12:10,0.0
GEOP_20260402.csv,2025-09-05 06:15:10,0.01
GEOP_20260402.csv,2025-09-05 06:18:10,0.0
GEOP_20260402.csv,2025-09-05 06:21:10,0.0
GEOP_20260402.csv,2025-09-05 06:24:10,0.0
GEOP_20260402.csv,2025-09-05 06:27:10,0.0
GEOP_20260402.csv,2025-09-05 06:30:10,0.0
GEOP_20260402.csv,2025-09-05 06:33:10,0.0
GEOP_20260402.csv,2025-09-05 06:36:10,0.0
GEOP_20260402.csv,2025-09-05 06:39:10,0.0
GEOP_20260402.csv,2025-09-05 06:42:10,0.0
GEOP_20260402.csv,2025-09-05 06:45:10,0.0
GEOP_20260402.csv,2025-09-05 06:48:10,0.0
GEOP_20260402.csv,2025-09-05 06:51:10,0.0
GEOP_20260402.csv,2025-09-05 06:54:10,0.01
GEOP_20260402.csv,2025-09-05 06:57:10,0.0
GEOP_20260402.csv,2025-09-05 07:00:10,0.0
GEOP_20260402.csv,2025-09-05 07:03:10,0.0
GEOP_20260402.csv,2025-09-05 07:06:10,0.0
GEOP_20260402.csv,2025-09-05 07:09:10,0.0
GEOP_20260402.csv,2025-09-05 07:12:10,0.0
GEOP_20260402.csv,2025-09-05 07:15:10,0.0
GEOP_20260402.csv,2025-09-05 07:18:10,0.0
GEOP_20260402.csv,2025-09-05 07:21:10,0.0
GEOP_20260402.csv,2025-09-05 07:24:10,0.0
GEOP_20260402.csv,2025-09-05 07:27:10,0.0
GEOP_20260402.csv,2025-09-05 07:30:10,0.0
GEOP_20260402.csv,2025-09-05 07:33:10,0.0
GEOP_20260402.csv,2025-09-05 07:36:10,0.0
GEOP_20260402.csv,2025-09-05 07:39:10,0.0
GEOP_20260402.csv,2025-09-05 07:42:10,0.0
GEOP_20260402.csv,2025-09-05 07:45:10,0.0
GEOP_20260402.csv,2025-09-05 07:48:10,0.0
GEOP_20260402.csv,2025-09-05 07:51:10,0.0
GEOP_20260402.csv,2025-09-05 07:54:10,0.0
GEOP_20260402.csv,2025-09-05 07:57:10,0.0
GEOP_20260402.csv,2025-09-05 08:00:10,0.0
GEOP_20260402.csv,2025-09-05 08:03:10,0.0
GEOP_20260402.csv,2025-09-05 08:06:10,0.0
GEOP_20260402.csv,2025-09-05 08:09:10,0.0
GEOP_20260402.csv,2025-09-05 08:12:10,0.0
GEOP_20260402.csv,2025-09-05 08:15:10,0.0
GEOP_20260402.csv,2025-09-05 08:18:10,0.0
GEOP_20260402.csv,2025-09-05 08:21:10,0.0
GEOP_20260402.csv,2025-09-05 08:24:10,0.0
GEOP_20260402.csv,2025-09-05 08:27:10,0.0
GEOP_20260402.csv,2025-09-05 08:30:10,0.0
GEOP_20260402.csv,2025-09-05 08:33:10,0.0
GEOP_20260402.csv,2025-09-05 08:36:10,0.0
GEOP_20260402.csv,2025-09-05 08:39:10,0.0
GEOP_20260402.csv,2025-09-05 08:42:10,0.0
GEOP_20260402.csv,2025-09-05 08:45:10,0.0
GEOP_20260402.csv,2025-09-05 08:48:10,0.0
GEOP_20260402.csv,2025-09-05 08:51:10,0.0
GEOP_20260402.csv,2025-09-05 08:54:10,0.0
GEOP_20260402.csv,2025-09-05 08:57:10,0.0
GEOP_20260402.csv,2025-09-05 09:00:10,0.0
GEOP_20260402.csv,2025-09-05 09:03:09,0.0
GEOP_20260402.csv,2025-09-05 09:06:09,0.0
GEOP_20260402.csv,2025-09-05 09:09:09,0.0
GEOP_20260402.csv,2025-09-05 09:12:09,0.0
GEOP_20260402.csv,2025-09-05 09:15:09,0.0
GEOP_20260402.csv,2025-09-05 09:18:09,0.0
GEOP_20260402.csv,2025-09-05 09:21:09,0.0
GEOP_20260402.csv,2025-09-05 09:24:09,0.0
GEOP_20260402.csv,2025-09-05 09:27:09,0.0
GEOP_20260402.csv,2025-09-05 09:30:09,0.0
GEOP_20260402.csv,2025-09-05 09:33:09,0.0
GEOP_20260402.csv,2025-09-05 09:36:09,0.0
GEOP_20260402.csv,2025-09-05 09:39:09,0.0
GEOP_20260402.csv,2025-09-05 09:42:09,0.0
GEOP_20260402.csv,2025-09-05 09:45:09,0.0
GEOP_20260402.csv,2025-09-05 09:48:09,0.0
GEOP_20260402.csv,2025-09-05 09:51:09,0.0
GEOP_20260402.csv,2025-09-05 09:54:09,0.0
GEOP_20260402.csv,2025-09-05 09:57:09,0.0
GEOP_20260402.csv,2025-09-05 10:00:09,0.01
GEOP_20260402.csv,2025-09-05 10:03:09,0.0
GEOP_20260402.csv,2025-09-05 10:06:09,0.0
GEOP_20260402.csv,2025-09-05 10:09:09,0.01
GEOP_20260402.csv,2025-09-05 10:12:09,0.0
GEOP_20260402.csv,2025-09-05 10:15:09,0.0
GEOP_20260402.csv,2025-09-05 10:18:09,0.0
GEOP_20260402.csv,2025-09-05 10:21:09,0.0
GEOP_20260402.csv,2025-09-05 10:24:09,0.0
GEOP_20260402.csv,2025-09-05 10:27:09,0.0
GEOP_20260402.csv,2025-09-05 10:30:09,0.0
GEOP_20260402.csv,2025-09-05 10:33:09,0.0
GEOP_20260402.csv,2025-09-05 10:36:09,0.0
GEOP_20260402.csv,2025-09-05 10:39:09,0.0
GEOP_20260402.csv,2025-09-05 10:42:09,0.0
GEOP_20260402.csv,2025-09-05 10:45:09,0.0
GEOP_20260402.csv,2025-09-05 10:48:09,0.0
GEOP_20260402.csv,2025-09-05 10:51:09,0.0
GEOP_20260402.csv,2025-09-05 10:54:09,0.0
GEOP_20260402.csv,2025-09-05 10:57:09,0.0
GEOP_20260402.csv,2025-09-05 11:00:09,0.0
GEOP_20260402.csv,2025-09-05 11:03:09,0.0
GEOP_20260402.csv,2025-09-05 11:06:09,0.0
GEOP_20260402.csv,2025-09-05 11:09:09,0.0
GEOP_20260402.csv,2025-09-05 11:12:09,0.0
GEOP_20260402.csv,2025-09-05 11:15:09,0.0
GEOP_20260402.csv,2025-09-05 11:18:09,0.0
GEOP_20260402.csv,2025-09-05 11:21:09,0.0
GEOP_20260402.csv,2025-09-05 11:24:09,0.0
GEOP_20260402.csv,2025-09-05 11:27:09,0.0
GEOP_20260402.csv,2025-09-05 11:30:09,0.0
GEOP_20260402.csv,2025-09-05 11:33:09,0.0
GEOP_20260402.csv,2025-09-05 11:36:09,0.0
GEOP_20260402.csv,2025-09-05 11:39:09,0.0
GEOP_20260402.csv,2025-09-05 11:42:09,0.0
GEOP_20260402.csv,2025-09-05 11:45:09,0.0
GEOP_20260402.csv,2025-09-05 11:48:09,0.0
GEOP_20260402.csv,2025-09-05 11:51:09,0.0
GEOP_20260402.csv,2025-09-05 11:54:09,0.0
GEOP_20260402.csv,2025-09-05 11:57:09,0.0
GEOP_20260402.csv,2025-09-05 12:00:09,0.0
GEOP_20260402.csv,2025-09-05 12:03:09,0.0
GEOP_20260402.csv,2025-09-05 12:06:09,0.0
GEOP_20260402.csv,2025-09-05 12:09:09,0.0
GEOP_20260402.csv,2025-09-05 12:12:09,0.0
GEOP_20260402.csv,2025-09-05 12:15:09,0.0
GEOP_20260402.csv,2025-09-05 12:18:09,0.0
GEOP_20260402.csv,2025-09-05 12:21:09,0.0
GEOP_20260402.csv,2025-09-05 12:24:09,0.0
GEOP_20260402.csv,2025-09-05 12:27:09,0.0
GEOP_20260402.csv,2025-09-05 12:30:09,0.0
GEOP_20260402.csv,2025-09-05 12:33:09,0.0
GEOP_20260402.csv,2025-09-05 12:36:09,0.0
GEOP_20260402.csv,2025-09-05 12:39:09,0.0
GEOP_20260402.csv,2025-09-05 12:42:09,0.0
GEOP_20260402.csv,2025-09-05 12:45:09,0.0
GEOP_20260402.csv,2025-09-05 12:48:09,0.0
GEOP_20260402.csv,2025-09-05 12:51:09,0.0
GEOP_20260402.csv,2025-09-05 12:54:09,0.0
GEOP_20260402.csv,2025-09-05 12:57:09,0.0
GEOP_20260402.csv,2025-09-05 13:00:09,0.0
GEOP_20260402.csv,2025-09-05 13:03:09,0.0
GEOP_20260402.csv,2025-09-05 13:06:09,0.0
GEOP_20260402.csv,2025-09-05 13:09:09,0.0
GEOP_20260402.csv,2025-09-05 13:12:09,0.0
GEOP_20260402.csv,2025-09-05 13:15:09,0.0
GEOP_20260402.csv,2025-09-05 13:18:09,0.0
GEOP_20260402.csv,2025-09-05 13:21:09,0.0
GEOP_20260402.csv,2025-09-05 13:24:09,0.0
GEOP_20260402.csv,2025-09-05 13:27:09,0.0
GEOP_20260402.csv,2025-09-05 13:30:09,0.0
GEOP_20260402.csv,2025-09-05 13:33:09,0.0
GEOP_20260402.csv,2025-09-05 13:36:09,0.0
GEOP_20260402.csv,2025-09-05 13:39:09,0.0
GEOP_20260402.csv,2025-09-05 13:42:09,0.0
GEOP_20260402.csv,2025-09-05 13:45:09,0.0
GEOP_20260402.csv,2025-09-05 13:48:09,0.0
GEOP_20260402.csv,2025-09-05 13:51:09,0.0
GEOP_20260402.csv,2025-09-05 13:54:09,0.0
GEOP_20260402.csv,2025-09-05 13:57:09,0.0
GEOP_20260402.csv,2025-09-05 14:00:09,0.0
GEOP_20260402.csv,2025-09-05 14:03:09,0.0
GEOP_20260402.csv,2025-09-05 14:06:09,0.0
GEOP_20260402.csv,2025-09-05 14:09:09,0.0
GEOP_20260402.csv,2025-09-05 14:12:09,0.0
GEOP_20260402.csv,2025-09-05 14:15:09,0.0
GEOP_20260402.csv,2025-09-05 14:18:09,0.0
GEOP_20260402.csv,2025-09-05 14:21:09,0.0
GEOP_20260402.csv,2025-09-05 14:24:09,0.0
GEOP_20260402.csv,2025-09-05 14:27:09,0.0
GEOP_20260402.csv,2025-09-05 14:30:09,0.0
GEOP_20260402.csv,2025-09-05 14:33:09,0.0
GEOP_20260402.csv,2025-09-05 14:36:09,0.0
GEOP_20260402.csv,2025-09-05 14:39:09,0.0
GEOP_20260402.csv,2025-09-05 14:42:09,0.0
GEOP_20260402.csv,2025-09-05 14:45:09,0.0
GEOP_20260402.csv,2025-09-05 14:48:09,0.0
GEOP_20260402.csv,2025-09-05 14:51:09,0.0
GEOP_20260402.csv,2025-09-05 14:54:09,0.0
GEOP_20260402.csv,2025-09-05 14:57:09,0.0
GEOP_20260402.csv,2025-09-05 15:00:09,0.0
GEOP_20260402.csv,2025-09-05 15:03:09,0.0
GEOP_20260402.csv,2025-09-05 15:06:09,0.0
GEOP_20260402.csv,2025-09-05 15:09:09,0.0
GEOP_20260402.csv,2025-09-05 15:12:09,0.0
GEOP_20260402.csv,2025-09-05 15:15:09,0.0
GEOP_20260402.csv,2025-09-05 15:18:09,0.0
GEOP_20260402.csv,2025-09-05 15:21:09,0.0
GEOP_20260402.csv,2025-09-05 15:24:09,0.0
GEOP_20260402.csv,2025-09-05 15:27:09,0.0
GEOP_20260402.csv,2025-09-05 15:30:09,0.0
GEOP_20260402.csv,2025-09-05 15:33:09,0.0
GEOP_20260402.csv,2025-09-05 15:36:09,0.0
GEOP_20260402.csv,2025-09-05 15:39:09,0.0
GEOP_20260402.csv,2025-09-05 15:42:09,0.0
GEOP_20260402.csv,2025-09-05 15:45:09,0.0
GEOP_20260402.csv,2025-09-05 15:48:09,0.0
GEOP_20260402.csv,2025-09-05 15:51:09,0.0
GEOP_20260402.csv,2025-09-05 15:54:09,0.0
GEOP_20260402.csv,2025-09-05 15:57:09,0.0
GEOP_20260402.csv,2025-09-05 16:00:09,0.0
GEOP_20260402.csv,2025-09-05 16:03:09,0.0
GEOP_20260402.csv,2025-09-05 16:06:09,0.0
GEOP_20260402.csv,2025-09-05 16:09:09,0.0
GEOP_20260402.csv,2025-09-05 16:12:09,0.0
GEOP_20260402.csv,2025-09-05 16:15:09,0.0
GEOP_20260402.csv,2025-09-05 16:18:09,0.0
GEOP_20260402.csv,2025-09-05 16:21:09,0.0
GEOP_20260402.csv,2025-09-05 16:24:09,0.0
GEOP_20260402.csv,2025-09-05 16:27:09,0.0
GEOP_20260402.csv,2025-09-05 16:30:09,0.0
GEOP_20260402.csv,2025-09-05 16:33:09,0.0
GEOP_20260402.csv,2025-09-05 16:36:09,0.0
GEOP_20260402.csv,2025-09-05 16:39:09,0.0
GEOP_20260402.csv,2025-09-05 16:42:09,0.0
GEOP_20260402.csv,2025-09-05 16:45:09,0.0
GEOP_20260402.csv,2025-09-05 16:48:09,0.0
GEOP_20260402.csv,2025-09-05 16:51:09,0.0
GEOP_20260402.csv,2025-09-05 16:54:09,0.0
GEOP_20260402.csv,2025-09-05 16:57:09,0.0
GEOP_20260402.csv,2025-09-05 17:00:09,0.0
GEOP_20260402.csv,2025-09-05 17:03:09,0.0
GEOP_20260402.csv,2025-09-05 17:06:09,0.0
GEOP_20260402.csv,2025-09-05 17:09:09,0.0
GEOP_20260402.csv,2025-09-05 17:12:09,0.0
GEOP_20260402.csv,2025-09-05 17:15:09,0.0
GEOP_20260402.csv,2025-09-05 17:18:09,0.0
GEOP_20260402.csv,2025-09-05 17:21:09,0.0
GEOP_20260402.csv,2025-09-05 17:24:09,0.0
GEOP_20260402.csv,2025-09-05 17:27:09,0.0
GEOP_20260402.csv,2025-09-05 17:30:09,0.0
GEOP_20260402.csv,2025-09-05 17:33:09,0.0
GEOP_20260402.csv,2025-09-05 17:36:09,0.0
GEOP_20260402.csv,2025-09-05 17:39:09,0.0
GEOP_20260402.csv,2025-09-05 17:42:09,0.0
GEOP_20260402.csv,2025-09-05 17:45:09,0.0
GEOP_20260402.csv,2025-09-05 17:48:09,0.0
GEOP_20260402.csv,2025-09-05 17:51:09,0.0
GEOP_20260402.csv,2025-09-05 17:54:09,0.0
GEOP_20260402.csv,2025-09-05 17:57:09,0.0
GEOP_20260402.csv,2025-09-05 18:00:09,0.0
GEOP_20260402.csv,2025-09-05 18:03:09,0.0
GEOP_20260402.csv,2025-09-05 18:06:09,0.0
GEOP_20260402.csv,2025-09-05 18:09:09,0.0
GEOP_20260402.csv,2025-09-05 18:12:09,0.0
GEOP_20260402.csv,2025-09-05 18:15:09,0.0
GEOP_20260402.csv,2025-09-05 18:18:09,0.0
GEOP_20260402.csv,2025-09-05 18:21:08,0.0
GEOP_20260402.csv,2025-09-05 18:24:09,0.0
GEOP_20260402.csv,2025-09-05 18:27:08,0.0
GEOP_20260402.csv,2025-09-05 18:30:08,0.0
GEOP_20260402.csv,2025-09-05 18:33:08,0.0
GEOP_20260402.csv,2025-09-05 18:36:08,0.0
GEOP_20260402.csv,2025-09-05 18:39:08,0.0
GEOP_20260402.csv,2025-09-05 18:42:08,0.0
GEOP_20260402.csv,2025-09-05 18:45:08,0.0
GEOP_20260402.csv,2025-09-05 18:48:08,0.0
GEOP_20260402.csv,2025-09-05 18:51:08,0.0
GEOP_20260402.csv,2025-09-05 18:54:08,0.0
GEOP_20260402.csv,2025-09-05 18:57:08,0.0
GEOP_20260402.csv,2025-09-05 19:00:08,0.0
GEOP_20260402.csv,2025-09-05 19:03:08,0.0
GEOP_20260402.csv,2025-09-05 19:06:08,0.0
GEOP_20260402.csv,2025-09-05 19:09:08,0.0
GEOP_20260402.csv,2025-09-05 19:12:08,0.0
GEOP_20260402.csv,2025-09-05 19:15:08,0.0
GEOP_20260402.csv,2025-09-05 19:18:08,0.0
GEOP_20260402.csv,2025-09-05 19:21:08,0.0
GEOP_20260402.csv,2025-09-05 19:24:08,0.0
GEOP_20260402.csv,2025-09-05 19:27:08,0.0
GEOP_20260402.csv,2025-09-05 19:30:08,0.0
GEOP_20260402.csv,2025-09-05 19:33:08,0.0
GEOP_20260402.csv,2025-09-05 19:36:08,0.0
GEOP_20260402.csv,2025-09-05 19:39:08,0.0
GEOP_20260402.csv,2025-09-05 19:42:08,0.0
GEOP_20260402.csv,2025-09-05 19:45:08,0.0
GEOP_20260402.csv,2025-09-05 19:48:08,0.0
GEOP_20260402.csv,2025-09-05 19:51:08,0.0
GEOP_20260402.csv,2025-09-05 19:54:08,0.0
GEOP_20260402.csv,2025-09-05 19:57:08,0.0
GEOP_20260402.csv,2025-09-05 20:00:08,0.0
GEOP_20260402.csv,2025-09-05 20:03:08,0.0
GEOP_20260402.csv,2025-09-05 20:06:08,0.0
GEOP_20260402.csv,2025-09-05 20:09:08,0.0
GEOP_20260402.csv,2025-09-05 20:12:08,0.0
GEOP_20260402.csv,2025-09-05 20:15:08,0.0
GEOP_20260402.csv,2025-09-05 20:18:08,0.0
GEOP_20260402.csv,2025-09-05 20:21:08,0.0
GEOP_20260402.csv,2025-09-05 20:24:08,0.0
GEOP_20260402.csv,2025-09-05 20:27:08,0.0
GEOP_20260402.csv,2025-09-05 20:30:08,0.0
GEOP_20260402.csv,2025-09-05 20:33:08,0.0
GEOP_20260402.csv,2025-09-05 20:36:08,0.0
GEOP_20260402.csv,2025-09-05 20:39:08,0.0
GEOP_20260402.csv,2025-09-05 20:42:08,0.0
GEOP_20260402.csv,2025-09-05 20:45:08,0.0
GEOP_20260402.csv,2025-09-05 20:48:08,0.0
GEOP_20260402.csv,2025-09-05 20:51:08,0.0
GEOP_20260402.csv,2025-09-05 20:54:08,0.0
GEOP_20260402.csv,2025-09-05 20:57:08,0.0
GEOP_20260402.csv,2025-09-05 21:00:08,0.0
GEOP_20260402.csv,2025-09-05 21:03:08,0.0
GEOP_20260402.csv,2025-09-05 21:06:08,0.0
GEOP_20260402.csv,2025-09-05 21:09:08,0.0
GEOP_20260402.csv,2025-09-05 21:12:08,0.0
GEOP_20260402.csv,2025-09-05 21:15:08,0.0
GEOP_20260402.csv,2025-09-05 21:18:08,0.0
GEOP_20260402.csv,2025-09-05 21:21:08,0.0
GEOP_20260402.csv,2025-09-05 21:24:08,0.0
GEOP_20260402.csv,2025-09-05 21:27:08,0.0
GEOP_20260402.csv,2025-09-05 21:30:08,0.0
GEOP_20260402.csv,2025-09-05 21:33:08,0.0
GEOP_20260402.csv,2025-09-05 21:36:08,0.0
GEOP_20260402.csv,2025-09-05 21:39:08,0.0
GEOP_20260402.csv,2025-09-05 21:42:08,0.0
GEOP_20260402.csv,2025-09-05 21:45:08,0.0
GEOP_20260402.csv,2025-09-05 21:48:08,0.0
GEOP_20260402.csv,2025-09-05 21:51:08,0.0
GEOP_20260402.csv,2025-09-05 21:54:08,0.0
GEOP_20260402.csv,2025-09-05 21:57:08,0.0
GEOP_20260402.csv,2025-09-05 22:00:08,0.0
GEOP_20260402.csv,2025-09-05 22:03:08,0.0
GEOP_20260402.csv,2025-09-05 22:06:08,0.0
GEOP_20260402.csv,2025-09-05 22:09:08,0.0
GEOP_20260402.csv,2025-09-05 22:12:08,0.0
GEOP_20260402.csv,2025-09-05 22:15:08,0.0
GEOP_20260402.csv,2025-09-05 22:18:08,0.0
GEOP_20260402.csv,2025-09-05 22:21:08,0.0
GEOP_20260402.csv,2025-09-05 22:24:08,0.0
GEOP_20260402.csv,2025-09-05 22:27:08,0.0
GEOP_20260402.csv,2025-09-05 22:30:08,0.0
GEOP_20260402.csv,2025-09-05 22:33:08,0.0
GEOP_20260402.csv,2025-09-05 22:36:08,0.0
GEOP_20260402.csv,2025-09-05 22:39:08,0.0
GEOP_20260402.csv,2025-09-05 22:42:08,0.0
GEOP_20260402.csv,2025-09-05 22:45:08,0.0
GEOP_20260402.csv,2025-09-05 22:48:08,0.0
GEOP_20260402.csv,2025-09-05 22:51:08,0.0
GEOP_20260402.csv,2025-09-05 22:54:08,0.0
GEOP_20260402.csv,2025-09-05 22:57:08,0.0
GEOP_20260402.csv,2025-09-05 23:00:08,0.0
GEOP_20260402.csv,2025-09-05 23:03:08,0.0
GEOP_20260402.csv,2025-09-05 23:06:08,0.0
GEOP_20260402.csv,2025-09-05 23:09:08,0.0
GEOP_20260402.csv,2025-09-05 23:12:08,0.0
GEOP_20260402.csv,2025-09-05 23:15:08,0.0
GEOP_20260402.csv,2025-09-05 23:18:08,0.0
GEOP_20260402.csv,2025-09-05 23:21:08,0.0
GEOP_20260402.csv,2025-09-05 23:24:08,0.0
GEOP_20260402.csv,2025-09-05 23:27:08,0.0
GEOP_20260402.csv,2025-09-05 23:30:08,0.0
GEOP_20260402.csv,2025-09-05 23:33:08,0.0
GEOP_20260402.csv,2025-09-05 23:36:08,0.0
GEOP_20260402.csv,2025-09-05 23:39:08,0.0
GEOP_20260402.csv,2025-09-05 23:42:08,0.0
GEOP_20260402.csv,2025-09-05 23:45:08,0.0
GEOP_20260402.csv,2025-09-05 23:48:08,0.0
GEOP_20260402.csv,2025-09-05 23:51:08,0.0
GEOP_20260402.csv,2025-09-05 23:54:08,0.0
GEOP_20260402.csv,2025-09-05 23:57:08,0.0
GEOP_20260402.csv,2025-09-06 00:00:08,0.0
GEOP_20260402.csv,2025-09-06 00:03:08,0.0
GEOP_20260402.csv,2025-09-06 00:06:08,0.0
GEOP_20260402.csv,2025-09-06 00:09:08,0.0
GEOP_20260402.csv,2025-09-06 00:12:08,0.0
GEOP_20260402.csv,2025-09-06 00:15:08,0.0
GEOP_20260402.csv,2025-09-06 00:18:08,0.0
GEOP_20260402.csv,2025-09-06 00:21:08,0.0
GEOP_20260402.csv,2025-09-06 00:24:08,0.0
GEOP_20260402.csv,2025-09-06 00:27:08,0.0
GEOP_20260402.csv,2025-09-06 00:30:08,0.0
GEOP_20260402.csv,2025-09-06 00:33:08,0.0
GEOP_20260402.csv,2025-09-06 00:36:08,0.0
GEOP_20260402.csv,2025-09-06 00:39:08,0.0
GEOP_20260402.csv,2025-09-06 00:42:08,0.0
GEOP_20260402.csv,2025-09-06 00:45:08,0.0
GEOP_20260402.csv,2025-09-06 00:48:08,0.0
GEOP_20260402.csv,2025-09-06 00:51:08,0.0
GEOP_20260402.csv,2025-09-06 00:54:08,0.0
GEOP_20260402.csv,2025-09-06 00:57:08,0.0
GEOP_20260402.csv,2025-09-06 01:00:08,0.0
GEOP_20260402.csv,2025-09-06 01:03:08,0.0
GEOP_20260402.csv,2025-09-06 01:06:08,0.0
GEOP_20260402.csv,2025-09-06 01:09:08,0.0
GEOP_20260402.csv,2025-09-06 01:12:08,0.0
GEOP_20260402.csv,2025-09-06 01:15:08,0.0
GEOP_20260402.csv,2025-09-06 01:18:08,0.0
GEOP_20260402.csv,2025-09-06 01:21:08,0.0
GEOP_20260402.csv,2025-09-06 01:24:08,0.0
GEOP_20260402.csv,2025-09-06 01:27:08,0.0
GEOP_20260402.csv,2025-09-06 01:30:08,0.0
GEOP_20260402.csv,2025-09-06 01:33:08,0.0
GEOP_20260402.csv,2025-09-06 01:36:08,0.0
GEOP_20260402.csv,2025-09-06 01:39:08,0.0
GEOP_20260402.csv,2025-09-06 01:42:08,0.0
GEOP_20260402.csv,2025-09-06 01:45:08,0.0
GEOP_20260402.csv,2025-09-06 01:48:08,0.0
GEOP_20260402.csv,2025-09-06 01:51:08,0.0
GEOP_20260402.csv,2025-09-06 01:54:08,0.0
GEOP_20260402.csv,2025-09-06 01:57:08,0.0
GEOP_20260402.csv,2025-09-06 02:00:08,0.0
GEOP_20260402.csv,2025-09-06 02:03:08,0.0
GEOP_20260402.csv,2025-09-06 02:06:08,0.0
GEOP_20260402.csv,2025-09-06 02:09:08,0.0
GEOP_20260402.csv,2025-09-06 02:12:08,0.0
GEOP_20260402.csv,2025-09-06 02:15:08,0.0
GEOP_20260402.csv,2025-09-06 02:18:08,0.0
GEOP_20260402.csv,2025-09-06 02:21:08,0.0
GEOP_20260402.csv,2025-09-06 02:24:08,0.0
GEOP_20260402.csv,2025-09-06 02:27:08,0.0
GEOP_20260402.csv,2025-09-06 02:30:08,0.0
GEOP_20260402.csv,2025-09-06 02:33:08,0.0
GEOP_20260402.csv,2025-09-06 02:36:08,0.0
GEOP_20260402.csv,2025-09-06 02:39:08,0.0
GEOP_20260402.csv,2025-09-06 02:42:08,0.0
GEOP_20260402.csv,2025-09-06 02:45:08,0.0
GEOP_20260402.csv,2025-09-06 02:48:08,0.0
GEOP_20260402.csv,2025-09-06 02:51:08,0.0
GEOP_20260402.csv,2025-09-06 02:54:08,0.0
GEOP_20260402.csv,2025-09-06 02:57:08,0.0
GEOP_20260402.csv,2025-09-06 03:00:08,0.0
GEOP_20260402.csv,2025-09-06 03:03:08,0.0
GEOP_20260402.csv,2025-09-06 03:06:08,0.0
GEOP_20260402.csv,2025-09-06 03:09:08,0.0
GEOP_20260402.csv,2025-09-06 03:12:08,0.0
GEOP_20260402.csv,2025-09-06 03:15:08,0.0
GEOP_20260402.csv,2025-09-06 03:18:08,0.0
GEOP_20260402.csv,2025-09-06 03:21:08,0.0
GEOP_20260402.csv,2025-09-06 03:24:08,0.0
GEOP_20260402.csv,2025-09-06 03:27:08,0.0
GEOP_20260402.csv,2025-09-06 03:30:08,0.0
GEOP_20260402.csv,2025-09-06 03:33:08,0.0
GEOP_20260402.csv,2025-09-06 03:36:08,0.0
GEOP_20260402.csv,2025-09-06 03:39:08,0.0
GEOP_20260402.csv,2025-09-06 03:42:08,0.0
GEOP_20260402.csv,2025-09-06 03:45:08,0.0
GEOP_20260402.csv,2025-09-06 03:48:08,0.0
GEOP_20260402.csv,2025-09-06 03:51:08,0.0
GEOP_20260402.csv,2025-09-06 03:54:08,0.0
GEOP_20260402.csv,2025-09-06 03:57:08,0.0
GEOP_20260402.csv,2025-09-06 04:00:08,0.0
GEOP_20260402.csv,2025-09-06 04:03:08,0.0
GEOP_20260402.csv,2025-09-06 04:06:08,0.0
GEOP_20260402.csv,2025-09-06 04:09:08,0.0
GEOP_20260402.csv,2025-09-06 04:12:08,0.0
GEOP_20260402.csv,2025-09-06 04:15:08,0.0
GEOP_20260402.csv,2025-09-06 04:18:08,0.0
GEOP_20260402.csv,2025-09-06 04:21:08,0.0
GEOP_20260402.csv,2025-09-06 04:24:08,0.0
GEOP_20260402.csv,2025-09-06 04:27:08,0.0
GEOP_20260402.csv,2025-09-06 04:30:08,0.0
GEOP_20260402.csv,2025-09-06 04:33:08,0.0
GEOP_20260402.csv,2025-09-06 04:36:08,0.0
GEOP_20260402.csv,2025-09-06 04:39:08,0.0
GEOP_20260402.csv,2025-09-06 04:42:07,0.0
GEOP_20260402.csv,2025-09-06 04:45:08,0.0
GEOP_20260402.csv,2025-09-06 04:48:07,0.0
GEOP_20260402.csv,2025-09-06 04:51:08,0.0
GEOP_20260402.csv,2025-09-06 04:54:07,0.0
GEOP_20260402.csv,2025-09-06 04:57:07,0.0
GEOP_20260402.csv,2025-09-06 05:00:07,0.0
GEOP_20260402.csv,2025-09-06 05:03:08,0.0
GEOP_20260402.csv,2025-09-06 05:06:07,0.0
GEOP_20260402.csv,2025-09-06 05:09:07,0.0
GEOP_20260402.csv,2025-09-06 05:12:07,0.0
GEOP_20260402.csv,2025-09-06 05:15:07,0.0
GEOP_20260402.csv,2025-09-06 05:18:07,0.0
GEOP_20260402.csv,2025-09-06 05:21:07,0.0
GEOP_20260402.csv,2025-09-06 05:24:07,0.0
GEOP_20260402.csv,2025-09-06 05:27:07,0.0
GEOP_20260402.csv,2025-09-06 05:30:07,0.0
GEOP_20260402.csv,2025-09-06 05:33:07,0.0
GEOP_20260402.csv,2025-09-06 05:36:07,0.0
GEOP_20260402.csv,2025-09-06 05:39:07,0.0
GEOP_20260402.csv,2025-09-06 05:42:07,0.0
GEOP_20260402.csv,2025-09-06 05:45:07,0.0
GEOP_20260402.csv,2025-09-06 05:48:07,0.0
GEOP_20260402.csv,2025-09-06 05:51:07,0.0
GEOP_20260402.csv,2025-09-06 05:54:07,0.0
GEOP_20260402.csv,2025-09-06 05:57:07,0.0
GEOP_20260402.csv,2025-09-06 06:00:07,0.0
GEOP_20260402.csv,2025-09-06 06:03:07,0.0
GEOP_20260402.csv,2025-09-06 06:06:07,0.0
GEOP_20260402.csv,2025-09-06 06:09:07,0.0
GEOP_20260402.csv,2025-09-06 06:12:07,0.0
GEOP_20260402.csv,2025-09-06 06:15:07,0.0
GEOP_20260402.csv,2025-09-06 06:18:07,0.0
GEOP_20260402.csv,2025-09-06 06:21:07,0.0
GEOP_20260402.csv,2025-09-06 06:24:07,0.0
GEOP_20260402.csv,2025-09-06 06:27:07,0.0
GEOP_20260402.csv,2025-09-06 06:30:07,0.0
GEOP_20260402.csv,2025-09-06 06:33:07,0.0
GEOP_20260402.csv,2025-09-06 06:36:07,0.0
GEOP_20260402.csv,2025-09-06 06:39:07,0.0
GEOP_20260402.csv,2025-09-06 06:42:07,0.0
GEOP_20260402.csv,2025-09-06 06:45:07,0.0
GEOP_20260402.csv,2025-09-06 06:48:07,0.0
GEOP_20260402.csv,2025-09-06 06:51:07,0.0
GEOP_20260402.csv,2025-09-06 06:54:07,0.0
GEOP_20260402.csv,2025-09-06 06:57:07,0.0
GEOP_20260402.csv,2025-09-06 07:00:07,0.0
GEOP_20260402.csv,2025-09-06 07:03:07,0.0
GEOP_20260402.csv,2025-09-06 07:06:07,0.0
GEOP_20260402.csv,2025-09-06 07:09:07,0.0
GEOP_20260402.csv,2025-09-06 07:12:07,0.0
GEOP_20260402.csv,2025-09-06 07:15:07,0.0
GEOP_20260402.csv,2025-09-06 07:18:07,0.0
GEOP_20260402.csv,2025-09-06 07:21:07,0.0
GEOP_20260402.csv,2025-09-06 07:24:07,0.0
GEOP_20260402.csv,2025-09-06 07:27:07,0.0
GEOP_20260402.csv,2025-09-06 07:30:07,0.0
GEOP_20260402.csv,2025-09-06 07:33:07,0.0
GEOP_20260402.csv,2025-09-06 07:39:07,0.0
GEOP_20260402.csv,2025-09-06 07:42:07,0.0
GEOP_20260402.csv,2025-09-06 07:45:07,0.0
GEOP_20260402.csv,2025-09-06 07:48:07,0.0
GEOP_20260402.csv,2025-09-06 07:51:07,0.0
GEOP_20260402.csv,2025-09-06 07:54:07,0.0
GEOP_20260402.csv,2025-09-06 07:57:07,0.0
GEOP_20260402.csv,2025-09-06 08:00:07,0.0
GEOP_20260402.csv,2025-09-06 08:03:07,0.0
GEOP_20260402.csv,2025-09-06 08:06:07,0.0
GEOP_20260402.csv,2025-09-06 08:09:07,0.0
GEOP_20260402.csv,2025-09-06 08:12:07,0.0
GEOP_20260402.csv,2025-09-06 08:15:07,0.0
GEOP_20260402.csv,2025-09-06 08:18:07,0.0
GEOP_20260402.csv,2025-09-06 08:21:07,0.0
GEOP_20260402.csv,2025-09-06 08:24:07,0.0
GEOP_20260402.csv,2025-09-06 08:27:07,0.0
GEOP_20260402.csv,2025-09-06 08:30:07,0.0
GEOP_20260402.csv,2025-09-06 08:33:07,0.0
GEOP_20260402.csv,2025-09-06 08:36:07,0.0
GEOP_20260402.csv,2025-09-06 08:39:07,0.0
GEOP_20260402.csv,2025-09-06 08:42:07,0.0
GEOP_20260402.csv,2025-09-06 08:45:07,0.0
GEOP_20260402.csv,2025-09-06 08:48:07,0.0
GEOP_20260402.csv,2025-09-06 08:51:07,0.0
GEOP_20260402.csv,2025-09-06 08:54:07,0.0
GEOP_20260402.csv,2025-09-06 08:57:07,0.0
GEOP_20260402.csv,2025-09-06 09:00:07,0.0
GEOP_20260402.csv,2025-09-06 09:03:07,0.0
GEOP_20260402.csv,2025-09-06 09:06:07,0.0
GEOP_20260402.csv,2025-09-06 09:09:07,0.0
GEOP_20260402.csv,2025-09-06 09:12:07,0.0
GEOP_20260402.csv,2025-09-06 09:15:07,0.0
GEOP_20260402.csv,2025-09-06 09:18:07,0.0
GEOP_20260402.csv,2025-09-06 09:21:07,0.0
GEOP_20260402.csv,2025-09-06 09:24:07,0.0
GEOP_20260402.csv,2025-09-06 09:27:07,0.0
GEOP_20260402.csv,2025-09-06 09:30:07,0.0
GEOP_20260402.csv,2025-09-06 09:33:07,0.0
GEOP_20260402.csv,2025-09-06 09:36:07,0.0
GEOP_20260402.csv,2025-09-06 09:39:07,0.0
GEOP_20260402.csv,2025-09-06 09:42:07,0.0
GEOP_20260402.csv,2025-09-06 09:45:07,0.0
GEOP_20260402.csv,2025-09-06 09:48:07,0.0
GEOP_20260402.csv,2025-09-06 09:51:07,0.0
GEOP_20260402.csv,2025-09-06 09:54:07,0.0
GEOP_20260402.csv,2025-09-06 09:57:07,0.0
GEOP_20260402.csv,2025-09-06 10:00:07,0.0
GEOP_20260402.csv,2025-09-06 10:03:07,0.0
GEOP_20260402.csv,2025-09-06 10:06:07,0.0
GEOP_20260402.csv,2025-09-06 10:09:07,0.0
GEOP_20260402.csv,2025-09-06 10:12:07,0.0
GEOP_20260402.csv,2025-09-06 10:15:07,0.0
GEOP_20260402.csv,2025-09-06 10:18:07,0.0
GEOP_20260402.csv,2025-09-06 10:21:07,0.0
GEOP_20260402.csv,2025-09-06 10:24:07,0.0
GEOP_20260402.csv,2025-09-06 10:27:07,0.0
GEOP_20260402.csv,2025-09-06 10:30:07,0.0
GEOP_20260402.csv,2025-09-06 10:33:07,0.0
GEOP_20260402.csv,2025-09-06 10:36:07,0.0
GEOP_20260402.csv,2025-09-06 10:39:07,0.0
GEOP_20260402.csv,2025-09-06 10:42:07,0.0
GEOP_20260402.csv,2025-09-06 10:45:07,0.0
GEOP_20260402.csv,2025-09-06 10:48:07,0.0
GEOP_20260402.csv,2025-09-06 10:51:07,0.0
GEOP_20260402.csv,2025-09-06 10:54:07,0.0
GEOP_20260402.csv,2025-09-06 10:57:07,0.0
GEOP_20260402.csv,2025-09-06 11:00:07,0.0
GEOP_20260402.csv,2025-09-06 11:03:07,0.0
GEOP_20260402.csv,2025-09-06 11:06:07,0.0
GEOP_20260402.csv,2025-09-06 11:09:07,0.0
GEOP_20260402.csv,2025-09-06 11:12:07,0.0
GEOP_20260402.csv,2025-09-06 11:15:07,0.0
GEOP_20260402.csv,2025-09-06 11:18:07,0.0
GEOP_20260402.csv,2025-09-06 11:21:07,0.0
GEOP_20260402.csv,2025-09-06 11:24:07,0.0
GEOP_20260402.csv,2025-09-06 11:30:07,0.0
GEOP_20260402.csv,2025-09-06 11:33:07,0.0
GEOP_20260402.csv,2025-09-06 11:36:07,0.0
GEOP_20260402.csv,2025-09-06 11:39:07,0.0
GEOP_20260402.csv,2025-09-06 11:42:07,0.0
GEOP_20260402.csv,2025-09-06 11:45:07,0.0
GEOP_20260402.csv,2025-09-06 11:48:07,0.0
GEOP_20260402.csv,2025-09-06 11:51:07,0.0
GEOP_20260402.csv,2025-09-06 11:54:07,0.0
GEOP_20260402.csv,2025-09-06 11:57:07,0.0
GEOP_20260402.csv,2025-09-06 12:00:07,0.0
GEOP_20260402.csv,2025-09-06 12:03:07,0.0
GEOP_20260402.csv,2025-09-06 12:06:07,0.0
GEOP_20260402.csv,2025-09-06 12:09:07,0.0
GEOP_20260402.csv,2025-09-06 12:12:07,0.0
GEOP_20260402.csv,2025-09-06 12:15:07,0.0
GEOP_20260402.csv,2025-09-06 12:18:07,0.0
GEOP_20260402.csv,2025-09-06 12:21:07,0.0
GEOP_20260402.csv,2025-09-06 12:24:07,0.0
GEOP_20260402.csv,2025-09-06 12:27:07,0.0
GEOP_20260402.csv,2025-09-06 12:30:07,0.0
GEOP_20260402.csv,2025-09-06 12:33:07,0.0
GEOP_20260402.csv,2025-09-06 12:36:07,0.0
GEOP_20260402.csv,2025-09-06 12:39:07,0.0
GEOP_20260402.csv,2025-09-06 12:42:07,0.0
GEOP_20260402.csv,2025-09-06 12:45:07,0.0
GEOP_20260402.csv,2025-09-06 12:48:07,0.0
GEOP_20260402.csv,2025-09-06 12:51:07,0.0
GEOP_20260402.csv,2025-09-06 12:54:07,0.0
GEOP_20260402.csv,2025-09-06 12:57:07,0.0
GEOP_20260402.csv,2025-09-06 13:00:07,0.0
GEOP_20260402.csv,2025-09-06 13:03:07,0.0
GEOP_20260402.csv,2025-09-06 13:06:07,0.0
GEOP_20260402.csv,2025-09-06 13:09:07,0.0
GEOP_20260402.csv,2025-09-06 13:12:07,0.0
GEOP_20260402.csv,2025-09-06 13:15:07,0.0
GEOP_20260402.csv,2025-09-06 13:18:07,0.0
GEOP_20260402.csv,2025-09-06 13:21:07,0.0
GEOP_20260402.csv,2025-09-06 13:24:07,0.0
GEOP_20260402.csv,2025-09-06 13:27:07,0.0
GEOP_20260402.csv,2025-09-06 13:30:07,0.0
GEOP_20260402.csv,2025-09-06 13:33:07,0.0
GEOP_20260402.csv,2025-09-06 13:36:07,0.0
GEOP_20260402.csv,2025-09-06 13:39:07,0.0
GEOP_20260402.csv,2025-09-06 13:42:07,0.0
GEOP_20260402.csv,2025-09-06 13:45:07,0.0
GEOP_20260402.csv,2025-09-06 13:48:07,0.0
GEOP_20260402.csv,2025-09-06 13:51:07,0.0
GEOP_20260402.csv,2025-09-06 13:54:07,0.0
GEOP_20260402.csv,2025-09-06 13:57:07,0.0
GEOP_20260402.csv,2025-09-06 14:00:07,0.0
GEOP_20260402.csv,2025-09-06 14:03:07,0.0
GEOP_20260402.csv,2025-09-06 14:06:07,0.0
GEOP_20260402.csv,2025-09-06 14:09:07,0.0
GEOP_20260402.csv,2025-09-06 14:12:07,0.0
GEOP_20260402.csv,2025-09-06 14:15:07,0.0
GEOP_20260402.csv,2025-09-06 14:18:07,0.0
GEOP_20260402.csv,2025-09-06 14:21:07,0.0
GEOP_20260402.csv,2025-09-06 14:24:06,0.0
GEOP_20260402.csv,2025-09-06 14:27:06,0.0
GEOP_20260402.csv,2025-09-06 14:30:06,0.0
GEOP_20260402.csv,2025-09-06 14:33:06,0.0
GEOP_20260402.csv,2025-09-06 14:36:06,0.0
GEOP_20260402.csv,2025-09-06 14:39:06,0.0
GEOP_20260402.csv,2025-09-06 14:42:06,0.0
GEOP_20260402.csv,2025-09-06 14:45:06,0.0
GEOP_20260402.csv,2025-09-06 14:48:06,0.0
GEOP_20260402.csv,2025-09-06 14:51:06,0.0
GEOP_20260402.csv,2025-09-06 14:54:06,0.0
GEOP_20260402.csv,2025-09-06 14:57:07,0.0
GEOP_20260402.csv,2025-09-06 15:00:06,0.0
GEOP_20260402.csv,2025-09-06 15:03:06,0.0
GEOP_20260402.csv,2025-09-06 15:06:06,0.0
GEOP_20260402.csv,2025-09-06 15:09:06,0.0
GEOP_20260402.csv,2025-09-06 15:12:06,0.0
GEOP_20260402.csv,2025-09-06 15:15:06,0.0
GEOP_20260402.csv,2025-09-06 15:18:06,0.0
GEOP_20260402.csv,2025-09-06 15:21:06,0.0
GEOP_20260402.csv,2025-09-06 15:24:06,0.0
GEOP_20260402.csv,2025-09-06 15:27:06,0.0
GEOP_20260402.csv,2025-09-06 15:30:06,0.0
GEOP_20260402.csv,2025-09-06 15:33:06,0.0
GEOP_20260402.csv,2025-09-06 15:36:06,0.0
GEOP_20260402.csv,2025-09-06 15:39:06,0.0
GEOP_20260402.csv,2025-09-06 15:42:06,0.0
GEOP_20260402.csv,2025-09-06 15:45:06,0.0
GEOP_20260402.csv,2025-09-06 15:48:06,0.0
GEOP_20260402.csv,2025-09-06 15:51:06,0.0
GEOP_20260402.csv,2025-09-06 15:54:06,0.0
GEOP_20260402.csv,2025-09-06 15:57:06,0.0
GEOP_20260402.csv,2025-09-06 16:00:06,0.0
GEOP_20260402.csv,2025-09-06 16:03:06,0.0
GEOP_20260402.csv,2025-09-06 16:06:06,0.0
GEOP_20260402.csv,2025-09-06 16:09:06,0.0
GEOP_20260402.csv,2025-09-06 16:12:06,0.0
GEOP_20260402.csv,2025-09-06 16:15:06,0.0
GEOP_20260402.csv,2025-09-06 16:18:06,0.0
GEOP_20260402.csv,2025-09-06 16:21:06,0.0
GEOP_20260402.csv,2025-09-06 16:24:06,0.0
GEOP_20260402.csv,2025-09-06 16:27:06,0.0
GEOP_20260402.csv,2025-09-06 16:30:06,0.0
GEOP_20260402.csv,2025-09-06 16:33:06,0.0
GEOP_20260402.csv,2025-09-06 16:36:06,0.0
GEOP_20260402.csv,2025-09-06 16:39:06,0.0
GEOP_20260402.csv,2025-09-06 16:42:06,0.0
GEOP_20260402.csv,2025-09-06 16:45:06,0.0
GEOP_20260402.csv,2025-09-06 16:48:06,0.0
GEOP_20260402.csv,2025-09-06 16:51:06,0.0
GEOP_20260402.csv,2025-09-06 16:54:06,0.0
GEOP_20260402.csv,2025-09-06 16:57:06,0.0
GEOP_20260402.csv,2025-09-06 17:00:06,0.0
GEOP_20260402.csv,2025-09-06 17:03:06,0.0
GEOP_20260402.csv,2025-09-06 17:06:06,0.0
GEOP_20260402.csv,2025-09-06 17:09:06,0.0
GEOP_20260402.csv,2025-09-06 17:12:06,0.0
GEOP_20260402.csv,2025-09-06 17:15:06,0.0
GEOP_20260402.csv,2025-09-06 17:18:06,0.0
GEOP_20260402.csv,2025-09-06 17:21:06,0.0
GEOP_20260402.csv,2025-09-06 17:24:06,0.0
GEOP_20260402.csv,2025-09-06 17:27:06,0.0
GEOP_20260402.csv,2025-09-06 17:30:06,0.0
GEOP_20260402.csv,2025-09-06 17:33:06,0.0
GEOP_20260402.csv,2025-09-06 17:36:06,0.0
GEOP_20260402.csv,2025-09-06 17:39:06,0.0
GEOP_20260402.csv,2025-09-06 17:42:06,0.0
GEOP_20260402.csv,2025-09-06 17:45:06,0.0
GEOP_20260402.csv,2025-09-06 17:48:06,0.0
GEOP_20260402.csv,2025-09-06 17:51:06,0.0
GEOP_20260402.csv,2025-09-06 17:54:06,0.0
GEOP_20260402.csv,2025-09-06 17:57:06,0.0
GEOP_20260402.csv,2025-09-06 18:00:06,0.0
GEOP_20260402.csv,2025-09-06 18:03:06,0.0
GEOP_20260402.csv,2025-09-06 18:06:06,0.0
GEOP_20260402.csv,2025-09-06 18:09:06,0.0
GEOP_20260402.csv,2025-09-06 18:12:06,0.0
GEOP_20260402.csv,2025-09-06 18:15:06,0.0
GEOP_20260402.csv,2025-09-06 18:18:06,0.0
GEOP_20260402.csv,2025-09-06 18:21:06,0.0
GEOP_20260402.csv,2025-09-06 18:24:06,0.0
GEOP_20260402.csv,2025-09-06 18:27:06,0.0
GEOP_20260402.csv,2025-09-06 18:30:06,0.0
GEOP_20260402.csv,2025-09-06 18:33:06,0.0
GEOP_20260402.csv,2025-09-06 18:36:06,0.0
GEOP_20260402.csv,2025-09-06 18:39:06,0.0
GEOP_20260402.csv,2025-09-06 18:42:06,0.0
GEOP_20260402.csv,2025-09-06 18:45:06,0.0
GEOP_20260402.csv,2025-09-06 18:48:06,0.0
GEOP_20260402.csv,2025-09-06 18:51:06,0.0
GEOP_20260402.csv,2025-09-06 18:54:06,0.0
GEOP_20260402.csv,2025-09-06 18:57:06,0.0
GEOP_20260402.csv,2025-09-06 19:00:06,0.0
GEOP_20260402.csv,2025-09-06 19:03:06,0.0
GEOP_20260402.csv,2025-09-06 19:06:06,0.0
GEOP_20260402.csv,2025-09-06 19:09:06,0.0
GEOP_20260402.csv,2025-09-06 19:12:06,0.0
GEOP_20260402.csv,2025-09-06 19:15:06,0.0
GEOP_20260402.csv,2025-09-06 19:18:06,0.0
GEOP_20260402.csv,2025-09-06 19:21:06,0.0
GEOP_20260402.csv,2025-09-06 19:24:06,0.0
GEOP_20260402.csv,2025-09-06 19:27:06,0.0
GEOP_20260402.csv,2025-09-06 19:30:06,0.0
GEOP_20260402.csv,2025-09-06 19:33:06,0.0
GEOP_20260402.csv,2025-09-06 19:36:06,0.0
GEOP_20260402.csv,2025-09-06 19:39:06,0.0
GEOP_20260402.csv,2025-09-06 19:42:06,0.0
GEOP_20260402.csv,2025-09-06 19:45:06,0.0
GEOP_20260402.csv,2025-09-06 19:48:06,0.0
GEOP_20260402.csv,2025-09-06 19:51:06,0.0
GEOP_20260402.csv,2025-09-06 19:54:06,0.0
GEOP_20260402.csv,2025-09-06 19:57:06,0.0
GEOP_20260402.csv,2025-09-06 20:00:06,0.0
GEOP_20260402.csv,2025-09-06 20:03:06,0.0
GEOP_20260402.csv,2025-09-06 20:06:06,0.0
GEOP_20260402.csv,2025-09-06 20:09:06,0.0
GEOP_20260402.csv,2025-09-06 20:12:06,0.0
GEOP_20260402.csv,2025-09-06 20:15:06,0.0
GEOP_20260402.csv,2025-09-06 20:18:06,0.0
GEOP_20260402.csv,2025-09-06 20:21:06,0.0
GEOP_20260402.csv,2025-09-06 20:24:06,0.0
GEOP_20260402.csv,2025-09-06 20:27:06,0.0
GEOP_20260402.csv,2025-09-06 20:30:06,0.0
GEOP_20260402.csv,2025-09-06 20:33:06,0.0
GEOP_20260402.csv,2025-09-06 20:36:06,0.0
GEOP_20260402.csv,2025-09-06 20:39:06,0.0
GEOP_20260402.csv,2025-09-06 20:42:06,0.0
GEOP_20260402.csv,2025-09-06 20:45:06,0.0
GEOP_20260402.csv,2025-09-06 20:48:06,0.0
GEOP_20260402.csv,2025-09-06 20:51:06,0.0
GEOP_20260402.csv,2025-09-06 20:54:06,0.0
GEOP_20260402.csv,2025-09-06 20:57:06,0.0
GEOP_20260402.csv,2025-09-06 21:00:06,0.0
GEOP_20260402.csv,2025-09-06 21:03:06,0.0
GEOP_20260402.csv,2025-09-06 21:06:06,0.0
GEOP_20260402.csv,2025-09-06 21:09:06,0.0
GEOP_20260402.csv,2025-09-06 21:12:06,0.0
GEOP_20260402.csv,2025-09-06 21:15:06,0.0
GEOP_20260402.csv,2025-09-06 21:18:06,0.0
GEOP_20260402.csv,2025-09-06 21:21:06,0.0
GEOP_20260402.csv,2025-09-06 21:24:06,0.0
GEOP_20260402.csv,2025-09-06 21:27:06,0.0
GEOP_20260402.csv,2025-09-06 21:30:06,0.0
GEOP_20260402.csv,2025-09-06 21:33:06,0.0
GEOP_20260402.csv,2025-09-06 21:36:06,0.0
GEOP_20260402.csv,2025-09-06 21:39:06,0.0
GEOP_20260402.csv,2025-09-06 21:42:06,0.0
GEOP_20260402.csv,2025-09-06 21:45:06,0.0
GEOP_20260402.csv,2025-09-06 21:48:06,0.0
GEOP_20260402.csv,2025-09-06 21:51:06,0.0
GEOP_20260402.csv,2025-09-06 21:54:06,0.0
GEOP_20260402.csv,2025-09-06 21:57:06,0.0
GEOP_20260402.csv,2025-09-06 22:00:06,0.0
GEOP_20260402.csv,2025-09-06 22:03:06,0.0
GEOP_20260402.csv,2025-09-06 22:06:06,0.0
GEOP_20260402.csv,2025-09-06 22:09:06,0.0
GEOP_20260402.csv,2025-09-06 22:12:06,0.0
GEOP_20260402.csv,2025-09-06 22:15:06,0.0
GEOP_20260402.csv,2025-09-06 22:18:06,0.0
GEOP_20260402.csv,2025-09-06 22:21:06,0.0
GEOP_20260402.csv,2025-09-06 22:24:06,0.0
GEOP_20260402.csv,2025-09-06 22:27:06,0.0
GEOP_20260402.csv,2025-09-06 22:30:06,0.0
GEOP_20260402.csv,2025-09-06 22:33:06,0.0
GEOP_20260402.csv,2025-09-06 22:36:06,0.0
GEOP_20260402.csv,2025-09-06 22:39:06,0.0
GEOP_20260402.csv,2025-09-06 22:42:06,0.0
GEOP_20260402.csv,2025-09-06 22:45:06,0.0
GEOP_20260402.csv,2025-09-06 22:48:06,0.0
GEOP_20260402.csv,2025-09-06 22:51:06,0.0
GEOP_20260402.csv,2025-09-06 22:54:06,0.0
GEOP_20260402.csv,2025-09-06 22:57:06,0.0
GEOP_20260402.csv,2025-09-06 23:00:06,0.0
GEOP_20260402.csv,2025-09-06 23:03:06,0.0
GEOP_20260402.csv,2025-09-06 23:06:06,0.0
GEOP_20260402.csv,2025-09-06 23:09:06,0.0
GEOP_20260402.csv,2025-09-06 23:12:06,0.0
GEOP_20260402.csv,2025-09-06 23:15:06,0.0
GEOP_20260402.csv,2025-09-06 23:18:06,0.0
GEOP_20260402.csv,2025-09-06 23:21:06,0.0
GEOP_20260402.csv,2025-09-06 23:24:06,0.0
GEOP_20260402.csv,2025-09-06 23:27:06,0.0
GEOP_20260402.csv,2025-09-06 23:30:06,0.0
GEOP_20260402.csv,2025-09-06 23:33:06,0.0
GEOP_20260402.csv,2025-09-06 23:36:06,0.0
GEOP_20260402.csv,2025-09-06 23:39:06,0.0
GEOP_20260402.csv,2025-09-06 23:42:06,0.0
GEOP_20260402.csv,2025-09-06 23:45:06,0.0
GEOP_20260402.csv,2025-09-06 23:48:06,0.0
GEOP_20260402.csv,2025-09-06 23:51:06,0.0
GEOP_20260402.csv,2025-09-06 23:54:06,0.0
GEOP_20260402.csv,2025-09-06 23:57:06,0.0
GEOP_20260402.csv,2025-09-07 00:00:06,0.0
GEOP_20260402.csv,2025-09-07 00:03:06,0.0
GEOP_20260402.csv,2025-09-07 00:06:05,0.0
GEOP_20260402.csv,2025-09-07 00:09:05,0.0
GEOP_20260402.csv,2025-09-07 00:12:05,0.0
GEOP_20260402.csv,2025-09-07 00:15:05,0.0
GEOP_20260402.csv,2025-09-07 00:18:06,0.0
GEOP_20260402.csv,2025-09-07 00:21:06,0.0
GEOP_20260402.csv,2025-09-07 00:24:05,0.0
GEOP_20260402.csv,2025-09-07 00:27:05,0.0
GEOP_20260402.csv,2025-09-07 00:30:05,0.0
GEOP_20260402.csv,2025-09-07 00:33:05,0.0
GEOP_20260402.csv,2025-09-07 00:36:05,0.0
GEOP_20260402.csv,2025-09-07 00:39:05,0.0
GEOP_20260402.csv,2025-09-07 00:42:05,0.0
GEOP_20260402.csv,2025-09-07 00:45:05,0.0
GEOP_20260402.csv,2025-09-07 00:48:05,0.0
GEOP_20260402.csv,2025-09-07 00:51:05,0.0
GEOP_20260402.csv,2025-09-07 00:54:05,0.0
GEOP_20260402.csv,2025-09-07 00:57:05,0.0
GEOP_20260402.csv,2025-09-07 01:00:05,0.0
GEOP_20260402.csv,2025-09-07 01:03:05,0.0
GEOP_20260402.csv,2025-09-07 01:06:05,0.0
GEOP_20260402.csv,2025-09-07 01:09:05,0.0
GEOP_20260402.csv,2025-09-07 01:12:05,0.0
GEOP_20260402.csv,2025-09-07 01:15:05,0.0
GEOP_20260402.csv,2025-09-07 01:18:05,0.0
GEOP_20260402.csv,2025-09-07 01:21:05,0.0
GEOP_20260402.csv,2025-09-07 01:24:05,0.0
GEOP_20260402.csv,2025-09-07 01:27:05,0.0
GEOP_20260402.csv,2025-09-07 01:30:05,0.0
GEOP_20260402.csv,2025-09-07 01:33:05,0.0
GEOP_20260402.csv,2025-09-07 01:36:05,0.0
GEOP_20260402.csv,2025-09-07 01:39:05,0.0
GEOP_20260402.csv,2025-09-07 01:42:05,0.0
GEOP_20260402.csv,2025-09-07 01:45:05,0.0
GEOP_20260402.csv,2025-09-07 01:48:05,0.0
GEOP_20260402.csv,2025-09-07 01:51:05,0.0
GEOP_20260402.csv,2025-09-07 01:54:05,0.0
GEOP_20260402.csv,2025-09-07 01:57:05,0.0
GEOP_20260402.csv,2025-09-07 02:00:05,0.0
GEOP_20260402.csv,2025-09-07 02:03:05,0.0
GEOP_20260402.csv,2025-09-07 02:06:05,0.0
GEOP_20260402.csv,2025-09-07 02:09:05,0.0
GEOP_20260402.csv,2025-09-07 02:12:05,0.0
GEOP_20260402.csv,2025-09-07 02:15:05,0.0
GEOP_20260402.csv,2025-09-07 02:18:05,0.0
GEOP_20260402.csv,2025-09-07 02:21:05,0.0
GEOP_20260402.csv,2025-09-07 02:24:05,0.0
GEOP_20260402.csv,2025-09-07 02:27:05,0.0
GEOP_20260402.csv,2025-09-07 02:30:05,0.0
GEOP_20260402.csv,2025-09-07 02:33:05,0.0
GEOP_20260402.csv,2025-09-07 02:36:05,0.0
GEOP_20260402.csv,2025-09-07 02:39:05,0.0
GEOP_20260402.csv,2025-09-07 02:42:05,0.0
GEOP_20260402.csv,2025-09-07 02:45:05,0.0
GEOP_20260402.csv,2025-09-07 02:48:05,0.0
GEOP_20260402.csv,2025-09-07 02:51:05,0.0
GEOP_20260402.csv,2025-09-07 02:54:05,0.0
GEOP_20260402.csv,2025-09-07 02:57:05,0.0
GEOP_20260402.csv,2025-09-07 03:00:05,0.0
GEOP_20260402.csv,2025-09-07 03:03:05,0.0
GEOP_20260402.csv,2025-09-07 03:06:05,0.0
GEOP_20260402.csv,2025-09-07 03:09:05,0.0
GEOP_20260402.csv,2025-09-07 03:12:05,0.0
GEOP_20260402.csv,2025-09-07 03:15:05,0.0
GEOP_20260402.csv,2025-09-07 03:18:05,0.0
GEOP_20260402.csv,2025-09-07 03:21:05,0.0
GEOP_20260402.csv,2025-09-07 03:24:05,0.0
GEOP_20260402.csv,2025-09-07 03:27:05,0.0
GEOP_20260402.csv,2025-09-07 03:30:05,0.0
GEOP_20260402.csv,2025-09-07 03:33:05,0.0
GEOP_20260402.csv,2025-09-07 03:36:05,0.0
GEOP_20260402.csv,2025-09-07 03:39:05,0.0
GEOP_20260402.csv,2025-09-07 03:42:05,0.0
GEOP_20260402.csv,2025-09-07 03:45:05,0.0
GEOP_20260402.csv,2025-09-07 03:48:05,0.0
GEOP_20260402.csv,2025-09-07 03:51:05,0.0
GEOP_20260402.csv,2025-09-07 03:54:05,0.0
GEOP_20260402.csv,2025-09-07 03:57:05,0.0
GEOP_20260402.csv,2025-09-07 04:00:05,0.0
GEOP_20260402.csv,2025-09-07 04:03:05,0.0
GEOP_20260402.csv,2025-09-07 04:06:05,0.0
GEOP_20260402.csv,2025-09-07 04:09:05,0.0
GEOP_20260402.csv,2025-09-07 04:12:05,0.0
GEOP_20260402.csv,2025-09-07 04:15:05,0.0
GEOP_20260402.csv,2025-09-07 04:18:05,0.0
GEOP_20260402.csv,2025-09-07 04:21:05,0.0
GEOP_20260402.csv,2025-09-07 04:24:05,0.0
GEOP_20260402.csv,2025-09-07 04:27:05,0.0
GEOP_20260402.csv,2025-09-07 04:30:05,0.0
GEOP_20260402.csv,2025-09-07 04:33:05,0.0
GEOP_20260402.csv,2025-09-07 04:36:05,0.0
GEOP_20260402.csv,2025-09-07 04:39:05,0.0
GEOP_20260402.csv,2025-09-07 04:42:05,0.0
GEOP_20260402.csv,2025-09-07 04:45:05,0.0
GEOP_20260402.csv,2025-09-07 04:48:05,0.0
GEOP_20260402.csv,2025-09-07 04:51:05,0.0
GEOP_20260402.csv,2025-09-07 04:54:05,0.0
GEOP_20260402.csv,2025-09-07 04:57:05,0.0
GEOP_20260402.csv,2025-09-07 05:00:05,0.0
GEOP_20260402.csv,2025-09-07 05:03:05,0.0
GEOP_20260402.csv,2025-09-07 05:06:05,0.0
GEOP_20260402.csv,2025-09-07 05:09:05,0.0
GEOP_20260402.csv,2025-09-07 05:12:05,0.0
GEOP_20260402.csv,2025-09-07 05:15:05,0.0
GEOP_20260402.csv,2025-09-07 05:18:05,0.0
GEOP_20260402.csv,2025-09-07 05:21:05,0.0
GEOP_20260402.csv,2025-09-07 05:24:05,0.0
GEOP_20260402.csv,2025-09-07 05:27:05,0.0
GEOP_20260402.csv,2025-09-07 05:30:05,0.0
GEOP_20260402.csv,2025-09-07 05:33:05,0.0
GEOP_20260402.csv,2025-09-07 05:36:05,0.0
GEOP_20260402.csv,2025-09-07 05:39:05,0.0
GEOP_20260402.csv,2025-09-07 05:42:05,0.0
GEOP_20260402.csv,2025-09-07 05:45:05,0.0
GEOP_20260402.csv,2025-09-07 05:48:05,0.0
GEOP_20260402.csv,2025-09-07 05:51:05,0.0
GEOP_20260402.csv,2025-09-07 05:54:05,0.0
GEOP_20260402.csv,2025-09-07 05:57:05,0.0
GEOP_20260402.csv,2025-09-07 06:00:05,0.0
GEOP_20260402.csv,2025-09-07 06:03:05,0.0
GEOP_20260402.csv,2025-09-07 06:06:05,0.0
GEOP_20260402.csv,2025-09-07 06:09:05,0.0
GEOP_20260402.csv,2025-09-07 06:12:05,0.0
GEOP_20260402.csv,2025-09-07 06:15:05,0.0
GEOP_20260402.csv,2025-09-07 06:18:05,0.0
GEOP_20260402.csv,2025-09-07 06:21:05,0.0
GEOP_20260402.csv,2025-09-07 06:24:05,0.0
GEOP_20260402.csv,2025-09-07 06:27:05,0.0
GEOP_20260402.csv,2025-09-07 06:30:05,0.0
GEOP_20260402.csv,2025-09-07 06:33:05,0.0
GEOP_20260402.csv,2025-09-07 06:36:05,0.0
GEOP_20260402.csv,2025-09-07 06:39:05,0.0
GEOP_20260402.csv,2025-09-07 06:42:05,0.0
GEOP_20260402.csv,2025-09-07 06:45:05,0.0
GEOP_20260402.csv,2025-09-07 06:48:05,0.0
GEOP_20260402.csv,2025-09-07 06:51:05,0.0
GEOP_20260402.csv,2025-09-07 06:54:05,0.0
GEOP_20260402.csv,2025-09-07 06:57:05,0.0
GEOP_20260402.csv,2025-09-07 07:00:05,0.0
GEOP_20260402.csv,2025-09-07 07:03:05,0.0
GEOP_20260402.csv,2025-09-07 07:06:05,0.0
GEOP_20260402.csv,2025-09-07 07:09:05,0.0
GEOP_20260402.csv,2025-09-07 07:12:05,0.0
GEOP_20260402.csv,2025-09-07 07:15:05,0.0
GEOP_20260402.csv,2025-09-07 07:18:05,0.0
GEOP_20260402.csv,2025-09-07 07:21:05,0.0
GEOP_20260402.csv,2025-09-07 07:24:05,0.0
GEOP_20260402.csv,2025-09-07 07:27:05,0.0
GEOP_20260402.csv,2025-09-07 07:30:05,0.0
GEOP_20260402.csv,2025-09-07 07:33:05,0.0
GEOP_20260402.csv,2025-09-07 07:36:05,0.0
GEOP_20260402.csv,2025-09-07 07:39:05,0.0
GEOP_20260402.csv,2025-09-07 07:42:05,0.0
GEOP_20260402.csv,2025-09-07 07:45:05,0.0
GEOP_20260402.csv,2025-09-07 07:48:05,0.0
GEOP_20260402.csv,2025-09-07 07:51:05,0.0
GEOP_20260402.csv,2025-09-07 07:54:05,0.0
GEOP_20260402.csv,2025-09-07 07:57:05,0.0
GEOP_20260402.csv,2025-09-07 08:00:05,0.0
GEOP_20260402.csv,2025-09-07 08:03:05,0.0
GEOP_20260402.csv,2025-09-07 08:06:05,0.0
GEOP_20260402.csv,2025-09-07 08:09:05,0.0
GEOP_20260402.csv,2025-09-07 08:12:05,0.0
GEOP_20260402.csv,2025-09-07 08:15:05,0.0
GEOP_20260402.csv,2025-09-07 08:18:05,0.0
GEOP_20260402.csv,2025-09-07 08:21:05,0.0
GEOP_20260402.csv,2025-09-07 08:24:05,0.0
GEOP_20260402.csv,2025-09-07 08:27:05,0.0
GEOP_20260402.csv,2025-09-07 08:30:05,0.0
GEOP_20260402.csv,2025-09-07 08:33:04,0.0
GEOP_20260402.csv,2025-09-07 08:36:04,0.0
GEOP_20260402.csv,2025-09-07 08:39:04,0.0
GEOP_20260402.csv,2025-09-07 08:42:04,0.0
GEOP_20260402.csv,2025-09-07 08:45:04,0.0
GEOP_20260402.csv,2025-09-07 08:48:04,0.0
GEOP_20260402.csv,2025-09-07 08:51:04,0.0
GEOP_20260402.csv,2025-09-07 08:54:04,0.0
GEOP_20260402.csv,2025-09-07 08:57:04,0.0
GEOP_20260402.csv,2025-09-07 09:00:04,0.0
GEOP_20260402.csv,2025-09-07 09:03:04,0.0
GEOP_20260402.csv,2025-09-07 09:06:04,0.0
GEOP_20260402.csv,2025-09-07 09:09:04,0.0
GEOP_20260402.csv,2025-09-07 09:12:04,0.0
GEOP_20260402.csv,2025-09-07 09:15:04,0.0
GEOP_20260402.csv,2025-09-07 09:18:04,0.0
GEOP_20260402.csv,2025-09-07 09:21:05,0.0
GEOP_20260402.csv,2025-09-07 09:24:04,0.0
GEOP_20260402.csv,2025-09-07 09:27:04,0.0
GEOP_20260402.csv,2025-09-07 09:30:04,0.0
GEOP_20260402.csv,2025-09-07 09:33:04,0.0
GEOP_20260402.csv,2025-09-07 09:36:04,0.0
GEOP_20260402.csv,2025-09-07 09:39:04,0.0
GEOP_20260402.csv,2025-09-07 09:42:04,0.0
GEOP_20260402.csv,2025-09-07 09:45:04,0.0
GEOP_20260402.csv,2025-09-07 09:48:04,0.0
GEOP_20260402.csv,2025-09-07 09:51:04,0.0
GEOP_20260402.csv,2025-09-07 09:54:04,0.0
GEOP_20260402.csv,2025-09-07 09:57:04,0.0
GEOP_20260402.csv,2025-09-07 10:00:04,0.0
GEOP_20260402.csv,2025-09-07 10:03:04,0.0
GEOP_20260402.csv,2025-09-07 10:06:04,0.0
GEOP_20260402.csv,2025-09-07 10:09:04,0.0
GEOP_20260402.csv,2025-09-07 10:12:04,0.0
GEOP_20260402.csv,2025-09-07 10:15:04,0.0
GEOP_20260402.csv,2025-09-07 10:18:04,0.0
GEOP_20260402.csv,2025-09-07 10:21:04,0.0
GEOP_20260402.csv,2025-09-07 10:24:04,0.0
GEOP_20260402.csv,2025-09-07 10:27:04,0.0
GEOP_20260402.csv,2025-09-07 10:30:04,0.0
GEOP_20260402.csv,2025-09-07 10:33:04,0.0
GEOP_20260402.csv,2025-09-07 10:36:04,0.0
GEOP_20260402.csv,2025-09-07 10:39:04,0.0
GEOP_20260402.csv,2025-09-07 10:42:04,0.0
GEOP_20260402.csv,2025-09-07 10:45:04,0.0
GEOP_20260402.csv,2025-09-07 10:48:04,0.0
GEOP_20260402.csv,2025-09-07 10:51:04,0.0
GEOP_20260402.csv,2025-09-07 10:54:04,0.0
GEOP_20260402.csv,2025-09-07 10:57:04,0.0
GEOP_20260402.csv,2025-09-07 11:00:04,0.0
GEOP_20260402.csv,2025-09-07 11:03:04,0.0
GEOP_20260402.csv,2025-09-07 11:06:04,0.0
GEOP_20260402.csv,2025-09-07 11:09:04,0.0
GEOP_20260402.csv,2025-09-07 11:12:04,0.0
GEOP_20260402.csv,2025-09-07 11:15:04,0.0
GEOP_20260402.csv,2025-09-07 11:18:04,0.0
GEOP_20260402.csv,2025-09-07 11:21:04,0.0
GEOP_20260402.csv,2025-09-07 11:24:04,0.0
GEOP_20260402.csv,2025-09-07 11:27:04,0.0
GEOP_20260402.csv,2025-09-07 11:30:04,0.0
GEOP_20260402.csv,2025-09-07 11:33:04,0.0
GEOP_20260402.csv,2025-09-07 11:36:04,0.0
GEOP_20260402.csv,2025-09-07 11:39:04,0.0
GEOP_20260402.csv,2025-09-07 11:42:04,0.0
GEOP_20260402.csv,2025-09-07 11:45:04,0.0
GEOP_20260402.csv,2025-09-07 11:48:04,0.0
GEOP_20260402.csv,2025-09-07 11:51:04,0.0
GEOP_20260402.csv,2025-09-07 11:54:04,0.0
GEOP_20260402.csv,2025-09-07 11:57:04,0.0
GEOP_20260402.csv,2025-09-07 12:00:04,0.0
GEOP_20260402.csv,2025-09-07 12:03:04,0.0
GEOP_20260402.csv,2025-09-07 12:06:04,0.0
GEOP_20260402.csv,2025-09-07 12:09:04,0.0
GEOP_20260402.csv,2025-09-07 12:12:04,0.0
GEOP_20260402.csv,2025-09-07 12:15:04,0.0
GEOP_20260402.csv,2025-09-07 12:18:04,0.0
GEOP_20260402.csv,2025-09-07 12:21:04,0.0
GEOP_20260402.csv,2025-09-07 12:24:04,0.0
GEOP_20260402.csv,2025-09-07 12:27:04,0.0
GEOP_20260402.csv,2025-09-07 12:30:04,0.0
GEOP_20260402.csv,2025-09-07 12:33:04,0.0
GEOP_20260402.csv,2025-09-07 12:36:04,0.0
GEOP_20260402.csv,2025-09-07 12:39:04,0.0
GEOP_20260402.csv,2025-09-07 12:42:04,0.0
GEOP_20260402.csv,2025-09-07 12:45:04,0.0
GEOP_20260402.csv,2025-09-07 12:48:04,0.0
GEOP_20260402.csv,2025-09-07 12:51:04,0.0
GEOP_20260402.csv,2025-09-07 12:54:04,0.0
GEOP_20260402.csv,2025-09-07 12:57:04,0.0
GEOP_20260402.csv,2025-09-07 13:00:04,0.0
GEOP_20260402.csv,2025-09-07 13:03:04,0.0
GEOP_20260402.csv,2025-09-07 13:06:04,0.0
GEOP_20260402.csv,2025-09-07 13:09:04,0.0
GEOP_20260402.csv,2025-09-07 13:12:04,0.0
GEOP_20260402.csv,2025-09-07 13:15:04,0.0
GEOP_20260402.csv,2025-09-07 13:18:04,0.0
GEOP_20260402.csv,2025-09-07 13:21:04,0.0
GEOP_20260402.csv,2025-09-07 13:24:04,0.0
GEOP_20260402.csv,2025-09-07 13:27:04,0.0
GEOP_20260402.csv,2025-09-07 13:30:04,0.0
GEOP_20260402.csv,2025-09-07 13:33:04,0.0
GEOP_20260402.csv,2025-09-07 13:36:04,0.0
GEOP_20260402.csv,2025-09-07 13:39:04,0.0
GEOP_20260402.csv,2025-09-07 13:42:04,0.0
GEOP_20260402.csv,2025-09-07 13:45:04,0.0
GEOP_20260402.csv,2025-09-07 13:48:04,0.0
GEOP_20260402.csv,2025-09-07 13:51:04,0.0
GEOP_20260402.csv,2025-09-07 13:54:04,0.0
GEOP_20260402.csv,2025-09-07 13:57:04,0.0
GEOP_20260402.csv,2025-09-07 14:00:04,0.0
GEOP_20260402.csv,2025-09-07 14:03:04,0.0
GEOP_20260402.csv,2025-09-07 14:06:04,0.0
GEOP_20260402.csv,2025-09-07 14:09:04,0.0
GEOP_20260402.csv,2025-09-07 14:12:04,0.0
GEOP_20260402.csv,2025-09-07 14:15:04,0.0
GEOP_20260402.csv,2025-09-07 14:18:04,0.0
GEOP_20260402.csv,2025-09-07 14:21:04,0.0
GEOP_20260402.csv,2025-09-07 14:24:04,0.0
GEOP_20260402.csv,2025-09-07 14:27:04,0.0
GEOP_20260402.csv,2025-09-07 14:30:04,0.0
GEOP_20260402.csv,2025-09-07 14:33:04,0.0
GEOP_20260402.csv,2025-09-07 14:36:04,0.0
GEOP_20260402.csv,2025-09-07 14:39:04,0.0
GEOP_20260402.csv,2025-09-07 14:42:04,0.0
GEOP_20260402.csv,2025-09-07 14:45:04,0.0
GEOP_20260402.csv,2025-09-07 14:48:04,0.0
GEOP_20260402.csv,2025-09-07 14:51:04,0.0
GEOP_20260402.csv,2025-09-07 14:54:04,0.0
GEOP_20260402.csv,2025-09-07 14:57:04,0.0
GEOP_20260402.csv,2025-09-07 15:00:04,0.0
GEOP_20260402.csv,2025-09-07 15:03:04,0.0
GEOP_20260402.csv,2025-09-07 15:06:04,0.0
GEOP_20260402.csv,2025-09-07 15:09:04,0.0
GEOP_20260402.csv,2025-09-07 15:12:04,0.0
GEOP_20260402.csv,2025-09-07 15:15:04,0.0
GEOP_20260402.csv,2025-09-07 15:18:04,0.0
GEOP_20260402.csv,2025-09-07 15:21:04,0.0
GEOP_20260402.csv,2025-09-07 15:24:04,0.0
GEOP_20260402.csv,2025-09-07 15:27:04,0.0
GEOP_20260402.csv,2025-09-07 15:30:04,0.0
GEOP_20260402.csv,2025-09-07 15:33:04,0.0
GEOP_20260402.csv,2025-09-07 15:36:04,0.0
GEOP_20260402.csv,2025-09-07 15:39:04,0.0
GEOP_20260402.csv,2025-09-07 15:42:04,0.0
GEOP_20260402.csv,2025-09-07 15:45:04,0.0
GEOP_20260402.csv,2025-09-07 15:48:04,0.0
GEOP_20260402.csv,2025-09-07 15:51:04,0.0
GEOP_20260402.csv,2025-09-07 15:54:04,0.0
GEOP_20260402.csv,2025-09-07 15:57:04,0.0
GEOP_20260402.csv,2025-09-07 16:00:04,0.0
GEOP_20260402.csv,2025-09-07 16:03:04,0.0
GEOP_20260402.csv,2025-09-07 16:06:04,0.0
GEOP_20260402.csv,2025-09-07 16:09:04,0.0
GEOP_20260402.csv,2025-09-07 16:12:04,0.0
GEOP_20260402.csv,2025-09-07 16:15:04,0.0
GEOP_20260402.csv,2025-09-07 16:18:04,0.0
GEOP_20260402.csv,2025-09-07 16:21:04,0.0
GEOP_20260402.csv,2025-09-07 16:24:04,0.0
GEOP_20260402.csv,2025-09-07 16:27:04,0.0
GEOP_20260402.csv,2025-09-07 16:30:04,0.0
GEOP_20260402.csv,2025-09-07 16:33:04,0.0
GEOP_20260402.csv,2025-09-07 16:36:04,0.0
GEOP_20260402.csv,2025-09-07 16:39:04,0.0
GEOP_20260402.csv,2025-09-07 16:42:04,0.0
GEOP_20260402.csv,2025-09-07 16:45:04,0.0
GEOP_20260402.csv,2025-09-07 16:48:04,0.0
GEOP_20260402.csv,2025-09-07 16:51:04,0.0
GEOP_20260402.csv,2025-09-07 16:54:04,0.0
GEOP_20260402.csv,2025-09-07 16:57:04,0.0
GEOP_20260402.csv,2025-09-07 17:00:04,0.0
GEOP_20260402.csv,2025-09-07 17:03:04,0.0
GEOP_20260402.csv,2025-09-07 17:06:04,0.0
GEOP_20260402.csv,2025-09-07 17:09:04,0.0
GEOP_20260402.csv,2025-09-07 17:12:04,0.0
GEOP_20260402.csv,2025-09-07 17:15:04,0.0
GEOP_20260402.csv,2025-09-07 17:18:04,0.0
GEOP_20260402.csv,2025-09-07 17:21:04,0.0
GEOP_20260402.csv,2025-09-07 17:24:04,0.0
GEOP_20260402.csv,2025-09-07 17:27:04,0.0
GEOP_20260402.csv,2025-09-07 17:30:04,0.0
GEOP_20260402.csv,2025-09-07 17:33:04,0.0
GEOP_20260402.csv,2025-09-07 17:36:04,0.0
GEOP_20260402.csv,2025-09-07 17:39:04,0.0
GEOP_20260402.csv,2025-09-07 17:42:04,0.0
GEOP_20260402.csv,2025-09-07 17:45:04,0.0
GEOP_20260402.csv,2025-09-07 17:48:04,0.0
GEOP_20260402.csv,2025-09-07 17:51:04,0.0
GEOP_20260402.csv,2025-09-07 17:54:04,0.0
GEOP_20260402.csv,2025-09-07 17:57:04,0.0
GEOP_20260402.csv,2025-09-07 18:00:04,0.0
GEOP_20260402.csv,2025-09-07 18:03:04,0.0
GEOP_20260402.csv,2025-09-07 18:06:03,0.0
GEOP_20260402.csv,2025-09-07 18:09:03,0.0
GEOP_20260402.csv,2025-09-07 18:12:03,0.0
GEOP_20260402.csv,2025-09-07 18:15:03,0.0
GEOP_20260402.csv,2025-09-07 18:18:03,0.0
GEOP_20260402.csv,2025-09-07 18:21:03,0.0
GEOP_20260402.csv,2025-09-07 18:24:03,0.0
GEOP_20260402.csv,2025-09-07 18:27:03,0.0
GEOP_20260402.csv,2025-09-07 18:30:03,0.0
GEOP_20260402.csv,2025-09-07 18:33:03,0.0
GEOP_20260402.csv,2025-09-07 18:36:03,0.0
GEOP_20260402.csv,2025-09-07 18:39:03,0.0
GEOP_20260402.csv,2025-09-07 18:42:03,0.0
GEOP_20260402.csv,2025-09-07 18:45:03,0.0
GEOP_20260402.csv,2025-09-07 18:48:03,0.0
GEOP_20260402.csv,2025-09-07 18:51:03,0.0
GEOP_20260402.csv,2025-09-07 18:54:03,0.0
GEOP_20260402.csv,2025-09-07 18:57:03,0.0
GEOP_20260402.csv,2025-09-07 19:00:04,0.0
GEOP_20260402.csv,2025-09-07 19:03:03,0.0
GEOP_20260402.csv,2025-09-07 19:06:03,0.0
GEOP_20260402.csv,2025-09-07 19:09:03,0.0
GEOP_20260402.csv,2025-09-07 19:12:03,0.0
GEOP_20260402.csv,2025-09-07 19:15:03,0.0
GEOP_20260402.csv,2025-09-07 19:18:03,0.0
GEOP_20260402.csv,2025-09-07 19:21:03,0.0
GEOP_20260402.csv,2025-09-07 19:24:03,0.0
GEOP_20260402.csv,2025-09-07 19:27:03,0.0
GEOP_20260402.csv,2025-09-07 19:30:03,0.0
GEOP_20260402.csv,2025-09-07 19:33:03,0.0
GEOP_20260402.csv,2025-09-07 19:36:03,0.0
GEOP_20260402.csv,2025-09-07 19:39:03,0.0
GEOP_20260402.csv,2025-09-07 19:42:03,0.0
GEOP_20260402.csv,2025-09-07 19:45:03,0.0
GEOP_20260402.csv,2025-09-07 19:48:03,0.0
GEOP_20260402.csv,2025-09-07 19:51:03,0.0
GEOP_20260402.csv,2025-09-07 19:54:03,0.0
GEOP_20260402.csv,2025-09-07 19:57:03,0.0
GEOP_20260402.csv,2025-09-07 20:00:03,0.0
GEOP_20260402.csv,2025-09-07 20:03:03,0.0
GEOP_20260402.csv,2025-09-07 20:06:03,0.0
GEOP_20260402.csv,2025-09-07 20:09:03,0.0
GEOP_20260402.csv,2025-09-07 20:12:03,0.0
GEOP_20260402.csv,2025-09-07 20:15:03,0.0
GEOP_20260402.csv,2025-09-07 20:18:03,0.0
GEOP_20260402.csv,2025-09-07 20:21:03,0.0
GEOP_20260402.csv,2025-09-07 20:24:03,0.0
GEOP_20260402.csv,2025-09-07 20:27:03,0.0
GEOP_20260402.csv,2025-09-07 20:30:03,0.0
GEOP_20260402.csv,2025-09-07 20:33:03,0.0
GEOP_20260402.csv,2025-09-07 20:36:03,0.0
GEOP_20260402.csv,2025-09-07 20:39:03,0.0
GEOP_20260402.csv,2025-09-07 20:42:03,0.0
GEOP_20260402.csv,2025-09-07 20:45:03,0.0
GEOP_20260402.csv,2025-09-07 20:48:03,0.0
GEOP_20260402.csv,2025-09-07 20:51:03,0.0
GEOP_20260402.csv,2025-09-07 20:54:03,0.0
GEOP_20260402.csv,2025-09-07 20:57:03,0.0
GEOP_20260402.csv,2025-09-07 21:00:03,0.0
GEOP_20260402.csv,2025-09-07 21:03:03,0.0
GEOP_20260402.csv,2025-09-07 21:06:03,0.0
GEOP_20260402.csv,2025-09-07 21:09:03,0.0
GEOP_20260402.csv,2025-09-07 21:12:03,0.0
GEOP_20260402.csv,2025-09-07 21:15:03,0.0
GEOP_20260402.csv,2025-09-07 21:18:03,0.0
GEOP_20260402.csv,2025-09-07 21:21:03,0.0
GEOP_20260402.csv,2025-09-07 21:24:03,0.0
GEOP_20260402.csv,2025-09-07 21:27:03,0.0
GEOP_20260402.csv,2025-09-07 21:30:03,0.0
GEOP_20260402.csv,2025-09-07 21:33:03,0.0
GEOP_20260402.csv,2025-09-07 21:36:03,0.0
GEOP_20260402.csv,2025-09-07 21:39:03,0.0
GEOP_20260402.csv,2025-09-07 21:42:03,0.0
GEOP_20260402.csv,2025-09-07 21:45:03,0.0
GEOP_20260402.csv,2025-09-07 21:48:03,0.0
GEOP_20260402.csv,2025-09-07 21:51:03,0.0
GEOP_20260402.csv,2025-09-07 21:54:03,0.0
GEOP_20260402.csv,2025-09-07 21:57:03,0.0
GEOP_20260402.csv,2025-09-07 22:00:03,0.0
GEOP_20260402.csv,2025-09-07 22:03:03,0.0
GEOP_20260402.csv,2025-09-07 22:06:03,0.0
GEOP_20260402.csv,2025-09-07 22:09:03,0.0
GEOP_20260402.csv,2025-09-07 22:12:03,0.0
GEOP_20260402.csv,2025-09-07 22:15:03,0.0
GEOP_20260402.csv,2025-09-07 22:18:03,0.0
GEOP_20260402.csv,2025-09-07 22:21:03,0.0
GEOP_20260402.csv,2025-09-07 22:24:03,0.0
GEOP_20260402.csv,2025-09-07 22:27:03,0.0
GEOP_20260402.csv,2025-09-07 22:30:03,0.0
GEOP_20260402.csv,2025-09-07 22:33:03,0.0
GEOP_20260402.csv,2025-09-07 22:36:03,0.0
GEOP_20260402.csv,2025-09-07 22:39:03,0.0
GEOP_20260402.csv,2025-09-07 22:42:03,0.0
GEOP_20260402.csv,2025-09-07 22:45:03,0.0
GEOP_20260402.csv,2025-09-07 22:48:03,0.0
GEOP_20260402.csv,2025-09-07 22:51:03,0.0
GEOP_20260402.csv,2025-09-07 22:54:03,0.0
GEOP_20260402.csv,2025-09-07 22:57:03,0.0
GEOP_20260402.csv,2025-09-07 23:00:03,0.0
GEOP_20260402.csv,2025-09-07 23:03:03,0.0
GEOP_20260402.csv,2025-09-07 23:06:03,0.0
GEOP_20260402.csv,2025-09-07 23:09:03,0.0
GEOP_20260402.csv,2025-09-07 23:12:03,0.0
GEOP_20260402.csv,2025-09-07 23:15:03,0.0
GEOP_20260402.csv,2025-09-07 23:18:03,0.0
GEOP_20260402.csv,2025-09-07 23:21:03,0.0
GEOP_20260402.csv,2025-09-07 23:24:03,0.0
GEOP_20260402.csv,2025-09-07 23:27:03,0.0
GEOP_20260402.csv,2025-09-07 23:30:03,0.0
GEOP_20260402.csv,2025-09-07 23:33:03,0.0
GEOP_20260402.csv,2025-09-07 23:36:03,0.0
GEOP_20260402.csv,2025-09-07 23:39:03,0.0
GEOP_20260402.csv,2025-09-07 23:42:03,0.0
GEOP_20260402.csv,2025-09-07 23:45:03,0.0
GEOP_20260402.csv,2025-09-07 23:48:03,0.0
GEOP_20260402.csv,2025-09-07 23:51:03,0.0
GEOP_20260402.csv,2025-09-07 23:54:03,0.0
GEOP_20260402.csv,2025-09-07 23:57:03,0.0
GEOP_20260402.csv,2025-09-08 00:00:03,0.0
GEOP_20260402.csv,2025-09-08 00:03:03,0.0
GEOP_20260402.csv,2025-09-08 00:06:03,0.0
GEOP_20260402.csv,2025-09-08 00:09:03,0.0
GEOP_20260402.csv,2025-09-08 00:12:03,0.0
GEOP_20260402.csv,2025-09-08 00:15:03,0.0
GEOP_20260402.csv,2025-09-08 00:18:03,0.0
GEOP_20260402.csv,2025-09-08 00:21:03,0.0
GEOP_20260402.csv,2025-09-08 00:24:03,0.0
GEOP_20260402.csv,2025-09-08 00:27:03,0.0
GEOP_20260402.csv,2025-09-08 00:30:03,0.0
GEOP_20260402.csv,2025-09-08 00:33:03,0.0
GEOP_20260402.csv,2025-09-08 00:36:03,0.0
GEOP_20260402.csv,2025-09-08 00:39:03,0.0
GEOP_20260402.csv,2025-09-08 00:42:03,0.0
GEOP_20260402.csv,2025-09-08 00:45:03,0.0
GEOP_20260402.csv,2025-09-08 00:48:03,0.0
GEOP_20260402.csv,2025-09-08 00:51:03,0.0
GEOP_20260402.csv,2025-09-08 00:54:03,0.0
GEOP_20260402.csv,2025-09-08 00:57:03,0.0
GEOP_20260402.csv,2025-09-08 01:00:03,0.0
GEOP_20260402.csv,2025-09-08 01:03:03,0.0
GEOP_20260402.csv,2025-09-08 01:06:03,0.0
GEOP_20260402.csv,2025-09-08 01:09:03,0.0
GEOP_20260402.csv,2025-09-08 01:12:03,0.0
GEOP_20260402.csv,2025-09-08 01:15:03,0.0
GEOP_20260402.csv,2025-09-08 01:18:03,0.0
GEOP_20260402.csv,2025-09-08 01:21:03,0.0
GEOP_20260402.csv,2025-09-08 01:24:03,0.0
GEOP_20260402.csv,2025-09-08 01:27:03,0.0
GEOP_20260402.csv,2025-09-08 01:30:03,0.0
GEOP_20260402.csv,2025-09-08 01:33:03,0.0
GEOP_20260402.csv,2025-09-08 01:36:03,0.0
GEOP_20260402.csv,2025-09-08 01:39:03,0.0
GEOP_20260402.csv,2025-09-08 01:42:03,0.0
GEOP_20260402.csv,2025-09-08 01:45:03,0.0
GEOP_20260402.csv,2025-09-08 01:48:03,0.0
GEOP_20260402.csv,2025-09-08 01:51:03,0.0
GEOP_20260402.csv,2025-09-08 01:54:03,0.0
GEOP_20260402.csv,2025-09-08 01:57:03,0.0
GEOP_20260402.csv,2025-09-08 02:00:03,0.0
GEOP_20260402.csv,2025-09-08 02:03:03,0.0
GEOP_20260402.csv,2025-09-08 02:06:03,0.0
GEOP_20260402.csv,2025-09-08 02:09:03,0.0
GEOP_20260402.csv,2025-09-08 02:12:03,0.0
GEOP_20260402.csv,2025-09-08 02:15:03,0.0
GEOP_20260402.csv,2025-09-08 02:18:03,0.0
GEOP_20260402.csv,2025-09-08 02:21:03,0.0
GEOP_20260402.csv,2025-09-08 02:24:03,0.0
GEOP_20260402.csv,2025-09-08 02:27:03,0.0
GEOP_20260402.csv,2025-09-08 02:30:03,0.0
GEOP_20260402.csv,2025-09-08 02:33:03,0.0
GEOP_20260402.csv,2025-09-08 02:36:03,0.0
GEOP_20260402.csv,2025-09-08 02:39:03,0.0
GEOP_20260402.csv,2025-09-08 02:42:03,0.0
GEOP_20260402.csv,2025-09-08 02:45:03,0.0
GEOP_20260402.csv,2025-09-08 02:48:03,0.0
GEOP_20260402.csv,2025-09-08 02:51:03,0.0
GEOP_20260402.csv,2025-09-08 02:54:03,0.0
GEOP_20260402.csv,2025-09-08 02:57:03,0.0
GEOP_20260402.csv,2025-09-08 03:00:03,0.0
GEOP_20260402.csv,2025-09-08 03:03:03,0.0
GEOP_20260402.csv,2025-09-08 03:06:03,0.0
GEOP_20260402.csv,2025-09-08 03:09:02,0.0
GEOP_20260402.csv,2025-09-08 03:12:02,0.0
GEOP_20260402.csv,2025-09-08 03:15:03,0.0
GEOP_20260402.csv,2025-09-08 03:18:02,0.0
GEOP_20260402.csv,2025-09-08 03:21:02,0.0
GEOP_20260402.csv,2025-09-08 03:24:02,0.0
GEOP_20260402.csv,2025-09-08 03:27:02,0.0
GEOP_20260402.csv,2025-09-08 03:30:02,0.0
GEOP_20260402.csv,2025-09-08 03:33:02,0.0
GEOP_20260402.csv,2025-09-08 03:36:02,0.0
GEOP_20260402.csv,2025-09-08 03:39:02,0.0
GEOP_20260402.csv,2025-09-08 03:42:02,0.0
GEOP_20260402.csv,2025-09-08 03:45:02,0.0
GEOP_20260402.csv,2025-09-08 03:48:02,0.0
GEOP_20260402.csv,2025-09-08 03:51:02,0.0
GEOP_20260402.csv,2025-09-08 03:54:02,0.0
GEOP_20260402.csv,2025-09-08 03:57:02,0.0
GEOP_20260402.csv,2025-09-08 04:00:02,0.0
GEOP_20260402.csv,2025-09-08 04:03:02,0.0
GEOP_20260402.csv,2025-09-08 04:06:02,0.0
GEOP_20260402.csv,2025-09-08 04:09:02,0.0
GEOP_20260402.csv,2025-09-08 04:12:02,0.0
GEOP_20260402.csv,2025-09-08 04:15:02,0.0
GEOP_20260402.csv,2025-09-08 04:18:02,0.0
GEOP_20260402.csv,2025-09-08 04:21:02,0.0
GEOP_20260402.csv,2025-09-08 04:24:02,0.0
GEOP_20260402.csv,2025-09-08 04:27:02,0.0
GEOP_20260402.csv,2025-09-08 04:30:02,0.0
GEOP_20260402.csv,2025-09-08 04:33:02,0.0
GEOP_20260402.csv,2025-09-08 04:36:02,0.0
GEOP_20260402.csv,2025-09-08 04:39:02,0.0
GEOP_20260402.csv,2025-09-08 04:42:02,0.0
GEOP_20260402.csv,2025-09-08 04:45:02,0.0
GEOP_20260402.csv,2025-09-08 04:48:02,0.0
GEOP_20260402.csv,2025-09-08 04:51:02,0.0
GEOP_20260402.csv,2025-09-08 04:54:02,0.0
GEOP_20260402.csv,2025-09-08 04:57:02,0.0
GEOP_20260402.csv,2025-09-08 05:00:02,0.0
GEOP_20260402.csv,2025-09-08 05:03:02,0.0
GEOP_20260402.csv,2025-09-08 05:06:02,0.0
GEOP_20260402.csv,2025-09-08 05:09:02,0.0
GEOP_20260402.csv,2025-09-08 05:12:02,0.0
GEOP_20260402.csv,2025-09-08 05:15:02,0.0
GEOP_20260402.csv,2025-09-08 05:18:02,0.0
GEOP_20260402.csv,2025-09-08 05:21:02,0.0
GEOP_20260402.csv,2025-09-08 05:24:02,0.0
GEOP_20260402.csv,2025-09-08 05:27:02,0.0
GEOP_20260402.csv,2025-09-08 05:30:02,0.0
GEOP_20260402.csv,2025-09-08 05:33:02,0.0
GEOP_20260402.csv,2025-09-08 05:36:02,0.0
GEOP_20260402.csv,2025-09-08 05:39:02,0.0
GEOP_20260402.csv,2025-09-08 05:42:02,0.0
GEOP_20260402.csv,2025-09-08 05:45:02,0.0
GEOP_20260402.csv,2025-09-08 05:48:02,0.0
GEOP_20260402.csv,2025-09-08 05:51:02,0.0
GEOP_20260402.csv,2025-09-08 05:54:02,0.0
GEOP_20260402.csv,2025-09-08 05:57:02,0.0
GEOP_20260402.csv,2025-09-08 06:00:02,0.0
GEOP_20260402.csv,2025-09-08 06:03:02,0.0
GEOP_20260402.csv,2025-09-08 06:06:02,0.0
GEOP_20260402.csv,2025-09-08 06:09:02,0.0
GEOP_20260402.csv,2025-09-08 06:12:02,0.0
GEOP_20260402.csv,2025-09-08 06:15:02,0.0
GEOP_20260402.csv,2025-09-08 06:18:02,0.0
GEOP_20260402.csv,2025-09-08 06:21:02,0.0
GEOP_20260402.csv,2025-09-08 06:24:02,0.0
GEOP_20260402.csv,2025-09-08 06:27:02,0.0
GEOP_20260402.csv,2025-09-08 06:30:02,0.0
GEOP_20260402.csv,2025-09-08 06:33:02,0.0
GEOP_20260402.csv,2025-09-08 06:36:02,0.0
GEOP_20260402.csv,2025-09-08 06:39:02,0.0
GEOP_20260402.csv,2025-09-08 06:42:02,0.0
GEOP_20260402.csv,2025-09-08 06:45:02,0.0
GEOP_20260402.csv,2025-09-08 06:48:02,0.0
GEOP_20260402.csv,2025-09-08 06:51:02,0.0
GEOP_20260402.csv,2025-09-08 06:54:02,0.0
GEOP_20260402.csv,2025-09-08 06:57:02,0.0
GEOP_20260402.csv,2025-09-08 07:00:02,0.0
GEOP_20260402.csv,2025-09-08 07:03:02,0.0
GEOP_20260402.csv,2025-09-08 07:06:02,0.0
GEOP_20260402.csv,2025-09-08 07:09:02,0.0
GEOP_20260402.csv,2025-09-08 07:12:02,0.0
GEOP_20260402.csv,2025-09-08 07:15:02,0.0
GEOP_20260402.csv,2025-09-08 07:18:02,0.0
GEOP_20260402.csv,2025-09-08 07:21:02,0.0
GEOP_20260402.csv,2025-09-08 07:24:02,0.0
GEOP_20260402.csv,2025-09-08 07:27:02,0.0
GEOP_20260402.csv,2025-09-08 07:30:02,0.0
GEOP_20260402.csv,2025-09-08 07:33:02,0.0
GEOP_20260402.csv,2025-09-08 07:36:02,0.0
GEOP_20260402.csv,2025-09-08 07:39:02,0.0
GEOP_20260402.csv,2025-09-08 07:42:02,0.0
GEOP_20260402.csv,2025-09-08 07:45:02,0.0
GEOP_20260402.csv,2025-09-08 07:48:02,0.0
GEOP_20260402.csv,2025-09-08 07:51:02,0.0
GEOP_20260402.csv,2025-09-08 07:54:02,0.0
GEOP_20260402.csv,2025-09-08 07:57:02,0.0
GEOP_20260402.csv,2025-09-08 08:00:02,0.0
GEOP_20260402.csv,2025-09-08 08:03:02,0.0
GEOP_20260402.csv,2025-09-08 08:06:02,0.0
GEOP_20260402.csv,2025-09-08 08:09:02,0.0
GEOP_20260402.csv,2025-09-08 08:12:02,0.0
GEOP_20260402.csv,2025-09-08 08:15:02,0.0
GEOP_20260402.csv,2025-09-08 08:18:02,0.0
GEOP_20260402.csv,2025-09-08 08:21:02,0.0
GEOP_20260402.csv,2025-09-08 08:24:02,0.0
GEOP_20260402.csv,2025-09-08 08:27:02,0.0
GEOP_20260402.csv,2025-09-08 08:30:02,0.0
GEOP_20260402.csv,2025-09-08 08:33:02,0.0
GEOP_20260402.csv,2025-09-08 08:36:02,0.0
GEOP_20260402.csv,2025-09-08 08:39:02,0.0
GEOP_20260402.csv,2025-09-08 08:42:02,0.0
GEOP_20260402.csv,2025-09-08 08:45:02,0.0
GEOP_20260402.csv,2025-09-08 08:48:02,0.0
GEOP_20260402.csv,2025-09-08 08:51:02,0.0
GEOP_20260402.csv,2025-09-08 08:54:02,0.0
GEOP_20260402.csv,2025-09-08 08:57:02,0.0
GEOP_20260402.csv,2025-09-08 09:00:02,0.0
GEOP_20260402.csv,2025-09-08 09:03:02,0.0
GEOP_20260402.csv,2025-09-08 09:06:02,0.0
GEOP_20260402.csv,2025-09-08 09:09:02,0.0
GEOP_20260402.csv,2025-09-08 09:12:02,0.0
GEOP_20260402.csv,2025-09-08 09:15:02,0.0
GEOP_20260402.csv,2025-09-08 09:18:02,0.0
GEOP_20260402.csv,2025-09-08 09:21:02,0.0
GEOP_20260402.csv,2025-09-08 09:24:02,0.0
GEOP_20260402.csv,2025-09-08 09:27:02,0.0
GEOP_20260402.csv,2025-09-08 09:30:02,0.0
GEOP_20260402.csv,2025-09-08 09:33:02,0.0
GEOP_20260402.csv,2025-09-08 09:36:02,0.0
GEOP_20260402.csv,2025-09-08 09:39:02,0.0
GEOP_20260402.csv,2025-09-08 09:42:02,0.0
GEOP_20260402.csv,2025-09-08 09:45:02,0.0
GEOP_20260402.csv,2025-09-08 09:48:02,0.0
GEOP_20260402.csv,2025-09-08 09:51:02,0.0
GEOP_20260402.csv,2025-09-08 09:54:02,0.0
GEOP_20260402.csv,2025-09-08 09:57:02,0.0
GEOP_20260402.csv,2025-09-08 10:00:02,0.0
GEOP_20260402.csv,2025-09-08 10:03:02,0.0
GEOP_20260402.csv,2025-09-08 10:06:02,0.0
GEOP_20260402.csv,2025-09-08 10:09:02,0.0
GEOP_20260402.csv,2025-09-08 10:12:02,0.0
GEOP_20260402.csv,2025-09-08 10:15:02,0.0
GEOP_20260402.csv,2025-09-08 10:18:02,0.0
GEOP_20260402.csv,2025-09-08 10:21:02,0.0
GEOP_20260402.csv,2025-09-08 10:24:02,0.0
GEOP_20260402.csv,2025-09-08 10:27:02,0.0
GEOP_20260402.csv,2025-09-08 10:30:02,0.0
GEOP_20260402.csv,2025-09-08 10:33:02,0.0
GEOP_20260402.csv,2025-09-08 10:36:02,0.0
GEOP_20260402.csv,2025-09-08 10:39:02,0.0
GEOP_20260402.csv,2025-09-08 10:42:02,0.0
GEOP_20260402.csv,2025-09-08 10:45:02,0.0
GEOP_20260402.csv,2025-09-08 10:48:02,0.0
GEOP_20260402.csv,2025-09-08 10:51:02,0.0
GEOP_20260402.csv,2025-09-08 10:54:02,0.05
GEOP_20260402.csv,2025-09-08 10:57:02,0.05
GEOP_20260402.csv,2025-09-08 11:00:02,0.03
GEOP_20260402.csv,2025-09-08 11:03:02,0.02
GEOP_20260402.csv,2025-09-08 11:06:02,0.01
GEOP_20260402.csv,2025-09-08 11:09:02,0.0
GEOP_20260402.csv,2025-09-08 11:12:02,0.0
GEOP_20260402.csv,2025-09-08 11:15:02,0.01
GEOP_20260402.csv,2025-09-08 11:18:02,0.0
GEOP_20260402.csv,2025-09-08 11:21:02,0.0
GEOP_20260402.csv,2025-09-08 11:24:02,0.0
GEOP_20260402.csv,2025-09-08 11:27:02,0.0
GEOP_20260402.csv,2025-09-08 11:30:02,0.0
GEOP_20260402.csv,2025-09-08 11:33:02,0.0
GEOP_20260402.csv,2025-09-08 11:36:02,0.0
GEOP_20260402.csv,2025-09-08 11:39:02,0.0
GEOP_20260402.csv,2025-09-08 11:42:02,0.0
GEOP_20260402.csv,2025-09-08 11:45:02,0.0
GEOP_20260402.csv,2025-09-08 11:48:02,0.0
GEOP_20260402.csv,2025-09-08 11:51:02,0.0
GEOP_20260402.csv,2025-09-08 11:54:02,0.0
GEOP_20260402.csv,2025-09-08 11:57:02,0.0
GEOP_20260402.csv,2025-09-08 12:00:02,0.0
GEOP_20260402.csv,2025-09-08 12:03:02,0.0
GEOP_20260402.csv,2025-09-08 12:06:02,0.0
GEOP_20260402.csv,2025-09-08 12:09:02,0.0
GEOP_20260402.csv,2025-09-08 12:12:02,0.0
GEOP_20260402.csv,2025-09-08 12:15:02,0.0
GEOP_20260402.csv,2025-09-08 12:18:02,0.0
GEOP_20260402.csv,2025-09-08 12:21:02,0.0
GEOP_20260402.csv,2025-09-08 12:24:02,0.0
GEOP_20260402.csv,2025-09-08 12:27:02,0.0
GEOP_20260402.csv,2025-09-08 12:30:02,0.0
GEOP_20260402.csv,2025-09-08 12:33:02,0.0
GEOP_20260402.csv,2025-09-08 12:36:02,0.0
GEOP_20260402.csv,2025-09-08 12:39:02,0.0
GEOP_20260402.csv,2025-09-08 12:42:02,0.0
GEOP_20260402.csv,2025-09-08 12:45:02,0.0
GEOP_20260402.csv,2025-09-08 12:48:02,0.0
GEOP_20260402.csv,2025-09-08 12:51:02,0.0
GEOP_20260402.csv,2025-09-08 12:54:02,0.0
GEOP_20260402.csv,2025-09-08 12:57:02,0.0
GEOP_20260402.csv,2025-09-08 13:00:02,0.0
GEOP_20260402.csv,2025-09-08 13:03:02,0.0
GEOP_20260402.csv,2025-09-08 13:06:02,0.0
GEOP_20260402.csv,2025-09-08 13:09:02,0.0
GEOP_20260402.csv,2025-09-08 13:12:02,0.0
GEOP_20260402.csv,2025-09-08 13:15:02,0.0
GEOP_20260402.csv,2025-09-08 13:18:02,0.0
GEOP_20260402.csv,2025-09-08 13:21:01,0.0
GEOP_20260402.csv,2025-09-08 13:24:01,0.0
GEOP_20260402.csv,2025-09-08 13:27:01,0.0
GEOP_20260402.csv,2025-09-08 13:30:01,0.0
GEOP_20260402.csv,2025-09-08 13:33:01,0.0
GEOP_20260402.csv,2025-09-08 13:36:01,0.0
GEOP_20260402.csv,2025-09-08 13:39:01,0.0
GEOP_20260402.csv,2025-09-08 13:42:01,0.0
GEOP_20260402.csv,2025-09-08 13:45:01,0.0
GEOP_20260402.csv,2025-09-08 13:48:01,0.0
GEOP_20260402.csv,2025-09-08 13:51:01,0.0
GEOP_20260402.csv,2025-09-08 13:54:01,0.0
GEOP_20260402.csv,2025-09-08 13:57:01,0.0
GEOP_20260402.csv,2025-09-08 14:00:01,0.0
GEOP_20260402.csv,2025-09-08 14:03:01,0.0
GEOP_20260402.csv,2025-09-08 14:06:01,0.0
GEOP_20260402.csv,2025-09-08 14:09:01,0.0
GEOP_20260402.csv,2025-09-08 14:12:01,0.0
GEOP_20260402.csv,2025-09-08 14:15:01,0.0
GEOP_20260402.csv,2025-09-08 14:18:01,0.0
GEOP_20260402.csv,2025-09-08 14:21:01,0.0
GEOP_20260402.csv,2025-09-08 14:24:01,0.0
GEOP_20260402.csv,2025-09-08 14:27:01,0.0
GEOP_20260402.csv,2025-09-08 14:30:01,0.0
GEOP_20260402.csv,2025-09-08 14:33:01,0.0
GEOP_20260402.csv,2025-09-08 14:36:01,0.0
GEOP_20260402.csv,2025-09-08 14:39:01,0.0
GEOP_20260402.csv,2025-09-08 14:42:01,0.0
GEOP_20260402.csv,2025-09-08 14:45:01,0.0
GEOP_20260402.csv,2025-09-08 14:48:01,0.0
GEOP_20260402.csv,2025-09-08 14:51:01,0.0
GEOP_20260402.csv,2025-09-08 14:54:01,0.0
GEOP_20260402.csv,2025-09-08 14:57:01,0.0
GEOP_20260402.csv,2025-09-08 15:00:01,0.0
GEOP_20260402.csv,2025-09-08 15:03:01,0.0
GEOP_20260402.csv,2025-09-08 15:06:01,0.0
GEOP_20260402.csv,2025-09-08 15:09:01,0.0
GEOP_20260402.csv,2025-09-08 15:12:01,0.0
GEOP_20260402.csv,2025-09-08 15:15:01,0.0
GEOP_20260402.csv,2025-09-08 15:18:01,0.0
GEOP_20260402.csv,2025-09-08 15:21:01,0.0
GEOP_20260402.csv,2025-09-08 15:24:01,0.0
GEOP_20260402.csv,2025-09-08 15:27:01,0.0
GEOP_20260402.csv,2025-09-08 15:30:01,0.0
GEOP_20260402.csv,2025-09-08 15:33:01,0.0
GEOP_20260402.csv,2025-09-08 15:36:01,0.0
GEOP_20260402.csv,2025-09-08 15:39:01,0.0
GEOP_20260402.csv,2025-09-08 15:42:01,0.0
GEOP_20260402.csv,2025-09-08 15:45:01,0.0
GEOP_20260402.csv,2025-09-08 15:48:01,0.0
GEOP_20260402.csv,2025-09-08 15:51:01,0.0
GEOP_20260402.csv,2025-09-08 15:54:01,0.0
GEOP_20260402.csv,2025-09-08 15:57:01,0.0
GEOP_20260402.csv,2025-09-08 16:00:01,0.0
GEOP_20260402.csv,2025-09-08 16:03:01,0.01
GEOP_20260402.csv,2025-09-08 16:06:01,0.0
GEOP_20260402.csv,2025-09-08 16:09:01,0.0
GEOP_20260402.csv,2025-09-08 16:12:01,0.0
GEOP_20260402.csv,2025-09-08 16:15:01,0.0
GEOP_20260402.csv,2025-09-08 16:18:01,0.0
GEOP_20260402.csv,2025-09-08 16:21:01,0.0
GEOP_20260402.csv,2025-09-08 16:24:01,0.0
GEOP_20260402.csv,2025-09-08 16:27:01,0.0
GEOP_20260402.csv,2025-09-08 16:30:01,0.0
GEOP_20260402.csv,2025-09-08 16:33:01,0.0
GEOP_20260402.csv,2025-09-08 16:36:01,0.0
GEOP_20260402.csv,2025-09-08 16:39:01,0.0
GEOP_20260402.csv,2025-09-08 16:42:01,0.0
GEOP_20260402.csv,2025-09-08 16:45:01,0.0
GEOP_20260402.csv,2025-09-08 16:48:01,0.0
GEOP_20260402.csv,2025-09-08 16:51:01,0.0
GEOP_20260402.csv,2025-09-08 16:54:01,0.0
GEOP_20260402.csv,2025-09-08 16:57:01,0.0
GEOP_20260402.csv,2025-09-08 17:00:01,0.0
GEOP_20260402.csv,2025-09-08 17:03:01,0.0
GEOP_20260402.csv,2025-09-08 17:06:01,0.0
GEOP_20260402.csv,2025-09-08 17:09:01,0.0
GEOP_20260402.csv,2025-09-08 17:12:01,0.0
GEOP_20260402.csv,2025-09-08 17:15:01,0.0
GEOP_20260402.csv,2025-09-08 17:18:01,0.0
GEOP_20260402.csv,2025-09-08 17:21:01,0.0
GEOP_20260402.csv,2025-09-08 17:24:01,0.0
GEOP_20260402.csv,2025-09-08 17:27:01,0.0
GEOP_20260402.csv,2025-09-08 17:30:01,0.0
GEOP_20260402.csv,2025-09-08 17:33:01,0.0
GEOP_20260402.csv,2025-09-08 17:36:01,0.0
GEOP_20260402.csv,2025-09-08 17:39:01,0.0
GEOP_20260402.csv,2025-09-08 17:42:01,0.0
GEOP_20260402.csv,2025-09-08 17:45:01,0.0
GEOP_20260402.csv,2025-09-08 17:48:01,0.0
GEOP_20260402.csv,2025-09-08 17:51:01,0.0
GEOP_20260402.csv,2025-09-08 17:54:01,0.0
GEOP_20260402.csv,2025-09-08 17:57:01,0.0
GEOP_20260402.csv,2025-09-08 18:00:01,0.0
GEOP_20260402.csv,2025-09-08 18:03:01,0.0
GEOP_20260402.csv,2025-09-08 18:06:01,0.0
GEOP_20260402.csv,2025-09-08 18:09:01,0.0
GEOP_20260402.csv,2025-09-08 18:12:01,0.0
GEOP_20260402.csv,2025-09-08 18:15:01,0.0
GEOP_20260402.csv,2025-09-08 18:18:01,0.0
GEOP_20260402.csv,2025-09-08 18:21:01,0.0
GEOP_20260402.csv,2025-09-08 18:24:01,0.0
GEOP_20260402.csv,2025-09-08 18:27:01,0.0
GEOP_20260402.csv,2025-09-08 18:30:01,0.0
GEOP_20260402.csv,2025-09-08 18:33:01,0.0
GEOP_20260402.csv,2025-09-08 18:36:01,0.0
GEOP_20260402.csv,2025-09-08 18:39:01,0.0
GEOP_20260402.csv,2025-09-08 18:42:01,0.0
GEOP_20260402.csv,2025-09-08 18:45:01,0.0
GEOP_20260402.csv,2025-09-08 18:48:01,0.0
GEOP_20260402.csv,2025-09-08 18:51:01,0.0
GEOP_20260402.csv,2025-09-08 18:54:01,0.0
GEOP_20260402.csv,2025-09-08 18:57:01,0.0
GEOP_20260402.csv,2025-09-08 19:00:01,0.0
GEOP_20260402.csv,2025-09-08 19:03:01,0.0
GEOP_20260402.csv,2025-09-08 19:06:01,0.0
GEOP_20260402.csv,2025-09-08 19:09:01,0.0
GEOP_20260402.csv,2025-09-08 19:12:01,0.0
GEOP_20260402.csv,2025-09-08 19:15:01,0.0
GEOP_20260402.csv,2025-09-08 19:18:01,0.0
GEOP_20260402.csv,2025-09-08 19:21:01,0.0
GEOP_20260402.csv,2025-09-08 19:24:01,0.0
GEOP_20260402.csv,2025-09-08 19:27:01,0.0
GEOP_20260402.csv,2025-09-08 19:30:01,0.0
GEOP_20260402.csv,2025-09-08 19:33:01,0.0
GEOP_20260402.csv,2025-09-08 19:36:01,0.0
GEOP_20260402.csv,2025-09-08 19:39:01,0.0
GEOP_20260402.csv,2025-09-08 19:42:01,0.0
GEOP_20260402.csv,2025-09-08 19:45:01,0.0
GEOP_20260402.csv,2025-09-08 19:48:01,0.0
GEOP_20260402.csv,2025-09-08 19:51:01,0.0
GEOP_20260402.csv,2025-09-08 19:54:01,0.0
GEOP_20260402.csv,2025-09-08 19:57:01,0.0
GEOP_20260402.csv,2025-09-08 20:00:01,0.0
GEOP_20260402.csv,2025-09-08 20:03:01,0.0
GEOP_20260402.csv,2025-09-08 20:06:01,0.0
GEOP_20260402.csv,2025-09-08 20:09:01,0.0
GEOP_20260402.csv,2025-09-08 20:12:01,0.0
GEOP_20260402.csv,2025-09-08 20:15:01,0.0
GEOP_20260402.csv,2025-09-08 20:18:01,0.0
GEOP_20260402.csv,2025-09-08 20:21:01,0.0
GEOP_20260402.csv,2025-09-08 20:24:01,0.0
GEOP_20260402.csv,2025-09-08 20:27:01,0.0
GEOP_20260402.csv,2025-09-08 20:30:01,0.0
GEOP_20260402.csv,2025-09-08 20:33:01,0.0
GEOP_20260402.csv,2025-09-08 20:36:01,0.0
GEOP_20260402.csv,2025-09-08 20:39:01,0.0
GEOP_20260402.csv,2025-09-08 20:42:01,0.0
GEOP_20260402.csv,2025-09-08 20:45:01,0.0
GEOP_20260402.csv,2025-09-08 20:48:01,0.0
GEOP_20260402.csv,2025-09-08 20:51:01,0.0
GEOP_20260402.csv,2025-09-08 20:54:01,0.0
GEOP_20260402.csv,2025-09-08 20:57:01,0.0
GEOP_20260402.csv,2025-09-08 21:00:01,0.0
GEOP_20260402.csv,2025-09-08 21:03:01,0.0
GEOP_20260402.csv,2025-09-08 21:06:01,0.0
GEOP_20260402.csv,2025-09-08 21:09:01,0.0
GEOP_20260402.csv,2025-09-08 21:12:01,0.0
GEOP_20260402.csv,2025-09-08 21:15:01,0.0
GEOP_20260402.csv,2025-09-08 21:18:01,0.0
GEOP_20260402.csv,2025-09-08 21:21:01,0.0
GEOP_20260402.csv,2025-09-08 21:24:01,0.0
GEOP_20260402.csv,2025-09-08 21:27:01,0.0
GEOP_20260402.csv,2025-09-08 21:30:01,0.0
GEOP_20260402.csv,2025-09-08 21:33:01,0.0
GEOP_20260402.csv,2025-09-08 21:36:01,0.0
GEOP_20260402.csv,2025-09-08 21:39:01,0.0
GEOP_20260402.csv,2025-09-08 21:42:01,0.0
GEOP_20260402.csv,2025-09-08 21:45:01,0.0
GEOP_20260402.csv,2025-09-08 21:48:01,0.0
GEOP_20260402.csv,2025-09-08 21:51:01,0.0
GEOP_20260402.csv,2025-09-08 21:54:01,0.0
GEOP_20260402.csv,2025-09-08 21:57:01,0.0
GEOP_20260402.csv,2025-09-08 22:00:01,0.0
GEOP_20260402.csv,2025-09-08 22:03:01,0.0
GEOP_20260402.csv,2025-09-08 22:06:01,0.0
GEOP_20260402.csv,2025-09-08 22:09:01,0.0
GEOP_20260402.csv,2025-09-08 22:12:01,0.0
GEOP_20260402.csv,2025-09-08 22:15:01,0.0
GEOP_20260402.csv,2025-09-08 22:18:01,0.0
GEOP_20260402.csv,2025-09-08 22:21:01,0.0
GEOP_20260402.csv,2025-09-08 22:24:01,0.0
GEOP_20260402.csv,2025-09-08 22:27:01,0.0
GEOP_20260402.csv,2025-09-08 22:30:01,0.0
GEOP_20260402.csv,2025-09-08 22:33:01,0.0
GEOP_20260402.csv,2025-09-08 22:36:01,0.0
GEOP_20260402.csv,2025-09-08 22:39:01,0.0
GEOP_20260402.csv,2025-09-08 22:42:01,0.0
GEOP_20260402.csv,2025-09-08 22:45:01,0.0
GEOP_20260402.csv,2025-09-08 22:48:00,0.0
GEOP_20260402.csv,2025-09-08 22:51:00,0.0
GEOP_20260402.csv,2025-09-08 22:54:00,0.0
GEOP_20260402.csv,2025-09-08 22:57:00,0.0
GEOP_20260402.csv,2025-09-08 23:00:00,0.0
GEOP_20260402.csv,2025-09-08 23:03:00,0.0
GEOP_20260402.csv,2025-09-08 23:06:00,0.0
GEOP_20260402.csv,2025-09-08 23:09:00,0.0
GEOP_20260402.csv,2025-09-08 23:12:00,0.0
GEOP_20260402.csv,2025-09-08 23:15:00,0.0
GEOP_20260402.csv,2025-09-08 23:18:00,0.0
GEOP_20260402.csv,2025-09-08 23:21:00,0.0
GEOP_20260402.csv,2025-09-08 23:24:00,0.0
GEOP_20260402.csv,2025-09-08 23:27:00,0.0
GEOP_20260402.csv,2025-09-08 23:30:00,0.0
GEOP_20260402.csv,2025-09-08 23:33:00,0.0
GEOP_20260402.csv,2025-09-08 23:36:00,0.0
GEOP_20260402.csv,2025-09-08 23:39:00,0.0
GEOP_20260402.csv,2025-09-08 23:42:00,0.0
GEOP_20260402.csv,2025-09-08 23:45:00,0.0
GEOP_20260402.csv,2025-09-08 23:48:00,0.0
GEOP_20260402.csv,2025-09-08 23:51:00,0.0
GEOP_20260402.csv,2025-09-08 23:54:00,0.0
GEOP_20260402.csv,2025-09-08 23:57:00,0.0
GEOP_20260402.csv,2025-09-09 00:00:00,0.0
GEOP_20260402.csv,2025-09-09 00:03:00,0.0
GEOP_20260402.csv,2025-09-09 00:06:00,0.0
GEOP_20260402.csv,2025-09-09 00:09:00,0.0
GEOP_20260402.csv,2025-09-09 00:12:00,0.0
GEOP_20260402.csv,2025-09-09 00:15:00,0.0
GEOP_20260402.csv,2025-09-09 00:18:00,0.0
GEOP_20260402.csv,2025-09-09 00:21:00,0.0
GEOP_20260402.csv,2025-09-09 00:24:00,0.0
GEOP_20260402.csv,2025-09-09 00:27:00,0.0
GEOP_20260402.csv,2025-09-09 00:30:00,0.0
GEOP_20260402.csv,2025-09-09 00:33:00,0.0
GEOP_20260402.csv,2025-09-09 00:36:00,0.0
GEOP_20260402.csv,2025-09-09 00:39:00,0.0
GEOP_20260402.csv,2025-09-09 00:42:00,0.0
GEOP_20260402.csv,2025-09-09 00:45:00,0.0
GEOP_20260402.csv,2025-09-09 00:48:00,0.0
GEOP_20260402.csv,2025-09-09 00:51:00,0.73
GEOP_20260402.csv,2025-09-09 00:54:00,1.03
GEOP_20260402.csv,2025-09-09 00:57:00,0.9
GEOP_20260402.csv,2025-09-09 01:00:00,0.16
GEOP_20260402.csv,2025-09-09 01:03:00,0.38
GEOP_20260402.csv,2025-09-09 01:06:00,0.41000000000000003
GEOP_20260402.csv,2025-09-09 01:09:00,0.11
GEOP_20260402.csv,2025-09-09 01:12:00,0.4
GEOP_20260402.csv,2025-09-09 01:15:00,0.31
GEOP_20260402.csv,2025-09-09 01:18:00,0.35000000000000003
GEOP_20260402.csv,2025-09-09 01:21:00,0.39
GEOP_20260402.csv,2025-09-09 01:24:00,0.29
GEOP_20260402.csv,2025-09-09 01:27:00,0.18
GEOP_20260402.csv,2025-09-09 01:30:00,0.16
GEOP_20260402.csv,2025-09-09 01:33:00,0.25
GEOP_20260402.csv,2025-09-09 01:36:00,0.21
GEOP_20260402.csv,2025-09-09 01:39:00,0.1
GEOP_20260402.csv,2025-09-09 01:42:00,0.03
GEOP_20260402.csv,2025-09-09 01:45:00,0.01
GEOP_20260402.csv,2025-09-09 01:48:00,0.02
GEOP_20260402.csv,2025-09-09 01:51:00,0.04
GEOP_20260402.csv,2025-09-09 01:54:00,0.03
GEOP_20260402.csv,2025-09-09 01:57:00,0.01
GEOP_20260402.csv,2025-09-09 02:00:00,0.01
GEOP_20260402.csv,2025-09-09 02:03:00,0.07
GEOP_20260402.csv,2025-09-09 02:06:00,0.08
GEOP_20260402.csv,2025-09-09 02:09:00,0.05
GEOP_20260402.csv,2025-09-09 02:12:00,0.11
GEOP_20260402.csv,2025-09-09 02:15:00,0.19
GEOP_20260402.csv,2025-09-09 02:18:00,0.09
GEOP_20260402.csv,2025-09-09 02:21:00,0.03
GEOP_20260402.csv,2025-09-09 02:24:00,0.01
GEOP_20260402.csv,2025-09-09 02:27:00,0.11
GEOP_20260402.csv,2025-09-09 02:30:00,0.09
GEOP_20260402.csv,2025-09-09 02:33:00,0.05
GEOP_20260402.csv,2025-09-09 02:36:00,0.04
GEOP_20260402.csv,2025-09-09 02:39:00,0.04
GEOP_20260402.csv,2025-09-09 02:42:00,0.02
GEOP_20260402.csv,2025-09-09 02:45:00,0.01
GEOP_20260402.csv,2025-09-09 02:48:00,0.01
GEOP_20260402.csv,2025-09-09 02:51:00,0.01
GEOP_20260402.csv,2025-09-09 02:54:00,0.0
GEOP_20260402.csv,2025-09-09 02:57:00,0.0
GEOP_20260402.csv,2025-09-09 03:00:00,0.01
GEOP_20260402.csv,2025-09-09 03:03:00,0.0
GEOP_20260402.csv,2025-09-09 03:06:00,0.01
GEOP_20260402.csv,2025-09-09 03:09:00,0.01
GEOP_20260402.csv,2025-09-09 03:12:00,0.0
GEOP_20260402.csv,2025-09-09 03:15:00,0.03
GEOP_20260402.csv,2025-09-09 03:18:00,0.08
GEOP_20260402.csv,2025-09-09 03:21:00,0.14
GEOP_20260402.csv,2025-09-09 03:24:00,0.08
GEOP_20260402.csv,2025-09-09 03:27:00,0.04
GEOP_20260402.csv,2025-09-09 03:30:00,0.03
GEOP_20260402.csv,2025-09-09 03:33:00,0.02
GEOP_20260402.csv,2025-09-09 03:36:00,0.07
GEOP_20260402.csv,2025-09-09 03:39:00,0.2
GEOP_20260402.csv,2025-09-09 03:42:00,0.08
GEOP_20260402.csv,2025-09-09 03:45:00,0.14
GEOP_20260402.csv,2025-09-09 03:48:00,0.12
GEOP_20260402.csv,2025-09-09 03:51:00,0.09
GEOP_20260402.csv,2025-09-09 03:54:00,0.06
GEOP_20260402.csv,2025-09-09 03:57:00,0.17
GEOP_20260402.csv,2025-09-09 04:00:00,0.12
GEOP_20260402.csv,2025-09-09 04:03:00,0.12
GEOP_20260402.csv,2025-09-09 04:06:00,0.17
GEOP_20260402.csv,2025-09-09 04:09:00,0.06
GEOP_20260402.csv,2025-09-09 04:12:00,0.04
GEOP_20260402.csv,2025-09-09 04:15:00,0.09
GEOP_20260402.csv,2025-09-09 04:18:00,0.06
GEOP_20260402.csv,2025-09-09 04:21:00,0.04
GEOP_20260402.csv,2025-09-09 04:24:00,0.02
GEOP_20260402.csv,2025-09-09 04:27:00,0.01
GEOP_20260402.csv,2025-09-09 04:30:00,0.01
GEOP_20260402.csv,2025-09-09 04:33:00,0.01
GEOP_20260402.csv,2025-09-09 04:36:00,0.01
GEOP_20260402.csv,2025-09-09 04:39:00,0.0
GEOP_20260402.csv,2025-09-09 04:42:00,0.01
GEOP_20260402.csv,2025-09-09 04:45:00,0.0
GEOP_20260402.csv,2025-09-09 04:48:00,0.0
GEOP_20260402.csv,2025-09-09 04:51:00,0.0
GEOP_20260402.csv,2025-09-09 04:54:00,0.0
GEOP_20260402.csv,2025-09-09 04:57:00,0.01
GEOP_20260402.csv,2025-09-09 05:00:00,0.0
GEOP_20260402.csv,2025-09-09 05:03:00,0.0
GEOP_20260402.csv,2025-09-09 05:06:00,0.0
GEOP_20260402.csv,2025-09-09 05:09:00,0.0
GEOP_20260402.csv,2025-09-09 05:12:00,0.0
GEOP_20260402.csv,2025-09-09 05:15:00,0.0
GEOP_20260402.csv,2025-09-09 05:18:00,0.0
GEOP_20260402.csv,2025-09-09 05:21:00,0.01
GEOP_20260402.csv,2025-09-09 05:24:00,0.0
GEOP_20260402.csv,2025-09-09 05:27:00,0.02
GEOP_20260402.csv,2025-09-09 05:30:00,0.05
GEOP_20260402.csv,2025-09-09 05:33:00,0.02
GEOP_20260402.csv,2025-09-09 05:36:00,0.02
GEOP_20260402.csv,2025-09-09 05:39:00,0.01
