Source_File,DateTime,Precipitation
GEOP_20260402.csv,2025-12-18 07:05:30,0.0
GEOP_20260402.csv,2025-12-18 07:08:31,0.0
GEOP_20260402.csv,2025-12-18 07:11:30,0.0
GEOP_20260402.csv,2025-12-18 07:14:31,0.0
GEOP_20260402.csv,2025-12-18 07:20:31,0.0
GEOP_20260402.csv,2025-12-18 07:26:31,0.0
GEOP_20260402.csv,2025-12-18 07:29:30,0.0
GEOP_20260402.csv,2025-12-18 07:32:30,0.0
GEOP_20260402.csv,2025-12-18 07:35:30,0.0
GEOP_20260402.csv,2025-12-18 07:41:30,0.0
GEOP_20260402.csv,2025-12-18 07:50:30,0.0
GEOP_20260402.csv,2025-12-18 07:53:30,0.0
GEOP_20260402.csv,2025-12-18 07:56:30,0.0
GEOP_20260402.csv,2025-12-18 07:59:30,0.0
GEOP_20260402.csv,2025-12-18 08:14:30,0.0
GEOP_20260402.csv,2025-12-18 08:17:30,0.0
GEOP_20260402.csv,2025-12-18 08:23:30,0.0
GEOP_20260402.csv,2025-12-18 08:26:30,0.0
GEOP_20260402.csv,2025-12-18 08:29:30,0.0
GEOP_20260402.csv,2025-12-18 08:38:30,0.0
GEOP_20260402.csv,2025-12-18 08:41:30,0.0
GEOP_20260402.csv,2025-12-18 08:44:30,0.0
GEOP_20260402.csv,2025-12-18 08:47:30,0.0
GEOP_20260402.csv,2025-12-18 08:53:30,0.0
GEOP_20260402.csv,2025-12-18 08:56:30,0.0
GEOP_20260402.csv,2025-12-18 09:02:30,0.0
GEOP_20260402.csv,2025-12-18 09:05:30,0.0
GEOP_20260402.csv,2025-12-18 09:08:30,0.0
GEOP_20260402.csv,2025-12-18 09:11:30,0.0
GEOP_20260402.csv,2025-12-18 09:14:30,0.0
GEOP_20260402.csv,2025-12-18 09:17:30,0.0
GEOP_20260402.csv,2025-12-18 09:20:30,0.0
GEOP_20260402.csv,2025-12-18 09:26:30,0.0
GEOP_20260402.csv,2025-12-18 09:29:30,0.0
GEOP_20260402.csv,2025-12-18 09:32:30,0.0
GEOP_20260402.csv,2025-12-18 09:35:30,0.0
GEOP_20260402.csv,2025-12-18 09:41:30,0.0
GEOP_20260402.csv,2025-12-18 09:44:30,0.0
GEOP_20260402.csv,2025-12-18 09:50:30,0.0
GEOP_20260402.csv,2025-12-18 09:53:30,0.0
GEOP_20260402.csv,2025-12-18 09:56:30,0.0
GEOP_20260402.csv,2025-12-18 09:59:30,0.0
GEOP_20260402.csv,2025-12-18 10:02:30,0.0
GEOP_20260402.csv,2025-12-18 10:05:37,0.0
GEOP_20260402.csv,2025-12-18 10:08:30,0.0
GEOP_20260402.csv,2025-12-18 10:11:30,0.0
GEOP_20260402.csv,2025-12-18 10:14:37,0.0
GEOP_20260402.csv,2025-12-18 10:17:30,0.0
GEOP_20260402.csv,2025-12-18 10:20:30,0.0
GEOP_20260402.csv,2025-12-18 10:23:37,0.0
GEOP_20260402.csv,2025-12-18 10:26:30,0.0
GEOP_20260402.csv,2025-12-18 10:29:30,0.0
GEOP_20260402.csv,2025-12-18 10:32:30,0.0
GEOP_20260402.csv,2025-12-18 10:35:32,0.0
GEOP_20260402.csv,2025-12-18 10:38:30,0.0
GEOP_20260402.csv,2025-12-18 10:41:30,0.0
GEOP_20260402.csv,2025-12-18 10:44:30,0.0
GEOP_20260402.csv,2025-12-18 10:47:37,0.0
GEOP_20260402.csv,2025-12-18 10:50:30,0.0
GEOP_20260402.csv,2025-12-18 10:53:30,0.0
GEOP_20260402.csv,2025-12-18 10:56:30,0.0
GEOP_20260402.csv,2025-12-18 10:59:37,0.0
GEOP_20260402.csv,2025-12-18 11:02:30,0.0
GEOP_20260402.csv,2025-12-18 11:05:37,0.0
GEOP_20260402.csv,2025-12-18 11:08:37,0.0
GEOP_20260402.csv,2025-12-18 11:11:37,0.0
GEOP_20260402.csv,2025-12-18 11:14:37,0.0
GEOP_20260402.csv,2025-12-18 11:17:30,0.0
GEOP_20260402.csv,2025-12-18 11:20:30,0.0
GEOP_20260402.csv,2025-12-18 11:23:37,0.0
GEOP_20260402.csv,2025-12-18 11:26:30,0.0
GEOP_20260402.csv,2025-12-18 11:29:30,0.0
GEOP_20260402.csv,2025-12-18 11:32:37,0.0
GEOP_20260402.csv,2025-12-18 11:35:30,0.0
GEOP_20260402.csv,2025-12-18 11:38:37,0.0
GEOP_20260402.csv,2025-12-18 11:41:30,0.0
GEOP_20260402.csv,2025-12-18 11:44:30,0.0
GEOP_20260402.csv,2025-12-18 11:47:30,0.0
GEOP_20260402.csv,2025-12-18 11:50:30,0.0
GEOP_20260402.csv,2025-12-18 11:53:30,0.0
GEOP_20260402.csv,2025-12-18 11:56:30,0.0
GEOP_20260402.csv,2025-12-18 11:59:37,0.0
GEOP_20260402.csv,2025-12-18 12:02:37,0.0
GEOP_20260402.csv,2025-12-18 12:05:37,0.0
GEOP_20260402.csv,2025-12-18 12:08:30,0.0
GEOP_20260402.csv,2025-12-18 12:11:37,0.0
GEOP_20260402.csv,2025-12-18 12:14:37,0.0
GEOP_20260402.csv,2025-12-18 12:17:30,0.0
GEOP_20260402.csv,2025-12-18 12:20:30,0.0
GEOP_20260402.csv,2025-12-18 12:23:37,0.0
GEOP_20260402.csv,2025-12-18 12:26:30,0.0
GEOP_20260402.csv,2025-12-18 12:29:30,0.0
GEOP_20260402.csv,2025-12-18 12:32:30,0.0
GEOP_20260402.csv,2025-12-18 12:35:30,0.0
GEOP_20260402.csv,2025-12-18 12:38:30,0.0
GEOP_20260402.csv,2025-12-18 12:41:30,0.0
GEOP_20260402.csv,2025-12-18 12:44:30,0.0
GEOP_20260402.csv,2025-12-18 12:47:30,0.0
GEOP_20260402.csv,2025-12-18 12:50:30,0.0
GEOP_20260402.csv,2025-12-18 12:53:30,0.0
GEOP_20260402.csv,2025-12-18 12:59:37,0.0
GEOP_20260402.csv,2025-12-18 13:02:37,0.0
GEOP_20260402.csv,2025-12-18 13:05:30,0.0
GEOP_20260402.csv,2025-12-18 13:08:30,0.0
GEOP_20260402.csv,2025-12-18 13:11:30,0.0
GEOP_20260402.csv,2025-12-18 13:14:30,0.0
GEOP_20260402.csv,2025-12-18 13:17:30,0.0
GEOP_20260402.csv,2025-12-18 13:20:30,0.0
GEOP_20260402.csv,2025-12-18 13:23:37,0.0
GEOP_20260402.csv,2025-12-18 13:26:30,0.0
GEOP_20260402.csv,2025-12-18 13:29:30,0.0
GEOP_20260402.csv,2025-12-18 13:32:30,0.0
GEOP_20260402.csv,2025-12-18 13:35:30,0.0
GEOP_20260402.csv,2025-12-18 13:38:36,0.0
GEOP_20260402.csv,2025-12-18 13:41:30,0.0
GEOP_20260402.csv,2025-12-18 13:44:30,0.0
GEOP_20260402.csv,2025-12-18 13:47:30,0.0
GEOP_20260402.csv,2025-12-18 13:50:30,0.0
GEOP_20260402.csv,2025-12-18 13:53:30,0.0
GEOP_20260402.csv,2025-12-18 13:56:30,0.0
GEOP_20260402.csv,2025-12-18 13:59:30,0.0
GEOP_20260402.csv,2025-12-18 14:02:30,0.0
GEOP_20260402.csv,2025-12-18 14:08:30,0.0
GEOP_20260402.csv,2025-12-18 14:11:37,0.0
GEOP_20260402.csv,2025-12-18 14:14:30,0.0
GEOP_20260402.csv,2025-12-18 14:17:30,0.0
GEOP_20260402.csv,2025-12-18 14:20:30,0.0
GEOP_20260402.csv,2025-12-18 14:23:37,0.0
GEOP_20260402.csv,2025-12-18 14:26:30,0.0
GEOP_20260402.csv,2025-12-18 14:29:30,0.0
GEOP_20260402.csv,2025-12-18 14:32:30,0.0
GEOP_20260402.csv,2025-12-18 14:35:30,0.0
GEOP_20260402.csv,2025-12-18 14:38:30,0.0
GEOP_20260402.csv,2025-12-18 14:41:30,0.0
GEOP_20260402.csv,2025-12-18 14:44:30,0.0
GEOP_20260402.csv,2025-12-18 14:47:30,0.0
GEOP_20260402.csv,2025-12-18 14:50:30,0.0
GEOP_20260402.csv,2025-12-18 14:53:30,0.0
GEOP_20260402.csv,2025-12-18 14:56:30,0.0
GEOP_20260402.csv,2025-12-18 14:59:30,0.0
GEOP_20260402.csv,2025-12-18 15:02:30,0.0
GEOP_20260402.csv,2025-12-18 15:05:30,0.0
GEOP_20260402.csv,2025-12-18 15:11:30,0.0
GEOP_20260402.csv,2025-12-18 15:14:30,0.0
GEOP_20260402.csv,2025-12-18 15:17:30,0.0
GEOP_20260402.csv,2025-12-18 15:20:30,0.0
GEOP_20260402.csv,2025-12-18 15:29:30,0.0
GEOP_20260402.csv,2025-12-18 15:32:31,0.0
GEOP_20260402.csv,2025-12-18 15:35:30,0.0
GEOP_20260402.csv,2025-12-18 15:38:31,0.0
GEOP_20260402.csv,2025-12-18 15:44:30,0.0
GEOP_20260402.csv,2025-12-18 15:47:30,0.0
GEOP_20260402.csv,2025-12-18 15:50:30,0.0
GEOP_20260402.csv,2025-12-18 15:53:30,0.0
GEOP_20260402.csv,2025-12-18 15:56:30,0.0
GEOP_20260402.csv,2025-12-18 15:59:30,0.0
GEOP_20260402.csv,2025-12-18 16:02:30,0.0
GEOP_20260402.csv,2025-12-18 16:05:30,0.0
GEOP_20260402.csv,2025-12-18 16:08:30,0.0
GEOP_20260402.csv,2025-12-18 16:11:30,0.0
GEOP_20260402.csv,2025-12-18 16:14:30,0.0
GEOP_20260402.csv,2025-12-18 16:17:30,0.0
GEOP_20260402.csv,2025-12-18 16:20:30,0.0
GEOP_20260402.csv,2025-12-18 16:23:30,0.0
GEOP_20260402.csv,2025-12-18 16:26:30,0.0
GEOP_20260402.csv,2025-12-18 16:29:30,0.0
GEOP_20260402.csv,2025-12-18 16:32:30,0.0
GEOP_20260402.csv,2025-12-18 16:35:30,0.0
GEOP_20260402.csv,2025-12-18 16:38:30,0.0
GEOP_20260402.csv,2025-12-18 16:41:30,0.0
GEOP_20260402.csv,2025-12-18 16:44:30,0.0
GEOP_20260402.csv,2025-12-18 16:50:30,0.0
GEOP_20260402.csv,2025-12-18 16:53:30,0.0
GEOP_20260402.csv,2025-12-18 16:56:30,0.0
GEOP_20260402.csv,2025-12-18 16:59:30,0.0
GEOP_20260402.csv,2025-12-18 17:02:30,0.0
GEOP_20260402.csv,2025-12-18 17:05:30,0.0
GEOP_20260402.csv,2025-12-18 17:08:30,0.0
GEOP_20260402.csv,2025-12-18 17:11:30,0.0
GEOP_20260402.csv,2025-12-18 17:14:30,0.0
GEOP_20260402.csv,2025-12-18 17:17:30,0.0
GEOP_20260402.csv,2025-12-18 17:20:30,0.0
GEOP_20260402.csv,2025-12-18 17:23:30,0.0
GEOP_20260402.csv,2025-12-18 17:26:30,0.0
GEOP_20260402.csv,2025-12-18 17:29:30,0.0
GEOP_20260402.csv,2025-12-18 17:35:30,0.0
GEOP_20260402.csv,2025-12-18 17:38:30,0.0
GEOP_20260402.csv,2025-12-18 17:41:30,0.0
GEOP_20260402.csv,2025-12-18 17:44:30,0.0
GEOP_20260402.csv,2025-12-18 17:47:30,0.0
GEOP_20260402.csv,2025-12-18 17:53:30,0.0
GEOP_20260402.csv,2025-12-18 17:56:30,0.0
GEOP_20260402.csv,2025-12-18 17:59:30,0.0
GEOP_20260402.csv,2025-12-18 18:02:30,0.0
GEOP_20260402.csv,2025-12-18 18:11:30,0.0
GEOP_20260402.csv,2025-12-18 18:14:30,0.0
GEOP_20260402.csv,2025-12-18 18:17:30,0.0
GEOP_20260402.csv,2025-12-18 18:20:30,0.0
GEOP_20260402.csv,2025-12-18 18:23:30,0.0
GEOP_20260402.csv,2025-12-18 18:26:30,0.0
GEOP_20260402.csv,2025-12-18 18:29:30,0.0
GEOP_20260402.csv,2025-12-18 18:32:30,0.0
GEOP_20260402.csv,2025-12-18 18:38:30,0.0
GEOP_20260402.csv,2025-12-18 18:41:30,0.0
GEOP_20260402.csv,2025-12-18 18:44:30,0.0
GEOP_20260402.csv,2025-12-18 18:47:30,0.0
GEOP_20260402.csv,2025-12-18 18:50:31,0.0
GEOP_20260402.csv,2025-12-18 18:53:31,0.0
GEOP_20260402.csv,2025-12-18 18:56:31,0.0
GEOP_20260402.csv,2025-12-18 18:59:31,0.0
GEOP_20260402.csv,2025-12-18 19:02:31,0.0
GEOP_20260402.csv,2025-12-18 19:05:31,0.0
GEOP_20260402.csv,2025-12-18 19:08:31,0.0
GEOP_20260402.csv,2025-12-18 19:11:31,0.0
GEOP_20260402.csv,2025-12-18 19:14:31,0.0
GEOP_20260402.csv,2025-12-18 19:17:31,0.0
GEOP_20260402.csv,2025-12-18 19:20:31,0.0
GEOP_20260402.csv,2025-12-18 19:23:31,0.0
GEOP_20260402.csv,2025-12-18 19:26:31,0.0
GEOP_20260402.csv,2025-12-18 19:29:31,0.0
GEOP_20260402.csv,2025-12-18 19:35:31,0.0
GEOP_20260402.csv,2025-12-18 19:38:31,0.0
GEOP_20260402.csv,2025-12-18 19:41:31,0.0
GEOP_20260402.csv,2025-12-18 19:44:31,0.0
GEOP_20260402.csv,2025-12-18 19:47:31,0.0
GEOP_20260402.csv,2025-12-18 19:50:31,0.0
GEOP_20260402.csv,2025-12-18 19:53:31,0.0
GEOP_20260402.csv,2025-12-18 19:56:31,0.0
GEOP_20260402.csv,2025-12-18 19:59:31,0.0
GEOP_20260402.csv,2025-12-18 20:02:31,0.0
GEOP_20260402.csv,2025-12-18 20:05:31,0.0
GEOP_20260402.csv,2025-12-18 20:08:31,0.0
GEOP_20260402.csv,2025-12-18 20:11:31,0.0
GEOP_20260402.csv,2025-12-18 20:14:31,0.0
GEOP_20260402.csv,2025-12-18 20:17:31,0.0
GEOP_20260402.csv,2025-12-18 20:20:31,0.0
GEOP_20260402.csv,2025-12-18 20:23:31,0.0
GEOP_20260402.csv,2025-12-18 20:26:31,0.0
GEOP_20260402.csv,2025-12-18 20:29:31,0.0
GEOP_20260402.csv,2025-12-18 20:32:31,0.0
GEOP_20260402.csv,2025-12-18 20:35:31,0.0
GEOP_20260402.csv,2025-12-18 20:38:31,0.0
GEOP_20260402.csv,2025-12-18 20:41:31,0.0
GEOP_20260402.csv,2025-12-18 20:44:31,0.0
GEOP_20260402.csv,2025-12-18 20:47:31,0.0
GEOP_20260402.csv,2025-12-18 20:50:31,0.0
GEOP_20260402.csv,2025-12-18 20:53:31,0.0
GEOP_20260402.csv,2025-12-18 20:56:31,0.0
GEOP_20260402.csv,2025-12-18 20:59:31,0.0
GEOP_20260402.csv,2025-12-18 21:02:31,0.0
GEOP_20260402.csv,2025-12-18 21:05:31,0.0
GEOP_20260402.csv,2025-12-18 21:08:31,0.0
GEOP_20260402.csv,2025-12-18 21:11:31,0.0
GEOP_20260402.csv,2025-12-18 21:14:31,0.0
GEOP_20260402.csv,2025-12-18 21:17:31,0.0
GEOP_20260402.csv,2025-12-18 21:20:31,0.0
GEOP_20260402.csv,2025-12-18 21:23:31,0.0
GEOP_20260402.csv,2025-12-18 21:26:31,0.0
GEOP_20260402.csv,2025-12-18 21:29:31,0.0
GEOP_20260402.csv,2025-12-18 21:32:31,0.0
GEOP_20260402.csv,2025-12-18 21:35:31,0.0
GEOP_20260402.csv,2025-12-18 21:38:31,0.0
GEOP_20260402.csv,2025-12-18 21:41:31,0.0
GEOP_20260402.csv,2025-12-18 21:44:31,0.0
GEOP_20260402.csv,2025-12-18 21:47:31,0.0
GEOP_20260402.csv,2025-12-18 21:50:31,0.0
GEOP_20260402.csv,2025-12-18 21:53:31,0.0
GEOP_20260402.csv,2025-12-18 21:56:31,0.0
GEOP_20260402.csv,2025-12-18 21:59:31,0.0
GEOP_20260402.csv,2025-12-18 22:02:31,0.0
GEOP_20260402.csv,2025-12-18 22:08:31,0.0
GEOP_20260402.csv,2025-12-18 22:11:31,0.0
GEOP_20260402.csv,2025-12-18 22:14:31,0.0
GEOP_20260402.csv,2025-12-18 22:17:31,0.0
GEOP_20260402.csv,2025-12-18 22:20:31,0.0
GEOP_20260402.csv,2025-12-18 22:23:31,0.0
GEOP_20260402.csv,2025-12-18 22:26:31,0.0
GEOP_20260402.csv,2025-12-18 22:29:31,0.0
GEOP_20260402.csv,2025-12-18 22:32:31,0.0
GEOP_20260402.csv,2025-12-18 22:35:31,0.0
GEOP_20260402.csv,2025-12-18 22:41:31,0.0
GEOP_20260402.csv,2025-12-18 22:44:31,0.0
GEOP_20260402.csv,2025-12-18 22:47:31,0.0
GEOP_20260402.csv,2025-12-18 22:50:31,0.0
GEOP_20260402.csv,2025-12-18 22:53:31,0.0
GEOP_20260402.csv,2025-12-18 22:56:31,0.0
GEOP_20260402.csv,2025-12-18 22:59:31,0.0
GEOP_20260402.csv,2025-12-18 23:02:31,0.0
GEOP_20260402.csv,2025-12-18 23:05:31,0.0
GEOP_20260402.csv,2025-12-18 23:08:31,0.0
GEOP_20260402.csv,2025-12-18 23:11:31,0.0
GEOP_20260402.csv,2025-12-18 23:14:31,0.0
GEOP_20260402.csv,2025-12-18 23:17:31,0.0
GEOP_20260402.csv,2025-12-18 23:20:31,0.0
GEOP_20260402.csv,2025-12-18 23:23:31,0.0
GEOP_20260402.csv,2025-12-18 23:26:31,0.0
GEOP_20260402.csv,2025-12-18 23:29:31,0.0
GEOP_20260402.csv,2025-12-18 23:32:31,0.0
GEOP_20260402.csv,2025-12-18 23:35:31,0.0
GEOP_20260402.csv,2025-12-18 23:38:31,0.0
GEOP_20260402.csv,2025-12-18 23:41:31,0.0
GEOP_20260402.csv,2025-12-18 23:44:31,0.0
GEOP_20260402.csv,2025-12-18 23:47:31,0.0
GEOP_20260402.csv,2025-12-18 23:50:31,0.0
GEOP_20260402.csv,2025-12-18 23:53:31,0.0
GEOP_20260402.csv,2025-12-18 23:56:31,0.0
GEOP_20260402.csv,2025-12-18 23:59:31,0.0
GEOP_20260402.csv,2025-12-19 00:02:31,0.0
GEOP_20260402.csv,2025-12-19 00:05:31,0.0
GEOP_20260402.csv,2025-12-19 00:08:31,0.0
GEOP_20260402.csv,2025-12-19 00:11:31,0.0
GEOP_20260402.csv,2025-12-19 00:14:31,0.0
GEOP_20260402.csv,2025-12-19 00:17:31,0.0
GEOP_20260402.csv,2025-12-19 00:20:31,0.0
GEOP_20260402.csv,2025-12-19 00:23:31,0.0
GEOP_20260402.csv,2025-12-19 00:26:31,0.0
GEOP_20260402.csv,2025-12-19 00:29:31,0.0
GEOP_20260402.csv,2025-12-19 00:32:31,0.0
GEOP_20260402.csv,2025-12-19 00:35:31,0.0
GEOP_20260402.csv,2025-12-19 00:38:31,0.0
GEOP_20260402.csv,2025-12-19 00:41:31,0.0
GEOP_20260402.csv,2025-12-19 00:44:31,0.0
GEOP_20260402.csv,2025-12-19 00:47:31,0.0
GEOP_20260402.csv,2025-12-19 00:50:31,0.0
GEOP_20260402.csv,2025-12-19 00:53:31,0.0
GEOP_20260402.csv,2025-12-19 00:56:31,0.0
GEOP_20260402.csv,2025-12-19 00:59:31,0.0
GEOP_20260402.csv,2025-12-19 01:02:31,0.0
GEOP_20260402.csv,2025-12-19 01:05:31,0.0
GEOP_20260402.csv,2025-12-19 01:08:30,0.0
GEOP_20260402.csv,2025-12-19 01:11:31,0.0
GEOP_20260402.csv,2025-12-19 01:14:30,0.0
GEOP_20260402.csv,2025-12-19 01:17:30,0.0
GEOP_20260402.csv,2025-12-19 01:20:30,0.0
GEOP_20260402.csv,2025-12-19 01:23:30,0.0
GEOP_20260402.csv,2025-12-19 01:26:30,0.0
GEOP_20260402.csv,2025-12-19 01:29:30,0.0
GEOP_20260402.csv,2025-12-19 01:32:30,0.0
GEOP_20260402.csv,2025-12-19 01:35:30,0.0
GEOP_20260402.csv,2025-12-19 01:38:30,0.0
GEOP_20260402.csv,2025-12-19 01:41:30,0.0
GEOP_20260402.csv,2025-12-19 01:44:30,0.0
GEOP_20260402.csv,2025-12-19 01:47:30,0.0
GEOP_20260402.csv,2025-12-19 01:50:30,0.0
GEOP_20260402.csv,2025-12-19 01:53:30,0.0
GEOP_20260402.csv,2025-12-19 01:56:30,0.0
GEOP_20260402.csv,2025-12-19 01:59:30,0.0
GEOP_20260402.csv,2025-12-19 02:02:30,0.0
GEOP_20260402.csv,2025-12-19 02:05:30,0.0
GEOP_20260402.csv,2025-12-19 02:08:30,0.0
GEOP_20260402.csv,2025-12-19 02:11:30,0.0
GEOP_20260402.csv,2025-12-19 02:14:30,0.0
GEOP_20260402.csv,2025-12-19 02:17:30,0.0
GEOP_20260402.csv,2025-12-19 02:20:30,0.0
GEOP_20260402.csv,2025-12-19 02:23:30,0.0
GEOP_20260402.csv,2025-12-19 02:26:30,0.0
GEOP_20260402.csv,2025-12-19 02:29:30,0.0
GEOP_20260402.csv,2025-12-19 02:32:30,0.0
GEOP_20260402.csv,2025-12-19 02:35:30,0.0
GEOP_20260402.csv,2025-12-19 02:39:27,0.0
GEOP_20260402.csv,2025-12-19 02:41:01,0.0
GEOP_20260402.csv,2025-12-19 02:44:01,0.0
GEOP_20260402.csv,2025-12-19 02:47:01,0.0
GEOP_20260402.csv,2025-12-19 02:50:01,0.0
GEOP_20260402.csv,2025-12-19 02:53:01,0.0
GEOP_20260402.csv,2025-12-19 02:56:01,0.0
GEOP_20260402.csv,2025-12-19 02:59:01,0.0
GEOP_20260402.csv,2025-12-19 03:02:01,0.0
GEOP_20260402.csv,2025-12-19 03:05:01,0.0
GEOP_20260402.csv,2025-12-19 03:08:01,0.0
GEOP_20260402.csv,2025-12-19 03:11:01,0.0
GEOP_20260402.csv,2025-12-19 03:14:01,0.0
GEOP_20260402.csv,2025-12-19 03:17:01,0.0
GEOP_20260402.csv,2025-12-19 03:20:01,0.0
GEOP_20260402.csv,2025-12-19 03:23:01,0.0
GEOP_20260402.csv,2025-12-19 03:26:01,0.0
GEOP_20260402.csv,2025-12-19 03:29:01,0.0
GEOP_20260402.csv,2025-12-19 03:32:01,0.0
GEOP_20260402.csv,2025-12-19 03:35:01,0.0
GEOP_20260402.csv,2025-12-19 03:38:01,0.0
GEOP_20260402.csv,2025-12-19 03:41:01,0.0
GEOP_20260402.csv,2025-12-19 03:44:01,0.0
GEOP_20260402.csv,2025-12-19 03:47:01,0.0
GEOP_20260402.csv,2025-12-19 03:50:01,0.0
GEOP_20260402.csv,2025-12-19 03:53:01,0.0
GEOP_20260402.csv,2025-12-19 03:56:01,0.0
GEOP_20260402.csv,2025-12-19 04:02:01,0.0
GEOP_20260402.csv,2025-12-19 04:11:01,0.0
GEOP_20260402.csv,2025-12-19 04:14:01,0.0
GEOP_20260402.csv,2025-12-19 04:17:01,0.0
GEOP_20260402.csv,2025-12-19 04:20:01,0.0
GEOP_20260402.csv,2025-12-19 04:26:00,0.0
GEOP_20260402.csv,2025-12-19 04:32:01,0.0
GEOP_20260402.csv,2025-12-19 04:35:01,0.0
GEOP_20260402.csv,2025-12-19 04:38:01,0.0
GEOP_20260402.csv,2025-12-19 04:41:00,0.0
GEOP_20260402.csv,2025-12-19 04:44:00,0.0
GEOP_20260402.csv,2025-12-19 04:50:00,0.0
GEOP_20260402.csv,2025-12-19 04:53:00,0.0
GEOP_20260402.csv,2025-12-19 04:56:00,0.0
GEOP_20260402.csv,2025-12-19 04:59:00,0.0
GEOP_20260402.csv,2025-12-19 05:02:00,0.0
GEOP_20260402.csv,2025-12-19 05:08:00,0.0
GEOP_20260402.csv,2025-12-19 05:11:00,0.0
GEOP_20260402.csv,2025-12-19 05:14:00,0.0
GEOP_20260402.csv,2025-12-19 05:17:00,0.0
GEOP_20260402.csv,2025-12-19 05:20:00,0.0
GEOP_20260402.csv,2025-12-19 05:23:00,0.0
GEOP_20260402.csv,2025-12-19 05:26:00,0.0
GEOP_20260402.csv,2025-12-19 05:29:00,0.0
GEOP_20260402.csv,2025-12-19 05:32:01,0.0
GEOP_20260402.csv,2025-12-19 05:35:00,0.0
GEOP_20260402.csv,2025-12-19 05:38:00,0.0
GEOP_20260402.csv,2025-12-19 05:44:00,0.0
GEOP_20260402.csv,2025-12-19 05:47:00,0.0
GEOP_20260402.csv,2025-12-19 05:50:00,0.0
GEOP_20260402.csv,2025-12-19 05:53:00,0.0
GEOP_20260402.csv,2025-12-19 05:56:00,0.0
GEOP_20260402.csv,2025-12-19 05:59:00,0.0
GEOP_20260402.csv,2025-12-19 06:02:00,0.0
GEOP_20260402.csv,2025-12-19 06:11:00,0.0
GEOP_20260402.csv,2025-12-19 06:14:00,0.0
GEOP_20260402.csv,2025-12-19 06:17:00,0.0
GEOP_20260402.csv,2025-12-19 06:20:00,0.0
GEOP_20260402.csv,2025-12-19 06:26:00,0.0
GEOP_20260402.csv,2025-12-19 06:35:00,0.0
GEOP_20260402.csv,2025-12-19 06:38:00,0.0
GEOP_20260402.csv,2025-12-19 06:41:00,0.0
GEOP_20260402.csv,2025-12-19 06:44:00,0.0
GEOP_20260402.csv,2025-12-19 06:50:00,0.0
GEOP_20260402.csv,2025-12-19 06:59:00,0.0
GEOP_20260402.csv,2025-12-19 07:02:00,0.0
GEOP_20260402.csv,2025-12-19 07:05:00,0.0
GEOP_20260402.csv,2025-12-19 07:08:00,0.0
GEOP_20260402.csv,2025-12-19 07:11:00,0.0
GEOP_20260402.csv,2025-12-19 07:14:00,0.0
GEOP_20260402.csv,2025-12-19 07:17:00,0.0
GEOP_20260402.csv,2025-12-19 07:23:00,0.0
GEOP_20260402.csv,2025-12-19 07:26:01,0.0
GEOP_20260402.csv,2025-12-19 07:29:01,0.0
GEOP_20260402.csv,2025-12-19 07:32:01,0.0
GEOP_20260402.csv,2025-12-19 07:35:01,0.0
GEOP_20260402.csv,2025-12-19 07:38:01,0.0
GEOP_20260402.csv,2025-12-19 07:41:01,0.0
GEOP_20260402.csv,2025-12-19 07:44:01,0.0
GEOP_20260402.csv,2025-12-19 07:50:01,0.0
GEOP_20260402.csv,2025-12-19 07:53:01,0.0
GEOP_20260402.csv,2025-12-19 07:56:01,0.0
GEOP_20260402.csv,2025-12-19 07:59:01,0.0
GEOP_20260402.csv,2025-12-19 08:02:01,0.0
GEOP_20260402.csv,2025-12-19 08:08:01,0.0
GEOP_20260402.csv,2025-12-19 08:11:01,0.0
GEOP_20260402.csv,2025-12-19 08:17:01,0.0
GEOP_20260402.csv,2025-12-19 08:20:01,0.0
GEOP_20260402.csv,2025-12-19 08:26:01,0.0
GEOP_20260402.csv,2025-12-19 08:29:01,0.0
GEOP_20260402.csv,2025-12-19 08:32:01,0.0
GEOP_20260402.csv,2025-12-19 08:35:01,0.0
GEOP_20260402.csv,2025-12-19 08:38:01,0.0
GEOP_20260402.csv,2025-12-19 08:41:01,0.0
GEOP_20260402.csv,2025-12-19 08:44:01,0.0
GEOP_20260402.csv,2025-12-19 08:47:01,0.0
GEOP_20260402.csv,2025-12-19 08:50:01,0.0
GEOP_20260402.csv,2025-12-19 08:53:01,0.0
GEOP_20260402.csv,2025-12-19 08:56:01,0.0
GEOP_20260402.csv,2025-12-19 08:59:01,0.0
GEOP_20260402.csv,2025-12-19 09:02:02,0.0
GEOP_20260402.csv,2025-12-19 09:05:02,0.0
GEOP_20260402.csv,2025-12-19 09:08:02,0.0
GEOP_20260402.csv,2025-12-19 09:11:02,0.0
GEOP_20260402.csv,2025-12-19 09:14:02,0.0
GEOP_20260402.csv,2025-12-19 09:17:02,0.0
GEOP_20260402.csv,2025-12-19 09:20:02,0.0
GEOP_20260402.csv,2025-12-19 09:23:02,0.0
GEOP_20260402.csv,2025-12-19 09:26:02,0.0
GEOP_20260402.csv,2025-12-19 09:29:02,0.0
GEOP_20260402.csv,2025-12-19 09:32:02,0.0
GEOP_20260402.csv,2025-12-19 09:35:02,0.0
GEOP_20260402.csv,2025-12-19 09:38:02,0.0
GEOP_20260402.csv,2025-12-19 09:41:02,0.0
GEOP_20260402.csv,2025-12-19 09:44:02,0.0
GEOP_20260402.csv,2025-12-19 09:47:02,0.0
GEOP_20260402.csv,2025-12-19 09:50:02,0.0
GEOP_20260402.csv,2025-12-19 09:53:02,0.0
GEOP_20260402.csv,2025-12-19 09:56:02,0.0
GEOP_20260402.csv,2025-12-19 09:59:02,0.0
GEOP_20260402.csv,2025-12-19 10:02:02,0.0
GEOP_20260402.csv,2025-12-19 10:08:02,0.0
GEOP_20260402.csv,2025-12-19 10:11:02,0.0
GEOP_20260402.csv,2025-12-19 10:14:01,0.0
GEOP_20260402.csv,2025-12-19 10:17:01,0.0
GEOP_20260402.csv,2025-12-19 10:20:02,0.0
GEOP_20260402.csv,2025-12-19 10:23:01,0.0
GEOP_20260402.csv,2025-12-19 10:26:01,0.0
GEOP_20260402.csv,2025-12-19 10:29:02,0.0
GEOP_20260402.csv,2025-12-19 10:32:01,0.0
GEOP_20260402.csv,2025-12-19 10:35:01,0.0
GEOP_20260402.csv,2025-12-19 10:38:01,0.0
GEOP_20260402.csv,2025-12-19 10:41:01,0.0
GEOP_20260402.csv,2025-12-19 10:44:01,0.0
GEOP_20260402.csv,2025-12-19 10:47:01,0.0
GEOP_20260402.csv,2025-12-19 10:50:01,0.0
GEOP_20260402.csv,2025-12-19 10:53:01,0.0
GEOP_20260402.csv,2025-12-19 10:56:01,0.0
GEOP_20260402.csv,2025-12-19 10:59:01,0.0
GEOP_20260402.csv,2025-12-19 11:02:01,0.0
GEOP_20260402.csv,2025-12-19 11:05:01,0.0
GEOP_20260402.csv,2025-12-19 11:08:01,0.0
GEOP_20260402.csv,2025-12-19 11:11:01,0.0
GEOP_20260402.csv,2025-12-19 11:14:01,0.0
GEOP_20260402.csv,2025-12-19 11:17:01,0.0
GEOP_20260402.csv,2025-12-19 11:20:01,0.0
GEOP_20260402.csv,2025-12-19 11:23:01,0.0
GEOP_20260402.csv,2025-12-19 11:26:01,0.0
GEOP_20260402.csv,2025-12-19 11:29:01,0.0
GEOP_20260402.csv,2025-12-19 11:32:01,0.0
GEOP_20260402.csv,2025-12-19 11:35:01,0.0
GEOP_20260402.csv,2025-12-19 11:38:01,0.0
GEOP_20260402.csv,2025-12-19 11:44:01,0.0
GEOP_20260402.csv,2025-12-19 11:47:01,0.0
GEOP_20260402.csv,2025-12-19 11:50:01,0.0
GEOP_20260402.csv,2025-12-19 11:53:01,0.0
GEOP_20260402.csv,2025-12-19 11:56:01,0.0
GEOP_20260402.csv,2025-12-19 11:59:01,0.0
GEOP_20260402.csv,2025-12-19 12:02:01,0.0
GEOP_20260402.csv,2025-12-19 12:05:01,0.0
GEOP_20260402.csv,2025-12-19 12:08:01,0.0
GEOP_20260402.csv,2025-12-19 12:11:01,0.0
GEOP_20260402.csv,2025-12-19 12:14:01,0.0
GEOP_20260402.csv,2025-12-19 12:17:01,0.0
GEOP_20260402.csv,2025-12-19 12:20:01,0.0
GEOP_20260402.csv,2025-12-19 12:23:01,0.0
GEOP_20260402.csv,2025-12-19 12:26:01,0.0
GEOP_20260402.csv,2025-12-19 12:29:01,0.0
GEOP_20260402.csv,2025-12-19 12:32:01,0.0
GEOP_20260402.csv,2025-12-19 12:35:01,0.0
GEOP_20260402.csv,2025-12-19 12:38:01,0.0
GEOP_20260402.csv,2025-12-19 12:41:01,0.0
GEOP_20260402.csv,2025-12-19 12:44:01,0.0
GEOP_20260402.csv,2025-12-19 12:47:01,0.0
GEOP_20260402.csv,2025-12-19 12:50:01,0.0
GEOP_20260402.csv,2025-12-19 12:53:01,0.0
GEOP_20260402.csv,2025-12-19 12:56:01,0.0
GEOP_20260402.csv,2025-12-19 12:59:01,0.0
GEOP_20260402.csv,2025-12-19 13:02:01,0.0
GEOP_20260402.csv,2025-12-19 13:05:01,0.0
GEOP_20260402.csv,2025-12-19 13:08:01,0.0
GEOP_20260402.csv,2025-12-19 13:11:01,0.0
GEOP_20260402.csv,2025-12-19 13:14:01,0.0
GEOP_20260402.csv,2025-12-19 13:17:01,0.0
GEOP_20260402.csv,2025-12-19 13:20:01,0.0
GEOP_20260402.csv,2025-12-19 13:23:01,0.0
GEOP_20260402.csv,2025-12-19 13:26:01,0.0
GEOP_20260402.csv,2025-12-19 13:29:01,0.0
GEOP_20260402.csv,2025-12-19 13:32:01,0.0
GEOP_20260402.csv,2025-12-19 13:35:01,0.0
GEOP_20260402.csv,2025-12-19 13:38:01,0.0
GEOP_20260402.csv,2025-12-19 13:41:01,0.0
GEOP_20260402.csv,2025-12-19 13:44:01,0.0
GEOP_20260402.csv,2025-12-19 13:47:01,0.0
GEOP_20260402.csv,2025-12-19 13:50:01,0.0
GEOP_20260402.csv,2025-12-19 13:53:01,0.0
GEOP_20260402.csv,2025-12-19 13:56:01,0.0
GEOP_20260402.csv,2025-12-19 13:59:01,0.0
GEOP_20260402.csv,2025-12-19 14:02:01,0.0
GEOP_20260402.csv,2025-12-19 14:05:01,0.0
GEOP_20260402.csv,2025-12-19 14:08:01,0.0
GEOP_20260402.csv,2025-12-19 14:11:01,0.0
GEOP_20260402.csv,2025-12-19 14:14:01,0.0
GEOP_20260402.csv,2025-12-19 14:17:01,0.0
GEOP_20260402.csv,2025-12-19 14:20:01,0.0
GEOP_20260402.csv,2025-12-19 14:23:01,0.0
GEOP_20260402.csv,2025-12-19 14:26:01,0.0
GEOP_20260402.csv,2025-12-19 14:29:01,0.0
GEOP_20260402.csv,2025-12-19 14:32:01,0.0
GEOP_20260402.csv,2025-12-19 14:35:01,0.0
GEOP_20260402.csv,2025-12-19 14:38:01,0.0
GEOP_20260402.csv,2025-12-19 14:41:01,0.0
GEOP_20260402.csv,2025-12-19 14:44:01,0.0
GEOP_20260402.csv,2025-12-19 14:47:01,0.0
GEOP_20260402.csv,2025-12-19 14:50:01,0.0
GEOP_20260402.csv,2025-12-19 14:53:01,0.0
GEOP_20260402.csv,2025-12-19 14:56:01,0.0
GEOP_20260402.csv,2025-12-19 14:59:01,0.0
GEOP_20260402.csv,2025-12-19 15:02:01,0.0
GEOP_20260402.csv,2025-12-19 15:05:01,0.0
GEOP_20260402.csv,2025-12-19 15:08:01,0.0
GEOP_20260402.csv,2025-12-19 15:11:01,0.0
GEOP_20260402.csv,2025-12-19 15:14:01,0.0
GEOP_20260402.csv,2025-12-19 15:17:01,0.0
GEOP_20260402.csv,2025-12-19 15:20:01,0.0
GEOP_20260402.csv,2025-12-19 15:23:01,0.0
GEOP_20260402.csv,2025-12-19 15:26:01,0.0
GEOP_20260402.csv,2025-12-19 15:29:02,0.0
GEOP_20260402.csv,2025-12-19 15:32:01,0.0
GEOP_20260402.csv,2025-12-19 15:35:01,0.0
GEOP_20260402.csv,2025-12-19 15:38:01,0.0
GEOP_20260402.csv,2025-12-19 15:44:01,0.0
GEOP_20260402.csv,2025-12-19 15:47:01,0.0
GEOP_20260402.csv,2025-12-19 15:50:01,0.0
GEOP_20260402.csv,2025-12-19 15:53:01,0.0
GEOP_20260402.csv,2025-12-19 15:56:01,0.0
GEOP_20260402.csv,2025-12-19 15:59:01,0.0
GEOP_20260402.csv,2025-12-19 16:02:01,0.0
GEOP_20260402.csv,2025-12-19 16:05:01,0.0
GEOP_20260402.csv,2025-12-19 16:08:01,0.0
GEOP_20260402.csv,2025-12-19 16:11:01,0.0
GEOP_20260402.csv,2025-12-19 16:14:01,0.0
GEOP_20260402.csv,2025-12-19 16:17:01,0.0
GEOP_20260402.csv,2025-12-19 16:20:01,0.0
GEOP_20260402.csv,2025-12-19 16:23:01,0.0
GEOP_20260402.csv,2025-12-19 16:26:01,0.0
GEOP_20260402.csv,2025-12-19 16:29:01,0.0
GEOP_20260402.csv,2025-12-19 16:32:01,0.0
GEOP_20260402.csv,2025-12-19 16:35:01,0.0
GEOP_20260402.csv,2025-12-19 16:38:01,0.0
GEOP_20260402.csv,2025-12-19 16:41:01,0.0
GEOP_20260402.csv,2025-12-19 16:44:01,0.0
GEOP_20260402.csv,2025-12-19 16:47:01,0.0
GEOP_20260402.csv,2025-12-19 16:50:01,0.0
GEOP_20260402.csv,2025-12-19 16:53:01,0.0
GEOP_20260402.csv,2025-12-19 16:56:01,0.0
GEOP_20260402.csv,2025-12-19 16:59:01,0.0
GEOP_20260402.csv,2025-12-19 17:02:01,0.0
GEOP_20260402.csv,2025-12-19 17:05:01,0.0
GEOP_20260402.csv,2025-12-19 17:08:01,0.0
GEOP_20260402.csv,2025-12-19 17:11:01,0.0
GEOP_20260402.csv,2025-12-19 17:14:01,0.0
GEOP_20260402.csv,2025-12-19 17:17:01,0.0
GEOP_20260402.csv,2025-12-19 17:20:01,0.0
GEOP_20260402.csv,2025-12-19 17:23:01,0.0
GEOP_20260402.csv,2025-12-19 17:26:01,0.0
GEOP_20260402.csv,2025-12-19 17:32:01,0.0
GEOP_20260402.csv,2025-12-19 17:35:01,0.0
GEOP_20260402.csv,2025-12-19 17:38:01,0.0
GEOP_20260402.csv,2025-12-19 17:41:01,0.0
GEOP_20260402.csv,2025-12-19 17:44:01,0.0
GEOP_20260402.csv,2025-12-19 17:47:01,0.0
GEOP_20260402.csv,2025-12-19 17:50:01,0.0
GEOP_20260402.csv,2025-12-19 17:53:01,0.0
GEOP_20260402.csv,2025-12-19 17:56:01,0.0
GEOP_20260402.csv,2025-12-19 17:59:01,0.0
GEOP_20260402.csv,2025-12-19 18:02:01,0.0
GEOP_20260402.csv,2025-12-19 18:05:01,0.0
GEOP_20260402.csv,2025-12-19 18:08:01,0.0
GEOP_20260402.csv,2025-12-19 18:11:01,0.0
GEOP_20260402.csv,2025-12-19 18:14:01,0.0
GEOP_20260402.csv,2025-12-19 18:17:01,0.0
GEOP_20260402.csv,2025-12-19 18:20:01,0.0
GEOP_20260402.csv,2025-12-19 18:23:01,0.0
GEOP_20260402.csv,2025-12-19 18:26:01,0.0
GEOP_20260402.csv,2025-12-19 18:29:01,0.0
GEOP_20260402.csv,2025-12-19 18:32:01,0.0
GEOP_20260402.csv,2025-12-19 18:35:01,0.0
GEOP_20260402.csv,2025-12-19 18:38:01,0.0
GEOP_20260402.csv,2025-12-19 18:41:01,0.0
GEOP_20260402.csv,2025-12-19 18:44:01,0.0
GEOP_20260402.csv,2025-12-19 18:47:01,0.0
GEOP_20260402.csv,2025-12-19 18:50:01,0.0
GEOP_20260402.csv,2025-12-19 18:53:01,0.0
GEOP_20260402.csv,2025-12-19 18:56:01,0.0
GEOP_20260402.csv,2025-12-19 18:59:01,0.0
GEOP_20260402.csv,2025-12-19 19:02:01,0.0
GEOP_20260402.csv,2025-12-19 19:05:01,0.0
GEOP_20260402.csv,2025-12-19 19:08:01,0.0
GEOP_20260402.csv,2025-12-19 19:11:01,0.0
GEOP_20260402.csv,2025-12-19 19:14:01,0.0
GEOP_20260402.csv,2025-12-19 19:17:01,0.0
GEOP_20260402.csv,2025-12-19 19:20:01,0.0
GEOP_20260402.csv,2025-12-19 19:23:01,0.0
GEOP_20260402.csv,2025-12-19 19:26:01,0.0
GEOP_20260402.csv,2025-12-19 19:29:01,0.0
GEOP_20260402.csv,2025-12-19 19:32:01,0.0
GEOP_20260402.csv,2025-12-19 19:35:01,0.0
GEOP_20260402.csv,2025-12-19 19:38:01,0.0
GEOP_20260402.csv,2025-12-19 19:41:01,0.0
GEOP_20260402.csv,2025-12-19 19:44:01,0.0
GEOP_20260402.csv,2025-12-19 19:47:01,0.0
GEOP_20260402.csv,2025-12-19 19:50:01,0.01
GEOP_20260402.csv,2025-12-19 19:53:01,0.0
GEOP_20260402.csv,2025-12-19 19:56:01,0.01
GEOP_20260402.csv,2025-12-19 19:59:01,0.0
GEOP_20260402.csv,2025-12-19 20:02:01,0.01
GEOP_20260402.csv,2025-12-19 20:05:01,0.0
GEOP_20260402.csv,2025-12-19 20:08:01,0.01
GEOP_20260402.csv,2025-12-19 20:11:01,0.0
GEOP_20260402.csv,2025-12-19 20:14:01,0.0
GEOP_20260402.csv,2025-12-19 20:17:01,0.0
GEOP_20260402.csv,2025-12-19 20:20:01,0.01
GEOP_20260402.csv,2025-12-19 20:23:01,0.0
GEOP_20260402.csv,2025-12-19 20:26:01,0.0
GEOP_20260402.csv,2025-12-19 20:29:01,0.01
GEOP_20260402.csv,2025-12-19 20:32:01,0.0
GEOP_20260402.csv,2025-12-19 20:35:01,0.0
GEOP_20260402.csv,2025-12-19 20:38:01,0.0
GEOP_20260402.csv,2025-12-19 20:41:01,0.01
GEOP_20260402.csv,2025-12-19 20:44:01,0.0
GEOP_20260402.csv,2025-12-19 20:47:01,0.0
GEOP_20260402.csv,2025-12-19 20:50:01,0.0
GEOP_20260402.csv,2025-12-19 20:53:01,0.01
GEOP_20260402.csv,2025-12-19 20:56:01,0.0
GEOP_20260402.csv,2025-12-19 20:59:01,0.0
GEOP_20260402.csv,2025-12-19 21:02:01,0.0
GEOP_20260402.csv,2025-12-19 21:08:01,0.01
GEOP_20260402.csv,2025-12-19 21:11:01,0.0
GEOP_20260402.csv,2025-12-19 21:14:01,0.0
GEOP_20260402.csv,2025-12-19 21:17:01,0.0
GEOP_20260402.csv,2025-12-19 21:20:01,0.0
GEOP_20260402.csv,2025-12-19 21:23:01,0.01
GEOP_20260402.csv,2025-12-19 21:26:01,0.0
GEOP_20260402.csv,2025-12-19 21:29:01,0.0
GEOP_20260402.csv,2025-12-19 21:32:01,0.01
GEOP_20260402.csv,2025-12-19 21:35:01,0.0
GEOP_20260402.csv,2025-12-19 21:38:01,0.01
GEOP_20260402.csv,2025-12-19 21:41:01,0.0
GEOP_20260402.csv,2025-12-19 21:44:01,0.0
GEOP_20260402.csv,2025-12-19 21:47:01,0.01
GEOP_20260402.csv,2025-12-19 21:50:01,0.0
GEOP_20260402.csv,2025-12-19 21:53:01,0.0
GEOP_20260402.csv,2025-12-19 21:56:01,0.0
GEOP_20260402.csv,2025-12-19 21:59:01,0.0
GEOP_20260402.csv,2025-12-19 22:02:01,0.01
GEOP_20260402.csv,2025-12-19 22:05:01,0.0
GEOP_20260402.csv,2025-12-19 22:08:01,0.0
GEOP_20260402.csv,2025-12-19 22:11:01,0.0
GEOP_20260402.csv,2025-12-19 22:14:01,0.0
GEOP_20260402.csv,2025-12-19 22:17:01,0.0
GEOP_20260402.csv,2025-12-19 22:20:01,0.0
GEOP_20260402.csv,2025-12-19 22:23:01,0.0
GEOP_20260402.csv,2025-12-19 22:26:01,0.0
GEOP_20260402.csv,2025-12-19 22:29:01,0.0
GEOP_20260402.csv,2025-12-19 22:32:01,0.0
GEOP_20260402.csv,2025-12-19 22:35:01,0.0
GEOP_20260402.csv,2025-12-19 22:38:01,0.0
GEOP_20260402.csv,2025-12-19 22:41:01,0.0
GEOP_20260402.csv,2025-12-19 22:44:01,0.0
GEOP_20260402.csv,2025-12-19 22:50:01,0.0
GEOP_20260402.csv,2025-12-19 22:53:01,0.0
GEOP_20260402.csv,2025-12-19 22:56:01,0.01
GEOP_20260402.csv,2025-12-19 22:59:00,0.0
GEOP_20260402.csv,2025-12-19 23:02:01,0.0
GEOP_20260402.csv,2025-12-19 23:05:01,0.0
GEOP_20260402.csv,2025-12-19 23:08:01,0.0
GEOP_20260402.csv,2025-12-19 23:11:00,0.05
GEOP_20260402.csv,2025-12-19 23:14:00,0.05
GEOP_20260402.csv,2025-12-19 23:17:01,0.07
GEOP_20260402.csv,2025-12-19 23:20:00,0.03
GEOP_20260402.csv,2025-12-19 23:23:00,0.02
GEOP_20260402.csv,2025-12-19 23:26:00,0.01
GEOP_20260402.csv,2025-12-19 23:29:00,0.01
GEOP_20260402.csv,2025-12-19 23:32:00,0.01
GEOP_20260402.csv,2025-12-19 23:35:00,0.0
GEOP_20260402.csv,2025-12-19 23:38:00,0.0
GEOP_20260402.csv,2025-12-19 23:41:00,0.01
GEOP_20260402.csv,2025-12-19 23:44:00,0.0
GEOP_20260402.csv,2025-12-19 23:47:00,0.0
GEOP_20260402.csv,2025-12-19 23:50:00,0.01
GEOP_20260402.csv,2025-12-19 23:53:00,0.0
GEOP_20260402.csv,2025-12-19 23:56:00,0.0
GEOP_20260402.csv,2025-12-19 23:59:00,0.0
GEOP_20260402.csv,2025-12-20 00:02:00,0.0
GEOP_20260402.csv,2025-12-20 00:05:00,0.01
GEOP_20260402.csv,2025-12-20 00:08:00,0.0
GEOP_20260402.csv,2025-12-20 00:11:00,0.0
GEOP_20260402.csv,2025-12-20 00:14:00,0.0
GEOP_20260402.csv,2025-12-20 00:17:00,0.0
GEOP_20260402.csv,2025-12-20 00:20:00,0.0
GEOP_20260402.csv,2025-12-20 00:23:00,0.0
GEOP_20260402.csv,2025-12-20 00:26:00,0.0
GEOP_20260402.csv,2025-12-20 00:29:00,0.0
GEOP_20260402.csv,2025-12-20 00:32:00,0.0
GEOP_20260402.csv,2025-12-20 00:35:00,0.0
GEOP_20260402.csv,2025-12-20 00:38:00,0.0
GEOP_20260402.csv,2025-12-20 00:41:00,0.0
GEOP_20260402.csv,2025-12-20 00:44:00,0.0
GEOP_20260402.csv,2025-12-20 00:47:00,0.01
GEOP_20260402.csv,2025-12-20 00:50:00,0.0
GEOP_20260402.csv,2025-12-20 00:53:00,0.0
GEOP_20260402.csv,2025-12-20 00:56:00,0.0
GEOP_20260402.csv,2025-12-20 00:59:00,0.0
GEOP_20260402.csv,2025-12-20 01:02:00,0.0
GEOP_20260402.csv,2025-12-20 01:05:00,0.0
GEOP_20260402.csv,2025-12-20 01:08:00,0.0
GEOP_20260402.csv,2025-12-20 01:11:00,0.0
GEOP_20260402.csv,2025-12-20 01:14:00,0.0
GEOP_20260402.csv,2025-12-20 01:17:00,0.0
GEOP_20260402.csv,2025-12-20 01:20:00,0.0
GEOP_20260402.csv,2025-12-20 01:23:00,0.0
GEOP_20260402.csv,2025-12-20 01:26:00,0.0
GEOP_20260402.csv,2025-12-20 01:29:00,0.0
GEOP_20260402.csv,2025-12-20 01:32:00,0.0
GEOP_20260402.csv,2025-12-20 01:35:00,0.0
GEOP_20260402.csv,2025-12-20 01:38:00,0.0
GEOP_20260402.csv,2025-12-20 01:44:00,0.0
GEOP_20260402.csv,2025-12-20 01:47:00,0.0
GEOP_20260402.csv,2025-12-20 01:50:00,0.0
GEOP_20260402.csv,2025-12-20 01:53:00,0.0
GEOP_20260402.csv,2025-12-20 01:56:00,0.0
GEOP_20260402.csv,2025-12-20 01:59:01,0.0
GEOP_20260402.csv,2025-12-20 02:02:00,0.0
GEOP_20260402.csv,2025-12-20 02:05:00,0.0
GEOP_20260402.csv,2025-12-20 02:08:00,0.0
GEOP_20260402.csv,2025-12-20 02:11:00,0.0
GEOP_20260402.csv,2025-12-20 02:14:00,0.0
GEOP_20260402.csv,2025-12-20 02:17:00,0.0
GEOP_20260402.csv,2025-12-20 02:20:00,0.0
GEOP_20260402.csv,2025-12-20 02:23:00,0.0
GEOP_20260402.csv,2025-12-20 02:26:00,0.0
GEOP_20260402.csv,2025-12-20 02:29:00,0.0
GEOP_20260402.csv,2025-12-20 02:32:00,0.0
GEOP_20260402.csv,2025-12-20 02:35:00,0.0
GEOP_20260402.csv,2025-12-20 02:38:00,0.0
GEOP_20260402.csv,2025-12-20 02:41:00,0.0
GEOP_20260402.csv,2025-12-20 02:44:00,0.0
GEOP_20260402.csv,2025-12-20 02:47:00,0.0
GEOP_20260402.csv,2025-12-20 02:50:00,0.0
GEOP_20260402.csv,2025-12-20 02:53:00,0.0
GEOP_20260402.csv,2025-12-20 02:56:00,0.0
GEOP_20260402.csv,2025-12-20 02:59:00,0.0
GEOP_20260402.csv,2025-12-20 03:02:00,0.0
GEOP_20260402.csv,2025-12-20 03:05:00,0.0
GEOP_20260402.csv,2025-12-20 03:08:00,0.0
GEOP_20260402.csv,2025-12-20 03:11:00,0.0
GEOP_20260402.csv,2025-12-20 03:14:00,0.0
GEOP_20260402.csv,2025-12-20 03:17:00,0.0
GEOP_20260402.csv,2025-12-20 03:20:00,0.0
GEOP_20260402.csv,2025-12-20 03:23:00,0.0
GEOP_20260402.csv,2025-12-20 03:26:00,0.0
GEOP_20260402.csv,2025-12-20 03:29:00,0.0
GEOP_20260402.csv,2025-12-20 03:32:00,0.0
GEOP_20260402.csv,2025-12-20 03:35:00,0.0
GEOP_20260402.csv,2025-12-20 03:38:00,0.0
GEOP_20260402.csv,2025-12-20 03:41:00,0.0
GEOP_20260402.csv,2025-12-20 03:44:00,0.0
GEOP_20260402.csv,2025-12-20 03:47:00,0.0
GEOP_20260402.csv,2025-12-20 03:50:00,0.0
GEOP_20260402.csv,2025-12-20 03:53:00,0.0
GEOP_20260402.csv,2025-12-20 03:56:00,0.0
GEOP_20260402.csv,2025-12-20 03:59:00,0.0
GEOP_20260402.csv,2025-12-20 04:02:00,0.0
GEOP_20260402.csv,2025-12-20 04:05:00,0.0
GEOP_20260402.csv,2025-12-20 04:08:00,0.0
GEOP_20260402.csv,2025-12-20 04:11:00,0.0
GEOP_20260402.csv,2025-12-20 04:14:00,0.0
GEOP_20260402.csv,2025-12-20 04:17:00,0.0
GEOP_20260402.csv,2025-12-20 04:20:00,0.0
GEOP_20260402.csv,2025-12-20 04:23:00,0.0
GEOP_20260402.csv,2025-12-20 04:26:00,0.0
GEOP_20260402.csv,2025-12-20 04:29:00,0.0
GEOP_20260402.csv,2025-12-20 04:32:00,0.0
GEOP_20260402.csv,2025-12-20 04:38:00,0.0
GEOP_20260402.csv,2025-12-20 04:41:00,0.0
GEOP_20260402.csv,2025-12-20 04:44:00,0.0
GEOP_20260402.csv,2025-12-20 04:47:54,0.0
GEOP_20260402.csv,2025-12-20 04:48:56,0.0
GEOP_20260402.csv,2025-12-20 04:51:56,0.0
GEOP_20260402.csv,2025-12-20 04:54:56,0.0
GEOP_20260402.csv,2025-12-20 04:57:56,0.0
GEOP_20260402.csv,2025-12-20 05:06:56,0.0
GEOP_20260402.csv,2025-12-20 05:09:56,0.0
GEOP_20260402.csv,2025-12-20 05:12:56,0.0
GEOP_20260402.csv,2025-12-20 05:18:56,0.0
GEOP_20260402.csv,2025-12-20 05:21:56,0.0
GEOP_20260402.csv,2025-12-20 05:30:56,0.0
GEOP_20260402.csv,2025-12-20 05:33:56,0.0
GEOP_20260402.csv,2025-12-20 05:36:56,0.0
GEOP_20260402.csv,2025-12-20 05:39:56,0.0
GEOP_20260402.csv,2025-12-20 05:42:56,0.0
GEOP_20260402.csv,2025-12-20 05:45:56,0.0
GEOP_20260402.csv,2025-12-20 05:48:56,0.0
GEOP_20260402.csv,2025-12-20 05:54:56,0.0
GEOP_20260402.csv,2025-12-20 05:57:56,0.0
GEOP_20260402.csv,2025-12-20 06:00:56,0.0
GEOP_20260402.csv,2025-12-20 06:03:56,0.0
GEOP_20260402.csv,2025-12-20 06:06:56,0.0
GEOP_20260402.csv,2025-12-20 06:09:56,0.0
GEOP_20260402.csv,2025-12-20 06:12:56,0.0
GEOP_20260402.csv,2025-12-20 06:15:56,0.0
GEOP_20260402.csv,2025-12-20 06:18:56,0.0
GEOP_20260402.csv,2025-12-20 06:21:56,0.0
GEOP_20260402.csv,2025-12-20 06:24:55,0.0
GEOP_20260402.csv,2025-12-20 06:27:55,0.0
GEOP_20260402.csv,2025-12-20 06:30:55,0.0
GEOP_20260402.csv,2025-12-20 06:33:56,0.0
GEOP_20260402.csv,2025-12-20 06:36:56,0.0
GEOP_20260402.csv,2025-12-20 06:39:56,0.0
GEOP_20260402.csv,2025-12-20 06:42:56,0.0
GEOP_20260402.csv,2025-12-20 06:45:56,0.0
GEOP_20260402.csv,2025-12-20 06:48:55,0.0
GEOP_20260402.csv,2025-12-20 06:51:56,0.0
GEOP_20260402.csv,2025-12-20 06:54:55,0.0
GEOP_20260402.csv,2025-12-20 06:57:56,0.0
GEOP_20260402.csv,2025-12-20 07:00:55,0.0
GEOP_20260402.csv,2025-12-20 07:06:55,0.0
GEOP_20260402.csv,2025-12-20 07:09:55,0.0
GEOP_20260402.csv,2025-12-20 07:12:55,0.0
GEOP_20260402.csv,2025-12-20 07:15:56,0.0
GEOP_20260402.csv,2025-12-20 07:18:55,0.0
GEOP_20260402.csv,2025-12-20 07:24:55,0.0
GEOP_20260402.csv,2025-12-20 07:30:55,0.0
GEOP_20260402.csv,2025-12-20 07:33:55,0.0
GEOP_20260402.csv,2025-12-20 07:36:55,0.0
GEOP_20260402.csv,2025-12-20 07:39:55,0.0
GEOP_20260402.csv,2025-12-20 07:42:55,0.0
GEOP_20260402.csv,2025-12-20 07:45:55,0.0
GEOP_20260402.csv,2025-12-20 07:48:55,0.0
GEOP_20260402.csv,2025-12-20 07:51:55,0.0
GEOP_20260402.csv,2025-12-20 07:54:55,0.0
GEOP_20260402.csv,2025-12-20 07:57:55,0.0
GEOP_20260402.csv,2025-12-20 08:00:55,0.0
GEOP_20260402.csv,2025-12-20 08:03:55,0.0
GEOP_20260402.csv,2025-12-20 08:09:55,0.0
GEOP_20260402.csv,2025-12-20 08:12:55,0.0
GEOP_20260402.csv,2025-12-20 08:15:55,0.0
GEOP_20260402.csv,2025-12-20 08:18:55,0.0
GEOP_20260402.csv,2025-12-20 08:21:55,0.0
GEOP_20260402.csv,2025-12-20 08:24:55,0.0
GEOP_20260402.csv,2025-12-20 08:27:56,0.0
GEOP_20260402.csv,2025-12-20 08:30:55,0.0
GEOP_20260402.csv,2025-12-20 08:33:55,0.0
GEOP_20260402.csv,2025-12-20 08:36:55,0.0
GEOP_20260402.csv,2025-12-20 08:42:55,0.0
GEOP_20260402.csv,2025-12-20 08:45:55,0.0
GEOP_20260402.csv,2025-12-20 08:48:55,0.0
GEOP_20260402.csv,2025-12-20 08:51:55,0.0
GEOP_20260402.csv,2025-12-20 08:54:56,0.0
GEOP_20260402.csv,2025-12-20 08:57:55,0.0
GEOP_20260402.csv,2025-12-20 09:00:55,0.0
GEOP_20260402.csv,2025-12-20 09:03:55,0.0
GEOP_20260402.csv,2025-12-20 09:06:56,0.0
GEOP_20260402.csv,2025-12-20 09:09:55,0.0
GEOP_20260402.csv,2025-12-20 09:12:55,0.0
GEOP_20260402.csv,2025-12-20 09:15:55,0.0
GEOP_20260402.csv,2025-12-20 09:18:55,0.0
GEOP_20260402.csv,2025-12-20 09:21:55,0.0
GEOP_20260402.csv,2025-12-20 09:27:55,0.0
GEOP_20260402.csv,2025-12-20 09:30:55,0.0
GEOP_20260402.csv,2025-12-20 09:33:56,0.0
GEOP_20260402.csv,2025-12-20 09:36:56,0.0
GEOP_20260402.csv,2025-12-20 09:39:56,0.0
GEOP_20260402.csv,2025-12-20 09:45:56,0.0
GEOP_20260402.csv,2025-12-20 09:48:56,0.0
GEOP_20260402.csv,2025-12-20 09:54:56,0.0
GEOP_20260402.csv,2025-12-20 09:57:56,0.0
GEOP_20260402.csv,2025-12-20 10:00:56,0.0
GEOP_20260402.csv,2025-12-20 10:03:56,0.0
GEOP_20260402.csv,2025-12-20 10:09:56,0.0
GEOP_20260402.csv,2025-12-20 10:12:56,0.0
GEOP_20260402.csv,2025-12-20 10:18:56,0.0
GEOP_20260402.csv,2025-12-20 10:21:56,0.0
GEOP_20260402.csv,2025-12-20 10:24:56,0.0
GEOP_20260402.csv,2025-12-20 10:27:56,0.0
GEOP_20260402.csv,2025-12-20 10:30:56,0.0
GEOP_20260402.csv,2025-12-20 10:33:56,0.0
GEOP_20260402.csv,2025-12-20 10:36:56,0.0
GEOP_20260402.csv,2025-12-20 10:42:56,0.0
GEOP_20260402.csv,2025-12-20 10:45:56,0.0
GEOP_20260402.csv,2025-12-20 10:48:56,0.0
GEOP_20260402.csv,2025-12-20 10:51:56,0.0
GEOP_20260402.csv,2025-12-20 10:57:56,0.0
GEOP_20260402.csv,2025-12-20 11:00:56,0.0
GEOP_20260402.csv,2025-12-20 11:06:56,0.0
GEOP_20260402.csv,2025-12-20 11:09:56,0.0
GEOP_20260402.csv,2025-12-20 11:12:56,0.0
GEOP_20260402.csv,2025-12-20 11:15:57,0.0
GEOP_20260402.csv,2025-12-20 11:18:56,0.0
GEOP_20260402.csv,2025-12-20 11:21:56,0.0
GEOP_20260402.csv,2025-12-20 11:24:57,0.0
GEOP_20260402.csv,2025-12-20 11:30:56,0.0
GEOP_20260402.csv,2025-12-20 11:33:56,0.0
GEOP_20260402.csv,2025-12-20 11:36:56,0.0
GEOP_20260402.csv,2025-12-20 11:39:56,0.0
GEOP_20260402.csv,2025-12-20 11:45:56,0.0
GEOP_20260402.csv,2025-12-20 11:48:56,0.0
GEOP_20260402.csv,2025-12-20 11:51:56,0.0
GEOP_20260402.csv,2025-12-20 11:54:56,0.0
GEOP_20260402.csv,2025-12-20 11:57:56,0.0
GEOP_20260402.csv,2025-12-20 12:00:56,0.0
GEOP_20260402.csv,2025-12-20 12:03:56,0.0
GEOP_20260402.csv,2025-12-20 12:06:56,0.0
GEOP_20260402.csv,2025-12-20 12:09:56,0.0
GEOP_20260402.csv,2025-12-20 12:12:56,0.0
GEOP_20260402.csv,2025-12-20 12:18:56,0.0
GEOP_20260402.csv,2025-12-20 12:21:56,0.0
GEOP_20260402.csv,2025-12-20 12:24:56,0.0
GEOP_20260402.csv,2025-12-20 12:27:56,0.0
GEOP_20260402.csv,2025-12-20 12:30:56,0.0
GEOP_20260402.csv,2025-12-20 12:33:56,0.0
GEOP_20260402.csv,2025-12-20 12:36:56,0.0
GEOP_20260402.csv,2025-12-20 12:39:56,0.0
GEOP_20260402.csv,2025-12-20 12:42:56,0.0
GEOP_20260402.csv,2025-12-20 12:45:56,0.0
GEOP_20260402.csv,2025-12-20 12:48:56,0.0
GEOP_20260402.csv,2025-12-20 12:51:56,0.0
GEOP_20260402.csv,2025-12-20 12:54:56,0.0
GEOP_20260402.csv,2025-12-20 12:57:56,0.0
GEOP_20260402.csv,2025-12-20 13:00:56,0.0
GEOP_20260402.csv,2025-12-20 13:03:56,0.0
GEOP_20260402.csv,2025-12-20 13:06:56,0.0
GEOP_20260402.csv,2025-12-20 13:09:56,0.0
GEOP_20260402.csv,2025-12-20 13:12:56,0.0
GEOP_20260402.csv,2025-12-20 13:15:56,0.0
GEOP_20260402.csv,2025-12-20 13:18:56,0.0
GEOP_20260402.csv,2025-12-20 13:21:56,0.0
GEOP_20260402.csv,2025-12-20 13:24:56,0.0
GEOP_20260402.csv,2025-12-20 13:27:56,0.0
GEOP_20260402.csv,2025-12-20 13:30:56,0.0
GEOP_20260402.csv,2025-12-20 13:33:56,0.0
GEOP_20260402.csv,2025-12-20 13:36:56,0.0
GEOP_20260402.csv,2025-12-20 13:39:56,0.0
GEOP_20260402.csv,2025-12-20 13:42:56,0.0
GEOP_20260402.csv,2025-12-20 13:45:56,0.0
GEOP_20260402.csv,2025-12-20 13:48:56,0.0
GEOP_20260402.csv,2025-12-20 13:51:56,0.0
GEOP_20260402.csv,2025-12-20 13:54:56,0.0
GEOP_20260402.csv,2025-12-20 13:57:56,0.0
GEOP_20260402.csv,2025-12-20 14:00:56,0.0
GEOP_20260402.csv,2025-12-20 14:03:56,0.0
GEOP_20260402.csv,2025-12-20 14:06:56,0.0
GEOP_20260402.csv,2025-12-20 14:09:56,0.0
GEOP_20260402.csv,2025-12-20 14:12:56,0.0
GEOP_20260402.csv,2025-12-20 14:15:56,0.0
GEOP_20260402.csv,2025-12-20 14:18:56,0.0
GEOP_20260402.csv,2025-12-20 14:21:56,0.0
GEOP_20260402.csv,2025-12-20 14:24:56,0.0
GEOP_20260402.csv,2025-12-20 14:27:56,0.0
GEOP_20260402.csv,2025-12-20 14:30:56,0.0
GEOP_20260402.csv,2025-12-20 14:33:56,0.0
GEOP_20260402.csv,2025-12-20 14:36:56,0.0
GEOP_20260402.csv,2025-12-20 14:39:56,0.0
GEOP_20260402.csv,2025-12-20 14:45:56,0.0
GEOP_20260402.csv,2025-12-20 14:48:56,0.0
GEOP_20260402.csv,2025-12-20 14:51:56,0.0
GEOP_20260402.csv,2025-12-20 14:54:56,0.0
GEOP_20260402.csv,2025-12-20 14:57:56,0.0
GEOP_20260402.csv,2025-12-20 15:00:56,0.0
GEOP_20260402.csv,2025-12-20 15:03:56,0.0
GEOP_20260402.csv,2025-12-20 15:06:56,0.0
GEOP_20260402.csv,2025-12-20 15:09:56,0.0
GEOP_20260402.csv,2025-12-20 15:12:56,0.0
GEOP_20260402.csv,2025-12-20 15:15:56,0.0
GEOP_20260402.csv,2025-12-20 15:18:56,0.0
GEOP_20260402.csv,2025-12-20 15:21:56,0.0
GEOP_20260402.csv,2025-12-20 15:24:56,0.0
GEOP_20260402.csv,2025-12-20 15:27:56,0.0
GEOP_20260402.csv,2025-12-20 15:30:56,0.0
GEOP_20260402.csv,2025-12-20 15:33:56,0.0
GEOP_20260402.csv,2025-12-20 15:36:56,0.0
GEOP_20260402.csv,2025-12-20 15:39:56,0.0
GEOP_20260402.csv,2025-12-20 15:42:56,0.0
GEOP_20260402.csv,2025-12-20 15:45:56,0.0
GEOP_20260402.csv,2025-12-20 15:48:56,0.0
GEOP_20260402.csv,2025-12-20 15:51:56,0.0
GEOP_20260402.csv,2025-12-20 15:54:56,0.0
GEOP_20260402.csv,2025-12-20 15:57:56,0.0
GEOP_20260402.csv,2025-12-20 16:00:56,0.0
GEOP_20260402.csv,2025-12-20 16:03:56,0.0
GEOP_20260402.csv,2025-12-20 16:06:56,0.0
GEOP_20260402.csv,2025-12-20 16:09:56,0.0
GEOP_20260402.csv,2025-12-20 16:18:56,0.0
GEOP_20260402.csv,2025-12-20 16:21:56,0.0
GEOP_20260402.csv,2025-12-20 16:24:56,0.0
GEOP_20260402.csv,2025-12-20 16:27:56,0.0
GEOP_20260402.csv,2025-12-20 16:30:56,0.0
GEOP_20260402.csv,2025-12-20 16:33:56,0.0
GEOP_20260402.csv,2025-12-20 16:36:56,0.0
GEOP_20260402.csv,2025-12-20 16:39:56,0.0
GEOP_20260402.csv,2025-12-20 16:42:56,0.0
GEOP_20260402.csv,2025-12-20 16:45:56,0.0
GEOP_20260402.csv,2025-12-20 16:48:56,0.0
GEOP_20260402.csv,2025-12-20 16:51:56,0.0
GEOP_20260402.csv,2025-12-20 16:54:56,0.0
GEOP_20260402.csv,2025-12-20 16:57:56,0.0
GEOP_20260402.csv,2025-12-20 17:00:56,0.0
GEOP_20260402.csv,2025-12-20 17:03:56,0.0
GEOP_20260402.csv,2025-12-20 17:06:56,0.0
GEOP_20260402.csv,2025-12-20 17:09:56,0.0
GEOP_20260402.csv,2025-12-20 17:12:56,0.0
GEOP_20260402.csv,2025-12-20 17:15:56,0.0
GEOP_20260402.csv,2025-12-20 17:18:56,0.0
GEOP_20260402.csv,2025-12-20 17:21:56,0.0
GEOP_20260402.csv,2025-12-20 17:27:56,0.0
GEOP_20260402.csv,2025-12-20 17:30:56,0.0
GEOP_20260402.csv,2025-12-20 17:33:56,0.0
GEOP_20260402.csv,2025-12-20 17:36:56,0.0
GEOP_20260402.csv,2025-12-20 17:39:56,0.0
GEOP_20260402.csv,2025-12-20 17:42:56,0.0
GEOP_20260402.csv,2025-12-20 17:45:56,0.0
GEOP_20260402.csv,2025-12-20 17:48:56,0.0
GEOP_20260402.csv,2025-12-20 17:51:56,0.0
GEOP_20260402.csv,2025-12-20 17:54:56,0.0
GEOP_20260402.csv,2025-12-20 17:57:56,0.0
GEOP_20260402.csv,2025-12-20 18:00:56,0.0
GEOP_20260402.csv,2025-12-20 18:03:56,0.0
GEOP_20260402.csv,2025-12-20 18:06:56,0.0
GEOP_20260402.csv,2025-12-20 18:09:56,0.0
GEOP_20260402.csv,2025-12-20 18:15:56,0.0
GEOP_20260402.csv,2025-12-20 18:18:56,0.0
GEOP_20260402.csv,2025-12-20 18:21:56,0.0
GEOP_20260402.csv,2025-12-20 18:24:56,0.0
GEOP_20260402.csv,2025-12-20 18:27:56,0.0
GEOP_20260402.csv,2025-12-20 18:30:56,0.0
GEOP_20260402.csv,2025-12-20 18:33:56,0.0
GEOP_20260402.csv,2025-12-20 18:36:56,0.0
GEOP_20260402.csv,2025-12-20 18:39:56,0.0
GEOP_20260402.csv,2025-12-20 18:42:56,0.0
GEOP_20260402.csv,2025-12-20 18:45:56,0.0
GEOP_20260402.csv,2025-12-20 18:48:56,0.0
GEOP_20260402.csv,2025-12-20 18:51:56,0.0
GEOP_20260402.csv,2025-12-20 18:54:56,0.0
GEOP_20260402.csv,2025-12-20 18:57:56,0.0
GEOP_20260402.csv,2025-12-20 19:00:56,0.0
GEOP_20260402.csv,2025-12-20 19:03:56,0.0
GEOP_20260402.csv,2025-12-20 19:06:56,0.0
GEOP_20260402.csv,2025-12-20 19:09:56,0.0
GEOP_20260402.csv,2025-12-20 19:12:56,0.0
GEOP_20260402.csv,2025-12-20 19:15:56,0.0
GEOP_20260402.csv,2025-12-20 19:18:56,0.0
GEOP_20260402.csv,2025-12-20 19:21:56,0.0
GEOP_20260402.csv,2025-12-20 19:24:56,0.0
GEOP_20260402.csv,2025-12-20 19:27:56,0.0
GEOP_20260402.csv,2025-12-20 19:30:56,0.0
GEOP_20260402.csv,2025-12-20 19:33:56,0.0
GEOP_20260402.csv,2025-12-20 19:36:56,0.0
GEOP_20260402.csv,2025-12-20 19:39:56,0.0
GEOP_20260402.csv,2025-12-20 19:42:56,0.0
GEOP_20260402.csv,2025-12-20 19:45:56,0.0
GEOP_20260402.csv,2025-12-20 19:48:56,0.0
GEOP_20260402.csv,2025-12-20 19:51:56,0.0
GEOP_20260402.csv,2025-12-20 19:54:56,0.0
GEOP_20260402.csv,2025-12-20 19:57:56,0.0
GEOP_20260402.csv,2025-12-20 20:00:56,0.0
GEOP_20260402.csv,2025-12-20 20:03:56,0.0
GEOP_20260402.csv,2025-12-20 20:06:56,0.0
GEOP_20260402.csv,2025-12-20 20:09:56,0.0
GEOP_20260402.csv,2025-12-20 20:12:56,0.0
GEOP_20260402.csv,2025-12-20 20:15:56,0.0
GEOP_20260402.csv,2025-12-20 20:18:56,0.0
GEOP_20260402.csv,2025-12-20 20:21:56,0.0
GEOP_20260402.csv,2025-12-20 20:24:56,0.0
GEOP_20260402.csv,2025-12-20 20:27:56,0.0
GEOP_20260402.csv,2025-12-20 20:30:56,0.0
GEOP_20260402.csv,2025-12-20 20:33:56,0.0
GEOP_20260402.csv,2025-12-20 20:36:56,0.0
GEOP_20260402.csv,2025-12-20 20:39:56,0.0
GEOP_20260402.csv,2025-12-20 20:42:56,0.0
GEOP_20260402.csv,2025-12-20 20:45:56,0.0
GEOP_20260402.csv,2025-12-20 20:48:56,0.0
GEOP_20260402.csv,2025-12-20 20:51:56,0.0
GEOP_20260402.csv,2025-12-20 20:54:56,0.0
GEOP_20260402.csv,2025-12-20 20:57:56,0.0
GEOP_20260402.csv,2025-12-20 21:00:56,0.0
GEOP_20260402.csv,2025-12-20 21:03:56,0.0
GEOP_20260402.csv,2025-12-20 21:06:56,0.0
GEOP_20260402.csv,2025-12-20 21:09:56,0.0
GEOP_20260402.csv,2025-12-20 21:12:56,0.0
GEOP_20260402.csv,2025-12-20 21:15:56,0.0
GEOP_20260402.csv,2025-12-20 21:18:56,0.0
GEOP_20260402.csv,2025-12-20 21:21:56,0.0
GEOP_20260402.csv,2025-12-20 21:24:56,0.0
GEOP_20260402.csv,2025-12-20 21:27:56,0.0
GEOP_20260402.csv,2025-12-20 21:30:56,0.0
GEOP_20260402.csv,2025-12-20 21:33:56,0.0
GEOP_20260402.csv,2025-12-20 21:36:56,0.0
GEOP_20260402.csv,2025-12-20 21:39:56,0.0
GEOP_20260402.csv,2025-12-20 21:42:56,0.0
GEOP_20260402.csv,2025-12-20 21:45:56,0.0
GEOP_20260402.csv,2025-12-20 21:48:56,0.0
GEOP_20260402.csv,2025-12-20 21:51:56,0.0
GEOP_20260402.csv,2025-12-20 21:54:56,0.0
GEOP_20260402.csv,2025-12-20 21:57:56,0.0
GEOP_20260402.csv,2025-12-20 22:00:56,0.0
GEOP_20260402.csv,2025-12-20 22:03:56,0.0
GEOP_20260402.csv,2025-12-20 22:06:56,0.0
GEOP_20260402.csv,2025-12-20 22:09:56,0.0
GEOP_20260402.csv,2025-12-20 22:12:56,0.0
GEOP_20260402.csv,2025-12-20 22:15:56,0.0
GEOP_20260402.csv,2025-12-20 22:18:56,0.0
GEOP_20260402.csv,2025-12-20 22:21:56,0.0
GEOP_20260402.csv,2025-12-20 22:24:56,0.0
GEOP_20260402.csv,2025-12-20 22:27:56,0.0
GEOP_20260402.csv,2025-12-20 22:30:56,0.0
GEOP_20260402.csv,2025-12-20 22:33:56,0.0
GEOP_20260402.csv,2025-12-20 22:39:56,0.0
GEOP_20260402.csv,2025-12-20 22:42:56,0.0
GEOP_20260402.csv,2025-12-20 22:45:56,0.0
GEOP_20260402.csv,2025-12-20 22:48:56,0.0
GEOP_20260402.csv,2025-12-20 22:51:56,0.0
GEOP_20260402.csv,2025-12-20 22:54:56,0.0
GEOP_20260402.csv,2025-12-20 22:57:56,0.0
GEOP_20260402.csv,2025-12-20 23:00:56,0.0
GEOP_20260402.csv,2025-12-20 23:03:56,0.0
GEOP_20260402.csv,2025-12-20 23:06:56,0.0
GEOP_20260402.csv,2025-12-20 23:09:56,0.0
GEOP_20260402.csv,2025-12-20 23:12:56,0.0
GEOP_20260402.csv,2025-12-20 23:15:56,0.0
GEOP_20260402.csv,2025-12-20 23:18:56,0.0
GEOP_20260402.csv,2025-12-20 23:21:56,0.0
GEOP_20260402.csv,2025-12-20 23:24:56,0.0
GEOP_20260402.csv,2025-12-20 23:27:56,0.0
GEOP_20260402.csv,2025-12-20 23:30:56,0.0
GEOP_20260402.csv,2025-12-20 23:33:56,0.0
GEOP_20260402.csv,2025-12-20 23:36:56,0.0
GEOP_20260402.csv,2025-12-20 23:39:56,0.0
GEOP_20260402.csv,2025-12-20 23:42:56,0.0
GEOP_20260402.csv,2025-12-20 23:45:55,0.0
GEOP_20260402.csv,2025-12-20 23:48:55,0.0
GEOP_20260402.csv,2025-12-20 23:51:55,0.0
GEOP_20260402.csv,2025-12-20 23:54:55,0.0
GEOP_20260402.csv,2025-12-20 23:57:55,0.0
GEOP_20260402.csv,2025-12-21 00:00:55,0.0
GEOP_20260402.csv,2025-12-21 00:03:55,0.0
GEOP_20260402.csv,2025-12-21 00:06:55,0.0
GEOP_20260402.csv,2025-12-21 00:09:55,0.0
GEOP_20260402.csv,2025-12-21 00:15:55,0.0
GEOP_20260402.csv,2025-12-21 00:21:55,0.0
GEOP_20260402.csv,2025-12-21 00:24:55,0.0
GEOP_20260402.csv,2025-12-21 00:27:55,0.0
GEOP_20260402.csv,2025-12-21 00:30:55,0.0
GEOP_20260402.csv,2025-12-21 00:33:55,0.0
GEOP_20260402.csv,2025-12-21 00:36:55,0.0
GEOP_20260402.csv,2025-12-21 00:39:55,0.0
GEOP_20260402.csv,2025-12-21 00:42:55,0.0
GEOP_20260402.csv,2025-12-21 00:45:55,0.0
GEOP_20260402.csv,2025-12-21 00:48:55,0.0
GEOP_20260402.csv,2025-12-21 00:51:55,0.0
GEOP_20260402.csv,2025-12-21 00:54:55,0.0
GEOP_20260402.csv,2025-12-21 00:57:55,0.0
GEOP_20260402.csv,2025-12-21 01:03:55,0.0
GEOP_20260402.csv,2025-12-21 01:06:55,0.0
GEOP_20260402.csv,2025-12-21 01:09:55,0.0
GEOP_20260402.csv,2025-12-21 01:12:55,0.0
GEOP_20260402.csv,2025-12-21 01:15:55,0.0
GEOP_20260402.csv,2025-12-21 01:18:55,0.0
GEOP_20260402.csv,2025-12-21 01:21:55,0.0
GEOP_20260402.csv,2025-12-21 01:24:55,0.0
GEOP_20260402.csv,2025-12-21 01:27:55,0.0
GEOP_20260402.csv,2025-12-21 01:30:55,0.0
GEOP_20260402.csv,2025-12-21 01:33:55,0.0
GEOP_20260402.csv,2025-12-21 01:36:55,0.0
GEOP_20260402.csv,2025-12-21 01:39:55,0.0
GEOP_20260402.csv,2025-12-21 01:42:55,0.0
GEOP_20260402.csv,2025-12-21 01:45:55,0.0
GEOP_20260402.csv,2025-12-21 01:48:55,0.0
GEOP_20260402.csv,2025-12-21 01:51:55,0.0
GEOP_20260402.csv,2025-12-21 01:54:55,0.0
GEOP_20260402.csv,2025-12-21 01:57:55,0.0
GEOP_20260402.csv,2025-12-21 02:00:55,0.0
GEOP_20260402.csv,2025-12-21 02:03:55,0.0
GEOP_20260402.csv,2025-12-21 02:06:56,0.0
GEOP_20260402.csv,2025-12-21 02:09:55,0.0
GEOP_20260402.csv,2025-12-21 02:12:55,0.0
GEOP_20260402.csv,2025-12-21 02:15:55,0.0
GEOP_20260402.csv,2025-12-21 02:18:55,0.0
GEOP_20260402.csv,2025-12-21 02:21:55,0.0
GEOP_20260402.csv,2025-12-21 02:24:55,0.0
GEOP_20260402.csv,2025-12-21 02:27:55,0.0
GEOP_20260402.csv,2025-12-21 02:30:55,0.0
GEOP_20260402.csv,2025-12-21 02:33:55,0.0
GEOP_20260402.csv,2025-12-21 02:36:55,0.0
GEOP_20260402.csv,2025-12-21 02:39:55,0.0
GEOP_20260402.csv,2025-12-21 02:42:55,0.0
GEOP_20260402.csv,2025-12-21 02:45:55,0.0
GEOP_20260402.csv,2025-12-21 02:48:55,0.0
GEOP_20260402.csv,2025-12-21 02:51:55,0.0
GEOP_20260402.csv,2025-12-21 02:54:55,0.0
GEOP_20260402.csv,2025-12-21 02:57:55,0.0
GEOP_20260402.csv,2025-12-21 03:00:55,0.0
GEOP_20260402.csv,2025-12-21 03:03:55,0.0
GEOP_20260402.csv,2025-12-21 03:06:55,0.0
GEOP_20260402.csv,2025-12-21 03:09:55,0.0
GEOP_20260402.csv,2025-12-21 03:12:55,0.0
GEOP_20260402.csv,2025-12-21 03:15:55,0.0
GEOP_20260402.csv,2025-12-21 03:18:55,0.0
GEOP_20260402.csv,2025-12-21 03:21:55,0.0
GEOP_20260402.csv,2025-12-21 03:24:55,0.0
GEOP_20260402.csv,2025-12-21 03:27:55,0.0
GEOP_20260402.csv,2025-12-21 03:30:55,0.0
GEOP_20260402.csv,2025-12-21 03:33:55,0.0
GEOP_20260402.csv,2025-12-21 03:36:55,0.0
GEOP_20260402.csv,2025-12-21 03:39:55,0.0
GEOP_20260402.csv,2025-12-21 03:42:55,0.0
GEOP_20260402.csv,2025-12-21 03:45:55,0.0
GEOP_20260402.csv,2025-12-21 03:48:55,0.0
GEOP_20260402.csv,2025-12-21 03:51:55,0.0
GEOP_20260402.csv,2025-12-21 03:54:55,0.0
GEOP_20260402.csv,2025-12-21 04:00:55,0.0
GEOP_20260402.csv,2025-12-21 04:03:55,0.0
GEOP_20260402.csv,2025-12-21 04:06:55,0.0
GEOP_20260402.csv,2025-12-21 04:09:55,0.0
GEOP_20260402.csv,2025-12-21 04:12:55,0.0
GEOP_20260402.csv,2025-12-21 04:15:55,0.0
GEOP_20260402.csv,2025-12-21 04:18:55,0.0
GEOP_20260402.csv,2025-12-21 04:21:55,0.0
GEOP_20260402.csv,2025-12-21 04:24:55,0.0
GEOP_20260402.csv,2025-12-21 04:27:55,0.0
GEOP_20260402.csv,2025-12-21 04:30:55,0.0
GEOP_20260402.csv,2025-12-21 04:33:55,0.0
GEOP_20260402.csv,2025-12-21 04:36:55,0.0
GEOP_20260402.csv,2025-12-21 04:39:55,0.0
GEOP_20260402.csv,2025-12-21 04:42:55,0.0
GEOP_20260402.csv,2025-12-21 04:45:55,0.0
GEOP_20260402.csv,2025-12-21 04:48:55,0.0
GEOP_20260402.csv,2025-12-21 04:51:55,0.0
GEOP_20260402.csv,2025-12-21 04:54:55,0.0
GEOP_20260402.csv,2025-12-21 04:57:55,0.0
GEOP_20260402.csv,2025-12-21 05:00:55,0.0
GEOP_20260402.csv,2025-12-21 05:03:55,0.0
GEOP_20260402.csv,2025-12-21 05:06:55,0.0
GEOP_20260402.csv,2025-12-21 05:09:55,0.0
GEOP_20260402.csv,2025-12-21 05:12:55,0.0
GEOP_20260402.csv,2025-12-21 05:15:55,0.0
GEOP_20260402.csv,2025-12-21 05:18:55,0.0
GEOP_20260402.csv,2025-12-21 05:21:55,0.0
GEOP_20260402.csv,2025-12-21 05:24:55,0.0
GEOP_20260402.csv,2025-12-21 05:27:55,0.0
GEOP_20260402.csv,2025-12-21 05:30:55,0.0
GEOP_20260402.csv,2025-12-21 05:33:55,0.0
GEOP_20260402.csv,2025-12-21 05:36:55,0.0
GEOP_20260402.csv,2025-12-21 05:39:55,0.0
GEOP_20260402.csv,2025-12-21 05:42:55,0.0
GEOP_20260402.csv,2025-12-21 05:45:55,0.0
GEOP_20260402.csv,2025-12-21 05:48:55,0.0
GEOP_20260402.csv,2025-12-21 05:51:55,0.0
GEOP_20260402.csv,2025-12-21 05:54:55,0.0
GEOP_20260402.csv,2025-12-21 05:57:55,0.0
GEOP_20260402.csv,2025-12-21 06:00:55,0.0
GEOP_20260402.csv,2025-12-21 06:03:55,0.0
GEOP_20260402.csv,2025-12-21 06:06:55,0.0
GEOP_20260402.csv,2025-12-21 06:09:55,0.0
GEOP_20260402.csv,2025-12-21 06:12:55,0.0
GEOP_20260402.csv,2025-12-21 06:15:55,0.0
GEOP_20260402.csv,2025-12-21 06:18:55,0.0
GEOP_20260402.csv,2025-12-21 06:21:55,0.0
GEOP_20260402.csv,2025-12-21 06:24:55,0.0
GEOP_20260402.csv,2025-12-21 06:27:55,0.0
GEOP_20260402.csv,2025-12-21 06:30:55,0.0
GEOP_20260402.csv,2025-12-21 06:33:55,0.0
GEOP_20260402.csv,2025-12-21 06:36:55,0.0
GEOP_20260402.csv,2025-12-21 06:39:55,0.0
GEOP_20260402.csv,2025-12-21 06:42:55,0.0
GEOP_20260402.csv,2025-12-21 06:45:55,0.0
GEOP_20260402.csv,2025-12-21 06:48:55,0.0
GEOP_20260402.csv,2025-12-21 06:51:55,0.0
GEOP_20260402.csv,2025-12-21 06:54:55,0.0
GEOP_20260402.csv,2025-12-21 06:57:55,0.0
GEOP_20260402.csv,2025-12-21 07:00:55,0.0
GEOP_20260402.csv,2025-12-21 07:03:55,0.0
GEOP_20260402.csv,2025-12-21 07:06:55,0.0
GEOP_20260402.csv,2025-12-21 07:09:55,0.0
GEOP_20260402.csv,2025-12-21 07:12:55,0.0
GEOP_20260402.csv,2025-12-21 07:15:55,0.0
GEOP_20260402.csv,2025-12-21 07:18:55,0.0
GEOP_20260402.csv,2025-12-21 07:21:55,0.0
GEOP_20260402.csv,2025-12-21 07:24:55,0.0
GEOP_20260402.csv,2025-12-21 07:27:55,0.0
GEOP_20260402.csv,2025-12-21 07:30:55,0.0
GEOP_20260402.csv,2025-12-21 07:33:55,0.0
GEOP_20260402.csv,2025-12-21 07:36:55,0.0
GEOP_20260402.csv,2025-12-21 07:39:55,0.0
GEOP_20260402.csv,2025-12-21 07:42:55,0.0
GEOP_20260402.csv,2025-12-21 07:45:55,0.0
GEOP_20260402.csv,2025-12-21 07:48:55,0.0
GEOP_20260402.csv,2025-12-21 07:51:55,0.0
GEOP_20260402.csv,2025-12-21 07:54:55,0.0
GEOP_20260402.csv,2025-12-21 07:57:55,0.0
GEOP_20260402.csv,2025-12-21 08:00:55,0.0
GEOP_20260402.csv,2025-12-21 08:03:55,0.0
GEOP_20260402.csv,2025-12-21 08:06:55,0.0
GEOP_20260402.csv,2025-12-21 08:09:55,0.0
GEOP_20260402.csv,2025-12-21 08:12:55,0.0
GEOP_20260402.csv,2025-12-21 08:15:55,0.0
GEOP_20260402.csv,2025-12-21 08:18:55,0.0
GEOP_20260402.csv,2025-12-21 08:21:55,0.0
GEOP_20260402.csv,2025-12-21 08:24:55,0.0
GEOP_20260402.csv,2025-12-21 08:27:55,0.0
GEOP_20260402.csv,2025-12-21 08:30:55,0.0
GEOP_20260402.csv,2025-12-21 08:33:55,0.0
GEOP_20260402.csv,2025-12-21 08:36:55,0.0
GEOP_20260402.csv,2025-12-21 08:39:55,0.0
GEOP_20260402.csv,2025-12-21 08:42:55,0.0
GEOP_20260402.csv,2025-12-21 08:45:55,0.0
GEOP_20260402.csv,2025-12-21 08:48:55,0.0
GEOP_20260402.csv,2025-12-21 08:51:55,0.0
GEOP_20260402.csv,2025-12-21 08:54:55,0.0
GEOP_20260402.csv,2025-12-21 08:57:55,0.0
GEOP_20260402.csv,2025-12-21 09:00:55,0.0
GEOP_20260402.csv,2025-12-21 09:03:55,0.0
GEOP_20260402.csv,2025-12-21 09:06:55,0.0
GEOP_20260402.csv,2025-12-21 09:09:55,0.0
GEOP_20260402.csv,2025-12-21 09:12:55,0.0
GEOP_20260402.csv,2025-12-21 09:15:55,0.0
GEOP_20260402.csv,2025-12-21 09:18:55,0.0
GEOP_20260402.csv,2025-12-21 09:21:55,0.0
GEOP_20260402.csv,2025-12-21 09:24:55,0.0
GEOP_20260402.csv,2025-12-21 09:27:55,0.0
GEOP_20260402.csv,2025-12-21 09:30:55,0.0
GEOP_20260402.csv,2025-12-21 09:33:55,0.0
GEOP_20260402.csv,2025-12-21 09:36:55,0.0
GEOP_20260402.csv,2025-12-21 09:39:55,0.0
GEOP_20260402.csv,2025-12-21 09:42:55,0.0
GEOP_20260402.csv,2025-12-21 09:45:55,0.0
GEOP_20260402.csv,2025-12-21 09:48:55,0.0
GEOP_20260402.csv,2025-12-21 09:51:55,0.0
GEOP_20260402.csv,2025-12-21 09:54:55,0.0
GEOP_20260402.csv,2025-12-21 09:57:55,0.0
GEOP_20260402.csv,2025-12-21 10:00:55,0.0
GEOP_20260402.csv,2025-12-21 10:03:55,0.0
GEOP_20260402.csv,2025-12-21 10:06:55,0.0
GEOP_20260402.csv,2025-12-21 10:09:55,0.0
GEOP_20260402.csv,2025-12-21 10:12:55,0.0
GEOP_20260402.csv,2025-12-21 10:15:55,0.0
GEOP_20260402.csv,2025-12-21 10:18:55,0.0
GEOP_20260402.csv,2025-12-21 10:21:55,0.0
GEOP_20260402.csv,2025-12-21 10:24:55,0.0
GEOP_20260402.csv,2025-12-21 10:27:55,0.0
GEOP_20260402.csv,2025-12-21 10:30:55,0.0
GEOP_20260402.csv,2025-12-21 10:33:55,0.0
GEOP_20260402.csv,2025-12-21 10:36:55,0.0
GEOP_20260402.csv,2025-12-21 10:39:55,0.0
GEOP_20260402.csv,2025-12-21 10:42:55,0.0
GEOP_20260402.csv,2025-12-21 10:45:55,0.0
GEOP_20260402.csv,2025-12-21 10:48:55,0.0
GEOP_20260402.csv,2025-12-21 10:51:55,0.0
GEOP_20260402.csv,2025-12-21 10:54:55,0.0
GEOP_20260402.csv,2025-12-21 10:57:55,0.0
GEOP_20260402.csv,2025-12-21 11:00:55,0.0
GEOP_20260402.csv,2025-12-21 11:03:55,0.0
GEOP_20260402.csv,2025-12-21 11:06:55,0.0
GEOP_20260402.csv,2025-12-21 11:09:55,0.0
GEOP_20260402.csv,2025-12-21 11:12:55,0.0
GEOP_20260402.csv,2025-12-21 11:15:55,0.0
GEOP_20260402.csv,2025-12-21 11:21:55,0.0
GEOP_20260402.csv,2025-12-21 11:24:55,0.0
GEOP_20260402.csv,2025-12-21 11:27:55,0.0
GEOP_20260402.csv,2025-12-21 11:33:55,0.0
GEOP_20260402.csv,2025-12-21 11:36:55,0.0
GEOP_20260402.csv,2025-12-21 11:39:55,0.0
GEOP_20260402.csv,2025-12-21 11:42:55,0.0
GEOP_20260402.csv,2025-12-21 11:45:55,0.0
GEOP_20260402.csv,2025-12-21 11:48:55,0.0
GEOP_20260402.csv,2025-12-21 11:51:55,0.0
GEOP_20260402.csv,2025-12-21 11:54:55,0.0
GEOP_20260402.csv,2025-12-21 11:57:55,0.0
GEOP_20260402.csv,2025-12-21 12:00:55,0.0
GEOP_20260402.csv,2025-12-21 12:03:55,0.0
GEOP_20260402.csv,2025-12-21 12:06:55,0.0
GEOP_20260402.csv,2025-12-21 12:09:55,0.0
GEOP_20260402.csv,2025-12-21 12:12:55,0.0
GEOP_20260402.csv,2025-12-21 12:15:55,0.0
GEOP_20260402.csv,2025-12-21 12:18:55,0.0
GEOP_20260402.csv,2025-12-21 12:21:55,0.0
GEOP_20260402.csv,2025-12-21 12:24:55,0.0
GEOP_20260402.csv,2025-12-21 12:27:55,0.0
GEOP_20260402.csv,2025-12-21 12:30:55,0.0
GEOP_20260402.csv,2025-12-21 12:33:55,0.0
GEOP_20260402.csv,2025-12-21 12:36:55,0.0
GEOP_20260402.csv,2025-12-21 12:42:55,0.0
GEOP_20260402.csv,2025-12-21 12:45:55,0.0
GEOP_20260402.csv,2025-12-21 12:48:55,0.0
GEOP_20260402.csv,2025-12-21 12:51:55,0.0
GEOP_20260402.csv,2025-12-21 12:54:55,0.0
GEOP_20260402.csv,2025-12-21 13:00:55,0.0
GEOP_20260402.csv,2025-12-21 13:03:55,0.0
GEOP_20260402.csv,2025-12-21 13:06:55,0.0
GEOP_20260402.csv,2025-12-21 13:09:55,0.0
GEOP_20260402.csv,2025-12-21 13:12:55,0.0
GEOP_20260402.csv,2025-12-21 13:15:55,0.0
GEOP_20260402.csv,2025-12-21 13:18:55,0.0
GEOP_20260402.csv,2025-12-21 13:21:55,0.0
GEOP_20260402.csv,2025-12-21 13:24:55,0.0
GEOP_20260402.csv,2025-12-21 13:27:55,0.0
GEOP_20260402.csv,2025-12-21 13:30:55,0.0
GEOP_20260402.csv,2025-12-21 13:33:55,0.0
GEOP_20260402.csv,2025-12-21 13:36:55,0.0
GEOP_20260402.csv,2025-12-21 13:39:55,0.0
GEOP_20260402.csv,2025-12-21 13:42:55,0.0
GEOP_20260402.csv,2025-12-21 13:45:54,0.0
GEOP_20260402.csv,2025-12-21 13:48:54,0.0
GEOP_20260402.csv,2025-12-21 13:51:55,0.0
GEOP_20260402.csv,2025-12-21 13:54:54,0.0
GEOP_20260402.csv,2025-12-21 13:57:54,0.0
GEOP_20260402.csv,2025-12-21 14:00:54,0.0
GEOP_20260402.csv,2025-12-21 14:03:54,0.0
GEOP_20260402.csv,2025-12-21 14:06:55,0.0
GEOP_20260402.csv,2025-12-21 14:09:54,0.0
GEOP_20260402.csv,2025-12-21 14:12:54,0.0
GEOP_20260402.csv,2025-12-21 14:15:54,0.0
GEOP_20260402.csv,2025-12-21 14:18:54,0.0
GEOP_20260402.csv,2025-12-21 14:21:54,0.0
GEOP_20260402.csv,2025-12-21 14:24:54,0.0
GEOP_20260402.csv,2025-12-21 14:27:54,0.0
GEOP_20260402.csv,2025-12-21 14:30:54,0.0
GEOP_20260402.csv,2025-12-21 14:33:54,0.0
GEOP_20260402.csv,2025-12-21 14:36:54,0.0
GEOP_20260402.csv,2025-12-21 14:39:54,0.0
GEOP_20260402.csv,2025-12-21 14:42:54,0.0
GEOP_20260402.csv,2025-12-21 14:45:54,0.0
GEOP_20260402.csv,2025-12-21 14:48:54,0.0
GEOP_20260402.csv,2025-12-21 14:51:54,0.0
GEOP_20260402.csv,2025-12-21 14:54:54,0.0
GEOP_20260402.csv,2025-12-21 14:57:54,0.0
GEOP_20260402.csv,2025-12-21 15:00:54,0.0
GEOP_20260402.csv,2025-12-21 15:03:54,0.0
GEOP_20260402.csv,2025-12-21 15:06:54,0.0
GEOP_20260402.csv,2025-12-21 15:09:54,0.0
GEOP_20260402.csv,2025-12-21 15:12:54,0.0
GEOP_20260402.csv,2025-12-21 15:15:54,0.0
GEOP_20260402.csv,2025-12-21 15:18:54,0.0
GEOP_20260402.csv,2025-12-21 15:21:54,0.0
GEOP_20260402.csv,2025-12-21 15:24:54,0.0
GEOP_20260402.csv,2025-12-21 15:27:54,0.0
GEOP_20260402.csv,2025-12-21 15:30:54,0.0
GEOP_20260402.csv,2025-12-21 15:33:54,0.0
GEOP_20260402.csv,2025-12-21 15:36:54,0.0
GEOP_20260402.csv,2025-12-21 15:39:54,0.0
GEOP_20260402.csv,2025-12-21 15:42:54,0.0
GEOP_20260402.csv,2025-12-21 15:45:54,0.0
GEOP_20260402.csv,2025-12-21 15:48:54,0.0
GEOP_20260402.csv,2025-12-21 15:51:54,0.0
GEOP_20260402.csv,2025-12-21 15:54:54,0.0
GEOP_20260402.csv,2025-12-21 15:57:54,0.0
GEOP_20260402.csv,2025-12-21 16:00:54,0.0
GEOP_20260402.csv,2025-12-21 16:03:54,0.0
GEOP_20260402.csv,2025-12-21 16:06:54,0.0
GEOP_20260402.csv,2025-12-21 16:09:54,0.0
GEOP_20260402.csv,2025-12-21 16:12:54,0.0
GEOP_20260402.csv,2025-12-21 16:15:54,0.0
GEOP_20260402.csv,2025-12-21 16:18:54,0.0
GEOP_20260402.csv,2025-12-21 16:21:54,0.0
GEOP_20260402.csv,2025-12-21 16:24:54,0.0
GEOP_20260402.csv,2025-12-21 16:27:54,0.0
GEOP_20260402.csv,2025-12-21 16:30:54,0.0
GEOP_20260402.csv,2025-12-21 16:33:54,0.0
GEOP_20260402.csv,2025-12-21 16:36:54,0.0
GEOP_20260402.csv,2025-12-21 16:39:54,0.0
GEOP_20260402.csv,2025-12-21 16:42:54,0.0
GEOP_20260402.csv,2025-12-21 16:45:54,0.0
GEOP_20260402.csv,2025-12-21 16:48:54,0.0
GEOP_20260402.csv,2025-12-21 16:51:54,0.0
GEOP_20260402.csv,2025-12-21 16:54:54,0.0
GEOP_20260402.csv,2025-12-21 16:57:54,0.0
GEOP_20260402.csv,2025-12-21 17:00:54,0.0
GEOP_20260402.csv,2025-12-21 17:03:54,0.0
GEOP_20260402.csv,2025-12-21 17:06:54,0.0
GEOP_20260402.csv,2025-12-21 17:09:54,0.0
GEOP_20260402.csv,2025-12-21 17:12:54,0.0
GEOP_20260402.csv,2025-12-21 17:15:54,0.0
GEOP_20260402.csv,2025-12-21 17:18:54,0.0
GEOP_20260402.csv,2025-12-21 17:21:54,0.0
GEOP_20260402.csv,2025-12-21 17:24:54,0.0
GEOP_20260402.csv,2025-12-21 17:27:54,0.0
GEOP_20260402.csv,2025-12-21 17:30:54,0.0
GEOP_20260402.csv,2025-12-21 17:33:54,0.0
GEOP_20260402.csv,2025-12-21 17:36:54,0.0
GEOP_20260402.csv,2025-12-21 17:39:54,0.0
GEOP_20260402.csv,2025-12-21 17:42:54,0.0
GEOP_20260402.csv,2025-12-21 17:45:54,0.0
GEOP_20260402.csv,2025-12-21 17:48:54,0.0
GEOP_20260402.csv,2025-12-21 17:51:54,0.0
GEOP_20260402.csv,2025-12-21 17:54:54,0.0
GEOP_20260402.csv,2025-12-21 17:57:54,0.0
GEOP_20260402.csv,2025-12-21 18:00:54,0.0
GEOP_20260402.csv,2025-12-21 18:03:54,0.0
GEOP_20260402.csv,2025-12-21 18:06:54,0.0
GEOP_20260402.csv,2025-12-21 18:09:54,0.0
GEOP_20260402.csv,2025-12-21 18:15:54,0.0
GEOP_20260402.csv,2025-12-21 18:18:54,0.0
GEOP_20260402.csv,2025-12-21 18:21:54,0.0
GEOP_20260402.csv,2025-12-21 18:24:54,0.0
GEOP_20260402.csv,2025-12-21 18:27:54,0.0
GEOP_20260402.csv,2025-12-21 18:30:54,0.0
GEOP_20260402.csv,2025-12-21 18:33:54,0.0
GEOP_20260402.csv,2025-12-21 18:36:54,0.0
GEOP_20260402.csv,2025-12-21 18:39:54,0.0
GEOP_20260402.csv,2025-12-21 18:42:54,0.0
GEOP_20260402.csv,2025-12-21 18:45:54,0.0
GEOP_20260402.csv,2025-12-21 18:48:54,0.0
GEOP_20260402.csv,2025-12-21 18:51:54,0.0
GEOP_20260402.csv,2025-12-21 18:54:54,0.0
GEOP_20260402.csv,2025-12-21 18:57:54,0.0
GEOP_20260402.csv,2025-12-21 19:00:54,0.0
GEOP_20260402.csv,2025-12-21 19:03:54,0.0
GEOP_20260402.csv,2025-12-21 19:06:54,0.0
GEOP_20260402.csv,2025-12-21 19:09:54,0.0
GEOP_20260402.csv,2025-12-21 19:12:54,0.0
GEOP_20260402.csv,2025-12-21 19:15:54,0.0
GEOP_20260402.csv,2025-12-21 19:18:54,0.0
GEOP_20260402.csv,2025-12-21 19:21:54,0.0
GEOP_20260402.csv,2025-12-21 19:24:54,0.0
GEOP_20260402.csv,2025-12-21 19:27:54,0.0
GEOP_20260402.csv,2025-12-21 19:30:54,0.0
GEOP_20260402.csv,2025-12-21 19:33:54,0.0
GEOP_20260402.csv,2025-12-21 19:36:54,0.0
GEOP_20260402.csv,2025-12-21 19:39:54,0.0
GEOP_20260402.csv,2025-12-21 19:42:54,0.0
GEOP_20260402.csv,2025-12-21 19:45:54,0.0
GEOP_20260402.csv,2025-12-21 19:48:54,0.0
GEOP_20260402.csv,2025-12-21 19:51:54,0.0
GEOP_20260402.csv,2025-12-21 19:54:54,0.0
GEOP_20260402.csv,2025-12-21 19:57:54,0.0
GEOP_20260402.csv,2025-12-21 20:00:54,0.0
GEOP_20260402.csv,2025-12-21 20:03:54,0.0
GEOP_20260402.csv,2025-12-21 20:06:54,0.0
GEOP_20260402.csv,2025-12-21 20:09:54,0.0
GEOP_20260402.csv,2025-12-21 20:12:54,0.0
GEOP_20260402.csv,2025-12-21 20:18:54,0.0
GEOP_20260402.csv,2025-12-21 20:21:54,0.0
GEOP_20260402.csv,2025-12-21 20:24:54,0.0
GEOP_20260402.csv,2025-12-21 20:27:54,0.0
GEOP_20260402.csv,2025-12-21 20:30:54,0.0
GEOP_20260402.csv,2025-12-21 20:33:54,0.0
GEOP_20260402.csv,2025-12-21 20:36:54,0.0
GEOP_20260402.csv,2025-12-21 20:39:54,0.0
GEOP_20260402.csv,2025-12-21 20:42:54,0.0
GEOP_20260402.csv,2025-12-21 20:45:54,0.0
GEOP_20260402.csv,2025-12-21 20:48:54,0.0
GEOP_20260402.csv,2025-12-21 20:51:54,0.0
GEOP_20260402.csv,2025-12-21 20:54:54,0.0
GEOP_20260402.csv,2025-12-21 20:57:54,0.0
GEOP_20260402.csv,2025-12-21 21:00:54,0.0
GEOP_20260402.csv,2025-12-21 21:03:54,0.0
GEOP_20260402.csv,2025-12-21 21:06:54,0.0
GEOP_20260402.csv,2025-12-21 21:09:54,0.0
GEOP_20260402.csv,2025-12-21 21:12:54,0.0
GEOP_20260402.csv,2025-12-21 21:15:54,0.0
GEOP_20260402.csv,2025-12-21 21:18:54,0.0
GEOP_20260402.csv,2025-12-21 21:21:54,0.0
GEOP_20260402.csv,2025-12-21 21:24:54,0.0
GEOP_20260402.csv,2025-12-21 21:27:54,0.0
GEOP_20260402.csv,2025-12-21 21:30:54,0.0
GEOP_20260402.csv,2025-12-21 21:33:54,0.0
GEOP_20260402.csv,2025-12-21 21:36:54,0.0
GEOP_20260402.csv,2025-12-21 21:39:54,0.0
GEOP_20260402.csv,2025-12-21 21:42:54,0.0
GEOP_20260402.csv,2025-12-21 21:45:54,0.0
GEOP_20260402.csv,2025-12-21 21:48:54,0.0
GEOP_20260402.csv,2025-12-21 21:51:54,0.0
GEOP_20260402.csv,2025-12-21 21:54:54,0.0
GEOP_20260402.csv,2025-12-21 21:57:54,0.0
GEOP_20260402.csv,2025-12-21 22:00:54,0.0
GEOP_20260402.csv,2025-12-21 22:03:54,0.0
GEOP_20260402.csv,2025-12-21 22:06:54,0.0
GEOP_20260402.csv,2025-12-21 22:09:54,0.0
GEOP_20260402.csv,2025-12-21 22:12:54,0.0
GEOP_20260402.csv,2025-12-21 22:15:54,0.0
GEOP_20260402.csv,2025-12-21 22:18:54,0.0
GEOP_20260402.csv,2025-12-21 22:21:54,0.0
GEOP_20260402.csv,2025-12-21 22:24:54,0.0
GEOP_20260402.csv,2025-12-21 22:27:54,0.0
GEOP_20260402.csv,2025-12-21 22:30:54,0.0
GEOP_20260402.csv,2025-12-21 22:33:54,0.0
GEOP_20260402.csv,2025-12-21 22:36:54,0.0
GEOP_20260402.csv,2025-12-21 22:39:54,0.0
GEOP_20260402.csv,2025-12-21 22:42:54,0.0
GEOP_20260402.csv,2025-12-21 22:45:54,0.0
GEOP_20260402.csv,2025-12-21 22:48:54,0.0
GEOP_20260402.csv,2025-12-21 22:51:54,0.0
GEOP_20260402.csv,2025-12-21 22:54:54,0.0
GEOP_20260402.csv,2025-12-21 22:57:54,0.0
GEOP_20260402.csv,2025-12-21 23:00:54,0.0
GEOP_20260402.csv,2025-12-21 23:03:54,0.0
GEOP_20260402.csv,2025-12-21 23:06:54,0.0
GEOP_20260402.csv,2025-12-21 23:09:54,0.0
GEOP_20260402.csv,2025-12-21 23:12:54,0.0
GEOP_20260402.csv,2025-12-21 23:15:54,0.0
GEOP_20260402.csv,2025-12-21 23:18:54,0.0
GEOP_20260402.csv,2025-12-21 23:21:54,0.0
GEOP_20260402.csv,2025-12-21 23:24:54,0.0
GEOP_20260402.csv,2025-12-21 23:27:54,0.0
GEOP_20260402.csv,2025-12-21 23:30:54,0.0
GEOP_20260402.csv,2025-12-21 23:33:54,0.0
GEOP_20260402.csv,2025-12-21 23:36:54,0.0
GEOP_20260402.csv,2025-12-21 23:39:54,0.0
GEOP_20260402.csv,2025-12-21 23:42:54,0.0
GEOP_20260402.csv,2025-12-21 23:45:54,0.0
GEOP_20260402.csv,2025-12-21 23:48:54,0.0
GEOP_20260402.csv,2025-12-21 23:51:54,0.0
GEOP_20260402.csv,2025-12-21 23:54:54,0.0
GEOP_20260402.csv,2025-12-21 23:57:54,0.0
GEOP_20260402.csv,2025-12-22 00:00:54,0.0
GEOP_20260402.csv,2025-12-22 00:03:54,0.0
GEOP_20260402.csv,2025-12-22 00:06:54,0.0
GEOP_20260402.csv,2025-12-22 00:09:54,0.0
GEOP_20260402.csv,2025-12-22 00:12:54,0.0
GEOP_20260402.csv,2025-12-22 00:15:54,0.0
GEOP_20260402.csv,2025-12-22 00:18:54,0.0
GEOP_20260402.csv,2025-12-22 00:21:54,0.0
GEOP_20260402.csv,2025-12-22 00:24:54,0.0
GEOP_20260402.csv,2025-12-22 00:27:54,0.0
GEOP_20260402.csv,2025-12-22 00:30:54,0.0
GEOP_20260402.csv,2025-12-22 00:33:54,0.0
GEOP_20260402.csv,2025-12-22 00:36:54,0.0
GEOP_20260402.csv,2025-12-22 00:39:54,0.0
GEOP_20260402.csv,2025-12-22 00:42:54,0.0
GEOP_20260402.csv,2025-12-22 00:45:54,0.0
GEOP_20260402.csv,2025-12-22 00:48:54,0.0
GEOP_20260402.csv,2025-12-22 00:51:54,0.0
GEOP_20260402.csv,2025-12-22 00:54:54,0.0
GEOP_20260402.csv,2025-12-22 00:57:54,0.0
GEOP_20260402.csv,2025-12-22 01:00:54,0.0
GEOP_20260402.csv,2025-12-22 01:03:54,0.0
GEOP_20260402.csv,2025-12-22 01:06:54,0.0
GEOP_20260402.csv,2025-12-22 01:09:54,0.0
GEOP_20260402.csv,2025-12-22 01:12:54,0.0
GEOP_20260402.csv,2025-12-22 01:15:54,0.0
GEOP_20260402.csv,2025-12-22 01:18:54,0.0
GEOP_20260402.csv,2025-12-22 01:21:54,0.0
GEOP_20260402.csv,2025-12-22 01:24:54,0.0
GEOP_20260402.csv,2025-12-22 01:27:54,0.0
GEOP_20260402.csv,2025-12-22 01:30:54,0.0
GEOP_20260402.csv,2025-12-22 01:33:54,0.0
GEOP_20260402.csv,2025-12-22 01:36:54,0.0
GEOP_20260402.csv,2025-12-22 01:39:54,0.0
GEOP_20260402.csv,2025-12-22 01:42:54,0.0
GEOP_20260402.csv,2025-12-22 01:45:54,0.0
GEOP_20260402.csv,2025-12-22 01:48:54,0.0
GEOP_20260402.csv,2025-12-22 01:51:54,0.0
GEOP_20260402.csv,2025-12-22 01:54:54,0.0
GEOP_20260402.csv,2025-12-22 01:57:54,0.0
GEOP_20260402.csv,2025-12-22 02:00:54,0.0
GEOP_20260402.csv,2025-12-22 02:03:54,0.0
GEOP_20260402.csv,2025-12-22 02:06:54,0.0
GEOP_20260402.csv,2025-12-22 02:09:54,0.0
GEOP_20260402.csv,2025-12-22 02:12:54,0.0
GEOP_20260402.csv,2025-12-22 02:15:54,0.0
GEOP_20260402.csv,2025-12-22 02:18:54,0.0
GEOP_20260402.csv,2025-12-22 02:21:54,0.0
GEOP_20260402.csv,2025-12-22 02:24:54,0.0
GEOP_20260402.csv,2025-12-22 02:27:54,0.0
GEOP_20260402.csv,2025-12-22 02:30:54,0.0
GEOP_20260402.csv,2025-12-22 02:33:54,0.0
GEOP_20260402.csv,2025-12-22 02:36:54,0.0
GEOP_20260402.csv,2025-12-22 02:39:54,0.0
GEOP_20260402.csv,2025-12-22 02:42:54,0.0
GEOP_20260402.csv,2025-12-22 02:45:54,0.0
GEOP_20260402.csv,2025-12-22 02:48:54,0.0
GEOP_20260402.csv,2025-12-22 02:51:54,0.0
GEOP_20260402.csv,2025-12-22 02:54:54,0.0
GEOP_20260402.csv,2025-12-22 02:57:54,0.0
GEOP_20260402.csv,2025-12-22 03:00:54,0.0
GEOP_20260402.csv,2025-12-22 03:03:54,0.0
GEOP_20260402.csv,2025-12-22 03:06:54,0.0
GEOP_20260402.csv,2025-12-22 03:09:54,0.0
GEOP_20260402.csv,2025-12-22 03:12:54,0.0
GEOP_20260402.csv,2025-12-22 03:15:54,0.0
GEOP_20260402.csv,2025-12-22 03:18:54,0.0
GEOP_20260402.csv,2025-12-22 03:21:54,0.0
GEOP_20260402.csv,2025-12-22 03:24:54,0.0
GEOP_20260402.csv,2025-12-22 03:27:54,0.0
GEOP_20260402.csv,2025-12-22 03:30:54,0.0
GEOP_20260402.csv,2025-12-22 03:33:54,0.0
GEOP_20260402.csv,2025-12-22 03:36:54,0.0
GEOP_20260402.csv,2025-12-22 03:39:54,0.0
GEOP_20260402.csv,2025-12-22 03:42:54,0.0
GEOP_20260402.csv,2025-12-22 03:45:54,0.0
GEOP_20260402.csv,2025-12-22 03:48:54,0.0
GEOP_20260402.csv,2025-12-22 03:51:54,0.0
GEOP_20260402.csv,2025-12-22 03:54:54,0.0
GEOP_20260402.csv,2025-12-22 03:57:54,0.0
GEOP_20260402.csv,2025-12-22 04:00:54,0.0
GEOP_20260402.csv,2025-12-22 04:03:54,0.0
GEOP_20260402.csv,2025-12-22 04:06:54,0.0
GEOP_20260402.csv,2025-12-22 04:12:54,0.0
GEOP_20260402.csv,2025-12-22 04:15:54,0.0
GEOP_20260402.csv,2025-12-22 04:18:54,0.0
GEOP_20260402.csv,2025-12-22 04:21:54,0.0
GEOP_20260402.csv,2025-12-22 04:24:53,0.0
GEOP_20260402.csv,2025-12-22 04:27:54,0.0
GEOP_20260402.csv,2025-12-22 04:30:54,0.0
GEOP_20260402.csv,2025-12-22 04:33:53,0.0
GEOP_20260402.csv,2025-12-22 04:36:53,0.0
GEOP_20260402.csv,2025-12-22 04:39:54,0.0
GEOP_20260402.csv,2025-12-22 04:42:53,0.0
GEOP_20260402.csv,2025-12-22 04:45:53,0.0
GEOP_20260402.csv,2025-12-22 04:48:53,0.0
GEOP_20260402.csv,2025-12-22 04:51:53,0.0
GEOP_20260402.csv,2025-12-22 04:54:53,0.0
GEOP_20260402.csv,2025-12-22 04:57:53,0.0
GEOP_20260402.csv,2025-12-22 05:00:53,0.0
GEOP_20260402.csv,2025-12-22 05:03:53,0.0
GEOP_20260402.csv,2025-12-22 05:06:53,0.0
GEOP_20260402.csv,2025-12-22 05:09:53,0.0
GEOP_20260402.csv,2025-12-22 05:12:53,0.0
GEOP_20260402.csv,2025-12-22 05:15:53,0.0
GEOP_20260402.csv,2025-12-22 05:18:53,0.0
GEOP_20260402.csv,2025-12-22 05:21:53,0.0
GEOP_20260402.csv,2025-12-22 05:24:53,0.0
GEOP_20260402.csv,2025-12-22 05:27:53,0.0
GEOP_20260402.csv,2025-12-22 05:30:53,0.0
GEOP_20260402.csv,2025-12-22 05:33:53,0.0
GEOP_20260402.csv,2025-12-22 05:36:53,0.0
GEOP_20260402.csv,2025-12-22 05:39:53,0.0
GEOP_20260402.csv,2025-12-22 05:42:53,0.0
GEOP_20260402.csv,2025-12-22 05:45:53,0.0
GEOP_20260402.csv,2025-12-22 05:48:53,0.0
GEOP_20260402.csv,2025-12-22 05:51:53,0.0
GEOP_20260402.csv,2025-12-22 05:54:53,0.0
GEOP_20260402.csv,2025-12-22 05:57:53,0.0
GEOP_20260402.csv,2025-12-22 06:00:53,0.0
GEOP_20260402.csv,2025-12-22 06:03:53,0.0
GEOP_20260402.csv,2025-12-22 06:06:53,0.0
GEOP_20260402.csv,2025-12-22 06:09:53,0.0
GEOP_20260402.csv,2025-12-22 06:12:53,0.0
GEOP_20260402.csv,2025-12-22 06:15:53,0.0
GEOP_20260402.csv,2025-12-22 06:18:53,0.0
GEOP_20260402.csv,2025-12-22 06:21:53,0.0
GEOP_20260402.csv,2025-12-22 06:24:53,0.0
GEOP_20260402.csv,2025-12-22 06:27:53,0.0
GEOP_20260402.csv,2025-12-22 06:30:53,0.0
GEOP_20260402.csv,2025-12-22 06:33:53,0.0
GEOP_20260402.csv,2025-12-22 06:36:53,0.0
GEOP_20260402.csv,2025-12-22 06:39:53,0.0
GEOP_20260402.csv,2025-12-22 06:42:53,0.0
GEOP_20260402.csv,2025-12-22 06:45:53,0.0
GEOP_20260402.csv,2025-12-22 06:48:53,0.0
GEOP_20260402.csv,2025-12-22 06:51:53,0.0
GEOP_20260402.csv,2025-12-22 06:54:53,0.0
GEOP_20260402.csv,2025-12-22 06:57:53,0.0
GEOP_20260402.csv,2025-12-22 07:00:53,0.0
GEOP_20260402.csv,2025-12-22 07:03:53,0.0
GEOP_20260402.csv,2025-12-22 07:06:53,0.0
GEOP_20260402.csv,2025-12-22 07:09:53,0.0
GEOP_20260402.csv,2025-12-22 07:12:53,0.0
GEOP_20260402.csv,2025-12-22 07:15:53,0.0
GEOP_20260402.csv,2025-12-22 07:18:53,0.0
GEOP_20260402.csv,2025-12-22 07:21:53,0.0
GEOP_20260402.csv,2025-12-22 07:24:53,0.0
GEOP_20260402.csv,2025-12-22 07:27:53,0.0
GEOP_20260402.csv,2025-12-22 07:30:53,0.0
GEOP_20260402.csv,2025-12-22 07:33:53,0.0
GEOP_20260402.csv,2025-12-22 07:36:53,0.0
GEOP_20260402.csv,2025-12-22 07:39:53,0.0
GEOP_20260402.csv,2025-12-22 07:42:53,0.0
GEOP_20260402.csv,2025-12-22 07:45:53,0.0
GEOP_20260402.csv,2025-12-22 07:48:53,0.0
GEOP_20260402.csv,2025-12-22 07:51:53,0.0
GEOP_20260402.csv,2025-12-22 07:54:53,0.0
GEOP_20260402.csv,2025-12-22 07:57:53,0.0
GEOP_20260402.csv,2025-12-22 08:00:53,0.0
GEOP_20260402.csv,2025-12-22 08:03:53,0.0
GEOP_20260402.csv,2025-12-22 08:06:53,0.0
GEOP_20260402.csv,2025-12-22 08:09:53,0.0
GEOP_20260402.csv,2025-12-22 08:12:53,0.0
GEOP_20260402.csv,2025-12-22 08:15:53,0.0
GEOP_20260402.csv,2025-12-22 08:18:53,0.0
GEOP_20260402.csv,2025-12-22 08:21:53,0.0
GEOP_20260402.csv,2025-12-22 08:24:53,0.0
GEOP_20260402.csv,2025-12-22 08:27:53,0.0
GEOP_20260402.csv,2025-12-22 08:30:53,0.0
GEOP_20260402.csv,2025-12-22 08:33:53,0.0
GEOP_20260402.csv,2025-12-22 08:36:53,0.0
GEOP_20260402.csv,2025-12-22 08:39:53,0.0
GEOP_20260402.csv,2025-12-22 08:42:53,0.0
GEOP_20260402.csv,2025-12-22 08:45:53,0.0
GEOP_20260402.csv,2025-12-22 08:48:53,0.0
GEOP_20260402.csv,2025-12-22 08:51:56,0.0
GEOP_20260402.csv,2025-12-22 08:54:53,0.0
GEOP_20260402.csv,2025-12-22 08:57:53,0.0
GEOP_20260402.csv,2025-12-22 09:00:53,0.0
GEOP_20260402.csv,2025-12-22 09:03:53,0.0
GEOP_20260402.csv,2025-12-22 09:06:53,0.0
GEOP_20260402.csv,2025-12-22 09:09:53,0.0
GEOP_20260402.csv,2025-12-22 09:12:53,0.0
GEOP_20260402.csv,2025-12-22 09:15:53,0.0
GEOP_20260402.csv,2025-12-22 09:18:53,0.0
GEOP_20260402.csv,2025-12-22 09:21:53,0.0
GEOP_20260402.csv,2025-12-22 09:24:53,0.0
GEOP_20260402.csv,2025-12-22 09:27:53,0.0
GEOP_20260402.csv,2025-12-22 09:30:53,0.0
GEOP_20260402.csv,2025-12-22 09:33:53,0.0
GEOP_20260402.csv,2025-12-22 09:36:53,0.0
GEOP_20260402.csv,2025-12-22 09:39:53,0.0
GEOP_20260402.csv,2025-12-22 09:42:53,0.0
GEOP_20260402.csv,2025-12-22 09:45:53,0.0
GEOP_20260402.csv,2025-12-22 09:48:53,0.0
GEOP_20260402.csv,2025-12-22 09:51:53,0.0
GEOP_20260402.csv,2025-12-22 09:54:53,0.0
GEOP_20260402.csv,2025-12-22 09:57:53,0.0
GEOP_20260402.csv,2025-12-22 10:00:53,0.0
GEOP_20260402.csv,2025-12-22 10:03:53,0.0
GEOP_20260402.csv,2025-12-22 10:06:53,0.0
GEOP_20260402.csv,2025-12-22 10:09:53,0.0
GEOP_20260402.csv,2025-12-22 10:12:53,0.0
GEOP_20260402.csv,2025-12-22 10:15:53,0.0
GEOP_20260402.csv,2025-12-22 10:18:53,0.0
GEOP_20260402.csv,2025-12-22 10:21:53,0.0
GEOP_20260402.csv,2025-12-22 10:24:53,0.0
GEOP_20260402.csv,2025-12-22 10:27:53,0.0
GEOP_20260402.csv,2025-12-22 10:30:53,0.0
GEOP_20260402.csv,2025-12-22 10:33:53,0.0
GEOP_20260402.csv,2025-12-22 10:36:53,0.0
GEOP_20260402.csv,2025-12-22 10:39:53,0.0
GEOP_20260402.csv,2025-12-22 10:42:53,0.0
GEOP_20260402.csv,2025-12-22 10:45:53,0.0
GEOP_20260402.csv,2025-12-22 10:48:53,0.0
GEOP_20260402.csv,2025-12-22 10:51:53,0.0
GEOP_20260402.csv,2025-12-22 10:54:53,0.0
GEOP_20260402.csv,2025-12-22 10:57:53,0.0
GEOP_20260402.csv,2025-12-22 11:00:53,0.0
GEOP_20260402.csv,2025-12-22 11:03:53,0.0
GEOP_20260402.csv,2025-12-22 11:06:53,0.0
GEOP_20260402.csv,2025-12-22 11:09:53,0.0
GEOP_20260402.csv,2025-12-22 11:12:53,0.0
GEOP_20260402.csv,2025-12-22 11:15:53,0.0
GEOP_20260402.csv,2025-12-22 11:18:53,0.0
GEOP_20260402.csv,2025-12-22 11:21:53,0.0
GEOP_20260402.csv,2025-12-22 11:24:53,0.0
GEOP_20260402.csv,2025-12-22 11:27:53,0.0
GEOP_20260402.csv,2025-12-22 11:30:53,0.0
GEOP_20260402.csv,2025-12-22 11:33:53,0.0
GEOP_20260402.csv,2025-12-22 11:36:53,0.0
GEOP_20260402.csv,2025-12-22 11:39:53,0.0
GEOP_20260402.csv,2025-12-22 11:42:53,0.0
GEOP_20260402.csv,2025-12-22 11:45:53,0.0
GEOP_20260402.csv,2025-12-22 11:48:53,0.0
GEOP_20260402.csv,2025-12-22 11:51:53,0.0
GEOP_20260402.csv,2025-12-22 11:54:53,0.0
GEOP_20260402.csv,2025-12-22 11:57:53,0.0
GEOP_20260402.csv,2025-12-22 12:00:53,0.0
GEOP_20260402.csv,2025-12-22 12:03:53,0.0
GEOP_20260402.csv,2025-12-22 12:06:53,0.0
GEOP_20260402.csv,2025-12-22 12:09:53,0.0
GEOP_20260402.csv,2025-12-22 12:12:53,0.0
GEOP_20260402.csv,2025-12-22 12:15:53,0.0
GEOP_20260402.csv,2025-12-22 12:18:53,0.0
GEOP_20260402.csv,2025-12-22 12:21:53,0.0
GEOP_20260402.csv,2025-12-22 12:24:53,0.0
GEOP_20260402.csv,2025-12-22 12:27:53,0.0
GEOP_20260402.csv,2025-12-22 12:30:53,0.0
GEOP_20260402.csv,2025-12-22 12:33:53,0.0
GEOP_20260402.csv,2025-12-22 12:36:53,0.0
GEOP_20260402.csv,2025-12-22 12:39:53,0.0
GEOP_20260402.csv,2025-12-22 12:42:53,0.0
GEOP_20260402.csv,2025-12-22 12:45:53,0.0
GEOP_20260402.csv,2025-12-22 12:48:53,0.0
GEOP_20260402.csv,2025-12-22 12:51:53,0.0
GEOP_20260402.csv,2025-12-22 12:54:53,0.0
GEOP_20260402.csv,2025-12-22 12:57:53,0.0
GEOP_20260402.csv,2025-12-22 13:00:53,0.0
GEOP_20260402.csv,2025-12-22 13:03:53,0.0
GEOP_20260402.csv,2025-12-22 13:06:53,0.0
GEOP_20260402.csv,2025-12-22 13:09:53,0.0
GEOP_20260402.csv,2025-12-22 13:12:53,0.0
GEOP_20260402.csv,2025-12-22 13:15:53,0.0
GEOP_20260402.csv,2025-12-22 13:18:53,0.0
GEOP_20260402.csv,2025-12-22 13:21:53,0.0
GEOP_20260402.csv,2025-12-22 13:24:53,0.0
GEOP_20260402.csv,2025-12-22 13:27:53,0.0
GEOP_20260402.csv,2025-12-22 13:30:53,0.0
GEOP_20260402.csv,2025-12-22 13:33:53,0.0
GEOP_20260402.csv,2025-12-22 13:36:53,0.0
GEOP_20260402.csv,2025-12-22 13:39:53,0.0
GEOP_20260402.csv,2025-12-22 13:42:53,0.0
GEOP_20260402.csv,2025-12-22 13:45:53,0.0
GEOP_20260402.csv,2025-12-22 13:48:53,0.0
GEOP_20260402.csv,2025-12-22 13:51:53,0.0
GEOP_20260402.csv,2025-12-22 13:54:53,0.0
GEOP_20260402.csv,2025-12-22 13:57:53,0.0
GEOP_20260402.csv,2025-12-22 14:00:53,0.0
GEOP_20260402.csv,2025-12-22 14:03:53,0.0
GEOP_20260402.csv,2025-12-22 14:06:53,0.0
GEOP_20260402.csv,2025-12-22 14:09:53,0.0
GEOP_20260402.csv,2025-12-22 14:12:53,0.0
GEOP_20260402.csv,2025-12-22 14:15:53,0.0
GEOP_20260402.csv,2025-12-22 14:18:53,0.0
GEOP_20260402.csv,2025-12-22 14:21:53,0.0
GEOP_20260402.csv,2025-12-22 14:24:53,0.0
GEOP_20260402.csv,2025-12-22 14:27:53,0.0
GEOP_20260402.csv,2025-12-22 14:30:53,0.0
GEOP_20260402.csv,2025-12-22 14:33:53,0.0
GEOP_20260402.csv,2025-12-22 14:36:53,0.0
GEOP_20260402.csv,2025-12-22 14:39:53,0.0
GEOP_20260402.csv,2025-12-22 14:42:53,0.0
GEOP_20260402.csv,2025-12-22 14:45:53,0.0
GEOP_20260402.csv,2025-12-22 14:48:53,0.0
GEOP_20260402.csv,2025-12-22 14:51:53,0.0
GEOP_20260402.csv,2025-12-22 14:54:53,0.0
GEOP_20260402.csv,2025-12-22 14:57:53,0.0
GEOP_20260402.csv,2025-12-22 15:00:53,0.0
GEOP_20260402.csv,2025-12-22 15:03:53,0.0
GEOP_20260402.csv,2025-12-22 15:06:53,0.0
GEOP_20260402.csv,2025-12-22 15:09:53,0.0
GEOP_20260402.csv,2025-12-22 15:12:53,0.0
GEOP_20260402.csv,2025-12-22 15:15:53,0.0
GEOP_20260402.csv,2025-12-22 15:18:53,0.0
GEOP_20260402.csv,2025-12-22 15:21:53,0.0
GEOP_20260402.csv,2025-12-22 15:24:53,0.0
GEOP_20260402.csv,2025-12-22 15:27:53,0.0
GEOP_20260402.csv,2025-12-22 15:30:53,0.0
GEOP_20260402.csv,2025-12-22 15:33:53,0.0
GEOP_20260402.csv,2025-12-22 15:36:53,0.0
GEOP_20260402.csv,2025-12-22 15:39:53,0.0
GEOP_20260402.csv,2025-12-22 15:42:53,0.0
GEOP_20260402.csv,2025-12-22 15:45:53,0.0
GEOP_20260402.csv,2025-12-22 15:48:53,0.0
GEOP_20260402.csv,2025-12-22 15:51:53,0.0
GEOP_20260402.csv,2025-12-22 15:54:53,0.0
GEOP_20260402.csv,2025-12-22 15:57:53,0.0
GEOP_20260402.csv,2025-12-22 16:00:53,0.0
GEOP_20260402.csv,2025-12-22 16:03:53,0.0
GEOP_20260402.csv,2025-12-22 16:06:53,0.0
GEOP_20260402.csv,2025-12-22 16:09:53,0.0
GEOP_20260402.csv,2025-12-22 16:12:53,0.0
GEOP_20260402.csv,2025-12-22 16:15:53,0.0
GEOP_20260402.csv,2025-12-22 16:18:53,0.0
GEOP_20260402.csv,2025-12-22 16:21:53,0.0
GEOP_20260402.csv,2025-12-22 16:24:53,0.0
GEOP_20260402.csv,2025-12-22 16:27:53,0.0
GEOP_20260402.csv,2025-12-22 16:30:53,0.0
GEOP_20260402.csv,2025-12-22 16:33:53,0.0
GEOP_20260402.csv,2025-12-22 16:36:53,0.0
GEOP_20260402.csv,2025-12-22 16:39:53,0.0
GEOP_20260402.csv,2025-12-22 16:42:53,0.0
GEOP_20260402.csv,2025-12-22 16:45:53,0.0
GEOP_20260402.csv,2025-12-22 16:48:53,0.0
GEOP_20260402.csv,2025-12-22 16:51:53,0.0
GEOP_20260402.csv,2025-12-22 16:54:53,0.0
GEOP_20260402.csv,2025-12-22 16:57:53,0.0
GEOP_20260402.csv,2025-12-22 17:00:53,0.0
GEOP_20260402.csv,2025-12-22 17:03:53,0.0
GEOP_20260402.csv,2025-12-22 17:06:53,0.0
GEOP_20260402.csv,2025-12-22 17:09:53,0.0
GEOP_20260402.csv,2025-12-22 17:12:53,0.0
GEOP_20260402.csv,2025-12-22 17:15:53,0.0
GEOP_20260402.csv,2025-12-22 17:18:53,0.0
GEOP_20260402.csv,2025-12-22 17:21:53,0.0
GEOP_20260402.csv,2025-12-22 17:24:53,0.0
GEOP_20260402.csv,2025-12-22 17:27:53,0.0
GEOP_20260402.csv,2025-12-22 17:30:53,0.0
GEOP_20260402.csv,2025-12-22 17:33:53,0.0
GEOP_20260402.csv,2025-12-22 17:36:53,0.0
GEOP_20260402.csv,2025-12-22 17:39:53,0.0
GEOP_20260402.csv,2025-12-22 17:42:53,0.0
GEOP_20260402.csv,2025-12-22 17:45:53,0.0
GEOP_20260402.csv,2025-12-22 17:48:53,0.0
GEOP_20260402.csv,2025-12-22 17:51:53,0.0
GEOP_20260402.csv,2025-12-22 17:54:53,0.0
GEOP_20260402.csv,2025-12-22 17:57:53,0.0
GEOP_20260402.csv,2025-12-22 18:00:53,0.0
GEOP_20260402.csv,2025-12-22 18:03:53,0.0
GEOP_20260402.csv,2025-12-22 18:06:53,0.0
GEOP_20260402.csv,2025-12-22 18:09:53,0.0
GEOP_20260402.csv,2025-12-22 18:12:53,0.0
GEOP_20260402.csv,2025-12-22 18:15:53,0.0
GEOP_20260402.csv,2025-12-22 18:18:53,0.0
GEOP_20260402.csv,2025-12-22 18:21:53,0.0
GEOP_20260402.csv,2025-12-22 18:24:53,0.0
GEOP_20260402.csv,2025-12-22 18:27:53,0.0
GEOP_20260402.csv,2025-12-22 18:30:53,0.0
GEOP_20260402.csv,2025-12-22 18:33:53,0.0
GEOP_20260402.csv,2025-12-22 18:36:53,0.0
GEOP_20260402.csv,2025-12-22 18:39:53,0.0
GEOP_20260402.csv,2025-12-22 18:42:53,0.0
GEOP_20260402.csv,2025-12-22 18:45:53,0.0
GEOP_20260402.csv,2025-12-22 18:48:53,0.0
GEOP_20260402.csv,2025-12-22 18:51:53,0.0
GEOP_20260402.csv,2025-12-22 18:54:53,0.0
GEOP_20260402.csv,2025-12-22 18:57:53,0.0
GEOP_20260402.csv,2025-12-22 19:00:53,0.0
GEOP_20260402.csv,2025-12-22 19:03:53,0.0
GEOP_20260402.csv,2025-12-22 19:06:53,0.0
GEOP_20260402.csv,2025-12-22 19:09:53,0.0
GEOP_20260402.csv,2025-12-22 19:12:53,0.0
GEOP_20260402.csv,2025-12-22 19:15:53,0.0
GEOP_20260402.csv,2025-12-22 19:18:53,0.0
GEOP_20260402.csv,2025-12-22 19:21:53,0.0
GEOP_20260402.csv,2025-12-22 19:24:53,0.0
GEOP_20260402.csv,2025-12-22 19:27:53,0.0
GEOP_20260402.csv,2025-12-22 19:30:52,0.0
GEOP_20260402.csv,2025-12-22 19:33:53,0.0
GEOP_20260402.csv,2025-12-22 19:36:53,0.0
GEOP_20260402.csv,2025-12-22 19:39:53,0.0
GEOP_20260402.csv,2025-12-22 19:42:52,0.0
GEOP_20260402.csv,2025-12-22 19:45:52,0.0
GEOP_20260402.csv,2025-12-22 19:48:53,0.0
GEOP_20260402.csv,2025-12-22 19:51:53,0.0
GEOP_20260402.csv,2025-12-22 19:54:52,0.0
GEOP_20260402.csv,2025-12-22 19:57:52,0.0
GEOP_20260402.csv,2025-12-22 20:00:53,0.0
GEOP_20260402.csv,2025-12-22 20:03:52,0.0
GEOP_20260402.csv,2025-12-22 20:06:52,0.0
GEOP_20260402.csv,2025-12-22 20:09:52,0.0
GEOP_20260402.csv,2025-12-22 20:12:52,0.0
GEOP_20260402.csv,2025-12-22 20:15:52,0.0
GEOP_20260402.csv,2025-12-22 20:18:52,0.0
GEOP_20260402.csv,2025-12-22 20:21:52,0.0
GEOP_20260402.csv,2025-12-22 20:24:52,0.0
GEOP_20260402.csv,2025-12-22 20:27:52,0.0
GEOP_20260402.csv,2025-12-22 20:30:52,0.0
GEOP_20260402.csv,2025-12-22 20:33:52,0.0
GEOP_20260402.csv,2025-12-22 20:36:52,0.0
GEOP_20260402.csv,2025-12-22 20:39:52,0.0
GEOP_20260402.csv,2025-12-22 20:42:52,0.0
GEOP_20260402.csv,2025-12-22 20:45:52,0.0
GEOP_20260402.csv,2025-12-22 20:48:52,0.0
GEOP_20260402.csv,2025-12-22 20:51:52,0.0
GEOP_20260402.csv,2025-12-22 20:54:52,0.0
GEOP_20260402.csv,2025-12-22 20:57:52,0.0
GEOP_20260402.csv,2025-12-22 21:00:52,0.0
GEOP_20260402.csv,2025-12-22 21:03:52,0.0
GEOP_20260402.csv,2025-12-22 21:06:52,0.0
GEOP_20260402.csv,2025-12-22 21:09:52,0.0
GEOP_20260402.csv,2025-12-22 21:12:52,0.0
GEOP_20260402.csv,2025-12-22 21:15:52,0.0
GEOP_20260402.csv,2025-12-22 21:18:52,0.0
GEOP_20260402.csv,2025-12-22 21:21:52,0.0
GEOP_20260402.csv,2025-12-22 21:24:52,0.0
GEOP_20260402.csv,2025-12-22 21:27:52,0.0
GEOP_20260402.csv,2025-12-22 21:30:52,0.0
GEOP_20260402.csv,2025-12-22 21:33:52,0.0
GEOP_20260402.csv,2025-12-22 21:36:52,0.0
GEOP_20260402.csv,2025-12-22 21:39:52,0.0
GEOP_20260402.csv,2025-12-22 21:42:52,0.0
GEOP_20260402.csv,2025-12-22 21:45:52,0.0
GEOP_20260402.csv,2025-12-22 21:48:52,0.0
GEOP_20260402.csv,2025-12-22 21:51:52,0.0
GEOP_20260402.csv,2025-12-22 21:54:52,0.0
GEOP_20260402.csv,2025-12-22 21:57:52,0.0
GEOP_20260402.csv,2025-12-22 22:00:52,0.0
GEOP_20260402.csv,2025-12-22 22:03:52,0.0
GEOP_20260402.csv,2025-12-22 22:06:52,0.0
GEOP_20260402.csv,2025-12-22 22:09:52,0.0
GEOP_20260402.csv,2025-12-22 22:12:52,0.0
GEOP_20260402.csv,2025-12-22 22:15:52,0.0
GEOP_20260402.csv,2025-12-22 22:18:52,0.0
GEOP_20260402.csv,2025-12-22 22:21:52,0.0
GEOP_20260402.csv,2025-12-22 22:24:52,0.0
GEOP_20260402.csv,2025-12-22 22:27:52,0.0
GEOP_20260402.csv,2025-12-22 22:30:52,0.0
GEOP_20260402.csv,2025-12-22 22:33:52,0.0
GEOP_20260402.csv,2025-12-22 22:36:52,0.0
GEOP_20260402.csv,2025-12-22 22:39:52,0.0
GEOP_20260402.csv,2025-12-22 22:42:52,0.0
GEOP_20260402.csv,2025-12-22 22:45:52,0.0
GEOP_20260402.csv,2025-12-22 22:48:52,0.0
GEOP_20260402.csv,2025-12-22 22:51:52,0.0
GEOP_20260402.csv,2025-12-22 22:54:52,0.0
GEOP_20260402.csv,2025-12-22 22:57:52,0.0
GEOP_20260402.csv,2025-12-22 23:00:52,0.0
GEOP_20260402.csv,2025-12-22 23:03:52,0.0
GEOP_20260402.csv,2025-12-22 23:06:52,0.0
GEOP_20260402.csv,2025-12-22 23:09:52,0.0
GEOP_20260402.csv,2025-12-22 23:12:52,0.0
GEOP_20260402.csv,2025-12-22 23:15:52,0.0
GEOP_20260402.csv,2025-12-22 23:18:52,0.0
GEOP_20260402.csv,2025-12-22 23:21:52,0.0
GEOP_20260402.csv,2025-12-22 23:24:52,0.0
GEOP_20260402.csv,2025-12-22 23:27:52,0.0
GEOP_20260402.csv,2025-12-22 23:30:52,0.0
GEOP_20260402.csv,2025-12-22 23:33:52,0.0
GEOP_20260402.csv,2025-12-22 23:36:52,0.0
GEOP_20260402.csv,2025-12-22 23:39:52,0.0
GEOP_20260402.csv,2025-12-22 23:42:52,0.0
GEOP_20260402.csv,2025-12-22 23:45:52,0.0
GEOP_20260402.csv,2025-12-22 23:48:52,0.0
GEOP_20260402.csv,2025-12-22 23:51:52,0.0
GEOP_20260402.csv,2025-12-22 23:54:52,0.0
GEOP_20260402.csv,2025-12-22 23:57:52,0.0
GEOP_20260402.csv,2025-12-23 00:00:52,0.0
GEOP_20260402.csv,2025-12-23 00:03:52,0.0
GEOP_20260402.csv,2025-12-23 00:06:52,0.0
GEOP_20260402.csv,2025-12-23 00:09:52,0.0
GEOP_20260402.csv,2025-12-23 00:12:52,0.0
GEOP_20260402.csv,2025-12-23 00:15:52,0.0
GEOP_20260402.csv,2025-12-23 00:18:52,0.0
GEOP_20260402.csv,2025-12-23 00:21:52,0.0
GEOP_20260402.csv,2025-12-23 00:24:52,0.0
GEOP_20260402.csv,2025-12-23 00:27:52,0.0
GEOP_20260402.csv,2025-12-23 00:30:52,0.0
GEOP_20260402.csv,2025-12-23 00:33:52,0.0
GEOP_20260402.csv,2025-12-23 00:36:52,0.0
GEOP_20260402.csv,2025-12-23 00:39:52,0.0
GEOP_20260402.csv,2025-12-23 00:42:52,0.0
GEOP_20260402.csv,2025-12-23 00:45:52,0.0
GEOP_20260402.csv,2025-12-23 00:48:52,0.0
GEOP_20260402.csv,2025-12-23 00:51:52,0.0
GEOP_20260402.csv,2025-12-23 00:54:52,0.0
GEOP_20260402.csv,2025-12-23 00:57:52,0.0
GEOP_20260402.csv,2025-12-23 01:00:52,0.0
GEOP_20260402.csv,2025-12-23 01:03:52,0.0
GEOP_20260402.csv,2025-12-23 01:06:52,0.0
GEOP_20260402.csv,2025-12-23 01:09:52,0.0
GEOP_20260402.csv,2025-12-23 01:12:52,0.0
GEOP_20260402.csv,2025-12-23 01:15:52,0.0
GEOP_20260402.csv,2025-12-23 01:18:52,0.0
GEOP_20260402.csv,2025-12-23 01:21:52,0.0
GEOP_20260402.csv,2025-12-23 01:24:52,0.0
GEOP_20260402.csv,2025-12-23 01:27:52,0.0
GEOP_20260402.csv,2025-12-23 01:30:52,0.0
GEOP_20260402.csv,2025-12-23 01:33:52,0.0
GEOP_20260402.csv,2025-12-23 01:36:52,0.0
GEOP_20260402.csv,2025-12-23 01:39:52,0.0
GEOP_20260402.csv,2025-12-23 01:42:52,0.0
GEOP_20260402.csv,2025-12-23 01:45:52,0.0
GEOP_20260402.csv,2025-12-23 01:48:52,0.0
GEOP_20260402.csv,2025-12-23 01:51:52,0.0
GEOP_20260402.csv,2025-12-23 01:54:52,0.0
GEOP_20260402.csv,2025-12-23 01:57:52,0.0
GEOP_20260402.csv,2025-12-23 02:00:52,0.0
GEOP_20260402.csv,2025-12-23 02:03:52,0.0
GEOP_20260402.csv,2025-12-23 02:06:52,0.0
GEOP_20260402.csv,2025-12-23 02:09:52,0.0
GEOP_20260402.csv,2025-12-23 02:12:52,0.0
GEOP_20260402.csv,2025-12-23 02:15:52,0.0
GEOP_20260402.csv,2025-12-23 02:18:52,0.0
GEOP_20260402.csv,2025-12-23 02:21:52,0.0
GEOP_20260402.csv,2025-12-23 02:24:52,0.0
GEOP_20260402.csv,2025-12-23 02:27:52,0.0
GEOP_20260402.csv,2025-12-23 02:30:52,0.0
GEOP_20260402.csv,2025-12-23 02:33:52,0.0
GEOP_20260402.csv,2025-12-23 02:36:52,0.0
GEOP_20260402.csv,2025-12-23 02:39:52,0.0
GEOP_20260402.csv,2025-12-23 02:42:52,0.0
GEOP_20260402.csv,2025-12-23 02:45:52,0.0
GEOP_20260402.csv,2025-12-23 02:48:52,0.0
GEOP_20260402.csv,2025-12-23 02:51:52,0.0
GEOP_20260402.csv,2025-12-23 02:54:52,0.0
GEOP_20260402.csv,2025-12-23 02:57:52,0.0
GEOP_20260402.csv,2025-12-23 03:00:52,0.0
GEOP_20260402.csv,2025-12-23 03:03:52,0.0
GEOP_20260402.csv,2025-12-23 03:06:52,0.0
GEOP_20260402.csv,2025-12-23 03:09:52,0.0
GEOP_20260402.csv,2025-12-23 03:12:52,0.0
GEOP_20260402.csv,2025-12-23 03:15:52,0.0
GEOP_20260402.csv,2025-12-23 03:18:52,0.0
GEOP_20260402.csv,2025-12-23 03:21:52,0.0
GEOP_20260402.csv,2025-12-23 03:24:52,0.0
GEOP_20260402.csv,2025-12-23 03:27:52,0.0
GEOP_20260402.csv,2025-12-23 03:30:52,0.0
GEOP_20260402.csv,2025-12-23 03:33:52,0.0
GEOP_20260402.csv,2025-12-23 03:36:52,0.0
GEOP_20260402.csv,2025-12-23 03:39:52,0.0
GEOP_20260402.csv,2025-12-23 03:42:52,0.0
GEOP_20260402.csv,2025-12-23 03:45:52,0.0
GEOP_20260402.csv,2025-12-23 03:48:52,0.0
GEOP_20260402.csv,2025-12-23 03:51:52,0.0
GEOP_20260402.csv,2025-12-23 03:54:52,0.0
GEOP_20260402.csv,2025-12-23 03:57:52,0.0
GEOP_20260402.csv,2025-12-23 04:00:52,0.0
GEOP_20260402.csv,2025-12-23 04:03:52,0.0
GEOP_20260402.csv,2025-12-23 04:06:52,0.0
GEOP_20260402.csv,2025-12-23 04:09:52,0.0
GEOP_20260402.csv,2025-12-23 04:12:51,0.0
GEOP_20260402.csv,2025-12-23 04:15:51,0.0
GEOP_20260402.csv,2025-12-23 04:18:51,0.0
GEOP_20260402.csv,2025-12-23 04:21:51,0.0
GEOP_20260402.csv,2025-12-23 04:24:51,0.0
GEOP_20260402.csv,2025-12-23 04:27:51,0.0
GEOP_20260402.csv,2025-12-23 04:30:51,0.0
GEOP_20260402.csv,2025-12-23 04:33:51,0.0
GEOP_20260402.csv,2025-12-23 04:36:51,0.0
GEOP_20260402.csv,2025-12-23 04:39:51,0.0
GEOP_20260402.csv,2025-12-23 04:42:51,0.0
GEOP_20260402.csv,2025-12-23 04:45:51,0.0
GEOP_20260402.csv,2025-12-23 04:48:51,0.0
GEOP_20260402.csv,2025-12-23 04:51:51,0.0
GEOP_20260402.csv,2025-12-23 04:57:51,0.0
GEOP_20260402.csv,2025-12-23 05:00:51,0.0
GEOP_20260402.csv,2025-12-23 05:03:51,0.0
GEOP_20260402.csv,2025-12-23 05:06:51,0.0
GEOP_20260402.csv,2025-12-23 05:09:51,0.0
GEOP_20260402.csv,2025-12-23 05:12:51,0.0
GEOP_20260402.csv,2025-12-23 05:15:51,0.0
GEOP_20260402.csv,2025-12-23 05:18:51,0.0
GEOP_20260402.csv,2025-12-23 05:21:51,0.0
GEOP_20260402.csv,2025-12-23 05:24:51,0.0
GEOP_20260402.csv,2025-12-23 05:27:51,0.0
GEOP_20260402.csv,2025-12-23 05:30:51,0.0
GEOP_20260402.csv,2025-12-23 05:33:51,0.0
GEOP_20260402.csv,2025-12-23 05:36:51,0.0
GEOP_20260402.csv,2025-12-23 05:39:51,0.0
GEOP_20260402.csv,2025-12-23 05:42:51,0.0
GEOP_20260402.csv,2025-12-23 05:45:51,0.0
GEOP_20260402.csv,2025-12-23 05:48:51,0.0
GEOP_20260402.csv,2025-12-23 05:51:51,0.0
GEOP_20260402.csv,2025-12-23 05:54:51,0.0
GEOP_20260402.csv,2025-12-23 05:57:51,0.0
GEOP_20260402.csv,2025-12-23 06:00:51,0.0
GEOP_20260402.csv,2025-12-23 06:03:51,0.0
GEOP_20260402.csv,2025-12-23 06:06:51,0.0
GEOP_20260402.csv,2025-12-23 06:09:51,0.0
GEOP_20260402.csv,2025-12-23 06:12:51,0.0
GEOP_20260402.csv,2025-12-23 06:15:51,0.0
GEOP_20260402.csv,2025-12-23 06:18:51,0.0
GEOP_20260402.csv,2025-12-23 06:21:51,0.0
GEOP_20260402.csv,2025-12-23 06:24:51,0.0
GEOP_20260402.csv,2025-12-23 06:30:51,0.0
GEOP_20260402.csv,2025-12-23 06:33:51,0.0
GEOP_20260402.csv,2025-12-23 06:36:51,0.0
GEOP_20260402.csv,2025-12-23 06:39:51,0.0
GEOP_20260402.csv,2025-12-23 06:42:51,0.0
GEOP_20260402.csv,2025-12-23 06:45:51,0.0
GEOP_20260402.csv,2025-12-23 06:48:51,0.0
GEOP_20260402.csv,2025-12-23 06:51:51,0.0
GEOP_20260402.csv,2025-12-23 06:57:51,0.0
GEOP_20260402.csv,2025-12-23 07:03:51,0.0
GEOP_20260402.csv,2025-12-23 07:06:51,0.0
GEOP_20260402.csv,2025-12-23 07:09:51,0.0
GEOP_20260402.csv,2025-12-23 07:12:51,0.0
GEOP_20260402.csv,2025-12-23 07:15:51,0.0
GEOP_20260402.csv,2025-12-23 07:18:51,0.0
GEOP_20260402.csv,2025-12-23 07:21:51,0.0
GEOP_20260402.csv,2025-12-23 07:24:51,0.0
GEOP_20260402.csv,2025-12-23 07:27:51,0.0
GEOP_20260402.csv,2025-12-23 07:30:51,0.0
GEOP_20260402.csv,2025-12-23 07:33:51,0.0
GEOP_20260402.csv,2025-12-23 07:39:51,0.0
GEOP_20260402.csv,2025-12-23 07:42:51,0.0
GEOP_20260402.csv,2025-12-23 07:45:51,0.0
GEOP_20260402.csv,2025-12-23 07:48:51,0.0
GEOP_20260402.csv,2025-12-23 07:51:51,0.0
GEOP_20260402.csv,2025-12-23 07:54:51,0.0
GEOP_20260402.csv,2025-12-23 07:57:52,0.0
GEOP_20260402.csv,2025-12-23 08:00:52,0.0
GEOP_20260402.csv,2025-12-23 08:03:52,0.0
GEOP_20260402.csv,2025-12-23 08:06:52,0.0
GEOP_20260402.csv,2025-12-23 08:09:52,0.0
GEOP_20260402.csv,2025-12-23 08:12:52,0.0
GEOP_20260402.csv,2025-12-23 08:15:52,0.0
GEOP_20260402.csv,2025-12-23 08:18:52,0.0
GEOP_20260402.csv,2025-12-23 08:21:52,0.0
GEOP_20260402.csv,2025-12-23 08:24:52,0.0
GEOP_20260402.csv,2025-12-23 08:27:52,0.0
GEOP_20260402.csv,2025-12-23 08:30:52,0.0
GEOP_20260402.csv,2025-12-23 08:33:52,0.0
GEOP_20260402.csv,2025-12-23 08:36:52,0.0
GEOP_20260402.csv,2025-12-23 08:39:52,0.0
GEOP_20260402.csv,2025-12-23 08:42:52,0.0
GEOP_20260402.csv,2025-12-23 08:45:52,0.0
GEOP_20260402.csv,2025-12-23 08:48:52,0.0
GEOP_20260402.csv,2025-12-23 08:51:52,0.0
GEOP_20260402.csv,2025-12-23 08:54:52,0.0
GEOP_20260402.csv,2025-12-23 09:00:52,0.0
GEOP_20260402.csv,2025-12-23 09:03:52,0.0
GEOP_20260402.csv,2025-12-23 09:06:52,0.0
GEOP_20260402.csv,2025-12-23 09:09:52,0.0
GEOP_20260402.csv,2025-12-23 09:12:52,0.0
GEOP_20260402.csv,2025-12-23 09:15:52,0.0
GEOP_20260402.csv,2025-12-23 09:18:52,0.0
GEOP_20260402.csv,2025-12-23 09:21:52,0.0
GEOP_20260402.csv,2025-12-23 09:24:52,0.0
GEOP_20260402.csv,2025-12-23 09:27:52,0.0
GEOP_20260402.csv,2025-12-23 09:30:52,0.0
GEOP_20260402.csv,2025-12-23 09:33:52,0.0
GEOP_20260402.csv,2025-12-23 09:36:52,0.0
GEOP_20260402.csv,2025-12-23 09:39:52,0.0
GEOP_20260402.csv,2025-12-23 09:42:52,0.0
GEOP_20260402.csv,2025-12-23 09:45:52,0.0
GEOP_20260402.csv,2025-12-23 09:48:52,0.0
GEOP_20260402.csv,2025-12-23 09:51:52,0.0
GEOP_20260402.csv,2025-12-23 09:54:52,0.0
GEOP_20260402.csv,2025-12-23 09:57:52,0.0
GEOP_20260402.csv,2025-12-23 10:00:52,0.0
GEOP_20260402.csv,2025-12-23 10:03:52,0.0
GEOP_20260402.csv,2025-12-23 10:06:52,0.0
GEOP_20260402.csv,2025-12-23 10:09:52,0.0
GEOP_20260402.csv,2025-12-23 10:12:52,0.0
GEOP_20260402.csv,2025-12-23 10:15:52,0.0
GEOP_20260402.csv,2025-12-23 10:18:52,0.0
GEOP_20260402.csv,2025-12-23 10:21:52,0.0
GEOP_20260402.csv,2025-12-23 10:24:52,0.0
GEOP_20260402.csv,2025-12-23 10:27:52,0.0
GEOP_20260402.csv,2025-12-23 10:30:52,0.0
GEOP_20260402.csv,2025-12-23 10:33:52,0.0
GEOP_20260402.csv,2025-12-23 10:36:52,0.0
GEOP_20260402.csv,2025-12-23 10:39:52,0.0
GEOP_20260402.csv,2025-12-23 10:42:52,0.0
GEOP_20260402.csv,2025-12-23 10:45:52,0.0
GEOP_20260402.csv,2025-12-23 10:48:52,0.0
GEOP_20260402.csv,2025-12-23 10:51:52,0.0
GEOP_20260402.csv,2025-12-23 10:54:52,0.0
GEOP_20260402.csv,2025-12-23 10:57:52,0.0
GEOP_20260402.csv,2025-12-23 11:00:52,0.0
GEOP_20260402.csv,2025-12-23 11:03:52,0.0
GEOP_20260402.csv,2025-12-23 11:06:52,0.0
GEOP_20260402.csv,2025-12-23 11:09:52,0.0
GEOP_20260402.csv,2025-12-23 11:12:52,0.0
GEOP_20260402.csv,2025-12-23 11:15:52,0.0
GEOP_20260402.csv,2025-12-23 11:18:52,0.0
GEOP_20260402.csv,2025-12-23 11:21:52,0.0
GEOP_20260402.csv,2025-12-23 11:24:52,0.0
GEOP_20260402.csv,2025-12-23 11:27:52,0.0
GEOP_20260402.csv,2025-12-23 11:30:52,0.0
GEOP_20260402.csv,2025-12-23 11:33:52,0.0
GEOP_20260402.csv,2025-12-23 11:36:52,0.0
GEOP_20260402.csv,2025-12-23 11:39:52,0.0
GEOP_20260402.csv,2025-12-23 11:42:52,0.0
GEOP_20260402.csv,2025-12-23 11:45:52,0.0
GEOP_20260402.csv,2025-12-23 11:48:52,0.0
GEOP_20260402.csv,2025-12-23 11:51:52,0.0
GEOP_20260402.csv,2025-12-23 11:54:53,0.0
GEOP_20260402.csv,2025-12-23 11:57:52,0.0
GEOP_20260402.csv,2025-12-23 12:00:52,0.0
GEOP_20260402.csv,2025-12-23 12:03:52,0.0
GEOP_20260402.csv,2025-12-23 12:06:52,0.0
GEOP_20260402.csv,2025-12-23 12:09:52,0.0
GEOP_20260402.csv,2025-12-23 12:12:52,0.0
GEOP_20260402.csv,2025-12-23 12:15:52,0.0
GEOP_20260402.csv,2025-12-23 12:18:52,0.0
GEOP_20260402.csv,2025-12-23 12:21:52,0.0
GEOP_20260402.csv,2025-12-23 12:24:52,0.0
GEOP_20260402.csv,2025-12-23 12:27:52,0.0
GEOP_20260402.csv,2025-12-23 12:30:51,0.0
GEOP_20260402.csv,2025-12-23 12:33:52,0.0
GEOP_20260402.csv,2025-12-23 12:36:52,0.0
GEOP_20260402.csv,2025-12-23 12:39:51,0.0
GEOP_20260402.csv,2025-12-23 12:42:52,0.0
GEOP_20260402.csv,2025-12-23 12:45:51,0.0
GEOP_20260402.csv,2025-12-23 12:48:51,0.0
GEOP_20260402.csv,2025-12-23 12:51:51,0.0
GEOP_20260402.csv,2025-12-23 12:55:48,0.0
GEOP_20260402.csv,2025-12-23 12:57:08,0.0
GEOP_20260402.csv,2025-12-23 13:00:08,0.0
GEOP_20260402.csv,2025-12-23 13:09:08,0.0
GEOP_20260402.csv,2025-12-23 13:12:08,0.0
GEOP_20260402.csv,2025-12-23 13:15:08,0.0
GEOP_20260402.csv,2025-12-23 13:18:08,0.0
GEOP_20260402.csv,2025-12-23 13:24:08,0.0
GEOP_20260402.csv,2025-12-23 13:27:08,0.0
GEOP_20260402.csv,2025-12-23 13:30:08,0.0
GEOP_20260402.csv,2025-12-23 13:33:08,0.0
GEOP_20260402.csv,2025-12-23 13:36:08,0.0
GEOP_20260402.csv,2025-12-23 13:42:08,0.0
GEOP_20260402.csv,2025-12-23 13:45:08,0.0
GEOP_20260402.csv,2025-12-23 13:48:08,0.0
GEOP_20260402.csv,2025-12-23 13:51:08,0.0
GEOP_20260402.csv,2025-12-23 13:54:08,0.0
GEOP_20260402.csv,2025-12-23 13:57:08,0.0
GEOP_20260402.csv,2025-12-23 14:00:08,0.0
GEOP_20260402.csv,2025-12-23 14:03:08,0.0
GEOP_20260402.csv,2025-12-23 14:06:08,0.0
GEOP_20260402.csv,2025-12-23 14:09:08,0.0
GEOP_20260402.csv,2025-12-23 14:12:08,0.0
GEOP_20260402.csv,2025-12-23 14:15:08,0.0
GEOP_20260402.csv,2025-12-23 14:18:08,0.0
GEOP_20260402.csv,2025-12-23 14:24:08,0.0
GEOP_20260402.csv,2025-12-23 14:27:08,0.0
GEOP_20260402.csv,2025-12-23 14:30:08,0.0
GEOP_20260402.csv,2025-12-23 14:33:08,0.0
GEOP_20260402.csv,2025-12-23 14:36:08,0.0
GEOP_20260402.csv,2025-12-23 14:39:08,0.0
GEOP_20260402.csv,2025-12-23 14:42:08,0.0
GEOP_20260402.csv,2025-12-23 14:45:08,0.0
GEOP_20260402.csv,2025-12-23 14:48:08,0.0
GEOP_20260402.csv,2025-12-23 14:51:08,0.0
GEOP_20260402.csv,2025-12-23 14:54:08,0.0
GEOP_20260402.csv,2025-12-23 15:00:08,0.0
GEOP_20260402.csv,2025-12-23 15:03:08,0.0
GEOP_20260402.csv,2025-12-23 15:06:08,0.0
GEOP_20260402.csv,2025-12-23 15:09:08,0.0
GEOP_20260402.csv,2025-12-23 15:15:08,0.0
GEOP_20260402.csv,2025-12-23 15:18:08,0.0
GEOP_20260402.csv,2025-12-23 15:21:08,0.0
GEOP_20260402.csv,2025-12-23 15:24:08,0.0
GEOP_20260402.csv,2025-12-23 15:27:08,0.0
GEOP_20260402.csv,2025-12-23 15:33:08,0.0
GEOP_20260402.csv,2025-12-23 15:36:08,0.0
GEOP_20260402.csv,2025-12-23 15:42:08,0.0
GEOP_20260402.csv,2025-12-23 15:45:08,0.0
GEOP_20260402.csv,2025-12-23 15:48:08,0.0
GEOP_20260402.csv,2025-12-23 15:51:08,0.0
GEOP_20260402.csv,2025-12-23 15:57:08,0.0
GEOP_20260402.csv,2025-12-23 16:00:08,0.0
GEOP_20260402.csv,2025-12-23 16:06:08,0.0
GEOP_20260402.csv,2025-12-23 16:09:08,0.0
GEOP_20260402.csv,2025-12-23 16:12:08,0.0
GEOP_20260402.csv,2025-12-23 16:15:08,0.0
GEOP_20260402.csv,2025-12-23 16:18:08,0.0
GEOP_20260402.csv,2025-12-23 16:21:08,0.0
GEOP_20260402.csv,2025-12-23 16:24:08,0.0
GEOP_20260402.csv,2025-12-23 16:27:08,0.0
GEOP_20260402.csv,2025-12-23 16:30:08,0.0
GEOP_20260402.csv,2025-12-23 16:33:08,0.0
GEOP_20260402.csv,2025-12-23 16:36:08,0.0
GEOP_20260402.csv,2025-12-23 16:39:08,0.0
GEOP_20260402.csv,2025-12-23 16:42:08,0.0
GEOP_20260402.csv,2025-12-23 16:45:08,0.0
GEOP_20260402.csv,2025-12-23 16:48:08,0.0
GEOP_20260402.csv,2025-12-23 16:51:08,0.0
GEOP_20260402.csv,2025-12-23 16:54:08,0.0
GEOP_20260402.csv,2025-12-23 16:57:08,0.0
GEOP_20260402.csv,2025-12-23 17:00:08,0.0
GEOP_20260402.csv,2025-12-23 17:03:08,0.0
GEOP_20260402.csv,2025-12-23 17:06:08,0.0
GEOP_20260402.csv,2025-12-23 17:09:08,0.0
GEOP_20260402.csv,2025-12-23 17:12:08,0.0
GEOP_20260402.csv,2025-12-23 17:15:08,0.0
GEOP_20260402.csv,2025-12-23 17:18:08,0.0
GEOP_20260402.csv,2025-12-23 17:24:08,0.0
GEOP_20260402.csv,2025-12-23 17:27:08,0.0
GEOP_20260402.csv,2025-12-23 17:30:08,0.0
GEOP_20260402.csv,2025-12-23 17:33:08,0.0
GEOP_20260402.csv,2025-12-23 17:36:08,0.0
GEOP_20260402.csv,2025-12-23 17:39:08,0.0
GEOP_20260402.csv,2025-12-23 17:42:08,0.0
GEOP_20260402.csv,2025-12-23 17:45:08,0.0
GEOP_20260402.csv,2025-12-23 17:48:08,0.0
GEOP_20260402.csv,2025-12-23 17:51:08,0.0
GEOP_20260402.csv,2025-12-23 17:54:08,0.0
GEOP_20260402.csv,2025-12-23 17:57:08,0.0
GEOP_20260402.csv,2025-12-23 18:00:08,0.0
GEOP_20260402.csv,2025-12-23 18:03:08,0.0
GEOP_20260402.csv,2025-12-23 18:06:08,0.0
GEOP_20260402.csv,2025-12-23 18:09:08,0.0
GEOP_20260402.csv,2025-12-23 18:12:08,0.0
GEOP_20260402.csv,2025-12-23 18:15:08,0.0
GEOP_20260402.csv,2025-12-23 18:18:08,0.0
GEOP_20260402.csv,2025-12-23 18:21:08,0.0
GEOP_20260402.csv,2025-12-23 18:24:08,0.0
GEOP_20260402.csv,2025-12-23 18:27:08,0.0
GEOP_20260402.csv,2025-12-23 18:30:08,0.0
GEOP_20260402.csv,2025-12-23 18:33:08,0.0
GEOP_20260402.csv,2025-12-23 18:36:08,0.0
GEOP_20260402.csv,2025-12-23 18:39:08,0.0
GEOP_20260402.csv,2025-12-23 18:42:08,0.0
GEOP_20260402.csv,2025-12-23 18:45:08,0.0
GEOP_20260402.csv,2025-12-23 18:48:08,0.0
GEOP_20260402.csv,2025-12-23 18:51:08,0.0
GEOP_20260402.csv,2025-12-23 18:54:08,0.0
GEOP_20260402.csv,2025-12-23 18:57:08,0.0
GEOP_20260402.csv,2025-12-23 19:00:08,0.0
GEOP_20260402.csv,2025-12-23 19:03:08,0.0
GEOP_20260402.csv,2025-12-23 19:06:08,0.0
GEOP_20260402.csv,2025-12-23 19:09:08,0.0
GEOP_20260402.csv,2025-12-23 19:12:08,0.0
GEOP_20260402.csv,2025-12-23 19:15:08,0.0
GEOP_20260402.csv,2025-12-23 19:18:08,0.0
GEOP_20260402.csv,2025-12-23 19:21:09,0.0
GEOP_20260402.csv,2025-12-23 19:24:09,0.0
GEOP_20260402.csv,2025-12-23 19:27:09,0.0
GEOP_20260402.csv,2025-12-23 19:30:09,0.0
GEOP_20260402.csv,2025-12-23 19:33:09,0.0
GEOP_20260402.csv,2025-12-23 19:36:09,0.0
GEOP_20260402.csv,2025-12-23 19:39:09,0.0
GEOP_20260402.csv,2025-12-23 19:42:09,0.0
GEOP_20260402.csv,2025-12-23 19:45:09,0.0
GEOP_20260402.csv,2025-12-23 19:48:09,0.0
GEOP_20260402.csv,2025-12-23 19:51:09,0.0
GEOP_20260402.csv,2025-12-23 19:54:09,0.0
GEOP_20260402.csv,2025-12-23 19:57:09,0.0
GEOP_20260402.csv,2025-12-23 20:00:09,0.0
GEOP_20260402.csv,2025-12-23 20:03:09,0.0
GEOP_20260402.csv,2025-12-23 20:06:09,0.0
GEOP_20260402.csv,2025-12-23 20:09:09,0.0
GEOP_20260402.csv,2025-12-23 20:12:09,0.0
GEOP_20260402.csv,2025-12-23 20:15:09,0.0
GEOP_20260402.csv,2025-12-23 20:18:09,0.0
GEOP_20260402.csv,2025-12-23 20:21:09,0.0
GEOP_20260402.csv,2025-12-23 20:24:09,0.0
GEOP_20260402.csv,2025-12-23 20:27:09,0.0
GEOP_20260402.csv,2025-12-23 20:30:09,0.0
GEOP_20260402.csv,2025-12-23 20:33:09,0.0
GEOP_20260402.csv,2025-12-23 20:36:09,0.0
GEOP_20260402.csv,2025-12-23 20:39:09,0.0
GEOP_20260402.csv,2025-12-23 20:42:09,0.0
GEOP_20260402.csv,2025-12-23 20:45:09,0.0
GEOP_20260402.csv,2025-12-23 20:48:09,0.0
GEOP_20260402.csv,2025-12-23 20:51:09,0.0
GEOP_20260402.csv,2025-12-23 20:54:09,0.0
GEOP_20260402.csv,2025-12-23 20:57:09,0.0
GEOP_20260402.csv,2025-12-23 21:00:09,0.0
GEOP_20260402.csv,2025-12-23 21:03:09,0.0
GEOP_20260402.csv,2025-12-23 21:06:09,0.0
GEOP_20260402.csv,2025-12-23 21:09:09,0.0
GEOP_20260402.csv,2025-12-23 21:12:09,0.0
GEOP_20260402.csv,2025-12-23 21:15:09,0.0
GEOP_20260402.csv,2025-12-23 21:18:09,0.0
GEOP_20260402.csv,2025-12-23 21:21:09,0.0
GEOP_20260402.csv,2025-12-23 21:24:09,0.0
GEOP_20260402.csv,2025-12-23 21:27:09,0.0
GEOP_20260402.csv,2025-12-23 21:30:09,0.0
GEOP_20260402.csv,2025-12-23 21:33:09,0.0
GEOP_20260402.csv,2025-12-23 21:36:09,0.0
GEOP_20260402.csv,2025-12-23 21:39:09,0.0
GEOP_20260402.csv,2025-12-23 21:42:09,0.0
GEOP_20260402.csv,2025-12-23 21:45:09,0.0
GEOP_20260402.csv,2025-12-23 21:48:09,0.0
GEOP_20260402.csv,2025-12-23 21:51:09,0.0
GEOP_20260402.csv,2025-12-23 21:54:09,0.0
GEOP_20260402.csv,2025-12-23 21:57:09,0.0
GEOP_20260402.csv,2025-12-23 22:00:09,0.0
GEOP_20260402.csv,2025-12-23 22:03:09,0.0
GEOP_20260402.csv,2025-12-23 22:06:09,0.0
GEOP_20260402.csv,2025-12-23 22:09:09,0.0
GEOP_20260402.csv,2025-12-23 22:12:09,0.0
GEOP_20260402.csv,2025-12-23 22:15:09,0.0
GEOP_20260402.csv,2025-12-23 22:18:09,0.0
GEOP_20260402.csv,2025-12-23 22:21:09,0.0
GEOP_20260402.csv,2025-12-23 22:24:09,0.0
GEOP_20260402.csv,2025-12-23 22:27:09,0.0
GEOP_20260402.csv,2025-12-23 22:30:09,0.0
GEOP_20260402.csv,2025-12-23 22:33:09,0.0
GEOP_20260402.csv,2025-12-23 22:36:09,0.0
GEOP_20260402.csv,2025-12-23 22:39:09,0.0
GEOP_20260402.csv,2025-12-23 22:42:09,0.0
GEOP_20260402.csv,2025-12-23 22:45:09,0.0
GEOP_20260402.csv,2025-12-23 22:48:09,0.0
GEOP_20260402.csv,2025-12-23 22:51:09,0.0
GEOP_20260402.csv,2025-12-23 22:54:09,0.0
GEOP_20260402.csv,2025-12-23 22:57:09,0.0
GEOP_20260402.csv,2025-12-23 23:00:09,0.0
GEOP_20260402.csv,2025-12-23 23:03:09,0.0
GEOP_20260402.csv,2025-12-23 23:06:09,0.0
GEOP_20260402.csv,2025-12-23 23:09:09,0.0
GEOP_20260402.csv,2025-12-23 23:12:09,0.0
GEOP_20260402.csv,2025-12-23 23:15:09,0.0
GEOP_20260402.csv,2025-12-23 23:18:09,0.0
GEOP_20260402.csv,2025-12-23 23:21:09,0.0
GEOP_20260402.csv,2025-12-23 23:24:09,0.0
GEOP_20260402.csv,2025-12-23 23:27:09,0.0
GEOP_20260402.csv,2025-12-23 23:30:09,0.0
GEOP_20260402.csv,2025-12-23 23:33:09,0.0
GEOP_20260402.csv,2025-12-23 23:36:09,0.0
GEOP_20260402.csv,2025-12-23 23:39:09,0.0
GEOP_20260402.csv,2025-12-23 23:42:09,0.0
GEOP_20260402.csv,2025-12-23 23:45:09,0.0
GEOP_20260402.csv,2025-12-23 23:48:09,0.0
GEOP_20260402.csv,2025-12-23 23:51:09,0.0
GEOP_20260402.csv,2025-12-23 23:54:09,0.0
GEOP_20260402.csv,2025-12-23 23:57:09,0.0
GEOP_20260402.csv,2025-12-24 00:00:09,0.0
GEOP_20260402.csv,2025-12-24 00:03:09,0.0
GEOP_20260402.csv,2025-12-24 00:06:09,0.0
GEOP_20260402.csv,2025-12-24 00:09:09,0.0
GEOP_20260402.csv,2025-12-24 00:12:09,0.0
GEOP_20260402.csv,2025-12-24 00:15:09,0.0
GEOP_20260402.csv,2025-12-24 00:18:09,0.0
GEOP_20260402.csv,2025-12-24 00:21:09,0.0
GEOP_20260402.csv,2025-12-24 00:24:09,0.0
GEOP_20260402.csv,2025-12-24 00:27:09,0.0
GEOP_20260402.csv,2025-12-24 00:30:09,0.0
GEOP_20260402.csv,2025-12-24 00:33:09,0.0
GEOP_20260402.csv,2025-12-24 00:36:09,0.0
GEOP_20260402.csv,2025-12-24 00:39:09,0.0
GEOP_20260402.csv,2025-12-24 00:42:09,0.0
GEOP_20260402.csv,2025-12-24 00:45:09,0.0
GEOP_20260402.csv,2025-12-24 00:48:09,0.0
GEOP_20260402.csv,2025-12-24 00:51:09,0.0
GEOP_20260402.csv,2025-12-24 00:54:09,0.0
GEOP_20260402.csv,2025-12-24 00:57:09,0.0
GEOP_20260402.csv,2025-12-24 01:00:09,0.0
GEOP_20260402.csv,2025-12-24 01:03:09,0.0
GEOP_20260402.csv,2025-12-24 01:06:09,0.0
GEOP_20260402.csv,2025-12-24 01:09:09,0.0
GEOP_20260402.csv,2025-12-24 01:12:09,0.0
GEOP_20260402.csv,2025-12-24 01:15:09,0.0
GEOP_20260402.csv,2025-12-24 01:18:09,0.0
GEOP_20260402.csv,2025-12-24 01:21:09,0.0
GEOP_20260402.csv,2025-12-24 01:24:09,0.0
GEOP_20260402.csv,2025-12-24 01:27:09,0.0
GEOP_20260402.csv,2025-12-24 01:30:09,0.0
GEOP_20260402.csv,2025-12-24 01:33:09,0.0
GEOP_20260402.csv,2025-12-24 01:36:09,0.0
GEOP_20260402.csv,2025-12-24 01:39:09,0.0
GEOP_20260402.csv,2025-12-24 01:42:09,0.0
GEOP_20260402.csv,2025-12-24 01:45:09,0.0
GEOP_20260402.csv,2025-12-24 01:48:09,0.0
GEOP_20260402.csv,2025-12-24 01:51:09,0.0
GEOP_20260402.csv,2025-12-24 01:54:09,0.0
GEOP_20260402.csv,2025-12-24 01:57:09,0.0
GEOP_20260402.csv,2025-12-24 02:00:09,0.0
GEOP_20260402.csv,2025-12-24 02:03:09,0.0
GEOP_20260402.csv,2025-12-24 02:06:09,0.0
GEOP_20260402.csv,2025-12-24 02:09:09,0.0
GEOP_20260402.csv,2025-12-24 02:12:09,0.0
GEOP_20260402.csv,2025-12-24 02:15:09,0.0
GEOP_20260402.csv,2025-12-24 02:18:10,0.0
GEOP_20260402.csv,2025-12-24 02:21:09,0.0
GEOP_20260402.csv,2025-12-24 02:24:09,0.0
GEOP_20260402.csv,2025-12-24 02:27:09,0.0
GEOP_20260402.csv,2025-12-24 02:30:09,0.0
GEOP_20260402.csv,2025-12-24 02:33:09,0.0
GEOP_20260402.csv,2025-12-24 02:36:09,0.0
GEOP_20260402.csv,2025-12-24 02:39:09,0.0
GEOP_20260402.csv,2025-12-24 02:42:09,0.0
GEOP_20260402.csv,2025-12-24 02:45:09,0.0
GEOP_20260402.csv,2025-12-24 02:48:09,0.0
GEOP_20260402.csv,2025-12-24 02:51:09,0.0
GEOP_20260402.csv,2025-12-24 02:54:09,0.0
GEOP_20260402.csv,2025-12-24 02:57:09,0.0
GEOP_20260402.csv,2025-12-24 03:00:09,0.0
GEOP_20260402.csv,2025-12-24 03:03:09,0.0
GEOP_20260402.csv,2025-12-24 03:06:09,0.0
GEOP_20260402.csv,2025-12-24 03:09:09,0.0
GEOP_20260402.csv,2025-12-24 03:12:09,0.0
GEOP_20260402.csv,2025-12-24 03:15:08,0.0
GEOP_20260402.csv,2025-12-24 03:18:09,0.0
GEOP_20260402.csv,2025-12-24 03:24:09,0.0
GEOP_20260402.csv,2025-12-24 03:30:09,0.0
GEOP_20260402.csv,2025-12-24 03:33:08,0.0
GEOP_20260402.csv,2025-12-24 03:36:09,0.0
GEOP_20260402.csv,2025-12-24 03:39:08,0.0
GEOP_20260402.csv,2025-12-24 03:42:08,0.0
GEOP_20260402.csv,2025-12-24 03:45:08,0.0
GEOP_20260402.csv,2025-12-24 03:48:08,0.0
GEOP_20260402.csv,2025-12-24 03:51:08,0.0
GEOP_20260402.csv,2025-12-24 03:54:08,0.0
GEOP_20260402.csv,2025-12-24 03:57:08,0.0
GEOP_20260402.csv,2025-12-24 04:00:08,0.0
GEOP_20260402.csv,2025-12-24 04:03:08,0.0
GEOP_20260402.csv,2025-12-24 04:06:08,0.0
GEOP_20260402.csv,2025-12-24 04:09:08,0.0
GEOP_20260402.csv,2025-12-24 04:12:08,0.0
GEOP_20260402.csv,2025-12-24 04:15:08,0.0
GEOP_20260402.csv,2025-12-24 04:18:08,0.0
GEOP_20260402.csv,2025-12-24 04:21:08,0.0
GEOP_20260402.csv,2025-12-24 04:24:08,0.0
GEOP_20260402.csv,2025-12-24 04:27:08,0.0
GEOP_20260402.csv,2025-12-24 04:30:08,0.0
GEOP_20260402.csv,2025-12-24 04:33:08,0.0
GEOP_20260402.csv,2025-12-24 04:36:08,0.0
GEOP_20260402.csv,2025-12-24 04:39:08,0.0
GEOP_20260402.csv,2025-12-24 04:42:08,0.0
GEOP_20260402.csv,2025-12-24 04:45:08,0.0
GEOP_20260402.csv,2025-12-24 04:48:08,0.0
GEOP_20260402.csv,2025-12-24 04:51:08,0.0
GEOP_20260402.csv,2025-12-24 04:54:08,0.0
GEOP_20260402.csv,2025-12-24 04:57:08,0.0
GEOP_20260402.csv,2025-12-24 05:00:08,0.0
GEOP_20260402.csv,2025-12-24 05:03:08,0.0
GEOP_20260402.csv,2025-12-24 05:06:08,0.0
GEOP_20260402.csv,2025-12-24 05:09:08,0.0
GEOP_20260402.csv,2025-12-24 05:12:08,0.0
GEOP_20260402.csv,2025-12-24 05:15:08,0.0
GEOP_20260402.csv,2025-12-24 05:18:08,0.0
GEOP_20260402.csv,2025-12-24 05:21:08,0.0
GEOP_20260402.csv,2025-12-24 05:24:08,0.0
GEOP_20260402.csv,2025-12-24 05:27:08,0.0
GEOP_20260402.csv,2025-12-24 05:30:08,0.0
GEOP_20260402.csv,2025-12-24 05:33:08,0.0
GEOP_20260402.csv,2025-12-24 05:36:08,0.0
GEOP_20260402.csv,2025-12-24 05:39:08,0.0
GEOP_20260402.csv,2025-12-24 05:42:08,0.0
GEOP_20260402.csv,2025-12-24 05:45:08,0.0
GEOP_20260402.csv,2025-12-24 05:48:08,0.0
GEOP_20260402.csv,2025-12-24 05:51:08,0.0
GEOP_20260402.csv,2025-12-24 05:54:08,0.0
GEOP_20260402.csv,2025-12-24 05:57:08,0.0
GEOP_20260402.csv,2025-12-24 06:00:08,0.0
GEOP_20260402.csv,2025-12-24 06:03:08,0.0
GEOP_20260402.csv,2025-12-24 06:06:08,0.0
GEOP_20260402.csv,2025-12-24 06:09:08,0.0
GEOP_20260402.csv,2025-12-24 06:12:08,0.0
GEOP_20260402.csv,2025-12-24 06:15:08,0.0
GEOP_20260402.csv,2025-12-24 06:18:08,0.0
GEOP_20260402.csv,2025-12-24 06:21:08,0.0
GEOP_20260402.csv,2025-12-24 06:24:08,0.0
GEOP_20260402.csv,2025-12-24 06:27:08,0.0
GEOP_20260402.csv,2025-12-24 06:30:08,0.0
GEOP_20260402.csv,2025-12-24 06:33:09,0.0
GEOP_20260402.csv,2025-12-24 06:36:08,0.0
GEOP_20260402.csv,2025-12-24 06:39:08,0.0
GEOP_20260402.csv,2025-12-24 06:42:08,0.0
GEOP_20260402.csv,2025-12-24 06:45:08,0.0
GEOP_20260402.csv,2025-12-24 06:48:08,0.0
GEOP_20260402.csv,2025-12-24 06:51:08,0.0
GEOP_20260402.csv,2025-12-24 06:54:08,0.0
GEOP_20260402.csv,2025-12-24 06:57:08,0.0
GEOP_20260402.csv,2025-12-24 07:00:08,0.0
GEOP_20260402.csv,2025-12-24 07:03:08,0.0
GEOP_20260402.csv,2025-12-24 07:06:08,0.0
GEOP_20260402.csv,2025-12-24 07:09:08,0.0
GEOP_20260402.csv,2025-12-24 07:12:08,0.0
GEOP_20260402.csv,2025-12-24 07:15:08,0.0
GEOP_20260402.csv,2025-12-24 07:18:08,0.0
GEOP_20260402.csv,2025-12-24 07:21:08,0.0
GEOP_20260402.csv,2025-12-24 07:24:08,0.0
GEOP_20260402.csv,2025-12-24 07:27:08,0.0
GEOP_20260402.csv,2025-12-24 07:30:08,0.0
GEOP_20260402.csv,2025-12-24 07:33:08,0.0
GEOP_20260402.csv,2025-12-24 07:36:08,0.0
GEOP_20260402.csv,2025-12-24 07:39:08,0.0
GEOP_20260402.csv,2025-12-24 07:42:08,0.0
GEOP_20260402.csv,2025-12-24 07:45:08,0.0
GEOP_20260402.csv,2025-12-24 07:48:08,0.0
GEOP_20260402.csv,2025-12-24 07:51:08,0.0
GEOP_20260402.csv,2025-12-24 07:54:08,0.0
GEOP_20260402.csv,2025-12-24 07:57:08,0.0
GEOP_20260402.csv,2025-12-24 08:00:08,0.0
GEOP_20260402.csv,2025-12-24 08:03:08,0.0
GEOP_20260402.csv,2025-12-24 08:06:08,0.0
GEOP_20260402.csv,2025-12-24 08:09:08,0.0
GEOP_20260402.csv,2025-12-24 08:12:08,0.0
GEOP_20260402.csv,2025-12-24 08:15:08,0.0
GEOP_20260402.csv,2025-12-24 08:18:08,0.0
GEOP_20260402.csv,2025-12-24 08:21:08,0.0
GEOP_20260402.csv,2025-12-24 08:24:08,0.0
GEOP_20260402.csv,2025-12-24 08:27:08,0.0
GEOP_20260402.csv,2025-12-24 08:30:08,0.0
GEOP_20260402.csv,2025-12-24 08:33:08,0.0
GEOP_20260402.csv,2025-12-24 08:36:08,0.0
GEOP_20260402.csv,2025-12-24 08:39:08,0.0
GEOP_20260402.csv,2025-12-24 08:42:08,0.0
GEOP_20260402.csv,2025-12-24 08:45:08,0.0
GEOP_20260402.csv,2025-12-24 08:48:08,0.0
GEOP_20260402.csv,2025-12-24 08:51:08,0.0
GEOP_20260402.csv,2025-12-24 08:54:08,0.0
GEOP_20260402.csv,2025-12-24 08:57:08,0.0
GEOP_20260402.csv,2025-12-24 09:00:08,0.0
GEOP_20260402.csv,2025-12-24 09:03:08,0.0
GEOP_20260402.csv,2025-12-24 09:06:08,0.0
GEOP_20260402.csv,2025-12-24 09:09:08,0.0
GEOP_20260402.csv,2025-12-24 09:12:08,0.0
GEOP_20260402.csv,2025-12-24 09:15:08,0.0
GEOP_20260402.csv,2025-12-24 09:18:08,0.0
GEOP_20260402.csv,2025-12-24 09:21:08,0.0
GEOP_20260402.csv,2025-12-24 09:24:08,0.0
GEOP_20260402.csv,2025-12-24 09:27:08,0.0
GEOP_20260402.csv,2025-12-24 09:30:08,0.0
GEOP_20260402.csv,2025-12-24 09:33:08,0.0
GEOP_20260402.csv,2025-12-24 09:36:08,0.0
GEOP_20260402.csv,2025-12-24 09:39:08,0.0
GEOP_20260402.csv,2025-12-24 09:42:08,0.0
GEOP_20260402.csv,2025-12-24 09:45:08,0.0
GEOP_20260402.csv,2025-12-24 09:48:08,0.0
GEOP_20260402.csv,2025-12-24 09:51:08,0.0
GEOP_20260402.csv,2025-12-24 09:54:08,0.0
GEOP_20260402.csv,2025-12-24 09:57:08,0.0
GEOP_20260402.csv,2025-12-24 10:00:08,0.0
GEOP_20260402.csv,2025-12-24 10:03:08,0.0
GEOP_20260402.csv,2025-12-24 10:06:08,0.0
GEOP_20260402.csv,2025-12-24 10:09:08,0.0
GEOP_20260402.csv,2025-12-24 10:12:08,0.0
GEOP_20260402.csv,2025-12-24 10:15:08,0.0
GEOP_20260402.csv,2025-12-24 10:18:08,0.0
GEOP_20260402.csv,2025-12-24 10:24:08,0.0
GEOP_20260402.csv,2025-12-24 10:27:08,0.0
GEOP_20260402.csv,2025-12-24 10:30:08,0.0
GEOP_20260402.csv,2025-12-24 10:33:08,0.0
GEOP_20260402.csv,2025-12-24 10:36:08,0.0
GEOP_20260402.csv,2025-12-24 10:39:08,0.0
GEOP_20260402.csv,2025-12-24 10:42:08,0.0
GEOP_20260402.csv,2025-12-24 10:45:08,0.0
GEOP_20260402.csv,2025-12-24 10:48:08,0.0
GEOP_20260402.csv,2025-12-24 10:51:08,0.0
GEOP_20260402.csv,2025-12-24 10:54:08,0.0
GEOP_20260402.csv,2025-12-24 10:57:08,0.0
GEOP_20260402.csv,2025-12-24 11:00:08,0.0
GEOP_20260402.csv,2025-12-24 11:03:08,0.0
GEOP_20260402.csv,2025-12-24 11:06:08,0.0
GEOP_20260402.csv,2025-12-24 11:09:08,0.0
GEOP_20260402.csv,2025-12-24 11:12:08,0.0
GEOP_20260402.csv,2025-12-24 11:15:08,0.0
GEOP_20260402.csv,2025-12-24 11:18:08,0.0
GEOP_20260402.csv,2025-12-24 11:21:08,0.0
GEOP_20260402.csv,2025-12-24 11:24:08,0.0
GEOP_20260402.csv,2025-12-24 11:27:08,0.0
GEOP_20260402.csv,2025-12-24 11:30:08,0.0
GEOP_20260402.csv,2025-12-24 11:33:08,0.0
GEOP_20260402.csv,2025-12-24 11:36:08,0.0
GEOP_20260402.csv,2025-12-24 11:39:08,0.0
GEOP_20260402.csv,2025-12-24 11:42:08,0.0
GEOP_20260402.csv,2025-12-24 11:45:08,0.0
GEOP_20260402.csv,2025-12-24 11:48:08,0.0
GEOP_20260402.csv,2025-12-24 11:51:08,0.0
GEOP_20260402.csv,2025-12-24 11:54:08,0.0
GEOP_20260402.csv,2025-12-24 11:57:08,0.0
GEOP_20260402.csv,2025-12-24 12:00:08,0.0
GEOP_20260402.csv,2025-12-24 12:03:08,0.0
GEOP_20260402.csv,2025-12-24 12:06:08,0.0
GEOP_20260402.csv,2025-12-24 12:09:08,0.0
GEOP_20260402.csv,2025-12-24 12:12:08,0.0
GEOP_20260402.csv,2025-12-24 12:15:08,0.0
GEOP_20260402.csv,2025-12-24 12:18:08,0.0
GEOP_20260402.csv,2025-12-24 12:21:08,0.0
GEOP_20260402.csv,2025-12-24 12:24:08,0.0
GEOP_20260402.csv,2025-12-24 12:27:08,0.0
GEOP_20260402.csv,2025-12-24 12:30:08,0.0
GEOP_20260402.csv,2025-12-24 12:33:08,0.0
GEOP_20260402.csv,2025-12-24 12:36:08,0.0
GEOP_20260402.csv,2025-12-24 12:39:08,0.0
GEOP_20260402.csv,2025-12-24 12:42:08,0.0
GEOP_20260402.csv,2025-12-24 12:45:08,0.0
GEOP_20260402.csv,2025-12-24 12:48:08,0.0
GEOP_20260402.csv,2025-12-24 12:51:08,0.0
GEOP_20260402.csv,2025-12-24 12:54:08,0.0
GEOP_20260402.csv,2025-12-24 12:57:08,0.0
GEOP_20260402.csv,2025-12-24 13:00:08,0.0
GEOP_20260402.csv,2025-12-24 13:03:08,0.0
GEOP_20260402.csv,2025-12-24 13:09:08,0.0
GEOP_20260402.csv,2025-12-24 13:12:08,0.0
GEOP_20260402.csv,2025-12-24 13:15:08,0.0
GEOP_20260402.csv,2025-12-24 13:18:08,0.0
GEOP_20260402.csv,2025-12-24 13:21:08,0.0
GEOP_20260402.csv,2025-12-24 13:24:08,0.0
GEOP_20260402.csv,2025-12-24 13:27:08,0.0
GEOP_20260402.csv,2025-12-24 13:30:08,0.0
GEOP_20260402.csv,2025-12-24 13:33:08,0.0
GEOP_20260402.csv,2025-12-24 13:36:08,0.0
GEOP_20260402.csv,2025-12-24 13:39:08,0.0
GEOP_20260402.csv,2025-12-24 13:42:08,0.0
GEOP_20260402.csv,2025-12-24 13:45:08,0.0
GEOP_20260402.csv,2025-12-24 13:48:08,0.0
GEOP_20260402.csv,2025-12-24 13:51:08,0.0
GEOP_20260402.csv,2025-12-24 13:54:08,0.0
GEOP_20260402.csv,2025-12-24 13:57:08,0.0
GEOP_20260402.csv,2025-12-24 14:00:08,0.0
GEOP_20260402.csv,2025-12-24 14:03:08,0.0
GEOP_20260402.csv,2025-12-24 14:06:08,0.0
GEOP_20260402.csv,2025-12-24 14:09:08,0.0
GEOP_20260402.csv,2025-12-24 14:12:08,0.0
GEOP_20260402.csv,2025-12-24 14:15:08,0.0
GEOP_20260402.csv,2025-12-24 14:18:08,0.0
GEOP_20260402.csv,2025-12-24 14:21:08,0.0
GEOP_20260402.csv,2025-12-24 14:24:08,0.0
GEOP_20260402.csv,2025-12-24 14:27:08,0.0
GEOP_20260402.csv,2025-12-24 14:30:08,0.0
GEOP_20260402.csv,2025-12-24 14:33:08,0.0
GEOP_20260402.csv,2025-12-24 14:36:08,0.0
GEOP_20260402.csv,2025-12-24 14:39:08,0.0
GEOP_20260402.csv,2025-12-24 14:42:08,0.0
GEOP_20260402.csv,2025-12-24 14:45:08,0.0
GEOP_20260402.csv,2025-12-24 14:48:08,0.0
GEOP_20260402.csv,2025-12-24 14:51:08,0.0
GEOP_20260402.csv,2025-12-24 14:54:08,0.0
GEOP_20260402.csv,2025-12-24 14:57:08,0.0
GEOP_20260402.csv,2025-12-24 15:00:08,0.0
GEOP_20260402.csv,2025-12-24 15:03:08,0.0
GEOP_20260402.csv,2025-12-24 15:06:08,0.0
GEOP_20260402.csv,2025-12-24 15:09:08,0.0
GEOP_20260402.csv,2025-12-24 15:12:08,0.0
GEOP_20260402.csv,2025-12-24 15:15:08,0.0
GEOP_20260402.csv,2025-12-24 15:18:08,0.0
GEOP_20260402.csv,2025-12-24 15:21:08,0.0
GEOP_20260402.csv,2025-12-24 15:24:08,0.0
GEOP_20260402.csv,2025-12-24 15:27:08,0.0
GEOP_20260402.csv,2025-12-24 15:30:08,0.0
GEOP_20260402.csv,2025-12-24 15:33:08,0.0
GEOP_20260402.csv,2025-12-24 15:36:08,0.0
GEOP_20260402.csv,2025-12-24 15:39:08,0.0
GEOP_20260402.csv,2025-12-24 15:42:08,0.0
GEOP_20260402.csv,2025-12-24 15:45:08,0.0
GEOP_20260402.csv,2025-12-24 15:48:08,0.0
GEOP_20260402.csv,2025-12-24 15:51:08,0.0
GEOP_20260402.csv,2025-12-24 15:54:08,0.0
GEOP_20260402.csv,2025-12-24 15:57:08,0.0
GEOP_20260402.csv,2025-12-24 16:00:08,0.0
GEOP_20260402.csv,2025-12-24 16:03:08,0.0
GEOP_20260402.csv,2025-12-24 16:06:08,0.0
GEOP_20260402.csv,2025-12-24 16:09:08,0.0
GEOP_20260402.csv,2025-12-24 16:12:08,0.0
GEOP_20260402.csv,2025-12-24 16:15:08,0.0
GEOP_20260402.csv,2025-12-24 16:18:08,0.0
GEOP_20260402.csv,2025-12-24 16:21:08,0.0
GEOP_20260402.csv,2025-12-24 16:24:08,0.0
GEOP_20260402.csv,2025-12-24 16:27:08,0.0
GEOP_20260402.csv,2025-12-24 16:30:08,0.0
GEOP_20260402.csv,2025-12-24 16:33:08,0.0
GEOP_20260402.csv,2025-12-24 16:36:08,0.0
GEOP_20260402.csv,2025-12-24 16:39:08,0.0
GEOP_20260402.csv,2025-12-24 16:42:08,0.0
GEOP_20260402.csv,2025-12-24 16:45:08,0.0
GEOP_20260402.csv,2025-12-24 16:48:08,0.0
GEOP_20260402.csv,2025-12-24 16:51:08,0.0
GEOP_20260402.csv,2025-12-24 16:54:08,0.0
GEOP_20260402.csv,2025-12-24 16:57:08,0.0
GEOP_20260402.csv,2025-12-24 17:00:08,0.0
GEOP_20260402.csv,2025-12-24 17:03:08,0.0
GEOP_20260402.csv,2025-12-24 17:06:08,0.0
GEOP_20260402.csv,2025-12-24 17:09:08,0.0
GEOP_20260402.csv,2025-12-24 17:12:08,0.0
GEOP_20260402.csv,2025-12-24 17:15:08,0.0
GEOP_20260402.csv,2025-12-24 17:18:08,0.0
GEOP_20260402.csv,2025-12-24 17:21:08,0.0
GEOP_20260402.csv,2025-12-24 17:24:08,0.0
GEOP_20260402.csv,2025-12-24 17:27:08,0.0
GEOP_20260402.csv,2025-12-24 17:30:08,0.0
GEOP_20260402.csv,2025-12-24 17:33:08,0.0
GEOP_20260402.csv,2025-12-24 17:36:08,0.0
GEOP_20260402.csv,2025-12-24 17:39:08,0.0
GEOP_20260402.csv,2025-12-24 17:42:08,0.0
GEOP_20260402.csv,2025-12-24 17:45:08,0.0
GEOP_20260402.csv,2025-12-24 17:48:08,0.0
GEOP_20260402.csv,2025-12-24 17:51:08,0.0
GEOP_20260402.csv,2025-12-24 17:54:08,0.0
GEOP_20260402.csv,2025-12-24 17:57:08,0.0
GEOP_20260402.csv,2025-12-24 18:00:08,0.0
GEOP_20260402.csv,2025-12-24 18:06:08,0.0
GEOP_20260402.csv,2025-12-24 18:09:08,0.0
GEOP_20260402.csv,2025-12-24 18:12:08,0.0
GEOP_20260402.csv,2025-12-24 18:15:08,0.0
GEOP_20260402.csv,2025-12-24 18:18:08,0.0
GEOP_20260402.csv,2025-12-24 18:21:08,0.0
GEOP_20260402.csv,2025-12-24 18:24:08,0.0
GEOP_20260402.csv,2025-12-24 18:27:08,0.0
GEOP_20260402.csv,2025-12-24 18:30:08,0.0
GEOP_20260402.csv,2025-12-24 18:33:08,0.0
GEOP_20260402.csv,2025-12-24 18:36:08,0.0
GEOP_20260402.csv,2025-12-24 18:39:08,0.0
GEOP_20260402.csv,2025-12-24 18:42:08,0.0
GEOP_20260402.csv,2025-12-24 18:45:08,0.0
GEOP_20260402.csv,2025-12-24 18:48:08,0.0
GEOP_20260402.csv,2025-12-24 18:54:08,0.0
GEOP_20260402.csv,2025-12-24 18:57:08,0.0
GEOP_20260402.csv,2025-12-24 19:00:08,0.0
GEOP_20260402.csv,2025-12-24 19:03:08,0.0
GEOP_20260402.csv,2025-12-24 19:06:08,0.0
GEOP_20260402.csv,2025-12-24 19:09:08,0.0
GEOP_20260402.csv,2025-12-24 19:12:08,0.0
GEOP_20260402.csv,2025-12-24 19:15:08,0.0
GEOP_20260402.csv,2025-12-24 19:18:08,0.0
GEOP_20260402.csv,2025-12-24 19:21:08,0.0
GEOP_20260402.csv,2025-12-24 19:24:08,0.0
GEOP_20260402.csv,2025-12-24 19:27:08,0.0
GEOP_20260402.csv,2025-12-24 19:30:08,0.0
GEOP_20260402.csv,2025-12-24 19:33:58,0.0
GEOP_20260402.csv,2025-12-24 19:36:57,0.0
GEOP_20260402.csv,2025-12-24 19:39:57,0.0
GEOP_20260402.csv,2025-12-24 19:42:57,0.0
GEOP_20260402.csv,2025-12-24 19:45:57,0.0
GEOP_20260402.csv,2025-12-24 19:48:57,0.0
GEOP_20260402.csv,2025-12-24 19:51:57,0.0
GEOP_20260402.csv,2025-12-24 19:54:57,0.0
GEOP_20260402.csv,2025-12-24 19:57:57,0.0
GEOP_20260402.csv,2025-12-24 20:00:57,0.0
GEOP_20260402.csv,2025-12-24 20:03:58,0.0
GEOP_20260402.csv,2025-12-24 20:06:57,0.0
GEOP_20260402.csv,2025-12-24 20:09:57,0.0
GEOP_20260402.csv,2025-12-24 20:12:57,0.0
GEOP_20260402.csv,2025-12-24 20:15:57,0.0
GEOP_20260402.csv,2025-12-24 20:18:57,0.0
GEOP_20260402.csv,2025-12-24 20:21:57,0.0
GEOP_20260402.csv,2025-12-24 20:24:57,0.0
GEOP_20260402.csv,2025-12-24 20:27:57,0.0
GEOP_20260402.csv,2025-12-24 20:30:57,0.0
GEOP_20260402.csv,2025-12-24 20:33:57,0.0
GEOP_20260402.csv,2025-12-24 20:36:58,0.0
GEOP_20260402.csv,2025-12-24 20:39:57,0.0
GEOP_20260402.csv,2025-12-24 20:42:57,0.0
GEOP_20260402.csv,2025-12-24 20:45:57,0.0
GEOP_20260402.csv,2025-12-24 20:48:57,0.0
GEOP_20260402.csv,2025-12-24 20:51:57,0.0
GEOP_20260402.csv,2025-12-24 20:54:57,0.0
GEOP_20260402.csv,2025-12-24 20:57:57,0.0
GEOP_20260402.csv,2025-12-24 21:00:57,0.0
GEOP_20260402.csv,2025-12-24 21:03:57,0.0
GEOP_20260402.csv,2025-12-24 21:06:57,0.0
GEOP_20260402.csv,2025-12-24 21:09:57,0.0
GEOP_20260402.csv,2025-12-24 21:12:57,0.0
GEOP_20260402.csv,2025-12-24 21:18:57,0.0
GEOP_20260402.csv,2025-12-24 21:21:57,0.0
GEOP_20260402.csv,2025-12-24 21:24:57,0.0
GEOP_20260402.csv,2025-12-24 21:27:57,0.0
GEOP_20260402.csv,2025-12-24 21:30:57,0.0
GEOP_20260402.csv,2025-12-24 21:33:57,0.0
GEOP_20260402.csv,2025-12-24 21:36:57,0.0
GEOP_20260402.csv,2025-12-24 21:39:57,0.0
GEOP_20260402.csv,2025-12-24 21:42:57,0.0
GEOP_20260402.csv,2025-12-24 21:45:57,0.0
GEOP_20260402.csv,2025-12-24 21:48:57,0.0
GEOP_20260402.csv,2025-12-24 21:51:57,0.0
GEOP_20260402.csv,2025-12-24 21:54:57,0.0
GEOP_20260402.csv,2025-12-24 21:57:57,0.0
GEOP_20260402.csv,2025-12-24 22:00:58,0.0
GEOP_20260402.csv,2025-12-24 22:03:57,0.0
GEOP_20260402.csv,2025-12-24 22:06:57,0.0
GEOP_20260402.csv,2025-12-24 22:09:57,0.0
GEOP_20260402.csv,2025-12-24 22:12:57,0.0
GEOP_20260402.csv,2025-12-24 22:15:58,0.0
GEOP_20260402.csv,2025-12-24 22:21:57,0.0
GEOP_20260402.csv,2025-12-24 22:24:57,0.0
GEOP_20260402.csv,2025-12-24 22:27:57,0.0
GEOP_20260402.csv,2025-12-24 22:30:57,0.0
GEOP_20260402.csv,2025-12-24 22:33:57,0.0
GEOP_20260402.csv,2025-12-24 22:36:57,0.0
GEOP_20260402.csv,2025-12-24 22:39:57,0.0
GEOP_20260402.csv,2025-12-24 22:42:57,0.0
GEOP_20260402.csv,2025-12-24 22:45:57,0.0
GEOP_20260402.csv,2025-12-24 22:48:57,0.0
GEOP_20260402.csv,2025-12-24 22:51:57,0.0
GEOP_20260402.csv,2025-12-24 22:54:57,0.0
GEOP_20260402.csv,2025-12-24 22:57:57,0.0
GEOP_20260402.csv,2025-12-24 23:00:57,0.0
GEOP_20260402.csv,2025-12-24 23:03:57,0.0
GEOP_20260402.csv,2025-12-24 23:06:57,0.0
GEOP_20260402.csv,2025-12-24 23:09:57,0.0
GEOP_20260402.csv,2025-12-24 23:12:57,0.0
GEOP_20260402.csv,2025-12-24 23:15:57,0.0
GEOP_20260402.csv,2025-12-24 23:21:57,0.0
GEOP_20260402.csv,2025-12-24 23:24:57,0.0
GEOP_20260402.csv,2025-12-24 23:27:57,0.0
GEOP_20260402.csv,2025-12-24 23:30:57,0.0
GEOP_20260402.csv,2025-12-24 23:33:57,0.0
GEOP_20260402.csv,2025-12-24 23:36:57,0.0
GEOP_20260402.csv,2025-12-24 23:39:57,0.0
GEOP_20260402.csv,2025-12-24 23:42:57,0.0
GEOP_20260402.csv,2025-12-24 23:45:57,0.0
GEOP_20260402.csv,2025-12-24 23:48:57,0.0
GEOP_20260402.csv,2025-12-24 23:51:57,0.0
GEOP_20260402.csv,2025-12-24 23:54:57,0.0
GEOP_20260402.csv,2025-12-24 23:57:57,0.0
GEOP_20260402.csv,2025-12-25 00:00:57,0.0
GEOP_20260402.csv,2025-12-25 00:03:57,0.0
GEOP_20260402.csv,2025-12-25 00:06:57,0.0
GEOP_20260402.csv,2025-12-25 00:09:57,0.0
GEOP_20260402.csv,2025-12-25 00:12:57,0.0
GEOP_20260402.csv,2025-12-25 00:15:57,0.0
GEOP_20260402.csv,2025-12-25 00:18:57,0.0
GEOP_20260402.csv,2025-12-25 00:21:58,0.0
GEOP_20260402.csv,2025-12-25 00:24:58,0.0
GEOP_20260402.csv,2025-12-25 00:27:58,0.0
GEOP_20260402.csv,2025-12-25 00:30:58,0.0
GEOP_20260402.csv,2025-12-25 00:33:58,0.0
GEOP_20260402.csv,2025-12-25 00:36:58,0.0
GEOP_20260402.csv,2025-12-25 00:39:58,0.0
GEOP_20260402.csv,2025-12-25 00:42:58,0.0
GEOP_20260402.csv,2025-12-25 00:45:58,0.0
GEOP_20260402.csv,2025-12-25 00:48:58,0.0
GEOP_20260402.csv,2025-12-25 00:51:58,0.0
GEOP_20260402.csv,2025-12-25 00:54:58,0.0
GEOP_20260402.csv,2025-12-25 00:57:58,0.0
GEOP_20260402.csv,2025-12-25 01:00:58,0.0
GEOP_20260402.csv,2025-12-25 01:03:58,0.0
GEOP_20260402.csv,2025-12-25 01:06:58,0.0
GEOP_20260402.csv,2025-12-25 01:09:58,0.0
GEOP_20260402.csv,2025-12-25 01:12:58,0.0
GEOP_20260402.csv,2025-12-25 01:15:58,0.0
GEOP_20260402.csv,2025-12-25 01:18:58,0.0
GEOP_20260402.csv,2025-12-25 01:21:58,0.0
GEOP_20260402.csv,2025-12-25 01:24:58,0.0
GEOP_20260402.csv,2025-12-25 01:27:58,0.0
GEOP_20260402.csv,2025-12-25 01:30:58,0.0
GEOP_20260402.csv,2025-12-25 01:33:58,0.0
GEOP_20260402.csv,2025-12-25 01:36:58,0.0
GEOP_20260402.csv,2025-12-25 01:39:58,0.0
GEOP_20260402.csv,2025-12-25 01:42:58,0.0
GEOP_20260402.csv,2025-12-25 01:45:58,0.0
GEOP_20260402.csv,2025-12-25 01:48:58,0.0
GEOP_20260402.csv,2025-12-25 01:51:58,0.0
GEOP_20260402.csv,2025-12-25 01:54:58,0.0
GEOP_20260402.csv,2025-12-25 01:57:58,0.0
GEOP_20260402.csv,2025-12-25 02:00:58,0.0
GEOP_20260402.csv,2025-12-25 02:03:58,0.0
GEOP_20260402.csv,2025-12-25 02:06:58,0.0
GEOP_20260402.csv,2025-12-25 02:09:58,0.0
GEOP_20260402.csv,2025-12-25 02:12:58,0.0
GEOP_20260402.csv,2025-12-25 02:15:58,0.0
GEOP_20260402.csv,2025-12-25 02:18:58,0.0
GEOP_20260402.csv,2025-12-25 02:21:58,0.0
GEOP_20260402.csv,2025-12-25 02:24:58,0.0
GEOP_20260402.csv,2025-12-25 02:27:58,0.0
GEOP_20260402.csv,2025-12-25 02:30:58,0.0
GEOP_20260402.csv,2025-12-25 02:33:58,0.0
GEOP_20260402.csv,2025-12-25 02:36:58,0.0
GEOP_20260402.csv,2025-12-25 02:39:58,0.0
GEOP_20260402.csv,2025-12-25 02:42:58,0.0
GEOP_20260402.csv,2025-12-25 02:45:58,0.0
GEOP_20260402.csv,2025-12-25 02:48:58,0.0
GEOP_20260402.csv,2025-12-25 02:51:58,0.0
GEOP_20260402.csv,2025-12-25 02:54:58,0.0
GEOP_20260402.csv,2025-12-25 02:57:58,0.0
GEOP_20260402.csv,2025-12-25 03:00:58,0.0
GEOP_20260402.csv,2025-12-25 03:03:58,0.0
GEOP_20260402.csv,2025-12-25 03:06:58,0.0
GEOP_20260402.csv,2025-12-25 03:09:58,0.0
GEOP_20260402.csv,2025-12-25 03:12:58,0.0
GEOP_20260402.csv,2025-12-25 03:15:58,0.0
GEOP_20260402.csv,2025-12-25 03:18:58,0.0
GEOP_20260402.csv,2025-12-25 03:21:58,0.0
GEOP_20260402.csv,2025-12-25 03:24:58,0.0
GEOP_20260402.csv,2025-12-25 03:27:58,0.0
GEOP_20260402.csv,2025-12-25 03:30:58,0.0
GEOP_20260402.csv,2025-12-25 03:33:58,0.0
GEOP_20260402.csv,2025-12-25 03:36:58,0.0
GEOP_20260402.csv,2025-12-25 03:39:58,0.0
GEOP_20260402.csv,2025-12-25 03:42:58,0.0
GEOP_20260402.csv,2025-12-25 03:45:58,0.0
GEOP_20260402.csv,2025-12-25 03:48:58,0.0
GEOP_20260402.csv,2025-12-25 03:51:58,0.0
GEOP_20260402.csv,2025-12-25 03:54:58,0.0
GEOP_20260402.csv,2025-12-25 03:57:58,0.0
GEOP_20260402.csv,2025-12-25 04:00:58,0.0
GEOP_20260402.csv,2025-12-25 04:03:58,0.0
GEOP_20260402.csv,2025-12-25 04:06:58,0.0
GEOP_20260402.csv,2025-12-25 04:09:58,0.0
GEOP_20260402.csv,2025-12-25 04:12:58,0.0
GEOP_20260402.csv,2025-12-25 04:15:58,0.0
GEOP_20260402.csv,2025-12-25 04:18:58,0.0
GEOP_20260402.csv,2025-12-25 04:21:58,0.0
GEOP_20260402.csv,2025-12-25 04:27:58,0.0
GEOP_20260402.csv,2025-12-25 04:30:58,0.0
GEOP_20260402.csv,2025-12-25 04:33:58,0.0
GEOP_20260402.csv,2025-12-25 04:36:58,0.0
GEOP_20260402.csv,2025-12-25 04:39:58,0.0
GEOP_20260402.csv,2025-12-25 04:42:58,0.0
GEOP_20260402.csv,2025-12-25 04:45:58,0.0
GEOP_20260402.csv,2025-12-25 04:48:58,0.0
GEOP_20260402.csv,2025-12-25 04:51:58,0.0
GEOP_20260402.csv,2025-12-25 04:54:58,0.0
GEOP_20260402.csv,2025-12-25 04:57:58,0.0
GEOP_20260402.csv,2025-12-25 05:00:58,0.0
GEOP_20260402.csv,2025-12-25 05:03:58,0.0
GEOP_20260402.csv,2025-12-25 05:06:58,0.0
GEOP_20260402.csv,2025-12-25 05:09:58,0.0
GEOP_20260402.csv,2025-12-25 05:12:58,0.0
GEOP_20260402.csv,2025-12-25 05:15:58,0.0
GEOP_20260402.csv,2025-12-25 05:18:58,0.0
GEOP_20260402.csv,2025-12-25 05:21:58,0.0
GEOP_20260402.csv,2025-12-25 05:24:58,0.0
GEOP_20260402.csv,2025-12-25 05:27:58,0.0
GEOP_20260402.csv,2025-12-25 05:30:58,0.0
GEOP_20260402.csv,2025-12-25 05:33:58,0.0
GEOP_20260402.csv,2025-12-25 05:36:58,0.0
GEOP_20260402.csv,2025-12-25 05:39:58,0.0
GEOP_20260402.csv,2025-12-25 05:42:58,0.0
GEOP_20260402.csv,2025-12-25 05:45:58,0.0
GEOP_20260402.csv,2025-12-25 05:48:58,0.0
GEOP_20260402.csv,2025-12-25 05:51:58,0.0
GEOP_20260402.csv,2025-12-25 05:54:58,0.0
GEOP_20260402.csv,2025-12-25 05:57:58,0.0
GEOP_20260402.csv,2025-12-25 06:00:58,0.0
GEOP_20260402.csv,2025-12-25 06:03:58,0.0
GEOP_20260402.csv,2025-12-25 06:06:58,0.0
GEOP_20260402.csv,2025-12-25 06:09:58,0.0
GEOP_20260402.csv,2025-12-25 06:12:58,0.0
GEOP_20260402.csv,2025-12-25 06:15:58,0.0
GEOP_20260402.csv,2025-12-25 06:18:58,0.0
GEOP_20260402.csv,2025-12-25 06:21:58,0.0
GEOP_20260402.csv,2025-12-25 06:24:58,0.0
GEOP_20260402.csv,2025-12-25 06:27:58,0.0
GEOP_20260402.csv,2025-12-25 06:30:58,0.0
GEOP_20260402.csv,2025-12-25 06:33:58,0.0
GEOP_20260402.csv,2025-12-25 06:36:58,0.0
GEOP_20260402.csv,2025-12-25 06:39:58,0.0
GEOP_20260402.csv,2025-12-25 06:42:58,0.0
GEOP_20260402.csv,2025-12-25 06:45:58,0.0
GEOP_20260402.csv,2025-12-25 06:48:58,0.0
GEOP_20260402.csv,2025-12-25 06:51:58,0.0
GEOP_20260402.csv,2025-12-25 06:54:58,0.0
GEOP_20260402.csv,2025-12-25 06:57:58,0.0
GEOP_20260402.csv,2025-12-25 07:00:58,0.0
GEOP_20260402.csv,2025-12-25 07:03:58,0.0
GEOP_20260402.csv,2025-12-25 07:06:58,0.0
GEOP_20260402.csv,2025-12-25 07:09:58,0.0
GEOP_20260402.csv,2025-12-25 07:12:58,0.0
GEOP_20260402.csv,2025-12-25 07:15:58,0.0
GEOP_20260402.csv,2025-12-25 07:18:58,0.0
GEOP_20260402.csv,2025-12-25 07:21:58,0.0
GEOP_20260402.csv,2025-12-25 07:24:58,0.0
GEOP_20260402.csv,2025-12-25 07:27:58,0.0
GEOP_20260402.csv,2025-12-25 07:30:58,0.0
GEOP_20260402.csv,2025-12-25 07:33:58,0.0
GEOP_20260402.csv,2025-12-25 07:36:58,0.0
GEOP_20260402.csv,2025-12-25 07:39:58,0.0
GEOP_20260402.csv,2025-12-25 07:42:58,0.0
GEOP_20260402.csv,2025-12-25 07:45:58,0.0
GEOP_20260402.csv,2025-12-25 07:48:58,0.0
GEOP_20260402.csv,2025-12-25 07:51:58,0.0
GEOP_20260402.csv,2025-12-25 07:54:58,0.0
GEOP_20260402.csv,2025-12-25 07:57:58,0.0
GEOP_20260402.csv,2025-12-25 08:00:58,0.0
GEOP_20260402.csv,2025-12-25 08:03:58,0.0
GEOP_20260402.csv,2025-12-25 08:06:58,0.0
GEOP_20260402.csv,2025-12-25 08:09:58,0.0
GEOP_20260402.csv,2025-12-25 08:12:58,0.0
GEOP_20260402.csv,2025-12-25 08:15:58,0.0
GEOP_20260402.csv,2025-12-25 08:18:58,0.0
GEOP_20260402.csv,2025-12-25 08:21:58,0.0
GEOP_20260402.csv,2025-12-25 08:24:58,0.0
GEOP_20260402.csv,2025-12-25 08:27:58,0.0
GEOP_20260402.csv,2025-12-25 08:30:58,0.0
GEOP_20260402.csv,2025-12-25 08:33:58,0.0
GEOP_20260402.csv,2025-12-25 08:36:58,0.0
GEOP_20260402.csv,2025-12-25 08:39:58,0.0
GEOP_20260402.csv,2025-12-25 08:42:58,0.0
GEOP_20260402.csv,2025-12-25 08:45:58,0.0
GEOP_20260402.csv,2025-12-25 08:48:58,0.0
GEOP_20260402.csv,2025-12-25 08:51:58,0.0
GEOP_20260402.csv,2025-12-25 08:54:58,0.0
GEOP_20260402.csv,2025-12-25 08:57:58,0.0
GEOP_20260402.csv,2025-12-25 09:00:58,0.0
GEOP_20260402.csv,2025-12-25 09:03:58,0.0
GEOP_20260402.csv,2025-12-25 09:06:58,0.0
GEOP_20260402.csv,2025-12-25 09:09:58,0.0
GEOP_20260402.csv,2025-12-25 09:12:58,0.0
GEOP_20260402.csv,2025-12-25 09:15:58,0.0
GEOP_20260402.csv,2025-12-25 09:18:58,0.0
GEOP_20260402.csv,2025-12-25 09:21:58,0.0
GEOP_20260402.csv,2025-12-25 09:24:58,0.0
GEOP_20260402.csv,2025-12-25 09:27:58,0.0
GEOP_20260402.csv,2025-12-25 09:30:58,0.0
GEOP_20260402.csv,2025-12-25 09:33:58,0.0
GEOP_20260402.csv,2025-12-25 09:36:58,0.0
GEOP_20260402.csv,2025-12-25 09:39:58,0.0
GEOP_20260402.csv,2025-12-25 09:42:58,0.0
GEOP_20260402.csv,2025-12-25 09:45:58,0.0
GEOP_20260402.csv,2025-12-25 09:48:58,0.0
GEOP_20260402.csv,2025-12-25 09:51:58,0.0
GEOP_20260402.csv,2025-12-25 09:54:58,0.0
GEOP_20260402.csv,2025-12-25 09:57:58,0.0
GEOP_20260402.csv,2025-12-25 10:00:58,0.0
GEOP_20260402.csv,2025-12-25 10:03:58,0.0
GEOP_20260402.csv,2025-12-25 10:06:58,0.0
GEOP_20260402.csv,2025-12-25 10:09:58,0.0
GEOP_20260402.csv,2025-12-25 10:12:58,0.0
GEOP_20260402.csv,2025-12-25 10:15:58,0.0
GEOP_20260402.csv,2025-12-25 10:18:58,0.0
GEOP_20260402.csv,2025-12-25 10:21:58,0.0
GEOP_20260402.csv,2025-12-25 10:24:58,0.0
GEOP_20260402.csv,2025-12-25 10:27:58,0.0
GEOP_20260402.csv,2025-12-25 10:30:58,0.0
GEOP_20260402.csv,2025-12-25 10:33:58,0.0
GEOP_20260402.csv,2025-12-25 10:36:58,0.0
GEOP_20260402.csv,2025-12-25 10:39:58,0.0
GEOP_20260402.csv,2025-12-25 10:42:58,0.0
GEOP_20260402.csv,2025-12-25 10:45:58,0.0
GEOP_20260402.csv,2025-12-25 10:48:58,0.0
GEOP_20260402.csv,2025-12-25 10:51:58,0.0
GEOP_20260402.csv,2025-12-25 10:54:58,0.0
GEOP_20260402.csv,2025-12-25 10:57:58,0.0
GEOP_20260402.csv,2025-12-25 11:00:58,0.0
GEOP_20260402.csv,2025-12-25 11:03:58,0.0
GEOP_20260402.csv,2025-12-25 11:06:58,0.0
GEOP_20260402.csv,2025-12-25 11:09:58,0.0
GEOP_20260402.csv,2025-12-25 11:12:58,0.0
GEOP_20260402.csv,2025-12-25 11:15:58,0.0
GEOP_20260402.csv,2025-12-25 11:18:58,0.0
GEOP_20260402.csv,2025-12-25 11:21:58,0.0
GEOP_20260402.csv,2025-12-25 11:24:58,0.0
GEOP_20260402.csv,2025-12-25 11:27:58,0.0
GEOP_20260402.csv,2025-12-25 11:30:58,0.0
GEOP_20260402.csv,2025-12-25 11:33:58,0.0
GEOP_20260402.csv,2025-12-25 11:36:58,0.0
GEOP_20260402.csv,2025-12-25 11:39:58,0.0
GEOP_20260402.csv,2025-12-25 11:42:58,0.0
GEOP_20260402.csv,2025-12-25 11:45:58,0.0
GEOP_20260402.csv,2025-12-25 11:48:58,0.0
GEOP_20260402.csv,2025-12-25 11:51:58,0.0
GEOP_20260402.csv,2025-12-25 11:54:58,0.0
GEOP_20260402.csv,2025-12-25 11:57:58,0.0
GEOP_20260402.csv,2025-12-25 12:00:58,0.0
GEOP_20260402.csv,2025-12-25 12:03:58,0.0
GEOP_20260402.csv,2025-12-25 12:06:58,0.0
GEOP_20260402.csv,2025-12-25 12:09:58,0.0
GEOP_20260402.csv,2025-12-25 12:12:58,0.0
GEOP_20260402.csv,2025-12-25 12:15:58,0.0
GEOP_20260402.csv,2025-12-25 12:18:58,0.0
GEOP_20260402.csv,2025-12-25 12:21:58,0.0
GEOP_20260402.csv,2025-12-25 12:24:58,0.0
GEOP_20260402.csv,2025-12-25 12:27:58,0.0
GEOP_20260402.csv,2025-12-25 12:30:58,0.0
GEOP_20260402.csv,2025-12-25 12:33:58,0.0
GEOP_20260402.csv,2025-12-25 12:36:58,0.0
GEOP_20260402.csv,2025-12-25 12:39:58,0.0
GEOP_20260402.csv,2025-12-25 12:42:58,0.0
GEOP_20260402.csv,2025-12-25 12:45:58,0.0
GEOP_20260402.csv,2025-12-25 12:48:58,0.0
GEOP_20260402.csv,2025-12-25 12:51:58,0.0
GEOP_20260402.csv,2025-12-25 12:54:58,0.0
GEOP_20260402.csv,2025-12-25 12:57:58,0.0
GEOP_20260402.csv,2025-12-25 13:00:58,0.0
GEOP_20260402.csv,2025-12-25 13:03:58,0.0
GEOP_20260402.csv,2025-12-25 13:06:58,0.0
GEOP_20260402.csv,2025-12-25 13:09:58,0.0
GEOP_20260402.csv,2025-12-25 13:12:58,0.0
GEOP_20260402.csv,2025-12-25 13:15:58,0.0
GEOP_20260402.csv,2025-12-25 13:18:58,0.0
GEOP_20260402.csv,2025-12-25 13:21:58,0.0
GEOP_20260402.csv,2025-12-25 13:24:58,0.0
GEOP_20260402.csv,2025-12-25 13:27:58,0.0
GEOP_20260402.csv,2025-12-25 13:30:58,0.0
GEOP_20260402.csv,2025-12-25 13:33:58,0.0
GEOP_20260402.csv,2025-12-25 13:36:58,0.0
GEOP_20260402.csv,2025-12-25 13:39:58,0.0
GEOP_20260402.csv,2025-12-25 13:42:58,0.0
GEOP_20260402.csv,2025-12-25 13:45:58,0.0
GEOP_20260402.csv,2025-12-25 13:48:58,0.0
GEOP_20260402.csv,2025-12-25 13:51:58,0.0
GEOP_20260402.csv,2025-12-25 13:54:58,0.0
GEOP_20260402.csv,2025-12-25 13:57:58,0.0
GEOP_20260402.csv,2025-12-25 14:00:58,0.0
GEOP_20260402.csv,2025-12-25 14:03:58,0.0
GEOP_20260402.csv,2025-12-25 14:06:58,0.0
GEOP_20260402.csv,2025-12-25 14:09:58,0.0
GEOP_20260402.csv,2025-12-25 14:12:58,0.0
GEOP_20260402.csv,2025-12-25 14:15:58,0.0
GEOP_20260402.csv,2025-12-25 14:18:58,0.0
GEOP_20260402.csv,2025-12-25 14:21:58,0.0
GEOP_20260402.csv,2025-12-25 14:24:58,0.0
GEOP_20260402.csv,2025-12-25 14:27:58,0.0
GEOP_20260402.csv,2025-12-25 14:30:58,0.0
GEOP_20260402.csv,2025-12-25 14:33:58,0.0
GEOP_20260402.csv,2025-12-25 14:36:58,0.0
GEOP_20260402.csv,2025-12-25 14:39:58,0.0
GEOP_20260402.csv,2025-12-25 14:42:58,0.0
GEOP_20260402.csv,2025-12-25 14:45:58,0.0
GEOP_20260402.csv,2025-12-25 14:48:58,0.0
GEOP_20260402.csv,2025-12-25 14:51:58,0.0
GEOP_20260402.csv,2025-12-25 14:54:58,0.0
GEOP_20260402.csv,2025-12-25 14:57:58,0.0
GEOP_20260402.csv,2025-12-25 15:00:58,0.0
GEOP_20260402.csv,2025-12-25 15:03:58,0.0
GEOP_20260402.csv,2025-12-25 15:06:58,0.0
GEOP_20260402.csv,2025-12-25 15:09:58,0.0
GEOP_20260402.csv,2025-12-25 15:12:58,0.0
GEOP_20260402.csv,2025-12-25 15:15:58,0.0
GEOP_20260402.csv,2025-12-25 15:18:58,0.0
GEOP_20260402.csv,2025-12-25 15:21:58,0.0
GEOP_20260402.csv,2025-12-25 15:24:58,0.0
GEOP_20260402.csv,2025-12-25 15:27:58,0.0
GEOP_20260402.csv,2025-12-25 15:30:58,0.0
GEOP_20260402.csv,2025-12-25 15:33:58,0.0
GEOP_20260402.csv,2025-12-25 15:36:58,0.0
GEOP_20260402.csv,2025-12-25 15:39:58,0.0
GEOP_20260402.csv,2025-12-25 15:42:58,0.0
GEOP_20260402.csv,2025-12-25 15:45:58,0.0
GEOP_20260402.csv,2025-12-25 15:48:58,0.0
GEOP_20260402.csv,2025-12-25 15:51:58,0.0
GEOP_20260402.csv,2025-12-25 15:54:58,0.0
GEOP_20260402.csv,2025-12-25 15:57:58,0.0
GEOP_20260402.csv,2025-12-25 16:00:58,0.0
GEOP_20260402.csv,2025-12-25 16:03:58,0.0
GEOP_20260402.csv,2025-12-25 16:06:58,0.0
GEOP_20260402.csv,2025-12-25 16:09:58,0.0
GEOP_20260402.csv,2025-12-25 16:12:58,0.0
GEOP_20260402.csv,2025-12-25 16:15:58,0.0
GEOP_20260402.csv,2025-12-25 16:18:58,0.0
GEOP_20260402.csv,2025-12-25 16:21:58,0.0
GEOP_20260402.csv,2025-12-25 16:24:58,0.0
GEOP_20260402.csv,2025-12-25 16:27:58,0.0
GEOP_20260402.csv,2025-12-25 16:30:58,0.0
GEOP_20260402.csv,2025-12-25 16:33:58,0.0
GEOP_20260402.csv,2025-12-25 16:36:58,0.0
GEOP_20260402.csv,2025-12-25 16:39:58,0.0
GEOP_20260402.csv,2025-12-25 16:42:58,0.0
GEOP_20260402.csv,2025-12-25 16:45:58,0.0
GEOP_20260402.csv,2025-12-25 16:48:58,0.0
GEOP_20260402.csv,2025-12-25 16:51:58,0.0
GEOP_20260402.csv,2025-12-25 16:54:58,0.0
GEOP_20260402.csv,2025-12-25 16:57:58,0.0
GEOP_20260402.csv,2025-12-25 17:00:58,0.0
GEOP_20260402.csv,2025-12-25 17:03:58,0.0
GEOP_20260402.csv,2025-12-25 17:06:58,0.0
GEOP_20260402.csv,2025-12-25 17:09:58,0.0
GEOP_20260402.csv,2025-12-25 17:12:58,0.0
GEOP_20260402.csv,2025-12-25 17:15:58,0.0
GEOP_20260402.csv,2025-12-25 17:18:58,0.0
GEOP_20260402.csv,2025-12-25 17:21:58,0.0
GEOP_20260402.csv,2025-12-25 17:24:58,0.0
GEOP_20260402.csv,2025-12-25 17:27:58,0.0
GEOP_20260402.csv,2025-12-25 17:30:58,0.0
GEOP_20260402.csv,2025-12-25 17:33:58,0.0
GEOP_20260402.csv,2025-12-25 17:36:58,0.0
GEOP_20260402.csv,2025-12-25 17:39:58,0.0
GEOP_20260402.csv,2025-12-25 17:42:58,0.0
GEOP_20260402.csv,2025-12-25 17:45:58,0.0
GEOP_20260402.csv,2025-12-25 17:48:58,0.0
GEOP_20260402.csv,2025-12-25 17:51:58,0.0
GEOP_20260402.csv,2025-12-25 17:54:58,0.0
GEOP_20260402.csv,2025-12-25 17:57:58,0.0
GEOP_20260402.csv,2025-12-25 18:00:58,0.0
GEOP_20260402.csv,2025-12-25 18:03:58,0.0
GEOP_20260402.csv,2025-12-25 18:06:58,0.0
GEOP_20260402.csv,2025-12-25 18:09:58,0.0
GEOP_20260402.csv,2025-12-25 18:12:58,0.0
GEOP_20260402.csv,2025-12-25 18:15:58,0.0
GEOP_20260402.csv,2025-12-25 18:18:58,0.0
GEOP_20260402.csv,2025-12-25 18:21:58,0.0
GEOP_20260402.csv,2025-12-25 18:24:58,0.0
GEOP_20260402.csv,2025-12-25 18:27:58,0.0
GEOP_20260402.csv,2025-12-25 18:30:58,0.0
GEOP_20260402.csv,2025-12-25 18:33:58,0.0
GEOP_20260402.csv,2025-12-25 18:36:58,0.0
GEOP_20260402.csv,2025-12-25 18:39:58,0.0
GEOP_20260402.csv,2025-12-25 18:42:58,0.0
GEOP_20260402.csv,2025-12-25 18:45:58,0.0
GEOP_20260402.csv,2025-12-25 18:48:58,0.0
GEOP_20260402.csv,2025-12-25 18:51:58,0.0
GEOP_20260402.csv,2025-12-25 18:54:58,0.0
GEOP_20260402.csv,2025-12-25 18:57:58,0.0
GEOP_20260402.csv,2025-12-25 19:00:58,0.0
GEOP_20260402.csv,2025-12-25 19:03:58,0.0
GEOP_20260402.csv,2025-12-25 19:06:58,0.0
GEOP_20260402.csv,2025-12-25 19:09:57,0.0
GEOP_20260402.csv,2025-12-25 19:12:58,0.0
GEOP_20260402.csv,2025-12-25 19:15:58,0.0
GEOP_20260402.csv,2025-12-25 19:18:57,0.0
GEOP_20260402.csv,2025-12-25 19:21:58,0.0
GEOP_20260402.csv,2025-12-25 19:24:57,0.0
GEOP_20260402.csv,2025-12-25 19:27:58,0.0
GEOP_20260402.csv,2025-12-25 19:30:57,0.0
GEOP_20260402.csv,2025-12-25 19:33:57,0.0
GEOP_20260402.csv,2025-12-25 19:36:57,0.0
GEOP_20260402.csv,2025-12-25 19:39:57,0.0
GEOP_20260402.csv,2025-12-25 19:42:57,0.0
GEOP_20260402.csv,2025-12-25 19:45:57,0.0
GEOP_20260402.csv,2025-12-25 19:48:57,0.0
GEOP_20260402.csv,2025-12-25 19:51:57,0.0
GEOP_20260402.csv,2025-12-25 19:54:57,0.0
GEOP_20260402.csv,2025-12-25 19:57:57,0.0
GEOP_20260402.csv,2025-12-25 20:00:57,0.0
GEOP_20260402.csv,2025-12-25 20:03:57,0.0
GEOP_20260402.csv,2025-12-25 20:06:57,0.0
GEOP_20260402.csv,2025-12-25 20:09:57,0.0
GEOP_20260402.csv,2025-12-25 20:12:57,0.0
GEOP_20260402.csv,2025-12-25 20:15:57,0.0
GEOP_20260402.csv,2025-12-25 20:18:57,0.0
GEOP_20260402.csv,2025-12-25 20:21:57,0.0
GEOP_20260402.csv,2025-12-25 20:24:57,0.0
GEOP_20260402.csv,2025-12-25 20:27:57,0.0
GEOP_20260402.csv,2025-12-25 20:30:57,0.0
GEOP_20260402.csv,2025-12-25 20:33:57,0.0
GEOP_20260402.csv,2025-12-25 20:36:57,0.0
GEOP_20260402.csv,2025-12-25 20:39:57,0.0
GEOP_20260402.csv,2025-12-25 20:42:57,0.0
GEOP_20260402.csv,2025-12-25 20:45:57,0.0
GEOP_20260402.csv,2025-12-25 20:48:57,0.0
GEOP_20260402.csv,2025-12-25 20:51:57,0.0
GEOP_20260402.csv,2025-12-25 20:54:57,0.0
GEOP_20260402.csv,2025-12-25 20:57:57,0.0
GEOP_20260402.csv,2025-12-25 21:00:57,0.0
GEOP_20260402.csv,2025-12-25 21:03:57,0.0
GEOP_20260402.csv,2025-12-25 21:06:57,0.0
GEOP_20260402.csv,2025-12-25 21:09:57,0.0
GEOP_20260402.csv,2025-12-25 21:12:57,0.0
GEOP_20260402.csv,2025-12-25 21:15:57,0.0
GEOP_20260402.csv,2025-12-25 21:18:57,0.0
GEOP_20260402.csv,2025-12-25 21:21:57,0.0
GEOP_20260402.csv,2025-12-25 21:24:57,0.0
GEOP_20260402.csv,2025-12-25 21:30:57,0.0
GEOP_20260402.csv,2025-12-25 21:33:57,0.0
GEOP_20260402.csv,2025-12-25 21:36:57,0.0
GEOP_20260402.csv,2025-12-25 21:39:57,0.0
GEOP_20260402.csv,2025-12-25 21:42:57,0.0
GEOP_20260402.csv,2025-12-25 21:45:57,0.0
GEOP_20260402.csv,2025-12-25 21:48:57,0.0
GEOP_20260402.csv,2025-12-25 21:51:57,0.0
GEOP_20260402.csv,2025-12-25 21:54:57,0.0
GEOP_20260402.csv,2025-12-25 21:57:57,0.0
GEOP_20260402.csv,2025-12-25 22:00:57,0.0
GEOP_20260402.csv,2025-12-25 22:03:57,0.0
GEOP_20260402.csv,2025-12-25 22:06:57,0.0
GEOP_20260402.csv,2025-12-25 22:09:57,0.0
GEOP_20260402.csv,2025-12-25 22:12:57,0.0
GEOP_20260402.csv,2025-12-25 22:15:57,0.0
GEOP_20260402.csv,2025-12-25 22:18:57,0.0
GEOP_20260402.csv,2025-12-25 22:21:57,0.0
GEOP_20260402.csv,2025-12-25 22:24:57,0.0
GEOP_20260402.csv,2025-12-25 22:27:57,0.0
GEOP_20260402.csv,2025-12-25 22:30:57,0.0
GEOP_20260402.csv,2025-12-25 22:33:57,0.0
GEOP_20260402.csv,2025-12-25 22:36:57,0.0
GEOP_20260402.csv,2025-12-25 22:39:57,0.0
GEOP_20260402.csv,2025-12-25 22:42:57,0.0
GEOP_20260402.csv,2025-12-25 22:45:57,0.0
GEOP_20260402.csv,2025-12-25 22:48:57,0.0
GEOP_20260402.csv,2025-12-25 22:51:57,0.0
GEOP_20260402.csv,2025-12-25 22:54:57,0.0
GEOP_20260402.csv,2025-12-25 22:57:57,0.0
GEOP_20260402.csv,2025-12-25 23:00:57,0.0
GEOP_20260402.csv,2025-12-25 23:03:57,0.0
GEOP_20260402.csv,2025-12-25 23:06:57,0.0
GEOP_20260402.csv,2025-12-25 23:09:57,0.0
GEOP_20260402.csv,2025-12-25 23:12:57,0.0
GEOP_20260402.csv,2025-12-25 23:15:57,0.0
GEOP_20260402.csv,2025-12-25 23:18:57,0.0
GEOP_20260402.csv,2025-12-25 23:21:57,0.0
GEOP_20260402.csv,2025-12-25 23:24:57,0.0
GEOP_20260402.csv,2025-12-25 23:27:57,0.0
GEOP_20260402.csv,2025-12-25 23:30:57,0.0
GEOP_20260402.csv,2025-12-25 23:33:57,0.0
GEOP_20260402.csv,2025-12-25 23:36:57,0.0
GEOP_20260402.csv,2025-12-25 23:39:57,0.0
GEOP_20260402.csv,2025-12-25 23:42:57,0.0
GEOP_20260402.csv,2025-12-25 23:45:57,0.0
GEOP_20260402.csv,2025-12-25 23:48:57,0.0
GEOP_20260402.csv,2025-12-25 23:51:57,0.0
GEOP_20260402.csv,2025-12-25 23:54:57,0.0
GEOP_20260402.csv,2025-12-25 23:57:57,0.0
GEOP_20260402.csv,2025-12-26 00:00:57,0.0
GEOP_20260402.csv,2025-12-26 00:03:57,0.0
GEOP_20260402.csv,2025-12-26 00:06:57,0.0
GEOP_20260402.csv,2025-12-26 00:09:57,0.0
GEOP_20260402.csv,2025-12-26 00:12:57,0.0
GEOP_20260402.csv,2025-12-26 00:15:57,0.0
GEOP_20260402.csv,2025-12-26 00:19:01,0.0
GEOP_20260402.csv,2025-12-26 00:21:57,0.0
GEOP_20260402.csv,2025-12-26 00:24:57,0.0
GEOP_20260402.csv,2025-12-26 00:27:57,0.0
GEOP_20260402.csv,2025-12-26 00:30:57,0.0
GEOP_20260402.csv,2025-12-26 00:33:57,0.0
GEOP_20260402.csv,2025-12-26 00:36:57,0.0
GEOP_20260402.csv,2025-12-26 00:39:57,0.0
GEOP_20260402.csv,2025-12-26 00:42:57,0.0
GEOP_20260402.csv,2025-12-26 00:45:57,0.0
GEOP_20260402.csv,2025-12-26 00:48:57,0.0
GEOP_20260402.csv,2025-12-26 00:51:57,0.0
GEOP_20260402.csv,2025-12-26 00:54:57,0.0
GEOP_20260402.csv,2025-12-26 00:57:57,0.0
GEOP_20260402.csv,2025-12-26 01:00:57,0.0
GEOP_20260402.csv,2025-12-26 01:03:57,0.0
GEOP_20260402.csv,2025-12-26 01:06:57,0.0
GEOP_20260402.csv,2025-12-26 01:09:57,0.0
GEOP_20260402.csv,2025-12-26 01:12:57,0.0
GEOP_20260402.csv,2025-12-26 01:15:57,0.0
GEOP_20260402.csv,2025-12-26 01:18:57,0.0
GEOP_20260402.csv,2025-12-26 01:21:57,0.0
GEOP_20260402.csv,2025-12-26 01:24:57,0.0
GEOP_20260402.csv,2025-12-26 01:27:57,0.0
GEOP_20260402.csv,2025-12-26 01:30:57,0.0
GEOP_20260402.csv,2025-12-26 01:33:57,0.0
GEOP_20260402.csv,2025-12-26 01:36:57,0.0
GEOP_20260402.csv,2025-12-26 01:39:57,0.0
GEOP_20260402.csv,2025-12-26 01:42:57,0.0
GEOP_20260402.csv,2025-12-26 01:45:57,0.0
GEOP_20260402.csv,2025-12-26 01:48:57,0.0
GEOP_20260402.csv,2025-12-26 01:52:00,0.0
GEOP_20260402.csv,2025-12-26 01:54:57,0.0
GEOP_20260402.csv,2025-12-26 01:57:57,0.0
GEOP_20260402.csv,2025-12-26 02:00:57,0.0
GEOP_20260402.csv,2025-12-26 02:03:57,0.0
GEOP_20260402.csv,2025-12-26 02:06:57,0.0
GEOP_20260402.csv,2025-12-26 02:09:57,0.0
GEOP_20260402.csv,2025-12-26 02:12:57,0.0
GEOP_20260402.csv,2025-12-26 02:15:57,0.0
GEOP_20260402.csv,2025-12-26 02:18:57,0.0
GEOP_20260402.csv,2025-12-26 02:21:57,0.0
GEOP_20260402.csv,2025-12-26 02:24:57,0.0
GEOP_20260402.csv,2025-12-26 02:27:57,0.0
GEOP_20260402.csv,2025-12-26 02:30:57,0.0
GEOP_20260402.csv,2025-12-26 02:33:57,0.0
GEOP_20260402.csv,2025-12-26 02:36:57,0.0
GEOP_20260402.csv,2025-12-26 02:39:57,0.0
GEOP_20260402.csv,2025-12-26 02:42:57,0.0
GEOP_20260402.csv,2025-12-26 02:45:57,0.0
GEOP_20260402.csv,2025-12-26 02:48:57,0.0
GEOP_20260402.csv,2025-12-26 02:51:57,0.0
GEOP_20260402.csv,2025-12-26 02:54:57,0.0
GEOP_20260402.csv,2025-12-26 02:57:57,0.0
GEOP_20260402.csv,2025-12-26 03:00:57,0.0
GEOP_20260402.csv,2025-12-26 03:03:57,0.0
GEOP_20260402.csv,2025-12-26 03:06:57,0.0
GEOP_20260402.csv,2025-12-26 03:09:57,0.0
GEOP_20260402.csv,2025-12-26 03:12:57,0.0
GEOP_20260402.csv,2025-12-26 03:15:57,0.0
GEOP_20260402.csv,2025-12-26 03:18:57,0.0
GEOP_20260402.csv,2025-12-26 03:21:57,0.0
GEOP_20260402.csv,2025-12-26 03:24:57,0.0
GEOP_20260402.csv,2025-12-26 03:27:57,0.0
GEOP_20260402.csv,2025-12-26 03:30:57,0.0
GEOP_20260402.csv,2025-12-26 03:33:57,0.0
GEOP_20260402.csv,2025-12-26 03:36:57,0.0
GEOP_20260402.csv,2025-12-26 03:39:57,0.0
GEOP_20260402.csv,2025-12-26 03:42:57,0.0
GEOP_20260402.csv,2025-12-26 03:45:57,0.0
GEOP_20260402.csv,2025-12-26 03:48:57,0.0
GEOP_20260402.csv,2025-12-26 03:51:57,0.0
GEOP_20260402.csv,2025-12-26 03:54:57,0.0
GEOP_20260402.csv,2025-12-26 03:57:57,0.0
GEOP_20260402.csv,2025-12-26 04:00:57,0.0
GEOP_20260402.csv,2025-12-26 04:03:57,0.0
GEOP_20260402.csv,2025-12-26 04:06:57,0.0
GEOP_20260402.csv,2025-12-26 04:09:57,0.0
GEOP_20260402.csv,2025-12-26 04:12:57,0.0
GEOP_20260402.csv,2025-12-26 04:15:57,0.0
GEOP_20260402.csv,2025-12-26 04:18:57,0.0
GEOP_20260402.csv,2025-12-26 04:21:57,0.0
GEOP_20260402.csv,2025-12-26 04:24:57,0.0
GEOP_20260402.csv,2025-12-26 04:27:57,0.0
GEOP_20260402.csv,2025-12-26 04:30:57,0.0
GEOP_20260402.csv,2025-12-26 04:33:57,0.0
GEOP_20260402.csv,2025-12-26 04:36:57,0.0
GEOP_20260402.csv,2025-12-26 04:40:02,0.0
GEOP_20260402.csv,2025-12-26 04:42:57,0.0
GEOP_20260402.csv,2025-12-26 04:45:57,0.0
GEOP_20260402.csv,2025-12-26 04:48:57,0.0
GEOP_20260402.csv,2025-12-26 04:51:57,0.0
GEOP_20260402.csv,2025-12-26 04:54:57,0.0
GEOP_20260402.csv,2025-12-26 04:57:57,0.0
GEOP_20260402.csv,2025-12-26 05:00:57,0.0
GEOP_20260402.csv,2025-12-26 05:03:57,0.0
GEOP_20260402.csv,2025-12-26 05:06:57,0.0
GEOP_20260402.csv,2025-12-26 05:09:57,0.0
GEOP_20260402.csv,2025-12-26 05:12:57,0.0
GEOP_20260402.csv,2025-12-26 05:15:57,0.0
GEOP_20260402.csv,2025-12-26 05:18:57,0.0
GEOP_20260402.csv,2025-12-26 05:21:57,0.0
GEOP_20260402.csv,2025-12-26 05:24:57,0.0
GEOP_20260402.csv,2025-12-26 05:27:57,0.0
GEOP_20260402.csv,2025-12-26 05:30:57,0.0
GEOP_20260402.csv,2025-12-26 05:33:57,0.0
GEOP_20260402.csv,2025-12-26 05:36:57,0.0
GEOP_20260402.csv,2025-12-26 05:39:57,0.0
GEOP_20260402.csv,2025-12-26 05:42:57,0.0
GEOP_20260402.csv,2025-12-26 05:45:57,0.0
GEOP_20260402.csv,2025-12-26 05:48:57,0.0
GEOP_20260402.csv,2025-12-26 05:51:57,0.0
GEOP_20260402.csv,2025-12-26 05:54:57,0.0
GEOP_20260402.csv,2025-12-26 05:57:57,0.0
GEOP_20260402.csv,2025-12-26 06:00:57,0.0
GEOP_20260402.csv,2025-12-26 06:03:57,0.0
GEOP_20260402.csv,2025-12-26 06:06:57,0.0
GEOP_20260402.csv,2025-12-26 06:09:57,0.0
GEOP_20260402.csv,2025-12-26 06:12:57,0.0
GEOP_20260402.csv,2025-12-26 06:15:57,0.0
GEOP_20260402.csv,2025-12-26 06:18:57,0.0
GEOP_20260402.csv,2025-12-26 06:21:57,0.0
GEOP_20260402.csv,2025-12-26 06:24:57,0.0
GEOP_20260402.csv,2025-12-26 06:27:57,0.0
GEOP_20260402.csv,2025-12-26 06:30:57,0.0
GEOP_20260402.csv,2025-12-26 06:33:57,0.0
GEOP_20260402.csv,2025-12-26 06:36:57,0.0
GEOP_20260402.csv,2025-12-26 06:39:57,0.0
GEOP_20260402.csv,2025-12-26 06:42:57,0.0
GEOP_20260402.csv,2025-12-26 06:45:57,0.0
GEOP_20260402.csv,2025-12-26 06:48:57,0.0
GEOP_20260402.csv,2025-12-26 06:51:57,0.0
GEOP_20260402.csv,2025-12-26 06:54:57,0.0
GEOP_20260402.csv,2025-12-26 06:57:57,0.0
GEOP_20260402.csv,2025-12-26 07:00:57,0.0
GEOP_20260402.csv,2025-12-26 07:03:57,0.0
GEOP_20260402.csv,2025-12-26 07:06:57,0.0
GEOP_20260402.csv,2025-12-26 07:09:57,0.0
GEOP_20260402.csv,2025-12-26 07:12:57,0.0
GEOP_20260402.csv,2025-12-26 07:15:57,0.0
GEOP_20260402.csv,2025-12-26 07:18:57,0.0
GEOP_20260402.csv,2025-12-26 07:21:57,0.0
GEOP_20260402.csv,2025-12-26 07:24:57,0.0
GEOP_20260402.csv,2025-12-26 07:27:57,0.0
GEOP_20260402.csv,2025-12-26 07:30:57,0.0
GEOP_20260402.csv,2025-12-26 07:33:57,0.0
GEOP_20260402.csv,2025-12-26 07:36:57,0.0
GEOP_20260402.csv,2025-12-26 07:39:57,0.0
GEOP_20260402.csv,2025-12-26 07:42:57,0.0
GEOP_20260402.csv,2025-12-26 07:45:57,0.0
GEOP_20260402.csv,2025-12-26 07:48:57,0.0
GEOP_20260402.csv,2025-12-26 07:51:57,0.0
GEOP_20260402.csv,2025-12-26 07:54:57,0.0
GEOP_20260402.csv,2025-12-26 07:57:57,0.0
GEOP_20260402.csv,2025-12-26 08:00:57,0.0
GEOP_20260402.csv,2025-12-26 08:03:57,0.0
GEOP_20260402.csv,2025-12-26 08:06:57,0.0
GEOP_20260402.csv,2025-12-26 08:09:57,0.0
GEOP_20260402.csv,2025-12-26 08:12:57,0.0
GEOP_20260402.csv,2025-12-26 08:15:57,0.0
GEOP_20260402.csv,2025-12-26 08:18:57,0.0
GEOP_20260402.csv,2025-12-26 08:21:57,0.0
GEOP_20260402.csv,2025-12-26 08:24:57,0.0
GEOP_20260402.csv,2025-12-26 08:27:57,0.0
GEOP_20260402.csv,2025-12-26 08:30:57,0.0
GEOP_20260402.csv,2025-12-26 08:33:57,0.0
GEOP_20260402.csv,2025-12-26 08:36:57,0.0
GEOP_20260402.csv,2025-12-26 08:39:57,0.0
GEOP_20260402.csv,2025-12-26 08:42:57,0.0
GEOP_20260402.csv,2025-12-26 08:48:57,0.0
GEOP_20260402.csv,2025-12-26 08:51:57,0.0
GEOP_20260402.csv,2025-12-26 08:54:57,0.0
GEOP_20260402.csv,2025-12-26 08:57:57,0.0
GEOP_20260402.csv,2025-12-26 09:00:57,0.0
GEOP_20260402.csv,2025-12-26 09:03:57,0.0
GEOP_20260402.csv,2025-12-26 09:06:57,0.0
GEOP_20260402.csv,2025-12-26 09:09:57,0.0
GEOP_20260402.csv,2025-12-26 09:12:57,0.0
GEOP_20260402.csv,2025-12-26 09:15:57,0.0
GEOP_20260402.csv,2025-12-26 09:18:57,0.0
GEOP_20260402.csv,2025-12-26 09:21:57,0.0
GEOP_20260402.csv,2025-12-26 09:24:57,0.0
GEOP_20260402.csv,2025-12-26 09:27:57,0.0
GEOP_20260402.csv,2025-12-26 09:30:57,0.0
GEOP_20260402.csv,2025-12-26 09:33:57,0.0
GEOP_20260402.csv,2025-12-26 09:36:57,0.0
GEOP_20260402.csv,2025-12-26 09:39:57,0.0
GEOP_20260402.csv,2025-12-26 09:42:57,0.0
GEOP_20260402.csv,2025-12-26 09:45:57,0.0
GEOP_20260402.csv,2025-12-26 09:48:57,0.0
GEOP_20260402.csv,2025-12-26 09:51:57,0.0
GEOP_20260402.csv,2025-12-26 09:54:57,0.0
GEOP_20260402.csv,2025-12-26 09:57:57,0.0
GEOP_20260402.csv,2025-12-26 10:00:57,0.0
GEOP_20260402.csv,2025-12-26 10:03:57,0.0
GEOP_20260402.csv,2025-12-26 10:06:57,0.0
GEOP_20260402.csv,2025-12-26 10:09:57,0.0
GEOP_20260402.csv,2025-12-26 10:12:57,0.0
GEOP_20260402.csv,2025-12-26 10:15:57,0.0
GEOP_20260402.csv,2025-12-26 10:18:57,0.0
GEOP_20260402.csv,2025-12-26 10:21:57,0.0
GEOP_20260402.csv,2025-12-26 10:24:57,0.0
GEOP_20260402.csv,2025-12-26 10:27:57,0.0
GEOP_20260402.csv,2025-12-26 10:30:57,0.0
GEOP_20260402.csv,2025-12-26 10:33:57,0.0
GEOP_20260402.csv,2025-12-26 10:36:57,0.0
GEOP_20260402.csv,2025-12-26 10:39:57,0.0
GEOP_20260402.csv,2025-12-26 10:42:57,0.0
GEOP_20260402.csv,2025-12-26 10:45:57,0.0
GEOP_20260402.csv,2025-12-26 10:48:57,0.0
GEOP_20260402.csv,2025-12-26 10:51:57,0.0
GEOP_20260402.csv,2025-12-26 10:54:57,0.0
GEOP_20260402.csv,2025-12-26 10:57:57,0.0
GEOP_20260402.csv,2025-12-26 11:00:57,0.0
GEOP_20260402.csv,2025-12-26 11:03:57,0.0
GEOP_20260402.csv,2025-12-26 11:06:57,0.0
GEOP_20260402.csv,2025-12-26 11:09:57,0.0
GEOP_20260402.csv,2025-12-26 11:12:57,0.0
GEOP_20260402.csv,2025-12-26 11:15:57,0.0
GEOP_20260402.csv,2025-12-26 11:18:57,0.0
GEOP_20260402.csv,2025-12-26 11:21:57,0.0
GEOP_20260402.csv,2025-12-26 11:24:57,0.0
GEOP_20260402.csv,2025-12-26 11:27:57,0.0
GEOP_20260402.csv,2025-12-26 11:30:57,0.0
GEOP_20260402.csv,2025-12-26 11:33:57,0.0
GEOP_20260402.csv,2025-12-26 11:36:57,0.0
GEOP_20260402.csv,2025-12-26 11:39:57,0.0
GEOP_20260402.csv,2025-12-26 11:42:57,0.0
GEOP_20260402.csv,2025-12-26 11:45:57,0.0
GEOP_20260402.csv,2025-12-26 11:48:57,0.0
GEOP_20260402.csv,2025-12-26 11:51:57,0.0
GEOP_20260402.csv,2025-12-26 11:54:57,0.0
GEOP_20260402.csv,2025-12-26 11:57:57,0.0
GEOP_20260402.csv,2025-12-26 12:00:57,0.0
GEOP_20260402.csv,2025-12-26 12:03:57,0.0
GEOP_20260402.csv,2025-12-26 12:06:57,0.0
GEOP_20260402.csv,2025-12-26 12:09:57,0.0
GEOP_20260402.csv,2025-12-26 12:12:57,0.0
GEOP_20260402.csv,2025-12-26 12:15:57,0.0
GEOP_20260402.csv,2025-12-26 12:18:57,0.0
GEOP_20260402.csv,2025-12-26 12:21:57,0.0
GEOP_20260402.csv,2025-12-26 12:24:57,0.0
GEOP_20260402.csv,2025-12-26 12:27:57,0.0
GEOP_20260402.csv,2025-12-26 12:30:57,0.0
GEOP_20260402.csv,2025-12-26 12:33:57,0.0
GEOP_20260402.csv,2025-12-26 12:36:57,0.0
GEOP_20260402.csv,2025-12-26 12:39:57,0.0
GEOP_20260402.csv,2025-12-26 12:42:57,0.0
GEOP_20260402.csv,2025-12-26 12:45:57,0.0
GEOP_20260402.csv,2025-12-26 12:48:58,0.0
GEOP_20260402.csv,2025-12-26 12:52:01,0.0
GEOP_20260402.csv,2025-12-26 12:54:57,0.0
GEOP_20260402.csv,2025-12-26 12:57:57,0.0
GEOP_20260402.csv,2025-12-26 13:00:57,0.0
GEOP_20260402.csv,2025-12-26 13:06:57,0.0
GEOP_20260402.csv,2025-12-26 13:09:57,0.0
GEOP_20260402.csv,2025-12-26 13:12:56,0.0
GEOP_20260402.csv,2025-12-26 13:15:57,0.0
GEOP_20260402.csv,2025-12-26 13:18:57,0.0
GEOP_20260402.csv,2025-12-26 13:21:57,0.0
GEOP_20260402.csv,2025-12-26 13:24:57,0.0
GEOP_20260402.csv,2025-12-26 13:27:57,0.0
GEOP_20260402.csv,2025-12-26 13:30:56,0.0
GEOP_20260402.csv,2025-12-26 13:33:56,0.0
GEOP_20260402.csv,2025-12-26 13:36:56,0.0
GEOP_20260402.csv,2025-12-26 13:39:56,0.0
GEOP_20260402.csv,2025-12-26 13:42:56,0.0
GEOP_20260402.csv,2025-12-26 13:45:56,0.0
GEOP_20260402.csv,2025-12-26 13:48:56,0.0
GEOP_20260402.csv,2025-12-26 13:51:56,0.0
GEOP_20260402.csv,2025-12-26 13:54:56,0.0
GEOP_20260402.csv,2025-12-26 13:57:56,0.0
GEOP_20260402.csv,2025-12-26 14:00:57,0.0
GEOP_20260402.csv,2025-12-26 14:03:56,0.0
GEOP_20260402.csv,2025-12-26 14:06:56,0.0
GEOP_20260402.csv,2025-12-26 14:09:56,0.0
GEOP_20260402.csv,2025-12-26 14:12:57,0.0
GEOP_20260402.csv,2025-12-26 14:15:56,0.0
GEOP_20260402.csv,2025-12-26 14:18:56,0.0
GEOP_20260402.csv,2025-12-26 14:21:56,0.0
GEOP_20260402.csv,2025-12-26 14:24:56,0.0
GEOP_20260402.csv,2025-12-26 14:27:56,0.0
GEOP_20260402.csv,2025-12-26 14:30:56,0.0
GEOP_20260402.csv,2025-12-26 14:33:56,0.0
GEOP_20260402.csv,2025-12-26 14:36:56,0.0
GEOP_20260402.csv,2025-12-26 14:39:56,0.0
GEOP_20260402.csv,2025-12-26 14:42:56,0.0
GEOP_20260402.csv,2025-12-26 14:45:56,0.0
GEOP_20260402.csv,2025-12-26 14:48:56,0.0
GEOP_20260402.csv,2025-12-26 14:51:56,0.0
GEOP_20260402.csv,2025-12-26 14:54:56,0.0
GEOP_20260402.csv,2025-12-26 14:57:56,0.0
GEOP_20260402.csv,2025-12-26 15:00:56,0.0
GEOP_20260402.csv,2025-12-26 15:03:56,0.0
GEOP_20260402.csv,2025-12-26 15:06:56,0.0
GEOP_20260402.csv,2025-12-26 15:09:56,0.0
GEOP_20260402.csv,2025-12-26 15:12:56,0.0
GEOP_20260402.csv,2025-12-26 15:15:56,0.0
GEOP_20260402.csv,2025-12-26 15:18:56,0.0
GEOP_20260402.csv,2025-12-26 15:21:56,0.0
GEOP_20260402.csv,2025-12-26 15:24:56,0.0
GEOP_20260402.csv,2025-12-26 15:27:56,0.0
GEOP_20260402.csv,2025-12-26 15:30:56,0.0
GEOP_20260402.csv,2025-12-26 15:33:56,0.0
GEOP_20260402.csv,2025-12-26 15:36:56,0.0
GEOP_20260402.csv,2025-12-26 15:39:56,0.0
GEOP_20260402.csv,2025-12-26 15:42:56,0.0
GEOP_20260402.csv,2025-12-26 15:45:56,0.0
GEOP_20260402.csv,2025-12-26 15:48:56,0.0
GEOP_20260402.csv,2025-12-26 15:51:56,0.0
GEOP_20260402.csv,2025-12-26 15:54:56,0.0
GEOP_20260402.csv,2025-12-26 15:57:56,0.0
GEOP_20260402.csv,2025-12-26 16:00:56,0.0
GEOP_20260402.csv,2025-12-26 16:03:56,0.0
GEOP_20260402.csv,2025-12-26 16:06:56,0.0
GEOP_20260402.csv,2025-12-26 16:09:56,0.0
GEOP_20260402.csv,2025-12-26 16:12:56,0.0
GEOP_20260402.csv,2025-12-26 16:15:56,0.0
GEOP_20260402.csv,2025-12-26 16:18:56,0.0
GEOP_20260402.csv,2025-12-26 16:21:56,0.0
GEOP_20260402.csv,2025-12-26 16:24:56,0.0
GEOP_20260402.csv,2025-12-26 16:27:56,0.0
GEOP_20260402.csv,2025-12-26 16:30:56,0.0
GEOP_20260402.csv,2025-12-26 16:33:56,0.0
GEOP_20260402.csv,2025-12-26 16:36:56,0.0
GEOP_20260402.csv,2025-12-26 16:39:56,0.0
GEOP_20260402.csv,2025-12-26 16:42:56,0.0
GEOP_20260402.csv,2025-12-26 16:45:56,0.0
GEOP_20260402.csv,2025-12-26 16:48:56,0.0
GEOP_20260402.csv,2025-12-26 16:51:56,0.0
GEOP_20260402.csv,2025-12-26 16:54:56,0.0
GEOP_20260402.csv,2025-12-26 16:57:56,0.0
GEOP_20260402.csv,2025-12-26 17:00:56,0.0
GEOP_20260402.csv,2025-12-26 17:03:56,0.0
GEOP_20260402.csv,2025-12-26 17:06:56,0.0
GEOP_20260402.csv,2025-12-26 17:09:56,0.0
GEOP_20260402.csv,2025-12-26 17:12:56,0.0
GEOP_20260402.csv,2025-12-26 17:15:56,0.0
GEOP_20260402.csv,2025-12-26 17:18:56,0.0
GEOP_20260402.csv,2025-12-26 17:21:56,0.0
GEOP_20260402.csv,2025-12-26 17:24:56,0.0
GEOP_20260402.csv,2025-12-26 17:27:56,0.0
GEOP_20260402.csv,2025-12-26 17:30:56,0.0
GEOP_20260402.csv,2025-12-26 17:33:56,0.0
GEOP_20260402.csv,2025-12-26 17:36:56,0.0
GEOP_20260402.csv,2025-12-26 17:39:56,0.0
GEOP_20260402.csv,2025-12-26 17:42:56,0.0
GEOP_20260402.csv,2025-12-26 17:45:56,0.0
GEOP_20260402.csv,2025-12-26 17:48:57,0.0
GEOP_20260402.csv,2025-12-26 17:51:56,0.0
GEOP_20260402.csv,2025-12-26 17:54:56,0.0
GEOP_20260402.csv,2025-12-26 17:57:56,0.0
GEOP_20260402.csv,2025-12-26 18:00:56,0.0
GEOP_20260402.csv,2025-12-26 18:03:56,0.0
GEOP_20260402.csv,2025-12-26 18:06:56,0.0
GEOP_20260402.csv,2025-12-26 18:09:56,0.0
GEOP_20260402.csv,2025-12-26 18:12:56,0.0
GEOP_20260402.csv,2025-12-26 18:15:56,0.0
GEOP_20260402.csv,2025-12-26 18:18:56,0.0
GEOP_20260402.csv,2025-12-26 18:21:56,0.0
GEOP_20260402.csv,2025-12-26 18:24:56,0.0
GEOP_20260402.csv,2025-12-26 18:27:56,0.0
GEOP_20260402.csv,2025-12-26 18:30:56,0.0
GEOP_20260402.csv,2025-12-26 18:33:56,0.0
GEOP_20260402.csv,2025-12-26 18:36:56,0.0
GEOP_20260402.csv,2025-12-26 18:39:56,0.0
GEOP_20260402.csv,2025-12-26 18:42:56,0.0
GEOP_20260402.csv,2025-12-26 18:45:56,0.0
GEOP_20260402.csv,2025-12-26 18:48:56,0.0
GEOP_20260402.csv,2025-12-26 18:51:56,0.0
GEOP_20260402.csv,2025-12-26 18:54:56,0.0
GEOP_20260402.csv,2025-12-26 18:57:56,0.0
GEOP_20260402.csv,2025-12-26 19:00:56,0.0
GEOP_20260402.csv,2025-12-26 19:03:56,0.0
GEOP_20260402.csv,2025-12-26 19:06:56,0.0
GEOP_20260402.csv,2025-12-26 19:09:56,0.0
GEOP_20260402.csv,2025-12-26 19:12:56,0.0
GEOP_20260402.csv,2025-12-26 19:15:56,0.0
GEOP_20260402.csv,2025-12-26 19:18:56,0.0
GEOP_20260402.csv,2025-12-26 19:21:56,0.0
GEOP_20260402.csv,2025-12-26 19:24:56,0.0
GEOP_20260402.csv,2025-12-26 19:27:56,0.0
GEOP_20260402.csv,2025-12-26 19:30:56,0.0
GEOP_20260402.csv,2025-12-26 19:33:56,0.0
GEOP_20260402.csv,2025-12-26 19:36:56,0.0
GEOP_20260402.csv,2025-12-26 19:39:56,0.0
GEOP_20260402.csv,2025-12-26 19:42:56,0.0
GEOP_20260402.csv,2025-12-26 19:45:56,0.0
GEOP_20260402.csv,2025-12-26 19:48:56,0.0
GEOP_20260402.csv,2025-12-26 19:51:56,0.0
GEOP_20260402.csv,2025-12-26 19:57:56,0.0
GEOP_20260402.csv,2025-12-26 20:00:56,0.0
GEOP_20260402.csv,2025-12-26 20:03:56,0.0
GEOP_20260402.csv,2025-12-26 20:06:56,0.0
GEOP_20260402.csv,2025-12-26 20:09:56,0.0
GEOP_20260402.csv,2025-12-26 20:12:56,0.0
GEOP_20260402.csv,2025-12-26 20:15:56,0.0
GEOP_20260402.csv,2025-12-26 20:18:56,0.0
GEOP_20260402.csv,2025-12-26 20:21:56,0.0
GEOP_20260402.csv,2025-12-26 20:24:56,0.0
GEOP_20260402.csv,2025-12-26 20:27:56,0.0
GEOP_20260402.csv,2025-12-26 20:30:56,0.0
GEOP_20260402.csv,2025-12-26 20:33:56,0.0
GEOP_20260402.csv,2025-12-26 20:36:56,0.0
GEOP_20260402.csv,2025-12-26 20:39:56,0.0
GEOP_20260402.csv,2025-12-26 20:42:56,0.0
GEOP_20260402.csv,2025-12-26 20:45:56,0.0
GEOP_20260402.csv,2025-12-26 20:48:56,0.0
GEOP_20260402.csv,2025-12-26 20:51:56,0.0
GEOP_20260402.csv,2025-12-26 20:54:56,0.0
GEOP_20260402.csv,2025-12-26 20:57:56,0.0
GEOP_20260402.csv,2025-12-26 21:00:56,0.0
GEOP_20260402.csv,2025-12-26 21:03:56,0.0
GEOP_20260402.csv,2025-12-26 21:06:56,0.0
GEOP_20260402.csv,2025-12-26 21:09:56,0.0
GEOP_20260402.csv,2025-12-26 21:12:56,0.0
GEOP_20260402.csv,2025-12-26 21:15:56,0.0
GEOP_20260402.csv,2025-12-26 21:18:56,0.0
GEOP_20260402.csv,2025-12-26 21:21:56,0.0
GEOP_20260402.csv,2025-12-26 21:24:56,0.0
GEOP_20260402.csv,2025-12-26 21:27:56,0.0
GEOP_20260402.csv,2025-12-26 21:30:56,0.0
GEOP_20260402.csv,2025-12-26 21:33:56,0.0
GEOP_20260402.csv,2025-12-26 21:36:56,0.0
GEOP_20260402.csv,2025-12-26 21:39:56,0.0
GEOP_20260402.csv,2025-12-26 21:42:56,0.0
GEOP_20260402.csv,2025-12-26 21:45:56,0.0
GEOP_20260402.csv,2025-12-26 21:48:56,0.0
GEOP_20260402.csv,2025-12-26 21:51:56,0.0
GEOP_20260402.csv,2025-12-26 21:54:56,0.0
GEOP_20260402.csv,2025-12-26 21:57:56,0.0
GEOP_20260402.csv,2025-12-26 22:00:56,0.0
GEOP_20260402.csv,2025-12-26 22:03:56,0.0
GEOP_20260402.csv,2025-12-26 22:06:56,0.0
GEOP_20260402.csv,2025-12-26 22:09:56,0.0
GEOP_20260402.csv,2025-12-26 22:12:56,0.0
GEOP_20260402.csv,2025-12-26 22:15:56,0.0
GEOP_20260402.csv,2025-12-26 22:18:56,0.0
GEOP_20260402.csv,2025-12-26 22:21:56,0.0
GEOP_20260402.csv,2025-12-26 22:24:56,0.0
GEOP_20260402.csv,2025-12-26 22:27:56,0.0
GEOP_20260402.csv,2025-12-26 22:30:56,0.0
GEOP_20260402.csv,2025-12-26 22:33:56,0.0
GEOP_20260402.csv,2025-12-26 22:36:56,0.0
GEOP_20260402.csv,2025-12-26 22:39:56,0.0
GEOP_20260402.csv,2025-12-26 22:42:56,0.0
GEOP_20260402.csv,2025-12-26 22:45:56,0.0
GEOP_20260402.csv,2025-12-26 22:48:56,0.0
GEOP_20260402.csv,2025-12-26 22:51:56,0.0
GEOP_20260402.csv,2025-12-26 22:54:56,0.0
GEOP_20260402.csv,2025-12-26 22:57:56,0.0
GEOP_20260402.csv,2025-12-26 23:00:56,0.0
GEOP_20260402.csv,2025-12-26 23:03:56,0.0
GEOP_20260402.csv,2025-12-26 23:06:56,0.0
GEOP_20260402.csv,2025-12-26 23:09:56,0.0
GEOP_20260402.csv,2025-12-26 23:12:56,0.0
GEOP_20260402.csv,2025-12-26 23:15:56,0.0
GEOP_20260402.csv,2025-12-26 23:18:56,0.0
GEOP_20260402.csv,2025-12-26 23:21:56,0.0
GEOP_20260402.csv,2025-12-26 23:24:56,0.0
GEOP_20260402.csv,2025-12-26 23:27:56,0.0
GEOP_20260402.csv,2025-12-26 23:30:56,0.0
GEOP_20260402.csv,2025-12-26 23:33:56,0.0
GEOP_20260402.csv,2025-12-26 23:36:56,0.0
GEOP_20260402.csv,2025-12-26 23:39:56,0.0
GEOP_20260402.csv,2025-12-26 23:42:56,0.0
GEOP_20260402.csv,2025-12-26 23:45:56,0.0
GEOP_20260402.csv,2025-12-26 23:48:56,0.0
GEOP_20260402.csv,2025-12-26 23:51:56,0.0
GEOP_20260402.csv,2025-12-26 23:54:56,0.0
GEOP_20260402.csv,2025-12-26 23:57:56,0.0
GEOP_20260402.csv,2025-12-27 00:00:56,0.0
GEOP_20260402.csv,2025-12-27 00:03:56,0.0
GEOP_20260402.csv,2025-12-27 00:06:56,0.0
GEOP_20260402.csv,2025-12-27 00:09:56,0.0
GEOP_20260402.csv,2025-12-27 00:12:56,0.0
GEOP_20260402.csv,2025-12-27 00:15:56,0.0
GEOP_20260402.csv,2025-12-27 00:18:56,0.0
GEOP_20260402.csv,2025-12-27 00:21:56,0.0
GEOP_20260402.csv,2025-12-27 00:24:56,0.0
GEOP_20260402.csv,2025-12-27 00:27:56,0.0
GEOP_20260402.csv,2025-12-27 00:30:56,0.0
GEOP_20260402.csv,2025-12-27 00:33:57,0.0
GEOP_20260402.csv,2025-12-27 00:36:56,0.0
GEOP_20260402.csv,2025-12-27 00:39:56,0.0
GEOP_20260402.csv,2025-12-27 00:42:56,0.0
GEOP_20260402.csv,2025-12-27 00:45:56,0.0
GEOP_20260402.csv,2025-12-27 00:48:56,0.0
GEOP_20260402.csv,2025-12-27 00:51:56,0.0
GEOP_20260402.csv,2025-12-27 00:54:56,0.0
GEOP_20260402.csv,2025-12-27 00:57:56,0.0
GEOP_20260402.csv,2025-12-27 01:00:56,0.0
GEOP_20260402.csv,2025-12-27 01:03:56,0.0
GEOP_20260402.csv,2025-12-27 01:06:56,0.0
GEOP_20260402.csv,2025-12-27 01:09:56,0.0
GEOP_20260402.csv,2025-12-27 01:12:56,0.0
GEOP_20260402.csv,2025-12-27 01:15:56,0.0
GEOP_20260402.csv,2025-12-27 01:18:56,0.0
GEOP_20260402.csv,2025-12-27 01:21:56,0.0
GEOP_20260402.csv,2025-12-27 01:24:56,0.0
GEOP_20260402.csv,2025-12-27 01:27:56,0.0
GEOP_20260402.csv,2025-12-27 01:30:56,0.0
GEOP_20260402.csv,2025-12-27 01:33:56,0.0
GEOP_20260402.csv,2025-12-27 01:36:56,0.0
GEOP_20260402.csv,2025-12-27 01:39:56,0.0
GEOP_20260402.csv,2025-12-27 01:42:56,0.0
GEOP_20260402.csv,2025-12-27 01:45:56,0.0
GEOP_20260402.csv,2025-12-27 01:48:56,0.0
GEOP_20260402.csv,2025-12-27 01:51:58,0.0
GEOP_20260402.csv,2025-12-27 01:54:56,0.0
GEOP_20260402.csv,2025-12-27 01:57:56,0.0
GEOP_20260402.csv,2025-12-27 02:00:56,0.0
GEOP_20260402.csv,2025-12-27 02:03:56,0.0
GEOP_20260402.csv,2025-12-27 02:06:56,0.0
GEOP_20260402.csv,2025-12-27 02:09:56,0.0
GEOP_20260402.csv,2025-12-27 02:12:56,0.0
GEOP_20260402.csv,2025-12-27 02:15:56,0.0
GEOP_20260402.csv,2025-12-27 02:18:56,0.0
GEOP_20260402.csv,2025-12-27 02:21:56,0.0
GEOP_20260402.csv,2025-12-27 02:24:56,0.0
GEOP_20260402.csv,2025-12-27 02:27:56,0.0
GEOP_20260402.csv,2025-12-27 02:30:56,0.0
GEOP_20260402.csv,2025-12-27 02:33:56,0.0
GEOP_20260402.csv,2025-12-27 02:36:56,0.0
GEOP_20260402.csv,2025-12-27 02:39:56,0.0
GEOP_20260402.csv,2025-12-27 02:42:56,0.0
GEOP_20260402.csv,2025-12-27 02:45:56,0.0
GEOP_20260402.csv,2025-12-27 02:48:56,0.0
GEOP_20260402.csv,2025-12-27 02:51:56,0.0
GEOP_20260402.csv,2025-12-27 02:54:56,0.0
GEOP_20260402.csv,2025-12-27 02:57:56,0.0
GEOP_20260402.csv,2025-12-27 03:00:56,0.0
GEOP_20260402.csv,2025-12-27 03:03:56,0.0
GEOP_20260402.csv,2025-12-27 03:06:56,0.0
GEOP_20260402.csv,2025-12-27 03:09:56,0.0
GEOP_20260402.csv,2025-12-27 03:12:56,0.0
GEOP_20260402.csv,2025-12-27 03:15:56,0.0
GEOP_20260402.csv,2025-12-27 03:18:56,0.0
GEOP_20260402.csv,2025-12-27 03:21:56,0.0
GEOP_20260402.csv,2025-12-27 03:24:56,0.0
GEOP_20260402.csv,2025-12-27 03:27:56,0.0
GEOP_20260402.csv,2025-12-27 03:30:56,0.0
GEOP_20260402.csv,2025-12-27 03:33:56,0.0
GEOP_20260402.csv,2025-12-27 03:36:56,0.0
GEOP_20260402.csv,2025-12-27 03:39:56,0.0
GEOP_20260402.csv,2025-12-27 03:42:56,0.0
GEOP_20260402.csv,2025-12-27 03:45:56,0.0
GEOP_20260402.csv,2025-12-27 03:48:56,0.0
GEOP_20260402.csv,2025-12-27 03:51:56,0.0
GEOP_20260402.csv,2025-12-27 03:54:56,0.0
GEOP_20260402.csv,2025-12-27 03:57:56,0.0
GEOP_20260402.csv,2025-12-27 04:00:56,0.0
GEOP_20260402.csv,2025-12-27 04:03:56,0.0
GEOP_20260402.csv,2025-12-27 04:06:56,0.0
GEOP_20260402.csv,2025-12-27 04:09:56,0.0
GEOP_20260402.csv,2025-12-27 04:12:56,0.0
GEOP_20260402.csv,2025-12-27 04:15:56,0.0
GEOP_20260402.csv,2025-12-27 04:18:56,0.0
GEOP_20260402.csv,2025-12-27 04:21:56,0.0
GEOP_20260402.csv,2025-12-27 04:24:56,0.0
GEOP_20260402.csv,2025-12-27 04:27:56,0.0
GEOP_20260402.csv,2025-12-27 04:30:56,0.0
GEOP_20260402.csv,2025-12-27 04:33:56,0.0
GEOP_20260402.csv,2025-12-27 04:36:56,0.0
GEOP_20260402.csv,2025-12-27 04:39:56,0.0
GEOP_20260402.csv,2025-12-27 04:42:56,0.0
GEOP_20260402.csv,2025-12-27 04:45:56,0.0
GEOP_20260402.csv,2025-12-27 04:48:56,0.0
GEOP_20260402.csv,2025-12-27 04:51:56,0.0
GEOP_20260402.csv,2025-12-27 04:54:56,0.0
GEOP_20260402.csv,2025-12-27 04:57:56,0.0
GEOP_20260402.csv,2025-12-27 05:00:56,0.0
GEOP_20260402.csv,2025-12-27 05:03:56,0.0
GEOP_20260402.csv,2025-12-27 05:06:56,0.0
GEOP_20260402.csv,2025-12-27 05:09:56,0.0
GEOP_20260402.csv,2025-12-27 05:12:56,0.0
GEOP_20260402.csv,2025-12-27 05:15:56,0.0
GEOP_20260402.csv,2025-12-27 05:18:56,0.0
GEOP_20260402.csv,2025-12-27 05:21:56,0.0
GEOP_20260402.csv,2025-12-27 05:24:56,0.0
GEOP_20260402.csv,2025-12-27 05:27:56,0.0
GEOP_20260402.csv,2025-12-27 05:30:56,0.0
GEOP_20260402.csv,2025-12-27 05:33:56,0.0
GEOP_20260402.csv,2025-12-27 05:36:56,0.0
GEOP_20260402.csv,2025-12-27 05:39:56,0.0
GEOP_20260402.csv,2025-12-27 05:42:56,0.0
GEOP_20260402.csv,2025-12-27 05:45:56,0.0
GEOP_20260402.csv,2025-12-27 05:48:56,0.0
GEOP_20260402.csv,2025-12-27 05:51:56,0.0
GEOP_20260402.csv,2025-12-27 05:54:56,0.0
GEOP_20260402.csv,2025-12-27 05:57:56,0.0
GEOP_20260402.csv,2025-12-27 06:00:56,0.0
GEOP_20260402.csv,2025-12-27 06:03:56,0.0
GEOP_20260402.csv,2025-12-27 06:06:56,0.0
GEOP_20260402.csv,2025-12-27 06:09:56,0.0
GEOP_20260402.csv,2025-12-27 06:12:56,0.0
GEOP_20260402.csv,2025-12-27 06:15:56,0.0
GEOP_20260402.csv,2025-12-27 06:18:56,0.0
GEOP_20260402.csv,2025-12-27 06:21:56,0.0
GEOP_20260402.csv,2025-12-27 06:24:56,0.0
GEOP_20260402.csv,2025-12-27 06:27:56,0.0
GEOP_20260402.csv,2025-12-27 06:30:56,0.0
GEOP_20260402.csv,2025-12-27 06:33:56,0.0
GEOP_20260402.csv,2025-12-27 06:36:56,0.0
GEOP_20260402.csv,2025-12-27 06:39:56,0.0
GEOP_20260402.csv,2025-12-27 06:42:56,0.0
GEOP_20260402.csv,2025-12-27 06:45:56,0.0
GEOP_20260402.csv,2025-12-27 06:48:56,0.0
GEOP_20260402.csv,2025-12-27 06:51:56,0.0
GEOP_20260402.csv,2025-12-27 06:54:56,0.0
GEOP_20260402.csv,2025-12-27 06:57:56,0.0
GEOP_20260402.csv,2025-12-27 07:00:56,0.0
GEOP_20260402.csv,2025-12-27 07:03:56,0.0
GEOP_20260402.csv,2025-12-27 07:06:56,0.0
GEOP_20260402.csv,2025-12-27 07:09:56,0.0
GEOP_20260402.csv,2025-12-27 07:12:56,0.0
GEOP_20260402.csv,2025-12-27 07:15:56,0.0
GEOP_20260402.csv,2025-12-27 07:18:56,0.0
GEOP_20260402.csv,2025-12-27 07:21:56,0.0
GEOP_20260402.csv,2025-12-27 07:24:56,0.0
GEOP_20260402.csv,2025-12-27 07:27:56,0.0
GEOP_20260402.csv,2025-12-27 07:30:56,0.0
GEOP_20260402.csv,2025-12-27 07:33:56,0.0
GEOP_20260402.csv,2025-12-27 07:36:56,0.0
GEOP_20260402.csv,2025-12-27 07:39:56,0.0
GEOP_20260402.csv,2025-12-27 07:42:56,0.0
GEOP_20260402.csv,2025-12-27 07:45:56,0.0
GEOP_20260402.csv,2025-12-27 07:48:56,0.0
GEOP_20260402.csv,2025-12-27 07:51:56,0.0
GEOP_20260402.csv,2025-12-27 07:54:56,0.0
GEOP_20260402.csv,2025-12-27 07:57:56,0.0
GEOP_20260402.csv,2025-12-27 08:00:56,0.0
GEOP_20260402.csv,2025-12-27 08:03:56,0.0
GEOP_20260402.csv,2025-12-27 08:06:56,0.0
GEOP_20260402.csv,2025-12-27 08:09:56,0.0
GEOP_20260402.csv,2025-12-27 08:12:56,0.0
GEOP_20260402.csv,2025-12-27 08:15:56,0.0
GEOP_20260402.csv,2025-12-27 08:18:56,0.0
GEOP_20260402.csv,2025-12-27 08:21:56,0.0
GEOP_20260402.csv,2025-12-27 08:27:56,0.0
GEOP_20260402.csv,2025-12-27 08:30:55,0.0
GEOP_20260402.csv,2025-12-27 08:33:56,0.0
GEOP_20260402.csv,2025-12-27 08:36:56,0.0
GEOP_20260402.csv,2025-12-27 08:39:56,0.0
GEOP_20260402.csv,2025-12-27 08:42:55,0.0
GEOP_20260402.csv,2025-12-27 08:45:55,0.0
GEOP_20260402.csv,2025-12-27 08:48:55,0.0
GEOP_20260402.csv,2025-12-27 08:51:55,0.0
GEOP_20260402.csv,2025-12-27 08:54:55,0.0
GEOP_20260402.csv,2025-12-27 08:57:55,0.0
GEOP_20260402.csv,2025-12-27 09:00:55,0.0
GEOP_20260402.csv,2025-12-27 09:03:55,0.0
GEOP_20260402.csv,2025-12-27 09:06:55,0.0
GEOP_20260402.csv,2025-12-27 09:09:55,0.0
GEOP_20260402.csv,2025-12-27 09:12:55,0.0
GEOP_20260402.csv,2025-12-27 09:15:55,0.0
GEOP_20260402.csv,2025-12-27 09:18:55,0.0
GEOP_20260402.csv,2025-12-27 09:21:55,0.0
GEOP_20260402.csv,2025-12-27 09:24:55,0.0
GEOP_20260402.csv,2025-12-27 09:27:55,0.0
GEOP_20260402.csv,2025-12-27 09:30:55,0.0
GEOP_20260402.csv,2025-12-27 09:33:55,0.0
GEOP_20260402.csv,2025-12-27 09:36:55,0.0
GEOP_20260402.csv,2025-12-27 09:39:55,0.0
GEOP_20260402.csv,2025-12-27 09:42:55,0.0
GEOP_20260402.csv,2025-12-27 09:45:55,0.0
GEOP_20260402.csv,2025-12-27 09:48:55,0.0
GEOP_20260402.csv,2025-12-27 09:51:55,0.0
GEOP_20260402.csv,2025-12-27 09:54:55,0.0
GEOP_20260402.csv,2025-12-27 09:57:55,0.0
GEOP_20260402.csv,2025-12-27 10:00:55,0.0
GEOP_20260402.csv,2025-12-27 10:03:55,0.0
GEOP_20260402.csv,2025-12-27 10:06:55,0.0
GEOP_20260402.csv,2025-12-27 10:09:55,0.0
GEOP_20260402.csv,2025-12-27 10:12:55,0.0
GEOP_20260402.csv,2025-12-27 10:15:55,0.0
GEOP_20260402.csv,2025-12-27 10:18:55,0.0
GEOP_20260402.csv,2025-12-27 10:21:55,0.0
GEOP_20260402.csv,2025-12-27 10:24:55,0.0
GEOP_20260402.csv,2025-12-27 10:27:55,0.0
GEOP_20260402.csv,2025-12-27 10:30:55,0.0
GEOP_20260402.csv,2025-12-27 10:33:55,0.0
GEOP_20260402.csv,2025-12-27 10:36:55,0.0
GEOP_20260402.csv,2025-12-27 10:39:55,0.0
GEOP_20260402.csv,2025-12-27 10:42:55,0.0
GEOP_20260402.csv,2025-12-27 10:45:55,0.0
GEOP_20260402.csv,2025-12-27 10:48:55,0.0
GEOP_20260402.csv,2025-12-27 10:51:55,0.0
GEOP_20260402.csv,2025-12-27 10:54:55,0.0
GEOP_20260402.csv,2025-12-27 10:57:55,0.0
GEOP_20260402.csv,2025-12-27 11:00:55,0.0
GEOP_20260402.csv,2025-12-27 11:03:55,0.0
GEOP_20260402.csv,2025-12-27 11:06:55,0.0
GEOP_20260402.csv,2025-12-27 11:09:55,0.0
GEOP_20260402.csv,2025-12-27 11:12:55,0.0
GEOP_20260402.csv,2025-12-27 11:15:55,0.0
GEOP_20260402.csv,2025-12-27 11:18:55,0.0
GEOP_20260402.csv,2025-12-27 11:21:55,0.0
GEOP_20260402.csv,2025-12-27 11:24:55,0.0
GEOP_20260402.csv,2025-12-27 11:27:55,0.0
GEOP_20260402.csv,2025-12-27 11:30:55,0.0
GEOP_20260402.csv,2025-12-27 11:33:55,0.0
GEOP_20260402.csv,2025-12-27 11:36:55,0.0
GEOP_20260402.csv,2025-12-27 11:42:55,0.0
GEOP_20260402.csv,2025-12-27 11:45:55,0.0
GEOP_20260402.csv,2025-12-27 11:48:55,0.0
GEOP_20260402.csv,2025-12-27 11:51:55,0.0
GEOP_20260402.csv,2025-12-27 11:54:55,0.0
GEOP_20260402.csv,2025-12-27 11:57:55,0.0
GEOP_20260402.csv,2025-12-27 12:00:55,0.0
GEOP_20260402.csv,2025-12-27 12:03:55,0.0
GEOP_20260402.csv,2025-12-27 12:06:55,0.0
GEOP_20260402.csv,2025-12-27 12:09:55,0.0
GEOP_20260402.csv,2025-12-27 12:12:55,0.0
GEOP_20260402.csv,2025-12-27 12:15:55,0.0
GEOP_20260402.csv,2025-12-27 12:18:55,0.0
GEOP_20260402.csv,2025-12-27 12:21:55,0.0
GEOP_20260402.csv,2025-12-27 12:24:55,0.0
GEOP_20260402.csv,2025-12-27 12:27:55,0.0
GEOP_20260402.csv,2025-12-27 12:30:55,0.0
GEOP_20260402.csv,2025-12-27 12:33:55,0.0
GEOP_20260402.csv,2025-12-27 12:36:55,0.0
GEOP_20260402.csv,2025-12-27 12:39:55,0.0
GEOP_20260402.csv,2025-12-27 12:42:55,0.0
GEOP_20260402.csv,2025-12-27 12:45:55,0.0
GEOP_20260402.csv,2025-12-27 12:48:55,0.0
GEOP_20260402.csv,2025-12-27 12:51:55,0.0
GEOP_20260402.csv,2025-12-27 12:54:55,0.0
GEOP_20260402.csv,2025-12-27 12:57:55,0.0
GEOP_20260402.csv,2025-12-27 13:00:55,0.0
GEOP_20260402.csv,2025-12-27 13:06:55,0.0
GEOP_20260402.csv,2025-12-27 13:09:55,0.0
GEOP_20260402.csv,2025-12-27 13:12:55,0.0
GEOP_20260402.csv,2025-12-27 13:15:55,0.0
GEOP_20260402.csv,2025-12-27 13:18:55,0.0
GEOP_20260402.csv,2025-12-27 13:21:55,0.0
GEOP_20260402.csv,2025-12-27 13:24:55,0.0
GEOP_20260402.csv,2025-12-27 13:27:55,0.0
GEOP_20260402.csv,2025-12-27 13:30:55,0.0
GEOP_20260402.csv,2025-12-27 13:33:55,0.0
GEOP_20260402.csv,2025-12-27 13:36:55,0.0
GEOP_20260402.csv,2025-12-27 13:39:55,0.0
GEOP_20260402.csv,2025-12-27 13:42:55,0.0
GEOP_20260402.csv,2025-12-27 13:45:55,0.0
GEOP_20260402.csv,2025-12-27 13:48:55,0.0
GEOP_20260402.csv,2025-12-27 13:51:55,0.0
GEOP_20260402.csv,2025-12-27 13:54:55,0.0
GEOP_20260402.csv,2025-12-27 13:57:55,0.0
GEOP_20260402.csv,2025-12-27 14:00:55,0.0
GEOP_20260402.csv,2025-12-27 14:03:55,0.0
GEOP_20260402.csv,2025-12-27 14:06:55,0.0
GEOP_20260402.csv,2025-12-27 14:09:55,0.0
GEOP_20260402.csv,2025-12-27 14:12:55,0.0
GEOP_20260402.csv,2025-12-27 14:15:55,0.0
GEOP_20260402.csv,2025-12-27 14:18:55,0.0
GEOP_20260402.csv,2025-12-27 14:21:55,0.0
GEOP_20260402.csv,2025-12-27 14:24:55,0.0
GEOP_20260402.csv,2025-12-27 14:27:55,0.0
GEOP_20260402.csv,2025-12-27 14:30:55,0.0
GEOP_20260402.csv,2025-12-27 14:33:55,0.0
GEOP_20260402.csv,2025-12-27 14:36:55,0.0
GEOP_20260402.csv,2025-12-27 14:39:55,0.0
GEOP_20260402.csv,2025-12-27 14:42:55,0.0
GEOP_20260402.csv,2025-12-27 14:45:55,0.0
GEOP_20260402.csv,2025-12-27 14:48:55,0.0
GEOP_20260402.csv,2025-12-27 14:51:55,0.0
GEOP_20260402.csv,2025-12-27 14:54:55,0.0
GEOP_20260402.csv,2025-12-27 14:57:55,0.0
GEOP_20260402.csv,2025-12-27 15:00:55,0.0
GEOP_20260402.csv,2025-12-27 15:03:55,0.0
GEOP_20260402.csv,2025-12-27 15:06:55,0.0
GEOP_20260402.csv,2025-12-27 15:09:55,0.0
GEOP_20260402.csv,2025-12-27 15:12:55,0.0
GEOP_20260402.csv,2025-12-27 15:15:55,0.0
GEOP_20260402.csv,2025-12-27 15:18:55,0.0
GEOP_20260402.csv,2025-12-27 15:21:55,0.0
GEOP_20260402.csv,2025-12-27 15:24:55,0.0
GEOP_20260402.csv,2025-12-27 15:27:55,0.0
GEOP_20260402.csv,2025-12-27 15:30:55,0.0
GEOP_20260402.csv,2025-12-27 15:33:55,0.0
GEOP_20260402.csv,2025-12-27 15:36:55,0.0
GEOP_20260402.csv,2025-12-27 15:39:55,0.0
GEOP_20260402.csv,2025-12-27 15:42:55,0.0
GEOP_20260402.csv,2025-12-27 15:45:55,0.0
GEOP_20260402.csv,2025-12-27 15:48:55,0.0
GEOP_20260402.csv,2025-12-27 15:51:55,0.0
GEOP_20260402.csv,2025-12-27 15:54:55,0.0
GEOP_20260402.csv,2025-12-27 15:57:55,0.0
GEOP_20260402.csv,2025-12-27 16:00:55,0.0
GEOP_20260402.csv,2025-12-27 16:03:55,0.0
GEOP_20260402.csv,2025-12-27 16:06:55,0.0
GEOP_20260402.csv,2025-12-27 16:09:55,0.0
GEOP_20260402.csv,2025-12-27 16:12:55,0.0
GEOP_20260402.csv,2025-12-27 16:15:55,0.0
GEOP_20260402.csv,2025-12-27 16:18:55,0.0
GEOP_20260402.csv,2025-12-27 16:21:55,0.0
GEOP_20260402.csv,2025-12-27 16:24:55,0.0
GEOP_20260402.csv,2025-12-27 16:27:55,0.0
GEOP_20260402.csv,2025-12-27 16:30:55,0.0
GEOP_20260402.csv,2025-12-27 16:33:55,0.0
GEOP_20260402.csv,2025-12-27 16:36:55,0.0
GEOP_20260402.csv,2025-12-27 16:39:55,0.0
GEOP_20260402.csv,2025-12-27 16:42:55,0.0
GEOP_20260402.csv,2025-12-27 16:45:55,0.0
GEOP_20260402.csv,2025-12-27 16:48:55,0.0
GEOP_20260402.csv,2025-12-27 16:51:55,0.0
GEOP_20260402.csv,2025-12-27 16:54:55,0.0
GEOP_20260402.csv,2025-12-27 16:57:55,0.0
GEOP_20260402.csv,2025-12-27 17:00:55,0.0
GEOP_20260402.csv,2025-12-27 17:03:55,0.0
GEOP_20260402.csv,2025-12-27 17:06:55,0.0
GEOP_20260402.csv,2025-12-27 17:09:55,0.0
GEOP_20260402.csv,2025-12-27 17:12:55,0.0
GEOP_20260402.csv,2025-12-27 17:15:55,0.0
GEOP_20260402.csv,2025-12-27 17:18:55,0.0
GEOP_20260402.csv,2025-12-27 17:21:55,0.0
GEOP_20260402.csv,2025-12-27 17:24:55,0.0
GEOP_20260402.csv,2025-12-27 17:27:55,0.0
GEOP_20260402.csv,2025-12-27 17:30:55,0.0
GEOP_20260402.csv,2025-12-27 17:33:55,0.0
GEOP_20260402.csv,2025-12-27 17:36:55,0.0
GEOP_20260402.csv,2025-12-27 17:39:55,0.0
GEOP_20260402.csv,2025-12-27 17:42:55,0.0
GEOP_20260402.csv,2025-12-27 17:45:55,0.0
GEOP_20260402.csv,2025-12-27 17:48:55,0.0
GEOP_20260402.csv,2025-12-27 17:51:55,0.0
GEOP_20260402.csv,2025-12-27 17:54:55,0.0
GEOP_20260402.csv,2025-12-27 17:57:55,0.0
GEOP_20260402.csv,2025-12-27 18:00:55,0.0
GEOP_20260402.csv,2025-12-27 18:03:55,0.0
GEOP_20260402.csv,2025-12-27 18:06:55,0.0
GEOP_20260402.csv,2025-12-27 18:09:55,0.0
GEOP_20260402.csv,2025-12-27 18:12:55,0.0
GEOP_20260402.csv,2025-12-27 18:15:55,0.0
GEOP_20260402.csv,2025-12-27 18:18:55,0.0
GEOP_20260402.csv,2025-12-27 18:21:55,0.0
GEOP_20260402.csv,2025-12-27 18:24:55,0.0
GEOP_20260402.csv,2025-12-27 18:27:55,0.0
GEOP_20260402.csv,2025-12-27 18:30:55,0.0
GEOP_20260402.csv,2025-12-27 18:33:55,0.0
GEOP_20260402.csv,2025-12-27 18:36:55,0.0
GEOP_20260402.csv,2025-12-27 18:39:55,0.0
GEOP_20260402.csv,2025-12-27 18:42:55,0.0
GEOP_20260402.csv,2025-12-27 18:45:55,0.0
GEOP_20260402.csv,2025-12-27 18:48:55,0.0
GEOP_20260402.csv,2025-12-27 18:51:55,0.0
GEOP_20260402.csv,2025-12-27 18:54:55,0.0
GEOP_20260402.csv,2025-12-27 18:57:55,0.0
GEOP_20260402.csv,2025-12-27 19:00:55,0.0
GEOP_20260402.csv,2025-12-27 19:03:55,0.0
GEOP_20260402.csv,2025-12-27 19:06:55,0.0
GEOP_20260402.csv,2025-12-27 19:09:55,0.0
GEOP_20260402.csv,2025-12-27 19:12:55,0.0
GEOP_20260402.csv,2025-12-27 19:15:55,0.0
GEOP_20260402.csv,2025-12-27 19:18:55,0.0
GEOP_20260402.csv,2025-12-27 19:21:55,0.0
GEOP_20260402.csv,2025-12-27 19:24:55,0.0
GEOP_20260402.csv,2025-12-27 19:27:55,0.0
GEOP_20260402.csv,2025-12-27 19:30:55,0.0
GEOP_20260402.csv,2025-12-27 19:33:55,0.0
GEOP_20260402.csv,2025-12-27 19:36:55,0.0
GEOP_20260402.csv,2025-12-27 19:39:55,0.0
GEOP_20260402.csv,2025-12-27 19:42:55,0.0
GEOP_20260402.csv,2025-12-27 19:45:55,0.0
GEOP_20260402.csv,2025-12-27 19:48:55,0.0
GEOP_20260402.csv,2025-12-27 19:51:55,0.0
GEOP_20260402.csv,2025-12-27 19:54:55,0.0
GEOP_20260402.csv,2025-12-27 19:57:55,0.0
GEOP_20260402.csv,2025-12-27 20:00:55,0.0
GEOP_20260402.csv,2025-12-27 20:03:55,0.0
GEOP_20260402.csv,2025-12-27 20:06:55,0.0
GEOP_20260402.csv,2025-12-27 20:09:55,0.0
GEOP_20260402.csv,2025-12-27 20:12:55,0.0
GEOP_20260402.csv,2025-12-27 20:15:55,0.0
GEOP_20260402.csv,2025-12-27 20:18:55,0.0
GEOP_20260402.csv,2025-12-27 20:21:55,0.0
GEOP_20260402.csv,2025-12-27 20:24:55,0.0
GEOP_20260402.csv,2025-12-27 20:27:55,0.0
GEOP_20260402.csv,2025-12-27 20:30:55,0.0
GEOP_20260402.csv,2025-12-27 20:33:55,0.0
GEOP_20260402.csv,2025-12-27 20:36:55,0.0
GEOP_20260402.csv,2025-12-27 20:39:55,0.0
GEOP_20260402.csv,2025-12-27 20:42:55,0.0
GEOP_20260402.csv,2025-12-27 20:45:55,0.0
GEOP_20260402.csv,2025-12-27 20:48:55,0.0
GEOP_20260402.csv,2025-12-27 20:51:55,0.0
GEOP_20260402.csv,2025-12-27 20:54:55,0.0
GEOP_20260402.csv,2025-12-27 20:57:55,0.0
GEOP_20260402.csv,2025-12-27 21:00:55,0.0
GEOP_20260402.csv,2025-12-27 21:03:55,0.0
GEOP_20260402.csv,2025-12-27 21:06:55,0.0
GEOP_20260402.csv,2025-12-27 21:09:55,0.0
GEOP_20260402.csv,2025-12-27 21:12:55,0.0
GEOP_20260402.csv,2025-12-27 21:15:55,0.0
GEOP_20260402.csv,2025-12-27 21:18:55,0.0
GEOP_20260402.csv,2025-12-27 21:21:55,0.0
GEOP_20260402.csv,2025-12-27 21:24:55,0.0
GEOP_20260402.csv,2025-12-27 21:27:55,0.0
GEOP_20260402.csv,2025-12-27 21:30:55,0.0
GEOP_20260402.csv,2025-12-27 21:33:55,0.0
GEOP_20260402.csv,2025-12-27 21:36:55,0.0
GEOP_20260402.csv,2025-12-27 21:39:55,0.0
GEOP_20260402.csv,2025-12-27 21:42:55,0.0
GEOP_20260402.csv,2025-12-27 21:45:55,0.0
GEOP_20260402.csv,2025-12-27 21:48:55,0.0
GEOP_20260402.csv,2025-12-27 21:51:55,0.0
GEOP_20260402.csv,2025-12-27 21:54:55,0.0
GEOP_20260402.csv,2025-12-27 21:57:55,0.0
GEOP_20260402.csv,2025-12-27 22:00:55,0.0
GEOP_20260402.csv,2025-12-27 22:03:55,0.0
GEOP_20260402.csv,2025-12-27 22:06:55,0.0
GEOP_20260402.csv,2025-12-27 22:09:55,0.0
GEOP_20260402.csv,2025-12-27 22:13:43,0.0
GEOP_20260402.csv,2025-12-27 22:14:06,0.0
GEOP_20260402.csv,2025-12-27 22:25:47,0.0
GEOP_20260402.csv,2025-12-27 22:28:47,0.0
GEOP_20260402.csv,2025-12-27 22:31:47,0.0
GEOP_20260402.csv,2025-12-27 22:34:47,0.0
GEOP_20260402.csv,2025-12-27 22:37:47,0.0
GEOP_20260402.csv,2025-12-27 22:40:47,0.0
GEOP_20260402.csv,2025-12-27 22:43:47,0.0
GEOP_20260402.csv,2025-12-27 22:46:47,0.0
GEOP_20260402.csv,2025-12-27 22:49:47,0.0
GEOP_20260402.csv,2025-12-27 22:52:47,0.0
GEOP_20260402.csv,2025-12-27 22:55:47,0.0
GEOP_20260402.csv,2025-12-27 22:58:48,0.0
GEOP_20260402.csv,2025-12-27 23:01:47,0.0
GEOP_20260402.csv,2025-12-27 23:04:47,0.0
GEOP_20260402.csv,2025-12-27 23:07:47,0.0
GEOP_20260402.csv,2025-12-27 23:13:47,0.0
GEOP_20260402.csv,2025-12-27 23:16:47,0.0
GEOP_20260402.csv,2025-12-27 23:19:47,0.0
GEOP_20260402.csv,2025-12-27 23:22:47,0.0
GEOP_20260402.csv,2025-12-27 23:25:47,0.0
GEOP_20260402.csv,2025-12-27 23:28:47,0.0
GEOP_20260402.csv,2025-12-27 23:31:47,0.0
GEOP_20260402.csv,2025-12-27 23:34:47,0.0
GEOP_20260402.csv,2025-12-27 23:37:47,0.0
GEOP_20260402.csv,2025-12-27 23:40:47,0.0
GEOP_20260402.csv,2025-12-27 23:43:47,0.0
GEOP_20260402.csv,2025-12-27 23:46:47,0.0
GEOP_20260402.csv,2025-12-27 23:52:47,0.0
GEOP_20260402.csv,2025-12-27 23:55:47,0.0
GEOP_20260402.csv,2025-12-27 23:58:47,0.0
GEOP_20260402.csv,2025-12-28 00:01:47,0.0
GEOP_20260402.csv,2025-12-28 00:04:47,0.0
GEOP_20260402.csv,2025-12-28 00:07:47,0.0
GEOP_20260402.csv,2025-12-28 00:10:47,0.0
GEOP_20260402.csv,2025-12-28 00:13:47,0.0
GEOP_20260402.csv,2025-12-28 00:16:47,0.0
GEOP_20260402.csv,2025-12-28 00:19:47,0.0
GEOP_20260402.csv,2025-12-28 00:22:47,0.0
GEOP_20260402.csv,2025-12-28 00:25:47,0.0
GEOP_20260402.csv,2025-12-28 00:28:47,0.0
GEOP_20260402.csv,2025-12-28 00:31:47,0.0
GEOP_20260402.csv,2025-12-28 00:34:47,0.0
GEOP_20260402.csv,2025-12-28 00:37:47,0.0
GEOP_20260402.csv,2025-12-28 00:40:47,0.0
GEOP_20260402.csv,2025-12-28 00:43:47,0.0
GEOP_20260402.csv,2025-12-28 00:46:47,0.0
GEOP_20260402.csv,2025-12-28 00:49:47,0.0
GEOP_20260402.csv,2025-12-28 00:52:47,0.0
GEOP_20260402.csv,2025-12-28 00:55:47,0.0
GEOP_20260402.csv,2025-12-28 00:58:47,0.0
GEOP_20260402.csv,2025-12-28 01:01:47,0.0
GEOP_20260402.csv,2025-12-28 01:04:47,0.0
GEOP_20260402.csv,2025-12-28 01:07:47,0.0
GEOP_20260402.csv,2025-12-28 01:13:47,0.0
GEOP_20260402.csv,2025-12-28 01:16:47,0.0
GEOP_20260402.csv,2025-12-28 01:19:47,0.0
GEOP_20260402.csv,2025-12-28 01:22:47,0.0
GEOP_20260402.csv,2025-12-28 01:28:47,0.0
GEOP_20260402.csv,2025-12-28 01:31:47,0.0
GEOP_20260402.csv,2025-12-28 01:34:47,0.0
GEOP_20260402.csv,2025-12-28 01:37:47,0.0
GEOP_20260402.csv,2025-12-28 01:40:47,0.0
GEOP_20260402.csv,2025-12-28 01:43:47,0.0
GEOP_20260402.csv,2025-12-28 01:46:47,0.0
GEOP_20260402.csv,2025-12-28 01:52:47,0.0
GEOP_20260402.csv,2025-12-28 01:55:47,0.0
GEOP_20260402.csv,2025-12-28 01:58:47,0.0
GEOP_20260402.csv,2025-12-28 02:01:47,0.0
GEOP_20260402.csv,2025-12-28 02:04:47,0.0
GEOP_20260402.csv,2025-12-28 02:07:47,0.0
GEOP_20260402.csv,2025-12-28 02:10:47,0.0
GEOP_20260402.csv,2025-12-28 02:13:47,0.0
GEOP_20260402.csv,2025-12-28 02:16:47,0.0
GEOP_20260402.csv,2025-12-28 02:19:47,0.0
GEOP_20260402.csv,2025-12-28 02:22:47,0.0
GEOP_20260402.csv,2025-12-28 02:25:47,0.0
GEOP_20260402.csv,2025-12-28 02:28:47,0.0
GEOP_20260402.csv,2025-12-28 02:31:47,0.0
GEOP_20260402.csv,2025-12-28 02:34:47,0.0
GEOP_20260402.csv,2025-12-28 02:43:47,0.0
GEOP_20260402.csv,2025-12-28 02:49:47,0.0
GEOP_20260402.csv,2025-12-28 02:52:47,0.0
GEOP_20260402.csv,2025-12-28 02:55:47,0.0
GEOP_20260402.csv,2025-12-28 02:58:48,0.0
GEOP_20260402.csv,2025-12-28 03:01:48,0.0
GEOP_20260402.csv,2025-12-28 03:04:48,0.0
GEOP_20260402.csv,2025-12-28 03:07:48,0.0
GEOP_20260402.csv,2025-12-28 03:10:48,0.0
GEOP_20260402.csv,2025-12-28 03:13:48,0.0
GEOP_20260402.csv,2025-12-28 03:16:48,0.0
GEOP_20260402.csv,2025-12-28 03:19:48,0.0
GEOP_20260402.csv,2025-12-28 03:22:48,0.0
GEOP_20260402.csv,2025-12-28 03:25:48,0.0
GEOP_20260402.csv,2025-12-28 03:28:48,0.0
GEOP_20260402.csv,2025-12-28 03:31:48,0.0
GEOP_20260402.csv,2025-12-28 03:34:48,0.0
GEOP_20260402.csv,2025-12-28 03:37:48,0.0
GEOP_20260402.csv,2025-12-28 03:40:48,0.0
GEOP_20260402.csv,2025-12-28 03:43:48,0.0
GEOP_20260402.csv,2025-12-28 03:46:48,0.0
GEOP_20260402.csv,2025-12-28 03:49:48,0.0
GEOP_20260402.csv,2025-12-28 03:52:48,0.0
GEOP_20260402.csv,2025-12-28 03:55:48,0.0
GEOP_20260402.csv,2025-12-28 03:58:48,0.0
GEOP_20260402.csv,2025-12-28 04:01:48,0.0
GEOP_20260402.csv,2025-12-28 04:04:48,0.0
GEOP_20260402.csv,2025-12-28 04:10:48,0.0
GEOP_20260402.csv,2025-12-28 04:13:48,0.0
GEOP_20260402.csv,2025-12-28 04:16:48,0.0
GEOP_20260402.csv,2025-12-28 04:19:48,0.0
GEOP_20260402.csv,2025-12-28 04:22:48,0.0
GEOP_20260402.csv,2025-12-28 04:25:48,0.0
GEOP_20260402.csv,2025-12-28 04:31:48,0.0
GEOP_20260402.csv,2025-12-28 04:34:48,0.0
GEOP_20260402.csv,2025-12-28 04:37:48,0.0
GEOP_20260402.csv,2025-12-28 04:40:48,0.0
GEOP_20260402.csv,2025-12-28 04:43:48,0.0
GEOP_20260402.csv,2025-12-28 04:46:49,0.0
GEOP_20260402.csv,2025-12-28 04:49:48,0.0
GEOP_20260402.csv,2025-12-28 04:52:48,0.0
GEOP_20260402.csv,2025-12-28 04:55:48,0.0
GEOP_20260402.csv,2025-12-28 04:58:48,0.0
GEOP_20260402.csv,2025-12-28 05:01:48,0.0
GEOP_20260402.csv,2025-12-28 05:04:48,0.0
GEOP_20260402.csv,2025-12-28 05:07:48,0.0
GEOP_20260402.csv,2025-12-28 05:10:48,0.0
GEOP_20260402.csv,2025-12-28 05:13:48,0.0
GEOP_20260402.csv,2025-12-28 05:16:48,0.0
GEOP_20260402.csv,2025-12-28 05:19:48,0.0
GEOP_20260402.csv,2025-12-28 05:22:48,0.0
GEOP_20260402.csv,2025-12-28 05:25:48,0.0
GEOP_20260402.csv,2025-12-28 05:31:48,0.0
GEOP_20260402.csv,2025-12-28 05:34:48,0.0
GEOP_20260402.csv,2025-12-28 05:37:48,0.0
GEOP_20260402.csv,2025-12-28 05:40:48,0.0
GEOP_20260402.csv,2025-12-28 05:43:48,0.0
GEOP_20260402.csv,2025-12-28 05:46:48,0.0
GEOP_20260402.csv,2025-12-28 05:49:48,0.0
GEOP_20260402.csv,2025-12-28 05:52:48,0.0
GEOP_20260402.csv,2025-12-28 05:55:48,0.0
GEOP_20260402.csv,2025-12-28 05:58:48,0.0
GEOP_20260402.csv,2025-12-28 06:01:48,0.0
GEOP_20260402.csv,2025-12-28 06:04:48,0.0
GEOP_20260402.csv,2025-12-28 06:07:48,0.0
GEOP_20260402.csv,2025-12-28 06:10:48,0.0
GEOP_20260402.csv,2025-12-28 06:13:48,0.0
GEOP_20260402.csv,2025-12-28 06:16:48,0.0
GEOP_20260402.csv,2025-12-28 06:19:48,0.0
GEOP_20260402.csv,2025-12-28 06:22:48,0.0
GEOP_20260402.csv,2025-12-28 06:25:48,0.0
GEOP_20260402.csv,2025-12-28 06:28:48,0.0
GEOP_20260402.csv,2025-12-28 06:31:49,0.0
GEOP_20260402.csv,2025-12-28 06:34:48,0.0
GEOP_20260402.csv,2025-12-28 06:37:48,0.0
GEOP_20260402.csv,2025-12-28 06:40:48,0.0
GEOP_20260402.csv,2025-12-28 06:43:48,0.0
GEOP_20260402.csv,2025-12-28 06:46:48,0.0
GEOP_20260402.csv,2025-12-28 06:49:48,0.0
GEOP_20260402.csv,2025-12-28 06:52:48,0.0
GEOP_20260402.csv,2025-12-28 06:55:48,0.0
GEOP_20260402.csv,2025-12-28 06:58:48,0.0
GEOP_20260402.csv,2025-12-28 07:01:48,0.0
GEOP_20260402.csv,2025-12-28 07:04:48,0.0
GEOP_20260402.csv,2025-12-28 07:07:48,0.0
GEOP_20260402.csv,2025-12-28 07:10:48,0.0
GEOP_20260402.csv,2025-12-28 07:13:48,0.0
GEOP_20260402.csv,2025-12-28 07:16:48,0.0
GEOP_20260402.csv,2025-12-28 07:19:48,0.0
GEOP_20260402.csv,2025-12-28 07:22:48,0.0
GEOP_20260402.csv,2025-12-28 07:25:48,0.0
GEOP_20260402.csv,2025-12-28 07:28:48,0.0
GEOP_20260402.csv,2025-12-28 07:31:48,0.0
GEOP_20260402.csv,2025-12-28 07:34:48,0.0
GEOP_20260402.csv,2025-12-28 07:37:48,0.0
GEOP_20260402.csv,2025-12-28 07:40:48,0.0
GEOP_20260402.csv,2025-12-28 07:43:48,0.0
GEOP_20260402.csv,2025-12-28 07:46:48,0.0
GEOP_20260402.csv,2025-12-28 07:49:48,0.0
GEOP_20260402.csv,2025-12-28 07:52:48,0.0
GEOP_20260402.csv,2025-12-28 07:55:48,0.0
GEOP_20260402.csv,2025-12-28 07:58:48,0.0
GEOP_20260402.csv,2025-12-28 08:01:48,0.0
GEOP_20260402.csv,2025-12-28 08:04:48,0.0
GEOP_20260402.csv,2025-12-28 08:07:48,0.0
GEOP_20260402.csv,2025-12-28 08:10:48,0.0
GEOP_20260402.csv,2025-12-28 08:13:48,0.0
GEOP_20260402.csv,2025-12-28 08:16:48,0.0
GEOP_20260402.csv,2025-12-28 08:19:48,0.0
GEOP_20260402.csv,2025-12-28 08:22:48,0.0
GEOP_20260402.csv,2025-12-28 08:25:48,0.0
GEOP_20260402.csv,2025-12-28 08:28:48,0.0
GEOP_20260402.csv,2025-12-28 08:31:48,0.0
GEOP_20260402.csv,2025-12-28 08:34:48,0.0
GEOP_20260402.csv,2025-12-28 08:37:48,0.0
GEOP_20260402.csv,2025-12-28 08:40:48,0.0
GEOP_20260402.csv,2025-12-28 08:43:48,0.0
GEOP_20260402.csv,2025-12-28 08:46:48,0.0
GEOP_20260402.csv,2025-12-28 08:49:48,0.0
GEOP_20260402.csv,2025-12-28 08:52:48,0.0
GEOP_20260402.csv,2025-12-28 08:55:48,0.0
GEOP_20260402.csv,2025-12-28 08:58:48,0.0
GEOP_20260402.csv,2025-12-28 09:01:48,0.0
GEOP_20260402.csv,2025-12-28 09:04:48,0.0
GEOP_20260402.csv,2025-12-28 09:07:48,0.0
GEOP_20260402.csv,2025-12-28 09:10:48,0.0
GEOP_20260402.csv,2025-12-28 09:13:48,0.0
GEOP_20260402.csv,2025-12-28 09:16:48,0.0
GEOP_20260402.csv,2025-12-28 09:19:48,0.0
GEOP_20260402.csv,2025-12-28 09:22:48,0.0
GEOP_20260402.csv,2025-12-28 09:25:48,0.0
GEOP_20260402.csv,2025-12-28 09:28:48,0.0
GEOP_20260402.csv,2025-12-28 09:31:48,0.0
GEOP_20260402.csv,2025-12-28 09:34:48,0.0
GEOP_20260402.csv,2025-12-28 09:37:48,0.0
GEOP_20260402.csv,2025-12-28 09:40:48,0.0
GEOP_20260402.csv,2025-12-28 09:43:48,0.0
GEOP_20260402.csv,2025-12-28 09:46:48,0.0
GEOP_20260402.csv,2025-12-28 09:49:48,0.0
GEOP_20260402.csv,2025-12-28 09:52:48,0.0
GEOP_20260402.csv,2025-12-28 09:55:48,0.0
GEOP_20260402.csv,2025-12-28 09:58:48,0.0
GEOP_20260402.csv,2025-12-28 10:01:48,0.0
GEOP_20260402.csv,2025-12-28 10:04:48,0.0
GEOP_20260402.csv,2025-12-28 10:07:48,0.0
GEOP_20260402.csv,2025-12-28 10:10:48,0.0
GEOP_20260402.csv,2025-12-28 10:13:48,0.0
GEOP_20260402.csv,2025-12-28 10:16:48,0.0
GEOP_20260402.csv,2025-12-28 10:19:48,0.0
GEOP_20260402.csv,2025-12-28 10:22:48,0.0
GEOP_20260402.csv,2025-12-28 10:25:48,0.0
GEOP_20260402.csv,2025-12-28 10:28:48,0.0
GEOP_20260402.csv,2025-12-28 10:31:48,0.0
GEOP_20260402.csv,2025-12-28 10:34:48,0.0
GEOP_20260402.csv,2025-12-28 10:37:48,0.0
GEOP_20260402.csv,2025-12-28 10:40:48,0.0
GEOP_20260402.csv,2025-12-28 10:43:48,0.0
GEOP_20260402.csv,2025-12-28 10:46:48,0.0
GEOP_20260402.csv,2025-12-28 10:49:48,0.0
GEOP_20260402.csv,2025-12-28 10:52:48,0.0
GEOP_20260402.csv,2025-12-28 10:55:48,0.0
GEOP_20260402.csv,2025-12-28 10:58:48,0.0
GEOP_20260402.csv,2025-12-28 11:01:48,0.0
GEOP_20260402.csv,2025-12-28 11:04:48,0.0
GEOP_20260402.csv,2025-12-28 11:07:48,0.0
GEOP_20260402.csv,2025-12-28 11:10:48,0.0
GEOP_20260402.csv,2025-12-28 11:13:48,0.0
GEOP_20260402.csv,2025-12-28 11:16:48,0.0
GEOP_20260402.csv,2025-12-28 11:19:48,0.0
GEOP_20260402.csv,2025-12-28 11:22:48,0.0
GEOP_20260402.csv,2025-12-28 11:25:48,0.0
GEOP_20260402.csv,2025-12-28 11:28:48,0.0
GEOP_20260402.csv,2025-12-28 11:31:48,0.0
GEOP_20260402.csv,2025-12-28 11:34:48,0.0
GEOP_20260402.csv,2025-12-28 11:37:48,0.0
GEOP_20260402.csv,2025-12-28 11:40:48,0.0
GEOP_20260402.csv,2025-12-28 11:43:48,0.0
GEOP_20260402.csv,2025-12-28 11:46:48,0.0
GEOP_20260402.csv,2025-12-28 11:49:48,0.0
GEOP_20260402.csv,2025-12-28 11:52:48,0.0
GEOP_20260402.csv,2025-12-28 11:55:48,0.0
GEOP_20260402.csv,2025-12-28 11:58:48,0.0
GEOP_20260402.csv,2025-12-28 12:01:48,0.0
GEOP_20260402.csv,2025-12-28 12:04:48,0.0
GEOP_20260402.csv,2025-12-28 12:07:48,0.0
GEOP_20260402.csv,2025-12-28 12:10:48,0.0
GEOP_20260402.csv,2025-12-28 12:13:48,0.0
GEOP_20260402.csv,2025-12-28 12:16:48,0.0
GEOP_20260402.csv,2025-12-28 12:19:48,0.0
GEOP_20260402.csv,2025-12-28 12:22:48,0.0
GEOP_20260402.csv,2025-12-28 12:25:48,0.0
GEOP_20260402.csv,2025-12-28 12:28:48,0.0
GEOP_20260402.csv,2025-12-28 12:31:48,0.0
GEOP_20260402.csv,2025-12-28 12:34:48,0.0
GEOP_20260402.csv,2025-12-28 12:40:52,0.0
GEOP_20260402.csv,2025-12-28 12:43:48,0.0
GEOP_20260402.csv,2025-12-28 12:46:48,0.0
GEOP_20260402.csv,2025-12-28 12:49:48,0.0
GEOP_20260402.csv,2025-12-28 12:52:48,0.0
GEOP_20260402.csv,2025-12-28 12:55:48,0.0
GEOP_20260402.csv,2025-12-28 12:58:48,0.0
GEOP_20260402.csv,2025-12-28 13:01:48,0.0
GEOP_20260402.csv,2025-12-28 13:04:48,0.0
GEOP_20260402.csv,2025-12-28 13:07:48,0.0
GEOP_20260402.csv,2025-12-28 13:10:48,0.0
GEOP_20260402.csv,2025-12-28 13:13:48,0.0
GEOP_20260402.csv,2025-12-28 13:16:48,0.0
GEOP_20260402.csv,2025-12-28 13:22:48,0.0
GEOP_20260402.csv,2025-12-28 13:25:48,0.0
GEOP_20260402.csv,2025-12-28 13:28:48,0.0
GEOP_20260402.csv,2025-12-28 13:31:48,0.0
GEOP_20260402.csv,2025-12-28 13:34:48,0.0
GEOP_20260402.csv,2025-12-28 13:37:48,0.0
GEOP_20260402.csv,2025-12-28 13:40:48,0.0
GEOP_20260402.csv,2025-12-28 13:43:48,0.0
GEOP_20260402.csv,2025-12-28 13:46:48,0.0
GEOP_20260402.csv,2025-12-28 13:49:48,0.0
GEOP_20260402.csv,2025-12-28 13:52:48,0.0
GEOP_20260402.csv,2025-12-28 13:55:48,0.0
GEOP_20260402.csv,2025-12-28 13:58:48,0.0
GEOP_20260402.csv,2025-12-28 14:01:48,0.0
GEOP_20260402.csv,2025-12-28 14:04:48,0.0
GEOP_20260402.csv,2025-12-28 14:07:48,0.0
GEOP_20260402.csv,2025-12-28 14:10:48,0.0
GEOP_20260402.csv,2025-12-28 14:13:48,0.0
GEOP_20260402.csv,2025-12-28 14:16:48,0.0
GEOP_20260402.csv,2025-12-28 14:19:48,0.0
GEOP_20260402.csv,2025-12-28 14:22:48,0.0
GEOP_20260402.csv,2025-12-28 14:25:48,0.0
GEOP_20260402.csv,2025-12-28 14:28:48,0.0
GEOP_20260402.csv,2025-12-28 14:31:48,0.0
GEOP_20260402.csv,2025-12-28 14:34:48,0.0
GEOP_20260402.csv,2025-12-28 14:37:48,0.0
GEOP_20260402.csv,2025-12-28 14:40:48,0.0
GEOP_20260402.csv,2025-12-28 14:43:48,0.0
GEOP_20260402.csv,2025-12-28 14:46:48,0.0
GEOP_20260402.csv,2025-12-28 14:49:48,0.0
GEOP_20260402.csv,2025-12-28 14:52:48,0.0
GEOP_20260402.csv,2025-12-28 14:55:48,0.0
GEOP_20260402.csv,2025-12-28 14:58:48,0.0
GEOP_20260402.csv,2025-12-28 15:01:48,0.0
GEOP_20260402.csv,2025-12-28 15:04:48,0.0
GEOP_20260402.csv,2025-12-28 15:07:48,0.0
GEOP_20260402.csv,2025-12-28 15:10:48,0.0
GEOP_20260402.csv,2025-12-28 15:13:48,0.0
GEOP_20260402.csv,2025-12-28 15:16:48,0.0
GEOP_20260402.csv,2025-12-28 15:19:48,0.0
GEOP_20260402.csv,2025-12-28 15:22:48,0.0
GEOP_20260402.csv,2025-12-28 15:28:48,0.0
GEOP_20260402.csv,2025-12-28 15:31:48,0.0
GEOP_20260402.csv,2025-12-28 15:34:48,0.0
GEOP_20260402.csv,2025-12-28 15:37:48,0.0
GEOP_20260402.csv,2025-12-28 15:40:48,0.0
GEOP_20260402.csv,2025-12-28 15:43:48,0.0
GEOP_20260402.csv,2025-12-28 15:46:48,0.0
GEOP_20260402.csv,2025-12-28 15:49:48,0.0
GEOP_20260402.csv,2025-12-28 15:52:48,0.0
GEOP_20260402.csv,2025-12-28 15:55:48,0.0
GEOP_20260402.csv,2025-12-28 15:58:48,0.0
GEOP_20260402.csv,2025-12-28 16:01:48,0.0
GEOP_20260402.csv,2025-12-28 16:04:48,0.0
GEOP_20260402.csv,2025-12-28 16:07:48,0.0
GEOP_20260402.csv,2025-12-28 16:10:48,0.0
GEOP_20260402.csv,2025-12-28 16:13:48,0.0
GEOP_20260402.csv,2025-12-28 16:16:48,0.0
GEOP_20260402.csv,2025-12-28 16:19:48,0.0
GEOP_20260402.csv,2025-12-28 16:22:48,0.0
GEOP_20260402.csv,2025-12-28 16:25:48,0.0
GEOP_20260402.csv,2025-12-28 16:28:48,0.0
GEOP_20260402.csv,2025-12-28 16:31:48,0.0
GEOP_20260402.csv,2025-12-28 16:34:48,0.0
GEOP_20260402.csv,2025-12-28 16:37:48,0.0
GEOP_20260402.csv,2025-12-28 16:40:48,0.0
GEOP_20260402.csv,2025-12-28 16:43:48,0.0
GEOP_20260402.csv,2025-12-28 16:46:48,0.0
GEOP_20260402.csv,2025-12-28 16:49:48,0.0
GEOP_20260402.csv,2025-12-28 16:52:48,0.0
GEOP_20260402.csv,2025-12-28 16:55:48,0.0
GEOP_20260402.csv,2025-12-28 16:58:48,0.0
GEOP_20260402.csv,2025-12-28 17:01:48,0.0
GEOP_20260402.csv,2025-12-28 17:04:48,0.0
GEOP_20260402.csv,2025-12-28 17:07:48,0.0
GEOP_20260402.csv,2025-12-28 17:10:48,0.0
GEOP_20260402.csv,2025-12-28 17:13:48,0.0
GEOP_20260402.csv,2025-12-28 17:16:48,0.0
GEOP_20260402.csv,2025-12-28 17:19:48,0.0
GEOP_20260402.csv,2025-12-28 17:22:48,0.0
GEOP_20260402.csv,2025-12-28 17:25:48,0.0
GEOP_20260402.csv,2025-12-28 17:28:48,0.0
GEOP_20260402.csv,2025-12-28 17:31:48,0.0
GEOP_20260402.csv,2025-12-28 17:34:48,0.0
GEOP_20260402.csv,2025-12-28 17:37:48,0.0
GEOP_20260402.csv,2025-12-28 17:40:48,0.0
GEOP_20260402.csv,2025-12-28 17:43:48,0.0
GEOP_20260402.csv,2025-12-28 17:46:48,0.0
GEOP_20260402.csv,2025-12-28 17:49:48,0.0
GEOP_20260402.csv,2025-12-28 17:52:48,0.0
GEOP_20260402.csv,2025-12-28 17:55:48,0.0
GEOP_20260402.csv,2025-12-28 17:58:48,0.0
GEOP_20260402.csv,2025-12-28 18:01:48,0.0
GEOP_20260402.csv,2025-12-28 18:04:48,0.0
GEOP_20260402.csv,2025-12-28 18:07:48,0.0
GEOP_20260402.csv,2025-12-28 18:10:48,0.0
GEOP_20260402.csv,2025-12-28 18:13:48,0.0
GEOP_20260402.csv,2025-12-28 18:16:48,0.0
GEOP_20260402.csv,2025-12-28 18:19:48,0.0
GEOP_20260402.csv,2025-12-28 18:22:48,0.0
GEOP_20260402.csv,2025-12-28 18:25:48,0.0
GEOP_20260402.csv,2025-12-28 18:28:48,0.0
GEOP_20260402.csv,2025-12-28 18:31:48,0.0
GEOP_20260402.csv,2025-12-28 18:34:48,0.0
GEOP_20260402.csv,2025-12-28 18:37:48,0.0
GEOP_20260402.csv,2025-12-28 18:40:48,0.0
GEOP_20260402.csv,2025-12-28 18:43:48,0.0
GEOP_20260402.csv,2025-12-28 18:46:48,0.0
GEOP_20260402.csv,2025-12-28 18:49:48,0.0
GEOP_20260402.csv,2025-12-28 18:52:48,0.0
GEOP_20260402.csv,2025-12-28 18:55:48,0.0
GEOP_20260402.csv,2025-12-28 18:58:48,0.0
GEOP_20260402.csv,2025-12-28 19:01:48,0.0
GEOP_20260402.csv,2025-12-28 19:04:48,0.0
GEOP_20260402.csv,2025-12-28 19:07:48,0.0
GEOP_20260402.csv,2025-12-28 19:10:48,0.0
GEOP_20260402.csv,2025-12-28 19:13:48,0.0
GEOP_20260402.csv,2025-12-28 19:16:48,0.0
GEOP_20260402.csv,2025-12-28 19:19:48,0.0
GEOP_20260402.csv,2025-12-28 19:22:48,0.0
GEOP_20260402.csv,2025-12-28 19:25:48,0.0
GEOP_20260402.csv,2025-12-28 19:28:48,0.0
GEOP_20260402.csv,2025-12-28 19:31:48,0.0
GEOP_20260402.csv,2025-12-28 19:34:48,0.0
GEOP_20260402.csv,2025-12-28 19:37:48,0.0
GEOP_20260402.csv,2025-12-28 19:40:48,0.0
GEOP_20260402.csv,2025-12-28 19:43:48,0.0
GEOP_20260402.csv,2025-12-28 19:46:48,0.0
GEOP_20260402.csv,2025-12-28 19:49:48,0.0
GEOP_20260402.csv,2025-12-28 19:52:48,0.0
GEOP_20260402.csv,2025-12-28 19:55:48,0.0
GEOP_20260402.csv,2025-12-28 19:58:48,0.0
GEOP_20260402.csv,2025-12-28 20:01:48,0.0
GEOP_20260402.csv,2025-12-28 20:04:48,0.0
GEOP_20260402.csv,2025-12-28 20:07:48,0.0
GEOP_20260402.csv,2025-12-28 20:10:48,0.0
GEOP_20260402.csv,2025-12-28 20:13:48,0.0
GEOP_20260402.csv,2025-12-28 20:16:48,0.0
GEOP_20260402.csv,2025-12-28 20:19:48,0.0
GEOP_20260402.csv,2025-12-28 20:22:48,0.0
GEOP_20260402.csv,2025-12-28 20:25:48,0.0
GEOP_20260402.csv,2025-12-28 20:28:48,0.0
GEOP_20260402.csv,2025-12-28 20:31:48,0.0
GEOP_20260402.csv,2025-12-28 20:34:48,0.0
GEOP_20260402.csv,2025-12-28 20:37:48,0.0
GEOP_20260402.csv,2025-12-28 20:40:48,0.0
GEOP_20260402.csv,2025-12-28 20:43:48,0.0
GEOP_20260402.csv,2025-12-28 20:46:48,0.0
GEOP_20260402.csv,2025-12-28 20:49:48,0.0
GEOP_20260402.csv,2025-12-28 20:52:48,0.0
GEOP_20260402.csv,2025-12-28 20:55:48,0.0
GEOP_20260402.csv,2025-12-28 20:58:48,0.0
GEOP_20260402.csv,2025-12-28 21:01:48,0.0
GEOP_20260402.csv,2025-12-28 21:04:48,0.0
GEOP_20260402.csv,2025-12-28 21:07:48,0.0
GEOP_20260402.csv,2025-12-28 21:10:48,0.0
GEOP_20260402.csv,2025-12-28 21:13:48,0.0
GEOP_20260402.csv,2025-12-28 21:16:48,0.0
GEOP_20260402.csv,2025-12-28 21:19:48,0.0
GEOP_20260402.csv,2025-12-28 21:22:48,0.0
GEOP_20260402.csv,2025-12-28 21:25:48,0.0
GEOP_20260402.csv,2025-12-28 21:28:48,0.0
GEOP_20260402.csv,2025-12-28 21:31:48,0.0
GEOP_20260402.csv,2025-12-28 21:34:48,0.0
GEOP_20260402.csv,2025-12-28 21:37:48,0.0
GEOP_20260402.csv,2025-12-28 21:40:48,0.0
GEOP_20260402.csv,2025-12-28 21:43:48,0.0
GEOP_20260402.csv,2025-12-28 21:46:48,0.0
GEOP_20260402.csv,2025-12-28 21:49:48,0.0
GEOP_20260402.csv,2025-12-28 21:52:48,0.0
GEOP_20260402.csv,2025-12-28 21:55:48,0.0
GEOP_20260402.csv,2025-12-28 21:58:48,0.0
GEOP_20260402.csv,2025-12-28 22:01:48,0.0
GEOP_20260402.csv,2025-12-28 22:04:48,0.0
GEOP_20260402.csv,2025-12-28 22:07:48,0.0
GEOP_20260402.csv,2025-12-28 22:10:48,0.0
GEOP_20260402.csv,2025-12-28 22:13:48,0.0
GEOP_20260402.csv,2025-12-28 22:16:48,0.0
GEOP_20260402.csv,2025-12-28 22:19:48,0.0
GEOP_20260402.csv,2025-12-28 22:22:48,0.0
GEOP_20260402.csv,2025-12-28 22:25:48,0.0
GEOP_20260402.csv,2025-12-28 22:28:48,0.0
GEOP_20260402.csv,2025-12-28 22:31:48,0.0
GEOP_20260402.csv,2025-12-28 22:34:48,0.0
GEOP_20260402.csv,2025-12-28 22:37:48,0.0
GEOP_20260402.csv,2025-12-28 22:40:48,0.0
GEOP_20260402.csv,2025-12-28 22:43:48,0.0
GEOP_20260402.csv,2025-12-28 22:46:47,0.0
GEOP_20260402.csv,2025-12-28 22:49:48,0.0
GEOP_20260402.csv,2025-12-28 22:52:47,0.0
GEOP_20260402.csv,2025-12-28 22:55:48,0.0
GEOP_20260402.csv,2025-12-28 22:58:47,0.0
GEOP_20260402.csv,2025-12-28 23:01:48,0.0
GEOP_20260402.csv,2025-12-28 23:04:47,0.0
GEOP_20260402.csv,2025-12-28 23:07:48,0.0
GEOP_20260402.csv,2025-12-28 23:10:47,0.0
GEOP_20260402.csv,2025-12-28 23:13:47,0.0
GEOP_20260402.csv,2025-12-28 23:16:48,0.0
GEOP_20260402.csv,2025-12-28 23:19:47,0.0
GEOP_20260402.csv,2025-12-28 23:22:47,0.0
GEOP_20260402.csv,2025-12-28 23:25:47,0.0
GEOP_20260402.csv,2025-12-28 23:28:47,0.0
GEOP_20260402.csv,2025-12-28 23:31:48,0.0
GEOP_20260402.csv,2025-12-28 23:34:47,0.0
GEOP_20260402.csv,2025-12-28 23:37:47,0.0
GEOP_20260402.csv,2025-12-28 23:40:47,0.0
GEOP_20260402.csv,2025-12-28 23:43:47,0.0
GEOP_20260402.csv,2025-12-28 23:46:47,0.0
GEOP_20260402.csv,2025-12-28 23:49:47,0.0
GEOP_20260402.csv,2025-12-28 23:52:47,0.0
GEOP_20260402.csv,2025-12-28 23:55:47,0.0
GEOP_20260402.csv,2025-12-28 23:58:47,0.0
GEOP_20260402.csv,2025-12-29 00:01:47,0.0
GEOP_20260402.csv,2025-12-29 00:04:47,0.0
GEOP_20260402.csv,2025-12-29 00:07:47,0.0
GEOP_20260402.csv,2025-12-29 00:10:47,0.0
GEOP_20260402.csv,2025-12-29 00:13:47,0.0
GEOP_20260402.csv,2025-12-29 00:16:47,0.0
GEOP_20260402.csv,2025-12-29 00:19:47,0.0
GEOP_20260402.csv,2025-12-29 00:22:47,0.0
GEOP_20260402.csv,2025-12-29 00:25:47,0.0
GEOP_20260402.csv,2025-12-29 00:28:47,0.0
GEOP_20260402.csv,2025-12-29 00:31:47,0.0
GEOP_20260402.csv,2025-12-29 00:34:47,0.0
GEOP_20260402.csv,2025-12-29 00:37:47,0.0
GEOP_20260402.csv,2025-12-29 00:40:47,0.0
GEOP_20260402.csv,2025-12-29 00:43:47,0.0
GEOP_20260402.csv,2025-12-29 00:46:47,0.0
GEOP_20260402.csv,2025-12-29 00:49:47,0.0
GEOP_20260402.csv,2025-12-29 00:52:47,0.0
GEOP_20260402.csv,2025-12-29 00:55:47,0.0
GEOP_20260402.csv,2025-12-29 00:58:47,0.0
GEOP_20260402.csv,2025-12-29 01:01:47,0.0
GEOP_20260402.csv,2025-12-29 01:04:47,0.0
GEOP_20260402.csv,2025-12-29 01:07:47,0.0
GEOP_20260402.csv,2025-12-29 01:10:47,0.0
GEOP_20260402.csv,2025-12-29 01:13:47,0.0
GEOP_20260402.csv,2025-12-29 01:16:47,0.0
GEOP_20260402.csv,2025-12-29 01:19:47,0.0
GEOP_20260402.csv,2025-12-29 01:22:47,0.0
GEOP_20260402.csv,2025-12-29 01:25:47,0.0
GEOP_20260402.csv,2025-12-29 01:28:47,0.0
GEOP_20260402.csv,2025-12-29 01:31:47,0.0
GEOP_20260402.csv,2025-12-29 01:34:47,0.0
GEOP_20260402.csv,2025-12-29 01:37:47,0.0
GEOP_20260402.csv,2025-12-29 01:40:47,0.0
GEOP_20260402.csv,2025-12-29 01:43:47,0.0
GEOP_20260402.csv,2025-12-29 01:46:47,0.0
GEOP_20260402.csv,2025-12-29 01:49:47,0.0
GEOP_20260402.csv,2025-12-29 01:52:47,0.0
GEOP_20260402.csv,2025-12-29 01:55:47,0.0
GEOP_20260402.csv,2025-12-29 01:58:47,0.0
GEOP_20260402.csv,2025-12-29 02:01:48,0.0
GEOP_20260402.csv,2025-12-29 02:04:47,0.0
GEOP_20260402.csv,2025-12-29 02:07:47,0.0
GEOP_20260402.csv,2025-12-29 02:10:47,0.0
GEOP_20260402.csv,2025-12-29 02:13:47,0.0
GEOP_20260402.csv,2025-12-29 02:16:47,0.0
GEOP_20260402.csv,2025-12-29 02:19:47,0.0
GEOP_20260402.csv,2025-12-29 02:22:47,0.0
GEOP_20260402.csv,2025-12-29 02:25:47,0.0
GEOP_20260402.csv,2025-12-29 02:28:47,0.0
GEOP_20260402.csv,2025-12-29 02:31:47,0.0
GEOP_20260402.csv,2025-12-29 02:34:47,0.0
GEOP_20260402.csv,2025-12-29 02:37:47,0.0
GEOP_20260402.csv,2025-12-29 02:40:47,0.0
GEOP_20260402.csv,2025-12-29 02:43:47,0.0
GEOP_20260402.csv,2025-12-29 02:46:47,0.0
GEOP_20260402.csv,2025-12-29 02:49:47,0.0
GEOP_20260402.csv,2025-12-29 02:52:47,0.0
GEOP_20260402.csv,2025-12-29 02:55:47,0.0
GEOP_20260402.csv,2025-12-29 02:58:47,0.0
GEOP_20260402.csv,2025-12-29 03:01:47,0.0
GEOP_20260402.csv,2025-12-29 03:04:47,0.0
GEOP_20260402.csv,2025-12-29 03:07:47,0.0
GEOP_20260402.csv,2025-12-29 03:10:47,0.0
GEOP_20260402.csv,2025-12-29 03:13:47,0.0
GEOP_20260402.csv,2025-12-29 03:16:47,0.0
GEOP_20260402.csv,2025-12-29 03:19:47,0.0
GEOP_20260402.csv,2025-12-29 03:22:47,0.0
GEOP_20260402.csv,2025-12-29 03:25:47,0.0
GEOP_20260402.csv,2025-12-29 03:28:47,0.0
GEOP_20260402.csv,2025-12-29 03:31:47,0.0
GEOP_20260402.csv,2025-12-29 03:34:47,0.0
GEOP_20260402.csv,2025-12-29 03:37:47,0.0
GEOP_20260402.csv,2025-12-29 03:40:47,0.0
GEOP_20260402.csv,2025-12-29 03:43:47,0.0
GEOP_20260402.csv,2025-12-29 03:46:47,0.0
GEOP_20260402.csv,2025-12-29 03:49:47,0.0
GEOP_20260402.csv,2025-12-29 03:52:47,0.0
GEOP_20260402.csv,2025-12-29 03:55:47,0.0
GEOP_20260402.csv,2025-12-29 03:58:47,0.0
GEOP_20260402.csv,2025-12-29 04:01:47,0.0
GEOP_20260402.csv,2025-12-29 04:04:47,0.0
GEOP_20260402.csv,2025-12-29 04:07:47,0.0
GEOP_20260402.csv,2025-12-29 04:10:47,0.0
GEOP_20260402.csv,2025-12-29 04:13:47,0.0
GEOP_20260402.csv,2025-12-29 04:16:47,0.0
GEOP_20260402.csv,2025-12-29 04:19:47,0.0
GEOP_20260402.csv,2025-12-29 04:22:47,0.0
GEOP_20260402.csv,2025-12-29 04:25:47,0.0
GEOP_20260402.csv,2025-12-29 04:28:47,0.0
GEOP_20260402.csv,2025-12-29 04:31:47,0.0
GEOP_20260402.csv,2025-12-29 04:34:47,0.0
GEOP_20260402.csv,2025-12-29 04:37:47,0.0
GEOP_20260402.csv,2025-12-29 04:40:47,0.0
GEOP_20260402.csv,2025-12-29 04:43:47,0.0
GEOP_20260402.csv,2025-12-29 04:46:47,0.0
GEOP_20260402.csv,2025-12-29 04:49:47,0.0
GEOP_20260402.csv,2025-12-29 04:52:47,0.0
GEOP_20260402.csv,2025-12-29 04:55:47,0.0
GEOP_20260402.csv,2025-12-29 04:58:47,0.0
GEOP_20260402.csv,2025-12-29 05:01:47,0.0
GEOP_20260402.csv,2025-12-29 05:04:47,0.0
GEOP_20260402.csv,2025-12-29 05:10:47,0.0
GEOP_20260402.csv,2025-12-29 05:13:47,0.0
GEOP_20260402.csv,2025-12-29 05:16:47,0.0
GEOP_20260402.csv,2025-12-29 05:19:47,0.0
GEOP_20260402.csv,2025-12-29 05:22:47,0.0
GEOP_20260402.csv,2025-12-29 05:25:47,0.0
GEOP_20260402.csv,2025-12-29 05:28:47,0.0
GEOP_20260402.csv,2025-12-29 05:31:47,0.0
GEOP_20260402.csv,2025-12-29 05:34:47,0.0
GEOP_20260402.csv,2025-12-29 05:37:47,0.0
GEOP_20260402.csv,2025-12-29 05:40:47,0.0
GEOP_20260402.csv,2025-12-29 05:43:47,0.0
GEOP_20260402.csv,2025-12-29 05:46:47,0.0
GEOP_20260402.csv,2025-12-29 05:49:47,0.0
GEOP_20260402.csv,2025-12-29 05:52:47,0.0
GEOP_20260402.csv,2025-12-29 05:55:47,0.0
GEOP_20260402.csv,2025-12-29 05:58:47,0.0
GEOP_20260402.csv,2025-12-29 06:01:47,0.0
GEOP_20260402.csv,2025-12-29 06:04:47,0.0
GEOP_20260402.csv,2025-12-29 06:07:47,0.0
GEOP_20260402.csv,2025-12-29 06:10:47,0.0
GEOP_20260402.csv,2025-12-29 06:13:47,0.0
GEOP_20260402.csv,2025-12-29 06:16:47,0.0
GEOP_20260402.csv,2025-12-29 06:19:47,0.0
GEOP_20260402.csv,2025-12-29 06:22:47,0.0
GEOP_20260402.csv,2025-12-29 06:25:47,0.0
GEOP_20260402.csv,2025-12-29 06:28:47,0.0
GEOP_20260402.csv,2025-12-29 06:31:47,0.0
GEOP_20260402.csv,2025-12-29 06:34:47,0.0
GEOP_20260402.csv,2025-12-29 06:37:47,0.0
GEOP_20260402.csv,2025-12-29 06:40:47,0.0
GEOP_20260402.csv,2025-12-29 06:43:48,0.0
GEOP_20260402.csv,2025-12-29 06:46:47,0.0
GEOP_20260402.csv,2025-12-29 06:49:47,0.0
GEOP_20260402.csv,2025-12-29 06:52:47,0.0
GEOP_20260402.csv,2025-12-29 06:55:47,0.0
GEOP_20260402.csv,2025-12-29 06:58:47,0.0
GEOP_20260402.csv,2025-12-29 07:01:47,0.0
GEOP_20260402.csv,2025-12-29 07:04:47,0.0
GEOP_20260402.csv,2025-12-29 07:07:47,0.0
GEOP_20260402.csv,2025-12-29 07:10:47,0.0
GEOP_20260402.csv,2025-12-29 07:13:47,0.0
GEOP_20260402.csv,2025-12-29 07:16:47,0.0
GEOP_20260402.csv,2025-12-29 07:19:47,0.0
GEOP_20260402.csv,2025-12-29 07:22:47,0.0
GEOP_20260402.csv,2025-12-29 07:25:47,0.0
GEOP_20260402.csv,2025-12-29 07:28:47,0.0
GEOP_20260402.csv,2025-12-29 07:31:47,0.0
GEOP_20260402.csv,2025-12-29 07:34:47,0.0
GEOP_20260402.csv,2025-12-29 07:37:47,0.0
GEOP_20260402.csv,2025-12-29 07:40:47,0.0
GEOP_20260402.csv,2025-12-29 07:43:47,0.0
GEOP_20260402.csv,2025-12-29 07:46:47,0.0
GEOP_20260402.csv,2025-12-29 07:49:47,0.0
GEOP_20260402.csv,2025-12-29 07:52:47,0.0
GEOP_20260402.csv,2025-12-29 07:55:47,0.0
GEOP_20260402.csv,2025-12-29 07:58:47,0.0
GEOP_20260402.csv,2025-12-29 08:01:47,0.0
GEOP_20260402.csv,2025-12-29 08:04:47,0.0
GEOP_20260402.csv,2025-12-29 08:07:47,0.0
GEOP_20260402.csv,2025-12-29 08:10:47,0.0
GEOP_20260402.csv,2025-12-29 08:13:47,0.0
GEOP_20260402.csv,2025-12-29 08:16:47,0.0
GEOP_20260402.csv,2025-12-29 08:19:47,0.0
GEOP_20260402.csv,2025-12-29 08:22:47,0.0
GEOP_20260402.csv,2025-12-29 08:25:47,0.0
GEOP_20260402.csv,2025-12-29 08:28:47,0.0
GEOP_20260402.csv,2025-12-29 08:31:47,0.0
GEOP_20260402.csv,2025-12-29 08:34:47,0.0
GEOP_20260402.csv,2025-12-29 08:37:47,0.0
GEOP_20260402.csv,2025-12-29 08:40:47,0.0
GEOP_20260402.csv,2025-12-29 08:43:47,0.0
GEOP_20260402.csv,2025-12-29 08:46:47,0.0
GEOP_20260402.csv,2025-12-29 08:49:47,0.0
GEOP_20260402.csv,2025-12-29 08:52:47,0.0
GEOP_20260402.csv,2025-12-29 08:55:47,0.0
GEOP_20260402.csv,2025-12-29 08:58:47,0.0
GEOP_20260402.csv,2025-12-29 09:01:47,0.0
GEOP_20260402.csv,2025-12-29 09:04:47,0.0
GEOP_20260402.csv,2025-12-29 09:07:47,0.0
GEOP_20260402.csv,2025-12-29 09:10:47,0.0
GEOP_20260402.csv,2025-12-29 09:13:47,0.0
GEOP_20260402.csv,2025-12-29 09:16:47,0.0
GEOP_20260402.csv,2025-12-29 09:19:47,0.0
GEOP_20260402.csv,2025-12-29 09:22:47,0.0
GEOP_20260402.csv,2025-12-29 09:25:47,0.0
GEOP_20260402.csv,2025-12-29 09:28:47,0.0
GEOP_20260402.csv,2025-12-29 09:31:47,0.0
GEOP_20260402.csv,2025-12-29 09:34:47,0.0
GEOP_20260402.csv,2025-12-29 09:37:47,0.0
GEOP_20260402.csv,2025-12-29 09:40:47,0.0
GEOP_20260402.csv,2025-12-29 09:43:47,0.0
GEOP_20260402.csv,2025-12-29 09:46:47,0.0
GEOP_20260402.csv,2025-12-29 09:49:47,0.0
GEOP_20260402.csv,2025-12-29 09:52:47,0.0
GEOP_20260402.csv,2025-12-29 09:55:47,0.0
GEOP_20260402.csv,2025-12-29 09:58:47,0.0
GEOP_20260402.csv,2025-12-29 10:01:47,0.0
GEOP_20260402.csv,2025-12-29 10:04:47,0.0
GEOP_20260402.csv,2025-12-29 10:07:47,0.0
GEOP_20260402.csv,2025-12-29 10:10:47,0.0
GEOP_20260402.csv,2025-12-29 10:13:47,0.0
GEOP_20260402.csv,2025-12-29 10:16:47,0.0
GEOP_20260402.csv,2025-12-29 10:19:47,0.0
GEOP_20260402.csv,2025-12-29 10:22:47,0.0
GEOP_20260402.csv,2025-12-29 10:25:47,0.0
GEOP_20260402.csv,2025-12-29 10:28:47,0.0
GEOP_20260402.csv,2025-12-29 10:31:47,0.0
GEOP_20260402.csv,2025-12-29 10:34:47,0.0
GEOP_20260402.csv,2025-12-29 10:37:47,0.0
GEOP_20260402.csv,2025-12-29 10:40:47,0.0
GEOP_20260402.csv,2025-12-29 10:43:47,0.0
GEOP_20260402.csv,2025-12-29 10:46:47,0.0
GEOP_20260402.csv,2025-12-29 10:49:47,0.0
GEOP_20260402.csv,2025-12-29 10:52:47,0.0
GEOP_20260402.csv,2025-12-29 10:55:47,0.0
GEOP_20260402.csv,2025-12-29 10:58:47,0.0
GEOP_20260402.csv,2025-12-29 11:01:47,0.0
GEOP_20260402.csv,2025-12-29 11:04:47,0.0
GEOP_20260402.csv,2025-12-29 11:07:47,0.0
GEOP_20260402.csv,2025-12-29 11:10:47,0.0
GEOP_20260402.csv,2025-12-29 11:13:47,0.0
GEOP_20260402.csv,2025-12-29 11:16:47,0.0
GEOP_20260402.csv,2025-12-29 11:19:47,0.0
GEOP_20260402.csv,2025-12-29 11:22:47,0.0
GEOP_20260402.csv,2025-12-29 11:25:47,0.0
GEOP_20260402.csv,2025-12-29 11:28:47,0.0
GEOP_20260402.csv,2025-12-29 11:31:47,0.0
GEOP_20260402.csv,2025-12-29 11:34:47,0.0
GEOP_20260402.csv,2025-12-29 11:37:47,0.0
GEOP_20260402.csv,2025-12-29 11:40:47,0.0
GEOP_20260402.csv,2025-12-29 11:43:47,0.0
GEOP_20260402.csv,2025-12-29 11:46:47,0.0
GEOP_20260402.csv,2025-12-29 11:49:47,0.0
GEOP_20260402.csv,2025-12-29 11:52:47,0.0
GEOP_20260402.csv,2025-12-29 11:55:47,0.0
GEOP_20260402.csv,2025-12-29 11:58:47,0.0
GEOP_20260402.csv,2025-12-29 12:01:47,0.0
GEOP_20260402.csv,2025-12-29 12:04:47,0.0
GEOP_20260402.csv,2025-12-29 12:07:47,0.0
GEOP_20260402.csv,2025-12-29 12:10:47,0.0
GEOP_20260402.csv,2025-12-29 12:13:47,0.0
GEOP_20260402.csv,2025-12-29 12:16:47,0.0
GEOP_20260402.csv,2025-12-29 12:19:47,0.0
GEOP_20260402.csv,2025-12-29 12:22:47,0.0
GEOP_20260402.csv,2025-12-29 12:25:47,0.0
GEOP_20260402.csv,2025-12-29 12:28:48,0.0
GEOP_20260402.csv,2025-12-29 12:31:47,0.0
GEOP_20260402.csv,2025-12-29 12:34:47,0.0
GEOP_20260402.csv,2025-12-29 12:37:47,0.0
GEOP_20260402.csv,2025-12-29 12:43:47,0.0
GEOP_20260402.csv,2025-12-29 12:46:47,0.0
GEOP_20260402.csv,2025-12-29 12:49:47,0.0
GEOP_20260402.csv,2025-12-29 12:52:47,0.0
GEOP_20260402.csv,2025-12-29 12:55:47,0.0
GEOP_20260402.csv,2025-12-29 12:58:47,0.0
GEOP_20260402.csv,2025-12-29 13:01:47,0.0
GEOP_20260402.csv,2025-12-29 13:04:47,0.0
GEOP_20260402.csv,2025-12-29 13:07:47,0.0
GEOP_20260402.csv,2025-12-29 13:10:47,0.0
GEOP_20260402.csv,2025-12-29 13:13:47,0.0
GEOP_20260402.csv,2025-12-29 13:16:47,0.0
GEOP_20260402.csv,2025-12-29 13:19:47,0.0
GEOP_20260402.csv,2025-12-29 13:22:47,0.0
GEOP_20260402.csv,2025-12-29 13:25:47,0.0
GEOP_20260402.csv,2025-12-29 13:28:47,0.0
GEOP_20260402.csv,2025-12-29 13:31:47,0.0
GEOP_20260402.csv,2026-01-21 08:19:43,0.0
GEOP_20260402.csv,2026-01-21 08:22:43,0.0
GEOP_20260402.csv,2026-01-21 08:25:43,0.0
GEOP_20260402.csv,2026-01-21 08:28:43,0.0
GEOP_20260402.csv,2026-01-21 08:31:43,0.0
GEOP_20260402.csv,2026-01-21 08:34:43,0.0
GEOP_20260402.csv,2026-01-21 08:37:43,0.0
GEOP_20260402.csv,2026-01-21 08:40:43,0.0
GEOP_20260402.csv,2026-01-21 08:43:43,0.0
GEOP_20260402.csv,2026-01-21 08:46:43,0.0
GEOP_20260402.csv,2026-01-21 08:49:43,0.0
GEOP_20260402.csv,2026-01-21 08:52:43,0.0
GEOP_20260402.csv,2026-01-21 08:55:43,0.0
GEOP_20260402.csv,2026-01-21 08:58:43,0.0
GEOP_20260402.csv,2026-01-21 09:01:43,0.01
GEOP_20260402.csv,2026-01-21 09:08:07,0.0
GEOP_20260402.csv,2026-01-21 09:09:29,0.0
GEOP_20260402.csv,2026-01-21 09:12:29,0.0
GEOP_20260402.csv,2026-01-21 09:15:29,0.0
GEOP_20260402.csv,2026-01-21 09:18:29,0.0
GEOP_20260402.csv,2026-01-21 09:21:29,0.0
GEOP_20260402.csv,2026-01-21 09:24:29,0.0
GEOP_20260402.csv,2026-01-21 09:27:29,0.0
GEOP_20260402.csv,2026-01-21 09:30:29,0.0
GEOP_20260402.csv,2026-01-21 09:33:29,0.0
GEOP_20260402.csv,2026-01-21 09:36:29,0.0
GEOP_20260402.csv,2026-01-21 09:39:29,0.0
GEOP_20260402.csv,2026-01-21 09:42:29,0.0
GEOP_20260402.csv,2026-01-21 09:45:29,0.0
GEOP_20260402.csv,2026-01-21 09:48:29,0.0
GEOP_20260402.csv,2026-01-21 09:51:29,0.0
GEOP_20260402.csv,2026-01-21 09:54:29,0.0
GEOP_20260402.csv,2026-01-21 09:57:29,0.0
GEOP_20260402.csv,2026-01-21 10:00:29,0.0
GEOP_20260402.csv,2026-01-21 10:03:29,0.0
GEOP_20260402.csv,2026-01-21 10:06:29,0.0
GEOP_20260402.csv,2026-01-21 10:09:29,0.0
GEOP_20260402.csv,2026-01-21 10:12:29,0.0
GEOP_20260402.csv,2026-01-21 10:15:29,0.0
GEOP_20260402.csv,2026-01-21 10:18:29,0.0
GEOP_20260402.csv,2026-01-21 10:21:29,0.0
GEOP_20260402.csv,2026-01-21 10:24:29,0.0
GEOP_20260402.csv,2026-01-21 10:27:29,0.0
GEOP_20260402.csv,2026-01-21 10:30:29,0.0
GEOP_20260402.csv,2026-01-21 10:33:29,0.0
GEOP_20260402.csv,2026-01-21 10:36:29,0.0
GEOP_20260402.csv,2026-01-21 10:39:29,0.0
GEOP_20260402.csv,2026-01-21 10:42:29,0.0
GEOP_20260402.csv,2026-01-21 10:45:29,0.0
GEOP_20260402.csv,2026-01-21 10:48:29,0.0
GEOP_20260402.csv,2026-01-21 10:51:29,0.0
GEOP_20260402.csv,2026-01-21 10:54:29,0.0
GEOP_20260402.csv,2026-01-21 10:57:29,0.0
GEOP_20260402.csv,2026-01-21 11:00:29,0.0
GEOP_20260402.csv,2026-01-21 11:03:29,0.0
GEOP_20260402.csv,2026-01-21 11:06:29,0.0
GEOP_20260402.csv,2026-01-21 11:09:30,0.0
GEOP_20260402.csv,2026-01-21 11:12:29,0.0
GEOP_20260402.csv,2026-01-21 11:15:29,0.0
GEOP_20260402.csv,2026-01-21 11:18:29,0.0
GEOP_20260402.csv,2026-01-21 11:21:29,0.0
GEOP_20260402.csv,2026-01-21 11:24:29,0.0
GEOP_20260402.csv,2026-01-21 11:27:29,0.0
GEOP_20260402.csv,2026-01-21 11:30:29,0.0
GEOP_20260402.csv,2026-01-21 11:33:29,0.0
GEOP_20260402.csv,2026-01-21 11:36:29,0.0
GEOP_20260402.csv,2026-01-21 11:39:29,0.0
GEOP_20260402.csv,2026-01-21 11:42:29,0.0
GEOP_20260402.csv,2026-01-21 11:45:29,0.0
GEOP_20260402.csv,2026-01-21 11:48:29,0.0
GEOP_20260402.csv,2026-01-21 11:51:28,0.0
GEOP_20260402.csv,2026-01-21 11:54:29,0.0
GEOP_20260402.csv,2026-01-21 11:57:29,0.0
GEOP_20260402.csv,2026-01-21 12:00:28,0.0
GEOP_20260402.csv,2026-01-21 12:03:28,0.0
GEOP_20260402.csv,2026-01-21 12:06:28,0.0
GEOP_20260402.csv,2026-01-21 12:09:28,0.0
GEOP_20260402.csv,2026-01-21 12:12:28,0.0
GEOP_20260402.csv,2026-01-21 12:15:28,0.0
GEOP_20260402.csv,2026-01-21 12:18:28,0.0
GEOP_20260402.csv,2026-01-21 12:21:29,0.0
GEOP_20260402.csv,2026-01-21 12:24:28,0.0
GEOP_20260402.csv,2026-01-21 12:27:28,0.0
GEOP_20260402.csv,2026-01-21 12:30:28,0.0
GEOP_20260402.csv,2026-01-21 12:33:28,0.0
GEOP_20260402.csv,2026-01-21 12:36:28,0.0
GEOP_20260402.csv,2026-01-21 12:39:28,0.0
GEOP_20260402.csv,2026-01-21 12:42:28,0.0
GEOP_20260402.csv,2026-01-21 12:45:28,0.0
GEOP_20260402.csv,2026-01-21 12:48:29,0.0
GEOP_20260402.csv,2026-01-21 12:51:28,0.0
GEOP_20260402.csv,2026-01-21 12:54:28,0.0
GEOP_20260402.csv,2026-01-21 12:57:28,0.0
GEOP_20260402.csv,2026-01-21 13:00:28,0.0
GEOP_20260402.csv,2026-01-21 13:03:28,0.0
GEOP_20260402.csv,2026-01-21 13:06:28,0.0
GEOP_20260402.csv,2026-01-21 13:09:28,0.0
GEOP_20260402.csv,2026-01-21 13:12:28,0.0
GEOP_20260402.csv,2026-01-21 13:15:28,0.0
GEOP_20260402.csv,2026-01-21 13:18:28,0.0
GEOP_20260402.csv,2026-01-21 13:21:28,0.0
GEOP_20260402.csv,2026-01-21 13:24:28,0.0
GEOP_20260402.csv,2026-01-21 13:27:28,0.0
GEOP_20260402.csv,2026-01-21 13:30:28,0.0
GEOP_20260402.csv,2026-01-21 13:33:28,0.0
GEOP_20260402.csv,2026-01-21 13:36:28,0.0
GEOP_20260402.csv,2026-01-21 13:39:28,0.0
GEOP_20260402.csv,2026-01-21 13:42:28,0.0
GEOP_20260402.csv,2026-01-21 13:45:28,0.0
GEOP_20260402.csv,2026-01-21 13:48:28,0.0
GEOP_20260402.csv,2026-01-21 13:51:28,0.0
GEOP_20260402.csv,2026-01-21 13:54:28,0.0
GEOP_20260402.csv,2026-01-21 13:57:28,0.0
GEOP_20260402.csv,2026-01-21 14:00:28,0.0
GEOP_20260402.csv,2026-01-21 14:03:28,0.0
GEOP_20260402.csv,2026-01-21 14:06:28,0.0
GEOP_20260402.csv,2026-01-21 14:09:28,0.0
GEOP_20260402.csv,2026-01-21 14:12:28,0.0
GEOP_20260402.csv,2026-01-21 14:15:28,0.0
GEOP_20260402.csv,2026-01-21 14:18:28,0.0
GEOP_20260402.csv,2026-01-21 14:21:28,0.0
GEOP_20260402.csv,2026-01-21 14:24:28,0.0
GEOP_20260402.csv,2026-01-21 14:27:28,0.0
GEOP_20260402.csv,2026-01-21 14:30:28,0.0
GEOP_20260402.csv,2026-01-21 14:33:28,0.0
GEOP_20260402.csv,2026-01-21 14:36:28,0.0
GEOP_20260402.csv,2026-01-21 14:39:28,0.0
GEOP_20260402.csv,2026-01-21 14:42:28,0.0
GEOP_20260402.csv,2026-01-21 14:45:28,0.0
GEOP_20260402.csv,2026-01-21 14:48:28,0.0
GEOP_20260402.csv,2026-01-21 14:51:28,0.0
GEOP_20260402.csv,2026-01-21 14:54:28,0.0
GEOP_20260402.csv,2026-01-21 14:57:28,0.0
GEOP_20260402.csv,2026-01-21 15:00:28,0.0
GEOP_20260402.csv,2026-01-21 15:03:28,0.0
GEOP_20260402.csv,2026-01-21 15:06:28,0.0
GEOP_20260402.csv,2026-01-21 15:09:28,0.0
GEOP_20260402.csv,2026-01-21 15:12:28,0.0
GEOP_20260402.csv,2026-01-21 15:15:28,0.0
GEOP_20260402.csv,2026-01-21 15:18:28,0.0
GEOP_20260402.csv,2026-01-21 15:21:28,0.0
GEOP_20260402.csv,2026-01-21 15:24:28,0.0
GEOP_20260402.csv,2026-01-21 15:27:28,0.0
GEOP_20260402.csv,2026-01-21 15:30:28,0.0
GEOP_20260402.csv,2026-01-21 15:33:28,0.0
GEOP_20260402.csv,2026-01-21 15:36:28,0.0
GEOP_20260402.csv,2026-01-21 15:39:28,0.0
GEOP_20260402.csv,2026-01-21 15:42:28,0.0
GEOP_20260402.csv,2026-01-21 15:45:28,0.0
GEOP_20260402.csv,2026-01-21 15:48:28,0.0
GEOP_20260402.csv,2026-01-21 15:51:28,0.0
GEOP_20260402.csv,2026-01-21 15:54:28,0.0
GEOP_20260402.csv,2026-01-21 15:57:28,0.0
GEOP_20260402.csv,2026-01-21 16:00:28,0.0
GEOP_20260402.csv,2026-01-21 16:03:28,0.0
GEOP_20260402.csv,2026-01-21 16:06:28,0.0
GEOP_20260402.csv,2026-01-21 16:09:28,0.0
GEOP_20260402.csv,2026-01-21 16:12:28,0.0
GEOP_20260402.csv,2026-01-21 16:15:28,0.0
GEOP_20260402.csv,2026-01-21 16:18:28,0.0
GEOP_20260402.csv,2026-01-21 16:21:28,0.0
GEOP_20260402.csv,2026-01-21 16:24:28,0.0
GEOP_20260402.csv,2026-01-21 16:27:28,0.0
GEOP_20260402.csv,2026-01-21 16:30:28,0.0
GEOP_20260402.csv,2026-01-21 16:33:28,0.0
GEOP_20260402.csv,2026-01-21 16:36:28,0.0
GEOP_20260402.csv,2026-01-21 16:39:28,0.0
GEOP_20260402.csv,2026-01-21 16:42:28,0.0
GEOP_20260402.csv,2026-01-21 16:45:28,0.0
GEOP_20260402.csv,2026-01-21 16:48:28,0.0
GEOP_20260402.csv,2026-01-21 16:51:28,0.0
GEOP_20260402.csv,2026-01-21 16:54:28,0.0
GEOP_20260402.csv,2026-01-21 16:57:28,0.0
GEOP_20260402.csv,2026-01-21 17:00:28,0.0
GEOP_20260402.csv,2026-01-21 17:03:28,0.0
GEOP_20260402.csv,2026-01-21 17:06:28,0.0
GEOP_20260402.csv,2026-01-21 17:09:28,0.0
GEOP_20260402.csv,2026-01-21 17:12:28,0.0
GEOP_20260402.csv,2026-01-21 17:15:28,0.0
GEOP_20260402.csv,2026-01-21 17:18:28,0.0
GEOP_20260402.csv,2026-01-21 17:21:28,0.0
GEOP_20260402.csv,2026-01-21 17:27:28,0.0
GEOP_20260402.csv,2026-01-21 17:30:28,0.0
GEOP_20260402.csv,2026-01-21 17:33:28,0.0
GEOP_20260402.csv,2026-01-21 17:36:28,0.0
GEOP_20260402.csv,2026-01-21 17:39:28,0.0
GEOP_20260402.csv,2026-01-21 17:42:28,0.0
GEOP_20260402.csv,2026-01-21 17:45:28,0.0
GEOP_20260402.csv,2026-01-21 17:48:28,0.0
GEOP_20260402.csv,2026-01-21 17:51:28,0.0
GEOP_20260402.csv,2026-01-21 17:54:28,0.0
GEOP_20260402.csv,2026-01-21 17:57:28,0.0
GEOP_20260402.csv,2026-01-21 18:00:28,0.0
GEOP_20260402.csv,2026-01-21 18:03:28,0.0
GEOP_20260402.csv,2026-01-21 18:06:28,0.0
GEOP_20260402.csv,2026-01-21 18:09:28,0.0
GEOP_20260402.csv,2026-01-21 18:12:28,0.0
GEOP_20260402.csv,2026-01-21 18:15:28,0.0
GEOP_20260402.csv,2026-01-21 18:18:28,0.0
GEOP_20260402.csv,2026-01-21 18:21:28,0.0
GEOP_20260402.csv,2026-01-21 18:24:28,0.0
GEOP_20260402.csv,2026-01-21 18:27:28,0.0
GEOP_20260402.csv,2026-01-21 18:30:28,0.0
GEOP_20260402.csv,2026-01-21 18:33:28,0.0
GEOP_20260402.csv,2026-01-21 18:36:28,0.0
GEOP_20260402.csv,2026-01-21 18:39:28,0.0
GEOP_20260402.csv,2026-01-21 18:42:28,0.0
GEOP_20260402.csv,2026-01-21 18:45:28,0.0
GEOP_20260402.csv,2026-01-21 18:48:28,0.0
GEOP_20260402.csv,2026-01-21 18:51:28,0.0
GEOP_20260402.csv,2026-01-21 18:54:28,0.0
GEOP_20260402.csv,2026-01-21 18:57:28,0.0
GEOP_20260402.csv,2026-01-21 19:00:28,0.0
GEOP_20260402.csv,2026-01-21 19:03:28,0.0
GEOP_20260402.csv,2026-01-21 19:06:28,0.0
GEOP_20260402.csv,2026-01-21 19:09:28,0.0
GEOP_20260402.csv,2026-01-21 19:12:28,0.0
GEOP_20260402.csv,2026-01-21 19:15:28,0.0
GEOP_20260402.csv,2026-01-21 19:18:28,0.0
GEOP_20260402.csv,2026-01-21 19:21:28,0.0
GEOP_20260402.csv,2026-01-21 19:24:28,0.0
GEOP_20260402.csv,2026-01-21 19:27:28,0.0
GEOP_20260402.csv,2026-01-21 19:30:28,0.0
GEOP_20260402.csv,2026-01-21 19:33:28,0.0
GEOP_20260402.csv,2026-01-21 19:36:28,0.0
GEOP_20260402.csv,2026-01-21 19:39:28,0.0
GEOP_20260402.csv,2026-01-21 19:42:28,0.0
GEOP_20260402.csv,2026-01-21 19:45:28,0.0
GEOP_20260402.csv,2026-01-21 19:48:28,0.0
GEOP_20260402.csv,2026-01-21 19:51:28,0.0
GEOP_20260402.csv,2026-01-21 19:54:28,0.0
GEOP_20260402.csv,2026-01-21 19:57:28,0.0
GEOP_20260402.csv,2026-01-21 20:00:28,0.0
GEOP_20260402.csv,2026-01-21 20:03:28,0.0
GEOP_20260402.csv,2026-01-21 20:06:28,0.0
GEOP_20260402.csv,2026-01-21 20:09:28,0.0
GEOP_20260402.csv,2026-01-21 20:12:28,0.0
GEOP_20260402.csv,2026-01-21 20:15:28,0.0
GEOP_20260402.csv,2026-01-21 20:18:28,0.0
GEOP_20260402.csv,2026-01-21 20:21:28,0.0
GEOP_20260402.csv,2026-01-21 20:24:28,0.0
GEOP_20260402.csv,2026-01-21 20:27:28,0.0
GEOP_20260402.csv,2026-01-21 20:30:28,0.0
GEOP_20260402.csv,2026-01-21 20:33:28,0.0
GEOP_20260402.csv,2026-01-21 20:36:28,0.0
GEOP_20260402.csv,2026-01-21 20:39:28,0.0
GEOP_20260402.csv,2026-01-21 20:42:28,0.0
GEOP_20260402.csv,2026-01-21 20:45:28,0.0
GEOP_20260402.csv,2026-01-21 20:48:28,0.0
GEOP_20260402.csv,2026-01-21 20:51:28,0.0
GEOP_20260402.csv,2026-01-21 20:54:28,0.0
GEOP_20260402.csv,2026-01-21 20:57:28,0.0
GEOP_20260402.csv,2026-01-21 21:00:28,0.0
GEOP_20260402.csv,2026-01-21 21:03:28,0.0
GEOP_20260402.csv,2026-01-21 21:06:28,0.0
GEOP_20260402.csv,2026-01-21 21:09:28,0.0
GEOP_20260402.csv,2026-01-21 21:12:28,0.0
GEOP_20260402.csv,2026-01-21 21:15:28,0.0
GEOP_20260402.csv,2026-01-21 21:18:28,0.0
GEOP_20260402.csv,2026-01-21 21:21:28,0.0
GEOP_20260402.csv,2026-01-21 21:24:28,0.0
GEOP_20260402.csv,2026-01-21 21:27:28,0.0
GEOP_20260402.csv,2026-01-21 21:30:28,0.0
GEOP_20260402.csv,2026-01-21 21:33:28,0.0
GEOP_20260402.csv,2026-01-21 21:36:28,0.0
GEOP_20260402.csv,2026-01-21 21:39:28,0.0
GEOP_20260402.csv,2026-01-21 21:42:28,0.0
GEOP_20260402.csv,2026-01-21 21:45:28,0.0
GEOP_20260402.csv,2026-01-21 21:48:28,0.0
GEOP_20260402.csv,2026-01-21 21:51:28,0.0
GEOP_20260402.csv,2026-01-21 21:54:28,0.0
GEOP_20260402.csv,2026-01-21 21:57:28,0.0
GEOP_20260402.csv,2026-01-21 22:00:28,0.0
GEOP_20260402.csv,2026-01-21 22:03:28,0.0
GEOP_20260402.csv,2026-01-21 22:06:28,0.0
GEOP_20260402.csv,2026-01-21 22:09:28,0.0
GEOP_20260402.csv,2026-01-21 22:12:28,0.0
GEOP_20260402.csv,2026-01-21 22:15:28,0.0
GEOP_20260402.csv,2026-01-21 22:18:28,0.0
GEOP_20260402.csv,2026-01-21 22:21:28,0.0
GEOP_20260402.csv,2026-01-21 22:24:28,0.0
GEOP_20260402.csv,2026-01-21 22:27:28,0.0
GEOP_20260402.csv,2026-01-21 22:30:28,0.0
GEOP_20260402.csv,2026-01-21 22:33:28,0.0
GEOP_20260402.csv,2026-01-21 22:36:28,0.0
GEOP_20260402.csv,2026-01-21 22:39:28,0.0
GEOP_20260402.csv,2026-01-21 22:42:28,0.0
GEOP_20260402.csv,2026-01-21 22:45:28,0.0
GEOP_20260402.csv,2026-01-21 22:48:28,0.0
GEOP_20260402.csv,2026-01-21 22:51:28,0.0
GEOP_20260402.csv,2026-01-21 22:54:28,0.0
GEOP_20260402.csv,2026-01-21 22:57:28,0.0
GEOP_20260402.csv,2026-01-21 23:00:28,0.0
GEOP_20260402.csv,2026-01-21 23:03:28,0.0
GEOP_20260402.csv,2026-01-21 23:06:28,0.0
GEOP_20260402.csv,2026-01-21 23:09:28,0.0
GEOP_20260402.csv,2026-01-21 23:12:28,0.0
GEOP_20260402.csv,2026-01-21 23:15:28,0.0
GEOP_20260402.csv,2026-01-21 23:18:28,0.0
GEOP_20260402.csv,2026-01-21 23:21:28,0.0
GEOP_20260402.csv,2026-01-21 23:24:28,0.0
GEOP_20260402.csv,2026-01-21 23:27:28,0.0
GEOP_20260402.csv,2026-01-21 23:30:28,0.0
GEOP_20260402.csv,2026-01-21 23:33:28,0.0
GEOP_20260402.csv,2026-01-21 23:36:28,0.0
GEOP_20260402.csv,2026-01-21 23:39:28,0.0
GEOP_20260402.csv,2026-01-21 23:42:28,0.0
GEOP_20260402.csv,2026-01-21 23:45:28,0.0
GEOP_20260402.csv,2026-01-21 23:48:28,0.0
GEOP_20260402.csv,2026-01-21 23:51:28,0.0
GEOP_20260402.csv,2026-01-21 23:54:28,0.0
GEOP_20260402.csv,2026-01-21 23:57:28,0.0
GEOP_20260402.csv,2026-01-22 00:00:28,0.0
GEOP_20260402.csv,2026-01-22 00:03:28,0.0
GEOP_20260402.csv,2026-01-22 00:06:28,0.0
GEOP_20260402.csv,2026-01-22 00:09:28,0.0
GEOP_20260402.csv,2026-01-22 00:12:28,0.0
GEOP_20260402.csv,2026-01-22 00:15:28,0.0
GEOP_20260402.csv,2026-01-22 00:18:28,0.0
GEOP_20260402.csv,2026-01-22 00:21:28,0.0
GEOP_20260402.csv,2026-01-22 00:24:28,0.0
GEOP_20260402.csv,2026-01-22 00:27:28,0.0
GEOP_20260402.csv,2026-01-22 00:30:28,0.0
GEOP_20260402.csv,2026-01-22 00:33:28,0.0
GEOP_20260402.csv,2026-01-22 00:36:28,0.0
GEOP_20260402.csv,2026-01-22 00:39:28,0.0
GEOP_20260402.csv,2026-01-22 00:42:28,0.0
GEOP_20260402.csv,2026-01-22 00:45:28,0.0
GEOP_20260402.csv,2026-01-22 00:48:28,0.0
GEOP_20260402.csv,2026-01-22 00:51:28,0.0
GEOP_20260402.csv,2026-01-22 00:54:28,0.0
GEOP_20260402.csv,2026-01-22 00:57:28,0.0
GEOP_20260402.csv,2026-01-22 01:00:28,0.0
GEOP_20260402.csv,2026-01-22 01:03:28,0.0
GEOP_20260402.csv,2026-01-22 01:06:28,0.0
GEOP_20260402.csv,2026-01-22 01:09:28,0.0
GEOP_20260402.csv,2026-01-22 01:12:28,0.0
GEOP_20260402.csv,2026-01-22 01:15:28,0.0
GEOP_20260402.csv,2026-01-22 01:18:28,0.0
GEOP_20260402.csv,2026-01-22 01:21:28,0.0
GEOP_20260402.csv,2026-01-22 01:24:28,0.0
GEOP_20260402.csv,2026-01-22 01:27:28,0.0
GEOP_20260402.csv,2026-01-22 01:30:28,0.0
GEOP_20260402.csv,2026-01-22 01:33:28,0.0
GEOP_20260402.csv,2026-01-22 01:36:28,0.0
GEOP_20260402.csv,2026-01-22 01:39:28,0.0
GEOP_20260402.csv,2026-01-22 01:42:28,0.0
GEOP_20260402.csv,2026-01-22 01:45:28,0.0
GEOP_20260402.csv,2026-01-22 01:48:28,0.0
GEOP_20260402.csv,2026-01-22 01:51:28,0.0
GEOP_20260402.csv,2026-01-22 01:54:28,0.0
GEOP_20260402.csv,2026-01-22 01:57:28,0.0
GEOP_20260402.csv,2026-01-22 02:00:28,0.0
GEOP_20260402.csv,2026-01-22 02:03:28,0.0
GEOP_20260402.csv,2026-01-22 02:06:28,0.0
GEOP_20260402.csv,2026-01-22 02:09:28,0.0
GEOP_20260402.csv,2026-01-22 02:12:28,0.0
GEOP_20260402.csv,2026-01-22 02:15:28,0.0
GEOP_20260402.csv,2026-01-22 02:18:28,0.0
GEOP_20260402.csv,2026-01-22 02:21:28,0.0
GEOP_20260402.csv,2026-01-22 02:24:28,0.0
GEOP_20260402.csv,2026-01-22 02:27:28,0.0
GEOP_20260402.csv,2026-01-22 02:30:28,0.0
GEOP_20260402.csv,2026-01-22 02:33:28,0.0
GEOP_20260402.csv,2026-01-22 02:36:28,0.0
GEOP_20260402.csv,2026-01-22 02:39:28,0.0
GEOP_20260402.csv,2026-01-22 02:42:28,0.0
GEOP_20260402.csv,2026-01-22 02:45:28,0.0
GEOP_20260402.csv,2026-01-22 02:48:28,0.0
GEOP_20260402.csv,2026-01-22 02:51:28,0.0
GEOP_20260402.csv,2026-01-22 02:54:28,0.0
GEOP_20260402.csv,2026-01-22 02:57:28,0.0
GEOP_20260402.csv,2026-01-22 03:00:28,0.0
GEOP_20260402.csv,2026-01-22 03:03:28,0.0
GEOP_20260402.csv,2026-01-22 03:06:28,0.0
GEOP_20260402.csv,2026-01-22 03:09:28,0.0
GEOP_20260402.csv,2026-01-22 03:12:28,0.0
GEOP_20260402.csv,2026-01-22 03:15:28,0.0
GEOP_20260402.csv,2026-01-22 03:18:28,0.0
GEOP_20260402.csv,2026-01-22 03:21:28,0.0
GEOP_20260402.csv,2026-01-22 03:24:28,0.0
GEOP_20260402.csv,2026-01-22 03:27:28,0.0
GEOP_20260402.csv,2026-01-22 03:30:28,0.0
GEOP_20260402.csv,2026-01-22 03:33:28,0.0
GEOP_20260402.csv,2026-01-22 03:36:28,0.0
GEOP_20260402.csv,2026-01-22 03:39:28,0.0
GEOP_20260402.csv,2026-01-22 03:42:28,0.0
GEOP_20260402.csv,2026-01-22 03:45:28,0.0
GEOP_20260402.csv,2026-01-22 03:48:28,0.0
GEOP_20260402.csv,2026-01-22 03:51:28,0.0
GEOP_20260402.csv,2026-01-22 03:54:28,0.0
GEOP_20260402.csv,2026-01-22 03:57:28,0.0
GEOP_20260402.csv,2026-01-22 04:00:28,0.0
GEOP_20260402.csv,2026-01-22 04:03:28,0.0
GEOP_20260402.csv,2026-01-22 04:06:28,0.0
GEOP_20260402.csv,2026-01-22 04:09:32,0.0
GEOP_20260402.csv,2026-01-22 04:12:28,0.0
GEOP_20260402.csv,2026-01-22 04:15:28,0.0
GEOP_20260402.csv,2026-01-22 04:18:28,0.0
GEOP_20260402.csv,2026-01-22 04:21:28,0.0
GEOP_20260402.csv,2026-01-22 04:24:28,0.0
GEOP_20260402.csv,2026-01-22 04:27:28,0.0
GEOP_20260402.csv,2026-01-22 04:30:28,0.0
GEOP_20260402.csv,2026-01-22 04:33:28,0.0
GEOP_20260402.csv,2026-01-22 04:36:28,0.0
GEOP_20260402.csv,2026-01-22 04:39:28,0.0
GEOP_20260402.csv,2026-01-22 04:42:28,0.0
GEOP_20260402.csv,2026-01-22 04:45:28,0.0
GEOP_20260402.csv,2026-01-22 04:48:28,0.0
GEOP_20260402.csv,2026-01-22 04:51:28,0.0
GEOP_20260402.csv,2026-01-22 04:54:28,0.0
GEOP_20260402.csv,2026-01-22 04:57:28,0.0
GEOP_20260402.csv,2026-01-22 05:00:28,0.0
GEOP_20260402.csv,2026-01-22 05:03:28,0.0
GEOP_20260402.csv,2026-01-22 05:06:28,0.0
GEOP_20260402.csv,2026-01-22 05:09:28,0.0
GEOP_20260402.csv,2026-01-22 05:12:28,0.0
GEOP_20260402.csv,2026-01-22 05:15:28,0.0
GEOP_20260402.csv,2026-01-22 05:18:28,0.0
GEOP_20260402.csv,2026-01-22 05:21:28,0.0
GEOP_20260402.csv,2026-01-22 05:24:28,0.0
GEOP_20260402.csv,2026-01-22 05:27:28,0.0
GEOP_20260402.csv,2026-01-22 05:30:28,0.0
GEOP_20260402.csv,2026-01-22 05:33:28,0.0
GEOP_20260402.csv,2026-01-22 05:36:28,0.0
GEOP_20260402.csv,2026-01-22 05:39:28,0.0
GEOP_20260402.csv,2026-01-22 05:42:27,0.0
GEOP_20260402.csv,2026-01-22 05:45:27,0.0
GEOP_20260402.csv,2026-01-22 05:48:28,0.0
GEOP_20260402.csv,2026-01-22 05:51:27,0.0
GEOP_20260402.csv,2026-01-22 05:54:27,0.0
GEOP_20260402.csv,2026-01-22 05:57:27,0.0
GEOP_20260402.csv,2026-01-22 06:00:27,0.0
GEOP_20260402.csv,2026-01-22 06:03:27,0.0
GEOP_20260402.csv,2026-01-22 06:06:28,0.0
GEOP_20260402.csv,2026-01-22 06:09:27,0.0
GEOP_20260402.csv,2026-01-22 06:12:27,0.0
GEOP_20260402.csv,2026-01-22 06:15:27,0.0
GEOP_20260402.csv,2026-01-22 06:18:27,0.0
GEOP_20260402.csv,2026-01-22 06:21:27,0.0
GEOP_20260402.csv,2026-01-22 06:24:27,0.0
GEOP_20260402.csv,2026-01-22 06:27:27,0.0
GEOP_20260402.csv,2026-01-22 06:30:27,0.0
GEOP_20260402.csv,2026-01-22 06:33:27,0.0
GEOP_20260402.csv,2026-01-22 06:36:27,0.0
GEOP_20260402.csv,2026-01-22 06:39:27,0.0
GEOP_20260402.csv,2026-01-22 06:42:27,0.0
GEOP_20260402.csv,2026-01-22 06:45:27,0.0
GEOP_20260402.csv,2026-01-22 06:48:27,0.0
GEOP_20260402.csv,2026-01-22 06:51:27,0.0
GEOP_20260402.csv,2026-01-22 06:54:27,0.0
GEOP_20260402.csv,2026-01-22 06:57:27,0.0
GEOP_20260402.csv,2026-01-22 07:00:27,0.0
GEOP_20260402.csv,2026-01-22 07:03:27,0.0
GEOP_20260402.csv,2026-01-22 07:06:27,0.0
GEOP_20260402.csv,2026-01-22 07:09:27,0.0
GEOP_20260402.csv,2026-01-22 07:12:27,0.0
GEOP_20260402.csv,2026-01-22 07:15:27,0.0
GEOP_20260402.csv,2026-01-22 07:18:27,0.0
GEOP_20260402.csv,2026-01-22 07:21:27,0.0
GEOP_20260402.csv,2026-01-22 07:24:27,0.0
GEOP_20260402.csv,2026-01-22 07:27:27,0.0
GEOP_20260402.csv,2026-01-22 07:30:27,0.0
GEOP_20260402.csv,2026-01-22 07:33:27,0.0
GEOP_20260402.csv,2026-01-22 07:36:27,0.0
GEOP_20260402.csv,2026-01-22 07:39:27,0.0
GEOP_20260402.csv,2026-01-22 07:42:27,0.0
GEOP_20260402.csv,2026-01-22 07:45:27,0.0
GEOP_20260402.csv,2026-01-22 07:48:27,0.0
GEOP_20260402.csv,2026-01-22 07:51:27,0.0
GEOP_20260402.csv,2026-01-22 07:54:27,0.0
GEOP_20260402.csv,2026-01-22 07:57:27,0.0
GEOP_20260402.csv,2026-01-22 08:00:27,0.0
GEOP_20260402.csv,2026-01-22 08:03:27,0.0
GEOP_20260402.csv,2026-01-22 08:06:27,0.0
GEOP_20260402.csv,2026-01-22 08:09:27,0.0
GEOP_20260402.csv,2026-01-22 08:12:27,0.0
GEOP_20260402.csv,2026-01-22 08:15:27,0.0
GEOP_20260402.csv,2026-01-22 08:18:27,0.0
GEOP_20260402.csv,2026-01-22 08:21:28,0.0
GEOP_20260402.csv,2026-01-22 08:24:27,0.0
GEOP_20260402.csv,2026-01-22 08:27:27,0.0
GEOP_20260402.csv,2026-01-22 08:30:27,0.0
GEOP_20260402.csv,2026-01-22 08:33:27,0.0
GEOP_20260402.csv,2026-01-22 08:36:27,0.0
GEOP_20260402.csv,2026-01-22 08:39:27,0.0
GEOP_20260402.csv,2026-01-22 08:42:27,0.0
GEOP_20260402.csv,2026-01-22 08:45:27,0.0
GEOP_20260402.csv,2026-01-22 08:48:27,0.0
GEOP_20260402.csv,2026-01-22 08:51:27,0.0
GEOP_20260402.csv,2026-01-22 08:54:27,0.0
GEOP_20260402.csv,2026-01-22 08:57:27,0.0
GEOP_20260402.csv,2026-01-22 09:00:27,0.0
GEOP_20260402.csv,2026-01-22 09:03:27,0.0
GEOP_20260402.csv,2026-01-22 09:06:27,0.0
GEOP_20260402.csv,2026-01-22 09:09:27,0.0
GEOP_20260402.csv,2026-01-22 09:12:27,0.0
GEOP_20260402.csv,2026-01-22 09:15:27,0.0
GEOP_20260402.csv,2026-01-22 09:18:27,0.0
GEOP_20260402.csv,2026-01-22 09:21:27,0.0
GEOP_20260402.csv,2026-01-22 09:24:27,0.0
GEOP_20260402.csv,2026-01-22 09:27:27,0.0
GEOP_20260402.csv,2026-01-22 09:30:27,0.0
GEOP_20260402.csv,2026-01-22 09:33:27,0.0
GEOP_20260402.csv,2026-01-22 09:36:27,0.0
GEOP_20260402.csv,2026-01-22 09:39:27,0.0
GEOP_20260402.csv,2026-01-22 09:42:27,0.0
GEOP_20260402.csv,2026-01-22 09:45:27,0.0
GEOP_20260402.csv,2026-01-22 09:48:27,0.0
GEOP_20260402.csv,2026-01-22 09:51:27,0.0
GEOP_20260402.csv,2026-01-22 09:54:27,0.0
GEOP_20260402.csv,2026-01-22 09:57:27,0.0
GEOP_20260402.csv,2026-01-22 10:00:27,0.0
GEOP_20260402.csv,2026-01-22 10:03:27,0.0
GEOP_20260402.csv,2026-01-22 10:06:27,0.0
GEOP_20260402.csv,2026-01-22 10:09:27,0.0
GEOP_20260402.csv,2026-01-22 10:12:27,0.0
GEOP_20260402.csv,2026-01-22 10:15:27,0.0
GEOP_20260402.csv,2026-01-22 10:18:27,0.0
GEOP_20260402.csv,2026-01-22 10:21:27,0.0
GEOP_20260402.csv,2026-01-22 10:24:27,0.0
GEOP_20260402.csv,2026-01-22 10:27:27,0.0
GEOP_20260402.csv,2026-01-22 10:30:27,0.0
GEOP_20260402.csv,2026-01-22 10:33:27,0.0
GEOP_20260402.csv,2026-01-22 10:36:27,0.0
GEOP_20260402.csv,2026-01-22 10:39:27,0.01
GEOP_20260402.csv,2026-01-22 10:42:27,0.01
GEOP_20260402.csv,2026-01-22 10:45:27,0.0
GEOP_20260402.csv,2026-01-22 10:48:27,0.0
GEOP_20260402.csv,2026-01-22 10:51:27,0.01
GEOP_20260402.csv,2026-01-22 10:54:27,0.0
GEOP_20260402.csv,2026-01-22 10:57:27,0.0
GEOP_20260402.csv,2026-01-22 11:00:27,0.0
GEOP_20260402.csv,2026-01-22 11:03:27,0.0
GEOP_20260402.csv,2026-01-22 11:06:27,0.0
GEOP_20260402.csv,2026-01-22 11:09:27,0.0
GEOP_20260402.csv,2026-01-22 11:12:27,0.0
GEOP_20260402.csv,2026-01-22 11:15:27,0.0
GEOP_20260402.csv,2026-01-22 11:18:27,0.0
GEOP_20260402.csv,2026-01-22 11:21:27,0.0
GEOP_20260402.csv,2026-01-22 11:24:27,0.0
GEOP_20260402.csv,2026-01-22 11:27:27,0.0
GEOP_20260402.csv,2026-01-22 11:30:27,0.0
GEOP_20260402.csv,2026-01-22 11:33:27,0.0
GEOP_20260402.csv,2026-01-22 11:36:27,0.0
GEOP_20260402.csv,2026-01-22 11:39:27,0.0
GEOP_20260402.csv,2026-01-22 11:42:27,0.0
GEOP_20260402.csv,2026-01-22 11:45:27,0.0
GEOP_20260402.csv,2026-01-22 11:48:27,0.0
GEOP_20260402.csv,2026-01-22 11:51:27,0.0
GEOP_20260402.csv,2026-01-22 11:54:27,0.0
GEOP_20260402.csv,2026-01-22 11:57:27,0.0
GEOP_20260402.csv,2026-01-22 12:00:27,0.0
GEOP_20260402.csv,2026-01-22 12:03:27,0.0
GEOP_20260402.csv,2026-01-22 12:06:27,0.0
GEOP_20260402.csv,2026-01-22 12:09:27,0.0
GEOP_20260402.csv,2026-01-22 12:12:27,0.0
GEOP_20260402.csv,2026-01-22 12:15:27,0.0
GEOP_20260402.csv,2026-01-22 12:18:27,0.0
GEOP_20260402.csv,2026-01-22 12:21:27,0.0
GEOP_20260402.csv,2026-01-22 12:24:27,0.0
GEOP_20260402.csv,2026-01-22 12:27:27,0.0
GEOP_20260402.csv,2026-01-22 12:30:27,0.0
GEOP_20260402.csv,2026-01-22 12:33:27,0.0
GEOP_20260402.csv,2026-01-22 12:36:27,0.0
GEOP_20260402.csv,2026-01-22 12:39:27,0.0
GEOP_20260402.csv,2026-01-22 12:42:27,0.0
GEOP_20260402.csv,2026-01-22 12:45:27,0.0
GEOP_20260402.csv,2026-01-22 12:48:27,0.0
GEOP_20260402.csv,2026-01-22 12:51:27,0.0
GEOP_20260402.csv,2026-01-22 12:54:27,0.0
GEOP_20260402.csv,2026-01-22 12:57:27,0.0
GEOP_20260402.csv,2026-01-22 13:00:27,0.0
GEOP_20260402.csv,2026-01-22 13:03:27,0.0
GEOP_20260402.csv,2026-01-22 13:06:27,0.0
GEOP_20260402.csv,2026-01-22 13:09:27,0.0
GEOP_20260402.csv,2026-01-22 13:12:27,0.0
GEOP_20260402.csv,2026-01-22 13:15:27,0.0
GEOP_20260402.csv,2026-01-22 13:18:27,0.0
GEOP_20260402.csv,2026-01-22 13:21:27,0.0
GEOP_20260402.csv,2026-01-22 13:24:27,0.0
GEOP_20260402.csv,2026-01-22 13:27:27,0.0
GEOP_20260402.csv,2026-01-22 13:30:27,0.0
GEOP_20260402.csv,2026-01-22 13:33:27,0.0
GEOP_20260402.csv,2026-01-22 13:36:27,0.0
GEOP_20260402.csv,2026-01-22 13:39:27,0.0
GEOP_20260402.csv,2026-01-22 13:42:27,0.0
GEOP_20260402.csv,2026-01-22 13:45:27,0.0
GEOP_20260402.csv,2026-01-22 13:48:27,0.0
GEOP_20260402.csv,2026-01-22 13:51:27,0.0
GEOP_20260402.csv,2026-01-22 13:54:27,0.0
GEOP_20260402.csv,2026-01-22 13:57:27,0.0
GEOP_20260402.csv,2026-01-22 14:00:27,0.0
GEOP_20260402.csv,2026-01-22 14:03:27,0.0
GEOP_20260402.csv,2026-01-22 14:06:27,0.0
GEOP_20260402.csv,2026-01-22 14:09:27,0.0
GEOP_20260402.csv,2026-01-22 14:12:27,0.0
GEOP_20260402.csv,2026-01-22 14:15:27,0.0
GEOP_20260402.csv,2026-01-22 14:18:27,0.0
GEOP_20260402.csv,2026-01-22 14:21:27,0.0
GEOP_20260402.csv,2026-01-22 14:24:27,0.0
GEOP_20260402.csv,2026-01-22 14:27:27,0.0
GEOP_20260402.csv,2026-01-22 14:30:27,0.0
GEOP_20260402.csv,2026-01-22 14:33:27,0.0
GEOP_20260402.csv,2026-01-22 14:36:27,0.0
GEOP_20260402.csv,2026-01-22 14:39:27,0.0
GEOP_20260402.csv,2026-01-22 14:42:27,0.0
GEOP_20260402.csv,2026-01-22 14:45:27,0.0
GEOP_20260402.csv,2026-01-22 14:48:27,0.0
GEOP_20260402.csv,2026-01-22 14:51:27,0.0
GEOP_20260402.csv,2026-01-22 14:54:27,0.0
GEOP_20260402.csv,2026-01-22 14:57:27,0.0
GEOP_20260402.csv,2026-01-22 15:00:27,0.0
GEOP_20260402.csv,2026-01-22 15:03:27,0.0
GEOP_20260402.csv,2026-01-22 15:06:27,0.0
GEOP_20260402.csv,2026-01-22 15:09:27,0.0
GEOP_20260402.csv,2026-01-22 15:12:27,0.0
GEOP_20260402.csv,2026-01-22 15:15:27,0.0
GEOP_20260402.csv,2026-01-22 15:18:27,0.0
GEOP_20260402.csv,2026-01-22 15:21:27,0.0
GEOP_20260402.csv,2026-01-22 15:24:27,0.0
GEOP_20260402.csv,2026-01-22 15:27:27,0.0
GEOP_20260402.csv,2026-01-22 15:30:27,0.0
GEOP_20260402.csv,2026-01-22 15:33:27,0.0
GEOP_20260402.csv,2026-01-22 15:36:27,0.0
GEOP_20260402.csv,2026-01-22 15:39:27,0.0
GEOP_20260402.csv,2026-01-22 15:42:27,0.0
GEOP_20260402.csv,2026-01-22 15:45:27,0.0
GEOP_20260402.csv,2026-01-22 15:48:27,0.0
GEOP_20260402.csv,2026-01-22 15:51:27,0.0
GEOP_20260402.csv,2026-01-22 15:54:27,0.0
GEOP_20260402.csv,2026-01-22 15:57:27,0.0
GEOP_20260402.csv,2026-01-22 16:00:27,0.0
GEOP_20260402.csv,2026-01-22 16:03:27,0.0
GEOP_20260402.csv,2026-01-22 16:06:27,0.0
GEOP_20260402.csv,2026-01-22 16:09:27,0.0
GEOP_20260402.csv,2026-01-22 16:12:27,0.0
GEOP_20260402.csv,2026-01-22 16:15:27,0.0
GEOP_20260402.csv,2026-01-22 16:18:27,0.0
GEOP_20260402.csv,2026-01-22 16:21:27,0.0
GEOP_20260402.csv,2026-01-22 16:24:27,0.0
GEOP_20260402.csv,2026-01-22 16:27:27,0.0
GEOP_20260402.csv,2026-01-22 16:30:27,0.0
GEOP_20260402.csv,2026-01-22 16:33:27,0.0
GEOP_20260402.csv,2026-01-22 16:36:27,0.0
GEOP_20260402.csv,2026-01-22 16:39:27,0.0
GEOP_20260402.csv,2026-01-22 16:42:27,0.0
GEOP_20260402.csv,2026-01-22 16:45:27,0.0
GEOP_20260402.csv,2026-01-22 16:48:27,0.0
GEOP_20260402.csv,2026-01-22 16:51:27,0.0
GEOP_20260402.csv,2026-01-22 16:54:27,0.0
GEOP_20260402.csv,2026-01-22 16:57:27,0.0
GEOP_20260402.csv,2026-01-22 17:00:27,0.0
GEOP_20260402.csv,2026-01-22 17:03:27,0.0
GEOP_20260402.csv,2026-01-22 17:06:27,0.0
GEOP_20260402.csv,2026-01-22 17:09:27,0.0
GEOP_20260402.csv,2026-01-22 17:12:27,0.0
GEOP_20260402.csv,2026-01-22 17:15:27,0.0
GEOP_20260402.csv,2026-01-22 17:18:27,0.0
GEOP_20260402.csv,2026-01-22 17:21:27,0.0
GEOP_20260402.csv,2026-01-22 17:24:27,0.0
GEOP_20260402.csv,2026-01-22 17:27:27,0.0
GEOP_20260402.csv,2026-01-22 17:30:27,0.0
GEOP_20260402.csv,2026-01-22 17:33:27,0.0
GEOP_20260402.csv,2026-01-22 17:36:27,0.0
GEOP_20260402.csv,2026-01-22 17:39:27,0.0
GEOP_20260402.csv,2026-01-22 17:42:27,0.0
GEOP_20260402.csv,2026-01-22 17:45:27,0.0
GEOP_20260402.csv,2026-01-22 17:48:27,0.0
GEOP_20260402.csv,2026-01-22 17:51:27,0.0
GEOP_20260402.csv,2026-01-22 17:54:27,0.0
GEOP_20260402.csv,2026-01-22 17:57:27,0.0
GEOP_20260402.csv,2026-01-22 18:00:27,0.0
GEOP_20260402.csv,2026-01-22 18:03:27,0.0
GEOP_20260402.csv,2026-01-22 18:06:27,0.0
GEOP_20260402.csv,2026-01-22 18:09:27,0.0
GEOP_20260402.csv,2026-01-22 18:12:27,0.0
GEOP_20260402.csv,2026-01-22 18:15:27,0.0
GEOP_20260402.csv,2026-01-22 18:18:27,0.0
GEOP_20260402.csv,2026-01-22 18:21:27,0.0
GEOP_20260402.csv,2026-01-22 18:24:27,0.0
GEOP_20260402.csv,2026-01-22 18:27:27,0.0
GEOP_20260402.csv,2026-01-22 18:30:27,0.0
GEOP_20260402.csv,2026-01-22 18:33:27,0.0
GEOP_20260402.csv,2026-01-22 18:36:27,0.0
GEOP_20260402.csv,2026-01-22 18:39:27,0.0
GEOP_20260402.csv,2026-01-22 18:42:27,0.0
GEOP_20260402.csv,2026-01-22 18:45:27,0.0
GEOP_20260402.csv,2026-01-22 18:48:27,0.0
GEOP_20260402.csv,2026-01-22 18:51:27,0.0
GEOP_20260402.csv,2026-01-22 18:54:27,0.0
GEOP_20260402.csv,2026-01-22 18:57:27,0.0
GEOP_20260402.csv,2026-01-22 19:00:27,0.0
GEOP_20260402.csv,2026-01-22 19:03:27,0.0
GEOP_20260402.csv,2026-01-22 19:06:27,0.0
GEOP_20260402.csv,2026-01-22 19:09:27,0.0
GEOP_20260402.csv,2026-01-22 19:12:27,0.0
GEOP_20260402.csv,2026-01-22 19:15:27,0.0
GEOP_20260402.csv,2026-01-22 19:18:27,0.0
GEOP_20260402.csv,2026-01-22 19:21:27,0.0
GEOP_20260402.csv,2026-01-22 19:24:27,0.0
GEOP_20260402.csv,2026-01-22 19:27:27,0.0
GEOP_20260402.csv,2026-01-22 19:30:27,0.0
GEOP_20260402.csv,2026-01-22 19:33:27,0.0
GEOP_20260402.csv,2026-01-22 19:36:27,0.0
GEOP_20260402.csv,2026-01-22 19:39:27,0.0
GEOP_20260402.csv,2026-01-22 19:42:27,0.0
GEOP_20260402.csv,2026-01-22 19:45:27,0.0
GEOP_20260402.csv,2026-01-22 19:48:27,0.0
GEOP_20260402.csv,2026-01-22 19:51:27,0.0
GEOP_20260402.csv,2026-01-22 19:54:27,0.0
GEOP_20260402.csv,2026-01-22 19:57:27,0.0
GEOP_20260402.csv,2026-01-22 20:00:27,0.0
GEOP_20260402.csv,2026-01-22 20:03:27,0.0
GEOP_20260402.csv,2026-01-22 20:06:27,0.0
GEOP_20260402.csv,2026-01-22 20:09:27,0.0
GEOP_20260402.csv,2026-01-22 20:12:27,0.0
GEOP_20260402.csv,2026-01-22 20:15:27,0.0
GEOP_20260402.csv,2026-01-22 20:18:27,0.0
GEOP_20260402.csv,2026-01-22 20:21:27,0.0
GEOP_20260402.csv,2026-01-22 20:24:27,0.0
GEOP_20260402.csv,2026-01-22 20:27:27,0.0
GEOP_20260402.csv,2026-01-22 20:30:27,0.0
GEOP_20260402.csv,2026-01-22 20:33:27,0.0
GEOP_20260402.csv,2026-01-22 20:36:27,0.0
GEOP_20260402.csv,2026-01-22 20:39:27,0.0
GEOP_20260402.csv,2026-01-22 20:42:27,0.0
GEOP_20260402.csv,2026-01-22 20:45:27,0.0
GEOP_20260402.csv,2026-01-22 20:48:27,0.0
GEOP_20260402.csv,2026-01-22 20:51:27,0.0
GEOP_20260402.csv,2026-01-22 20:54:27,0.0
GEOP_20260402.csv,2026-01-22 20:57:27,0.0
GEOP_20260402.csv,2026-01-22 21:00:27,0.0
GEOP_20260402.csv,2026-01-22 21:03:27,0.0
GEOP_20260402.csv,2026-01-22 21:06:27,0.0
GEOP_20260402.csv,2026-01-22 21:09:27,0.0
GEOP_20260402.csv,2026-01-22 21:12:27,0.0
GEOP_20260402.csv,2026-01-22 21:15:27,0.0
GEOP_20260402.csv,2026-01-22 21:18:26,0.0
GEOP_20260402.csv,2026-01-22 21:21:26,0.0
GEOP_20260402.csv,2026-01-22 21:24:26,0.0
GEOP_20260402.csv,2026-01-22 21:27:26,0.0
GEOP_20260402.csv,2026-01-22 21:30:27,0.0
GEOP_20260402.csv,2026-01-22 21:33:26,0.0
GEOP_20260402.csv,2026-01-22 21:36:26,0.0
GEOP_20260402.csv,2026-01-22 21:39:26,0.0
GEOP_20260402.csv,2026-01-22 21:42:26,0.0
GEOP_20260402.csv,2026-01-22 21:45:26,0.0
GEOP_20260402.csv,2026-01-22 21:48:26,0.0
GEOP_20260402.csv,2026-01-22 21:51:26,0.0
GEOP_20260402.csv,2026-01-22 21:54:27,0.0
GEOP_20260402.csv,2026-01-22 21:57:26,0.0
GEOP_20260402.csv,2026-01-22 22:00:26,0.0
GEOP_20260402.csv,2026-01-22 22:03:26,0.0
GEOP_20260402.csv,2026-01-22 22:06:26,0.0
GEOP_20260402.csv,2026-01-22 22:09:26,0.0
GEOP_20260402.csv,2026-01-22 22:12:26,0.0
GEOP_20260402.csv,2026-01-22 22:15:26,0.0
GEOP_20260402.csv,2026-01-22 22:18:26,0.0
GEOP_20260402.csv,2026-01-22 22:21:26,0.0
GEOP_20260402.csv,2026-01-22 22:24:26,0.0
GEOP_20260402.csv,2026-01-22 22:27:26,0.0
GEOP_20260402.csv,2026-01-22 22:30:26,0.0
GEOP_20260402.csv,2026-01-22 22:33:26,0.0
GEOP_20260402.csv,2026-01-22 22:36:27,0.0
GEOP_20260402.csv,2026-01-22 22:39:26,0.0
GEOP_20260402.csv,2026-01-22 22:42:26,0.0
GEOP_20260402.csv,2026-01-22 22:45:26,0.0
GEOP_20260402.csv,2026-01-22 22:48:26,0.0
GEOP_20260402.csv,2026-01-22 22:51:26,0.0
GEOP_20260402.csv,2026-01-22 22:54:26,0.0
GEOP_20260402.csv,2026-01-22 22:57:26,0.0
GEOP_20260402.csv,2026-01-22 23:03:26,0.0
GEOP_20260402.csv,2026-01-22 23:06:26,0.0
GEOP_20260402.csv,2026-01-22 23:09:26,0.0
GEOP_20260402.csv,2026-01-22 23:12:26,0.0
GEOP_20260402.csv,2026-01-22 23:15:26,0.0
GEOP_20260402.csv,2026-01-22 23:18:26,0.0
GEOP_20260402.csv,2026-01-22 23:21:26,0.0
GEOP_20260402.csv,2026-01-22 23:24:26,0.0
GEOP_20260402.csv,2026-01-22 23:27:26,0.0
GEOP_20260402.csv,2026-01-22 23:30:26,0.0
GEOP_20260402.csv,2026-01-22 23:33:26,0.0
GEOP_20260402.csv,2026-01-22 23:36:26,0.0
GEOP_20260402.csv,2026-01-22 23:39:26,0.0
GEOP_20260402.csv,2026-01-22 23:42:26,0.0
GEOP_20260402.csv,2026-01-22 23:45:26,0.0
GEOP_20260402.csv,2026-01-22 23:48:26,0.0
GEOP_20260402.csv,2026-01-22 23:51:26,0.0
GEOP_20260402.csv,2026-01-22 23:54:26,0.0
GEOP_20260402.csv,2026-01-22 23:57:27,0.0
GEOP_20260402.csv,2026-01-23 00:00:26,0.0
GEOP_20260402.csv,2026-01-23 00:03:26,0.0
GEOP_20260402.csv,2026-01-23 00:06:26,0.0
GEOP_20260402.csv,2026-01-23 00:09:26,0.0
GEOP_20260402.csv,2026-01-23 00:12:26,0.0
GEOP_20260402.csv,2026-01-23 00:15:26,0.0
GEOP_20260402.csv,2026-01-23 00:18:26,0.0
GEOP_20260402.csv,2026-01-23 00:21:26,0.0
GEOP_20260402.csv,2026-01-23 00:24:26,0.0
GEOP_20260402.csv,2026-01-23 00:27:26,0.0
GEOP_20260402.csv,2026-01-23 00:30:26,0.0
GEOP_20260402.csv,2026-01-23 00:33:26,0.0
GEOP_20260402.csv,2026-01-23 00:36:26,0.0
GEOP_20260402.csv,2026-01-23 00:39:26,0.0
GEOP_20260402.csv,2026-01-23 00:42:26,0.0
GEOP_20260402.csv,2026-01-23 00:45:26,0.0
GEOP_20260402.csv,2026-01-23 00:48:26,0.0
GEOP_20260402.csv,2026-01-23 00:51:26,0.0
GEOP_20260402.csv,2026-01-23 00:54:26,0.0
GEOP_20260402.csv,2026-01-23 00:57:26,0.0
GEOP_20260402.csv,2026-01-23 01:00:26,0.0
GEOP_20260402.csv,2026-01-23 01:03:26,0.0
GEOP_20260402.csv,2026-01-23 01:06:26,0.0
GEOP_20260402.csv,2026-01-23 01:09:26,0.0
GEOP_20260402.csv,2026-01-23 01:12:26,0.0
GEOP_20260402.csv,2026-01-23 01:15:26,0.0
GEOP_20260402.csv,2026-01-23 01:18:26,0.0
GEOP_20260402.csv,2026-01-23 01:21:26,0.0
GEOP_20260402.csv,2026-01-23 01:24:26,0.0
GEOP_20260402.csv,2026-01-23 01:27:26,0.0
GEOP_20260402.csv,2026-01-23 01:30:26,0.0
GEOP_20260402.csv,2026-01-23 01:33:26,0.0
GEOP_20260402.csv,2026-01-23 01:36:26,0.0
GEOP_20260402.csv,2026-01-23 01:39:26,0.0
GEOP_20260402.csv,2026-01-23 01:42:26,0.0
GEOP_20260402.csv,2026-01-23 01:45:26,0.0
GEOP_20260402.csv,2026-01-23 01:48:26,0.0
GEOP_20260402.csv,2026-01-23 01:51:26,0.0
GEOP_20260402.csv,2026-01-23 01:54:26,0.0
GEOP_20260402.csv,2026-01-23 01:57:26,0.0
GEOP_20260402.csv,2026-01-23 02:00:26,0.0
GEOP_20260402.csv,2026-01-23 02:03:26,0.0
GEOP_20260402.csv,2026-01-23 02:06:26,0.0
GEOP_20260402.csv,2026-01-23 02:09:26,0.0
GEOP_20260402.csv,2026-01-23 02:12:26,0.0
GEOP_20260402.csv,2026-01-23 02:15:26,0.0
GEOP_20260402.csv,2026-01-23 02:18:26,0.0
GEOP_20260402.csv,2026-01-23 02:21:26,0.0
GEOP_20260402.csv,2026-01-23 02:24:26,0.0
GEOP_20260402.csv,2026-01-23 02:27:26,0.0
GEOP_20260402.csv,2026-01-23 02:30:26,0.0
GEOP_20260402.csv,2026-01-23 02:33:26,0.0
GEOP_20260402.csv,2026-01-23 02:36:26,0.0
GEOP_20260402.csv,2026-01-23 02:39:26,0.0
GEOP_20260402.csv,2026-01-23 02:42:26,0.0
GEOP_20260402.csv,2026-01-23 02:45:26,0.0
GEOP_20260402.csv,2026-01-23 02:48:26,0.0
GEOP_20260402.csv,2026-01-23 02:51:26,0.0
GEOP_20260402.csv,2026-01-23 02:54:26,0.0
GEOP_20260402.csv,2026-01-23 02:57:26,0.0
GEOP_20260402.csv,2026-01-23 03:00:26,0.0
GEOP_20260402.csv,2026-01-23 03:03:26,0.0
GEOP_20260402.csv,2026-01-23 03:06:26,0.0
GEOP_20260402.csv,2026-01-23 03:09:26,0.0
GEOP_20260402.csv,2026-01-23 03:12:26,0.0
GEOP_20260402.csv,2026-01-23 03:15:26,0.0
GEOP_20260402.csv,2026-01-23 03:18:26,0.0
GEOP_20260402.csv,2026-01-23 03:21:26,0.0
GEOP_20260402.csv,2026-01-23 03:24:26,0.0
GEOP_20260402.csv,2026-01-23 03:27:26,0.0
GEOP_20260402.csv,2026-01-23 03:30:26,0.0
GEOP_20260402.csv,2026-01-23 03:33:26,0.0
GEOP_20260402.csv,2026-01-23 03:36:26,0.0
GEOP_20260402.csv,2026-01-23 03:39:26,0.0
GEOP_20260402.csv,2026-01-23 03:42:26,0.0
GEOP_20260402.csv,2026-01-23 03:45:26,0.0
GEOP_20260402.csv,2026-01-23 03:48:26,0.0
GEOP_20260402.csv,2026-01-23 03:51:26,0.0
GEOP_20260402.csv,2026-01-23 03:54:26,0.0
GEOP_20260402.csv,2026-01-23 03:57:26,0.0
GEOP_20260402.csv,2026-01-23 04:00:26,0.0
GEOP_20260402.csv,2026-01-23 04:03:26,0.0
GEOP_20260402.csv,2026-01-23 04:06:26,0.0
GEOP_20260402.csv,2026-01-23 04:09:26,0.0
GEOP_20260402.csv,2026-01-23 04:12:26,0.0
GEOP_20260402.csv,2026-01-23 04:15:26,0.0
GEOP_20260402.csv,2026-01-23 04:18:26,0.0
GEOP_20260402.csv,2026-01-23 04:21:26,0.0
GEOP_20260402.csv,2026-01-23 04:24:26,0.0
GEOP_20260402.csv,2026-01-23 04:27:26,0.0
GEOP_20260402.csv,2026-01-23 04:30:26,0.0
GEOP_20260402.csv,2026-01-23 04:33:26,0.0
GEOP_20260402.csv,2026-01-23 04:36:26,0.0
GEOP_20260402.csv,2026-01-23 04:39:26,0.0
GEOP_20260402.csv,2026-01-23 04:42:26,0.0
GEOP_20260402.csv,2026-01-23 04:45:26,0.0
GEOP_20260402.csv,2026-01-23 04:48:26,0.0
GEOP_20260402.csv,2026-01-23 04:51:26,0.0
GEOP_20260402.csv,2026-01-23 04:54:26,0.0
GEOP_20260402.csv,2026-01-23 04:57:26,0.0
GEOP_20260402.csv,2026-01-23 05:00:26,0.0
GEOP_20260402.csv,2026-01-23 05:03:26,0.0
GEOP_20260402.csv,2026-01-23 05:06:26,0.0
GEOP_20260402.csv,2026-01-23 05:09:26,0.0
GEOP_20260402.csv,2026-01-23 05:12:26,0.0
GEOP_20260402.csv,2026-01-23 05:15:26,0.0
GEOP_20260402.csv,2026-01-23 05:18:26,0.0
GEOP_20260402.csv,2026-01-23 05:21:26,0.0
GEOP_20260402.csv,2026-01-23 05:24:26,0.0
GEOP_20260402.csv,2026-01-23 05:27:26,0.0
GEOP_20260402.csv,2026-01-23 05:30:26,0.0
GEOP_20260402.csv,2026-01-23 05:33:26,0.0
GEOP_20260402.csv,2026-01-23 05:36:26,0.0
GEOP_20260402.csv,2026-01-23 05:39:26,0.0
GEOP_20260402.csv,2026-01-23 05:42:26,0.0
GEOP_20260402.csv,2026-01-23 05:45:26,0.0
GEOP_20260402.csv,2026-01-23 05:48:26,0.0
GEOP_20260402.csv,2026-01-23 05:51:26,0.0
GEOP_20260402.csv,2026-01-23 05:54:26,0.0
GEOP_20260402.csv,2026-01-23 05:57:26,0.0
GEOP_20260402.csv,2026-01-23 06:00:26,0.0
GEOP_20260402.csv,2026-01-23 06:03:26,0.0
GEOP_20260402.csv,2026-01-23 06:06:26,0.0
GEOP_20260402.csv,2026-01-23 06:09:26,0.0
GEOP_20260402.csv,2026-01-23 06:12:26,0.0
GEOP_20260402.csv,2026-01-23 06:15:26,0.0
GEOP_20260402.csv,2026-01-23 06:18:26,0.0
GEOP_20260402.csv,2026-01-23 06:21:26,0.0
GEOP_20260402.csv,2026-01-23 06:24:27,0.0
GEOP_20260402.csv,2026-01-23 06:27:26,0.0
GEOP_20260402.csv,2026-01-23 06:30:26,0.0
GEOP_20260402.csv,2026-01-23 06:33:26,0.0
GEOP_20260402.csv,2026-01-23 06:36:26,0.0
GEOP_20260402.csv,2026-01-23 06:39:26,0.0
GEOP_20260402.csv,2026-01-23 06:42:26,0.0
GEOP_20260402.csv,2026-01-23 06:45:26,0.0
GEOP_20260402.csv,2026-01-23 06:48:26,0.0
GEOP_20260402.csv,2026-01-23 06:51:26,0.0
GEOP_20260402.csv,2026-01-23 06:54:26,0.0
GEOP_20260402.csv,2026-01-23 06:57:26,0.0
GEOP_20260402.csv,2026-01-23 07:00:26,0.0
GEOP_20260402.csv,2026-01-23 07:03:26,0.0
GEOP_20260402.csv,2026-01-23 07:06:26,0.0
GEOP_20260402.csv,2026-01-23 07:09:26,0.0
GEOP_20260402.csv,2026-01-23 07:12:26,0.0
GEOP_20260402.csv,2026-01-23 07:15:26,0.0
GEOP_20260402.csv,2026-01-23 07:18:26,0.0
GEOP_20260402.csv,2026-01-23 07:21:26,0.0
GEOP_20260402.csv,2026-01-23 07:24:26,0.0
GEOP_20260402.csv,2026-01-23 07:27:26,0.0
GEOP_20260402.csv,2026-01-23 07:30:26,0.0
GEOP_20260402.csv,2026-01-23 07:33:26,0.0
GEOP_20260402.csv,2026-01-23 07:36:26,0.0
GEOP_20260402.csv,2026-01-23 07:39:26,0.0
GEOP_20260402.csv,2026-01-23 07:42:26,0.0
GEOP_20260402.csv,2026-01-23 07:45:26,0.0
GEOP_20260402.csv,2026-01-23 07:48:26,0.0
GEOP_20260402.csv,2026-01-23 07:51:26,0.0
GEOP_20260402.csv,2026-01-23 07:54:26,0.0
GEOP_20260402.csv,2026-01-23 07:57:26,0.0
GEOP_20260402.csv,2026-01-23 08:00:26,0.0
GEOP_20260402.csv,2026-01-23 08:03:26,0.0
GEOP_20260402.csv,2026-01-23 08:06:26,0.0
GEOP_20260402.csv,2026-01-23 08:09:26,0.0
GEOP_20260402.csv,2026-01-23 08:12:26,0.0
GEOP_20260402.csv,2026-01-23 08:15:26,0.0
GEOP_20260402.csv,2026-01-23 08:18:26,0.0
GEOP_20260402.csv,2026-01-23 08:21:26,0.0
GEOP_20260402.csv,2026-01-23 08:24:26,0.0
GEOP_20260402.csv,2026-01-23 08:27:26,0.0
GEOP_20260402.csv,2026-01-23 08:30:26,0.0
GEOP_20260402.csv,2026-01-23 08:33:26,0.0
GEOP_20260402.csv,2026-01-23 08:36:26,0.0
GEOP_20260402.csv,2026-01-23 08:39:26,0.0
GEOP_20260402.csv,2026-01-23 08:42:26,0.0
GEOP_20260402.csv,2026-01-23 08:45:26,0.0
GEOP_20260402.csv,2026-01-23 08:48:26,0.0
GEOP_20260402.csv,2026-01-23 08:51:26,0.0
GEOP_20260402.csv,2026-01-23 08:54:26,0.0
GEOP_20260402.csv,2026-01-23 08:57:26,0.0
GEOP_20260402.csv,2026-01-23 09:00:26,0.0
GEOP_20260402.csv,2026-01-23 09:03:26,0.0
GEOP_20260402.csv,2026-01-23 09:06:26,0.0
GEOP_20260402.csv,2026-01-23 09:09:26,0.0
GEOP_20260402.csv,2026-01-23 09:12:26,0.0
GEOP_20260402.csv,2026-01-23 09:15:26,0.0
GEOP_20260402.csv,2026-01-23 09:18:26,0.0
GEOP_20260402.csv,2026-01-23 09:21:26,0.0
GEOP_20260402.csv,2026-01-23 09:24:26,0.0
GEOP_20260402.csv,2026-01-23 09:27:26,0.0
GEOP_20260402.csv,2026-01-23 09:30:26,0.0
GEOP_20260402.csv,2026-01-23 09:33:26,0.0
GEOP_20260402.csv,2026-01-23 09:36:26,0.0
GEOP_20260402.csv,2026-01-23 09:39:26,0.0
GEOP_20260402.csv,2026-01-23 09:42:26,0.0
GEOP_20260402.csv,2026-01-23 09:45:26,0.0
GEOP_20260402.csv,2026-01-23 09:48:26,0.0
GEOP_20260402.csv,2026-01-23 09:51:26,0.0
GEOP_20260402.csv,2026-01-23 09:54:26,0.0
GEOP_20260402.csv,2026-01-23 09:57:26,0.0
GEOP_20260402.csv,2026-01-23 10:00:26,0.0
GEOP_20260402.csv,2026-01-23 10:03:26,0.0
GEOP_20260402.csv,2026-01-23 10:06:26,0.0
GEOP_20260402.csv,2026-01-23 10:09:26,0.0
GEOP_20260402.csv,2026-01-23 10:12:26,0.0
GEOP_20260402.csv,2026-01-23 10:15:26,0.0
GEOP_20260402.csv,2026-01-23 10:18:26,0.0
GEOP_20260402.csv,2026-01-23 10:21:26,0.0
GEOP_20260402.csv,2026-01-23 10:24:26,0.0
GEOP_20260402.csv,2026-01-23 10:27:26,0.0
GEOP_20260402.csv,2026-01-23 10:30:26,0.0
GEOP_20260402.csv,2026-01-23 10:33:26,0.0
GEOP_20260402.csv,2026-01-23 10:36:26,0.0
GEOP_20260402.csv,2026-01-23 10:39:26,0.0
GEOP_20260402.csv,2026-01-23 10:42:26,0.0
GEOP_20260402.csv,2026-01-23 10:45:26,0.0
GEOP_20260402.csv,2026-01-23 10:48:26,0.0
GEOP_20260402.csv,2026-01-23 10:51:26,0.0
GEOP_20260402.csv,2026-01-23 10:54:26,0.0
GEOP_20260402.csv,2026-01-23 10:57:26,0.0
GEOP_20260402.csv,2026-01-23 11:00:26,0.0
GEOP_20260402.csv,2026-01-23 11:03:26,0.0
GEOP_20260402.csv,2026-01-23 11:06:26,0.0
GEOP_20260402.csv,2026-01-23 11:09:26,0.0
GEOP_20260402.csv,2026-01-23 11:12:26,0.0
GEOP_20260402.csv,2026-01-23 11:15:26,0.0
GEOP_20260402.csv,2026-01-23 11:18:26,0.0
GEOP_20260402.csv,2026-01-23 11:21:26,0.0
GEOP_20260402.csv,2026-01-23 11:24:26,0.0
GEOP_20260402.csv,2026-01-23 11:27:26,0.0
GEOP_20260402.csv,2026-01-23 11:30:26,0.0
GEOP_20260402.csv,2026-01-23 11:33:26,0.0
GEOP_20260402.csv,2026-01-23 11:36:26,0.0
GEOP_20260402.csv,2026-01-23 11:39:26,0.0
GEOP_20260402.csv,2026-01-23 11:42:26,0.0
GEOP_20260402.csv,2026-01-23 11:45:26,0.0
GEOP_20260402.csv,2026-01-23 11:48:26,0.0
GEOP_20260402.csv,2026-01-23 11:51:26,0.0
GEOP_20260402.csv,2026-01-23 11:54:26,0.0
GEOP_20260402.csv,2026-01-23 12:00:26,0.0
GEOP_20260402.csv,2026-01-23 12:03:26,0.0
GEOP_20260402.csv,2026-01-23 12:06:26,0.0
GEOP_20260402.csv,2026-01-23 12:09:26,0.0
GEOP_20260402.csv,2026-01-23 12:12:26,0.0
GEOP_20260402.csv,2026-01-23 12:15:26,0.0
GEOP_20260402.csv,2026-01-23 12:18:26,0.0
GEOP_20260402.csv,2026-01-23 12:21:26,0.0
GEOP_20260402.csv,2026-01-23 12:24:26,0.0
GEOP_20260402.csv,2026-01-23 12:27:26,0.0
GEOP_20260402.csv,2026-01-23 12:30:26,0.0
GEOP_20260402.csv,2026-01-23 12:33:26,0.0
GEOP_20260402.csv,2026-01-23 12:36:26,0.0
GEOP_20260402.csv,2026-01-23 12:39:26,0.0
GEOP_20260402.csv,2026-01-23 12:42:26,0.0
GEOP_20260402.csv,2026-01-23 12:45:26,0.0
GEOP_20260402.csv,2026-01-23 12:48:26,0.0
GEOP_20260402.csv,2026-01-23 12:51:26,0.0
GEOP_20260402.csv,2026-01-23 12:54:26,0.0
GEOP_20260402.csv,2026-01-23 12:57:26,0.0
GEOP_20260402.csv,2026-01-23 13:00:26,0.0
GEOP_20260402.csv,2026-01-23 13:03:26,0.0
GEOP_20260402.csv,2026-01-23 13:06:26,0.0
GEOP_20260402.csv,2026-01-23 13:09:26,0.0
GEOP_20260402.csv,2026-01-23 13:12:26,0.0
GEOP_20260402.csv,2026-01-23 13:15:26,0.0
GEOP_20260402.csv,2026-01-23 13:18:26,0.0
GEOP_20260402.csv,2026-01-23 13:21:26,0.0
GEOP_20260402.csv,2026-01-23 13:24:26,0.0
GEOP_20260402.csv,2026-01-23 13:27:26,0.0
GEOP_20260402.csv,2026-01-23 13:30:26,0.0
GEOP_20260402.csv,2026-01-23 13:33:26,0.0
GEOP_20260402.csv,2026-01-23 13:36:26,0.0
GEOP_20260402.csv,2026-01-23 13:39:25,0.0
GEOP_20260402.csv,2026-01-23 13:42:26,0.0
GEOP_20260402.csv,2026-01-23 13:45:25,0.0
GEOP_20260402.csv,2026-01-23 13:48:25,0.0
GEOP_20260402.csv,2026-01-23 13:51:25,0.0
GEOP_20260402.csv,2026-01-23 13:54:26,0.0
GEOP_20260402.csv,2026-01-23 13:57:26,0.0
GEOP_20260402.csv,2026-01-23 14:00:25,0.0
GEOP_20260402.csv,2026-01-23 14:03:25,0.0
GEOP_20260402.csv,2026-01-23 14:06:25,0.0
GEOP_20260402.csv,2026-01-23 14:09:25,0.0
GEOP_20260402.csv,2026-01-23 14:12:25,0.0
GEOP_20260402.csv,2026-01-23 14:15:25,0.0
GEOP_20260402.csv,2026-01-23 14:18:25,0.0
GEOP_20260402.csv,2026-01-23 14:21:25,0.0
GEOP_20260402.csv,2026-01-23 14:24:25,0.0
GEOP_20260402.csv,2026-01-23 14:27:25,0.0
GEOP_20260402.csv,2026-01-23 14:30:25,0.0
GEOP_20260402.csv,2026-01-23 14:33:25,0.0
GEOP_20260402.csv,2026-01-23 14:36:25,0.0
GEOP_20260402.csv,2026-01-23 14:39:25,0.0
GEOP_20260402.csv,2026-01-23 14:42:25,0.0
GEOP_20260402.csv,2026-01-23 14:45:25,0.0
GEOP_20260402.csv,2026-01-23 14:48:25,0.0
GEOP_20260402.csv,2026-01-23 14:51:25,0.0
GEOP_20260402.csv,2026-01-23 14:54:25,0.0
GEOP_20260402.csv,2026-01-23 14:57:25,0.0
GEOP_20260402.csv,2026-01-23 15:00:25,0.0
GEOP_20260402.csv,2026-01-23 15:03:25,0.0
GEOP_20260402.csv,2026-01-23 15:06:25,0.0
GEOP_20260402.csv,2026-01-23 15:09:25,0.0
GEOP_20260402.csv,2026-01-23 15:12:25,0.0
GEOP_20260402.csv,2026-01-23 15:15:25,0.0
GEOP_20260402.csv,2026-01-23 15:18:25,0.0
GEOP_20260402.csv,2026-01-23 15:21:25,0.0
GEOP_20260402.csv,2026-01-23 15:24:25,0.0
GEOP_20260402.csv,2026-01-23 15:27:25,0.0
GEOP_20260402.csv,2026-01-23 15:30:25,0.0
GEOP_20260402.csv,2026-01-23 15:33:25,0.0
GEOP_20260402.csv,2026-01-23 15:36:25,0.0
GEOP_20260402.csv,2026-01-23 15:39:25,0.0
GEOP_20260402.csv,2026-01-23 15:42:25,0.0
GEOP_20260402.csv,2026-01-23 15:45:25,0.0
GEOP_20260402.csv,2026-01-23 15:48:25,0.0
GEOP_20260402.csv,2026-01-23 15:51:25,0.0
GEOP_20260402.csv,2026-01-23 15:54:25,0.0
GEOP_20260402.csv,2026-01-23 15:57:25,0.0
GEOP_20260402.csv,2026-01-23 16:00:25,0.0
GEOP_20260402.csv,2026-01-23 16:03:25,0.0
GEOP_20260402.csv,2026-01-23 16:06:25,0.0
GEOP_20260402.csv,2026-01-23 16:09:25,0.0
GEOP_20260402.csv,2026-01-23 16:12:25,0.0
GEOP_20260402.csv,2026-01-23 16:15:25,0.0
GEOP_20260402.csv,2026-01-23 16:18:25,0.0
GEOP_20260402.csv,2026-01-23 16:21:25,0.0
GEOP_20260402.csv,2026-01-23 16:24:25,0.0
GEOP_20260402.csv,2026-01-23 16:27:25,0.0
GEOP_20260402.csv,2026-01-23 16:30:25,0.0
GEOP_20260402.csv,2026-01-23 16:33:25,0.0
GEOP_20260402.csv,2026-01-23 16:36:25,0.0
GEOP_20260402.csv,2026-01-23 16:39:25,0.0
GEOP_20260402.csv,2026-01-23 16:42:25,0.0
GEOP_20260402.csv,2026-01-23 16:45:25,0.0
GEOP_20260402.csv,2026-01-23 16:48:25,0.0
GEOP_20260402.csv,2026-01-23 16:51:25,0.0
GEOP_20260402.csv,2026-01-23 16:54:25,0.0
GEOP_20260402.csv,2026-01-23 16:57:25,0.0
GEOP_20260402.csv,2026-01-23 17:00:25,0.0
GEOP_20260402.csv,2026-01-23 17:03:25,0.0
GEOP_20260402.csv,2026-01-23 17:06:25,0.0
GEOP_20260402.csv,2026-01-23 17:09:25,0.0
GEOP_20260402.csv,2026-01-23 17:12:25,0.0
GEOP_20260402.csv,2026-01-23 17:15:25,0.0
GEOP_20260402.csv,2026-01-23 17:18:25,0.0
GEOP_20260402.csv,2026-01-23 17:21:25,0.0
GEOP_20260402.csv,2026-01-23 17:24:25,0.0
GEOP_20260402.csv,2026-01-23 17:27:25,0.0
GEOP_20260402.csv,2026-01-23 17:30:25,0.0
GEOP_20260402.csv,2026-01-23 17:33:25,0.0
GEOP_20260402.csv,2026-01-23 17:36:25,0.0
GEOP_20260402.csv,2026-01-23 17:39:25,0.0
GEOP_20260402.csv,2026-01-23 17:42:25,0.0
GEOP_20260402.csv,2026-01-23 17:45:25,0.0
GEOP_20260402.csv,2026-01-23 17:48:25,0.0
GEOP_20260402.csv,2026-01-23 17:51:25,0.0
GEOP_20260402.csv,2026-01-23 17:54:25,0.0
GEOP_20260402.csv,2026-01-23 17:57:25,0.0
GEOP_20260402.csv,2026-01-23 18:00:25,0.0
GEOP_20260402.csv,2026-01-23 18:03:25,0.0
GEOP_20260402.csv,2026-01-23 18:06:25,0.0
GEOP_20260402.csv,2026-01-23 18:09:25,0.0
GEOP_20260402.csv,2026-01-23 18:12:25,0.0
GEOP_20260402.csv,2026-01-23 18:15:25,0.0
GEOP_20260402.csv,2026-01-23 18:18:25,0.0
GEOP_20260402.csv,2026-01-23 18:21:25,0.0
GEOP_20260402.csv,2026-01-23 18:24:25,0.0
GEOP_20260402.csv,2026-01-23 18:27:25,0.0
GEOP_20260402.csv,2026-01-23 18:30:25,0.0
GEOP_20260402.csv,2026-01-23 18:33:25,0.0
GEOP_20260402.csv,2026-01-23 18:36:25,0.0
GEOP_20260402.csv,2026-01-23 18:39:25,0.0
GEOP_20260402.csv,2026-01-23 18:42:25,0.0
GEOP_20260402.csv,2026-01-23 18:45:25,0.0
GEOP_20260402.csv,2026-01-23 18:48:25,0.0
GEOP_20260402.csv,2026-01-23 18:51:25,0.0
GEOP_20260402.csv,2026-01-23 18:54:25,0.0
GEOP_20260402.csv,2026-01-23 18:57:25,0.0
GEOP_20260402.csv,2026-01-23 19:00:25,0.0
GEOP_20260402.csv,2026-01-23 19:03:25,0.0
GEOP_20260402.csv,2026-01-23 19:06:25,0.0
GEOP_20260402.csv,2026-01-23 19:09:25,0.0
GEOP_20260402.csv,2026-01-23 19:12:25,0.0
GEOP_20260402.csv,2026-01-23 19:15:25,0.0
GEOP_20260402.csv,2026-01-23 19:18:25,0.0
GEOP_20260402.csv,2026-01-23 19:21:25,0.0
GEOP_20260402.csv,2026-01-23 19:24:25,0.0
GEOP_20260402.csv,2026-01-23 19:27:25,0.0
GEOP_20260402.csv,2026-01-23 19:30:25,0.0
GEOP_20260402.csv,2026-01-23 19:33:25,0.04
GEOP_20260402.csv,2026-01-23 19:36:25,0.15
GEOP_20260402.csv,2026-01-23 19:39:25,0.15
GEOP_20260402.csv,2026-01-23 19:42:25,0.19
GEOP_20260402.csv,2026-01-23 19:45:25,0.2
GEOP_20260402.csv,2026-01-23 19:48:25,0.16
GEOP_20260402.csv,2026-01-23 19:51:25,0.22
GEOP_20260402.csv,2026-01-23 19:54:25,0.28
GEOP_20260402.csv,2026-01-23 19:57:25,0.23
GEOP_20260402.csv,2026-01-23 20:00:25,0.21
GEOP_20260402.csv,2026-01-23 20:03:25,0.16
GEOP_20260402.csv,2026-01-23 20:06:25,0.11
GEOP_20260402.csv,2026-01-23 20:09:25,0.09
GEOP_20260402.csv,2026-01-23 20:12:25,0.08
GEOP_20260402.csv,2026-01-23 20:15:25,0.06
GEOP_20260402.csv,2026-01-23 20:18:25,0.07
GEOP_20260402.csv,2026-01-23 20:21:25,0.05
GEOP_20260402.csv,2026-01-23 20:24:25,0.06
GEOP_20260402.csv,2026-01-23 20:27:25,0.07
GEOP_20260402.csv,2026-01-23 20:30:25,0.08
GEOP_20260402.csv,2026-01-23 20:33:25,0.07
GEOP_20260402.csv,2026-01-23 20:36:25,0.08
GEOP_20260402.csv,2026-01-23 20:39:25,0.06
GEOP_20260402.csv,2026-01-23 20:42:25,0.06
GEOP_20260402.csv,2026-01-23 20:45:25,0.06
GEOP_20260402.csv,2026-01-23 20:48:25,0.05
GEOP_20260402.csv,2026-01-23 20:51:25,0.05
GEOP_20260402.csv,2026-01-23 20:54:25,0.05
GEOP_20260402.csv,2026-01-23 20:57:25,0.07
GEOP_20260402.csv,2026-01-23 21:00:25,0.07
GEOP_20260402.csv,2026-01-23 21:03:25,0.07
GEOP_20260402.csv,2026-01-23 21:06:25,0.08
GEOP_20260402.csv,2026-01-23 21:09:25,0.08
GEOP_20260402.csv,2026-01-23 21:12:25,0.06
GEOP_20260402.csv,2026-01-23 21:15:25,0.07
GEOP_20260402.csv,2026-01-23 21:18:25,0.08
GEOP_20260402.csv,2026-01-23 21:21:25,0.09
GEOP_20260402.csv,2026-01-23 21:24:25,0.08
GEOP_20260402.csv,2026-01-23 21:27:25,0.07
GEOP_20260402.csv,2026-01-23 21:30:25,0.07
GEOP_20260402.csv,2026-01-23 21:33:25,0.07
GEOP_20260402.csv,2026-01-23 21:36:25,0.06
GEOP_20260402.csv,2026-01-23 21:39:25,0.05
GEOP_20260402.csv,2026-01-23 21:42:25,0.08
GEOP_20260402.csv,2026-01-23 21:45:25,0.08
GEOP_20260402.csv,2026-01-23 21:48:25,0.05
GEOP_20260402.csv,2026-01-23 21:51:25,0.03
GEOP_20260402.csv,2026-01-23 21:54:25,0.04
GEOP_20260402.csv,2026-01-23 21:57:25,0.05
GEOP_20260402.csv,2026-01-23 22:00:25,0.05
GEOP_20260402.csv,2026-01-23 22:03:25,0.04
GEOP_20260402.csv,2026-01-23 22:06:25,0.03
GEOP_20260402.csv,2026-01-23 22:09:25,0.03
GEOP_20260402.csv,2026-01-23 22:12:25,0.04
GEOP_20260402.csv,2026-01-23 22:15:25,0.04
GEOP_20260402.csv,2026-01-23 22:18:25,0.02
GEOP_20260402.csv,2026-01-23 22:21:25,0.02
GEOP_20260402.csv,2026-01-23 22:24:25,0.01
GEOP_20260402.csv,2026-01-23 22:27:25,0.0
GEOP_20260402.csv,2026-01-23 22:30:25,0.01
GEOP_20260402.csv,2026-01-23 22:33:25,0.02
GEOP_20260402.csv,2026-01-23 22:36:25,0.02
GEOP_20260402.csv,2026-01-23 22:39:25,0.03
GEOP_20260402.csv,2026-01-23 22:42:25,0.02
GEOP_20260402.csv,2026-01-23 22:45:25,0.02
GEOP_20260402.csv,2026-01-23 22:48:25,0.02
GEOP_20260402.csv,2026-01-23 22:51:25,0.01
GEOP_20260402.csv,2026-01-23 22:54:25,0.01
GEOP_20260402.csv,2026-01-23 22:57:25,0.01
GEOP_20260402.csv,2026-01-23 23:00:25,0.0
GEOP_20260402.csv,2026-01-23 23:03:25,0.0
GEOP_20260402.csv,2026-01-23 23:06:25,0.01
GEOP_20260402.csv,2026-01-23 23:09:25,0.0
GEOP_20260402.csv,2026-01-23 23:12:25,0.0
GEOP_20260402.csv,2026-01-23 23:15:25,0.0
GEOP_20260402.csv,2026-01-23 23:18:25,0.0
GEOP_20260402.csv,2026-01-23 23:21:25,0.01
GEOP_20260402.csv,2026-01-23 23:27:25,0.0
GEOP_20260402.csv,2026-01-23 23:30:25,0.0
GEOP_20260402.csv,2026-01-23 23:33:25,0.0
GEOP_20260402.csv,2026-01-23 23:36:25,0.0
GEOP_20260402.csv,2026-01-23 23:39:25,0.0
GEOP_20260402.csv,2026-01-23 23:42:25,0.0
GEOP_20260402.csv,2026-01-23 23:45:25,0.01
GEOP_20260402.csv,2026-01-23 23:48:25,0.0
GEOP_20260402.csv,2026-01-23 23:51:25,0.0
GEOP_20260402.csv,2026-01-23 23:54:25,0.0
GEOP_20260402.csv,2026-01-23 23:57:25,0.0
GEOP_20260402.csv,2026-01-24 00:00:25,0.0
GEOP_20260402.csv,2026-01-24 00:03:25,0.0
GEOP_20260402.csv,2026-01-24 00:06:25,0.0
GEOP_20260402.csv,2026-01-24 00:09:25,0.0
GEOP_20260402.csv,2026-01-24 00:12:25,0.0
GEOP_20260402.csv,2026-01-24 00:15:25,0.0
GEOP_20260402.csv,2026-01-24 00:18:25,0.0
GEOP_20260402.csv,2026-01-24 00:21:25,0.0
GEOP_20260402.csv,2026-01-24 00:24:25,0.0
GEOP_20260402.csv,2026-01-24 00:27:25,0.0
GEOP_20260402.csv,2026-01-24 00:30:25,0.0
GEOP_20260402.csv,2026-01-24 00:33:25,0.0
GEOP_20260402.csv,2026-01-24 00:36:25,0.0
GEOP_20260402.csv,2026-01-24 00:39:25,0.0
GEOP_20260402.csv,2026-01-24 00:42:25,0.0
GEOP_20260402.csv,2026-01-24 00:48:25,0.0
GEOP_20260402.csv,2026-01-24 00:51:25,0.0
GEOP_20260402.csv,2026-01-24 00:54:25,0.0
GEOP_20260402.csv,2026-01-24 00:57:25,0.0
GEOP_20260402.csv,2026-01-24 01:00:25,0.0
GEOP_20260402.csv,2026-01-24 01:03:25,0.0
GEOP_20260402.csv,2026-01-24 01:06:25,0.0
GEOP_20260402.csv,2026-01-24 01:09:25,0.0
GEOP_20260402.csv,2026-01-24 01:12:25,0.0
GEOP_20260402.csv,2026-01-24 01:15:25,0.0
GEOP_20260402.csv,2026-01-24 01:18:25,0.0
GEOP_20260402.csv,2026-01-24 01:21:25,0.0
GEOP_20260402.csv,2026-01-24 01:24:25,0.0
GEOP_20260402.csv,2026-01-24 01:27:25,0.0
GEOP_20260402.csv,2026-01-24 01:30:25,0.0
GEOP_20260402.csv,2026-01-24 01:33:25,0.0
GEOP_20260402.csv,2026-01-24 01:36:25,0.0
GEOP_20260402.csv,2026-01-24 01:39:25,0.0
GEOP_20260402.csv,2026-01-24 01:42:25,0.0
GEOP_20260402.csv,2026-01-24 01:45:25,0.0
GEOP_20260402.csv,2026-01-24 01:48:25,0.0
GEOP_20260402.csv,2026-01-24 01:51:25,0.0
GEOP_20260402.csv,2026-01-24 01:54:25,0.0
GEOP_20260402.csv,2026-01-24 01:57:25,0.0
GEOP_20260402.csv,2026-01-24 02:00:25,0.0
GEOP_20260402.csv,2026-01-24 02:03:25,0.0
GEOP_20260402.csv,2026-01-24 02:06:25,0.0
GEOP_20260402.csv,2026-01-24 02:09:25,0.0
GEOP_20260402.csv,2026-01-24 02:12:25,0.0
GEOP_20260402.csv,2026-01-24 02:15:25,0.0
GEOP_20260402.csv,2026-01-24 02:18:25,0.0
GEOP_20260402.csv,2026-01-24 02:21:25,0.0
GEOP_20260402.csv,2026-01-24 02:24:25,0.0
GEOP_20260402.csv,2026-01-24 02:27:25,0.0
GEOP_20260402.csv,2026-01-24 02:30:25,0.0
GEOP_20260402.csv,2026-01-24 02:36:25,0.0
GEOP_20260402.csv,2026-01-24 02:39:25,0.0
GEOP_20260402.csv,2026-01-24 02:42:25,0.0
GEOP_20260402.csv,2026-01-24 02:45:25,0.0
GEOP_20260402.csv,2026-01-24 02:48:27,0.0
GEOP_20260402.csv,2026-01-24 02:51:25,0.0
GEOP_20260402.csv,2026-01-24 02:54:25,0.0
GEOP_20260402.csv,2026-01-24 02:57:25,0.0
GEOP_20260402.csv,2026-01-24 03:00:25,0.0
GEOP_20260402.csv,2026-01-24 03:03:25,0.0
GEOP_20260402.csv,2026-01-24 03:06:25,0.0
GEOP_20260402.csv,2026-01-24 03:09:25,0.0
GEOP_20260402.csv,2026-01-24 03:12:26,0.0
GEOP_20260402.csv,2026-01-24 03:15:25,0.0
GEOP_20260402.csv,2026-01-24 03:18:25,0.0
GEOP_20260402.csv,2026-01-24 03:21:25,0.0
GEOP_20260402.csv,2026-01-24 03:24:25,0.0
GEOP_20260402.csv,2026-01-24 03:27:25,0.0
GEOP_20260402.csv,2026-01-24 03:30:25,0.0
GEOP_20260402.csv,2026-01-24 03:33:25,0.01
GEOP_20260402.csv,2026-01-24 03:36:25,0.0
GEOP_20260402.csv,2026-01-24 03:39:25,0.0
GEOP_20260402.csv,2026-01-24 03:42:25,0.0
GEOP_20260402.csv,2026-01-24 03:45:25,0.0
GEOP_20260402.csv,2026-01-24 03:48:25,0.0
GEOP_20260402.csv,2026-01-24 03:51:25,0.0
GEOP_20260402.csv,2026-01-24 03:54:25,0.0
GEOP_20260402.csv,2026-01-24 03:57:25,0.0
GEOP_20260402.csv,2026-01-24 04:00:25,0.0
GEOP_20260402.csv,2026-01-24 04:03:25,0.0
GEOP_20260402.csv,2026-01-24 04:06:25,0.0
GEOP_20260402.csv,2026-01-24 04:09:25,0.0
GEOP_20260402.csv,2026-01-24 04:12:25,0.0
GEOP_20260402.csv,2026-01-24 04:15:25,0.0
GEOP_20260402.csv,2026-01-24 04:18:25,0.0
GEOP_20260402.csv,2026-01-24 04:21:25,0.0
GEOP_20260402.csv,2026-01-24 04:24:25,0.0
GEOP_20260402.csv,2026-01-24 04:27:25,0.0
GEOP_20260402.csv,2026-01-24 04:30:25,0.0
GEOP_20260402.csv,2026-01-24 04:33:25,0.0
GEOP_20260402.csv,2026-01-24 04:36:25,0.0
GEOP_20260402.csv,2026-01-24 04:39:25,0.0
GEOP_20260402.csv,2026-01-24 04:42:25,0.0
GEOP_20260402.csv,2026-01-24 04:45:25,0.0
GEOP_20260402.csv,2026-01-24 04:48:25,0.0
GEOP_20260402.csv,2026-01-24 04:51:25,0.0
GEOP_20260402.csv,2026-01-24 04:54:25,0.0
GEOP_20260402.csv,2026-01-24 04:57:25,0.0
GEOP_20260402.csv,2026-01-24 05:00:25,0.0
GEOP_20260402.csv,2026-01-24 05:03:25,0.0
GEOP_20260402.csv,2026-01-24 05:06:25,0.0
GEOP_20260402.csv,2026-01-24 05:09:25,0.0
GEOP_20260402.csv,2026-01-24 05:12:25,0.0
GEOP_20260402.csv,2026-01-24 05:15:25,0.0
GEOP_20260402.csv,2026-01-24 05:18:25,0.0
GEOP_20260402.csv,2026-01-24 05:21:25,0.0
GEOP_20260402.csv,2026-01-24 05:24:25,0.0
GEOP_20260402.csv,2026-01-24 05:27:25,0.0
GEOP_20260402.csv,2026-01-24 05:30:25,0.0
GEOP_20260402.csv,2026-01-24 05:33:24,0.0
GEOP_20260402.csv,2026-01-24 05:36:25,0.0
GEOP_20260402.csv,2026-01-24 05:39:25,0.0
GEOP_20260402.csv,2026-01-24 05:42:24,0.0
GEOP_20260402.csv,2026-01-24 05:45:24,0.0
GEOP_20260402.csv,2026-01-24 05:48:24,0.0
GEOP_20260402.csv,2026-01-24 05:51:24,0.0
GEOP_20260402.csv,2026-01-24 05:54:24,0.0
GEOP_20260402.csv,2026-01-24 05:57:24,0.0
GEOP_20260402.csv,2026-01-24 06:00:24,0.0
GEOP_20260402.csv,2026-01-24 06:03:24,0.0
GEOP_20260402.csv,2026-01-24 06:06:24,0.0
GEOP_20260402.csv,2026-01-24 06:09:24,0.0
GEOP_20260402.csv,2026-01-24 06:12:24,0.0
GEOP_20260402.csv,2026-01-24 06:15:24,0.0
GEOP_20260402.csv,2026-01-24 06:18:24,0.0
GEOP_20260402.csv,2026-01-24 06:21:25,0.0
GEOP_20260402.csv,2026-01-24 06:24:24,0.0
GEOP_20260402.csv,2026-01-24 06:27:24,0.0
GEOP_20260402.csv,2026-01-24 06:30:24,0.0
GEOP_20260402.csv,2026-01-24 06:33:24,0.0
GEOP_20260402.csv,2026-01-24 06:36:24,0.0
GEOP_20260402.csv,2026-01-24 06:39:24,0.0
GEOP_20260402.csv,2026-01-24 06:42:24,0.0
GEOP_20260402.csv,2026-01-24 06:45:24,0.0
GEOP_20260402.csv,2026-01-24 06:48:24,0.0
GEOP_20260402.csv,2026-01-24 06:51:24,0.0
GEOP_20260402.csv,2026-01-24 06:54:24,0.0
GEOP_20260402.csv,2026-01-24 06:57:24,0.0
GEOP_20260402.csv,2026-01-24 07:00:24,0.0
GEOP_20260402.csv,2026-01-24 07:03:24,0.0
GEOP_20260402.csv,2026-01-24 07:06:24,0.0
GEOP_20260402.csv,2026-01-24 07:09:24,0.0
GEOP_20260402.csv,2026-01-24 07:12:24,0.0
GEOP_20260402.csv,2026-01-24 07:15:24,0.0
GEOP_20260402.csv,2026-01-24 07:18:24,0.0
GEOP_20260402.csv,2026-01-24 07:21:24,0.0
GEOP_20260402.csv,2026-01-24 07:24:24,0.0
GEOP_20260402.csv,2026-01-24 07:27:24,0.0
GEOP_20260402.csv,2026-01-24 07:30:25,0.0
GEOP_20260402.csv,2026-01-24 07:33:24,0.0
GEOP_20260402.csv,2026-01-24 07:36:24,0.0
GEOP_20260402.csv,2026-01-24 07:39:24,0.0
GEOP_20260402.csv,2026-01-24 07:42:24,0.0
GEOP_20260402.csv,2026-01-24 07:45:24,0.0
GEOP_20260402.csv,2026-01-24 07:48:24,0.0
GEOP_20260402.csv,2026-01-24 07:51:24,0.0
GEOP_20260402.csv,2026-01-24 07:54:24,0.0
GEOP_20260402.csv,2026-01-24 07:57:24,0.0
GEOP_20260402.csv,2026-01-24 08:00:24,0.0
GEOP_20260402.csv,2026-01-24 08:03:24,0.0
GEOP_20260402.csv,2026-01-24 08:06:24,0.0
GEOP_20260402.csv,2026-01-24 08:09:24,0.0
GEOP_20260402.csv,2026-01-24 08:12:24,0.0
GEOP_20260402.csv,2026-01-24 08:15:24,0.0
GEOP_20260402.csv,2026-01-24 08:18:24,0.0
GEOP_20260402.csv,2026-01-24 08:21:24,0.0
GEOP_20260402.csv,2026-01-24 08:24:24,0.0
GEOP_20260402.csv,2026-01-24 08:27:25,0.0
GEOP_20260402.csv,2026-01-24 08:30:24,0.0
GEOP_20260402.csv,2026-01-24 08:33:24,0.0
GEOP_20260402.csv,2026-01-24 08:36:24,0.0
GEOP_20260402.csv,2026-01-24 08:39:24,0.0
GEOP_20260402.csv,2026-01-24 08:42:24,0.0
GEOP_20260402.csv,2026-01-24 08:45:24,0.0
GEOP_20260402.csv,2026-01-24 08:48:24,0.0
GEOP_20260402.csv,2026-01-24 08:51:24,0.0
GEOP_20260402.csv,2026-01-24 08:54:24,0.0
GEOP_20260402.csv,2026-01-24 08:57:24,0.0
GEOP_20260402.csv,2026-01-24 09:00:24,0.0
GEOP_20260402.csv,2026-01-24 09:03:24,0.0
GEOP_20260402.csv,2026-01-24 09:06:24,0.0
GEOP_20260402.csv,2026-01-24 09:09:24,0.0
GEOP_20260402.csv,2026-01-24 09:12:24,0.0
GEOP_20260402.csv,2026-01-24 09:15:24,0.0
GEOP_20260402.csv,2026-01-24 09:18:24,0.0
GEOP_20260402.csv,2026-01-24 09:21:24,0.0
GEOP_20260402.csv,2026-01-24 09:24:24,0.0
GEOP_20260402.csv,2026-01-24 09:27:24,0.0
GEOP_20260402.csv,2026-01-24 09:30:24,0.0
GEOP_20260402.csv,2026-01-24 09:33:24,0.0
GEOP_20260402.csv,2026-01-24 09:36:24,0.0
GEOP_20260402.csv,2026-01-24 09:39:24,0.0
GEOP_20260402.csv,2026-01-24 09:42:24,0.0
GEOP_20260402.csv,2026-01-24 09:45:24,0.0
GEOP_20260402.csv,2026-01-24 09:48:24,0.0
GEOP_20260402.csv,2026-01-24 09:51:24,0.0
GEOP_20260402.csv,2026-01-24 09:54:24,0.0
GEOP_20260402.csv,2026-01-24 09:57:24,0.0
GEOP_20260402.csv,2026-01-24 10:00:24,0.0
GEOP_20260402.csv,2026-01-24 10:03:24,0.0
GEOP_20260402.csv,2026-01-24 10:06:24,0.0
GEOP_20260402.csv,2026-01-24 10:09:24,0.0
GEOP_20260402.csv,2026-01-24 10:12:24,0.0
GEOP_20260402.csv,2026-01-24 10:15:24,0.0
GEOP_20260402.csv,2026-01-24 10:18:24,0.0
GEOP_20260402.csv,2026-01-24 10:21:24,0.0
GEOP_20260402.csv,2026-01-24 10:24:24,0.0
GEOP_20260402.csv,2026-01-24 10:27:24,0.0
GEOP_20260402.csv,2026-01-24 10:30:24,0.0
GEOP_20260402.csv,2026-01-24 10:33:24,0.0
GEOP_20260402.csv,2026-01-24 10:36:24,0.0
GEOP_20260402.csv,2026-01-24 10:39:24,0.0
GEOP_20260402.csv,2026-01-24 10:42:24,0.0
GEOP_20260402.csv,2026-01-24 10:45:24,0.0
GEOP_20260402.csv,2026-01-24 10:48:24,0.0
GEOP_20260402.csv,2026-01-24 10:51:24,0.0
GEOP_20260402.csv,2026-01-24 10:54:24,0.0
GEOP_20260402.csv,2026-01-24 10:57:24,0.0
GEOP_20260402.csv,2026-01-24 11:00:24,0.0
GEOP_20260402.csv,2026-01-24 11:03:24,0.0
GEOP_20260402.csv,2026-01-24 11:06:24,0.0
GEOP_20260402.csv,2026-01-24 11:09:24,0.0
GEOP_20260402.csv,2026-01-24 11:12:24,0.0
GEOP_20260402.csv,2026-01-24 11:15:24,0.0
GEOP_20260402.csv,2026-01-24 11:18:24,0.0
GEOP_20260402.csv,2026-01-24 11:21:24,0.0
GEOP_20260402.csv,2026-01-24 11:24:24,0.0
GEOP_20260402.csv,2026-01-24 11:27:24,0.0
GEOP_20260402.csv,2026-01-24 11:30:24,0.0
GEOP_20260402.csv,2026-01-24 11:33:24,0.0
GEOP_20260402.csv,2026-01-24 11:36:24,0.0
GEOP_20260402.csv,2026-01-24 11:39:24,0.0
GEOP_20260402.csv,2026-01-24 11:42:24,0.0
GEOP_20260402.csv,2026-01-24 11:45:24,0.0
GEOP_20260402.csv,2026-01-24 11:48:24,0.0
GEOP_20260402.csv,2026-01-24 11:51:24,0.0
GEOP_20260402.csv,2026-01-24 11:54:24,0.0
GEOP_20260402.csv,2026-01-24 11:57:24,0.0
GEOP_20260402.csv,2026-01-24 12:00:24,0.0
GEOP_20260402.csv,2026-01-24 12:03:24,0.0
GEOP_20260402.csv,2026-01-24 12:06:24,0.0
GEOP_20260402.csv,2026-01-24 12:09:24,0.0
GEOP_20260402.csv,2026-01-24 12:12:24,0.0
GEOP_20260402.csv,2026-01-24 12:15:24,0.0
GEOP_20260402.csv,2026-01-24 12:18:24,0.0
GEOP_20260402.csv,2026-01-24 12:21:24,0.0
GEOP_20260402.csv,2026-01-24 12:24:24,0.0
GEOP_20260402.csv,2026-01-24 12:27:24,0.0
GEOP_20260402.csv,2026-01-24 12:30:24,0.0
GEOP_20260402.csv,2026-01-24 12:33:24,0.0
GEOP_20260402.csv,2026-01-24 12:36:24,0.0
GEOP_20260402.csv,2026-01-24 12:39:24,0.0
GEOP_20260402.csv,2026-01-24 12:42:24,0.0
GEOP_20260402.csv,2026-01-24 12:45:24,0.0
GEOP_20260402.csv,2026-01-24 12:48:24,0.0
GEOP_20260402.csv,2026-01-24 12:51:24,0.0
GEOP_20260402.csv,2026-01-24 12:54:24,0.0
GEOP_20260402.csv,2026-01-24 12:57:24,0.0
GEOP_20260402.csv,2026-01-24 13:00:24,0.0
GEOP_20260402.csv,2026-01-24 13:03:24,0.0
GEOP_20260402.csv,2026-01-24 13:06:24,0.0
GEOP_20260402.csv,2026-01-24 13:09:24,0.0
GEOP_20260402.csv,2026-01-24 13:12:24,0.0
GEOP_20260402.csv,2026-01-24 13:15:24,0.0
GEOP_20260402.csv,2026-01-24 13:18:24,0.0
GEOP_20260402.csv,2026-01-24 13:21:24,0.0
GEOP_20260402.csv,2026-01-24 13:24:24,0.0
GEOP_20260402.csv,2026-01-24 13:27:24,0.0
GEOP_20260402.csv,2026-01-24 13:30:24,0.0
GEOP_20260402.csv,2026-01-24 13:33:24,0.0
GEOP_20260402.csv,2026-01-24 13:36:24,0.0
GEOP_20260402.csv,2026-01-24 13:39:24,0.0
GEOP_20260402.csv,2026-01-24 13:42:24,0.0
GEOP_20260402.csv,2026-01-24 13:45:24,0.0
GEOP_20260402.csv,2026-01-24 13:48:24,0.0
GEOP_20260402.csv,2026-01-24 13:51:24,0.0
GEOP_20260402.csv,2026-01-24 13:54:24,0.0
GEOP_20260402.csv,2026-01-24 13:57:24,0.0
GEOP_20260402.csv,2026-01-24 14:00:24,0.0
GEOP_20260402.csv,2026-01-24 14:03:24,0.0
GEOP_20260402.csv,2026-01-24 14:06:24,0.0
GEOP_20260402.csv,2026-01-24 14:09:24,0.0
GEOP_20260402.csv,2026-01-24 14:12:24,0.0
GEOP_20260402.csv,2026-01-24 14:15:24,0.0
GEOP_20260402.csv,2026-01-24 14:18:24,0.0
GEOP_20260402.csv,2026-01-24 14:21:24,0.0
GEOP_20260402.csv,2026-01-24 14:24:24,0.0
GEOP_20260402.csv,2026-01-24 14:27:24,0.0
GEOP_20260402.csv,2026-01-24 14:30:24,0.0
GEOP_20260402.csv,2026-01-24 14:33:24,0.0
GEOP_20260402.csv,2026-01-24 14:36:24,0.0
GEOP_20260402.csv,2026-01-24 14:39:24,0.0
GEOP_20260402.csv,2026-01-24 14:42:24,0.0
GEOP_20260402.csv,2026-01-24 14:45:24,0.0
GEOP_20260402.csv,2026-01-24 14:48:24,0.0
GEOP_20260402.csv,2026-01-24 14:51:24,0.0
GEOP_20260402.csv,2026-01-24 14:54:24,0.0
GEOP_20260402.csv,2026-01-24 14:57:24,0.0
GEOP_20260402.csv,2026-01-24 15:00:24,0.0
GEOP_20260402.csv,2026-01-24 15:03:24,0.0
GEOP_20260402.csv,2026-01-24 15:06:24,0.0
GEOP_20260402.csv,2026-01-24 15:09:24,0.0
GEOP_20260402.csv,2026-01-24 15:12:24,0.0
GEOP_20260402.csv,2026-01-24 15:15:24,0.0
GEOP_20260402.csv,2026-01-24 15:18:24,0.0
GEOP_20260402.csv,2026-01-24 15:21:24,0.0
GEOP_20260402.csv,2026-01-24 15:24:24,0.0
GEOP_20260402.csv,2026-01-24 15:27:24,0.0
GEOP_20260402.csv,2026-01-24 15:30:24,0.0
GEOP_20260402.csv,2026-01-24 15:33:24,0.0
GEOP_20260402.csv,2026-01-24 15:36:24,0.0
GEOP_20260402.csv,2026-01-24 15:39:24,0.0
GEOP_20260402.csv,2026-01-24 15:42:24,0.0
GEOP_20260402.csv,2026-01-24 15:45:24,0.0
GEOP_20260402.csv,2026-01-24 15:48:24,0.0
GEOP_20260402.csv,2026-01-24 15:51:24,0.0
GEOP_20260402.csv,2026-01-24 15:54:24,0.0
GEOP_20260402.csv,2026-01-24 15:57:24,0.0
GEOP_20260402.csv,2026-01-24 16:00:24,0.0
GEOP_20260402.csv,2026-01-24 16:03:24,0.0
GEOP_20260402.csv,2026-01-24 16:06:24,0.0
GEOP_20260402.csv,2026-01-24 16:09:24,0.0
GEOP_20260402.csv,2026-01-24 16:12:24,0.0
GEOP_20260402.csv,2026-01-24 16:15:24,0.0
GEOP_20260402.csv,2026-01-24 16:18:24,0.0
GEOP_20260402.csv,2026-01-24 16:21:24,0.0
GEOP_20260402.csv,2026-01-24 16:24:24,0.0
GEOP_20260402.csv,2026-01-24 16:27:24,0.0
GEOP_20260402.csv,2026-01-24 16:30:24,0.0
GEOP_20260402.csv,2026-01-24 16:33:24,0.0
GEOP_20260402.csv,2026-01-24 16:36:24,0.0
GEOP_20260402.csv,2026-01-24 16:39:24,0.0
GEOP_20260402.csv,2026-01-24 16:42:24,0.0
GEOP_20260402.csv,2026-01-24 16:45:24,0.0
GEOP_20260402.csv,2026-01-24 16:48:24,0.0
GEOP_20260402.csv,2026-01-24 16:51:24,0.0
GEOP_20260402.csv,2026-01-24 16:54:24,0.0
GEOP_20260402.csv,2026-01-24 16:57:24,0.0
GEOP_20260402.csv,2026-01-24 17:00:24,0.0
GEOP_20260402.csv,2026-01-24 17:03:24,0.0
GEOP_20260402.csv,2026-01-24 17:06:24,0.0
GEOP_20260402.csv,2026-01-24 17:09:24,0.0
GEOP_20260402.csv,2026-01-24 17:12:24,0.0
GEOP_20260402.csv,2026-01-24 17:15:24,0.0
GEOP_20260402.csv,2026-01-24 17:18:24,0.0
GEOP_20260402.csv,2026-01-24 17:21:24,0.0
GEOP_20260402.csv,2026-01-24 17:24:24,0.0
GEOP_20260402.csv,2026-01-24 17:27:24,0.0
GEOP_20260402.csv,2026-01-24 17:30:24,0.0
GEOP_20260402.csv,2026-01-24 17:33:24,0.0
GEOP_20260402.csv,2026-01-24 17:36:24,0.0
GEOP_20260402.csv,2026-01-24 17:39:24,0.0
GEOP_20260402.csv,2026-01-24 17:42:24,0.0
GEOP_20260402.csv,2026-01-24 17:45:24,0.0
GEOP_20260402.csv,2026-01-24 17:48:24,0.0
GEOP_20260402.csv,2026-01-24 17:51:24,0.0
GEOP_20260402.csv,2026-01-24 17:54:24,0.0
GEOP_20260402.csv,2026-01-24 17:57:24,0.0
GEOP_20260402.csv,2026-01-24 18:00:24,0.0
GEOP_20260402.csv,2026-01-24 18:03:24,0.0
GEOP_20260402.csv,2026-01-24 18:06:24,0.0
GEOP_20260402.csv,2026-01-24 18:09:24,0.0
GEOP_20260402.csv,2026-01-24 18:12:24,0.0
GEOP_20260402.csv,2026-01-24 18:15:24,0.0
GEOP_20260402.csv,2026-01-24 18:18:24,0.0
GEOP_20260402.csv,2026-01-24 18:21:24,0.0
GEOP_20260402.csv,2026-01-24 18:24:24,0.0
GEOP_20260402.csv,2026-01-24 18:27:24,0.0
GEOP_20260402.csv,2026-01-24 18:30:24,0.0
GEOP_20260402.csv,2026-01-24 18:33:24,0.0
GEOP_20260402.csv,2026-01-24 18:36:24,0.0
GEOP_20260402.csv,2026-01-24 18:39:24,0.0
GEOP_20260402.csv,2026-01-24 18:42:24,0.0
GEOP_20260402.csv,2026-01-24 18:45:24,0.0
GEOP_20260402.csv,2026-01-24 18:48:24,0.0
GEOP_20260402.csv,2026-01-24 18:51:24,0.0
GEOP_20260402.csv,2026-01-24 18:54:24,0.0
GEOP_20260402.csv,2026-01-24 18:57:24,0.0
GEOP_20260402.csv,2026-01-24 19:00:24,0.0
GEOP_20260402.csv,2026-01-24 19:03:24,0.0
GEOP_20260402.csv,2026-01-24 19:06:24,0.0
GEOP_20260402.csv,2026-01-24 19:09:24,0.0
GEOP_20260402.csv,2026-01-24 19:12:24,0.0
GEOP_20260402.csv,2026-01-24 19:15:24,0.0
GEOP_20260402.csv,2026-01-24 19:18:24,0.0
GEOP_20260402.csv,2026-01-24 19:21:24,0.0
GEOP_20260402.csv,2026-01-24 19:24:24,0.0
GEOP_20260402.csv,2026-01-24 19:27:24,0.0
GEOP_20260402.csv,2026-01-24 19:30:24,0.0
GEOP_20260402.csv,2026-01-24 19:33:24,0.0
GEOP_20260402.csv,2026-01-24 19:36:24,0.0
GEOP_20260402.csv,2026-01-24 19:39:24,0.0
GEOP_20260402.csv,2026-01-24 19:42:24,0.0
GEOP_20260402.csv,2026-01-24 19:45:24,0.0
GEOP_20260402.csv,2026-01-24 19:48:24,0.0
GEOP_20260402.csv,2026-01-24 19:51:24,0.0
GEOP_20260402.csv,2026-01-24 19:54:24,0.0
GEOP_20260402.csv,2026-01-24 19:57:24,0.0
GEOP_20260402.csv,2026-01-24 20:00:24,0.0
GEOP_20260402.csv,2026-01-24 20:03:24,0.0
GEOP_20260402.csv,2026-01-24 20:06:24,0.0
GEOP_20260402.csv,2026-01-24 20:09:24,0.0
GEOP_20260402.csv,2026-01-24 20:12:24,0.0
GEOP_20260402.csv,2026-01-24 20:15:24,0.0
GEOP_20260402.csv,2026-01-24 20:18:24,0.0
GEOP_20260402.csv,2026-01-24 20:21:24,0.0
GEOP_20260402.csv,2026-01-24 20:24:24,0.0
GEOP_20260402.csv,2026-01-24 20:27:23,0.0
GEOP_20260402.csv,2026-01-24 20:30:24,0.0
GEOP_20260402.csv,2026-01-24 20:33:23,0.0
GEOP_20260402.csv,2026-01-24 20:36:23,0.0
GEOP_20260402.csv,2026-01-24 20:39:23,0.0
GEOP_20260402.csv,2026-01-24 20:42:23,0.0
GEOP_20260402.csv,2026-01-24 20:45:24,0.0
GEOP_20260402.csv,2026-01-24 20:48:23,0.0
GEOP_20260402.csv,2026-01-24 20:51:23,0.0
GEOP_20260402.csv,2026-01-24 20:54:23,0.0
GEOP_20260402.csv,2026-01-24 20:57:23,0.0
GEOP_20260402.csv,2026-01-24 21:00:23,0.0
GEOP_20260402.csv,2026-01-24 21:03:23,0.0
GEOP_20260402.csv,2026-01-24 21:06:23,0.0
GEOP_20260402.csv,2026-01-24 21:09:23,0.0
GEOP_20260402.csv,2026-01-24 21:12:23,0.0
GEOP_20260402.csv,2026-01-24 21:15:23,0.0
GEOP_20260402.csv,2026-01-24 21:18:23,0.0
GEOP_20260402.csv,2026-01-24 21:21:23,0.0
GEOP_20260402.csv,2026-01-24 21:24:24,0.0
GEOP_20260402.csv,2026-01-24 21:27:23,0.0
GEOP_20260402.csv,2026-01-24 21:30:23,0.0
GEOP_20260402.csv,2026-01-24 21:33:23,0.0
GEOP_20260402.csv,2026-01-24 21:36:23,0.0
GEOP_20260402.csv,2026-01-24 21:39:23,0.0
GEOP_20260402.csv,2026-01-24 21:42:23,0.0
GEOP_20260402.csv,2026-01-24 21:45:23,0.0
GEOP_20260402.csv,2026-01-24 21:48:23,0.0
GEOP_20260402.csv,2026-01-24 21:51:23,0.0
GEOP_20260402.csv,2026-01-24 21:54:23,0.0
GEOP_20260402.csv,2026-01-24 21:57:23,0.0
GEOP_20260402.csv,2026-01-24 22:00:23,0.0
GEOP_20260402.csv,2026-01-24 22:03:23,0.0
GEOP_20260402.csv,2026-01-24 22:06:23,0.0
GEOP_20260402.csv,2026-01-24 22:09:23,0.0
GEOP_20260402.csv,2026-01-24 22:12:23,0.0
GEOP_20260402.csv,2026-01-24 22:15:23,0.0
GEOP_20260402.csv,2026-01-24 22:18:23,0.0
GEOP_20260402.csv,2026-01-24 22:21:23,0.0
GEOP_20260402.csv,2026-01-24 22:24:23,0.0
GEOP_20260402.csv,2026-01-24 22:27:23,0.0
GEOP_20260402.csv,2026-01-24 22:30:23,0.0
GEOP_20260402.csv,2026-01-24 22:33:23,0.0
GEOP_20260402.csv,2026-01-24 22:36:23,0.0
GEOP_20260402.csv,2026-01-24 22:39:23,0.0
GEOP_20260402.csv,2026-01-24 22:42:23,0.0
GEOP_20260402.csv,2026-01-24 22:45:23,0.0
GEOP_20260402.csv,2026-01-24 22:48:23,0.0
GEOP_20260402.csv,2026-01-24 22:51:23,0.0
GEOP_20260402.csv,2026-01-24 22:54:23,0.0
GEOP_20260402.csv,2026-01-24 22:57:23,0.0
GEOP_20260402.csv,2026-01-24 23:00:23,0.0
GEOP_20260402.csv,2026-01-24 23:03:23,0.0
GEOP_20260402.csv,2026-01-24 23:06:23,0.0
GEOP_20260402.csv,2026-01-24 23:09:23,0.0
GEOP_20260402.csv,2026-01-24 23:12:23,0.0
GEOP_20260402.csv,2026-01-24 23:15:23,0.0
GEOP_20260402.csv,2026-01-24 23:18:23,0.0
GEOP_20260402.csv,2026-01-24 23:21:23,0.0
GEOP_20260402.csv,2026-01-24 23:24:23,0.0
GEOP_20260402.csv,2026-01-24 23:27:23,0.0
GEOP_20260402.csv,2026-01-24 23:30:23,0.0
GEOP_20260402.csv,2026-01-24 23:33:23,0.0
GEOP_20260402.csv,2026-01-24 23:36:23,0.0
GEOP_20260402.csv,2026-01-24 23:39:23,0.0
GEOP_20260402.csv,2026-01-24 23:42:23,0.0
GEOP_20260402.csv,2026-01-24 23:45:23,0.0
GEOP_20260402.csv,2026-01-24 23:48:23,0.0
GEOP_20260402.csv,2026-01-24 23:51:23,0.0
GEOP_20260402.csv,2026-01-24 23:54:23,0.0
GEOP_20260402.csv,2026-01-24 23:57:23,0.0
GEOP_20260402.csv,2026-01-25 00:00:23,0.0
GEOP_20260402.csv,2026-01-25 00:03:23,0.0
GEOP_20260402.csv,2026-01-25 00:06:23,0.0
GEOP_20260402.csv,2026-01-25 00:09:23,0.0
GEOP_20260402.csv,2026-01-25 00:12:23,0.0
GEOP_20260402.csv,2026-01-25 00:15:23,0.0
GEOP_20260402.csv,2026-01-25 00:18:23,0.0
GEOP_20260402.csv,2026-01-25 00:21:23,0.0
GEOP_20260402.csv,2026-01-25 00:24:23,0.0
GEOP_20260402.csv,2026-01-25 00:27:23,0.0
GEOP_20260402.csv,2026-01-25 00:30:23,0.0
GEOP_20260402.csv,2026-01-25 00:33:23,0.0
GEOP_20260402.csv,2026-01-25 00:36:23,0.0
GEOP_20260402.csv,2026-01-25 00:39:23,0.0
GEOP_20260402.csv,2026-01-25 00:42:23,0.0
GEOP_20260402.csv,2026-01-25 00:45:23,0.0
GEOP_20260402.csv,2026-01-25 00:48:23,0.0
GEOP_20260402.csv,2026-01-25 00:51:23,0.0
GEOP_20260402.csv,2026-01-25 00:54:23,0.0
GEOP_20260402.csv,2026-01-25 00:57:23,0.0
GEOP_20260402.csv,2026-01-25 01:00:23,0.0
GEOP_20260402.csv,2026-01-25 01:03:23,0.0
GEOP_20260402.csv,2026-01-25 01:06:23,0.0
GEOP_20260402.csv,2026-01-25 01:09:23,0.0
GEOP_20260402.csv,2026-01-25 01:12:23,0.0
GEOP_20260402.csv,2026-01-25 01:15:23,0.0
GEOP_20260402.csv,2026-01-25 01:18:23,0.0
GEOP_20260402.csv,2026-01-25 01:21:23,0.0
GEOP_20260402.csv,2026-01-25 01:24:23,0.0
GEOP_20260402.csv,2026-01-25 01:27:23,0.0
GEOP_20260402.csv,2026-01-25 01:30:23,0.0
GEOP_20260402.csv,2026-01-25 01:33:23,0.0
GEOP_20260402.csv,2026-01-25 01:36:23,0.0
GEOP_20260402.csv,2026-01-25 01:39:23,0.0
GEOP_20260402.csv,2026-01-25 01:42:23,0.0
GEOP_20260402.csv,2026-01-25 01:45:23,0.0
GEOP_20260402.csv,2026-01-25 01:48:23,0.0
GEOP_20260402.csv,2026-01-25 01:51:23,0.0
GEOP_20260402.csv,2026-01-25 01:54:23,0.0
GEOP_20260402.csv,2026-01-25 01:57:23,0.0
GEOP_20260402.csv,2026-01-25 02:00:23,0.0
GEOP_20260402.csv,2026-01-25 02:03:23,0.0
GEOP_20260402.csv,2026-01-25 02:06:23,0.0
GEOP_20260402.csv,2026-01-25 02:09:23,0.0
GEOP_20260402.csv,2026-01-25 02:12:23,0.0
GEOP_20260402.csv,2026-01-25 02:15:23,0.0
GEOP_20260402.csv,2026-01-25 02:18:23,0.0
GEOP_20260402.csv,2026-01-25 02:21:23,0.0
GEOP_20260402.csv,2026-01-25 02:24:23,0.0
GEOP_20260402.csv,2026-01-25 02:27:23,0.0
GEOP_20260402.csv,2026-01-25 02:30:23,0.0
GEOP_20260402.csv,2026-01-25 02:33:23,0.0
GEOP_20260402.csv,2026-01-25 02:36:23,0.0
GEOP_20260402.csv,2026-01-25 02:39:23,0.0
GEOP_20260402.csv,2026-01-25 02:42:23,0.0
GEOP_20260402.csv,2026-01-25 02:45:23,0.0
GEOP_20260402.csv,2026-01-25 02:48:23,0.0
GEOP_20260402.csv,2026-01-25 02:51:23,0.0
GEOP_20260402.csv,2026-01-25 02:54:23,0.0
GEOP_20260402.csv,2026-01-25 02:57:23,0.0
GEOP_20260402.csv,2026-01-25 03:00:23,0.0
GEOP_20260402.csv,2026-01-25 03:03:23,0.0
GEOP_20260402.csv,2026-01-25 03:06:23,0.0
GEOP_20260402.csv,2026-01-25 03:09:23,0.0
GEOP_20260402.csv,2026-01-25 03:12:23,0.0
GEOP_20260402.csv,2026-01-25 03:15:23,0.0
GEOP_20260402.csv,2026-01-25 03:18:23,0.0
GEOP_20260402.csv,2026-01-25 03:21:23,0.0
GEOP_20260402.csv,2026-01-25 03:24:23,0.0
GEOP_20260402.csv,2026-01-25 03:27:23,0.0
GEOP_20260402.csv,2026-01-25 03:30:23,0.0
GEOP_20260402.csv,2026-01-25 03:33:23,0.0
GEOP_20260402.csv,2026-01-25 03:36:23,0.0
GEOP_20260402.csv,2026-01-25 03:39:23,0.0
GEOP_20260402.csv,2026-01-25 03:42:23,0.0
GEOP_20260402.csv,2026-01-25 03:45:23,0.0
GEOP_20260402.csv,2026-01-25 03:48:23,0.0
GEOP_20260402.csv,2026-01-25 03:51:23,0.0
GEOP_20260402.csv,2026-01-25 03:54:23,0.0
GEOP_20260402.csv,2026-01-25 03:57:23,0.0
GEOP_20260402.csv,2026-01-25 04:00:23,0.0
GEOP_20260402.csv,2026-01-25 04:03:23,0.0
GEOP_20260402.csv,2026-01-25 04:06:23,0.0
GEOP_20260402.csv,2026-01-25 04:09:23,0.0
GEOP_20260402.csv,2026-01-25 04:12:23,0.0
GEOP_20260402.csv,2026-01-25 04:15:23,0.0
GEOP_20260402.csv,2026-01-25 04:18:23,0.0
GEOP_20260402.csv,2026-01-25 04:21:23,0.0
GEOP_20260402.csv,2026-01-25 04:24:23,0.0
GEOP_20260402.csv,2026-01-25 04:27:23,0.0
GEOP_20260402.csv,2026-01-25 04:30:23,0.0
GEOP_20260402.csv,2026-01-25 04:33:23,0.0
GEOP_20260402.csv,2026-01-25 04:36:23,0.0
GEOP_20260402.csv,2026-01-25 04:39:23,0.0
GEOP_20260402.csv,2026-01-25 04:42:23,0.0
GEOP_20260402.csv,2026-01-25 04:45:23,0.0
GEOP_20260402.csv,2026-01-25 04:48:23,0.0
GEOP_20260402.csv,2026-01-25 04:51:23,0.0
GEOP_20260402.csv,2026-01-25 04:54:23,0.0
GEOP_20260402.csv,2026-01-25 04:57:23,0.0
GEOP_20260402.csv,2026-01-25 05:00:23,0.0
GEOP_20260402.csv,2026-01-25 05:03:23,0.0
GEOP_20260402.csv,2026-01-25 05:06:23,0.0
GEOP_20260402.csv,2026-01-25 05:09:23,0.0
GEOP_20260402.csv,2026-01-25 05:12:23,0.0
GEOP_20260402.csv,2026-01-25 05:15:23,0.0
GEOP_20260402.csv,2026-01-25 05:18:23,0.0
GEOP_20260402.csv,2026-01-25 05:21:23,0.0
GEOP_20260402.csv,2026-01-25 05:24:23,0.0
GEOP_20260402.csv,2026-01-25 05:27:23,0.0
GEOP_20260402.csv,2026-01-25 05:30:23,0.0
GEOP_20260402.csv,2026-01-25 05:33:23,0.0
GEOP_20260402.csv,2026-01-25 05:36:23,0.0
GEOP_20260402.csv,2026-01-25 05:39:23,0.0
GEOP_20260402.csv,2026-01-25 05:42:23,0.0
GEOP_20260402.csv,2026-01-25 05:45:23,0.0
GEOP_20260402.csv,2026-01-25 05:48:23,0.0
GEOP_20260402.csv,2026-01-25 05:51:23,0.0
GEOP_20260402.csv,2026-01-25 05:54:23,0.0
GEOP_20260402.csv,2026-01-25 05:57:23,0.0
GEOP_20260402.csv,2026-01-25 06:00:23,0.0
GEOP_20260402.csv,2026-01-25 06:03:23,0.0
GEOP_20260402.csv,2026-01-25 06:06:23,0.0
GEOP_20260402.csv,2026-01-25 06:09:23,0.0
GEOP_20260402.csv,2026-01-25 06:12:23,0.0
GEOP_20260402.csv,2026-01-25 06:15:23,0.0
GEOP_20260402.csv,2026-01-25 06:18:23,0.0
GEOP_20260402.csv,2026-01-25 06:21:23,0.0
GEOP_20260402.csv,2026-01-25 06:24:23,0.0
GEOP_20260402.csv,2026-01-25 06:27:23,0.0
GEOP_20260402.csv,2026-01-25 06:30:23,0.0
GEOP_20260402.csv,2026-01-25 06:33:23,0.0
GEOP_20260402.csv,2026-01-25 06:36:23,0.0
GEOP_20260402.csv,2026-01-25 06:39:23,0.0
GEOP_20260402.csv,2026-01-25 06:42:23,0.0
GEOP_20260402.csv,2026-01-25 06:45:23,0.0
GEOP_20260402.csv,2026-01-25 06:48:23,0.0
GEOP_20260402.csv,2026-01-25 06:51:23,0.0
GEOP_20260402.csv,2026-01-25 06:54:23,0.0
GEOP_20260402.csv,2026-01-25 06:57:23,0.0
GEOP_20260402.csv,2026-01-25 07:00:23,0.0
GEOP_20260402.csv,2026-01-25 07:03:23,0.0
GEOP_20260402.csv,2026-01-25 07:06:23,0.0
GEOP_20260402.csv,2026-01-25 07:09:23,0.0
GEOP_20260402.csv,2026-01-25 07:12:23,0.0
GEOP_20260402.csv,2026-01-25 07:15:23,0.0
GEOP_20260402.csv,2026-01-25 07:18:23,0.0
GEOP_20260402.csv,2026-01-25 07:21:23,0.0
GEOP_20260402.csv,2026-01-25 07:24:23,0.0
GEOP_20260402.csv,2026-01-25 07:27:23,0.0
GEOP_20260402.csv,2026-01-25 07:30:23,0.0
GEOP_20260402.csv,2026-01-25 07:33:23,0.0
GEOP_20260402.csv,2026-01-25 07:36:23,0.0
GEOP_20260402.csv,2026-01-25 07:39:23,0.0
GEOP_20260402.csv,2026-01-25 07:42:23,0.0
GEOP_20260402.csv,2026-01-25 07:45:23,0.0
GEOP_20260402.csv,2026-01-25 07:48:23,0.0
GEOP_20260402.csv,2026-01-25 07:51:23,0.0
GEOP_20260402.csv,2026-01-25 07:54:23,0.0
GEOP_20260402.csv,2026-01-25 07:57:23,0.0
GEOP_20260402.csv,2026-01-25 08:00:23,0.0
GEOP_20260402.csv,2026-01-25 08:03:23,0.0
GEOP_20260402.csv,2026-01-25 08:06:23,0.0
GEOP_20260402.csv,2026-01-25 08:09:23,0.0
GEOP_20260402.csv,2026-01-25 08:12:23,0.0
GEOP_20260402.csv,2026-01-25 08:15:23,0.0
GEOP_20260402.csv,2026-01-25 08:18:23,0.0
GEOP_20260402.csv,2026-01-25 08:21:23,0.0
GEOP_20260402.csv,2026-01-25 08:24:23,0.0
GEOP_20260402.csv,2026-01-25 08:27:23,0.0
GEOP_20260402.csv,2026-01-25 08:30:23,0.0
GEOP_20260402.csv,2026-01-25 08:33:23,0.0
GEOP_20260402.csv,2026-01-25 08:36:23,0.0
GEOP_20260402.csv,2026-01-25 08:39:23,0.0
GEOP_20260402.csv,2026-01-25 08:42:23,0.0
GEOP_20260402.csv,2026-01-25 08:45:23,0.0
GEOP_20260402.csv,2026-01-25 08:48:23,0.0
GEOP_20260402.csv,2026-01-25 08:51:23,0.0
GEOP_20260402.csv,2026-01-25 08:54:23,0.0
GEOP_20260402.csv,2026-01-25 08:57:23,0.0
GEOP_20260402.csv,2026-01-25 09:00:23,0.0
GEOP_20260402.csv,2026-01-25 09:03:23,0.0
GEOP_20260402.csv,2026-01-25 09:06:23,0.0
GEOP_20260402.csv,2026-01-25 09:09:23,0.0
GEOP_20260402.csv,2026-01-25 09:12:23,0.0
GEOP_20260402.csv,2026-01-25 09:15:23,0.0
GEOP_20260402.csv,2026-01-25 09:18:23,0.0
GEOP_20260402.csv,2026-01-25 09:21:23,0.0
GEOP_20260402.csv,2026-01-25 09:24:23,0.0
GEOP_20260402.csv,2026-01-25 09:27:23,0.0
GEOP_20260402.csv,2026-01-25 09:30:23,0.0
GEOP_20260402.csv,2026-01-25 09:33:23,0.0
GEOP_20260402.csv,2026-01-25 09:36:23,0.0
GEOP_20260402.csv,2026-01-25 09:39:23,0.0
GEOP_20260402.csv,2026-01-25 09:42:23,0.0
GEOP_20260402.csv,2026-01-25 09:45:23,0.0
GEOP_20260402.csv,2026-01-25 09:48:23,0.0
GEOP_20260402.csv,2026-01-25 09:51:23,0.0
GEOP_20260402.csv,2026-01-25 09:54:23,0.0
GEOP_20260402.csv,2026-01-25 09:57:23,0.0
GEOP_20260402.csv,2026-01-25 10:00:23,0.0
GEOP_20260402.csv,2026-01-25 10:03:23,0.0
GEOP_20260402.csv,2026-01-25 10:06:23,0.0
GEOP_20260402.csv,2026-01-25 10:09:23,0.0
GEOP_20260402.csv,2026-01-25 10:12:23,0.0
GEOP_20260402.csv,2026-01-25 10:15:23,0.0
GEOP_20260402.csv,2026-01-25 10:18:23,0.0
GEOP_20260402.csv,2026-01-25 10:21:23,0.0
GEOP_20260402.csv,2026-01-25 10:24:23,0.0
GEOP_20260402.csv,2026-01-25 10:27:23,0.0
GEOP_20260402.csv,2026-01-25 10:30:23,0.0
GEOP_20260402.csv,2026-01-25 10:33:23,0.0
GEOP_20260402.csv,2026-01-25 10:36:23,0.0
GEOP_20260402.csv,2026-01-25 10:39:23,0.0
GEOP_20260402.csv,2026-01-25 10:42:23,0.0
GEOP_20260402.csv,2026-01-25 10:45:23,0.0
GEOP_20260402.csv,2026-01-25 10:48:23,0.0
GEOP_20260402.csv,2026-01-25 10:51:23,0.0
GEOP_20260402.csv,2026-01-25 10:54:23,0.0
GEOP_20260402.csv,2026-01-25 10:57:23,0.0
GEOP_20260402.csv,2026-01-25 11:00:23,0.0
GEOP_20260402.csv,2026-01-25 11:03:23,0.0
GEOP_20260402.csv,2026-01-25 11:06:23,0.0
GEOP_20260402.csv,2026-01-25 11:09:23,0.0
GEOP_20260402.csv,2026-01-25 11:12:23,0.0
GEOP_20260402.csv,2026-01-25 11:15:23,0.0
GEOP_20260402.csv,2026-01-25 11:18:23,0.0
GEOP_20260402.csv,2026-01-25 11:21:23,0.0
GEOP_20260402.csv,2026-01-25 11:24:23,0.0
GEOP_20260402.csv,2026-01-25 11:27:23,0.0
GEOP_20260402.csv,2026-01-25 11:30:23,0.0
GEOP_20260402.csv,2026-01-25 11:33:23,0.0
GEOP_20260402.csv,2026-01-25 11:36:23,0.0
GEOP_20260402.csv,2026-01-25 11:39:23,0.0
GEOP_20260402.csv,2026-01-25 11:42:23,0.0
GEOP_20260402.csv,2026-01-25 11:45:23,0.0
GEOP_20260402.csv,2026-01-25 11:48:23,0.0
GEOP_20260402.csv,2026-01-25 11:51:23,0.0
GEOP_20260402.csv,2026-01-25 11:54:23,0.0
GEOP_20260402.csv,2026-01-25 11:57:23,0.0
GEOP_20260402.csv,2026-01-25 12:00:23,0.0
GEOP_20260402.csv,2026-01-25 12:03:23,0.0
GEOP_20260402.csv,2026-01-25 12:06:23,0.0
GEOP_20260402.csv,2026-01-25 12:09:23,0.0
GEOP_20260402.csv,2026-01-25 12:12:23,0.0
GEOP_20260402.csv,2026-01-25 12:15:23,0.0
GEOP_20260402.csv,2026-01-25 12:18:22,0.0
GEOP_20260402.csv,2026-01-25 12:21:22,0.0
GEOP_20260402.csv,2026-01-25 12:24:22,0.0
GEOP_20260402.csv,2026-01-25 12:27:22,0.0
GEOP_20260402.csv,2026-01-25 12:30:22,0.0
GEOP_20260402.csv,2026-01-25 12:33:23,0.0
GEOP_20260402.csv,2026-01-25 12:36:22,0.0
GEOP_20260402.csv,2026-01-25 12:39:22,0.0
GEOP_20260402.csv,2026-01-25 12:42:22,0.0
GEOP_20260402.csv,2026-01-25 12:45:22,0.0
GEOP_20260402.csv,2026-01-25 12:48:22,0.0
GEOP_20260402.csv,2026-01-25 12:51:22,0.0
GEOP_20260402.csv,2026-01-25 12:54:22,0.0
GEOP_20260402.csv,2026-01-25 12:57:22,0.0
GEOP_20260402.csv,2026-01-25 13:00:22,0.0
GEOP_20260402.csv,2026-01-25 13:03:22,0.0
GEOP_20260402.csv,2026-01-25 13:06:22,0.0
GEOP_20260402.csv,2026-01-25 13:09:22,0.0
GEOP_20260402.csv,2026-01-25 13:12:22,0.0
GEOP_20260402.csv,2026-01-25 13:15:22,0.0
GEOP_20260402.csv,2026-01-25 13:18:22,0.0
GEOP_20260402.csv,2026-01-25 13:21:22,0.0
GEOP_20260402.csv,2026-01-25 13:24:22,0.0
GEOP_20260402.csv,2026-01-25 13:27:22,0.0
GEOP_20260402.csv,2026-01-25 13:30:22,0.0
GEOP_20260402.csv,2026-01-25 13:33:22,0.0
GEOP_20260402.csv,2026-01-25 13:36:22,0.0
GEOP_20260402.csv,2026-01-25 13:39:22,0.0
GEOP_20260402.csv,2026-01-25 13:42:22,0.0
GEOP_20260402.csv,2026-01-25 13:45:22,0.0
GEOP_20260402.csv,2026-01-25 13:48:22,0.0
GEOP_20260402.csv,2026-01-25 13:51:22,0.0
GEOP_20260402.csv,2026-01-25 13:54:22,0.0
GEOP_20260402.csv,2026-01-25 13:57:22,0.0
GEOP_20260402.csv,2026-01-25 14:00:22,0.0
GEOP_20260402.csv,2026-01-25 14:03:22,0.0
GEOP_20260402.csv,2026-01-25 14:06:22,0.0
GEOP_20260402.csv,2026-01-25 14:09:22,0.0
GEOP_20260402.csv,2026-01-25 14:12:22,0.0
GEOP_20260402.csv,2026-01-25 14:15:22,0.0
GEOP_20260402.csv,2026-01-25 14:18:22,0.0
GEOP_20260402.csv,2026-01-25 14:21:22,0.0
GEOP_20260402.csv,2026-01-25 14:24:22,0.0
GEOP_20260402.csv,2026-01-25 14:27:22,0.0
GEOP_20260402.csv,2026-01-25 14:30:22,0.0
GEOP_20260402.csv,2026-01-25 14:33:22,0.0
GEOP_20260402.csv,2026-01-25 14:36:22,0.0
GEOP_20260402.csv,2026-01-25 14:39:22,0.0
GEOP_20260402.csv,2026-01-25 14:42:22,0.0
GEOP_20260402.csv,2026-01-25 14:48:22,0.0
GEOP_20260402.csv,2026-01-25 14:51:22,0.0
GEOP_20260402.csv,2026-01-25 14:54:22,0.0
GEOP_20260402.csv,2026-01-25 14:57:22,0.0
GEOP_20260402.csv,2026-01-25 15:00:23,0.0
GEOP_20260402.csv,2026-01-25 15:03:22,0.0
GEOP_20260402.csv,2026-01-25 15:06:22,0.0
GEOP_20260402.csv,2026-01-25 15:09:22,0.0
GEOP_20260402.csv,2026-01-25 15:12:22,0.0
GEOP_20260402.csv,2026-01-25 15:15:22,0.0
GEOP_20260402.csv,2026-01-25 15:18:22,0.0
GEOP_20260402.csv,2026-01-25 15:21:22,0.0
GEOP_20260402.csv,2026-01-25 15:24:22,0.0
GEOP_20260402.csv,2026-01-25 15:27:22,0.0
GEOP_20260402.csv,2026-01-25 15:30:22,0.0
GEOP_20260402.csv,2026-01-25 15:33:22,0.0
GEOP_20260402.csv,2026-01-25 15:36:22,0.0
GEOP_20260402.csv,2026-01-25 15:39:22,0.0
GEOP_20260402.csv,2026-01-25 15:42:22,0.0
GEOP_20260402.csv,2026-01-25 15:45:22,0.0
GEOP_20260402.csv,2026-01-25 15:48:22,0.0
GEOP_20260402.csv,2026-01-25 15:51:22,0.0
GEOP_20260402.csv,2026-01-25 15:54:22,0.0
GEOP_20260402.csv,2026-01-25 15:57:22,0.0
GEOP_20260402.csv,2026-01-25 16:00:22,0.0
GEOP_20260402.csv,2026-01-25 16:03:22,0.0
GEOP_20260402.csv,2026-01-25 16:06:22,0.0
GEOP_20260402.csv,2026-01-25 16:09:22,0.0
GEOP_20260402.csv,2026-01-25 16:12:22,0.0
GEOP_20260402.csv,2026-01-25 16:15:22,0.0
GEOP_20260402.csv,2026-01-25 16:18:22,0.0
GEOP_20260402.csv,2026-01-25 16:21:22,0.0
GEOP_20260402.csv,2026-01-25 16:24:22,0.0
GEOP_20260402.csv,2026-01-25 16:27:22,0.0
GEOP_20260402.csv,2026-01-25 16:30:22,0.0
GEOP_20260402.csv,2026-01-25 16:33:22,0.0
GEOP_20260402.csv,2026-01-25 16:36:22,0.0
GEOP_20260402.csv,2026-01-25 16:39:22,0.0
GEOP_20260402.csv,2026-01-25 16:42:22,0.0
GEOP_20260402.csv,2026-01-25 16:45:22,0.0
GEOP_20260402.csv,2026-01-25 16:48:22,0.0
GEOP_20260402.csv,2026-01-25 16:51:22,0.0
GEOP_20260402.csv,2026-01-25 16:54:22,0.0
GEOP_20260402.csv,2026-01-25 16:57:22,0.0
GEOP_20260402.csv,2026-01-25 17:00:22,0.0
GEOP_20260402.csv,2026-01-25 17:03:22,0.0
GEOP_20260402.csv,2026-01-25 17:06:22,0.0
GEOP_20260402.csv,2026-01-25 17:09:22,0.0
GEOP_20260402.csv,2026-01-25 17:12:22,0.0
GEOP_20260402.csv,2026-01-25 17:15:22,0.0
GEOP_20260402.csv,2026-01-25 17:18:22,0.0
GEOP_20260402.csv,2026-01-25 17:21:22,0.0
GEOP_20260402.csv,2026-01-25 17:24:22,0.0
GEOP_20260402.csv,2026-01-25 17:27:22,0.0
GEOP_20260402.csv,2026-01-25 17:30:22,0.0
GEOP_20260402.csv,2026-01-25 17:33:22,0.0
GEOP_20260402.csv,2026-01-25 17:36:22,0.0
GEOP_20260402.csv,2026-01-25 17:39:22,0.0
GEOP_20260402.csv,2026-01-25 17:42:22,0.0
GEOP_20260402.csv,2026-01-25 17:45:22,0.0
GEOP_20260402.csv,2026-01-25 17:48:22,0.0
GEOP_20260402.csv,2026-01-25 17:51:22,0.0
GEOP_20260402.csv,2026-01-25 17:54:22,0.0
GEOP_20260402.csv,2026-01-25 17:57:22,0.0
GEOP_20260402.csv,2026-01-25 18:00:22,0.0
GEOP_20260402.csv,2026-01-25 18:03:22,0.0
GEOP_20260402.csv,2026-01-25 18:06:22,0.0
GEOP_20260402.csv,2026-01-25 18:09:22,0.0
GEOP_20260402.csv,2026-01-25 18:12:22,0.0
GEOP_20260402.csv,2026-01-25 18:15:22,0.0
GEOP_20260402.csv,2026-01-25 18:18:22,0.0
GEOP_20260402.csv,2026-01-25 18:21:22,0.0
GEOP_20260402.csv,2026-01-25 18:24:22,0.0
GEOP_20260402.csv,2026-01-25 18:27:22,0.0
GEOP_20260402.csv,2026-01-25 18:30:22,0.0
GEOP_20260402.csv,2026-01-25 18:33:22,0.0
GEOP_20260402.csv,2026-01-25 18:36:22,0.0
GEOP_20260402.csv,2026-01-25 18:39:22,0.0
GEOP_20260402.csv,2026-01-25 18:42:22,0.0
GEOP_20260402.csv,2026-01-25 18:45:22,0.0
GEOP_20260402.csv,2026-01-25 18:48:22,0.0
GEOP_20260402.csv,2026-01-25 18:51:22,0.0
GEOP_20260402.csv,2026-01-25 18:54:22,0.0
GEOP_20260402.csv,2026-01-25 18:57:22,0.0
GEOP_20260402.csv,2026-01-25 19:00:22,0.0
GEOP_20260402.csv,2026-01-25 19:03:22,0.0
GEOP_20260402.csv,2026-01-25 19:06:22,0.0
GEOP_20260402.csv,2026-01-25 19:09:22,0.0
GEOP_20260402.csv,2026-01-25 19:12:22,0.0
GEOP_20260402.csv,2026-01-25 19:15:22,0.0
GEOP_20260402.csv,2026-01-25 19:18:22,0.0
GEOP_20260402.csv,2026-01-25 19:21:22,0.0
GEOP_20260402.csv,2026-01-25 19:24:22,0.0
GEOP_20260402.csv,2026-01-25 19:27:22,0.0
GEOP_20260402.csv,2026-01-25 19:30:22,0.01
GEOP_20260402.csv,2026-01-25 19:33:22,0.0
GEOP_20260402.csv,2026-01-25 19:36:22,0.0
GEOP_20260402.csv,2026-01-25 19:39:22,0.01
GEOP_20260402.csv,2026-01-25 19:42:22,0.02
GEOP_20260402.csv,2026-01-25 19:45:22,0.01
GEOP_20260402.csv,2026-01-25 19:48:22,0.05
GEOP_20260402.csv,2026-01-25 19:51:22,0.05
GEOP_20260402.csv,2026-01-25 19:54:22,0.03
GEOP_20260402.csv,2026-01-25 19:57:22,0.03
GEOP_20260402.csv,2026-01-25 20:00:22,0.05
GEOP_20260402.csv,2026-01-25 20:03:22,0.07
GEOP_20260402.csv,2026-01-25 20:06:22,0.11
GEOP_20260402.csv,2026-01-25 20:09:22,0.07
GEOP_20260402.csv,2026-01-25 20:12:22,0.05
GEOP_20260402.csv,2026-01-25 20:15:22,0.05
GEOP_20260402.csv,2026-01-25 20:18:22,0.04
GEOP_20260402.csv,2026-01-25 20:21:22,0.06
GEOP_20260402.csv,2026-01-25 20:24:22,0.04
GEOP_20260402.csv,2026-01-25 20:27:22,0.04
GEOP_20260402.csv,2026-01-25 20:30:22,0.02
GEOP_20260402.csv,2026-01-25 20:33:22,0.02
GEOP_20260402.csv,2026-01-25 20:36:22,0.02
GEOP_20260402.csv,2026-01-25 20:39:22,0.02
GEOP_20260402.csv,2026-01-25 20:42:22,0.03
GEOP_20260402.csv,2026-01-25 20:45:22,0.02
GEOP_20260402.csv,2026-01-25 20:48:22,0.02
GEOP_20260402.csv,2026-01-25 20:51:22,0.01
GEOP_20260402.csv,2026-01-25 20:54:22,0.01
GEOP_20260402.csv,2026-01-25 20:57:22,0.02
GEOP_20260402.csv,2026-01-25 21:00:22,0.01
GEOP_20260402.csv,2026-01-25 21:03:22,0.01
GEOP_20260402.csv,2026-01-25 21:06:22,0.01
GEOP_20260402.csv,2026-01-25 21:09:22,0.0
GEOP_20260402.csv,2026-01-25 21:12:22,0.01
GEOP_20260402.csv,2026-01-25 21:15:22,0.0
GEOP_20260402.csv,2026-01-25 21:18:22,0.01
GEOP_20260402.csv,2026-01-25 21:21:22,0.0
GEOP_20260402.csv,2026-01-25 21:24:22,0.0
GEOP_20260402.csv,2026-01-25 21:27:22,0.01
GEOP_20260402.csv,2026-01-25 21:30:22,0.0
GEOP_20260402.csv,2026-01-25 21:33:22,0.0
GEOP_20260402.csv,2026-01-25 21:36:22,0.01
GEOP_20260402.csv,2026-01-25 21:39:22,0.0
GEOP_20260402.csv,2026-01-25 21:42:22,0.01
GEOP_20260402.csv,2026-01-25 21:45:22,0.0
GEOP_20260402.csv,2026-01-25 21:48:22,0.01
GEOP_20260402.csv,2026-01-25 21:51:22,0.0
GEOP_20260402.csv,2026-01-25 21:54:22,0.01
GEOP_20260402.csv,2026-01-25 21:57:22,0.01
GEOP_20260402.csv,2026-01-25 22:00:22,0.01
GEOP_20260402.csv,2026-01-25 22:03:22,0.01
GEOP_20260402.csv,2026-01-25 22:06:22,0.04
GEOP_20260402.csv,2026-01-25 22:09:22,0.07
GEOP_20260402.csv,2026-01-25 22:12:22,0.07
GEOP_20260402.csv,2026-01-25 22:15:22,0.09
GEOP_20260402.csv,2026-01-25 22:18:22,0.08
GEOP_20260402.csv,2026-01-25 22:21:22,0.07
GEOP_20260402.csv,2026-01-25 22:24:22,0.04
GEOP_20260402.csv,2026-01-25 22:27:22,0.03
GEOP_20260402.csv,2026-01-25 22:30:22,0.02
GEOP_20260402.csv,2026-01-25 22:33:22,0.01
GEOP_20260402.csv,2026-01-25 22:36:22,0.01
GEOP_20260402.csv,2026-01-25 22:39:22,0.01
GEOP_20260402.csv,2026-01-25 22:42:22,0.0
GEOP_20260402.csv,2026-01-25 22:45:22,0.0
GEOP_20260402.csv,2026-01-25 22:48:22,0.01
GEOP_20260402.csv,2026-01-25 22:51:22,0.0
GEOP_20260402.csv,2026-01-25 22:54:22,0.01
GEOP_20260402.csv,2026-01-25 22:57:22,0.04
GEOP_20260402.csv,2026-01-25 23:00:22,0.05
GEOP_20260402.csv,2026-01-25 23:03:22,0.03
GEOP_20260402.csv,2026-01-25 23:06:22,0.01
GEOP_20260402.csv,2026-01-25 23:09:22,0.02
GEOP_20260402.csv,2026-01-25 23:12:22,0.05
GEOP_20260402.csv,2026-01-25 23:15:22,0.07
GEOP_20260402.csv,2026-01-25 23:18:22,0.06
GEOP_20260402.csv,2026-01-25 23:21:22,0.05
GEOP_20260402.csv,2026-01-25 23:24:22,0.05
GEOP_20260402.csv,2026-01-25 23:27:22,0.05
GEOP_20260402.csv,2026-01-25 23:30:22,0.03
GEOP_20260402.csv,2026-01-25 23:33:22,0.02
GEOP_20260402.csv,2026-01-25 23:36:22,0.02
GEOP_20260402.csv,2026-01-25 23:39:22,0.01
GEOP_20260402.csv,2026-01-25 23:42:22,0.01
GEOP_20260402.csv,2026-01-25 23:45:22,0.01
GEOP_20260402.csv,2026-01-25 23:48:22,0.01
GEOP_20260402.csv,2026-01-25 23:51:22,0.0
GEOP_20260402.csv,2026-01-25 23:54:22,0.01
GEOP_20260402.csv,2026-01-25 23:57:22,0.0
GEOP_20260402.csv,2026-01-26 00:00:22,0.01
GEOP_20260402.csv,2026-01-26 00:03:22,0.0
GEOP_20260402.csv,2026-01-26 00:06:22,0.0
GEOP_20260402.csv,2026-01-26 00:09:22,0.0
GEOP_20260402.csv,2026-01-26 00:12:22,0.0
GEOP_20260402.csv,2026-01-26 00:15:22,0.01
GEOP_20260402.csv,2026-01-26 00:18:22,0.0
GEOP_20260402.csv,2026-01-26 00:21:22,0.01
GEOP_20260402.csv,2026-01-26 00:24:22,0.02
GEOP_20260402.csv,2026-01-26 00:27:22,0.03
GEOP_20260402.csv,2026-01-26 00:30:22,0.02
GEOP_20260402.csv,2026-01-26 00:33:22,0.01
GEOP_20260402.csv,2026-01-26 00:36:22,0.0
GEOP_20260402.csv,2026-01-26 00:39:22,0.01
GEOP_20260402.csv,2026-01-26 00:42:22,0.0
GEOP_20260402.csv,2026-01-26 00:45:22,0.01
GEOP_20260402.csv,2026-01-26 00:48:22,0.0
GEOP_20260402.csv,2026-01-26 00:51:22,0.0
GEOP_20260402.csv,2026-01-26 00:54:22,0.0
GEOP_20260402.csv,2026-01-26 00:57:22,0.0
GEOP_20260402.csv,2026-01-26 01:00:22,0.01
GEOP_20260402.csv,2026-01-26 01:03:22,0.0
GEOP_20260402.csv,2026-01-26 01:06:22,0.0
GEOP_20260402.csv,2026-01-26 01:09:22,0.0
GEOP_20260402.csv,2026-01-26 01:12:22,0.0
GEOP_20260402.csv,2026-01-26 01:15:22,0.0
GEOP_20260402.csv,2026-01-26 01:18:22,0.0
GEOP_20260402.csv,2026-01-26 01:21:22,0.0
GEOP_20260402.csv,2026-01-26 01:24:22,0.0
GEOP_20260402.csv,2026-01-26 01:27:22,0.0
GEOP_20260402.csv,2026-01-26 01:30:22,0.01
GEOP_20260402.csv,2026-01-26 01:33:22,0.0
GEOP_20260402.csv,2026-01-26 01:36:22,0.0
GEOP_20260402.csv,2026-01-26 01:39:22,0.0
GEOP_20260402.csv,2026-01-26 01:42:22,0.0
GEOP_20260402.csv,2026-01-26 01:45:22,0.0
GEOP_20260402.csv,2026-01-26 01:48:22,0.0
GEOP_20260402.csv,2026-01-26 01:51:22,0.0
GEOP_20260402.csv,2026-01-26 01:54:21,0.0
GEOP_20260402.csv,2026-01-26 01:57:22,0.0
GEOP_20260402.csv,2026-01-26 02:00:22,0.0
GEOP_20260402.csv,2026-01-26 02:03:21,0.0
GEOP_20260402.csv,2026-01-26 02:06:21,0.0
GEOP_20260402.csv,2026-01-26 02:09:21,0.0
GEOP_20260402.csv,2026-01-26 02:12:21,0.0
GEOP_20260402.csv,2026-01-26 02:15:21,0.0
GEOP_20260402.csv,2026-01-26 02:18:21,0.0
GEOP_20260402.csv,2026-01-26 02:21:21,0.0
GEOP_20260402.csv,2026-01-26 02:24:21,0.0
GEOP_20260402.csv,2026-01-26 02:27:21,0.0
GEOP_20260402.csv,2026-01-26 02:30:21,0.0
GEOP_20260402.csv,2026-01-26 02:33:21,0.0
GEOP_20260402.csv,2026-01-26 02:39:21,0.0
GEOP_20260402.csv,2026-01-26 02:42:21,0.0
GEOP_20260402.csv,2026-01-26 02:45:21,0.0
GEOP_20260402.csv,2026-01-26 02:48:21,0.0
GEOP_20260402.csv,2026-01-26 02:51:21,0.0
GEOP_20260402.csv,2026-01-26 02:54:21,0.0
GEOP_20260402.csv,2026-01-26 02:57:21,0.0
GEOP_20260402.csv,2026-01-26 03:00:21,0.0
GEOP_20260402.csv,2026-01-26 03:03:21,0.0
GEOP_20260402.csv,2026-01-26 03:06:21,0.0
GEOP_20260402.csv,2026-01-26 03:09:21,0.0
GEOP_20260402.csv,2026-01-26 03:12:21,0.0
GEOP_20260402.csv,2026-01-26 03:15:21,0.0
GEOP_20260402.csv,2026-01-26 03:18:21,0.0
GEOP_20260402.csv,2026-01-26 03:21:21,0.0
GEOP_20260402.csv,2026-01-26 03:24:21,0.0
GEOP_20260402.csv,2026-01-26 03:27:21,0.0
GEOP_20260402.csv,2026-01-26 03:30:22,0.0
GEOP_20260402.csv,2026-01-26 03:33:21,0.0
GEOP_20260402.csv,2026-01-26 03:36:21,0.0
GEOP_20260402.csv,2026-01-26 03:39:21,0.0
GEOP_20260402.csv,2026-01-26 03:42:21,0.0
GEOP_20260402.csv,2026-01-26 03:45:21,0.0
GEOP_20260402.csv,2026-01-26 03:48:21,0.0
GEOP_20260402.csv,2026-01-26 03:51:21,0.0
GEOP_20260402.csv,2026-01-26 03:54:21,0.0
GEOP_20260402.csv,2026-01-26 03:57:21,0.0
GEOP_20260402.csv,2026-01-26 04:00:21,0.0
GEOP_20260402.csv,2026-01-26 04:03:21,0.0
GEOP_20260402.csv,2026-01-26 04:06:21,0.0
GEOP_20260402.csv,2026-01-26 04:09:21,0.0
GEOP_20260402.csv,2026-01-26 04:12:21,0.0
GEOP_20260402.csv,2026-01-26 04:15:21,0.0
GEOP_20260402.csv,2026-01-26 04:18:21,0.0
GEOP_20260402.csv,2026-01-26 04:21:21,0.0
GEOP_20260402.csv,2026-01-26 04:24:22,0.0
GEOP_20260402.csv,2026-01-26 04:27:21,0.0
GEOP_20260402.csv,2026-01-26 04:30:21,0.0
GEOP_20260402.csv,2026-01-26 04:33:21,0.0
GEOP_20260402.csv,2026-01-26 04:36:21,0.0
GEOP_20260402.csv,2026-01-26 04:39:21,0.0
GEOP_20260402.csv,2026-01-26 04:42:21,0.01
GEOP_20260402.csv,2026-01-26 04:45:21,0.01
GEOP_20260402.csv,2026-01-26 04:48:21,0.01
GEOP_20260402.csv,2026-01-26 04:51:21,0.01
GEOP_20260402.csv,2026-01-26 04:54:21,0.0
GEOP_20260402.csv,2026-01-26 04:57:21,0.01
GEOP_20260402.csv,2026-01-26 05:00:21,0.0
GEOP_20260402.csv,2026-01-26 05:03:21,0.01
GEOP_20260402.csv,2026-01-26 05:06:21,0.0
GEOP_20260402.csv,2026-01-26 05:09:21,0.0
GEOP_20260402.csv,2026-01-26 05:12:23,0.0
GEOP_20260402.csv,2026-01-26 05:15:21,0.01
GEOP_20260402.csv,2026-01-26 05:18:21,0.0
GEOP_20260402.csv,2026-01-26 05:21:21,0.0
GEOP_20260402.csv,2026-01-26 05:24:21,0.0
GEOP_20260402.csv,2026-01-26 05:27:21,0.0
GEOP_20260402.csv,2026-01-26 05:30:21,0.0
GEOP_20260402.csv,2026-01-26 05:33:21,0.0
GEOP_20260402.csv,2026-01-26 05:36:21,0.01
GEOP_20260402.csv,2026-01-26 05:39:21,0.0
GEOP_20260402.csv,2026-01-26 05:42:21,0.0
GEOP_20260402.csv,2026-01-26 05:45:21,0.0
GEOP_20260402.csv,2026-01-26 05:48:21,0.0
GEOP_20260402.csv,2026-01-26 05:51:21,0.0
GEOP_20260402.csv,2026-01-26 05:54:21,0.0
GEOP_20260402.csv,2026-01-26 05:57:21,0.0
GEOP_20260402.csv,2026-01-26 06:00:21,0.0
GEOP_20260402.csv,2026-01-26 06:03:21,0.0
GEOP_20260402.csv,2026-01-26 06:06:21,0.0
GEOP_20260402.csv,2026-01-26 06:09:21,0.0
GEOP_20260402.csv,2026-01-26 06:12:21,0.0
GEOP_20260402.csv,2026-01-26 06:15:21,0.0
GEOP_20260402.csv,2026-01-26 06:18:21,0.0
GEOP_20260402.csv,2026-01-26 06:21:21,0.0
GEOP_20260402.csv,2026-01-26 06:24:21,0.0
GEOP_20260402.csv,2026-01-26 06:27:21,0.0
GEOP_20260402.csv,2026-01-26 06:30:21,0.0
GEOP_20260402.csv,2026-01-26 06:33:21,0.0
GEOP_20260402.csv,2026-01-26 06:36:21,0.0
GEOP_20260402.csv,2026-01-26 06:39:21,0.0
GEOP_20260402.csv,2026-01-26 06:42:21,0.0
GEOP_20260402.csv,2026-01-26 06:45:21,0.0
GEOP_20260402.csv,2026-01-26 06:48:21,0.0
GEOP_20260402.csv,2026-01-26 06:51:21,0.0
GEOP_20260402.csv,2026-01-26 06:54:21,0.0
GEOP_20260402.csv,2026-01-26 06:57:21,0.0
GEOP_20260402.csv,2026-01-26 07:00:21,0.0
GEOP_20260402.csv,2026-01-26 07:03:21,0.0
GEOP_20260402.csv,2026-01-26 07:06:21,0.0
GEOP_20260402.csv,2026-01-26 07:09:21,0.0
GEOP_20260402.csv,2026-01-26 07:12:21,0.0
GEOP_20260402.csv,2026-01-26 07:15:21,0.0
GEOP_20260402.csv,2026-01-26 07:18:21,0.0
GEOP_20260402.csv,2026-01-26 07:21:21,0.0
GEOP_20260402.csv,2026-01-26 07:24:21,0.0
GEOP_20260402.csv,2026-01-26 07:27:21,0.0
GEOP_20260402.csv,2026-01-26 07:30:21,0.0
GEOP_20260402.csv,2026-01-26 07:33:21,0.0
GEOP_20260402.csv,2026-01-26 07:36:21,0.0
GEOP_20260402.csv,2026-01-26 07:39:21,0.0
GEOP_20260402.csv,2026-01-26 07:42:21,0.0
GEOP_20260402.csv,2026-01-26 07:45:21,0.0
GEOP_20260402.csv,2026-01-26 07:48:21,0.0
GEOP_20260402.csv,2026-01-26 07:51:21,0.0
GEOP_20260402.csv,2026-01-26 07:54:21,0.0
GEOP_20260402.csv,2026-01-26 07:57:21,0.0
GEOP_20260402.csv,2026-01-26 08:00:21,0.0
GEOP_20260402.csv,2026-01-26 08:03:21,0.01
GEOP_20260402.csv,2026-01-26 08:06:21,0.0
GEOP_20260402.csv,2026-01-26 08:09:21,0.0
GEOP_20260402.csv,2026-01-26 08:12:21,0.0
GEOP_20260402.csv,2026-01-26 08:15:21,0.0
GEOP_20260402.csv,2026-01-26 08:18:21,0.0
GEOP_20260402.csv,2026-01-26 08:21:21,0.0
GEOP_20260402.csv,2026-01-26 08:24:21,0.0
GEOP_20260402.csv,2026-01-26 08:27:21,0.0
GEOP_20260402.csv,2026-01-26 08:30:21,0.0
GEOP_20260402.csv,2026-01-26 08:33:21,0.0
GEOP_20260402.csv,2026-01-26 08:36:21,0.0
GEOP_20260402.csv,2026-01-26 08:39:21,0.0
GEOP_20260402.csv,2026-01-26 08:42:21,0.0
GEOP_20260402.csv,2026-01-26 08:45:21,0.0
GEOP_20260402.csv,2026-01-26 08:48:21,0.0
GEOP_20260402.csv,2026-01-26 08:51:21,0.0
GEOP_20260402.csv,2026-01-26 08:54:21,0.0
GEOP_20260402.csv,2026-01-26 08:57:21,0.0
GEOP_20260402.csv,2026-01-26 09:00:21,0.0
GEOP_20260402.csv,2026-01-26 09:03:21,0.0
GEOP_20260402.csv,2026-01-26 09:06:21,0.0
GEOP_20260402.csv,2026-01-26 09:09:21,0.0
GEOP_20260402.csv,2026-01-26 09:12:21,0.0
GEOP_20260402.csv,2026-01-26 09:15:21,0.0
GEOP_20260402.csv,2026-01-26 09:18:21,0.0
GEOP_20260402.csv,2026-01-26 09:21:21,0.0
GEOP_20260402.csv,2026-01-26 09:24:21,0.0
GEOP_20260402.csv,2026-01-26 09:27:21,0.0
GEOP_20260402.csv,2026-01-26 09:30:21,0.0
GEOP_20260402.csv,2026-01-26 09:33:21,0.0
GEOP_20260402.csv,2026-01-26 09:36:21,0.0
GEOP_20260402.csv,2026-01-26 09:39:21,0.0
GEOP_20260402.csv,2026-01-26 09:42:21,0.0
GEOP_20260402.csv,2026-01-26 09:45:21,0.0
GEOP_20260402.csv,2026-01-26 09:48:21,0.0
GEOP_20260402.csv,2026-01-26 09:51:21,0.0
GEOP_20260402.csv,2026-01-26 09:54:21,0.0
GEOP_20260402.csv,2026-01-26 09:57:21,0.0
GEOP_20260402.csv,2026-01-26 10:00:21,0.0
GEOP_20260402.csv,2026-01-26 10:03:21,0.0
GEOP_20260402.csv,2026-01-26 10:06:21,0.0
GEOP_20260402.csv,2026-01-26 10:09:21,0.0
GEOP_20260402.csv,2026-01-26 10:12:21,0.0
GEOP_20260402.csv,2026-01-26 10:15:21,0.0
GEOP_20260402.csv,2026-01-26 10:18:21,0.0
GEOP_20260402.csv,2026-01-26 10:21:21,0.0
GEOP_20260402.csv,2026-01-26 10:24:21,0.0
GEOP_20260402.csv,2026-01-26 10:27:21,0.0
GEOP_20260402.csv,2026-01-26 10:30:21,0.0
GEOP_20260402.csv,2026-01-26 10:33:21,0.0
GEOP_20260402.csv,2026-01-26 10:36:21,0.0
GEOP_20260402.csv,2026-01-26 10:39:21,0.0
GEOP_20260402.csv,2026-01-26 10:42:21,0.0
GEOP_20260402.csv,2026-01-26 10:45:21,0.0
GEOP_20260402.csv,2026-01-26 10:48:21,0.0
GEOP_20260402.csv,2026-01-26 10:51:21,0.0
GEOP_20260402.csv,2026-01-26 10:54:21,0.0
GEOP_20260402.csv,2026-01-26 10:57:21,0.0
GEOP_20260402.csv,2026-01-26 11:00:21,0.0
GEOP_20260402.csv,2026-01-26 11:03:21,0.0
GEOP_20260402.csv,2026-01-26 11:06:21,0.0
GEOP_20260402.csv,2026-01-26 11:09:21,0.0
GEOP_20260402.csv,2026-01-26 11:12:21,0.0
GEOP_20260402.csv,2026-01-26 11:15:21,0.0
GEOP_20260402.csv,2026-01-26 11:18:21,0.0
GEOP_20260402.csv,2026-01-26 11:21:21,0.0
GEOP_20260402.csv,2026-01-26 11:24:21,0.0
GEOP_20260402.csv,2026-01-26 11:27:21,0.0
GEOP_20260402.csv,2026-01-26 11:30:21,0.0
GEOP_20260402.csv,2026-01-26 11:33:21,0.0
GEOP_20260402.csv,2026-01-26 11:36:21,0.0
GEOP_20260402.csv,2026-01-26 11:39:21,0.0
GEOP_20260402.csv,2026-01-26 11:42:21,0.0
GEOP_20260402.csv,2026-01-26 11:45:21,0.0
GEOP_20260402.csv,2026-01-26 11:48:21,0.0
GEOP_20260402.csv,2026-01-26 11:51:21,0.0
GEOP_20260402.csv,2026-01-26 11:54:21,0.0
GEOP_20260402.csv,2026-01-26 11:57:21,0.0
GEOP_20260402.csv,2026-01-26 12:00:21,0.0
GEOP_20260402.csv,2026-01-26 12:03:21,0.0
GEOP_20260402.csv,2026-01-26 12:06:21,0.0
GEOP_20260402.csv,2026-01-26 12:09:21,0.0
GEOP_20260402.csv,2026-01-26 12:12:21,0.0
GEOP_20260402.csv,2026-01-26 12:15:21,0.0
GEOP_20260402.csv,2026-01-26 12:18:21,0.0
GEOP_20260402.csv,2026-01-26 12:21:21,0.0
GEOP_20260402.csv,2026-01-26 12:24:21,0.0
GEOP_20260402.csv,2026-01-26 12:27:21,0.0
GEOP_20260402.csv,2026-01-26 12:30:21,0.0
GEOP_20260402.csv,2026-01-26 12:33:21,0.0
GEOP_20260402.csv,2026-01-26 12:36:21,0.0
GEOP_20260402.csv,2026-01-26 12:39:21,0.0
GEOP_20260402.csv,2026-01-26 12:42:21,0.0
GEOP_20260402.csv,2026-01-26 12:45:21,0.0
GEOP_20260402.csv,2026-01-26 12:48:21,0.0
GEOP_20260402.csv,2026-01-26 12:51:21,0.0
GEOP_20260402.csv,2026-01-26 12:54:21,0.0
GEOP_20260402.csv,2026-01-26 12:57:21,0.0
GEOP_20260402.csv,2026-01-26 13:00:21,0.0
GEOP_20260402.csv,2026-01-26 13:03:21,0.0
GEOP_20260402.csv,2026-01-26 13:06:21,0.0
GEOP_20260402.csv,2026-01-26 13:09:21,0.0
GEOP_20260402.csv,2026-01-26 13:12:21,0.0
GEOP_20260402.csv,2026-01-26 13:15:21,0.0
GEOP_20260402.csv,2026-01-26 13:18:21,0.0
GEOP_20260402.csv,2026-01-26 13:21:21,0.0
GEOP_20260402.csv,2026-01-26 13:24:21,0.0
GEOP_20260402.csv,2026-01-26 13:27:21,0.0
GEOP_20260402.csv,2026-01-26 13:30:21,0.0
GEOP_20260402.csv,2026-01-26 13:33:21,0.0
GEOP_20260402.csv,2026-01-26 13:36:21,0.0
GEOP_20260402.csv,2026-01-26 13:39:21,0.0
GEOP_20260402.csv,2026-01-26 13:42:21,0.0
GEOP_20260402.csv,2026-01-26 13:45:21,0.0
GEOP_20260402.csv,2026-01-26 13:48:21,0.0
GEOP_20260402.csv,2026-01-26 13:51:21,0.0
GEOP_20260402.csv,2026-01-26 13:54:21,0.0
GEOP_20260402.csv,2026-01-26 13:57:21,0.0
GEOP_20260402.csv,2026-01-26 14:00:21,0.0
GEOP_20260402.csv,2026-01-26 14:03:21,0.0
GEOP_20260402.csv,2026-01-26 14:09:21,0.0
GEOP_20260402.csv,2026-01-26 14:12:21,0.0
GEOP_20260402.csv,2026-01-26 14:15:21,0.0
GEOP_20260402.csv,2026-01-26 14:18:21,0.0
GEOP_20260402.csv,2026-01-26 14:21:21,0.0
GEOP_20260402.csv,2026-01-26 14:24:21,0.0
GEOP_20260402.csv,2026-01-26 14:27:21,0.0
GEOP_20260402.csv,2026-01-26 14:30:21,0.0
GEOP_20260402.csv,2026-01-26 14:33:21,0.0
GEOP_20260402.csv,2026-01-26 14:36:21,0.0
GEOP_20260402.csv,2026-01-26 14:39:21,0.0
GEOP_20260402.csv,2026-01-26 14:42:21,0.0
GEOP_20260402.csv,2026-01-26 14:45:21,0.0
GEOP_20260402.csv,2026-01-26 14:48:21,0.0
GEOP_20260402.csv,2026-01-26 14:51:21,0.0
GEOP_20260402.csv,2026-01-26 14:54:21,0.0
GEOP_20260402.csv,2026-01-26 14:57:21,0.0
GEOP_20260402.csv,2026-01-26 15:00:21,0.0
GEOP_20260402.csv,2026-01-26 15:03:21,0.0
GEOP_20260402.csv,2026-01-26 15:06:21,0.0
GEOP_20260402.csv,2026-01-26 15:09:21,0.0
GEOP_20260402.csv,2026-01-26 15:12:21,0.0
GEOP_20260402.csv,2026-01-26 15:15:21,0.0
GEOP_20260402.csv,2026-01-26 15:18:20,0.0
GEOP_20260402.csv,2026-01-26 15:21:21,0.0
GEOP_20260402.csv,2026-01-26 15:24:20,0.0
GEOP_20260402.csv,2026-01-26 15:27:21,0.0
GEOP_20260402.csv,2026-01-26 15:30:20,0.0
GEOP_20260402.csv,2026-01-26 15:33:20,0.0
GEOP_20260402.csv,2026-01-26 15:36:21,0.0
GEOP_20260402.csv,2026-01-26 15:39:20,0.0
GEOP_20260402.csv,2026-01-26 15:42:20,0.0
GEOP_20260402.csv,2026-01-26 15:45:21,0.0
GEOP_20260402.csv,2026-01-26 15:48:21,0.0
GEOP_20260402.csv,2026-01-26 15:51:20,0.0
GEOP_20260402.csv,2026-01-26 15:54:20,0.0
GEOP_20260402.csv,2026-01-26 15:57:20,0.0
GEOP_20260402.csv,2026-01-26 16:00:20,0.0
GEOP_20260402.csv,2026-01-26 16:03:20,0.0
GEOP_20260402.csv,2026-01-26 16:06:20,0.0
GEOP_20260402.csv,2026-01-26 16:09:20,0.0
GEOP_20260402.csv,2026-01-26 16:12:20,0.0
GEOP_20260402.csv,2026-01-26 16:15:20,0.0
GEOP_20260402.csv,2026-01-26 16:18:20,0.0
GEOP_20260402.csv,2026-01-26 16:21:20,0.0
GEOP_20260402.csv,2026-01-26 16:24:20,0.0
GEOP_20260402.csv,2026-01-26 16:27:20,0.0
GEOP_20260402.csv,2026-01-26 16:30:20,0.0
GEOP_20260402.csv,2026-01-26 16:33:20,0.0
GEOP_20260402.csv,2026-01-26 16:36:21,0.0
GEOP_20260402.csv,2026-01-26 16:39:20,0.0
GEOP_20260402.csv,2026-01-26 16:42:20,0.0
GEOP_20260402.csv,2026-01-26 16:45:20,0.0
GEOP_20260402.csv,2026-01-26 16:48:20,0.0
GEOP_20260402.csv,2026-01-26 16:51:20,0.0
GEOP_20260402.csv,2026-01-26 16:54:20,0.0
GEOP_20260402.csv,2026-01-26 16:57:20,0.0
GEOP_20260402.csv,2026-01-26 17:00:20,0.0
GEOP_20260402.csv,2026-01-26 17:03:20,0.0
GEOP_20260402.csv,2026-01-26 17:06:20,0.0
GEOP_20260402.csv,2026-01-26 17:09:20,0.0
GEOP_20260402.csv,2026-01-26 17:12:20,0.0
GEOP_20260402.csv,2026-01-26 17:15:20,0.0
GEOP_20260402.csv,2026-01-26 17:18:20,0.0
GEOP_20260402.csv,2026-01-26 17:21:20,0.0
GEOP_20260402.csv,2026-01-26 17:24:20,0.0
GEOP_20260402.csv,2026-01-26 17:27:20,0.0
GEOP_20260402.csv,2026-01-26 17:30:20,0.0
GEOP_20260402.csv,2026-01-26 17:33:20,0.0
GEOP_20260402.csv,2026-01-26 17:36:20,0.0
GEOP_20260402.csv,2026-01-26 17:39:20,0.0
GEOP_20260402.csv,2026-01-26 17:42:20,0.0
GEOP_20260402.csv,2026-01-26 17:45:20,0.0
GEOP_20260402.csv,2026-01-26 17:48:20,0.0
GEOP_20260402.csv,2026-01-26 17:51:20,0.0
GEOP_20260402.csv,2026-01-26 17:54:20,0.0
GEOP_20260402.csv,2026-01-26 17:57:20,0.0
GEOP_20260402.csv,2026-01-26 18:00:20,0.0
GEOP_20260402.csv,2026-01-26 18:03:20,0.0
GEOP_20260402.csv,2026-01-26 18:06:20,0.0
GEOP_20260402.csv,2026-01-26 18:09:20,0.0
GEOP_20260402.csv,2026-01-26 18:12:20,0.0
GEOP_20260402.csv,2026-01-26 18:15:20,0.0
GEOP_20260402.csv,2026-01-26 18:18:20,0.0
GEOP_20260402.csv,2026-01-26 18:21:20,0.0
GEOP_20260402.csv,2026-01-26 18:24:20,0.0
GEOP_20260402.csv,2026-01-26 18:27:20,0.0
GEOP_20260402.csv,2026-01-26 18:30:20,0.0
GEOP_20260402.csv,2026-01-26 18:33:20,0.0
GEOP_20260402.csv,2026-01-26 18:36:20,0.0
GEOP_20260402.csv,2026-01-26 18:39:20,0.0
GEOP_20260402.csv,2026-01-26 18:42:20,0.0
GEOP_20260402.csv,2026-01-26 18:45:20,0.0
GEOP_20260402.csv,2026-01-26 18:48:20,0.0
GEOP_20260402.csv,2026-01-26 18:51:20,0.0
GEOP_20260402.csv,2026-01-26 18:54:20,0.0
GEOP_20260402.csv,2026-01-26 18:57:20,0.0
GEOP_20260402.csv,2026-01-26 19:00:20,0.0
GEOP_20260402.csv,2026-01-26 19:03:20,0.0
GEOP_20260402.csv,2026-01-26 19:06:20,0.0
GEOP_20260402.csv,2026-01-26 19:09:20,0.0
GEOP_20260402.csv,2026-01-26 19:12:20,0.0
GEOP_20260402.csv,2026-01-26 19:15:20,0.0
GEOP_20260402.csv,2026-01-26 19:18:20,0.0
GEOP_20260402.csv,2026-01-26 19:21:20,0.0
GEOP_20260402.csv,2026-01-26 19:24:20,0.0
GEOP_20260402.csv,2026-01-26 19:27:20,0.0
GEOP_20260402.csv,2026-01-26 19:30:20,0.0
GEOP_20260402.csv,2026-01-26 19:33:20,0.0
GEOP_20260402.csv,2026-01-26 19:36:20,0.0
GEOP_20260402.csv,2026-01-26 19:39:20,0.0
GEOP_20260402.csv,2026-01-26 19:42:20,0.0
GEOP_20260402.csv,2026-01-26 19:45:20,0.0
GEOP_20260402.csv,2026-01-26 19:48:20,0.0
GEOP_20260402.csv,2026-01-26 19:51:20,0.0
GEOP_20260402.csv,2026-01-26 19:54:20,0.0
GEOP_20260402.csv,2026-01-26 19:57:20,0.0
GEOP_20260402.csv,2026-01-26 20:00:20,0.0
GEOP_20260402.csv,2026-01-26 20:03:20,0.0
GEOP_20260402.csv,2026-01-26 20:06:20,0.0
GEOP_20260402.csv,2026-01-26 20:09:20,0.0
GEOP_20260402.csv,2026-01-26 20:12:20,0.0
GEOP_20260402.csv,2026-01-26 20:15:20,0.0
GEOP_20260402.csv,2026-01-26 20:18:20,0.0
GEOP_20260402.csv,2026-01-26 20:21:20,0.0
GEOP_20260402.csv,2026-01-26 20:24:20,0.0
GEOP_20260402.csv,2026-01-26 20:27:20,0.0
GEOP_20260402.csv,2026-01-26 20:30:20,0.0
GEOP_20260402.csv,2026-01-26 20:33:20,0.0
GEOP_20260402.csv,2026-01-26 20:36:20,0.0
GEOP_20260402.csv,2026-01-26 20:39:20,0.0
GEOP_20260402.csv,2026-01-26 20:42:20,0.0
GEOP_20260402.csv,2026-01-26 20:45:20,0.0
GEOP_20260402.csv,2026-01-26 20:48:20,0.0
GEOP_20260402.csv,2026-01-26 20:51:20,0.0
GEOP_20260402.csv,2026-01-26 20:54:20,0.0
GEOP_20260402.csv,2026-01-26 20:57:20,0.0
GEOP_20260402.csv,2026-01-26 21:00:20,0.0
GEOP_20260402.csv,2026-01-26 21:03:20,0.0
GEOP_20260402.csv,2026-01-26 21:06:20,0.0
GEOP_20260402.csv,2026-01-26 21:09:20,0.0
GEOP_20260402.csv,2026-01-26 21:12:20,0.0
GEOP_20260402.csv,2026-01-26 21:15:20,0.0
GEOP_20260402.csv,2026-01-26 21:18:20,0.0
GEOP_20260402.csv,2026-01-26 21:21:20,0.0
GEOP_20260402.csv,2026-01-26 21:24:20,0.0
GEOP_20260402.csv,2026-01-26 21:27:20,0.0
GEOP_20260402.csv,2026-01-26 21:30:20,0.0
GEOP_20260402.csv,2026-01-26 21:33:20,0.0
GEOP_20260402.csv,2026-01-26 21:36:20,0.0
GEOP_20260402.csv,2026-01-26 21:39:20,0.0
GEOP_20260402.csv,2026-01-26 21:42:20,0.0
GEOP_20260402.csv,2026-01-26 21:45:20,0.0
GEOP_20260402.csv,2026-01-26 21:48:20,0.0
GEOP_20260402.csv,2026-01-26 21:51:20,0.0
GEOP_20260402.csv,2026-01-26 21:54:20,0.0
GEOP_20260402.csv,2026-01-26 21:57:20,0.0
GEOP_20260402.csv,2026-01-26 22:00:20,0.0
GEOP_20260402.csv,2026-01-26 22:03:20,0.0
GEOP_20260402.csv,2026-01-26 22:06:20,0.0
GEOP_20260402.csv,2026-01-26 22:09:20,0.0
GEOP_20260402.csv,2026-01-26 22:12:20,0.0
GEOP_20260402.csv,2026-01-26 22:15:20,0.0
GEOP_20260402.csv,2026-01-26 22:18:20,0.0
GEOP_20260402.csv,2026-01-26 22:21:20,0.0
GEOP_20260402.csv,2026-01-26 22:24:20,0.0
GEOP_20260402.csv,2026-01-26 22:27:20,0.0
GEOP_20260402.csv,2026-01-26 22:30:20,0.0
GEOP_20260402.csv,2026-01-26 22:33:20,0.0
GEOP_20260402.csv,2026-01-26 22:36:20,0.0
GEOP_20260402.csv,2026-01-26 22:39:20,0.0
GEOP_20260402.csv,2026-01-26 22:42:20,0.0
GEOP_20260402.csv,2026-01-26 22:45:20,0.0
GEOP_20260402.csv,2026-01-26 22:48:20,0.0
GEOP_20260402.csv,2026-01-26 22:51:20,0.0
GEOP_20260402.csv,2026-01-26 22:54:20,0.0
GEOP_20260402.csv,2026-01-26 22:57:20,0.0
GEOP_20260402.csv,2026-01-26 23:00:20,0.0
GEOP_20260402.csv,2026-01-26 23:03:20,0.0
GEOP_20260402.csv,2026-01-26 23:06:20,0.0
GEOP_20260402.csv,2026-01-26 23:09:20,0.0
GEOP_20260402.csv,2026-01-26 23:12:20,0.0
GEOP_20260402.csv,2026-01-26 23:15:20,0.0
GEOP_20260402.csv,2026-01-26 23:18:20,0.0
GEOP_20260402.csv,2026-01-26 23:21:20,0.0
GEOP_20260402.csv,2026-01-26 23:24:20,0.0
GEOP_20260402.csv,2026-01-26 23:27:20,0.0
GEOP_20260402.csv,2026-01-26 23:30:20,0.0
GEOP_20260402.csv,2026-01-26 23:33:20,0.0
GEOP_20260402.csv,2026-01-26 23:36:20,0.0
GEOP_20260402.csv,2026-01-26 23:39:20,0.0
GEOP_20260402.csv,2026-01-26 23:42:20,0.0
GEOP_20260402.csv,2026-01-26 23:45:20,0.0
GEOP_20260402.csv,2026-01-26 23:48:20,0.0
GEOP_20260402.csv,2026-01-26 23:51:20,0.0
GEOP_20260402.csv,2026-01-26 23:54:20,0.0
GEOP_20260402.csv,2026-01-26 23:57:20,0.0
GEOP_20260402.csv,2026-01-27 00:00:20,0.0
GEOP_20260402.csv,2026-01-27 00:03:20,0.0
GEOP_20260402.csv,2026-01-27 00:06:20,0.0
GEOP_20260402.csv,2026-01-27 00:09:20,0.0
GEOP_20260402.csv,2026-01-27 00:12:20,0.0
GEOP_20260402.csv,2026-01-27 00:15:20,0.0
GEOP_20260402.csv,2026-01-27 00:18:20,0.0
GEOP_20260402.csv,2026-01-27 00:21:20,0.0
GEOP_20260402.csv,2026-01-27 00:24:20,0.0
GEOP_20260402.csv,2026-01-27 00:27:20,0.0
GEOP_20260402.csv,2026-01-27 00:30:20,0.0
GEOP_20260402.csv,2026-01-27 00:33:20,0.0
GEOP_20260402.csv,2026-01-27 00:36:20,0.0
GEOP_20260402.csv,2026-01-27 00:39:20,0.0
GEOP_20260402.csv,2026-01-27 00:42:20,0.0
GEOP_20260402.csv,2026-01-27 00:45:20,0.0
GEOP_20260402.csv,2026-01-27 00:48:20,0.0
GEOP_20260402.csv,2026-01-27 00:51:20,0.0
GEOP_20260402.csv,2026-01-27 00:54:20,0.0
GEOP_20260402.csv,2026-01-27 00:57:20,0.0
GEOP_20260402.csv,2026-01-27 01:00:20,0.0
GEOP_20260402.csv,2026-01-27 01:03:20,0.0
GEOP_20260402.csv,2026-01-27 01:06:20,0.0
GEOP_20260402.csv,2026-01-27 01:12:20,0.0
GEOP_20260402.csv,2026-01-27 01:15:20,0.0
GEOP_20260402.csv,2026-01-27 01:18:20,0.0
GEOP_20260402.csv,2026-01-27 01:21:20,0.0
GEOP_20260402.csv,2026-01-27 01:24:20,0.0
GEOP_20260402.csv,2026-01-27 01:27:20,0.0
GEOP_20260402.csv,2026-01-27 01:30:20,0.0
GEOP_20260402.csv,2026-01-27 01:33:20,0.0
GEOP_20260402.csv,2026-01-27 01:36:20,0.0
GEOP_20260402.csv,2026-01-27 01:39:20,0.0
GEOP_20260402.csv,2026-01-27 01:42:20,0.0
GEOP_20260402.csv,2026-01-27 01:45:20,0.0
GEOP_20260402.csv,2026-01-27 01:48:20,0.0
GEOP_20260402.csv,2026-01-27 01:51:20,0.0
GEOP_20260402.csv,2026-01-27 01:54:20,0.0
GEOP_20260402.csv,2026-01-27 01:57:20,0.0
GEOP_20260402.csv,2026-01-27 02:00:20,0.0
GEOP_20260402.csv,2026-01-27 02:03:20,0.0
GEOP_20260402.csv,2026-01-27 02:06:20,0.0
GEOP_20260402.csv,2026-01-27 02:09:20,0.0
GEOP_20260402.csv,2026-01-27 02:12:20,0.0
GEOP_20260402.csv,2026-01-27 02:15:21,0.0
GEOP_20260402.csv,2026-01-27 02:18:20,0.0
GEOP_20260402.csv,2026-01-27 02:21:20,0.0
GEOP_20260402.csv,2026-01-27 02:24:20,0.0
GEOP_20260402.csv,2026-01-27 02:27:20,0.0
GEOP_20260402.csv,2026-01-27 02:30:20,0.0
GEOP_20260402.csv,2026-01-27 02:33:20,0.0
GEOP_20260402.csv,2026-01-27 02:36:20,0.0
GEOP_20260402.csv,2026-01-27 02:39:20,0.0
GEOP_20260402.csv,2026-01-27 02:42:20,0.0
GEOP_20260402.csv,2026-01-27 02:45:20,0.0
GEOP_20260402.csv,2026-01-27 02:48:20,0.0
GEOP_20260402.csv,2026-01-27 02:51:20,0.0
GEOP_20260402.csv,2026-01-27 02:54:20,0.0
GEOP_20260402.csv,2026-01-27 02:57:20,0.0
GEOP_20260402.csv,2026-01-27 03:00:20,0.0
GEOP_20260402.csv,2026-01-27 03:03:20,0.0
GEOP_20260402.csv,2026-01-27 03:06:20,0.0
GEOP_20260402.csv,2026-01-27 03:09:20,0.0
GEOP_20260402.csv,2026-01-27 03:12:20,0.0
GEOP_20260402.csv,2026-01-27 03:15:20,0.0
GEOP_20260402.csv,2026-01-27 03:18:20,0.0
GEOP_20260402.csv,2026-01-27 03:21:20,0.0
GEOP_20260402.csv,2026-01-27 03:24:20,0.0
GEOP_20260402.csv,2026-01-27 03:27:20,0.0
GEOP_20260402.csv,2026-01-27 03:30:20,0.0
GEOP_20260402.csv,2026-01-27 03:33:20,0.0
GEOP_20260402.csv,2026-01-27 03:36:20,0.0
GEOP_20260402.csv,2026-01-27 03:39:20,0.0
GEOP_20260402.csv,2026-01-27 03:42:20,0.0
GEOP_20260402.csv,2026-01-27 03:45:20,0.0
GEOP_20260402.csv,2026-01-27 03:48:20,0.0
GEOP_20260402.csv,2026-01-27 03:51:20,0.0
GEOP_20260402.csv,2026-01-27 03:54:20,0.0
GEOP_20260402.csv,2026-01-27 03:57:20,0.0
GEOP_20260402.csv,2026-01-27 04:00:20,0.0
GEOP_20260402.csv,2026-01-27 04:03:20,0.0
GEOP_20260402.csv,2026-01-27 04:06:20,0.0
GEOP_20260402.csv,2026-01-27 04:09:20,0.0
GEOP_20260402.csv,2026-01-27 04:12:20,0.0
GEOP_20260402.csv,2026-01-27 04:15:20,0.0
GEOP_20260402.csv,2026-01-27 04:18:20,0.0
GEOP_20260402.csv,2026-01-27 04:21:20,0.0
GEOP_20260402.csv,2026-01-27 04:24:20,0.0
GEOP_20260402.csv,2026-01-27 04:27:20,0.0
GEOP_20260402.csv,2026-01-27 04:30:20,0.0
GEOP_20260402.csv,2026-01-27 04:33:20,0.0
GEOP_20260402.csv,2026-01-27 04:36:24,0.0
GEOP_20260402.csv,2026-01-27 04:39:20,0.0
GEOP_20260402.csv,2026-01-27 04:42:20,0.0
GEOP_20260402.csv,2026-01-27 04:45:20,0.0
GEOP_20260402.csv,2026-01-27 04:48:20,0.0
GEOP_20260402.csv,2026-01-27 04:51:20,0.0
GEOP_20260402.csv,2026-01-27 04:54:20,0.0
GEOP_20260402.csv,2026-01-27 04:57:20,0.0
GEOP_20260402.csv,2026-01-27 05:00:20,0.0
GEOP_20260402.csv,2026-01-27 05:03:20,0.0
GEOP_20260402.csv,2026-01-27 05:06:20,0.0
GEOP_20260402.csv,2026-01-27 05:09:20,0.0
GEOP_20260402.csv,2026-01-27 05:12:20,0.0
GEOP_20260402.csv,2026-01-27 05:15:20,0.0
GEOP_20260402.csv,2026-01-27 05:18:20,0.0
GEOP_20260402.csv,2026-01-27 05:21:20,0.0
GEOP_20260402.csv,2026-01-27 05:24:20,0.0
GEOP_20260402.csv,2026-01-27 05:27:20,0.0
GEOP_20260402.csv,2026-01-27 05:30:20,0.0
GEOP_20260402.csv,2026-01-27 05:33:20,0.0
GEOP_20260402.csv,2026-01-27 05:36:20,0.0
GEOP_20260402.csv,2026-01-27 05:39:20,0.0
GEOP_20260402.csv,2026-01-27 05:42:20,0.0
GEOP_20260402.csv,2026-01-27 05:45:20,0.0
GEOP_20260402.csv,2026-01-27 05:48:20,0.0
GEOP_20260402.csv,2026-01-27 05:51:20,0.0
GEOP_20260402.csv,2026-01-27 05:54:20,0.0
GEOP_20260402.csv,2026-01-27 05:57:20,0.0
GEOP_20260402.csv,2026-01-27 06:00:20,0.0
GEOP_20260402.csv,2026-01-27 06:03:20,0.0
GEOP_20260402.csv,2026-01-27 06:06:20,0.0
GEOP_20260402.csv,2026-01-27 06:09:20,0.0
GEOP_20260402.csv,2026-01-27 06:12:20,0.0
GEOP_20260402.csv,2026-01-27 06:15:20,0.0
GEOP_20260402.csv,2026-01-27 06:18:20,0.0
GEOP_20260402.csv,2026-01-27 06:21:20,0.0
GEOP_20260402.csv,2026-01-27 06:24:20,0.0
GEOP_20260402.csv,2026-01-27 06:27:20,0.0
GEOP_20260402.csv,2026-01-27 06:30:20,0.0
GEOP_20260402.csv,2026-01-27 06:33:20,0.0
GEOP_20260402.csv,2026-01-27 06:36:20,0.0
GEOP_20260402.csv,2026-01-27 06:39:20,0.0
GEOP_20260402.csv,2026-01-27 06:42:20,0.0
GEOP_20260402.csv,2026-01-27 06:45:20,0.0
GEOP_20260402.csv,2026-01-27 06:48:20,0.0
GEOP_20260402.csv,2026-01-27 06:51:20,0.0
GEOP_20260402.csv,2026-01-27 06:54:20,0.0
GEOP_20260402.csv,2026-01-27 06:57:20,0.0
GEOP_20260402.csv,2026-01-27 07:00:20,0.0
GEOP_20260402.csv,2026-01-27 07:03:20,0.0
GEOP_20260402.csv,2026-01-27 07:06:20,0.0
GEOP_20260402.csv,2026-01-27 07:09:20,0.0
GEOP_20260402.csv,2026-01-27 07:12:20,0.0
GEOP_20260402.csv,2026-01-27 07:15:20,0.0
GEOP_20260402.csv,2026-01-27 07:18:20,0.0
GEOP_20260402.csv,2026-01-27 07:21:20,0.0
GEOP_20260402.csv,2026-01-27 07:24:20,0.0
GEOP_20260402.csv,2026-01-27 07:27:20,0.0
GEOP_20260402.csv,2026-01-27 07:30:20,0.0
GEOP_20260402.csv,2026-01-27 07:33:20,0.0
GEOP_20260402.csv,2026-01-27 07:36:20,0.0
GEOP_20260402.csv,2026-01-27 07:39:20,0.0
GEOP_20260402.csv,2026-01-27 07:42:20,0.0
GEOP_20260402.csv,2026-01-27 07:45:20,0.0
GEOP_20260402.csv,2026-01-27 07:48:20,0.0
GEOP_20260402.csv,2026-01-27 07:51:20,0.0
GEOP_20260402.csv,2026-01-27 07:54:20,0.0
GEOP_20260402.csv,2026-01-27 07:57:20,0.0
GEOP_20260402.csv,2026-01-27 08:00:20,0.0
GEOP_20260402.csv,2026-01-27 08:03:20,0.0
GEOP_20260402.csv,2026-01-27 08:09:20,0.0
GEOP_20260402.csv,2026-01-27 08:12:20,0.0
GEOP_20260402.csv,2026-01-27 08:15:20,0.0
GEOP_20260402.csv,2026-01-27 08:18:20,0.0
GEOP_20260402.csv,2026-01-27 08:21:20,0.0
GEOP_20260402.csv,2026-01-27 08:24:20,0.0
GEOP_20260402.csv,2026-01-27 08:27:20,0.0
GEOP_20260402.csv,2026-01-27 08:30:20,0.0
GEOP_20260402.csv,2026-01-27 08:33:20,0.0
GEOP_20260402.csv,2026-01-27 08:36:20,0.0
GEOP_20260402.csv,2026-01-27 08:39:20,0.0
GEOP_20260402.csv,2026-01-27 08:42:20,0.0
GEOP_20260402.csv,2026-01-27 08:45:20,0.0
GEOP_20260402.csv,2026-01-27 08:48:20,0.0
GEOP_20260402.csv,2026-01-27 08:51:20,0.0
GEOP_20260402.csv,2026-01-27 08:54:20,0.0
GEOP_20260402.csv,2026-01-27 08:57:20,0.0
GEOP_20260402.csv,2026-01-27 09:00:20,0.0
GEOP_20260402.csv,2026-01-27 09:03:20,0.0
GEOP_20260402.csv,2026-01-27 09:06:20,0.0
GEOP_20260402.csv,2026-01-27 09:09:20,0.0
GEOP_20260402.csv,2026-01-27 09:12:20,0.0
GEOP_20260402.csv,2026-01-27 09:15:20,0.0
GEOP_20260402.csv,2026-01-27 09:18:20,0.0
GEOP_20260402.csv,2026-01-27 09:21:20,0.0
GEOP_20260402.csv,2026-01-27 09:24:20,0.0
GEOP_20260402.csv,2026-01-27 09:27:20,0.0
GEOP_20260402.csv,2026-01-27 09:30:20,0.0
GEOP_20260402.csv,2026-01-27 09:33:20,0.0
GEOP_20260402.csv,2026-01-27 09:36:20,0.0
GEOP_20260402.csv,2026-01-27 09:39:20,0.0
GEOP_20260402.csv,2026-01-27 09:42:20,0.0
GEOP_20260402.csv,2026-01-27 09:45:20,0.0
GEOP_20260402.csv,2026-01-27 09:48:20,0.0
GEOP_20260402.csv,2026-01-27 09:51:20,0.0
GEOP_20260402.csv,2026-01-27 09:54:20,0.0
GEOP_20260402.csv,2026-01-27 09:57:20,0.0
GEOP_20260402.csv,2026-01-27 10:00:20,0.0
GEOP_20260402.csv,2026-01-27 10:03:20,0.0
GEOP_20260402.csv,2026-01-27 10:06:20,0.0
GEOP_20260402.csv,2026-01-27 10:09:20,0.0
GEOP_20260402.csv,2026-01-27 10:12:20,0.0
GEOP_20260402.csv,2026-01-27 10:15:20,0.0
GEOP_20260402.csv,2026-01-27 10:18:20,0.0
GEOP_20260402.csv,2026-01-27 10:21:20,0.0
GEOP_20260402.csv,2026-01-27 10:24:20,0.0
GEOP_20260402.csv,2026-01-27 10:27:20,0.0
GEOP_20260402.csv,2026-01-27 10:30:20,0.0
GEOP_20260402.csv,2026-01-27 10:33:20,0.0
GEOP_20260402.csv,2026-01-27 10:36:20,0.0
GEOP_20260402.csv,2026-01-27 10:39:20,0.0
GEOP_20260402.csv,2026-01-27 10:42:20,0.0
GEOP_20260402.csv,2026-01-27 10:45:20,0.0
GEOP_20260402.csv,2026-01-27 10:48:20,0.0
GEOP_20260402.csv,2026-01-27 10:51:20,0.0
GEOP_20260402.csv,2026-01-27 10:54:20,0.0
GEOP_20260402.csv,2026-01-27 10:57:20,0.0
GEOP_20260402.csv,2026-01-27 11:00:20,0.0
GEOP_20260402.csv,2026-01-27 11:03:20,0.0
GEOP_20260402.csv,2026-01-27 11:06:20,0.0
GEOP_20260402.csv,2026-01-27 11:09:19,0.0
GEOP_20260402.csv,2026-01-27 11:12:20,0.0
GEOP_20260402.csv,2026-01-27 11:15:19,0.0
GEOP_20260402.csv,2026-01-27 11:18:19,0.0
GEOP_20260402.csv,2026-01-27 11:21:20,0.0
GEOP_20260402.csv,2026-01-27 11:24:19,0.0
GEOP_20260402.csv,2026-01-27 11:27:19,0.0
GEOP_20260402.csv,2026-01-27 11:30:19,0.0
GEOP_20260402.csv,2026-01-27 11:33:19,0.0
GEOP_20260402.csv,2026-01-27 11:36:19,0.0
GEOP_20260402.csv,2026-01-27 11:39:19,0.0
GEOP_20260402.csv,2026-01-27 11:42:19,0.0
GEOP_20260402.csv,2026-01-27 11:45:19,0.0
GEOP_20260402.csv,2026-01-27 11:48:20,0.0
GEOP_20260402.csv,2026-01-27 11:51:19,0.0
GEOP_20260402.csv,2026-01-27 11:54:19,0.0
GEOP_20260402.csv,2026-01-27 11:57:19,0.0
GEOP_20260402.csv,2026-01-27 12:00:19,0.0
GEOP_20260402.csv,2026-01-27 12:03:19,0.0
GEOP_20260402.csv,2026-01-27 12:06:19,0.0
GEOP_20260402.csv,2026-01-27 12:09:19,0.0
GEOP_20260402.csv,2026-01-27 12:12:19,0.0
GEOP_20260402.csv,2026-01-27 12:15:19,0.0
GEOP_20260402.csv,2026-01-27 12:18:19,0.0
GEOP_20260402.csv,2026-01-27 12:21:19,0.0
GEOP_20260402.csv,2026-01-27 12:24:20,0.0
GEOP_20260402.csv,2026-01-27 12:27:19,0.0
GEOP_20260402.csv,2026-01-27 12:30:19,0.0
GEOP_20260402.csv,2026-01-27 12:33:19,0.0
GEOP_20260402.csv,2026-01-27 12:36:19,0.0
GEOP_20260402.csv,2026-01-27 12:39:19,0.0
GEOP_20260402.csv,2026-01-27 12:42:19,0.0
GEOP_20260402.csv,2026-01-27 12:45:19,0.0
GEOP_20260402.csv,2026-01-27 12:48:19,0.0
GEOP_20260402.csv,2026-01-27 12:51:19,0.0
GEOP_20260402.csv,2026-01-27 12:54:19,0.0
GEOP_20260402.csv,2026-01-27 12:57:19,0.0
GEOP_20260402.csv,2026-01-27 13:00:19,0.0
GEOP_20260402.csv,2026-01-27 13:03:19,0.0
GEOP_20260402.csv,2026-01-27 13:06:19,0.0
GEOP_20260402.csv,2026-01-27 13:09:19,0.0
GEOP_20260402.csv,2026-01-27 13:12:19,0.0
GEOP_20260402.csv,2026-01-27 13:15:19,0.0
GEOP_20260402.csv,2026-01-27 13:18:19,0.0
GEOP_20260402.csv,2026-01-27 13:21:19,0.0
GEOP_20260402.csv,2026-01-27 13:24:19,0.0
GEOP_20260402.csv,2026-01-27 13:27:19,0.0
GEOP_20260402.csv,2026-01-27 13:30:19,0.0
GEOP_20260402.csv,2026-01-27 13:33:19,0.0
GEOP_20260402.csv,2026-01-27 13:36:19,0.0
GEOP_20260402.csv,2026-01-27 13:39:19,0.0
GEOP_20260402.csv,2026-01-27 13:42:19,0.0
GEOP_20260402.csv,2026-01-27 13:45:19,0.0
GEOP_20260402.csv,2026-01-27 13:48:19,0.0
GEOP_20260402.csv,2026-01-27 13:51:19,0.0
GEOP_20260402.csv,2026-01-27 13:54:19,0.0
GEOP_20260402.csv,2026-01-27 13:57:19,0.0
GEOP_20260402.csv,2026-01-27 14:00:19,0.0
GEOP_20260402.csv,2026-01-27 14:03:19,0.0
GEOP_20260402.csv,2026-01-27 14:06:19,0.0
GEOP_20260402.csv,2026-01-27 14:09:19,0.0
GEOP_20260402.csv,2026-01-27 14:12:19,0.0
GEOP_20260402.csv,2026-01-27 14:15:19,0.0
GEOP_20260402.csv,2026-01-27 14:18:19,0.0
GEOP_20260402.csv,2026-01-27 14:21:19,0.0
GEOP_20260402.csv,2026-01-27 14:24:19,0.0
GEOP_20260402.csv,2026-01-27 14:27:19,0.0
GEOP_20260402.csv,2026-01-27 14:30:19,0.0
GEOP_20260402.csv,2026-01-27 14:33:19,0.0
GEOP_20260402.csv,2026-01-27 14:36:19,0.0
GEOP_20260402.csv,2026-01-27 14:39:19,0.0
GEOP_20260402.csv,2026-01-27 14:42:19,0.0
GEOP_20260402.csv,2026-01-27 14:45:19,0.0
GEOP_20260402.csv,2026-01-27 14:48:19,0.0
GEOP_20260402.csv,2026-01-27 14:51:19,0.0
GEOP_20260402.csv,2026-01-27 14:54:19,0.05
GEOP_20260402.csv,2026-01-27 14:57:19,0.04
GEOP_20260402.csv,2026-01-27 15:00:19,0.07
GEOP_20260402.csv,2026-01-27 15:03:19,0.05
GEOP_20260402.csv,2026-01-27 15:06:19,0.04
GEOP_20260402.csv,2026-01-27 15:09:19,0.03
GEOP_20260402.csv,2026-01-27 15:12:19,0.02
GEOP_20260402.csv,2026-01-27 15:15:19,0.02
GEOP_20260402.csv,2026-01-27 15:18:19,0.03
GEOP_20260402.csv,2026-01-27 15:21:19,0.02
GEOP_20260402.csv,2026-01-27 15:24:19,0.03
GEOP_20260402.csv,2026-01-27 15:27:19,0.01
GEOP_20260402.csv,2026-01-27 15:30:19,0.03
GEOP_20260402.csv,2026-01-27 15:33:19,0.03
GEOP_20260402.csv,2026-01-27 15:36:19,0.03
GEOP_20260402.csv,2026-01-27 15:39:19,0.03
GEOP_20260402.csv,2026-01-27 15:42:19,0.03
GEOP_20260402.csv,2026-01-27 15:45:20,0.01
GEOP_20260402.csv,2026-01-27 15:48:19,0.02
GEOP_20260402.csv,2026-01-27 15:51:19,0.01
GEOP_20260402.csv,2026-01-27 15:54:19,0.0
GEOP_20260402.csv,2026-01-27 15:57:19,0.01
GEOP_20260402.csv,2026-01-27 16:00:19,0.0
GEOP_20260402.csv,2026-01-27 16:03:19,0.0
GEOP_20260402.csv,2026-01-27 16:06:19,0.01
GEOP_20260402.csv,2026-01-27 16:09:19,0.0
GEOP_20260402.csv,2026-01-27 16:12:19,0.0
GEOP_20260402.csv,2026-01-27 16:15:19,0.0
GEOP_20260402.csv,2026-01-27 16:18:19,0.0
GEOP_20260402.csv,2026-01-27 16:21:19,0.0
GEOP_20260402.csv,2026-01-27 16:24:19,0.0
GEOP_20260402.csv,2026-01-27 16:27:19,0.01
GEOP_20260402.csv,2026-01-27 16:30:19,0.01
GEOP_20260402.csv,2026-01-27 16:33:19,0.05
GEOP_20260402.csv,2026-01-27 16:36:19,0.06
GEOP_20260402.csv,2026-01-27 16:39:19,0.05
GEOP_20260402.csv,2026-01-27 16:42:19,0.05
GEOP_20260402.csv,2026-01-27 16:45:19,0.06
GEOP_20260402.csv,2026-01-27 16:48:19,0.04
GEOP_20260402.csv,2026-01-27 16:51:19,0.03
GEOP_20260402.csv,2026-01-27 16:54:19,0.04
GEOP_20260402.csv,2026-01-27 16:57:19,0.06
GEOP_20260402.csv,2026-01-27 17:00:19,0.09
GEOP_20260402.csv,2026-01-27 17:03:19,0.09
GEOP_20260402.csv,2026-01-27 17:06:19,0.09
GEOP_20260402.csv,2026-01-27 17:09:19,0.09
GEOP_20260402.csv,2026-01-27 17:12:19,0.1
GEOP_20260402.csv,2026-01-27 17:15:19,0.1
GEOP_20260402.csv,2026-01-27 17:18:19,0.09
GEOP_20260402.csv,2026-01-27 17:21:19,0.09
GEOP_20260402.csv,2026-01-27 17:24:19,0.09
GEOP_20260402.csv,2026-01-27 17:27:19,0.11
GEOP_20260402.csv,2026-01-27 17:30:19,0.13
GEOP_20260402.csv,2026-01-27 17:33:19,0.12
GEOP_20260402.csv,2026-01-27 17:36:19,0.11
GEOP_20260402.csv,2026-01-27 17:39:19,0.09
GEOP_20260402.csv,2026-01-27 17:42:19,0.11
GEOP_20260402.csv,2026-01-27 17:45:19,0.1
GEOP_20260402.csv,2026-01-27 17:48:19,0.09
GEOP_20260402.csv,2026-01-27 17:51:19,0.11
GEOP_20260402.csv,2026-01-27 17:54:19,0.16
GEOP_20260402.csv,2026-01-27 17:57:19,0.15
GEOP_20260402.csv,2026-01-27 18:00:19,0.2
GEOP_20260402.csv,2026-01-27 18:03:19,0.18
GEOP_20260402.csv,2026-01-27 18:06:19,0.14
GEOP_20260402.csv,2026-01-27 18:09:19,0.13
GEOP_20260402.csv,2026-01-27 18:12:19,0.1
GEOP_20260402.csv,2026-01-27 18:15:19,0.11
GEOP_20260402.csv,2026-01-27 18:18:19,0.12
GEOP_20260402.csv,2026-01-27 18:21:19,0.12
GEOP_20260402.csv,2026-01-27 18:24:19,0.1
GEOP_20260402.csv,2026-01-27 18:27:19,0.12
GEOP_20260402.csv,2026-01-27 18:30:19,0.13
GEOP_20260402.csv,2026-01-27 18:33:19,0.11
GEOP_20260402.csv,2026-01-27 18:36:19,0.14
GEOP_20260402.csv,2026-01-27 18:39:19,0.14
GEOP_20260402.csv,2026-01-27 18:42:19,0.12
GEOP_20260402.csv,2026-01-27 18:45:19,0.1
GEOP_20260402.csv,2026-01-27 18:48:19,0.08
GEOP_20260402.csv,2026-01-27 18:51:19,0.09
GEOP_20260402.csv,2026-01-27 18:54:19,0.09
GEOP_20260402.csv,2026-01-27 18:57:19,0.08
GEOP_20260402.csv,2026-01-27 19:00:19,0.05
GEOP_20260402.csv,2026-01-27 19:03:19,0.04
GEOP_20260402.csv,2026-01-27 19:06:19,0.04
GEOP_20260402.csv,2026-01-27 19:09:19,0.03
GEOP_20260402.csv,2026-01-27 19:12:19,0.02
GEOP_20260402.csv,2026-01-27 19:15:19,0.03
GEOP_20260402.csv,2026-01-27 19:18:19,0.04
GEOP_20260402.csv,2026-01-27 19:21:19,0.05
GEOP_20260402.csv,2026-01-27 19:24:19,0.06
GEOP_20260402.csv,2026-01-27 19:27:19,0.07
GEOP_20260402.csv,2026-01-27 19:30:19,0.06
GEOP_20260402.csv,2026-01-27 19:33:19,0.06
GEOP_20260402.csv,2026-01-27 19:36:19,0.07
GEOP_20260402.csv,2026-01-27 19:39:19,0.07
GEOP_20260402.csv,2026-01-27 19:42:19,0.05
GEOP_20260402.csv,2026-01-27 19:45:19,0.06
GEOP_20260402.csv,2026-01-27 19:48:19,0.06
GEOP_20260402.csv,2026-01-27 19:51:19,0.07
GEOP_20260402.csv,2026-01-27 19:54:19,0.06
GEOP_20260402.csv,2026-01-27 19:57:19,0.07
GEOP_20260402.csv,2026-01-27 20:00:19,0.09
GEOP_20260402.csv,2026-01-27 20:03:19,0.08
GEOP_20260402.csv,2026-01-27 20:06:19,0.09
GEOP_20260402.csv,2026-01-27 20:09:19,0.07
GEOP_20260402.csv,2026-01-27 20:12:19,0.1
GEOP_20260402.csv,2026-01-27 20:15:19,0.17
GEOP_20260402.csv,2026-01-27 20:18:19,0.15
GEOP_20260402.csv,2026-01-27 20:21:19,0.14
GEOP_20260402.csv,2026-01-27 20:24:19,0.12
GEOP_20260402.csv,2026-01-27 20:27:19,0.1
GEOP_20260402.csv,2026-01-27 20:30:19,0.1
GEOP_20260402.csv,2026-01-27 20:33:19,0.09
GEOP_20260402.csv,2026-01-27 20:36:19,0.13
GEOP_20260402.csv,2026-01-27 20:39:19,0.16
GEOP_20260402.csv,2026-01-27 20:42:19,0.16
GEOP_20260402.csv,2026-01-27 20:45:19,0.15
GEOP_20260402.csv,2026-01-27 20:48:19,0.13
GEOP_20260402.csv,2026-01-27 20:51:19,0.11
GEOP_20260402.csv,2026-01-27 20:54:19,0.15
GEOP_20260402.csv,2026-01-27 20:57:19,0.14
GEOP_20260402.csv,2026-01-27 21:00:19,0.11
GEOP_20260402.csv,2026-01-27 21:03:19,0.1
GEOP_20260402.csv,2026-01-27 21:06:19,0.1
GEOP_20260402.csv,2026-01-27 21:09:19,0.1
GEOP_20260402.csv,2026-01-27 21:12:19,0.12
GEOP_20260402.csv,2026-01-27 21:15:19,0.12
GEOP_20260402.csv,2026-01-27 21:18:19,0.12
GEOP_20260402.csv,2026-01-27 21:21:19,0.1
GEOP_20260402.csv,2026-01-27 21:24:19,0.09
GEOP_20260402.csv,2026-01-27 21:27:19,0.12
GEOP_20260402.csv,2026-01-27 21:30:19,0.14
GEOP_20260402.csv,2026-01-27 21:33:19,0.14
GEOP_20260402.csv,2026-01-27 21:36:19,0.17
GEOP_20260402.csv,2026-01-27 21:39:19,0.19
GEOP_20260402.csv,2026-01-27 21:42:19,0.17
GEOP_20260402.csv,2026-01-27 21:45:19,0.18
GEOP_20260402.csv,2026-01-27 21:48:19,0.16
GEOP_20260402.csv,2026-01-27 21:51:19,0.16
GEOP_20260402.csv,2026-01-27 21:54:19,0.16
GEOP_20260402.csv,2026-01-27 21:57:19,0.18
GEOP_20260402.csv,2026-01-27 22:00:19,0.19
GEOP_20260402.csv,2026-01-27 22:03:19,0.17
GEOP_20260402.csv,2026-01-27 22:06:19,0.17
GEOP_20260402.csv,2026-01-27 22:09:19,0.18
GEOP_20260402.csv,2026-01-27 22:12:19,0.13
GEOP_20260402.csv,2026-01-27 22:15:19,0.13
GEOP_20260402.csv,2026-01-27 22:18:19,0.14
GEOP_20260402.csv,2026-01-27 22:21:19,0.18
GEOP_20260402.csv,2026-01-27 22:24:19,0.18
GEOP_20260402.csv,2026-01-27 22:27:19,0.19
GEOP_20260402.csv,2026-01-27 22:30:19,0.16
GEOP_20260402.csv,2026-01-27 22:33:19,0.14
GEOP_20260402.csv,2026-01-27 22:36:19,0.16
GEOP_20260402.csv,2026-01-27 22:39:19,0.15
GEOP_20260402.csv,2026-01-27 22:42:19,0.15
GEOP_20260402.csv,2026-01-27 22:45:19,0.14
GEOP_20260402.csv,2026-01-27 22:48:19,0.14
GEOP_20260402.csv,2026-01-27 22:51:19,0.15
GEOP_20260402.csv,2026-01-27 22:54:19,0.16
GEOP_20260402.csv,2026-01-27 22:57:19,0.17
GEOP_20260402.csv,2026-01-27 23:00:19,0.15
GEOP_20260402.csv,2026-01-27 23:03:19,0.15
GEOP_20260402.csv,2026-01-27 23:06:19,0.16
GEOP_20260402.csv,2026-01-27 23:09:19,0.1
GEOP_20260402.csv,2026-01-27 23:12:19,0.09
GEOP_20260402.csv,2026-01-27 23:15:19,0.11
GEOP_20260402.csv,2026-01-27 23:18:19,0.13
GEOP_20260402.csv,2026-01-27 23:21:19,0.14
GEOP_20260402.csv,2026-01-27 23:24:19,0.13
GEOP_20260402.csv,2026-01-27 23:27:19,0.1
GEOP_20260402.csv,2026-01-27 23:30:19,0.08
GEOP_20260402.csv,2026-01-27 23:33:19,0.09
GEOP_20260402.csv,2026-01-27 23:36:19,0.12
GEOP_20260402.csv,2026-01-27 23:39:19,0.15
GEOP_20260402.csv,2026-01-27 23:42:19,0.12
GEOP_20260402.csv,2026-01-27 23:45:19,0.11
GEOP_20260402.csv,2026-01-27 23:48:19,0.11
GEOP_20260402.csv,2026-01-27 23:51:19,0.11
GEOP_20260402.csv,2026-01-27 23:54:19,0.1
GEOP_20260402.csv,2026-01-27 23:57:19,0.09
GEOP_20260402.csv,2026-01-28 00:00:20,0.07
GEOP_20260402.csv,2026-01-28 00:03:19,0.06
GEOP_20260402.csv,2026-01-28 00:06:19,0.07
GEOP_20260402.csv,2026-01-28 00:09:19,0.09
GEOP_20260402.csv,2026-01-28 00:12:19,0.07
GEOP_20260402.csv,2026-01-28 00:15:19,0.06
GEOP_20260402.csv,2026-01-28 00:18:19,0.06
GEOP_20260402.csv,2026-01-28 00:21:19,0.05
GEOP_20260402.csv,2026-01-28 00:24:19,0.05
GEOP_20260402.csv,2026-01-28 00:27:19,0.05
GEOP_20260402.csv,2026-01-28 00:30:19,0.04
GEOP_20260402.csv,2026-01-28 00:33:19,0.05
GEOP_20260402.csv,2026-01-28 00:36:19,0.04
GEOP_20260402.csv,2026-01-28 00:39:19,0.06
GEOP_20260402.csv,2026-01-28 00:42:19,0.05
GEOP_20260402.csv,2026-01-28 00:45:19,0.05
GEOP_20260402.csv,2026-01-28 00:48:19,0.06
GEOP_20260402.csv,2026-01-28 00:51:19,0.07
GEOP_20260402.csv,2026-01-28 00:54:19,0.07
GEOP_20260402.csv,2026-01-28 00:57:19,0.06
GEOP_20260402.csv,2026-01-28 01:00:19,0.08
GEOP_20260402.csv,2026-01-28 01:03:19,0.08
GEOP_20260402.csv,2026-01-28 01:06:19,0.07
GEOP_20260402.csv,2026-01-28 01:09:19,0.08
GEOP_20260402.csv,2026-01-28 01:12:19,0.08
GEOP_20260402.csv,2026-01-28 01:15:19,0.09
GEOP_20260402.csv,2026-01-28 01:18:19,0.07
GEOP_20260402.csv,2026-01-28 01:21:19,0.07
GEOP_20260402.csv,2026-01-28 01:24:19,0.07
GEOP_20260402.csv,2026-01-28 01:27:19,0.07
GEOP_20260402.csv,2026-01-28 01:30:19,0.07
GEOP_20260402.csv,2026-01-28 01:33:19,0.07
GEOP_20260402.csv,2026-01-28 01:36:19,0.06
GEOP_20260402.csv,2026-01-28 01:39:19,0.06
GEOP_20260402.csv,2026-01-28 01:42:19,0.05
GEOP_20260402.csv,2026-01-28 01:45:19,0.05
GEOP_20260402.csv,2026-01-28 01:48:19,0.04
GEOP_20260402.csv,2026-01-28 01:51:19,0.03
GEOP_20260402.csv,2026-01-28 01:54:19,0.02
GEOP_20260402.csv,2026-01-28 01:57:19,0.02
GEOP_20260402.csv,2026-01-28 02:00:19,0.02
GEOP_20260402.csv,2026-01-28 02:03:19,0.01
GEOP_20260402.csv,2026-01-28 02:06:19,0.0
GEOP_20260402.csv,2026-01-28 02:09:19,0.01
GEOP_20260402.csv,2026-01-28 02:12:19,0.01
GEOP_20260402.csv,2026-01-28 02:15:19,0.0
GEOP_20260402.csv,2026-01-28 02:18:19,0.01
GEOP_20260402.csv,2026-01-28 02:21:19,0.0
GEOP_20260402.csv,2026-01-28 02:24:19,0.01
GEOP_20260402.csv,2026-01-28 02:27:19,0.0
GEOP_20260402.csv,2026-01-28 02:30:19,0.0
GEOP_20260402.csv,2026-01-28 02:33:19,0.0
GEOP_20260402.csv,2026-01-28 02:36:19,0.01
GEOP_20260402.csv,2026-01-28 02:39:19,0.0
GEOP_20260402.csv,2026-01-28 02:42:19,0.0
GEOP_20260402.csv,2026-01-28 02:45:19,0.0
GEOP_20260402.csv,2026-01-28 02:48:19,0.0
GEOP_20260402.csv,2026-01-28 02:51:19,0.0
GEOP_20260402.csv,2026-01-28 02:54:19,0.0
GEOP_20260402.csv,2026-01-28 02:57:19,0.0
GEOP_20260402.csv,2026-01-28 03:00:19,0.0
GEOP_20260402.csv,2026-01-28 03:03:19,0.0
GEOP_20260402.csv,2026-01-28 03:06:19,0.0
GEOP_20260402.csv,2026-01-28 03:09:19,0.0
GEOP_20260402.csv,2026-01-28 03:12:19,0.0
GEOP_20260402.csv,2026-01-28 03:15:18,0.0
GEOP_20260402.csv,2026-01-28 03:18:18,0.0
GEOP_20260402.csv,2026-01-28 03:21:19,0.01
GEOP_20260402.csv,2026-01-28 03:24:18,0.0
GEOP_20260402.csv,2026-01-28 03:27:19,0.0
GEOP_20260402.csv,2026-01-28 03:30:18,0.0
GEOP_20260402.csv,2026-01-28 03:33:18,0.0
GEOP_20260402.csv,2026-01-28 03:36:18,0.0
GEOP_20260402.csv,2026-01-28 03:39:18,0.0
GEOP_20260402.csv,2026-01-28 03:42:18,0.0
GEOP_20260402.csv,2026-01-28 03:45:18,0.0
GEOP_20260402.csv,2026-01-28 03:48:18,0.0
GEOP_20260402.csv,2026-01-28 03:51:18,0.0
GEOP_20260402.csv,2026-01-28 03:54:18,0.0
GEOP_20260402.csv,2026-01-28 03:57:18,0.0
GEOP_20260402.csv,2026-01-28 04:00:18,0.0
GEOP_20260402.csv,2026-01-28 04:03:18,0.0
GEOP_20260402.csv,2026-01-28 04:06:18,0.0
GEOP_20260402.csv,2026-01-28 04:09:18,0.01
GEOP_20260402.csv,2026-01-28 04:12:18,0.0
GEOP_20260402.csv,2026-01-28 04:15:18,0.0
GEOP_20260402.csv,2026-01-28 04:18:18,0.0
GEOP_20260402.csv,2026-01-28 04:21:18,0.01
GEOP_20260402.csv,2026-01-28 04:24:18,0.0
GEOP_20260402.csv,2026-01-28 04:27:18,0.0
GEOP_20260402.csv,2026-01-28 04:30:18,0.0
GEOP_20260402.csv,2026-01-28 04:33:18,0.0
GEOP_20260402.csv,2026-01-28 04:36:18,0.0
GEOP_20260402.csv,2026-01-28 04:39:18,0.01
GEOP_20260402.csv,2026-01-28 04:42:18,0.0
GEOP_20260402.csv,2026-01-28 04:45:18,0.0
GEOP_20260402.csv,2026-01-28 04:48:18,0.0
GEOP_20260402.csv,2026-01-28 04:51:18,0.0
GEOP_20260402.csv,2026-01-28 04:54:18,0.0
GEOP_20260402.csv,2026-01-28 04:57:18,0.0
GEOP_20260402.csv,2026-01-28 05:00:18,0.0
GEOP_20260402.csv,2026-01-28 05:03:18,0.0
GEOP_20260402.csv,2026-01-28 05:06:18,0.0
GEOP_20260402.csv,2026-01-28 05:09:18,0.01
GEOP_20260402.csv,2026-01-28 05:12:18,0.0
GEOP_20260402.csv,2026-01-28 05:15:18,0.0
GEOP_20260402.csv,2026-01-28 05:18:18,0.0
GEOP_20260402.csv,2026-01-28 05:21:18,0.0
GEOP_20260402.csv,2026-01-28 05:24:18,0.01
GEOP_20260402.csv,2026-01-28 05:27:18,0.0
GEOP_20260402.csv,2026-01-28 05:30:18,0.0
GEOP_20260402.csv,2026-01-28 05:33:18,0.01
GEOP_20260402.csv,2026-01-28 05:36:18,0.0
GEOP_20260402.csv,2026-01-28 05:39:18,0.01
GEOP_20260402.csv,2026-01-28 05:42:18,0.0
GEOP_20260402.csv,2026-01-28 05:45:18,0.0
GEOP_20260402.csv,2026-01-28 05:48:18,0.01
GEOP_20260402.csv,2026-01-28 05:51:18,0.01
GEOP_20260402.csv,2026-01-28 05:54:18,0.01
GEOP_20260402.csv,2026-01-28 05:57:18,0.01
GEOP_20260402.csv,2026-01-28 06:00:18,0.01
GEOP_20260402.csv,2026-01-28 06:03:18,0.01
GEOP_20260402.csv,2026-01-28 06:06:18,0.02
GEOP_20260402.csv,2026-01-28 06:09:19,0.02
GEOP_20260402.csv,2026-01-28 06:12:18,0.03
GEOP_20260402.csv,2026-01-28 06:15:18,0.05
GEOP_20260402.csv,2026-01-28 06:18:18,0.05
GEOP_20260402.csv,2026-01-28 06:21:18,0.06
GEOP_20260402.csv,2026-01-28 06:24:18,0.06
GEOP_20260402.csv,2026-01-28 06:27:18,0.08
GEOP_20260402.csv,2026-01-28 06:30:18,0.09
GEOP_20260402.csv,2026-01-28 06:33:18,0.08
GEOP_20260402.csv,2026-01-28 06:36:18,0.08
GEOP_20260402.csv,2026-01-28 06:39:18,0.08
GEOP_20260402.csv,2026-01-28 06:42:18,0.07
GEOP_20260402.csv,2026-01-28 06:45:18,0.07
GEOP_20260402.csv,2026-01-28 06:48:18,0.07
GEOP_20260402.csv,2026-01-28 06:51:18,0.08
GEOP_20260402.csv,2026-01-28 06:54:18,0.09
GEOP_20260402.csv,2026-01-28 06:57:18,0.1
GEOP_20260402.csv,2026-01-28 07:00:18,0.12
GEOP_20260402.csv,2026-01-28 07:03:18,0.16
GEOP_20260402.csv,2026-01-28 07:06:18,0.16
GEOP_20260402.csv,2026-01-28 07:09:18,0.17
GEOP_20260402.csv,2026-01-28 07:12:18,0.18
GEOP_20260402.csv,2026-01-28 07:15:18,0.17
GEOP_20260402.csv,2026-01-28 07:18:18,0.14
GEOP_20260402.csv,2026-01-28 07:21:18,0.11
GEOP_20260402.csv,2026-01-28 07:24:18,0.11
GEOP_20260402.csv,2026-01-28 07:27:18,0.11
GEOP_20260402.csv,2026-01-28 07:30:18,0.1
GEOP_20260402.csv,2026-01-28 07:33:18,0.11
GEOP_20260402.csv,2026-01-28 07:36:18,0.13
GEOP_20260402.csv,2026-01-28 07:39:18,0.12
GEOP_20260402.csv,2026-01-28 07:42:18,0.11
GEOP_20260402.csv,2026-01-28 07:45:18,0.1
GEOP_20260402.csv,2026-01-28 07:48:18,0.09
GEOP_20260402.csv,2026-01-28 07:51:18,0.1
GEOP_20260402.csv,2026-01-28 07:54:18,0.09
GEOP_20260402.csv,2026-01-28 07:57:18,0.09
GEOP_20260402.csv,2026-01-28 08:00:18,0.09
GEOP_20260402.csv,2026-01-28 08:03:18,0.07
GEOP_20260402.csv,2026-01-28 08:06:18,0.08
GEOP_20260402.csv,2026-01-28 08:09:18,0.09
GEOP_20260402.csv,2026-01-28 08:12:18,0.09
GEOP_20260402.csv,2026-01-28 08:15:18,0.08
GEOP_20260402.csv,2026-01-28 08:18:18,0.07
GEOP_20260402.csv,2026-01-28 08:21:18,0.05
GEOP_20260402.csv,2026-01-28 08:24:18,0.06
GEOP_20260402.csv,2026-01-28 08:27:18,0.06
GEOP_20260402.csv,2026-01-28 08:30:18,0.05
GEOP_20260402.csv,2026-01-28 08:33:18,0.06
GEOP_20260402.csv,2026-01-28 08:36:18,0.06
GEOP_20260402.csv,2026-01-28 08:39:18,0.06
GEOP_20260402.csv,2026-01-28 08:42:18,0.07
GEOP_20260402.csv,2026-01-28 08:45:18,0.06
GEOP_20260402.csv,2026-01-28 08:48:18,0.07
GEOP_20260402.csv,2026-01-28 08:51:18,0.06
GEOP_20260402.csv,2026-01-28 08:54:18,0.08
GEOP_20260402.csv,2026-01-28 08:57:18,0.06
GEOP_20260402.csv,2026-01-28 09:00:18,0.06
GEOP_20260402.csv,2026-01-28 09:03:18,0.06
GEOP_20260402.csv,2026-01-28 09:06:18,0.04
GEOP_20260402.csv,2026-01-28 09:09:18,0.05
GEOP_20260402.csv,2026-01-28 09:12:18,0.04
GEOP_20260402.csv,2026-01-28 09:15:18,0.04
GEOP_20260402.csv,2026-01-28 09:18:18,0.04
GEOP_20260402.csv,2026-01-28 09:21:18,0.04
GEOP_20260402.csv,2026-01-28 09:24:18,0.04
GEOP_20260402.csv,2026-01-28 09:27:18,0.03
GEOP_20260402.csv,2026-01-28 09:30:18,0.04
GEOP_20260402.csv,2026-01-28 09:33:18,0.02
GEOP_20260402.csv,2026-01-28 09:36:18,0.03
GEOP_20260402.csv,2026-01-28 09:39:18,0.03
GEOP_20260402.csv,2026-01-28 09:42:18,0.02
GEOP_20260402.csv,2026-01-28 09:45:18,0.02
GEOP_20260402.csv,2026-01-28 09:48:18,0.03
GEOP_20260402.csv,2026-01-28 09:51:18,0.02
GEOP_20260402.csv,2026-01-28 09:54:18,0.03
GEOP_20260402.csv,2026-01-28 09:57:18,0.02
GEOP_20260402.csv,2026-01-28 10:00:18,0.02
GEOP_20260402.csv,2026-01-28 10:03:18,0.02
GEOP_20260402.csv,2026-01-28 10:06:18,0.03
GEOP_20260402.csv,2026-01-28 10:09:18,0.03
GEOP_20260402.csv,2026-01-28 10:12:18,0.04
GEOP_20260402.csv,2026-01-28 10:15:18,0.05
GEOP_20260402.csv,2026-01-28 10:18:18,0.04
GEOP_20260402.csv,2026-01-28 10:21:18,0.03
GEOP_20260402.csv,2026-01-28 10:24:18,0.03
GEOP_20260402.csv,2026-01-28 10:27:18,0.02
GEOP_20260402.csv,2026-01-28 10:30:18,0.03
GEOP_20260402.csv,2026-01-28 10:33:18,0.03
GEOP_20260402.csv,2026-01-28 10:36:18,0.02
GEOP_20260402.csv,2026-01-28 10:39:18,0.03
GEOP_20260402.csv,2026-01-28 10:42:18,0.02
GEOP_20260402.csv,2026-01-28 10:45:18,0.03
GEOP_20260402.csv,2026-01-28 10:48:18,0.02
GEOP_20260402.csv,2026-01-28 10:51:18,0.02
GEOP_20260402.csv,2026-01-28 10:54:18,0.03
GEOP_20260402.csv,2026-01-28 10:57:18,0.02
GEOP_20260402.csv,2026-01-28 11:00:18,0.03
GEOP_20260402.csv,2026-01-28 11:03:18,0.03
GEOP_20260402.csv,2026-01-28 11:06:18,0.02
GEOP_20260402.csv,2026-01-28 11:09:18,0.03
GEOP_20260402.csv,2026-01-28 11:12:18,0.02
GEOP_20260402.csv,2026-01-28 11:15:18,0.02
GEOP_20260402.csv,2026-01-28 11:18:18,0.02
GEOP_20260402.csv,2026-01-28 11:21:18,0.02
GEOP_20260402.csv,2026-01-28 11:24:18,0.03
GEOP_20260402.csv,2026-01-28 11:27:18,0.03
GEOP_20260402.csv,2026-01-28 11:30:18,0.04
GEOP_20260402.csv,2026-01-28 11:33:18,0.05
GEOP_20260402.csv,2026-01-28 11:36:18,0.04
GEOP_20260402.csv,2026-01-28 11:39:18,0.05
GEOP_20260402.csv,2026-01-28 11:42:18,0.05
GEOP_20260402.csv,2026-01-28 11:45:18,0.06
GEOP_20260402.csv,2026-01-28 11:48:18,0.05
GEOP_20260402.csv,2026-01-28 11:51:18,0.04
GEOP_20260402.csv,2026-01-28 11:54:18,0.04
GEOP_20260402.csv,2026-01-28 11:57:18,0.04
GEOP_20260402.csv,2026-01-28 12:00:18,0.05
GEOP_20260402.csv,2026-01-28 12:03:18,0.04
GEOP_20260402.csv,2026-01-28 12:06:18,0.04
GEOP_20260402.csv,2026-01-28 12:09:18,0.04
GEOP_20260402.csv,2026-01-28 12:12:18,0.05
GEOP_20260402.csv,2026-01-28 12:15:18,0.04
GEOP_20260402.csv,2026-01-28 12:18:18,0.05
GEOP_20260402.csv,2026-01-28 12:21:18,0.05
GEOP_20260402.csv,2026-01-28 12:24:18,0.05
GEOP_20260402.csv,2026-01-28 12:27:18,0.05
GEOP_20260402.csv,2026-01-28 12:30:18,0.05
GEOP_20260402.csv,2026-01-28 12:33:18,0.04
GEOP_20260402.csv,2026-01-28 12:36:18,0.04
GEOP_20260402.csv,2026-01-28 12:39:18,0.03
GEOP_20260402.csv,2026-01-28 12:42:18,0.04
GEOP_20260402.csv,2026-01-28 12:45:18,0.05
GEOP_20260402.csv,2026-01-28 12:48:18,0.05
GEOP_20260402.csv,2026-01-28 12:51:18,0.05
GEOP_20260402.csv,2026-01-28 12:54:18,0.05
GEOP_20260402.csv,2026-01-28 12:57:18,0.05
GEOP_20260402.csv,2026-01-28 13:00:18,0.05
GEOP_20260402.csv,2026-01-28 13:03:18,0.05
GEOP_20260402.csv,2026-01-28 13:06:18,0.05
GEOP_20260402.csv,2026-01-28 13:09:18,0.04
GEOP_20260402.csv,2026-01-28 13:12:18,0.04
GEOP_20260402.csv,2026-01-28 13:15:18,0.03
GEOP_20260402.csv,2026-01-28 13:18:18,0.04
GEOP_20260402.csv,2026-01-28 13:21:18,0.04
GEOP_20260402.csv,2026-01-28 13:24:18,0.04
GEOP_20260402.csv,2026-01-28 13:27:18,0.05
GEOP_20260402.csv,2026-01-28 13:30:18,0.05
GEOP_20260402.csv,2026-01-28 13:33:18,0.05
GEOP_20260402.csv,2026-01-28 13:36:18,0.05
GEOP_20260402.csv,2026-01-28 13:39:18,0.05
GEOP_20260402.csv,2026-01-28 13:42:18,0.05
GEOP_20260402.csv,2026-01-28 13:45:18,0.04
GEOP_20260402.csv,2026-01-28 13:48:18,0.04
GEOP_20260402.csv,2026-01-28 13:51:18,0.05
GEOP_20260402.csv,2026-01-28 13:54:18,0.04
GEOP_20260402.csv,2026-01-28 13:57:18,0.04
GEOP_20260402.csv,2026-01-28 14:00:18,0.04
GEOP_20260402.csv,2026-01-28 14:03:18,0.06
GEOP_20260402.csv,2026-01-28 14:06:18,0.07
GEOP_20260402.csv,2026-01-28 14:09:18,0.06
GEOP_20260402.csv,2026-01-28 14:12:18,0.07
GEOP_20260402.csv,2026-01-28 14:15:18,0.08
GEOP_20260402.csv,2026-01-28 14:18:18,0.07
GEOP_20260402.csv,2026-01-28 14:21:18,0.08
GEOP_20260402.csv,2026-01-28 14:24:18,0.06
GEOP_20260402.csv,2026-01-28 14:27:18,0.05
GEOP_20260402.csv,2026-01-28 14:30:18,0.04
GEOP_20260402.csv,2026-01-28 14:33:18,0.03
GEOP_20260402.csv,2026-01-28 14:36:18,0.04
GEOP_20260402.csv,2026-01-28 14:39:18,0.03
GEOP_20260402.csv,2026-01-28 14:42:18,0.03
GEOP_20260402.csv,2026-01-28 14:45:18,0.01
GEOP_20260402.csv,2026-01-28 14:48:18,0.02
GEOP_20260402.csv,2026-01-28 14:51:18,0.01
GEOP_20260402.csv,2026-01-28 14:54:18,0.01
GEOP_20260402.csv,2026-01-28 14:57:18,0.02
GEOP_20260402.csv,2026-01-28 15:00:18,0.01
GEOP_20260402.csv,2026-01-28 15:03:18,0.01
GEOP_20260402.csv,2026-01-28 15:06:18,0.01
GEOP_20260402.csv,2026-01-28 15:09:18,0.01
GEOP_20260402.csv,2026-01-28 15:12:18,0.0
GEOP_20260402.csv,2026-01-28 15:15:18,0.01
GEOP_20260402.csv,2026-01-28 15:18:18,0.01
GEOP_20260402.csv,2026-01-28 15:21:18,0.01
GEOP_20260402.csv,2026-01-28 15:24:18,0.0
GEOP_20260402.csv,2026-01-28 15:27:18,0.01
GEOP_20260402.csv,2026-01-28 15:30:18,0.01
GEOP_20260402.csv,2026-01-28 15:33:18,0.0
GEOP_20260402.csv,2026-01-28 15:36:18,0.01
GEOP_20260402.csv,2026-01-28 15:39:18,0.0
GEOP_20260402.csv,2026-01-28 15:42:18,0.01
GEOP_20260402.csv,2026-01-28 15:45:18,0.01
GEOP_20260402.csv,2026-01-28 15:48:18,0.0
GEOP_20260402.csv,2026-01-28 15:51:18,0.02
GEOP_20260402.csv,2026-01-28 15:54:18,0.01
GEOP_20260402.csv,2026-01-28 15:57:18,0.01
GEOP_20260402.csv,2026-01-28 16:00:18,0.01
GEOP_20260402.csv,2026-01-28 16:03:18,0.01
GEOP_20260402.csv,2026-01-28 16:06:18,0.0
GEOP_20260402.csv,2026-01-28 16:09:18,0.01
GEOP_20260402.csv,2026-01-28 16:12:18,0.0
GEOP_20260402.csv,2026-01-28 16:15:18,0.01
GEOP_20260402.csv,2026-01-28 16:18:18,0.0
GEOP_20260402.csv,2026-01-28 16:21:18,0.01
GEOP_20260402.csv,2026-01-28 16:24:18,0.0
GEOP_20260402.csv,2026-01-28 16:27:18,0.0
GEOP_20260402.csv,2026-01-28 16:30:18,0.0
GEOP_20260402.csv,2026-01-28 16:33:18,0.01
GEOP_20260402.csv,2026-01-28 16:36:18,0.0
GEOP_20260402.csv,2026-01-28 16:39:18,0.0
GEOP_20260402.csv,2026-01-28 16:42:18,0.0
GEOP_20260402.csv,2026-01-28 16:45:18,0.0
GEOP_20260402.csv,2026-01-28 16:48:18,0.0
GEOP_20260402.csv,2026-01-28 16:51:18,0.0
GEOP_20260402.csv,2026-01-28 16:54:18,0.01
GEOP_20260402.csv,2026-01-28 16:57:18,0.0
GEOP_20260402.csv,2026-01-28 17:00:18,0.0
GEOP_20260402.csv,2026-01-28 17:03:18,0.0
GEOP_20260402.csv,2026-01-28 17:06:18,0.0
GEOP_20260402.csv,2026-01-28 17:09:18,0.0
GEOP_20260402.csv,2026-01-28 17:12:18,0.0
GEOP_20260402.csv,2026-01-28 17:15:18,0.0
GEOP_20260402.csv,2026-01-28 17:18:18,0.0
GEOP_20260402.csv,2026-01-28 17:21:18,0.01
GEOP_20260402.csv,2026-01-28 17:24:18,0.0
GEOP_20260402.csv,2026-01-28 17:27:18,0.0
GEOP_20260402.csv,2026-01-28 17:30:18,0.0
GEOP_20260402.csv,2026-01-28 17:33:18,0.0
GEOP_20260402.csv,2026-01-28 17:36:18,0.0
GEOP_20260402.csv,2026-01-28 17:39:18,0.0
GEOP_20260402.csv,2026-01-28 17:42:18,0.0
GEOP_20260402.csv,2026-01-28 17:45:18,0.01
GEOP_20260402.csv,2026-01-28 17:48:18,0.0
GEOP_20260402.csv,2026-01-28 17:51:18,0.0
GEOP_20260402.csv,2026-01-28 17:54:18,0.0
GEOP_20260402.csv,2026-01-28 17:57:18,0.0
GEOP_20260402.csv,2026-01-28 18:00:18,0.0
GEOP_20260402.csv,2026-01-28 18:03:18,0.0
GEOP_20260402.csv,2026-01-28 18:06:18,0.0
GEOP_20260402.csv,2026-01-28 18:09:18,0.0
GEOP_20260402.csv,2026-01-28 18:12:18,0.0
GEOP_20260402.csv,2026-01-28 18:15:18,0.01
GEOP_20260402.csv,2026-01-28 18:18:18,0.0
GEOP_20260402.csv,2026-01-28 18:21:18,0.0
GEOP_20260402.csv,2026-01-28 18:24:18,0.0
GEOP_20260402.csv,2026-01-28 18:27:18,0.0
GEOP_20260402.csv,2026-01-28 18:30:18,0.0
GEOP_20260402.csv,2026-01-28 18:33:18,0.0
GEOP_20260402.csv,2026-01-28 18:36:18,0.0
GEOP_20260402.csv,2026-01-28 18:39:18,0.0
GEOP_20260402.csv,2026-01-28 18:42:18,0.0
GEOP_20260402.csv,2026-01-28 18:45:18,0.01
GEOP_20260402.csv,2026-01-28 18:48:18,0.0
GEOP_20260402.csv,2026-01-28 18:51:18,0.0
GEOP_20260402.csv,2026-01-28 18:54:18,0.0
GEOP_20260402.csv,2026-01-28 18:57:18,0.0
GEOP_20260402.csv,2026-01-28 19:00:18,0.0
GEOP_20260402.csv,2026-01-28 19:03:18,0.0
GEOP_20260402.csv,2026-01-28 19:06:18,0.0
GEOP_20260402.csv,2026-01-28 19:09:18,0.0
GEOP_20260402.csv,2026-01-28 19:12:17,0.0
GEOP_20260402.csv,2026-01-28 19:15:18,0.0
GEOP_20260402.csv,2026-01-28 19:18:17,0.0
GEOP_20260402.csv,2026-01-28 19:21:17,0.0
GEOP_20260402.csv,2026-01-28 19:24:17,0.0
GEOP_20260402.csv,2026-01-28 19:27:17,0.0
GEOP_20260402.csv,2026-01-28 19:30:18,0.0
GEOP_20260402.csv,2026-01-28 19:33:17,0.0
GEOP_20260402.csv,2026-01-28 19:36:17,0.0
GEOP_20260402.csv,2026-01-28 19:39:17,0.0
GEOP_20260402.csv,2026-01-28 19:42:17,0.0
GEOP_20260402.csv,2026-01-28 19:45:17,0.0
GEOP_20260402.csv,2026-01-28 19:48:17,0.01
GEOP_20260402.csv,2026-01-28 19:51:17,0.0
GEOP_20260402.csv,2026-01-28 19:54:17,0.0
GEOP_20260402.csv,2026-01-28 19:57:17,0.01
GEOP_20260402.csv,2026-01-28 20:00:17,0.01
GEOP_20260402.csv,2026-01-28 20:03:17,0.01
GEOP_20260402.csv,2026-01-28 20:06:17,0.02
GEOP_20260402.csv,2026-01-28 20:09:17,0.01
GEOP_20260402.csv,2026-01-28 20:12:17,0.02
GEOP_20260402.csv,2026-01-28 20:15:17,0.03
GEOP_20260402.csv,2026-01-28 20:18:17,0.03
GEOP_20260402.csv,2026-01-28 20:21:17,0.04
GEOP_20260402.csv,2026-01-28 20:24:17,0.03
GEOP_20260402.csv,2026-01-28 20:27:17,0.03
GEOP_20260402.csv,2026-01-28 20:30:18,0.03
GEOP_20260402.csv,2026-01-28 20:33:17,0.03
GEOP_20260402.csv,2026-01-28 20:36:17,0.03
GEOP_20260402.csv,2026-01-28 20:39:17,0.02
GEOP_20260402.csv,2026-01-28 20:42:17,0.02
GEOP_20260402.csv,2026-01-28 20:45:17,0.02
GEOP_20260402.csv,2026-01-28 20:48:17,0.02
GEOP_20260402.csv,2026-01-28 20:51:17,0.02
GEOP_20260402.csv,2026-01-28 20:54:17,0.02
GEOP_20260402.csv,2026-01-28 20:57:17,0.02
GEOP_20260402.csv,2026-01-28 21:00:17,0.02
GEOP_20260402.csv,2026-01-28 21:03:17,0.02
GEOP_20260402.csv,2026-01-28 21:06:17,0.02
GEOP_20260402.csv,2026-01-28 21:09:17,0.01
GEOP_20260402.csv,2026-01-28 21:12:17,0.02
GEOP_20260402.csv,2026-01-28 21:15:17,0.01
GEOP_20260402.csv,2026-01-28 21:18:17,0.02
GEOP_20260402.csv,2026-01-28 21:21:17,0.02
GEOP_20260402.csv,2026-01-28 21:24:17,0.02
GEOP_20260402.csv,2026-01-28 21:27:17,0.02
GEOP_20260402.csv,2026-01-28 21:30:17,0.02
GEOP_20260402.csv,2026-01-28 21:33:17,0.03
GEOP_20260402.csv,2026-01-28 21:36:17,0.02
GEOP_20260402.csv,2026-01-28 21:39:17,0.03
GEOP_20260402.csv,2026-01-28 21:42:17,0.02
GEOP_20260402.csv,2026-01-28 21:45:17,0.02
GEOP_20260402.csv,2026-01-28 21:48:17,0.03
GEOP_20260402.csv,2026-01-28 21:51:17,0.02
GEOP_20260402.csv,2026-01-28 21:54:17,0.03
GEOP_20260402.csv,2026-01-28 21:57:17,0.02
GEOP_20260402.csv,2026-01-28 22:00:17,0.03
GEOP_20260402.csv,2026-01-28 22:03:17,0.02
GEOP_20260402.csv,2026-01-28 22:06:17,0.03
GEOP_20260402.csv,2026-01-28 22:09:17,0.02
GEOP_20260402.csv,2026-01-28 22:12:17,0.02
GEOP_20260402.csv,2026-01-28 22:15:17,0.02
GEOP_20260402.csv,2026-01-28 22:18:17,0.03
GEOP_20260402.csv,2026-01-28 22:21:17,0.02
GEOP_20260402.csv,2026-01-28 22:24:17,0.02
GEOP_20260402.csv,2026-01-28 22:27:17,0.02
GEOP_20260402.csv,2026-01-28 22:30:17,0.02
GEOP_20260402.csv,2026-01-28 22:33:17,0.02
GEOP_20260402.csv,2026-01-28 22:36:17,0.01
GEOP_20260402.csv,2026-01-28 22:39:17,0.02
GEOP_20260402.csv,2026-01-28 22:42:17,0.02
GEOP_20260402.csv,2026-01-28 22:45:17,0.02
GEOP_20260402.csv,2026-01-28 22:48:17,0.02
GEOP_20260402.csv,2026-01-28 22:51:17,0.02
GEOP_20260402.csv,2026-01-28 22:54:17,0.02
GEOP_20260402.csv,2026-01-28 22:57:17,0.02
GEOP_20260402.csv,2026-01-28 23:00:17,0.02
GEOP_20260402.csv,2026-01-28 23:03:18,0.01
GEOP_20260402.csv,2026-01-28 23:06:17,0.02
GEOP_20260402.csv,2026-01-28 23:09:17,0.02
GEOP_20260402.csv,2026-01-28 23:12:17,0.02
GEOP_20260402.csv,2026-01-28 23:15:17,0.03
GEOP_20260402.csv,2026-01-28 23:18:17,0.02
GEOP_20260402.csv,2026-01-28 23:21:17,0.02
GEOP_20260402.csv,2026-01-28 23:24:17,0.02
GEOP_20260402.csv,2026-01-28 23:27:17,0.02
GEOP_20260402.csv,2026-01-28 23:30:17,0.02
GEOP_20260402.csv,2026-01-28 23:33:17,0.01
GEOP_20260402.csv,2026-01-28 23:36:17,0.01
GEOP_20260402.csv,2026-01-28 23:39:17,0.01
GEOP_20260402.csv,2026-01-28 23:42:17,0.01
GEOP_20260402.csv,2026-01-28 23:45:17,0.01
GEOP_20260402.csv,2026-01-28 23:48:17,0.01
GEOP_20260402.csv,2026-01-28 23:51:17,0.0
GEOP_20260402.csv,2026-01-28 23:54:17,0.01
GEOP_20260402.csv,2026-01-28 23:57:17,0.0
GEOP_20260402.csv,2026-01-29 00:00:17,0.01
GEOP_20260402.csv,2026-01-29 00:03:17,0.0
GEOP_20260402.csv,2026-01-29 00:06:17,0.01
GEOP_20260402.csv,2026-01-29 00:09:17,0.0
GEOP_20260402.csv,2026-01-29 00:12:17,0.01
GEOP_20260402.csv,2026-01-29 00:15:17,0.0
GEOP_20260402.csv,2026-01-29 00:18:17,0.01
GEOP_20260402.csv,2026-01-29 00:21:17,0.0
GEOP_20260402.csv,2026-01-29 00:24:17,0.0
GEOP_20260402.csv,2026-01-29 00:27:17,0.0
GEOP_20260402.csv,2026-01-29 00:30:17,0.01
GEOP_20260402.csv,2026-01-29 00:33:17,0.0
GEOP_20260402.csv,2026-01-29 00:36:17,0.0
GEOP_20260402.csv,2026-01-29 00:39:17,0.0
GEOP_20260402.csv,2026-01-29 00:42:17,0.01
GEOP_20260402.csv,2026-01-29 00:45:17,0.0
GEOP_20260402.csv,2026-01-29 00:48:17,0.0
GEOP_20260402.csv,2026-01-29 00:51:17,0.0
GEOP_20260402.csv,2026-01-29 00:54:17,0.0
GEOP_20260402.csv,2026-01-29 00:57:17,0.0
GEOP_20260402.csv,2026-01-29 01:00:17,0.0
GEOP_20260402.csv,2026-01-29 01:03:17,0.0
GEOP_20260402.csv,2026-01-29 01:06:17,0.0
GEOP_20260402.csv,2026-01-29 01:09:17,0.0
GEOP_20260402.csv,2026-01-29 01:12:17,0.0
GEOP_20260402.csv,2026-01-29 01:15:17,0.0
GEOP_20260402.csv,2026-01-29 01:18:17,0.0
GEOP_20260402.csv,2026-01-29 01:21:17,0.0
GEOP_20260402.csv,2026-01-29 01:24:17,0.0
GEOP_20260402.csv,2026-01-29 01:27:17,0.01
GEOP_20260402.csv,2026-01-29 01:30:17,0.0
GEOP_20260402.csv,2026-01-29 01:33:17,0.0
GEOP_20260402.csv,2026-01-29 01:36:17,0.0
GEOP_20260402.csv,2026-01-29 01:39:17,0.0
GEOP_20260402.csv,2026-01-29 01:42:17,0.0
GEOP_20260402.csv,2026-01-29 01:45:17,0.0
GEOP_20260402.csv,2026-01-29 01:48:17,0.0
GEOP_20260402.csv,2026-01-29 01:51:17,0.0
GEOP_20260402.csv,2026-01-29 01:54:17,0.0
GEOP_20260402.csv,2026-01-29 01:57:17,0.0
GEOP_20260402.csv,2026-01-29 02:00:17,0.0
GEOP_20260402.csv,2026-01-29 02:03:17,0.0
GEOP_20260402.csv,2026-01-29 02:06:17,0.0
GEOP_20260402.csv,2026-01-29 02:09:17,0.0
GEOP_20260402.csv,2026-01-29 02:12:17,0.0
GEOP_20260402.csv,2026-01-29 02:15:17,0.0
GEOP_20260402.csv,2026-01-29 02:18:17,0.0
GEOP_20260402.csv,2026-01-29 02:21:17,0.0
GEOP_20260402.csv,2026-01-29 02:24:17,0.0
GEOP_20260402.csv,2026-01-29 02:27:17,0.0
GEOP_20260402.csv,2026-01-29 02:30:17,0.0
GEOP_20260402.csv,2026-01-29 02:33:17,0.0
GEOP_20260402.csv,2026-01-29 02:36:17,0.0
GEOP_20260402.csv,2026-01-29 02:39:17,0.0
GEOP_20260402.csv,2026-01-29 02:42:17,0.0
GEOP_20260402.csv,2026-01-29 02:45:17,0.0
GEOP_20260402.csv,2026-01-29 02:48:17,0.0
GEOP_20260402.csv,2026-01-29 02:51:17,0.0
GEOP_20260402.csv,2026-01-29 02:54:17,0.0
GEOP_20260402.csv,2026-01-29 02:57:17,0.0
GEOP_20260402.csv,2026-01-29 03:00:17,0.0
GEOP_20260402.csv,2026-01-29 03:03:17,0.0
GEOP_20260402.csv,2026-01-29 03:06:17,0.0
GEOP_20260402.csv,2026-01-29 03:09:17,0.0
GEOP_20260402.csv,2026-01-29 03:12:17,0.01
GEOP_20260402.csv,2026-01-29 03:15:17,0.0
GEOP_20260402.csv,2026-01-29 03:18:17,0.0
GEOP_20260402.csv,2026-01-29 03:21:17,0.0
GEOP_20260402.csv,2026-01-29 03:24:17,0.01
GEOP_20260402.csv,2026-01-29 03:27:17,0.0
GEOP_20260402.csv,2026-01-29 03:30:17,0.01
GEOP_20260402.csv,2026-01-29 03:33:17,0.0
GEOP_20260402.csv,2026-01-29 03:36:17,0.01
GEOP_20260402.csv,2026-01-29 03:39:17,0.01
GEOP_20260402.csv,2026-01-29 03:42:17,0.0
GEOP_20260402.csv,2026-01-29 03:45:17,0.01
GEOP_20260402.csv,2026-01-29 03:48:17,0.01
GEOP_20260402.csv,2026-01-29 03:51:17,0.0
GEOP_20260402.csv,2026-01-29 03:54:17,0.0
GEOP_20260402.csv,2026-01-29 03:57:17,0.01
GEOP_20260402.csv,2026-01-29 04:00:17,0.0
GEOP_20260402.csv,2026-01-29 04:03:17,0.0
GEOP_20260402.csv,2026-01-29 04:06:17,0.0
GEOP_20260402.csv,2026-01-29 04:09:17,0.01
GEOP_20260402.csv,2026-01-29 04:12:17,0.0
GEOP_20260402.csv,2026-01-29 04:15:17,0.0
GEOP_20260402.csv,2026-01-29 04:18:17,0.0
GEOP_20260402.csv,2026-01-29 04:21:17,0.0
GEOP_20260402.csv,2026-01-29 04:24:17,0.01
GEOP_20260402.csv,2026-01-29 04:27:17,0.0
GEOP_20260402.csv,2026-01-29 04:30:17,0.0
GEOP_20260402.csv,2026-01-29 04:33:17,0.0
GEOP_20260402.csv,2026-01-29 04:36:17,0.01
GEOP_20260402.csv,2026-01-29 04:39:17,0.0
GEOP_20260402.csv,2026-01-29 04:42:17,0.01
GEOP_20260402.csv,2026-01-29 04:45:17,0.01
GEOP_20260402.csv,2026-01-29 04:48:17,0.01
GEOP_20260402.csv,2026-01-29 04:51:17,0.0
GEOP_20260402.csv,2026-01-29 04:54:17,0.01
GEOP_20260402.csv,2026-01-29 04:57:17,0.01
GEOP_20260402.csv,2026-01-29 05:00:17,0.01
GEOP_20260402.csv,2026-01-29 05:03:17,0.01
GEOP_20260402.csv,2026-01-29 05:06:17,0.01
GEOP_20260402.csv,2026-01-29 05:09:17,0.02
GEOP_20260402.csv,2026-01-29 05:12:17,0.02
GEOP_20260402.csv,2026-01-29 05:15:17,0.02
GEOP_20260402.csv,2026-01-29 05:18:17,0.02
GEOP_20260402.csv,2026-01-29 05:21:17,0.01
GEOP_20260402.csv,2026-01-29 05:24:17,0.01
GEOP_20260402.csv,2026-01-29 05:27:17,0.02
GEOP_20260402.csv,2026-01-29 05:30:17,0.01
GEOP_20260402.csv,2026-01-29 05:33:17,0.0
GEOP_20260402.csv,2026-01-29 05:36:17,0.01
GEOP_20260402.csv,2026-01-29 05:39:17,0.01
GEOP_20260402.csv,2026-01-29 05:42:17,0.0
GEOP_20260402.csv,2026-01-29 05:45:17,0.01
GEOP_20260402.csv,2026-01-29 05:48:17,0.0
GEOP_20260402.csv,2026-01-29 05:51:17,0.01
GEOP_20260402.csv,2026-01-29 05:54:17,0.0
GEOP_20260402.csv,2026-01-29 05:57:17,0.01
GEOP_20260402.csv,2026-01-29 06:00:17,0.01
GEOP_20260402.csv,2026-01-29 06:03:17,0.0
GEOP_20260402.csv,2026-01-29 06:06:17,0.01
GEOP_20260402.csv,2026-01-29 06:09:17,0.0
GEOP_20260402.csv,2026-01-29 06:12:17,0.01
GEOP_20260402.csv,2026-01-29 06:15:17,0.01
GEOP_20260402.csv,2026-01-29 06:18:17,0.0
GEOP_20260402.csv,2026-01-29 06:21:17,0.0
GEOP_20260402.csv,2026-01-29 06:24:17,0.01
GEOP_20260402.csv,2026-01-29 06:27:17,0.0
GEOP_20260402.csv,2026-01-29 06:30:17,0.01
GEOP_20260402.csv,2026-01-29 06:33:17,0.0
GEOP_20260402.csv,2026-01-29 06:36:17,0.01
GEOP_20260402.csv,2026-01-29 06:39:17,0.0
GEOP_20260402.csv,2026-01-29 06:42:17,0.01
GEOP_20260402.csv,2026-01-29 06:45:17,0.0
GEOP_20260402.csv,2026-01-29 06:48:17,0.0
GEOP_20260402.csv,2026-01-29 06:51:17,0.01
GEOP_20260402.csv,2026-01-29 06:54:17,0.0
GEOP_20260402.csv,2026-01-29 06:57:17,0.0
GEOP_20260402.csv,2026-01-29 07:00:17,0.01
GEOP_20260402.csv,2026-01-29 07:03:17,0.0
GEOP_20260402.csv,2026-01-29 07:06:17,0.0
GEOP_20260402.csv,2026-01-29 07:09:17,0.01
GEOP_20260402.csv,2026-01-29 07:12:17,0.0
GEOP_20260402.csv,2026-01-29 07:15:17,0.0
GEOP_20260402.csv,2026-01-29 07:18:17,0.0
GEOP_20260402.csv,2026-01-29 07:21:17,0.0
GEOP_20260402.csv,2026-01-29 07:24:17,0.01
GEOP_20260402.csv,2026-01-29 07:27:17,0.0
GEOP_20260402.csv,2026-01-29 07:30:17,0.0
GEOP_20260402.csv,2026-01-29 07:33:17,0.0
GEOP_20260402.csv,2026-01-29 07:36:17,0.0
GEOP_20260402.csv,2026-01-29 07:39:17,0.0
GEOP_20260402.csv,2026-01-29 07:42:17,0.0
GEOP_20260402.csv,2026-01-29 07:45:17,0.01
GEOP_20260402.csv,2026-01-29 07:48:17,0.0
GEOP_20260402.csv,2026-01-29 07:51:17,0.0
GEOP_20260402.csv,2026-01-29 07:54:17,0.0
GEOP_20260402.csv,2026-01-29 07:57:17,0.0
GEOP_20260402.csv,2026-01-29 08:00:17,0.0
GEOP_20260402.csv,2026-01-29 08:03:17,0.0
GEOP_20260402.csv,2026-01-29 08:06:17,0.0
GEOP_20260402.csv,2026-01-29 08:09:17,0.0
GEOP_20260402.csv,2026-01-29 08:12:17,0.0
GEOP_20260402.csv,2026-01-29 08:15:17,0.0
GEOP_20260402.csv,2026-01-29 08:18:17,0.0
GEOP_20260402.csv,2026-01-29 08:21:17,0.0
GEOP_20260402.csv,2026-01-29 08:24:17,0.0
GEOP_20260402.csv,2026-01-29 08:27:17,0.0
GEOP_20260402.csv,2026-01-29 08:30:17,0.0
GEOP_20260402.csv,2026-01-29 08:33:17,0.0
GEOP_20260402.csv,2026-01-29 08:36:17,0.0
GEOP_20260402.csv,2026-01-29 08:39:17,0.0
GEOP_20260402.csv,2026-01-29 08:42:17,0.0
GEOP_20260402.csv,2026-01-29 08:45:17,0.0
GEOP_20260402.csv,2026-01-29 08:48:17,0.0
GEOP_20260402.csv,2026-01-29 08:51:17,0.0
GEOP_20260402.csv,2026-01-29 08:54:17,0.0
GEOP_20260402.csv,2026-01-29 08:57:17,0.0
GEOP_20260402.csv,2026-01-29 09:00:17,0.0
GEOP_20260402.csv,2026-01-29 09:03:17,0.0
GEOP_20260402.csv,2026-01-29 09:06:17,0.0
GEOP_20260402.csv,2026-01-29 09:09:17,0.0
GEOP_20260402.csv,2026-01-29 09:12:17,0.0
GEOP_20260402.csv,2026-01-29 09:15:17,0.0
GEOP_20260402.csv,2026-01-29 09:18:17,0.0
GEOP_20260402.csv,2026-01-29 09:21:17,0.0
GEOP_20260402.csv,2026-01-29 09:24:17,0.0
GEOP_20260402.csv,2026-01-29 09:27:17,0.0
GEOP_20260402.csv,2026-01-29 09:30:17,0.0
GEOP_20260402.csv,2026-01-29 09:33:17,0.0
GEOP_20260402.csv,2026-01-29 09:36:17,0.0
GEOP_20260402.csv,2026-01-29 09:39:17,0.0
GEOP_20260402.csv,2026-01-29 09:42:17,0.0
GEOP_20260402.csv,2026-01-29 09:45:17,0.0
GEOP_20260402.csv,2026-01-29 09:48:17,0.0
GEOP_20260402.csv,2026-01-29 09:51:17,0.0
GEOP_20260402.csv,2026-01-29 09:54:17,0.0
GEOP_20260402.csv,2026-01-29 09:57:17,0.0
GEOP_20260402.csv,2026-01-29 10:00:17,0.0
GEOP_20260402.csv,2026-01-29 10:03:17,0.0
GEOP_20260402.csv,2026-01-29 10:06:17,0.0
GEOP_20260402.csv,2026-01-29 10:09:17,0.0
GEOP_20260402.csv,2026-01-29 10:12:17,0.0
GEOP_20260402.csv,2026-01-29 10:15:17,0.0
GEOP_20260402.csv,2026-01-29 10:18:17,0.0
GEOP_20260402.csv,2026-01-29 10:21:17,0.0
GEOP_20260402.csv,2026-01-29 10:24:17,0.0
GEOP_20260402.csv,2026-01-29 10:27:17,0.0
GEOP_20260402.csv,2026-01-29 10:30:17,0.0
GEOP_20260402.csv,2026-01-29 10:33:17,0.0
GEOP_20260402.csv,2026-01-29 10:36:17,0.0
GEOP_20260402.csv,2026-01-29 10:39:17,0.0
GEOP_20260402.csv,2026-01-29 10:42:17,0.0
GEOP_20260402.csv,2026-01-29 10:45:17,0.0
GEOP_20260402.csv,2026-01-29 10:48:17,0.0
GEOP_20260402.csv,2026-01-29 10:51:16,0.0
GEOP_20260402.csv,2026-01-29 10:54:17,0.0
GEOP_20260402.csv,2026-01-29 10:57:16,0.0
GEOP_20260402.csv,2026-01-29 11:00:16,0.0
GEOP_20260402.csv,2026-01-29 11:03:16,0.0
GEOP_20260402.csv,2026-01-29 11:06:16,0.0
GEOP_20260402.csv,2026-01-29 11:09:16,0.0
GEOP_20260402.csv,2026-01-29 11:12:16,0.0
GEOP_20260402.csv,2026-01-29 11:15:16,0.0
GEOP_20260402.csv,2026-01-29 11:18:16,0.0
GEOP_20260402.csv,2026-01-29 11:21:16,0.0
GEOP_20260402.csv,2026-01-29 11:24:16,0.0
GEOP_20260402.csv,2026-01-29 11:27:16,0.0
GEOP_20260402.csv,2026-01-29 11:30:16,0.0
GEOP_20260402.csv,2026-01-29 11:33:16,0.0
GEOP_20260402.csv,2026-01-29 11:36:16,0.0
GEOP_20260402.csv,2026-01-29 11:39:16,0.0
GEOP_20260402.csv,2026-01-29 11:42:16,0.0
GEOP_20260402.csv,2026-01-29 11:45:16,0.0
GEOP_20260402.csv,2026-01-29 11:48:16,0.0
GEOP_20260402.csv,2026-01-29 11:51:16,0.0
GEOP_20260402.csv,2026-01-29 11:54:16,0.0
GEOP_20260402.csv,2026-01-29 11:57:16,0.0
GEOP_20260402.csv,2026-01-29 12:00:16,0.0
GEOP_20260402.csv,2026-01-29 12:03:16,0.0
GEOP_20260402.csv,2026-01-29 12:06:16,0.0
GEOP_20260402.csv,2026-01-29 12:09:16,0.0
GEOP_20260402.csv,2026-01-29 12:12:16,0.0
GEOP_20260402.csv,2026-01-29 12:15:16,0.0
GEOP_20260402.csv,2026-01-29 12:18:16,0.0
GEOP_20260402.csv,2026-01-29 12:21:16,0.0
GEOP_20260402.csv,2026-01-29 12:24:16,0.0
GEOP_20260402.csv,2026-01-29 12:27:16,0.0
GEOP_20260402.csv,2026-01-29 12:30:16,0.0
GEOP_20260402.csv,2026-01-29 12:33:16,0.0
GEOP_20260402.csv,2026-01-29 12:36:16,0.0
GEOP_20260402.csv,2026-01-29 12:39:16,0.0
GEOP_20260402.csv,2026-01-29 12:42:16,0.0
GEOP_20260402.csv,2026-01-29 12:45:16,0.0
GEOP_20260402.csv,2026-01-29 12:48:16,0.0
GEOP_20260402.csv,2026-01-29 12:51:16,0.0
GEOP_20260402.csv,2026-01-29 12:54:16,0.0
GEOP_20260402.csv,2026-01-29 12:57:16,0.0
GEOP_20260402.csv,2026-01-29 13:00:16,0.0
GEOP_20260402.csv,2026-01-29 13:03:16,0.0
GEOP_20260402.csv,2026-01-29 13:06:16,0.0
GEOP_20260402.csv,2026-01-29 13:09:16,0.0
GEOP_20260402.csv,2026-01-29 13:12:16,0.0
GEOP_20260402.csv,2026-01-29 13:15:16,0.0
GEOP_20260402.csv,2026-01-29 13:18:16,0.0
GEOP_20260402.csv,2026-01-29 13:21:16,0.0
GEOP_20260402.csv,2026-01-29 13:24:16,0.0
GEOP_20260402.csv,2026-01-29 13:27:16,0.0
GEOP_20260402.csv,2026-01-29 13:30:16,0.0
GEOP_20260402.csv,2026-01-29 13:33:16,0.0
GEOP_20260402.csv,2026-01-29 13:36:16,0.0
GEOP_20260402.csv,2026-01-29 13:39:16,0.0
GEOP_20260402.csv,2026-01-29 13:42:16,0.0
GEOP_20260402.csv,2026-01-29 13:45:16,0.0
GEOP_20260402.csv,2026-01-29 13:48:16,0.0
GEOP_20260402.csv,2026-01-29 13:51:16,0.0
GEOP_20260402.csv,2026-01-29 13:54:16,0.0
GEOP_20260402.csv,2026-01-29 13:57:16,0.0
GEOP_20260402.csv,2026-01-29 14:00:16,0.0
GEOP_20260402.csv,2026-01-29 14:03:16,0.0
GEOP_20260402.csv,2026-01-29 14:06:16,0.0
GEOP_20260402.csv,2026-01-29 14:09:16,0.0
GEOP_20260402.csv,2026-01-29 14:12:16,0.0
GEOP_20260402.csv,2026-01-29 14:15:16,0.0
GEOP_20260402.csv,2026-01-29 14:18:16,0.0
GEOP_20260402.csv,2026-01-29 14:21:16,0.0
GEOP_20260402.csv,2026-01-29 14:24:16,0.0
GEOP_20260402.csv,2026-01-29 14:27:16,0.0
GEOP_20260402.csv,2026-01-29 14:30:16,0.0
GEOP_20260402.csv,2026-01-29 14:33:16,0.0
GEOP_20260402.csv,2026-01-29 14:36:16,0.0
GEOP_20260402.csv,2026-01-29 14:39:16,0.0
GEOP_20260402.csv,2026-01-29 14:42:16,0.0
GEOP_20260402.csv,2026-01-29 14:45:16,0.0
GEOP_20260402.csv,2026-01-29 14:48:16,0.0
GEOP_20260402.csv,2026-01-29 14:51:16,0.0
GEOP_20260402.csv,2026-01-29 14:54:16,0.0
GEOP_20260402.csv,2026-01-29 14:57:16,0.0
GEOP_20260402.csv,2026-01-29 15:00:16,0.0
GEOP_20260402.csv,2026-01-29 15:03:16,0.0
GEOP_20260402.csv,2026-01-29 15:06:16,0.0
GEOP_20260402.csv,2026-01-29 15:09:16,0.0
GEOP_20260402.csv,2026-01-29 15:12:16,0.0
GEOP_20260402.csv,2026-01-29 15:15:16,0.0
GEOP_20260402.csv,2026-01-29 15:18:16,0.0
GEOP_20260402.csv,2026-01-29 15:21:16,0.0
GEOP_20260402.csv,2026-01-29 15:24:16,0.0
GEOP_20260402.csv,2026-01-29 15:30:16,0.0
GEOP_20260402.csv,2026-01-29 15:33:16,0.0
GEOP_20260402.csv,2026-01-29 15:36:16,0.0
GEOP_20260402.csv,2026-01-29 15:39:16,0.0
GEOP_20260402.csv,2026-01-29 15:42:16,0.0
GEOP_20260402.csv,2026-01-29 15:45:16,0.0
GEOP_20260402.csv,2026-01-29 15:48:16,0.0
GEOP_20260402.csv,2026-01-29 15:51:16,0.0
GEOP_20260402.csv,2026-01-29 15:54:16,0.0
GEOP_20260402.csv,2026-01-29 15:57:16,0.0
GEOP_20260402.csv,2026-01-29 16:00:16,0.0
GEOP_20260402.csv,2026-01-29 16:03:16,0.0
GEOP_20260402.csv,2026-01-29 16:06:16,0.0
GEOP_20260402.csv,2026-01-29 16:09:16,0.0
GEOP_20260402.csv,2026-01-29 16:12:16,0.0
GEOP_20260402.csv,2026-01-29 16:15:16,0.0
GEOP_20260402.csv,2026-01-29 16:18:16,0.0
GEOP_20260402.csv,2026-01-29 16:21:16,0.0
GEOP_20260402.csv,2026-01-29 16:24:16,0.0
GEOP_20260402.csv,2026-01-29 16:27:16,0.0
GEOP_20260402.csv,2026-01-29 16:30:16,0.0
GEOP_20260402.csv,2026-01-29 16:33:16,0.0
GEOP_20260402.csv,2026-01-29 16:36:16,0.0
GEOP_20260402.csv,2026-01-29 16:39:16,0.0
GEOP_20260402.csv,2026-01-29 16:42:16,0.0
GEOP_20260402.csv,2026-01-29 16:45:16,0.0
GEOP_20260402.csv,2026-01-29 16:48:16,0.0
GEOP_20260402.csv,2026-01-29 16:51:16,0.0
GEOP_20260402.csv,2026-01-29 16:54:16,0.0
GEOP_20260402.csv,2026-01-29 16:57:16,0.0
GEOP_20260402.csv,2026-01-29 17:00:16,0.0
GEOP_20260402.csv,2026-01-29 17:03:16,0.0
GEOP_20260402.csv,2026-01-29 17:06:16,0.0
GEOP_20260402.csv,2026-01-29 17:09:16,0.0
GEOP_20260402.csv,2026-01-29 17:12:16,0.0
GEOP_20260402.csv,2026-01-29 17:15:16,0.0
GEOP_20260402.csv,2026-01-29 17:18:16,0.0
GEOP_20260402.csv,2026-01-29 17:21:17,0.0
GEOP_20260402.csv,2026-01-29 17:24:16,0.0
GEOP_20260402.csv,2026-01-29 17:27:16,0.0
GEOP_20260402.csv,2026-01-29 17:30:16,0.0
GEOP_20260402.csv,2026-01-29 17:33:16,0.0
GEOP_20260402.csv,2026-01-29 17:36:16,0.0
GEOP_20260402.csv,2026-01-29 17:39:16,0.0
GEOP_20260402.csv,2026-01-29 17:42:16,0.0
GEOP_20260402.csv,2026-01-29 17:45:17,0.0
GEOP_20260402.csv,2026-01-29 17:48:16,0.0
GEOP_20260402.csv,2026-01-29 17:51:16,0.0
GEOP_20260402.csv,2026-01-29 17:54:16,0.0
GEOP_20260402.csv,2026-01-29 17:57:16,0.0
GEOP_20260402.csv,2026-01-29 18:00:16,0.0
GEOP_20260402.csv,2026-01-29 18:03:16,0.0
GEOP_20260402.csv,2026-01-29 18:06:16,0.0
GEOP_20260402.csv,2026-01-29 18:09:16,0.0
GEOP_20260402.csv,2026-01-29 18:12:16,0.0
GEOP_20260402.csv,2026-01-29 18:15:16,0.0
GEOP_20260402.csv,2026-01-29 18:18:16,0.0
GEOP_20260402.csv,2026-01-29 18:21:16,0.0
GEOP_20260402.csv,2026-01-29 18:24:16,0.0
GEOP_20260402.csv,2026-01-29 18:27:16,0.0
GEOP_20260402.csv,2026-01-29 18:30:16,0.0
GEOP_20260402.csv,2026-01-29 18:33:16,0.0
GEOP_20260402.csv,2026-01-29 18:36:16,0.0
GEOP_20260402.csv,2026-01-29 18:39:16,0.0
GEOP_20260402.csv,2026-01-29 18:42:16,0.0
GEOP_20260402.csv,2026-01-29 18:45:20,0.0
GEOP_20260402.csv,2026-01-29 18:48:16,0.0
GEOP_20260402.csv,2026-01-29 18:51:16,0.0
GEOP_20260402.csv,2026-01-29 18:54:16,0.0
GEOP_20260402.csv,2026-01-29 18:57:16,0.0
GEOP_20260402.csv,2026-01-29 19:00:16,0.0
GEOP_20260402.csv,2026-01-29 19:03:16,0.0
GEOP_20260402.csv,2026-01-29 19:06:16,0.0
GEOP_20260402.csv,2026-01-29 19:09:16,0.0
GEOP_20260402.csv,2026-01-29 19:12:16,0.0
GEOP_20260402.csv,2026-01-29 19:15:16,0.0
GEOP_20260402.csv,2026-01-29 19:18:16,0.0
GEOP_20260402.csv,2026-01-29 19:21:16,0.0
GEOP_20260402.csv,2026-01-29 19:24:16,0.0
GEOP_20260402.csv,2026-01-29 19:27:16,0.0
GEOP_20260402.csv,2026-01-29 19:30:16,0.0
GEOP_20260402.csv,2026-01-29 19:33:16,0.0
GEOP_20260402.csv,2026-01-29 19:36:16,0.0
GEOP_20260402.csv,2026-01-29 19:39:16,0.0
GEOP_20260402.csv,2026-01-29 19:42:16,0.0
GEOP_20260402.csv,2026-01-29 19:45:16,0.0
GEOP_20260402.csv,2026-01-29 19:48:16,0.0
GEOP_20260402.csv,2026-01-29 19:51:16,0.0
GEOP_20260402.csv,2026-01-29 19:54:16,0.0
GEOP_20260402.csv,2026-01-29 19:57:16,0.0
GEOP_20260402.csv,2026-01-29 20:00:16,0.0
GEOP_20260402.csv,2026-01-29 20:03:16,0.0
GEOP_20260402.csv,2026-01-29 20:06:16,0.0
GEOP_20260402.csv,2026-01-29 20:09:16,0.0
GEOP_20260402.csv,2026-01-29 20:12:16,0.0
GEOP_20260402.csv,2026-01-29 20:15:16,0.0
GEOP_20260402.csv,2026-01-29 20:18:16,0.0
GEOP_20260402.csv,2026-01-29 20:21:16,0.0
GEOP_20260402.csv,2026-01-29 20:24:16,0.0
GEOP_20260402.csv,2026-01-29 20:27:16,0.0
GEOP_20260402.csv,2026-01-29 20:30:16,0.0
GEOP_20260402.csv,2026-01-29 20:33:16,0.0
GEOP_20260402.csv,2026-01-29 20:36:16,0.0
GEOP_20260402.csv,2026-01-29 20:39:16,0.0
GEOP_20260402.csv,2026-01-29 20:42:16,0.0
GEOP_20260402.csv,2026-01-29 20:45:16,0.0
GEOP_20260402.csv,2026-01-29 20:48:16,0.0
GEOP_20260402.csv,2026-01-29 20:51:16,0.0
GEOP_20260402.csv,2026-01-29 20:54:16,0.0
GEOP_20260402.csv,2026-01-29 21:00:16,0.0
GEOP_20260402.csv,2026-01-29 21:03:16,0.0
GEOP_20260402.csv,2026-01-29 21:06:16,0.0
GEOP_20260402.csv,2026-01-29 21:09:16,0.0
GEOP_20260402.csv,2026-01-29 21:12:16,0.0
GEOP_20260402.csv,2026-01-29 21:15:16,0.0
GEOP_20260402.csv,2026-01-29 21:18:16,0.0
GEOP_20260402.csv,2026-01-29 21:21:16,0.0
GEOP_20260402.csv,2026-01-29 21:24:16,0.0
GEOP_20260402.csv,2026-01-29 21:27:16,0.0
GEOP_20260402.csv,2026-01-29 21:30:16,0.0
GEOP_20260402.csv,2026-01-29 21:33:16,0.0
GEOP_20260402.csv,2026-01-29 21:36:16,0.0
GEOP_20260402.csv,2026-01-29 21:39:16,0.0
GEOP_20260402.csv,2026-01-29 21:42:16,0.0
GEOP_20260402.csv,2026-01-29 21:45:16,0.0
GEOP_20260402.csv,2026-01-29 21:48:16,0.0
GEOP_20260402.csv,2026-01-29 21:51:16,0.0
GEOP_20260402.csv,2026-01-29 21:54:16,0.0
GEOP_20260402.csv,2026-01-29 21:57:16,0.0
GEOP_20260402.csv,2026-01-29 22:00:16,0.0
GEOP_20260402.csv,2026-01-29 22:03:16,0.0
GEOP_20260402.csv,2026-01-29 22:06:16,0.0
GEOP_20260402.csv,2026-01-29 22:09:16,0.0
GEOP_20260402.csv,2026-01-29 22:12:16,0.0
GEOP_20260402.csv,2026-01-29 22:15:16,0.0
GEOP_20260402.csv,2026-01-29 22:18:16,0.0
GEOP_20260402.csv,2026-01-29 22:21:16,0.0
GEOP_20260402.csv,2026-01-29 22:24:16,0.0
GEOP_20260402.csv,2026-01-29 22:27:16,0.0
GEOP_20260402.csv,2026-01-29 22:30:16,0.0
GEOP_20260402.csv,2026-01-29 22:33:16,0.0
GEOP_20260402.csv,2026-01-29 22:36:16,0.0
GEOP_20260402.csv,2026-01-29 22:39:16,0.0
GEOP_20260402.csv,2026-01-29 22:42:16,0.0
GEOP_20260402.csv,2026-01-29 22:45:16,0.0
GEOP_20260402.csv,2026-01-29 22:48:16,0.0
GEOP_20260402.csv,2026-01-29 22:51:16,0.0
GEOP_20260402.csv,2026-01-29 22:54:16,0.0
GEOP_20260402.csv,2026-01-29 22:57:16,0.0
GEOP_20260402.csv,2026-01-29 23:00:16,0.0
GEOP_20260402.csv,2026-01-29 23:03:16,0.0
GEOP_20260402.csv,2026-01-29 23:06:16,0.0
GEOP_20260402.csv,2026-01-29 23:09:16,0.0
GEOP_20260402.csv,2026-01-29 23:12:16,0.0
GEOP_20260402.csv,2026-01-29 23:15:16,0.0
GEOP_20260402.csv,2026-01-29 23:18:16,0.0
GEOP_20260402.csv,2026-01-29 23:21:16,0.0
GEOP_20260402.csv,2026-01-29 23:24:16,0.0
GEOP_20260402.csv,2026-01-29 23:27:16,0.0
GEOP_20260402.csv,2026-01-29 23:30:16,0.0
GEOP_20260402.csv,2026-01-29 23:33:16,0.0
GEOP_20260402.csv,2026-01-29 23:36:16,0.0
GEOP_20260402.csv,2026-01-29 23:39:16,0.0
GEOP_20260402.csv,2026-01-29 23:42:16,0.0
GEOP_20260402.csv,2026-01-29 23:45:16,0.0
GEOP_20260402.csv,2026-01-29 23:48:16,0.0
GEOP_20260402.csv,2026-01-29 23:51:16,0.0
GEOP_20260402.csv,2026-01-29 23:54:16,0.0
GEOP_20260402.csv,2026-01-29 23:57:16,0.0
GEOP_20260402.csv,2026-01-30 00:00:16,0.0
GEOP_20260402.csv,2026-01-30 00:06:16,0.0
GEOP_20260402.csv,2026-01-30 00:09:16,0.0
GEOP_20260402.csv,2026-01-30 00:12:16,0.0
GEOP_20260402.csv,2026-01-30 00:15:16,0.0
GEOP_20260402.csv,2026-01-30 00:18:16,0.0
GEOP_20260402.csv,2026-01-30 00:21:16,0.0
GEOP_20260402.csv,2026-01-30 00:24:16,0.0
GEOP_20260402.csv,2026-01-30 00:27:16,0.0
GEOP_20260402.csv,2026-01-30 00:30:16,0.0
GEOP_20260402.csv,2026-01-30 00:33:16,0.0
GEOP_20260402.csv,2026-01-30 00:36:16,0.0
GEOP_20260402.csv,2026-01-30 00:39:16,0.0
GEOP_20260402.csv,2026-01-30 00:42:16,0.0
GEOP_20260402.csv,2026-01-30 00:45:16,0.0
GEOP_20260402.csv,2026-01-30 00:48:16,0.0
GEOP_20260402.csv,2026-01-30 00:51:16,0.0
GEOP_20260402.csv,2026-01-30 00:54:16,0.0
GEOP_20260402.csv,2026-01-30 00:57:16,0.0
GEOP_20260402.csv,2026-01-30 01:00:16,0.0
GEOP_20260402.csv,2026-01-30 01:03:16,0.0
GEOP_20260402.csv,2026-01-30 01:06:16,0.0
GEOP_20260402.csv,2026-01-30 01:09:16,0.0
GEOP_20260402.csv,2026-01-30 01:12:16,0.0
GEOP_20260402.csv,2026-01-30 01:15:16,0.0
GEOP_20260402.csv,2026-01-30 01:18:16,0.0
GEOP_20260402.csv,2026-01-30 01:21:16,0.0
GEOP_20260402.csv,2026-01-30 01:24:16,0.0
GEOP_20260402.csv,2026-01-30 01:27:16,0.0
GEOP_20260402.csv,2026-01-30 01:30:16,0.0
GEOP_20260402.csv,2026-01-30 01:33:16,0.0
GEOP_20260402.csv,2026-01-30 01:36:16,0.0
GEOP_20260402.csv,2026-01-30 01:39:16,0.0
GEOP_20260402.csv,2026-01-30 01:42:16,0.0
GEOP_20260402.csv,2026-01-30 01:45:16,0.0
GEOP_20260402.csv,2026-01-30 01:48:15,0.0
GEOP_20260402.csv,2026-01-30 01:51:15,0.0
GEOP_20260402.csv,2026-01-30 01:54:15,0.0
GEOP_20260402.csv,2026-01-30 01:57:16,0.0
GEOP_20260402.csv,2026-01-30 02:00:16,0.0
GEOP_20260402.csv,2026-01-30 02:03:16,0.0
GEOP_20260402.csv,2026-01-30 02:06:15,0.0
GEOP_20260402.csv,2026-01-30 02:09:15,0.0
GEOP_20260402.csv,2026-01-30 02:12:15,0.0
GEOP_20260402.csv,2026-01-30 02:15:15,0.0
GEOP_20260402.csv,2026-01-30 02:18:15,0.0
GEOP_20260402.csv,2026-01-30 02:21:15,0.0
GEOP_20260402.csv,2026-01-30 02:24:15,0.0
GEOP_20260402.csv,2026-01-30 02:27:15,0.0
GEOP_20260402.csv,2026-01-30 02:30:16,0.0
GEOP_20260402.csv,2026-01-30 02:33:15,0.0
GEOP_20260402.csv,2026-01-30 02:36:15,0.0
GEOP_20260402.csv,2026-01-30 02:39:15,0.0
GEOP_20260402.csv,2026-01-30 02:42:15,0.0
GEOP_20260402.csv,2026-01-30 02:45:15,0.0
GEOP_20260402.csv,2026-01-30 02:48:15,0.0
GEOP_20260402.csv,2026-01-30 02:51:15,0.0
GEOP_20260402.csv,2026-01-30 02:54:15,0.0
GEOP_20260402.csv,2026-01-30 02:57:15,0.0
GEOP_20260402.csv,2026-01-30 03:00:15,0.0
GEOP_20260402.csv,2026-01-30 03:03:15,0.0
GEOP_20260402.csv,2026-01-30 03:06:15,0.0
GEOP_20260402.csv,2026-01-30 03:09:15,0.0
GEOP_20260402.csv,2026-01-30 03:12:15,0.0
GEOP_20260402.csv,2026-01-30 03:15:15,0.0
GEOP_20260402.csv,2026-01-30 03:18:15,0.0
GEOP_20260402.csv,2026-01-30 03:21:15,0.0
GEOP_20260402.csv,2026-01-30 03:24:15,0.0
GEOP_20260402.csv,2026-01-30 03:27:15,0.0
GEOP_20260402.csv,2026-01-30 03:30:15,0.0
GEOP_20260402.csv,2026-01-30 03:33:15,0.0
GEOP_20260402.csv,2026-01-30 03:36:15,0.0
GEOP_20260402.csv,2026-01-30 03:39:15,0.0
GEOP_20260402.csv,2026-01-30 03:42:15,0.0
GEOP_20260402.csv,2026-01-30 03:45:15,0.0
GEOP_20260402.csv,2026-01-30 03:48:15,0.0
GEOP_20260402.csv,2026-01-30 03:51:15,0.0
GEOP_20260402.csv,2026-01-30 03:54:15,0.0
GEOP_20260402.csv,2026-01-30 03:57:15,0.0
GEOP_20260402.csv,2026-01-30 04:00:15,0.0
GEOP_20260402.csv,2026-01-30 04:03:15,0.0
GEOP_20260402.csv,2026-01-30 04:06:15,0.0
GEOP_20260402.csv,2026-01-30 04:09:15,0.0
GEOP_20260402.csv,2026-01-30 04:12:15,0.0
GEOP_20260402.csv,2026-01-30 04:15:15,0.0
GEOP_20260402.csv,2026-01-30 04:18:15,0.0
GEOP_20260402.csv,2026-01-30 04:21:15,0.0
GEOP_20260402.csv,2026-01-30 04:24:15,0.0
GEOP_20260402.csv,2026-01-30 04:27:15,0.0
GEOP_20260402.csv,2026-01-30 04:30:15,0.0
GEOP_20260402.csv,2026-01-30 04:33:15,0.0
GEOP_20260402.csv,2026-01-30 04:36:15,0.0
GEOP_20260402.csv,2026-01-30 04:39:15,0.0
GEOP_20260402.csv,2026-01-30 04:42:15,0.0
GEOP_20260402.csv,2026-01-30 04:45:15,0.0
GEOP_20260402.csv,2026-01-30 04:48:15,0.0
GEOP_20260402.csv,2026-01-30 04:51:15,0.0
GEOP_20260402.csv,2026-01-30 04:54:15,0.0
GEOP_20260402.csv,2026-01-30 04:57:15,0.0
GEOP_20260402.csv,2026-01-30 05:00:15,0.0
GEOP_20260402.csv,2026-01-30 05:03:15,0.0
GEOP_20260402.csv,2026-01-30 05:06:15,0.0
GEOP_20260402.csv,2026-01-30 05:09:15,0.0
GEOP_20260402.csv,2026-01-30 05:12:15,0.0
GEOP_20260402.csv,2026-01-30 05:15:15,0.0
GEOP_20260402.csv,2026-01-30 05:18:15,0.0
GEOP_20260402.csv,2026-01-30 05:21:15,0.0
GEOP_20260402.csv,2026-01-30 05:24:15,0.0
GEOP_20260402.csv,2026-01-30 05:27:15,0.0
GEOP_20260402.csv,2026-01-30 05:30:15,0.0
GEOP_20260402.csv,2026-01-30 05:33:15,0.0
GEOP_20260402.csv,2026-01-30 05:36:15,0.0
GEOP_20260402.csv,2026-01-30 05:39:15,0.0
GEOP_20260402.csv,2026-01-30 05:42:15,0.0
GEOP_20260402.csv,2026-01-30 05:45:15,0.0
GEOP_20260402.csv,2026-01-30 05:48:15,0.0
GEOP_20260402.csv,2026-01-30 05:51:15,0.0
GEOP_20260402.csv,2026-01-30 05:54:15,0.01
GEOP_20260402.csv,2026-01-30 05:57:15,0.02
GEOP_20260402.csv,2026-01-30 06:00:15,0.03
GEOP_20260402.csv,2026-01-30 06:03:15,0.03
GEOP_20260402.csv,2026-01-30 06:06:15,0.04
GEOP_20260402.csv,2026-01-30 06:09:15,0.08
GEOP_20260402.csv,2026-01-30 06:12:15,0.1
GEOP_20260402.csv,2026-01-30 06:15:15,0.1
GEOP_20260402.csv,2026-01-30 06:18:15,0.1
GEOP_20260402.csv,2026-01-30 06:21:15,0.08
GEOP_20260402.csv,2026-01-30 06:24:15,0.06
GEOP_20260402.csv,2026-01-30 06:27:15,0.03
GEOP_20260402.csv,2026-01-30 06:30:15,0.02
GEOP_20260402.csv,2026-01-30 06:33:15,0.01
GEOP_20260402.csv,2026-01-30 06:36:15,0.01
GEOP_20260402.csv,2026-01-30 06:39:15,0.0
GEOP_20260402.csv,2026-01-30 06:42:15,0.0
GEOP_20260402.csv,2026-01-30 06:45:15,0.01
GEOP_20260402.csv,2026-01-30 06:48:15,0.0
GEOP_20260402.csv,2026-01-30 06:51:15,0.0
GEOP_20260402.csv,2026-01-30 06:54:15,0.0
GEOP_20260402.csv,2026-01-30 06:57:15,0.0
GEOP_20260402.csv,2026-01-30 07:00:15,0.01
GEOP_20260402.csv,2026-01-30 07:03:15,0.0
GEOP_20260402.csv,2026-01-30 07:06:15,0.0
GEOP_20260402.csv,2026-01-30 07:09:15,0.0
GEOP_20260402.csv,2026-01-30 07:12:15,0.0
GEOP_20260402.csv,2026-01-30 07:15:15,0.01
GEOP_20260402.csv,2026-01-30 07:18:15,0.0
GEOP_20260402.csv,2026-01-30 07:21:15,0.0
GEOP_20260402.csv,2026-01-30 07:24:15,0.0
GEOP_20260402.csv,2026-01-30 07:27:15,0.0
GEOP_20260402.csv,2026-01-30 07:30:15,0.01
GEOP_20260402.csv,2026-01-30 07:33:15,0.0
GEOP_20260402.csv,2026-01-30 07:36:15,0.0
GEOP_20260402.csv,2026-01-30 07:39:15,0.01
GEOP_20260402.csv,2026-01-30 07:42:15,0.0
GEOP_20260402.csv,2026-01-30 07:45:15,0.0
GEOP_20260402.csv,2026-01-30 07:48:15,0.02
GEOP_20260402.csv,2026-01-30 07:51:15,0.02
GEOP_20260402.csv,2026-01-30 07:54:15,0.02
GEOP_20260402.csv,2026-01-30 07:57:15,0.02
GEOP_20260402.csv,2026-01-30 08:00:15,0.01
GEOP_20260402.csv,2026-01-30 08:03:15,0.01
GEOP_20260402.csv,2026-01-30 08:06:15,0.02
GEOP_20260402.csv,2026-01-30 08:09:15,0.0
GEOP_20260402.csv,2026-01-30 08:12:15,0.02
GEOP_20260402.csv,2026-01-30 08:15:15,0.11
GEOP_20260402.csv,2026-01-30 08:18:15,0.12
GEOP_20260402.csv,2026-01-30 08:21:15,0.11
GEOP_20260402.csv,2026-01-30 08:24:15,0.13
GEOP_20260402.csv,2026-01-30 08:27:15,0.1
GEOP_20260402.csv,2026-01-30 08:30:15,0.07
GEOP_20260402.csv,2026-01-30 08:33:15,0.05
GEOP_20260402.csv,2026-01-30 08:36:15,0.03
GEOP_20260402.csv,2026-01-30 08:39:15,0.02
GEOP_20260402.csv,2026-01-30 08:42:15,0.02
GEOP_20260402.csv,2026-01-30 08:45:15,0.02
GEOP_20260402.csv,2026-01-30 08:48:15,0.02
GEOP_20260402.csv,2026-01-30 08:51:15,0.01
GEOP_20260402.csv,2026-01-30 08:54:15,0.01
GEOP_20260402.csv,2026-01-30 08:57:15,0.0
GEOP_20260402.csv,2026-01-30 09:00:15,0.01
GEOP_20260402.csv,2026-01-30 09:03:15,0.0
GEOP_20260402.csv,2026-01-30 09:06:15,0.01
GEOP_20260402.csv,2026-01-30 09:09:15,0.0
GEOP_20260402.csv,2026-01-30 09:12:15,0.0
GEOP_20260402.csv,2026-01-30 09:15:15,0.0
GEOP_20260402.csv,2026-01-30 09:18:15,0.0
GEOP_20260402.csv,2026-01-30 09:21:15,0.01
GEOP_20260402.csv,2026-01-30 09:24:15,0.0
GEOP_20260402.csv,2026-01-30 09:27:15,0.0
GEOP_20260402.csv,2026-01-30 09:30:15,0.0
GEOP_20260402.csv,2026-01-30 09:33:15,0.0
GEOP_20260402.csv,2026-01-30 09:36:15,0.0
GEOP_20260402.csv,2026-01-30 09:39:15,0.01
GEOP_20260402.csv,2026-01-30 09:42:15,0.0
GEOP_20260402.csv,2026-01-30 09:45:15,0.0
GEOP_20260402.csv,2026-01-30 09:48:15,0.0
GEOP_20260402.csv,2026-01-30 09:51:15,0.0
GEOP_20260402.csv,2026-01-30 09:54:15,0.01
GEOP_20260402.csv,2026-01-30 09:57:15,0.0
GEOP_20260402.csv,2026-01-30 10:00:15,0.0
GEOP_20260402.csv,2026-01-30 10:03:15,0.0
GEOP_20260402.csv,2026-01-30 10:06:15,0.0
GEOP_20260402.csv,2026-01-30 10:09:15,0.0
GEOP_20260402.csv,2026-01-30 10:12:15,0.01
GEOP_20260402.csv,2026-01-30 10:15:15,0.0
GEOP_20260402.csv,2026-01-30 10:18:15,0.0
GEOP_20260402.csv,2026-01-30 10:21:15,0.0
GEOP_20260402.csv,2026-01-30 10:24:15,0.0
GEOP_20260402.csv,2026-01-30 10:27:15,0.0
GEOP_20260402.csv,2026-01-30 10:30:15,0.0
GEOP_20260402.csv,2026-01-30 10:33:15,0.0
GEOP_20260402.csv,2026-01-30 10:36:15,0.0
GEOP_20260402.csv,2026-01-30 10:39:15,0.0
GEOP_20260402.csv,2026-01-30 10:42:15,0.0
GEOP_20260402.csv,2026-01-30 10:45:15,0.0
GEOP_20260402.csv,2026-01-30 10:48:15,0.0
GEOP_20260402.csv,2026-01-30 10:51:15,0.01
GEOP_20260402.csv,2026-01-30 10:54:15,0.0
GEOP_20260402.csv,2026-01-30 10:57:15,0.0
GEOP_20260402.csv,2026-01-30 11:00:15,0.02
GEOP_20260402.csv,2026-01-30 11:03:15,0.03
GEOP_20260402.csv,2026-01-30 11:06:15,0.03
GEOP_20260402.csv,2026-01-30 11:09:15,0.02
GEOP_20260402.csv,2026-01-30 11:12:15,0.02
GEOP_20260402.csv,2026-01-30 11:18:15,0.04
GEOP_20260402.csv,2026-01-30 11:21:15,0.02
GEOP_20260402.csv,2026-01-30 11:24:15,0.02
GEOP_20260402.csv,2026-01-30 11:27:15,0.03
GEOP_20260402.csv,2026-01-30 11:30:15,0.04
GEOP_20260402.csv,2026-01-30 11:33:15,0.03
GEOP_20260402.csv,2026-01-30 11:36:15,0.04
GEOP_20260402.csv,2026-01-30 11:39:15,0.05
GEOP_20260402.csv,2026-01-30 11:42:15,0.06
GEOP_20260402.csv,2026-01-30 11:45:15,0.06
GEOP_20260402.csv,2026-01-30 11:48:15,0.07
GEOP_20260402.csv,2026-01-30 11:51:15,0.07
GEOP_20260402.csv,2026-01-30 11:54:15,0.06
GEOP_20260402.csv,2026-01-30 11:57:15,0.06
GEOP_20260402.csv,2026-01-30 12:00:15,0.06
GEOP_20260402.csv,2026-01-30 12:03:15,0.04
GEOP_20260402.csv,2026-01-30 12:06:15,0.04
GEOP_20260402.csv,2026-01-30 12:09:15,0.03
GEOP_20260402.csv,2026-01-30 12:12:15,0.03
GEOP_20260402.csv,2026-01-30 12:15:15,0.03
GEOP_20260402.csv,2026-01-30 12:18:15,0.03
GEOP_20260402.csv,2026-01-30 12:21:15,0.06
GEOP_20260402.csv,2026-01-30 12:24:15,0.05
GEOP_20260402.csv,2026-01-30 12:27:15,0.06
GEOP_20260402.csv,2026-01-30 12:30:15,0.06
GEOP_20260402.csv,2026-01-30 12:33:15,0.05
GEOP_20260402.csv,2026-01-30 12:36:15,0.06
GEOP_20260402.csv,2026-01-30 12:39:15,0.05
GEOP_20260402.csv,2026-01-30 12:42:15,0.04
GEOP_20260402.csv,2026-01-30 12:45:15,0.03
GEOP_20260402.csv,2026-01-30 12:48:15,0.02
GEOP_20260402.csv,2026-01-30 12:51:15,0.02
GEOP_20260402.csv,2026-01-30 12:54:15,0.01
GEOP_20260402.csv,2026-01-30 12:57:15,0.0
GEOP_20260402.csv,2026-01-30 13:00:15,0.01
GEOP_20260402.csv,2026-01-30 13:03:15,0.0
GEOP_20260402.csv,2026-01-30 13:06:15,0.01
GEOP_20260402.csv,2026-01-30 13:09:15,0.0
GEOP_20260402.csv,2026-01-30 13:12:15,0.0
GEOP_20260402.csv,2026-01-30 13:15:15,0.0
GEOP_20260402.csv,2026-01-30 13:18:15,0.01
GEOP_20260402.csv,2026-01-30 13:21:15,0.0
GEOP_20260402.csv,2026-01-30 13:24:15,0.0
GEOP_20260402.csv,2026-01-30 13:27:15,0.0
GEOP_20260402.csv,2026-01-30 13:30:15,0.0
GEOP_20260402.csv,2026-01-30 13:33:15,0.0
GEOP_20260402.csv,2026-01-30 13:36:15,0.01
GEOP_20260402.csv,2026-01-30 13:39:15,0.0
GEOP_20260402.csv,2026-01-30 13:42:15,0.0
GEOP_20260402.csv,2026-01-30 13:45:15,0.0
GEOP_20260402.csv,2026-01-30 13:48:15,0.0
GEOP_20260402.csv,2026-01-30 13:51:15,0.0
GEOP_20260402.csv,2026-01-30 13:54:15,0.0
GEOP_20260402.csv,2026-01-30 13:57:15,0.0
GEOP_20260402.csv,2026-01-30 14:00:15,0.0
GEOP_20260402.csv,2026-01-30 14:03:15,0.0
GEOP_20260402.csv,2026-01-30 14:06:15,0.0
GEOP_20260402.csv,2026-01-30 14:09:15,0.0
GEOP_20260402.csv,2026-01-30 14:12:15,0.0
GEOP_20260402.csv,2026-01-30 14:15:15,0.0
GEOP_20260402.csv,2026-01-30 14:18:15,0.0
GEOP_20260402.csv,2026-01-30 14:21:15,0.0
GEOP_20260402.csv,2026-01-30 14:24:15,0.0
GEOP_20260402.csv,2026-01-30 14:27:15,0.0
GEOP_20260402.csv,2026-01-30 14:30:15,0.0
GEOP_20260402.csv,2026-01-30 14:33:15,0.0
GEOP_20260402.csv,2026-01-30 14:36:15,0.0
GEOP_20260402.csv,2026-01-30 14:39:15,0.0
GEOP_20260402.csv,2026-01-30 14:42:15,0.0
GEOP_20260402.csv,2026-01-30 14:45:15,0.0
GEOP_20260402.csv,2026-01-30 14:48:15,0.0
GEOP_20260402.csv,2026-01-30 14:51:15,0.0
GEOP_20260402.csv,2026-01-30 14:54:15,0.0
GEOP_20260402.csv,2026-01-30 14:57:15,0.0
GEOP_20260402.csv,2026-01-30 15:00:15,0.0
GEOP_20260402.csv,2026-01-30 15:03:15,0.0
GEOP_20260402.csv,2026-01-30 15:06:15,0.0
GEOP_20260402.csv,2026-01-30 15:09:15,0.0
GEOP_20260402.csv,2026-01-30 15:12:15,0.0
GEOP_20260402.csv,2026-01-30 15:15:15,0.0
GEOP_20260402.csv,2026-01-30 15:18:15,0.0
GEOP_20260402.csv,2026-01-30 15:21:15,0.0
GEOP_20260402.csv,2026-01-30 15:24:15,0.0
GEOP_20260402.csv,2026-01-30 15:27:15,0.0
GEOP_20260402.csv,2026-01-30 15:30:15,0.0
GEOP_20260402.csv,2026-01-30 15:33:15,0.0
GEOP_20260402.csv,2026-01-30 15:36:15,0.0
GEOP_20260402.csv,2026-01-30 15:39:15,0.0
GEOP_20260402.csv,2026-01-30 15:42:15,0.0
GEOP_20260402.csv,2026-01-30 15:45:15,0.0
GEOP_20260402.csv,2026-01-30 15:48:15,0.0
GEOP_20260402.csv,2026-01-30 15:51:15,0.0
GEOP_20260402.csv,2026-01-30 15:54:15,0.0
GEOP_20260402.csv,2026-01-30 15:57:15,0.0
GEOP_20260402.csv,2026-01-30 16:00:15,0.0
GEOP_20260402.csv,2026-01-30 16:03:15,0.0
GEOP_20260402.csv,2026-01-30 16:09:15,0.0
GEOP_20260402.csv,2026-01-30 16:12:15,0.0
GEOP_20260402.csv,2026-01-30 16:15:15,0.0
GEOP_20260402.csv,2026-01-30 16:18:15,0.0
GEOP_20260402.csv,2026-01-30 16:21:15,0.0
GEOP_20260402.csv,2026-01-30 16:24:15,0.0
GEOP_20260402.csv,2026-01-30 16:27:15,0.0
GEOP_20260402.csv,2026-01-30 16:30:15,0.0
GEOP_20260402.csv,2026-01-30 16:33:15,0.0
GEOP_20260402.csv,2026-01-30 16:36:15,0.0
GEOP_20260402.csv,2026-01-30 16:39:15,0.0
GEOP_20260402.csv,2026-01-30 16:42:15,0.0
GEOP_20260402.csv,2026-01-30 16:45:15,0.0
GEOP_20260402.csv,2026-01-30 16:48:15,0.0
GEOP_20260402.csv,2026-01-30 16:51:15,0.0
GEOP_20260402.csv,2026-01-30 16:54:15,0.0
GEOP_20260402.csv,2026-01-30 16:57:15,0.0
GEOP_20260402.csv,2026-01-30 17:00:15,0.0
GEOP_20260402.csv,2026-01-30 17:03:15,0.0
GEOP_20260402.csv,2026-01-30 17:06:15,0.0
GEOP_20260402.csv,2026-01-30 17:09:15,0.0
GEOP_20260402.csv,2026-01-30 17:12:15,0.0
GEOP_20260402.csv,2026-01-30 17:15:15,0.0
GEOP_20260402.csv,2026-01-30 17:18:15,0.0
GEOP_20260402.csv,2026-01-30 17:21:15,0.0
GEOP_20260402.csv,2026-01-30 17:24:15,0.0
GEOP_20260402.csv,2026-01-30 17:27:15,0.0
GEOP_20260402.csv,2026-01-30 17:30:15,0.0
GEOP_20260402.csv,2026-01-30 17:33:15,0.0
GEOP_20260402.csv,2026-01-30 17:36:15,0.0
GEOP_20260402.csv,2026-01-30 17:39:14,0.0
GEOP_20260402.csv,2026-01-30 17:42:15,0.0
GEOP_20260402.csv,2026-01-30 17:45:15,0.0
GEOP_20260402.csv,2026-01-30 17:48:14,0.0
GEOP_20260402.csv,2026-01-30 17:51:14,0.0
GEOP_20260402.csv,2026-01-30 17:54:14,0.0
GEOP_20260402.csv,2026-01-30 17:57:14,0.0
GEOP_20260402.csv,2026-01-30 18:00:14,0.0
GEOP_20260402.csv,2026-01-30 18:03:14,0.0
GEOP_20260402.csv,2026-01-30 18:06:14,0.0
GEOP_20260402.csv,2026-01-30 18:09:14,0.0
GEOP_20260402.csv,2026-01-30 18:15:14,0.0
GEOP_20260402.csv,2026-01-30 18:18:15,0.0
GEOP_20260402.csv,2026-01-30 18:21:14,0.0
GEOP_20260402.csv,2026-01-30 18:24:14,0.0
GEOP_20260402.csv,2026-01-30 18:27:14,0.0
GEOP_20260402.csv,2026-01-30 18:30:14,0.0
GEOP_20260402.csv,2026-01-30 18:33:14,0.0
GEOP_20260402.csv,2026-01-30 18:36:14,0.0
GEOP_20260402.csv,2026-01-30 18:39:14,0.0
GEOP_20260402.csv,2026-01-30 18:42:14,0.0
GEOP_20260402.csv,2026-01-30 18:45:14,0.0
GEOP_20260402.csv,2026-01-30 18:48:14,0.0
GEOP_20260402.csv,2026-01-30 18:51:14,0.0
GEOP_20260402.csv,2026-01-30 18:54:14,0.0
GEOP_20260402.csv,2026-01-30 18:57:14,0.0
GEOP_20260402.csv,2026-01-30 19:00:14,0.0
GEOP_20260402.csv,2026-01-30 19:03:14,0.0
GEOP_20260402.csv,2026-01-30 19:06:14,0.0
GEOP_20260402.csv,2026-01-30 19:09:14,0.0
GEOP_20260402.csv,2026-01-30 19:12:14,0.0
GEOP_20260402.csv,2026-01-30 19:15:14,0.0
GEOP_20260402.csv,2026-01-30 19:18:14,0.0
GEOP_20260402.csv,2026-01-30 19:21:14,0.0
GEOP_20260402.csv,2026-01-30 19:24:14,0.0
GEOP_20260402.csv,2026-01-30 19:27:14,0.0
GEOP_20260402.csv,2026-01-30 19:30:14,0.0
GEOP_20260402.csv,2026-01-30 19:33:14,0.0
GEOP_20260402.csv,2026-01-30 19:36:14,0.0
GEOP_20260402.csv,2026-01-30 19:39:14,0.0
GEOP_20260402.csv,2026-01-30 19:42:14,0.0
GEOP_20260402.csv,2026-01-30 19:45:14,0.0
GEOP_20260402.csv,2026-01-30 19:48:14,0.0
GEOP_20260402.csv,2026-01-30 19:51:14,0.0
GEOP_20260402.csv,2026-01-30 19:54:14,0.0
GEOP_20260402.csv,2026-01-30 19:57:14,0.0
GEOP_20260402.csv,2026-01-30 20:00:14,0.0
GEOP_20260402.csv,2026-01-30 20:03:14,0.0
GEOP_20260402.csv,2026-01-30 20:06:14,0.0
GEOP_20260402.csv,2026-01-30 20:09:14,0.0
GEOP_20260402.csv,2026-01-30 20:12:14,0.0
GEOP_20260402.csv,2026-01-30 20:15:14,0.0
GEOP_20260402.csv,2026-01-30 20:18:14,0.0
GEOP_20260402.csv,2026-01-30 20:21:14,0.0
GEOP_20260402.csv,2026-01-30 20:24:14,0.0
GEOP_20260402.csv,2026-01-30 20:27:14,0.0
GEOP_20260402.csv,2026-01-30 20:30:14,0.0
GEOP_20260402.csv,2026-01-30 20:33:14,0.0
GEOP_20260402.csv,2026-01-30 20:36:14,0.0
GEOP_20260402.csv,2026-01-30 20:39:14,0.0
GEOP_20260402.csv,2026-01-30 20:42:14,0.0
GEOP_20260402.csv,2026-01-30 20:45:14,0.0
GEOP_20260402.csv,2026-01-30 20:48:14,0.0
GEOP_20260402.csv,2026-01-30 20:51:14,0.0
GEOP_20260402.csv,2026-01-30 20:54:14,0.0
GEOP_20260402.csv,2026-01-30 20:57:14,0.0
GEOP_20260402.csv,2026-01-30 21:00:14,0.0
GEOP_20260402.csv,2026-01-30 21:03:14,0.0
GEOP_20260402.csv,2026-01-30 21:06:14,0.0
GEOP_20260402.csv,2026-01-30 21:09:14,0.0
GEOP_20260402.csv,2026-01-30 21:12:14,0.0
GEOP_20260402.csv,2026-01-30 21:15:14,0.0
GEOP_20260402.csv,2026-01-30 21:18:14,0.0
GEOP_20260402.csv,2026-01-30 21:21:14,0.0
GEOP_20260402.csv,2026-01-30 21:24:14,0.0
GEOP_20260402.csv,2026-01-30 21:27:14,0.0
GEOP_20260402.csv,2026-01-30 21:30:14,0.0
GEOP_20260402.csv,2026-01-30 21:33:14,0.0
GEOP_20260402.csv,2026-01-30 21:36:14,0.0
GEOP_20260402.csv,2026-01-30 21:39:14,0.0
GEOP_20260402.csv,2026-01-30 21:42:14,0.0
GEOP_20260402.csv,2026-01-30 21:45:14,0.0
GEOP_20260402.csv,2026-01-30 21:48:14,0.0
GEOP_20260402.csv,2026-01-30 21:51:14,0.0
GEOP_20260402.csv,2026-01-30 21:54:14,0.0
GEOP_20260402.csv,2026-01-30 21:57:14,0.0
GEOP_20260402.csv,2026-01-30 22:00:14,0.0
GEOP_20260402.csv,2026-01-30 22:03:14,0.0
GEOP_20260402.csv,2026-01-30 22:06:14,0.0
GEOP_20260402.csv,2026-01-30 22:09:14,0.0
GEOP_20260402.csv,2026-01-30 22:12:14,0.0
GEOP_20260402.csv,2026-01-30 22:15:14,0.0
GEOP_20260402.csv,2026-01-30 22:18:14,0.0
GEOP_20260402.csv,2026-01-30 22:21:14,0.0
GEOP_20260402.csv,2026-01-30 22:24:14,0.0
GEOP_20260402.csv,2026-01-30 22:27:14,0.0
GEOP_20260402.csv,2026-01-30 22:30:14,0.0
GEOP_20260402.csv,2026-01-30 22:33:14,0.0
GEOP_20260402.csv,2026-01-30 22:36:14,0.0
GEOP_20260402.csv,2026-01-30 22:39:14,0.0
GEOP_20260402.csv,2026-01-30 22:42:14,0.0
GEOP_20260402.csv,2026-01-30 22:45:14,0.0
GEOP_20260402.csv,2026-01-30 22:48:14,0.0
GEOP_20260402.csv,2026-01-30 22:51:14,0.0
GEOP_20260402.csv,2026-01-30 22:54:14,0.0
GEOP_20260402.csv,2026-01-30 22:57:14,0.0
GEOP_20260402.csv,2026-01-30 23:00:14,0.0
GEOP_20260402.csv,2026-01-30 23:03:14,0.0
GEOP_20260402.csv,2026-01-30 23:06:14,0.0
GEOP_20260402.csv,2026-01-30 23:09:14,0.0
GEOP_20260402.csv,2026-01-30 23:12:14,0.0
GEOP_20260402.csv,2026-01-30 23:15:14,0.0
GEOP_20260402.csv,2026-01-30 23:18:14,0.0
GEOP_20260402.csv,2026-01-30 23:21:14,0.0
GEOP_20260402.csv,2026-01-30 23:24:14,0.0
GEOP_20260402.csv,2026-01-30 23:27:14,0.0
GEOP_20260402.csv,2026-01-30 23:30:14,0.0
GEOP_20260402.csv,2026-01-30 23:33:14,0.0
GEOP_20260402.csv,2026-01-30 23:36:14,0.0
GEOP_20260402.csv,2026-01-30 23:39:14,0.0
GEOP_20260402.csv,2026-01-30 23:42:14,0.0
GEOP_20260402.csv,2026-01-30 23:45:14,0.0
GEOP_20260402.csv,2026-01-30 23:48:14,0.0
GEOP_20260402.csv,2026-01-30 23:51:14,0.0
GEOP_20260402.csv,2026-01-30 23:54:14,0.0
GEOP_20260402.csv,2026-01-30 23:57:14,0.0
GEOP_20260402.csv,2026-01-31 00:00:14,0.0
GEOP_20260402.csv,2026-01-31 00:03:14,0.0
GEOP_20260402.csv,2026-01-31 00:06:14,0.0
GEOP_20260402.csv,2026-01-31 00:09:14,0.0
GEOP_20260402.csv,2026-01-31 00:12:14,0.0
GEOP_20260402.csv,2026-01-31 00:15:14,0.0
GEOP_20260402.csv,2026-01-31 00:18:14,0.0
GEOP_20260402.csv,2026-01-31 00:21:14,0.0
GEOP_20260402.csv,2026-01-31 00:24:14,0.0
GEOP_20260402.csv,2026-01-31 00:27:14,0.0
GEOP_20260402.csv,2026-01-31 00:30:14,0.0
GEOP_20260402.csv,2026-01-31 00:33:14,0.0
GEOP_20260402.csv,2026-01-31 00:36:14,0.0
GEOP_20260402.csv,2026-01-31 00:39:14,0.0
GEOP_20260402.csv,2026-01-31 00:42:14,0.0
GEOP_20260402.csv,2026-01-31 00:45:14,0.0
GEOP_20260402.csv,2026-01-31 00:48:14,0.0
GEOP_20260402.csv,2026-01-31 00:51:14,0.0
GEOP_20260402.csv,2026-01-31 00:54:14,0.0
GEOP_20260402.csv,2026-01-31 00:57:14,0.0
GEOP_20260402.csv,2026-01-31 01:00:14,0.0
GEOP_20260402.csv,2026-01-31 01:03:14,0.0
GEOP_20260402.csv,2026-01-31 01:06:14,0.0
GEOP_20260402.csv,2026-01-31 01:09:14,0.0
GEOP_20260402.csv,2026-01-31 01:12:14,0.0
GEOP_20260402.csv,2026-01-31 01:15:14,0.0
GEOP_20260402.csv,2026-01-31 01:18:14,0.0
GEOP_20260402.csv,2026-01-31 01:21:14,0.0
GEOP_20260402.csv,2026-01-31 01:24:14,0.0
GEOP_20260402.csv,2026-01-31 01:27:14,0.0
GEOP_20260402.csv,2026-01-31 01:30:14,0.0
GEOP_20260402.csv,2026-01-31 01:33:14,0.0
GEOP_20260402.csv,2026-01-31 01:36:14,0.0
GEOP_20260402.csv,2026-01-31 01:39:14,0.0
GEOP_20260402.csv,2026-01-31 01:42:14,0.0
GEOP_20260402.csv,2026-01-31 01:45:14,0.0
GEOP_20260402.csv,2026-01-31 01:48:14,0.0
GEOP_20260402.csv,2026-01-31 01:51:14,0.0
GEOP_20260402.csv,2026-01-31 01:54:14,0.0
GEOP_20260402.csv,2026-01-31 01:57:14,0.0
GEOP_20260402.csv,2026-01-31 02:00:14,0.0
GEOP_20260402.csv,2026-01-31 02:03:14,0.0
GEOP_20260402.csv,2026-01-31 02:06:14,0.0
GEOP_20260402.csv,2026-01-31 02:09:14,0.0
GEOP_20260402.csv,2026-01-31 02:12:14,0.0
GEOP_20260402.csv,2026-01-31 02:15:16,0.0
GEOP_20260402.csv,2026-01-31 02:18:14,0.0
GEOP_20260402.csv,2026-01-31 02:21:14,0.0
GEOP_20260402.csv,2026-01-31 02:24:14,0.0
GEOP_20260402.csv,2026-01-31 02:27:14,0.0
GEOP_20260402.csv,2026-01-31 02:30:14,0.0
GEOP_20260402.csv,2026-01-31 02:33:14,0.0
GEOP_20260402.csv,2026-01-31 02:36:14,0.0
GEOP_20260402.csv,2026-01-31 02:39:14,0.0
GEOP_20260402.csv,2026-01-31 02:42:14,0.0
GEOP_20260402.csv,2026-01-31 02:45:14,0.0
GEOP_20260402.csv,2026-01-31 02:48:14,0.0
GEOP_20260402.csv,2026-01-31 02:51:14,0.0
GEOP_20260402.csv,2026-01-31 02:54:14,0.0
GEOP_20260402.csv,2026-01-31 02:57:14,0.0
GEOP_20260402.csv,2026-01-31 03:00:14,0.0
GEOP_20260402.csv,2026-01-31 03:03:14,0.0
GEOP_20260402.csv,2026-01-31 03:06:14,0.0
GEOP_20260402.csv,2026-01-31 03:09:14,0.0
GEOP_20260402.csv,2026-01-31 03:12:14,0.0
GEOP_20260402.csv,2026-01-31 03:15:14,0.0
GEOP_20260402.csv,2026-01-31 03:18:14,0.0
GEOP_20260402.csv,2026-01-31 03:21:14,0.0
GEOP_20260402.csv,2026-01-31 03:24:14,0.0
GEOP_20260402.csv,2026-01-31 03:27:14,0.0
GEOP_20260402.csv,2026-01-31 03:30:14,0.0
GEOP_20260402.csv,2026-01-31 03:33:14,0.0
GEOP_20260402.csv,2026-01-31 03:36:14,0.0
GEOP_20260402.csv,2026-01-31 03:39:14,0.0
GEOP_20260402.csv,2026-01-31 03:42:14,0.0
GEOP_20260402.csv,2026-01-31 03:45:14,0.0
GEOP_20260402.csv,2026-01-31 03:48:14,0.0
GEOP_20260402.csv,2026-01-31 03:51:14,0.0
GEOP_20260402.csv,2026-01-31 03:54:14,0.0
GEOP_20260402.csv,2026-01-31 03:57:14,0.0
GEOP_20260402.csv,2026-01-31 04:00:14,0.0
GEOP_20260402.csv,2026-01-31 04:03:14,0.0
GEOP_20260402.csv,2026-01-31 04:06:14,0.0
GEOP_20260402.csv,2026-01-31 04:09:14,0.0
GEOP_20260402.csv,2026-01-31 04:12:14,0.0
GEOP_20260402.csv,2026-01-31 04:15:14,0.0
GEOP_20260402.csv,2026-01-31 04:18:14,0.0
GEOP_20260402.csv,2026-01-31 04:21:14,0.0
GEOP_20260402.csv,2026-01-31 04:24:14,0.0
GEOP_20260402.csv,2026-01-31 04:27:14,0.0
GEOP_20260402.csv,2026-01-31 04:30:14,0.0
GEOP_20260402.csv,2026-01-31 04:33:14,0.0
GEOP_20260402.csv,2026-01-31 04:36:14,0.0
GEOP_20260402.csv,2026-01-31 04:39:14,0.0
GEOP_20260402.csv,2026-01-31 04:42:14,0.0
GEOP_20260402.csv,2026-01-31 04:45:14,0.0
GEOP_20260402.csv,2026-01-31 04:48:14,0.0
GEOP_20260402.csv,2026-01-31 04:51:14,0.0
GEOP_20260402.csv,2026-01-31 04:54:14,0.0
GEOP_20260402.csv,2026-01-31 04:57:14,0.0
GEOP_20260402.csv,2026-01-31 05:00:14,0.0
GEOP_20260402.csv,2026-01-31 05:03:14,0.0
GEOP_20260402.csv,2026-01-31 05:06:14,0.0
GEOP_20260402.csv,2026-01-31 05:09:14,0.0
GEOP_20260402.csv,2026-01-31 05:12:14,0.0
GEOP_20260402.csv,2026-01-31 05:15:14,0.0
GEOP_20260402.csv,2026-01-31 05:18:14,0.0
GEOP_20260402.csv,2026-01-31 05:21:14,0.0
GEOP_20260402.csv,2026-01-31 05:24:14,0.0
GEOP_20260402.csv,2026-01-31 05:27:14,0.0
GEOP_20260402.csv,2026-01-31 05:30:14,0.0
GEOP_20260402.csv,2026-01-31 05:33:14,0.0
GEOP_20260402.csv,2026-01-31 05:36:14,0.0
GEOP_20260402.csv,2026-01-31 05:39:14,0.0
GEOP_20260402.csv,2026-01-31 05:42:14,0.0
GEOP_20260402.csv,2026-01-31 05:45:14,0.0
GEOP_20260402.csv,2026-01-31 05:48:14,0.0
GEOP_20260402.csv,2026-01-31 05:51:14,0.0
GEOP_20260402.csv,2026-01-31 05:54:14,0.0
GEOP_20260402.csv,2026-01-31 05:57:14,0.0
GEOP_20260402.csv,2026-01-31 06:00:14,0.0
GEOP_20260402.csv,2026-01-31 06:03:14,0.0
GEOP_20260402.csv,2026-01-31 06:06:14,0.0
GEOP_20260402.csv,2026-01-31 06:09:14,0.0
GEOP_20260402.csv,2026-01-31 06:12:14,0.0
GEOP_20260402.csv,2026-01-31 06:15:14,0.0
GEOP_20260402.csv,2026-01-31 06:18:14,0.0
GEOP_20260402.csv,2026-01-31 06:21:14,0.0
GEOP_20260402.csv,2026-01-31 06:24:14,0.0
GEOP_20260402.csv,2026-01-31 06:27:14,0.0
GEOP_20260402.csv,2026-01-31 06:30:14,0.0
GEOP_20260402.csv,2026-01-31 06:33:14,0.0
GEOP_20260402.csv,2026-01-31 06:36:14,0.0
GEOP_20260402.csv,2026-01-31 06:39:14,0.0
GEOP_20260402.csv,2026-01-31 06:42:14,0.0
GEOP_20260402.csv,2026-01-31 06:45:14,0.0
GEOP_20260402.csv,2026-01-31 06:48:14,0.0
GEOP_20260402.csv,2026-01-31 06:51:14,0.0
GEOP_20260402.csv,2026-01-31 06:54:14,0.0
GEOP_20260402.csv,2026-01-31 06:57:14,0.0
GEOP_20260402.csv,2026-01-31 07:00:14,0.0
GEOP_20260402.csv,2026-01-31 07:03:14,0.0
GEOP_20260402.csv,2026-01-31 07:06:14,0.0
GEOP_20260402.csv,2026-01-31 07:09:14,0.0
GEOP_20260402.csv,2026-01-31 07:12:14,0.0
GEOP_20260402.csv,2026-01-31 07:15:14,0.0
GEOP_20260402.csv,2026-01-31 07:18:14,0.0
GEOP_20260402.csv,2026-01-31 07:21:14,0.0
GEOP_20260402.csv,2026-01-31 07:24:14,0.0
GEOP_20260402.csv,2026-01-31 07:27:14,0.0
GEOP_20260402.csv,2026-01-31 07:30:14,0.0
GEOP_20260402.csv,2026-01-31 07:33:14,0.0
GEOP_20260402.csv,2026-01-31 07:36:14,0.0
GEOP_20260402.csv,2026-01-31 07:39:14,0.0
GEOP_20260402.csv,2026-01-31 07:42:14,0.0
GEOP_20260402.csv,2026-01-31 07:45:14,0.0
GEOP_20260402.csv,2026-01-31 07:48:14,0.0
GEOP_20260402.csv,2026-01-31 07:51:14,0.0
GEOP_20260402.csv,2026-01-31 07:54:14,0.0
GEOP_20260402.csv,2026-01-31 07:57:14,0.0
GEOP_20260402.csv,2026-01-31 08:00:14,0.0
GEOP_20260402.csv,2026-01-31 08:03:14,0.0
GEOP_20260402.csv,2026-01-31 08:06:14,0.0
GEOP_20260402.csv,2026-01-31 08:09:14,0.0
GEOP_20260402.csv,2026-01-31 08:12:14,0.0
GEOP_20260402.csv,2026-01-31 08:15:14,0.0
GEOP_20260402.csv,2026-01-31 08:18:14,0.0
GEOP_20260402.csv,2026-01-31 08:21:14,0.0
GEOP_20260402.csv,2026-01-31 08:24:14,0.0
GEOP_20260402.csv,2026-01-31 08:27:14,0.0
GEOP_20260402.csv,2026-01-31 08:30:14,0.0
GEOP_20260402.csv,2026-01-31 08:33:14,0.0
GEOP_20260402.csv,2026-01-31 08:36:14,0.0
GEOP_20260402.csv,2026-01-31 08:39:14,0.0
GEOP_20260402.csv,2026-01-31 08:42:14,0.0
GEOP_20260402.csv,2026-01-31 08:45:14,0.0
GEOP_20260402.csv,2026-01-31 08:48:14,0.0
GEOP_20260402.csv,2026-01-31 08:51:14,0.0
GEOP_20260402.csv,2026-01-31 08:54:14,0.0
GEOP_20260402.csv,2026-01-31 08:57:14,0.0
GEOP_20260402.csv,2026-01-31 09:00:14,0.0
GEOP_20260402.csv,2026-01-31 09:03:14,0.0
GEOP_20260402.csv,2026-01-31 09:06:14,0.0
GEOP_20260402.csv,2026-01-31 09:09:14,0.0
GEOP_20260402.csv,2026-01-31 09:12:14,0.0
GEOP_20260402.csv,2026-01-31 09:15:14,0.0
GEOP_20260402.csv,2026-01-31 09:18:14,0.0
GEOP_20260402.csv,2026-01-31 09:21:14,0.0
GEOP_20260402.csv,2026-01-31 09:24:14,0.0
GEOP_20260402.csv,2026-01-31 09:27:14,0.0
GEOP_20260402.csv,2026-01-31 09:30:14,0.0
GEOP_20260402.csv,2026-01-31 09:33:14,0.0
GEOP_20260402.csv,2026-01-31 09:36:14,0.0
GEOP_20260402.csv,2026-01-31 09:39:14,0.0
GEOP_20260402.csv,2026-01-31 09:42:14,0.0
GEOP_20260402.csv,2026-01-31 09:45:14,0.0
GEOP_20260402.csv,2026-01-31 09:48:14,0.0
GEOP_20260402.csv,2026-01-31 09:51:14,0.0
GEOP_20260402.csv,2026-01-31 09:54:14,0.0
GEOP_20260402.csv,2026-01-31 09:57:14,0.0
GEOP_20260402.csv,2026-01-31 10:00:14,0.0
GEOP_20260402.csv,2026-01-31 10:03:14,0.0
GEOP_20260402.csv,2026-01-31 10:06:14,0.0
GEOP_20260402.csv,2026-01-31 10:09:14,0.0
GEOP_20260402.csv,2026-01-31 10:12:14,0.0
GEOP_20260402.csv,2026-01-31 10:15:14,0.0
GEOP_20260402.csv,2026-01-31 10:18:14,0.0
GEOP_20260402.csv,2026-01-31 10:21:14,0.0
GEOP_20260402.csv,2026-01-31 10:24:14,0.0
GEOP_20260402.csv,2026-01-31 10:27:14,0.0
GEOP_20260402.csv,2026-01-31 10:30:14,0.0
GEOP_20260402.csv,2026-01-31 10:33:14,0.0
GEOP_20260402.csv,2026-01-31 10:36:14,0.0
GEOP_20260402.csv,2026-01-31 10:39:14,0.0
GEOP_20260402.csv,2026-01-31 10:42:14,0.0
GEOP_20260402.csv,2026-01-31 10:45:13,0.0
GEOP_20260402.csv,2026-01-31 10:48:13,0.0
GEOP_20260402.csv,2026-01-31 10:51:14,0.0
GEOP_20260402.csv,2026-01-31 10:54:14,0.0
GEOP_20260402.csv,2026-01-31 10:57:14,0.0
GEOP_20260402.csv,2026-01-31 11:00:13,0.0
GEOP_20260402.csv,2026-01-31 11:03:13,0.0
GEOP_20260402.csv,2026-01-31 11:06:13,0.0
GEOP_20260402.csv,2026-01-31 11:09:13,0.0
GEOP_20260402.csv,2026-01-31 11:12:13,0.0
GEOP_20260402.csv,2026-01-31 11:15:13,0.0
GEOP_20260402.csv,2026-01-31 11:18:13,0.0
GEOP_20260402.csv,2026-01-31 11:21:13,0.0
GEOP_20260402.csv,2026-01-31 11:24:13,0.0
GEOP_20260402.csv,2026-01-31 11:27:13,0.0
GEOP_20260402.csv,2026-01-31 11:30:13,0.0
GEOP_20260402.csv,2026-01-31 11:33:13,0.0
GEOP_20260402.csv,2026-01-31 11:36:13,0.0
GEOP_20260402.csv,2026-01-31 11:39:13,0.0
GEOP_20260402.csv,2026-01-31 11:42:13,0.0
GEOP_20260402.csv,2026-01-31 11:45:13,0.0
GEOP_20260402.csv,2026-01-31 11:48:13,0.0
GEOP_20260402.csv,2026-01-31 11:51:13,0.0
GEOP_20260402.csv,2026-01-31 11:54:13,0.0
GEOP_20260402.csv,2026-01-31 11:57:13,0.0
GEOP_20260402.csv,2026-01-31 12:00:13,0.0
GEOP_20260402.csv,2026-01-31 12:03:13,0.0
GEOP_20260402.csv,2026-01-31 12:06:13,0.0
GEOP_20260402.csv,2026-01-31 12:09:13,0.0
GEOP_20260402.csv,2026-01-31 12:12:13,0.0
GEOP_20260402.csv,2026-01-31 12:15:13,0.0
GEOP_20260402.csv,2026-01-31 12:18:13,0.0
GEOP_20260402.csv,2026-01-31 12:21:13,0.0
GEOP_20260402.csv,2026-01-31 12:24:13,0.0
GEOP_20260402.csv,2026-01-31 12:27:13,0.0
GEOP_20260402.csv,2026-01-31 12:30:13,0.0
GEOP_20260402.csv,2026-01-31 12:33:13,0.0
GEOP_20260402.csv,2026-01-31 12:36:13,0.0
GEOP_20260402.csv,2026-01-31 12:39:13,0.0
GEOP_20260402.csv,2026-01-31 12:42:13,0.0
GEOP_20260402.csv,2026-01-31 12:45:13,0.0
GEOP_20260402.csv,2026-01-31 12:48:13,0.0
GEOP_20260402.csv,2026-01-31 12:51:13,0.0
GEOP_20260402.csv,2026-01-31 12:54:13,0.0
GEOP_20260402.csv,2026-01-31 12:57:13,0.0
GEOP_20260402.csv,2026-01-31 13:00:13,0.0
GEOP_20260402.csv,2026-01-31 13:03:13,0.0
GEOP_20260402.csv,2026-01-31 13:06:13,0.0
GEOP_20260402.csv,2026-01-31 13:09:13,0.0
GEOP_20260402.csv,2026-01-31 13:12:13,0.0
GEOP_20260402.csv,2026-01-31 13:15:13,0.0
GEOP_20260402.csv,2026-01-31 13:18:13,0.0
GEOP_20260402.csv,2026-01-31 13:21:13,0.0
GEOP_20260402.csv,2026-01-31 13:24:13,0.0
GEOP_20260402.csv,2026-01-31 13:27:13,0.0
GEOP_20260402.csv,2026-01-31 13:30:13,0.0
GEOP_20260402.csv,2026-01-31 13:33:13,0.0
GEOP_20260402.csv,2026-01-31 13:36:13,0.0
GEOP_20260402.csv,2026-01-31 13:39:13,0.0
GEOP_20260402.csv,2026-01-31 13:42:13,0.0
GEOP_20260402.csv,2026-01-31 13:45:13,0.0
GEOP_20260402.csv,2026-01-31 13:48:13,0.0
GEOP_20260402.csv,2026-01-31 13:51:13,0.0
GEOP_20260402.csv,2026-01-31 13:54:13,0.0
GEOP_20260402.csv,2026-01-31 13:57:13,0.0
GEOP_20260402.csv,2026-01-31 14:00:13,0.0
GEOP_20260402.csv,2026-01-31 14:03:13,0.0
GEOP_20260402.csv,2026-01-31 14:06:13,0.0
GEOP_20260402.csv,2026-01-31 14:09:13,0.0
GEOP_20260402.csv,2026-01-31 14:12:13,0.0
GEOP_20260402.csv,2026-01-31 14:15:13,0.0
GEOP_20260402.csv,2026-01-31 14:18:13,0.0
GEOP_20260402.csv,2026-01-31 14:21:13,0.0
GEOP_20260402.csv,2026-01-31 14:24:13,0.0
GEOP_20260402.csv,2026-01-31 14:27:13,0.0
GEOP_20260402.csv,2026-01-31 14:30:13,0.0
GEOP_20260402.csv,2026-01-31 14:33:13,0.0
GEOP_20260402.csv,2026-01-31 14:36:13,0.0
GEOP_20260402.csv,2026-01-31 14:39:13,0.0
GEOP_20260402.csv,2026-01-31 14:42:13,0.0
GEOP_20260402.csv,2026-01-31 14:45:13,0.0
GEOP_20260402.csv,2026-01-31 14:48:13,0.0
GEOP_20260402.csv,2026-01-31 14:51:13,0.0
GEOP_20260402.csv,2026-01-31 14:54:13,0.0
GEOP_20260402.csv,2026-01-31 14:57:13,0.0
GEOP_20260402.csv,2026-01-31 15:00:13,0.0
GEOP_20260402.csv,2026-01-31 15:03:13,0.0
GEOP_20260402.csv,2026-01-31 15:06:13,0.0
GEOP_20260402.csv,2026-01-31 15:09:13,0.0
GEOP_20260402.csv,2026-01-31 15:12:13,0.0
GEOP_20260402.csv,2026-01-31 15:15:13,0.0
GEOP_20260402.csv,2026-01-31 15:18:13,0.0
GEOP_20260402.csv,2026-01-31 15:21:13,0.0
GEOP_20260402.csv,2026-01-31 15:24:13,0.0
GEOP_20260402.csv,2026-01-31 15:27:13,0.0
GEOP_20260402.csv,2026-01-31 15:30:13,0.0
GEOP_20260402.csv,2026-01-31 15:33:13,0.0
GEOP_20260402.csv,2026-01-31 15:36:13,0.0
GEOP_20260402.csv,2026-01-31 15:39:13,0.0
GEOP_20260402.csv,2026-01-31 15:42:13,0.0
GEOP_20260402.csv,2026-01-31 15:45:13,0.0
GEOP_20260402.csv,2026-01-31 15:48:13,0.0
GEOP_20260402.csv,2026-01-31 15:51:13,0.0
GEOP_20260402.csv,2026-01-31 15:54:13,0.0
GEOP_20260402.csv,2026-01-31 15:57:13,0.0
GEOP_20260402.csv,2026-01-31 16:00:13,0.0
GEOP_20260402.csv,2026-01-31 16:03:13,0.0
GEOP_20260402.csv,2026-01-31 16:06:13,0.0
GEOP_20260402.csv,2026-01-31 16:09:13,0.0
GEOP_20260402.csv,2026-01-31 16:12:13,0.0
GEOP_20260402.csv,2026-01-31 16:15:13,0.0
GEOP_20260402.csv,2026-01-31 16:18:13,0.0
GEOP_20260402.csv,2026-01-31 16:21:13,0.0
GEOP_20260402.csv,2026-01-31 16:24:13,0.0
GEOP_20260402.csv,2026-01-31 16:27:13,0.0
GEOP_20260402.csv,2026-01-31 16:30:13,0.0
GEOP_20260402.csv,2026-01-31 16:33:13,0.0
GEOP_20260402.csv,2026-01-31 16:36:13,0.0
GEOP_20260402.csv,2026-01-31 16:39:13,0.0
GEOP_20260402.csv,2026-01-31 16:42:13,0.0
GEOP_20260402.csv,2026-01-31 16:45:13,0.0
GEOP_20260402.csv,2026-01-31 16:48:13,0.0
GEOP_20260402.csv,2026-01-31 16:51:13,0.0
GEOP_20260402.csv,2026-01-31 16:54:13,0.0
GEOP_20260402.csv,2026-01-31 16:57:13,0.0
GEOP_20260402.csv,2026-01-31 17:00:13,0.0
GEOP_20260402.csv,2026-01-31 17:03:13,0.0
GEOP_20260402.csv,2026-01-31 17:06:13,0.0
GEOP_20260402.csv,2026-01-31 17:09:13,0.0
GEOP_20260402.csv,2026-01-31 17:12:13,0.0
GEOP_20260402.csv,2026-01-31 17:15:13,0.0
GEOP_20260402.csv,2026-01-31 17:18:13,0.0
GEOP_20260402.csv,2026-01-31 17:21:13,0.0
GEOP_20260402.csv,2026-01-31 17:24:13,0.0
GEOP_20260402.csv,2026-01-31 17:27:13,0.0
GEOP_20260402.csv,2026-01-31 17:30:13,0.0
GEOP_20260402.csv,2026-01-31 17:33:13,0.0
GEOP_20260402.csv,2026-01-31 17:36:13,0.0
GEOP_20260402.csv,2026-01-31 17:39:13,0.0
GEOP_20260402.csv,2026-01-31 17:42:13,0.0
GEOP_20260402.csv,2026-01-31 17:45:13,0.0
GEOP_20260402.csv,2026-01-31 17:48:13,0.0
GEOP_20260402.csv,2026-01-31 17:51:13,0.0
GEOP_20260402.csv,2026-01-31 17:54:13,0.0
GEOP_20260402.csv,2026-01-31 17:57:13,0.0
GEOP_20260402.csv,2026-01-31 18:00:13,0.0
GEOP_20260402.csv,2026-01-31 18:03:13,0.0
GEOP_20260402.csv,2026-01-31 18:06:13,0.0
GEOP_20260402.csv,2026-01-31 18:09:13,0.0
GEOP_20260402.csv,2026-01-31 18:12:13,0.0
GEOP_20260402.csv,2026-01-31 18:15:13,0.0
GEOP_20260402.csv,2026-01-31 18:18:13,0.0
GEOP_20260402.csv,2026-01-31 18:21:13,0.0
GEOP_20260402.csv,2026-01-31 18:24:13,0.0
GEOP_20260402.csv,2026-01-31 18:27:13,0.0
GEOP_20260402.csv,2026-01-31 18:30:13,0.0
GEOP_20260402.csv,2026-01-31 18:33:13,0.0
GEOP_20260402.csv,2026-01-31 18:39:13,0.0
GEOP_20260402.csv,2026-01-31 18:42:13,0.0
GEOP_20260402.csv,2026-01-31 18:45:13,0.0
GEOP_20260402.csv,2026-01-31 18:48:13,0.0
GEOP_20260402.csv,2026-01-31 18:51:13,0.0
GEOP_20260402.csv,2026-01-31 18:54:13,0.0
GEOP_20260402.csv,2026-01-31 18:57:13,0.0
GEOP_20260402.csv,2026-01-31 19:00:13,0.0
GEOP_20260402.csv,2026-01-31 19:03:13,0.0
GEOP_20260402.csv,2026-01-31 19:06:13,0.0
GEOP_20260402.csv,2026-01-31 19:09:13,0.0
GEOP_20260402.csv,2026-01-31 19:12:13,0.0
GEOP_20260402.csv,2026-01-31 19:18:13,0.0
GEOP_20260402.csv,2026-01-31 19:21:13,0.0
GEOP_20260402.csv,2026-01-31 19:24:13,0.0
GEOP_20260402.csv,2026-01-31 19:27:13,0.0
GEOP_20260402.csv,2026-01-31 19:30:13,0.0
GEOP_20260402.csv,2026-01-31 19:33:13,0.0
GEOP_20260402.csv,2026-01-31 19:36:13,0.0
GEOP_20260402.csv,2026-01-31 19:39:13,0.0
GEOP_20260402.csv,2026-01-31 19:42:13,0.0
GEOP_20260402.csv,2026-01-31 19:45:13,0.0
GEOP_20260402.csv,2026-01-31 19:48:13,0.0
GEOP_20260402.csv,2026-01-31 19:51:13,0.0
GEOP_20260402.csv,2026-01-31 19:54:13,0.0
GEOP_20260402.csv,2026-01-31 19:57:13,0.0
GEOP_20260402.csv,2026-01-31 20:00:13,0.0
GEOP_20260402.csv,2026-01-31 20:03:13,0.0
GEOP_20260402.csv,2026-01-31 20:06:13,0.0
GEOP_20260402.csv,2026-01-31 20:09:13,0.0
GEOP_20260402.csv,2026-01-31 20:12:13,0.0
GEOP_20260402.csv,2026-01-31 20:15:13,0.0
GEOP_20260402.csv,2026-01-31 20:18:13,0.0
GEOP_20260402.csv,2026-01-31 20:21:13,0.0
GEOP_20260402.csv,2026-01-31 20:24:13,0.0
GEOP_20260402.csv,2026-01-31 20:27:13,0.0
GEOP_20260402.csv,2026-01-31 20:30:13,0.0
GEOP_20260402.csv,2026-01-31 20:33:13,0.0
GEOP_20260402.csv,2026-01-31 20:36:13,0.0
GEOP_20260402.csv,2026-01-31 20:39:13,0.0
GEOP_20260402.csv,2026-01-31 20:42:13,0.0
GEOP_20260402.csv,2026-01-31 20:45:13,0.0
GEOP_20260402.csv,2026-01-31 20:48:13,0.0
GEOP_20260402.csv,2026-01-31 20:51:13,0.0
GEOP_20260402.csv,2026-01-31 20:54:13,0.0
GEOP_20260402.csv,2026-01-31 20:57:13,0.0
GEOP_20260402.csv,2026-01-31 21:00:13,0.0
GEOP_20260402.csv,2026-01-31 21:03:13,0.0
GEOP_20260402.csv,2026-01-31 21:06:13,0.0
GEOP_20260402.csv,2026-01-31 21:09:13,0.0
GEOP_20260402.csv,2026-01-31 21:12:13,0.0
GEOP_20260402.csv,2026-01-31 21:15:13,0.0
GEOP_20260402.csv,2026-01-31 21:18:13,0.0
GEOP_20260402.csv,2026-01-31 21:21:13,0.0
GEOP_20260402.csv,2026-01-31 21:24:13,0.0
GEOP_20260402.csv,2026-01-31 21:27:13,0.0
GEOP_20260402.csv,2026-01-31 21:30:13,0.0
GEOP_20260402.csv,2026-01-31 21:33:13,0.0
GEOP_20260402.csv,2026-01-31 21:36:13,0.0
GEOP_20260402.csv,2026-01-31 21:39:13,0.0
GEOP_20260402.csv,2026-01-31 21:42:13,0.0
GEOP_20260402.csv,2026-01-31 21:45:13,0.0
GEOP_20260402.csv,2026-01-31 21:48:13,0.0
GEOP_20260402.csv,2026-01-31 21:51:13,0.0
GEOP_20260402.csv,2026-01-31 21:54:13,0.0
GEOP_20260402.csv,2026-01-31 21:57:13,0.0
GEOP_20260402.csv,2026-01-31 22:00:13,0.0
GEOP_20260402.csv,2026-01-31 22:03:13,0.0
GEOP_20260402.csv,2026-01-31 22:06:13,0.0
GEOP_20260402.csv,2026-01-31 22:09:13,0.0
GEOP_20260402.csv,2026-01-31 22:12:13,0.0
GEOP_20260402.csv,2026-01-31 22:15:13,0.0
GEOP_20260402.csv,2026-01-31 22:18:13,0.0
GEOP_20260402.csv,2026-01-31 22:21:13,0.0
GEOP_20260402.csv,2026-01-31 22:24:13,0.0
GEOP_20260402.csv,2026-01-31 22:27:13,0.0
GEOP_20260402.csv,2026-01-31 22:30:13,0.0
GEOP_20260402.csv,2026-01-31 22:33:13,0.0
GEOP_20260402.csv,2026-01-31 22:36:13,0.0
GEOP_20260402.csv,2026-01-31 22:39:13,0.0
GEOP_20260402.csv,2026-01-31 22:42:13,0.0
GEOP_20260402.csv,2026-01-31 22:45:13,0.0
GEOP_20260402.csv,2026-01-31 22:48:13,0.0
GEOP_20260402.csv,2026-01-31 22:51:13,0.0
GEOP_20260402.csv,2026-01-31 22:54:13,0.0
GEOP_20260402.csv,2026-01-31 22:57:13,0.0
GEOP_20260402.csv,2026-01-31 23:00:13,0.0
GEOP_20260402.csv,2026-01-31 23:03:13,0.0
GEOP_20260402.csv,2026-01-31 23:06:13,0.0
GEOP_20260402.csv,2026-01-31 23:09:13,0.0
GEOP_20260402.csv,2026-01-31 23:12:13,0.0
GEOP_20260402.csv,2026-01-31 23:15:13,0.0
GEOP_20260402.csv,2026-01-31 23:18:13,0.0
GEOP_20260402.csv,2026-01-31 23:21:13,0.0
GEOP_20260402.csv,2026-01-31 23:24:13,0.0
GEOP_20260402.csv,2026-01-31 23:27:13,0.0
GEOP_20260402.csv,2026-01-31 23:30:13,0.0
GEOP_20260402.csv,2026-01-31 23:33:13,0.0
GEOP_20260402.csv,2026-01-31 23:36:13,0.0
GEOP_20260402.csv,2026-01-31 23:39:13,0.0
GEOP_20260402.csv,2026-01-31 23:42:13,0.0
GEOP_20260402.csv,2026-01-31 23:45:13,0.0
GEOP_20260402.csv,2026-01-31 23:48:13,0.0
GEOP_20260402.csv,2026-01-31 23:51:13,0.0
GEOP_20260402.csv,2026-01-31 23:54:13,0.0
GEOP_20260402.csv,2026-01-31 23:57:13,0.0
GEOP_20260402.csv,2026-02-01 00:00:13,0.0
GEOP_20260402.csv,2026-02-01 00:03:13,0.0
GEOP_20260402.csv,2026-02-01 00:06:13,0.0
GEOP_20260402.csv,2026-02-01 00:09:13,0.0
GEOP_20260402.csv,2026-02-01 00:12:13,0.0
GEOP_20260402.csv,2026-02-01 00:15:13,0.0
GEOP_20260402.csv,2026-02-01 00:18:13,0.0
GEOP_20260402.csv,2026-02-01 00:21:13,0.0
GEOP_20260402.csv,2026-02-01 00:24:13,0.0
GEOP_20260402.csv,2026-02-01 00:27:13,0.0
GEOP_20260402.csv,2026-02-01 00:30:13,0.0
GEOP_20260402.csv,2026-02-01 00:33:13,0.0
GEOP_20260402.csv,2026-02-01 00:36:13,0.0
GEOP_20260402.csv,2026-02-01 00:39:13,0.0
GEOP_20260402.csv,2026-02-01 00:42:13,0.0
GEOP_20260402.csv,2026-02-01 00:45:13,0.0
GEOP_20260402.csv,2026-02-01 00:48:13,0.0
GEOP_20260402.csv,2026-02-01 00:51:13,0.0
GEOP_20260402.csv,2026-02-01 00:57:13,0.0
GEOP_20260402.csv,2026-02-01 01:00:13,0.0
GEOP_20260402.csv,2026-02-01 01:03:13,0.0
GEOP_20260402.csv,2026-02-01 01:06:13,0.0
GEOP_20260402.csv,2026-02-01 01:09:13,0.0
GEOP_20260402.csv,2026-02-01 01:12:13,0.0
GEOP_20260402.csv,2026-02-01 01:15:13,0.0
GEOP_20260402.csv,2026-02-01 01:18:13,0.0
GEOP_20260402.csv,2026-02-01 01:21:13,0.0
GEOP_20260402.csv,2026-02-01 01:24:13,0.0
GEOP_20260402.csv,2026-02-01 01:27:13,0.0
GEOP_20260402.csv,2026-02-01 01:30:12,0.0
GEOP_20260402.csv,2026-02-01 01:33:13,0.0
GEOP_20260402.csv,2026-02-01 01:36:13,0.0
GEOP_20260402.csv,2026-02-01 01:39:12,0.0
GEOP_20260402.csv,2026-02-01 01:42:12,0.0
GEOP_20260402.csv,2026-02-01 01:45:13,0.0
GEOP_20260402.csv,2026-02-01 01:48:12,0.0
GEOP_20260402.csv,2026-02-01 01:51:12,0.0
GEOP_20260402.csv,2026-02-01 01:54:12,0.0
GEOP_20260402.csv,2026-02-01 01:57:12,0.0
GEOP_20260402.csv,2026-02-01 02:00:12,0.0
GEOP_20260402.csv,2026-02-01 02:03:12,0.0
GEOP_20260402.csv,2026-02-01 02:06:12,0.0
GEOP_20260402.csv,2026-02-01 02:09:12,0.0
GEOP_20260402.csv,2026-02-01 02:12:12,0.0
GEOP_20260402.csv,2026-02-01 02:15:12,0.0
GEOP_20260402.csv,2026-02-01 02:18:12,0.0
GEOP_20260402.csv,2026-02-01 02:21:12,0.0
GEOP_20260402.csv,2026-02-01 02:24:12,0.0
GEOP_20260402.csv,2026-02-01 02:27:12,0.0
GEOP_20260402.csv,2026-02-01 02:30:12,0.0
GEOP_20260402.csv,2026-02-01 02:33:12,0.0
GEOP_20260402.csv,2026-02-01 02:36:12,0.0
GEOP_20260402.csv,2026-02-01 02:39:12,0.0
GEOP_20260402.csv,2026-02-01 02:42:12,0.0
GEOP_20260402.csv,2026-02-01 02:45:12,0.0
GEOP_20260402.csv,2026-02-01 02:48:12,0.0
GEOP_20260402.csv,2026-02-01 02:51:12,0.0
GEOP_20260402.csv,2026-02-01 02:54:12,0.0
GEOP_20260402.csv,2026-02-01 02:57:13,0.0
GEOP_20260402.csv,2026-02-01 03:00:12,0.0
GEOP_20260402.csv,2026-02-01 03:03:12,0.0
GEOP_20260402.csv,2026-02-01 03:06:12,0.0
GEOP_20260402.csv,2026-02-01 03:09:13,0.0
GEOP_20260402.csv,2026-02-01 03:12:12,0.0
GEOP_20260402.csv,2026-02-01 03:15:12,0.0
GEOP_20260402.csv,2026-02-01 03:18:12,0.0
GEOP_20260402.csv,2026-02-01 03:21:12,0.0
GEOP_20260402.csv,2026-02-01 03:24:12,0.0
GEOP_20260402.csv,2026-02-01 03:27:12,0.0
GEOP_20260402.csv,2026-02-01 03:30:12,0.0
GEOP_20260402.csv,2026-02-01 03:33:12,0.0
GEOP_20260402.csv,2026-02-01 03:36:12,0.0
GEOP_20260402.csv,2026-02-01 03:39:12,0.0
GEOP_20260402.csv,2026-02-01 03:42:12,0.0
GEOP_20260402.csv,2026-02-01 03:45:12,0.0
GEOP_20260402.csv,2026-02-01 03:48:12,0.0
GEOP_20260402.csv,2026-02-01 03:51:12,0.0
GEOP_20260402.csv,2026-02-01 03:54:12,0.0
GEOP_20260402.csv,2026-02-01 03:57:12,0.0
GEOP_20260402.csv,2026-02-01 04:00:12,0.0
GEOP_20260402.csv,2026-02-01 04:03:12,0.0
GEOP_20260402.csv,2026-02-01 04:06:12,0.0
GEOP_20260402.csv,2026-02-01 04:09:12,0.0
GEOP_20260402.csv,2026-02-01 04:12:12,0.0
GEOP_20260402.csv,2026-02-01 04:15:12,0.0
GEOP_20260402.csv,2026-02-01 04:18:12,0.0
GEOP_20260402.csv,2026-02-01 04:21:12,0.0
GEOP_20260402.csv,2026-02-01 04:24:12,0.0
GEOP_20260402.csv,2026-02-01 04:27:12,0.0
GEOP_20260402.csv,2026-02-01 04:30:12,0.0
GEOP_20260402.csv,2026-02-01 04:33:12,0.0
GEOP_20260402.csv,2026-02-01 04:36:12,0.0
GEOP_20260402.csv,2026-02-01 04:39:12,0.0
GEOP_20260402.csv,2026-02-01 04:42:12,0.0
GEOP_20260402.csv,2026-02-01 04:45:12,0.0
GEOP_20260402.csv,2026-02-01 04:48:12,0.0
GEOP_20260402.csv,2026-02-01 04:51:12,0.0
GEOP_20260402.csv,2026-02-01 04:54:12,0.0
GEOP_20260402.csv,2026-02-01 04:57:12,0.0
GEOP_20260402.csv,2026-02-01 05:00:12,0.0
GEOP_20260402.csv,2026-02-01 05:03:12,0.0
GEOP_20260402.csv,2026-02-01 05:06:12,0.0
GEOP_20260402.csv,2026-02-01 05:09:12,0.0
GEOP_20260402.csv,2026-02-01 05:12:12,0.0
GEOP_20260402.csv,2026-02-01 05:15:12,0.0
GEOP_20260402.csv,2026-02-01 05:18:12,0.0
GEOP_20260402.csv,2026-02-01 05:21:12,0.0
GEOP_20260402.csv,2026-02-01 05:24:12,0.0
GEOP_20260402.csv,2026-02-01 05:27:12,0.0
GEOP_20260402.csv,2026-02-01 05:30:12,0.0
GEOP_20260402.csv,2026-02-01 05:33:12,0.0
GEOP_20260402.csv,2026-02-01 05:36:12,0.0
GEOP_20260402.csv,2026-02-01 05:39:12,0.0
GEOP_20260402.csv,2026-02-01 05:42:12,0.0
GEOP_20260402.csv,2026-02-01 05:45:12,0.0
GEOP_20260402.csv,2026-02-01 05:48:12,0.0
GEOP_20260402.csv,2026-02-01 05:51:12,0.0
GEOP_20260402.csv,2026-02-01 05:54:12,0.0
GEOP_20260402.csv,2026-02-01 05:57:12,0.0
GEOP_20260402.csv,2026-02-01 06:00:12,0.0
GEOP_20260402.csv,2026-02-01 06:03:12,0.0
GEOP_20260402.csv,2026-02-01 06:06:12,0.0
GEOP_20260402.csv,2026-02-01 06:09:12,0.0
GEOP_20260402.csv,2026-02-01 06:12:12,0.0
GEOP_20260402.csv,2026-02-01 06:15:12,0.0
GEOP_20260402.csv,2026-02-01 06:18:12,0.0
GEOP_20260402.csv,2026-02-01 06:21:12,0.0
GEOP_20260402.csv,2026-02-01 06:24:12,0.0
GEOP_20260402.csv,2026-02-01 06:27:12,0.0
GEOP_20260402.csv,2026-02-01 06:30:12,0.0
GEOP_20260402.csv,2026-02-01 06:33:12,0.0
GEOP_20260402.csv,2026-02-01 06:36:12,0.0
GEOP_20260402.csv,2026-02-01 06:39:12,0.0
GEOP_20260402.csv,2026-02-01 06:42:12,0.0
GEOP_20260402.csv,2026-02-01 06:45:12,0.0
GEOP_20260402.csv,2026-02-01 06:48:12,0.0
GEOP_20260402.csv,2026-02-01 06:51:12,0.0
GEOP_20260402.csv,2026-02-01 06:54:12,0.0
GEOP_20260402.csv,2026-02-01 06:57:12,0.0
GEOP_20260402.csv,2026-02-01 07:00:12,0.0
GEOP_20260402.csv,2026-02-01 07:03:12,0.0
GEOP_20260402.csv,2026-02-01 07:06:12,0.0
GEOP_20260402.csv,2026-02-01 07:09:12,0.0
GEOP_20260402.csv,2026-02-01 07:12:12,0.0
GEOP_20260402.csv,2026-02-01 07:15:12,0.0
GEOP_20260402.csv,2026-02-01 07:18:12,0.0
GEOP_20260402.csv,2026-02-01 07:21:12,0.0
GEOP_20260402.csv,2026-02-01 07:24:12,0.0
GEOP_20260402.csv,2026-02-01 07:27:12,0.0
GEOP_20260402.csv,2026-02-01 07:30:12,0.0
GEOP_20260402.csv,2026-02-01 07:33:12,0.0
GEOP_20260402.csv,2026-02-01 07:36:12,0.0
GEOP_20260402.csv,2026-02-01 07:39:12,0.0
GEOP_20260402.csv,2026-02-01 07:42:12,0.0
GEOP_20260402.csv,2026-02-01 07:45:12,0.0
GEOP_20260402.csv,2026-02-01 07:48:12,0.0
GEOP_20260402.csv,2026-02-01 07:51:12,0.0
GEOP_20260402.csv,2026-02-01 07:54:12,0.0
GEOP_20260402.csv,2026-02-01 07:57:12,0.0
GEOP_20260402.csv,2026-02-01 08:00:12,0.0
GEOP_20260402.csv,2026-02-01 08:03:12,0.0
GEOP_20260402.csv,2026-02-01 08:06:12,0.0
GEOP_20260402.csv,2026-02-01 08:09:12,0.0
GEOP_20260402.csv,2026-02-01 08:12:12,0.0
GEOP_20260402.csv,2026-02-01 08:15:12,0.0
GEOP_20260402.csv,2026-02-01 08:18:12,0.0
GEOP_20260402.csv,2026-02-01 08:21:12,0.0
GEOP_20260402.csv,2026-02-01 08:24:12,0.0
GEOP_20260402.csv,2026-02-01 08:27:12,0.0
GEOP_20260402.csv,2026-02-01 08:33:12,0.0
GEOP_20260402.csv,2026-02-01 08:36:12,0.0
GEOP_20260402.csv,2026-02-01 08:39:12,0.0
GEOP_20260402.csv,2026-02-01 08:42:12,0.0
GEOP_20260402.csv,2026-02-01 08:45:12,0.0
GEOP_20260402.csv,2026-02-01 08:48:12,0.0
GEOP_20260402.csv,2026-02-01 08:51:12,0.0
GEOP_20260402.csv,2026-02-01 08:54:12,0.0
GEOP_20260402.csv,2026-02-01 08:57:12,0.0
GEOP_20260402.csv,2026-02-01 09:00:12,0.0
GEOP_20260402.csv,2026-02-01 09:03:12,0.0
GEOP_20260402.csv,2026-02-01 09:06:12,0.0
GEOP_20260402.csv,2026-02-01 09:09:12,0.0
GEOP_20260402.csv,2026-02-01 09:12:12,0.0
GEOP_20260402.csv,2026-02-01 09:15:12,0.0
GEOP_20260402.csv,2026-02-01 09:18:12,0.0
GEOP_20260402.csv,2026-02-01 09:21:12,0.0
GEOP_20260402.csv,2026-02-01 09:24:12,0.0
GEOP_20260402.csv,2026-02-01 09:27:12,0.0
GEOP_20260402.csv,2026-02-01 09:30:12,0.0
GEOP_20260402.csv,2026-02-01 09:33:12,0.0
GEOP_20260402.csv,2026-02-01 09:36:12,0.0
GEOP_20260402.csv,2026-02-01 09:39:12,0.0
GEOP_20260402.csv,2026-02-01 09:42:12,0.0
GEOP_20260402.csv,2026-02-01 09:45:12,0.0
GEOP_20260402.csv,2026-02-01 09:48:12,0.0
GEOP_20260402.csv,2026-02-01 09:51:12,0.0
GEOP_20260402.csv,2026-02-01 09:54:12,0.0
GEOP_20260402.csv,2026-02-01 09:57:12,0.0
GEOP_20260402.csv,2026-02-01 10:03:12,0.0
GEOP_20260402.csv,2026-02-01 10:06:12,0.0
GEOP_20260402.csv,2026-02-01 10:09:12,0.0
GEOP_20260402.csv,2026-02-01 10:12:12,0.0
GEOP_20260402.csv,2026-02-01 10:15:12,0.0
GEOP_20260402.csv,2026-02-01 10:18:12,0.0
GEOP_20260402.csv,2026-02-01 10:21:12,0.0
GEOP_20260402.csv,2026-02-01 10:24:12,0.0
GEOP_20260402.csv,2026-02-01 10:27:12,0.0
GEOP_20260402.csv,2026-02-01 10:30:12,0.0
GEOP_20260402.csv,2026-02-01 10:33:12,0.0
GEOP_20260402.csv,2026-02-01 10:36:12,0.0
GEOP_20260402.csv,2026-02-01 10:39:12,0.0
GEOP_20260402.csv,2026-02-01 10:42:12,0.0
GEOP_20260402.csv,2026-02-01 10:45:12,0.0
GEOP_20260402.csv,2026-02-01 10:48:12,0.0
GEOP_20260402.csv,2026-02-01 10:51:12,0.0
GEOP_20260402.csv,2026-02-01 10:54:12,0.0
GEOP_20260402.csv,2026-02-01 10:57:12,0.0
GEOP_20260402.csv,2026-02-01 11:00:12,0.0
GEOP_20260402.csv,2026-02-01 11:03:12,0.0
GEOP_20260402.csv,2026-02-01 11:06:12,0.0
GEOP_20260402.csv,2026-02-01 11:09:12,0.0
GEOP_20260402.csv,2026-02-01 11:12:12,0.0
GEOP_20260402.csv,2026-02-01 11:15:12,0.0
GEOP_20260402.csv,2026-02-01 11:18:12,0.0
GEOP_20260402.csv,2026-02-01 11:21:12,0.0
GEOP_20260402.csv,2026-02-01 11:24:12,0.0
GEOP_20260402.csv,2026-02-01 11:27:12,0.0
GEOP_20260402.csv,2026-02-01 11:30:12,0.0
GEOP_20260402.csv,2026-02-01 11:33:12,0.0
GEOP_20260402.csv,2026-02-01 11:36:12,0.0
GEOP_20260402.csv,2026-02-01 11:39:12,0.0
GEOP_20260402.csv,2026-02-01 11:42:12,0.0
GEOP_20260402.csv,2026-02-01 11:45:12,0.0
GEOP_20260402.csv,2026-02-01 11:48:12,0.0
GEOP_20260402.csv,2026-02-01 11:51:12,0.0
GEOP_20260402.csv,2026-02-01 11:54:12,0.0
GEOP_20260402.csv,2026-02-01 11:57:12,0.0
GEOP_20260402.csv,2026-02-01 12:00:12,0.0
GEOP_20260402.csv,2026-02-01 12:03:12,0.0
GEOP_20260402.csv,2026-02-01 12:06:12,0.0
GEOP_20260402.csv,2026-02-01 12:09:12,0.0
GEOP_20260402.csv,2026-02-01 12:12:12,0.0
GEOP_20260402.csv,2026-02-01 12:15:12,0.0
GEOP_20260402.csv,2026-02-01 12:18:12,0.0
GEOP_20260402.csv,2026-02-01 12:21:12,0.0
GEOP_20260402.csv,2026-02-01 12:24:12,0.0
GEOP_20260402.csv,2026-02-01 12:27:12,0.0
GEOP_20260402.csv,2026-02-01 12:30:12,0.0
GEOP_20260402.csv,2026-02-01 12:33:12,0.0
GEOP_20260402.csv,2026-02-01 12:36:12,0.0
GEOP_20260402.csv,2026-02-01 12:39:12,0.0
GEOP_20260402.csv,2026-02-01 12:42:12,0.0
GEOP_20260402.csv,2026-02-01 12:45:12,0.0
GEOP_20260402.csv,2026-02-01 12:48:12,0.0
GEOP_20260402.csv,2026-02-01 12:51:12,0.0
GEOP_20260402.csv,2026-02-01 12:54:12,0.0
GEOP_20260402.csv,2026-02-01 12:57:12,0.0
GEOP_20260402.csv,2026-02-01 13:00:12,0.0
GEOP_20260402.csv,2026-02-01 13:03:12,0.0
GEOP_20260402.csv,2026-02-01 13:06:12,0.0
GEOP_20260402.csv,2026-02-01 13:09:12,0.0
GEOP_20260402.csv,2026-02-01 13:12:12,0.0
GEOP_20260402.csv,2026-02-01 13:15:12,0.0
GEOP_20260402.csv,2026-02-01 13:18:12,0.0
GEOP_20260402.csv,2026-02-01 13:21:12,0.0
GEOP_20260402.csv,2026-02-01 13:24:12,0.0
GEOP_20260402.csv,2026-02-01 13:27:12,0.0
GEOP_20260402.csv,2026-02-01 13:30:12,0.0
GEOP_20260402.csv,2026-02-01 13:33:12,0.0
GEOP_20260402.csv,2026-02-01 13:36:12,0.0
GEOP_20260402.csv,2026-02-01 13:39:12,0.0
GEOP_20260402.csv,2026-02-01 13:42:12,0.0
GEOP_20260402.csv,2026-02-01 13:45:12,0.0
GEOP_20260402.csv,2026-02-01 13:48:12,0.0
GEOP_20260402.csv,2026-02-01 13:51:12,0.0
GEOP_20260402.csv,2026-02-01 13:54:12,0.0
GEOP_20260402.csv,2026-02-01 13:57:12,0.0
GEOP_20260402.csv,2026-02-01 14:00:12,0.0
GEOP_20260402.csv,2026-02-01 14:03:12,0.0
GEOP_20260402.csv,2026-02-01 14:06:12,0.0
GEOP_20260402.csv,2026-02-01 14:09:12,0.0
GEOP_20260402.csv,2026-02-01 14:12:12,0.0
GEOP_20260402.csv,2026-02-01 14:15:12,0.0
GEOP_20260402.csv,2026-02-01 14:18:12,0.0
GEOP_20260402.csv,2026-02-01 14:21:12,0.0
GEOP_20260402.csv,2026-02-01 14:24:12,0.0
GEOP_20260402.csv,2026-02-01 14:27:12,0.0
GEOP_20260402.csv,2026-02-01 14:30:12,0.0
GEOP_20260402.csv,2026-02-01 14:33:12,0.0
GEOP_20260402.csv,2026-02-01 14:36:12,0.0
GEOP_20260402.csv,2026-02-01 14:39:12,0.0
GEOP_20260402.csv,2026-02-01 14:42:12,0.0
GEOP_20260402.csv,2026-02-01 14:45:12,0.0
GEOP_20260402.csv,2026-02-01 14:48:12,0.0
GEOP_20260402.csv,2026-02-01 14:51:12,0.0
GEOP_20260402.csv,2026-02-01 14:54:12,0.0
GEOP_20260402.csv,2026-02-01 14:57:12,0.0
GEOP_20260402.csv,2026-02-01 15:00:12,0.0
GEOP_20260402.csv,2026-02-01 15:03:12,0.0
GEOP_20260402.csv,2026-02-01 15:06:12,0.0
GEOP_20260402.csv,2026-02-01 15:09:12,0.0
GEOP_20260402.csv,2026-02-01 15:12:12,0.0
GEOP_20260402.csv,2026-02-01 15:15:12,0.0
GEOP_20260402.csv,2026-02-01 15:18:12,0.0
GEOP_20260402.csv,2026-02-01 15:21:12,0.0
GEOP_20260402.csv,2026-02-01 15:24:12,0.0
GEOP_20260402.csv,2026-02-01 15:27:12,0.0
GEOP_20260402.csv,2026-02-01 15:30:12,0.0
GEOP_20260402.csv,2026-02-01 15:33:12,0.0
GEOP_20260402.csv,2026-02-01 15:36:12,0.0
GEOP_20260402.csv,2026-02-01 15:39:11,0.0
GEOP_20260402.csv,2026-02-01 15:42:12,0.0
GEOP_20260402.csv,2026-02-01 15:45:12,0.0
GEOP_20260402.csv,2026-02-01 15:48:11,0.0
GEOP_20260402.csv,2026-02-01 15:51:11,0.0
GEOP_20260402.csv,2026-02-01 15:54:11,0.0
GEOP_20260402.csv,2026-02-01 15:57:11,0.0
GEOP_20260402.csv,2026-02-01 16:00:11,0.0
GEOP_20260402.csv,2026-02-01 16:03:11,0.0
GEOP_20260402.csv,2026-02-01 16:06:11,0.0
GEOP_20260402.csv,2026-02-01 16:09:11,0.0
GEOP_20260402.csv,2026-02-01 16:12:11,0.0
GEOP_20260402.csv,2026-02-01 16:15:11,0.0
GEOP_20260402.csv,2026-02-01 16:18:11,0.0
GEOP_20260402.csv,2026-02-01 16:21:11,0.0
GEOP_20260402.csv,2026-02-01 16:24:11,0.0
GEOP_20260402.csv,2026-02-01 16:27:11,0.0
GEOP_20260402.csv,2026-02-01 16:30:11,0.0
GEOP_20260402.csv,2026-02-01 16:33:11,0.0
GEOP_20260402.csv,2026-02-01 16:36:11,0.0
GEOP_20260402.csv,2026-02-01 16:39:11,0.0
GEOP_20260402.csv,2026-02-01 16:42:11,0.0
GEOP_20260402.csv,2026-02-01 16:45:11,0.0
GEOP_20260402.csv,2026-02-01 16:48:11,0.0
GEOP_20260402.csv,2026-02-01 16:51:11,0.0
GEOP_20260402.csv,2026-02-01 16:54:11,0.0
GEOP_20260402.csv,2026-02-01 16:57:11,0.0
GEOP_20260402.csv,2026-02-01 17:00:11,0.0
GEOP_20260402.csv,2026-02-01 17:03:11,0.0
GEOP_20260402.csv,2026-02-01 17:06:11,0.0
GEOP_20260402.csv,2026-02-01 17:09:11,0.0
GEOP_20260402.csv,2026-02-01 17:12:11,0.0
GEOP_20260402.csv,2026-02-01 17:15:11,0.0
GEOP_20260402.csv,2026-02-01 17:18:11,0.0
GEOP_20260402.csv,2026-02-01 17:21:11,0.0
GEOP_20260402.csv,2026-02-01 17:24:11,0.0
GEOP_20260402.csv,2026-02-01 17:27:11,0.0
GEOP_20260402.csv,2026-02-01 17:30:11,0.0
GEOP_20260402.csv,2026-02-01 17:33:11,0.0
GEOP_20260402.csv,2026-02-01 17:36:11,0.0
GEOP_20260402.csv,2026-02-01 17:39:11,0.0
GEOP_20260402.csv,2026-02-01 17:42:11,0.0
GEOP_20260402.csv,2026-02-01 17:45:11,0.0
GEOP_20260402.csv,2026-02-01 17:48:11,0.0
GEOP_20260402.csv,2026-02-01 17:51:11,0.0
GEOP_20260402.csv,2026-02-01 17:54:11,0.0
GEOP_20260402.csv,2026-02-01 17:57:11,0.0
GEOP_20260402.csv,2026-02-01 18:00:11,0.0
GEOP_20260402.csv,2026-02-01 18:03:11,0.0
GEOP_20260402.csv,2026-02-01 18:06:11,0.0
GEOP_20260402.csv,2026-02-01 18:09:11,0.0
GEOP_20260402.csv,2026-02-01 18:12:11,0.0
GEOP_20260402.csv,2026-02-01 18:15:11,0.0
GEOP_20260402.csv,2026-02-01 18:18:11,0.0
GEOP_20260402.csv,2026-02-01 18:21:11,0.0
GEOP_20260402.csv,2026-02-01 18:24:11,0.0
GEOP_20260402.csv,2026-02-01 18:27:11,0.0
GEOP_20260402.csv,2026-02-01 18:30:11,0.0
GEOP_20260402.csv,2026-02-01 18:33:11,0.0
GEOP_20260402.csv,2026-02-01 18:36:11,0.0
GEOP_20260402.csv,2026-02-01 18:39:11,0.0
GEOP_20260402.csv,2026-02-01 18:42:11,0.0
GEOP_20260402.csv,2026-02-01 18:45:11,0.0
GEOP_20260402.csv,2026-02-01 18:48:11,0.0
GEOP_20260402.csv,2026-02-01 18:51:11,0.0
GEOP_20260402.csv,2026-02-01 18:54:11,0.0
GEOP_20260402.csv,2026-02-01 18:57:11,0.0
GEOP_20260402.csv,2026-02-01 19:00:11,0.0
GEOP_20260402.csv,2026-02-01 19:03:11,0.0
GEOP_20260402.csv,2026-02-01 19:06:11,0.0
GEOP_20260402.csv,2026-02-01 19:09:11,0.0
GEOP_20260402.csv,2026-02-01 19:12:11,0.0
GEOP_20260402.csv,2026-02-01 19:15:11,0.0
GEOP_20260402.csv,2026-02-01 19:18:11,0.0
GEOP_20260402.csv,2026-02-01 19:21:11,0.0
GEOP_20260402.csv,2026-02-01 19:24:11,0.0
GEOP_20260402.csv,2026-02-01 19:27:11,0.0
GEOP_20260402.csv,2026-02-01 19:30:11,0.0
GEOP_20260402.csv,2026-02-01 19:33:11,0.0
GEOP_20260402.csv,2026-02-01 19:36:11,0.0
GEOP_20260402.csv,2026-02-01 19:39:11,0.0
GEOP_20260402.csv,2026-02-01 19:42:11,0.0
GEOP_20260402.csv,2026-02-01 19:45:11,0.0
GEOP_20260402.csv,2026-02-01 19:48:11,0.0
GEOP_20260402.csv,2026-02-01 19:51:11,0.0
GEOP_20260402.csv,2026-02-01 19:54:11,0.0
GEOP_20260402.csv,2026-02-01 19:57:11,0.0
GEOP_20260402.csv,2026-02-01 20:00:11,0.0
GEOP_20260402.csv,2026-02-01 20:03:11,0.0
GEOP_20260402.csv,2026-02-01 20:06:11,0.0
GEOP_20260402.csv,2026-02-01 20:09:11,0.0
GEOP_20260402.csv,2026-02-01 20:12:11,0.0
GEOP_20260402.csv,2026-02-01 20:15:11,0.0
GEOP_20260402.csv,2026-02-01 20:18:11,0.0
GEOP_20260402.csv,2026-02-01 20:21:11,0.0
GEOP_20260402.csv,2026-02-01 20:24:11,0.0
GEOP_20260402.csv,2026-02-01 20:27:11,0.0
GEOP_20260402.csv,2026-02-01 20:30:11,0.0
GEOP_20260402.csv,2026-02-01 20:33:11,0.0
GEOP_20260402.csv,2026-02-01 20:36:11,0.0
GEOP_20260402.csv,2026-02-01 20:39:11,0.0
GEOP_20260402.csv,2026-02-01 20:42:11,0.0
GEOP_20260402.csv,2026-02-01 20:45:11,0.0
GEOP_20260402.csv,2026-02-01 20:48:11,0.0
GEOP_20260402.csv,2026-02-01 20:51:11,0.0
GEOP_20260402.csv,2026-02-01 20:54:11,0.0
GEOP_20260402.csv,2026-02-01 20:57:11,0.0
GEOP_20260402.csv,2026-02-01 21:00:11,0.0
GEOP_20260402.csv,2026-02-01 21:03:11,0.0
GEOP_20260402.csv,2026-02-01 21:06:11,0.0
GEOP_20260402.csv,2026-02-01 21:09:11,0.0
GEOP_20260402.csv,2026-02-01 21:12:11,0.0
GEOP_20260402.csv,2026-02-01 21:15:11,0.0
GEOP_20260402.csv,2026-02-01 21:18:11,0.0
GEOP_20260402.csv,2026-02-01 21:21:11,0.0
GEOP_20260402.csv,2026-02-01 21:24:11,0.0
GEOP_20260402.csv,2026-02-01 21:27:11,0.0
GEOP_20260402.csv,2026-02-01 21:30:11,0.0
GEOP_20260402.csv,2026-02-01 21:33:11,0.0
GEOP_20260402.csv,2026-02-01 21:36:11,0.0
GEOP_20260402.csv,2026-02-01 21:39:11,0.0
GEOP_20260402.csv,2026-02-01 21:42:11,0.0
GEOP_20260402.csv,2026-02-01 21:45:11,0.0
GEOP_20260402.csv,2026-02-01 21:48:11,0.0
GEOP_20260402.csv,2026-02-01 21:51:11,0.0
GEOP_20260402.csv,2026-02-01 21:54:11,0.0
GEOP_20260402.csv,2026-02-01 21:57:11,0.0
GEOP_20260402.csv,2026-02-01 22:00:11,0.0
GEOP_20260402.csv,2026-02-01 22:03:11,0.0
GEOP_20260402.csv,2026-02-01 22:06:11,0.0
GEOP_20260402.csv,2026-02-01 22:09:11,0.0
GEOP_20260402.csv,2026-02-01 22:12:11,0.0
GEOP_20260402.csv,2026-02-01 22:15:11,0.0
GEOP_20260402.csv,2026-02-01 22:18:11,0.0
GEOP_20260402.csv,2026-02-01 22:21:11,0.0
GEOP_20260402.csv,2026-02-01 22:24:11,0.0
GEOP_20260402.csv,2026-02-01 22:27:11,0.0
GEOP_20260402.csv,2026-02-01 22:30:11,0.0
GEOP_20260402.csv,2026-02-01 22:33:11,0.0
GEOP_20260402.csv,2026-02-01 22:36:11,0.0
GEOP_20260402.csv,2026-02-01 22:39:11,0.0
GEOP_20260402.csv,2026-02-01 22:42:11,0.0
GEOP_20260402.csv,2026-02-01 22:45:11,0.0
GEOP_20260402.csv,2026-02-01 22:48:11,0.0
GEOP_20260402.csv,2026-02-01 22:51:11,0.0
GEOP_20260402.csv,2026-02-01 22:54:11,0.0
GEOP_20260402.csv,2026-02-01 22:57:11,0.0
GEOP_20260402.csv,2026-02-01 23:00:11,0.0
GEOP_20260402.csv,2026-02-01 23:03:11,0.0
GEOP_20260402.csv,2026-02-01 23:06:11,0.0
GEOP_20260402.csv,2026-02-01 23:09:11,0.0
GEOP_20260402.csv,2026-02-01 23:12:11,0.0
GEOP_20260402.csv,2026-02-01 23:15:11,0.0
GEOP_20260402.csv,2026-02-01 23:18:11,0.0
GEOP_20260402.csv,2026-02-01 23:21:11,0.0
GEOP_20260402.csv,2026-02-01 23:24:11,0.0
GEOP_20260402.csv,2026-02-01 23:27:11,0.0
GEOP_20260402.csv,2026-02-01 23:30:11,0.0
GEOP_20260402.csv,2026-02-01 23:33:11,0.0
GEOP_20260402.csv,2026-02-01 23:36:11,0.0
GEOP_20260402.csv,2026-02-01 23:39:11,0.0
GEOP_20260402.csv,2026-02-01 23:42:11,0.0
GEOP_20260402.csv,2026-02-01 23:45:11,0.0
GEOP_20260402.csv,2026-02-01 23:48:11,0.0
GEOP_20260402.csv,2026-02-01 23:51:11,0.0
GEOP_20260402.csv,2026-02-01 23:54:11,0.0
GEOP_20260402.csv,2026-02-01 23:57:11,0.0
GEOP_20260402.csv,2026-02-02 00:00:11,0.0
GEOP_20260402.csv,2026-02-02 00:03:11,0.0
GEOP_20260402.csv,2026-02-02 00:06:11,0.0
GEOP_20260402.csv,2026-02-02 00:09:11,0.0
GEOP_20260402.csv,2026-02-02 00:12:11,0.0
GEOP_20260402.csv,2026-02-02 00:15:11,0.0
GEOP_20260402.csv,2026-02-02 00:18:11,0.0
GEOP_20260402.csv,2026-02-02 00:21:11,0.0
GEOP_20260402.csv,2026-02-02 00:24:11,0.0
GEOP_20260402.csv,2026-02-02 00:27:11,0.0
GEOP_20260402.csv,2026-02-02 00:30:11,0.0
GEOP_20260402.csv,2026-02-02 00:33:11,0.0
GEOP_20260402.csv,2026-02-02 00:36:11,0.0
GEOP_20260402.csv,2026-02-02 00:39:11,0.0
GEOP_20260402.csv,2026-02-02 00:42:11,0.0
GEOP_20260402.csv,2026-02-02 00:45:11,0.0
GEOP_20260402.csv,2026-02-02 00:48:11,0.0
GEOP_20260402.csv,2026-02-02 00:51:11,0.0
GEOP_20260402.csv,2026-02-02 00:54:11,0.0
GEOP_20260402.csv,2026-02-02 00:57:11,0.0
GEOP_20260402.csv,2026-02-02 01:00:11,0.01
GEOP_20260402.csv,2026-02-02 01:03:11,0.0
GEOP_20260402.csv,2026-02-02 01:06:11,0.01
GEOP_20260402.csv,2026-02-02 01:09:11,0.01
GEOP_20260402.csv,2026-02-02 01:12:11,0.0
GEOP_20260402.csv,2026-02-02 01:15:11,0.01
GEOP_20260402.csv,2026-02-02 01:18:11,0.0
GEOP_20260402.csv,2026-02-02 01:21:11,0.0
GEOP_20260402.csv,2026-02-02 01:24:11,0.0
GEOP_20260402.csv,2026-02-02 01:27:11,0.0
GEOP_20260402.csv,2026-02-02 01:30:11,0.01
GEOP_20260402.csv,2026-02-02 01:33:11,0.0
GEOP_20260402.csv,2026-02-02 01:36:11,0.0
GEOP_20260402.csv,2026-02-02 01:39:11,0.0
GEOP_20260402.csv,2026-02-02 01:42:11,0.0
GEOP_20260402.csv,2026-02-02 01:45:11,0.0
GEOP_20260402.csv,2026-02-02 01:48:11,0.01
GEOP_20260402.csv,2026-02-02 01:51:11,0.0
GEOP_20260402.csv,2026-02-02 01:54:11,0.0
GEOP_20260402.csv,2026-02-02 01:57:11,0.0
GEOP_20260402.csv,2026-02-02 02:00:11,0.0
GEOP_20260402.csv,2026-02-02 02:03:11,0.0
GEOP_20260402.csv,2026-02-02 02:06:11,0.0
GEOP_20260402.csv,2026-02-02 02:09:11,0.0
GEOP_20260402.csv,2026-02-02 02:12:11,0.0
GEOP_20260402.csv,2026-02-02 02:15:11,0.0
GEOP_20260402.csv,2026-02-02 02:18:11,0.0
GEOP_20260402.csv,2026-02-02 02:21:11,0.01
GEOP_20260402.csv,2026-02-02 02:24:11,0.0
GEOP_20260402.csv,2026-02-02 02:27:11,0.0
GEOP_20260402.csv,2026-02-02 02:30:11,0.0
GEOP_20260402.csv,2026-02-02 02:33:11,0.0
GEOP_20260402.csv,2026-02-02 02:36:11,0.0
GEOP_20260402.csv,2026-02-02 02:39:11,0.0
GEOP_20260402.csv,2026-02-02 02:42:11,0.0
GEOP_20260402.csv,2026-02-02 02:45:11,0.0
GEOP_20260402.csv,2026-02-02 02:48:11,0.01
GEOP_20260402.csv,2026-02-02 02:51:11,0.0
GEOP_20260402.csv,2026-02-02 02:54:11,0.01
GEOP_20260402.csv,2026-02-02 02:57:11,0.0
GEOP_20260402.csv,2026-02-02 03:00:11,0.0
GEOP_20260402.csv,2026-02-02 03:03:11,0.01
GEOP_20260402.csv,2026-02-02 03:06:11,0.0
GEOP_20260402.csv,2026-02-02 03:09:11,0.0
GEOP_20260402.csv,2026-02-02 03:12:11,0.01
GEOP_20260402.csv,2026-02-02 03:15:11,0.0
GEOP_20260402.csv,2026-02-02 03:18:11,0.01
GEOP_20260402.csv,2026-02-02 03:21:11,0.0
GEOP_20260402.csv,2026-02-02 03:24:11,0.0
GEOP_20260402.csv,2026-02-02 03:27:11,0.0
GEOP_20260402.csv,2026-02-02 03:30:11,0.01
GEOP_20260402.csv,2026-02-02 03:33:11,0.0
GEOP_20260402.csv,2026-02-02 03:36:11,0.0
GEOP_20260402.csv,2026-02-02 03:39:11,0.0
GEOP_20260402.csv,2026-02-02 03:42:11,0.0
GEOP_20260402.csv,2026-02-02 03:45:11,0.0
GEOP_20260402.csv,2026-02-02 03:48:11,0.0
GEOP_20260402.csv,2026-02-02 03:51:11,0.0
GEOP_20260402.csv,2026-02-02 03:54:11,0.0
GEOP_20260402.csv,2026-02-02 03:57:11,0.01
GEOP_20260402.csv,2026-02-02 04:00:11,0.0
GEOP_20260402.csv,2026-02-02 04:03:11,0.0
GEOP_20260402.csv,2026-02-02 04:06:11,0.0
GEOP_20260402.csv,2026-02-02 04:09:11,0.0
GEOP_20260402.csv,2026-02-02 04:12:11,0.0
GEOP_20260402.csv,2026-02-02 04:15:11,0.0
GEOP_20260402.csv,2026-02-02 04:18:11,0.0
GEOP_20260402.csv,2026-02-02 04:21:11,0.01
GEOP_20260402.csv,2026-02-02 04:24:11,0.0
GEOP_20260402.csv,2026-02-02 04:27:11,0.0
GEOP_20260402.csv,2026-02-02 04:30:11,0.0
GEOP_20260402.csv,2026-02-02 04:33:11,0.0
GEOP_20260402.csv,2026-02-02 04:36:11,0.0
GEOP_20260402.csv,2026-02-02 04:39:11,0.0
GEOP_20260402.csv,2026-02-02 04:42:11,0.01
GEOP_20260402.csv,2026-02-02 04:45:11,0.0
GEOP_20260402.csv,2026-02-02 04:48:11,0.0
GEOP_20260402.csv,2026-02-02 04:51:11,0.0
GEOP_20260402.csv,2026-02-02 04:54:11,0.0
GEOP_20260402.csv,2026-02-02 04:57:11,0.0
GEOP_20260402.csv,2026-02-02 05:00:11,0.0
GEOP_20260402.csv,2026-02-02 05:03:11,0.0
GEOP_20260402.csv,2026-02-02 05:06:11,0.0
GEOP_20260402.csv,2026-02-02 05:09:11,0.0
GEOP_20260402.csv,2026-02-02 05:12:11,0.0
GEOP_20260402.csv,2026-02-02 05:15:11,0.0
GEOP_20260402.csv,2026-02-02 05:18:11,0.0
GEOP_20260402.csv,2026-02-02 05:21:11,0.0
GEOP_20260402.csv,2026-02-02 05:24:11,0.0
GEOP_20260402.csv,2026-02-02 05:27:11,0.0
GEOP_20260402.csv,2026-02-02 05:30:11,0.0
GEOP_20260402.csv,2026-02-02 05:33:11,0.0
GEOP_20260402.csv,2026-02-02 05:36:11,0.0
GEOP_20260402.csv,2026-02-02 05:39:11,0.0
GEOP_20260402.csv,2026-02-02 05:42:11,0.0
GEOP_20260402.csv,2026-02-02 05:45:11,0.0
GEOP_20260402.csv,2026-02-02 05:48:11,0.0
GEOP_20260402.csv,2026-02-02 05:51:11,0.0
GEOP_20260402.csv,2026-02-02 05:54:11,0.0
GEOP_20260402.csv,2026-02-02 05:57:11,0.0
GEOP_20260402.csv,2026-02-02 06:00:11,0.0
GEOP_20260402.csv,2026-02-02 06:03:11,0.0
GEOP_20260402.csv,2026-02-02 06:06:11,0.0
GEOP_20260402.csv,2026-02-02 06:09:11,0.0
GEOP_20260402.csv,2026-02-02 06:12:11,0.0
GEOP_20260402.csv,2026-02-02 06:15:11,0.0
GEOP_20260402.csv,2026-02-02 06:18:11,0.0
GEOP_20260402.csv,2026-02-02 06:21:11,0.0
GEOP_20260402.csv,2026-02-02 06:24:11,0.0
GEOP_20260402.csv,2026-02-02 06:27:11,0.0
GEOP_20260402.csv,2026-02-02 06:30:11,0.0
GEOP_20260402.csv,2026-02-02 06:33:11,0.0
GEOP_20260402.csv,2026-02-02 06:36:11,0.0
GEOP_20260402.csv,2026-02-02 06:39:11,0.0
GEOP_20260402.csv,2026-02-02 06:42:11,0.0
GEOP_20260402.csv,2026-02-02 06:45:11,0.0
GEOP_20260402.csv,2026-02-02 06:48:11,0.0
GEOP_20260402.csv,2026-02-02 06:51:10,0.0
GEOP_20260402.csv,2026-02-02 06:54:10,0.0
GEOP_20260402.csv,2026-02-02 06:57:11,0.0
GEOP_20260402.csv,2026-02-02 07:00:10,0.0
GEOP_20260402.csv,2026-02-02 07:03:10,0.0
GEOP_20260402.csv,2026-02-02 07:06:10,0.0
GEOP_20260402.csv,2026-02-02 07:09:10,0.0
GEOP_20260402.csv,2026-02-02 07:12:10,0.0
GEOP_20260402.csv,2026-02-02 07:15:10,0.0
GEOP_20260402.csv,2026-02-02 07:18:10,0.0
GEOP_20260402.csv,2026-02-02 07:21:10,0.0
GEOP_20260402.csv,2026-02-02 07:24:10,0.0
GEOP_20260402.csv,2026-02-02 07:27:10,0.0
GEOP_20260402.csv,2026-02-02 07:30:10,0.0
GEOP_20260402.csv,2026-02-02 07:33:10,0.0
GEOP_20260402.csv,2026-02-02 07:36:10,0.0
GEOP_20260402.csv,2026-02-02 07:39:11,0.0
GEOP_20260402.csv,2026-02-02 07:42:10,0.0
GEOP_20260402.csv,2026-02-02 07:45:10,0.0
GEOP_20260402.csv,2026-02-02 07:48:10,0.0
GEOP_20260402.csv,2026-02-02 07:51:10,0.0
GEOP_20260402.csv,2026-02-02 07:54:10,0.0
GEOP_20260402.csv,2026-02-02 07:57:10,0.0
GEOP_20260402.csv,2026-02-02 08:00:10,0.0
GEOP_20260402.csv,2026-02-02 08:03:10,0.0
GEOP_20260402.csv,2026-02-02 08:06:10,0.0
GEOP_20260402.csv,2026-02-02 08:09:10,0.0
GEOP_20260402.csv,2026-02-02 08:12:10,0.0
GEOP_20260402.csv,2026-02-02 08:15:11,0.0
GEOP_20260402.csv,2026-02-02 08:18:10,0.0
GEOP_20260402.csv,2026-02-02 08:21:10,0.0
GEOP_20260402.csv,2026-02-02 08:24:10,0.0
GEOP_20260402.csv,2026-02-02 08:27:10,0.0
GEOP_20260402.csv,2026-02-02 08:30:10,0.0
GEOP_20260402.csv,2026-02-02 08:33:10,0.0
GEOP_20260402.csv,2026-02-02 08:36:10,0.0
GEOP_20260402.csv,2026-02-02 08:39:10,0.0
GEOP_20260402.csv,2026-02-02 08:42:10,0.0
GEOP_20260402.csv,2026-02-02 08:45:10,0.0
GEOP_20260402.csv,2026-02-02 08:48:10,0.0
GEOP_20260402.csv,2026-02-02 08:51:10,0.0
GEOP_20260402.csv,2026-02-02 08:54:10,0.0
GEOP_20260402.csv,2026-02-02 08:57:10,0.0
GEOP_20260402.csv,2026-02-02 09:00:10,0.0
GEOP_20260402.csv,2026-02-02 09:03:10,0.0
GEOP_20260402.csv,2026-02-02 09:06:10,0.0
GEOP_20260402.csv,2026-02-02 09:09:10,0.0
GEOP_20260402.csv,2026-02-02 09:12:10,0.0
GEOP_20260402.csv,2026-02-02 09:15:10,0.0
GEOP_20260402.csv,2026-02-02 09:18:10,0.0
GEOP_20260402.csv,2026-02-02 09:21:10,0.0
GEOP_20260402.csv,2026-02-02 09:24:10,0.0
GEOP_20260402.csv,2026-02-02 09:27:10,0.0
GEOP_20260402.csv,2026-02-02 09:30:10,0.0
GEOP_20260402.csv,2026-02-02 09:33:10,0.0
GEOP_20260402.csv,2026-02-02 09:36:10,0.0
GEOP_20260402.csv,2026-02-02 09:39:10,0.0
GEOP_20260402.csv,2026-02-02 09:42:10,0.0
GEOP_20260402.csv,2026-02-02 09:45:10,0.0
GEOP_20260402.csv,2026-02-02 09:48:10,0.0
GEOP_20260402.csv,2026-02-02 09:51:10,0.0
GEOP_20260402.csv,2026-02-02 09:54:10,0.0
GEOP_20260402.csv,2026-02-02 09:57:10,0.0
GEOP_20260402.csv,2026-02-02 10:00:10,0.0
GEOP_20260402.csv,2026-02-02 10:03:10,0.0
GEOP_20260402.csv,2026-02-02 10:06:10,0.0
GEOP_20260402.csv,2026-02-02 10:09:10,0.0
GEOP_20260402.csv,2026-02-02 10:12:10,0.0
GEOP_20260402.csv,2026-02-02 10:15:10,0.0
GEOP_20260402.csv,2026-02-02 10:18:10,0.0
GEOP_20260402.csv,2026-02-02 10:21:10,0.0
GEOP_20260402.csv,2026-02-02 10:24:10,0.0
GEOP_20260402.csv,2026-02-02 10:27:10,0.0
GEOP_20260402.csv,2026-02-02 10:30:10,0.0
GEOP_20260402.csv,2026-02-02 10:33:10,0.0
GEOP_20260402.csv,2026-02-02 10:36:10,0.0
GEOP_20260402.csv,2026-02-02 10:39:10,0.0
GEOP_20260402.csv,2026-02-02 10:42:10,0.0
GEOP_20260402.csv,2026-02-02 10:45:10,0.0
GEOP_20260402.csv,2026-02-02 10:48:10,0.0
GEOP_20260402.csv,2026-02-02 10:51:10,0.0
GEOP_20260402.csv,2026-02-02 10:54:10,0.0
GEOP_20260402.csv,2026-02-02 10:57:10,0.0
GEOP_20260402.csv,2026-02-02 11:00:10,0.0
GEOP_20260402.csv,2026-02-02 11:03:10,0.0
GEOP_20260402.csv,2026-02-02 11:06:10,0.0
GEOP_20260402.csv,2026-02-02 11:09:10,0.0
GEOP_20260402.csv,2026-02-02 11:12:10,0.0
GEOP_20260402.csv,2026-02-02 11:15:10,0.0
GEOP_20260402.csv,2026-02-02 11:18:10,0.0
GEOP_20260402.csv,2026-02-02 11:21:10,0.0
GEOP_20260402.csv,2026-02-02 11:24:10,0.0
GEOP_20260402.csv,2026-02-02 11:27:10,0.0
GEOP_20260402.csv,2026-02-02 11:30:10,0.0
GEOP_20260402.csv,2026-02-02 11:33:10,0.0
GEOP_20260402.csv,2026-02-02 11:36:10,0.0
GEOP_20260402.csv,2026-02-02 11:39:10,0.0
GEOP_20260402.csv,2026-02-02 11:42:10,0.0
GEOP_20260402.csv,2026-02-02 11:45:10,0.0
GEOP_20260402.csv,2026-02-02 11:48:10,0.0
GEOP_20260402.csv,2026-02-02 11:51:10,0.0
GEOP_20260402.csv,2026-02-02 11:54:10,0.0
GEOP_20260402.csv,2026-02-02 11:57:10,0.0
GEOP_20260402.csv,2026-02-02 12:00:10,0.0
GEOP_20260402.csv,2026-02-02 12:03:10,0.0
GEOP_20260402.csv,2026-02-02 12:06:10,0.0
GEOP_20260402.csv,2026-02-02 12:09:10,0.0
GEOP_20260402.csv,2026-02-02 12:12:10,0.0
GEOP_20260402.csv,2026-02-02 12:15:10,0.0
GEOP_20260402.csv,2026-02-02 12:18:10,0.0
GEOP_20260402.csv,2026-02-02 12:21:10,0.0
GEOP_20260402.csv,2026-02-02 12:24:10,0.0
GEOP_20260402.csv,2026-02-02 12:27:10,0.0
GEOP_20260402.csv,2026-02-02 12:30:10,0.0
GEOP_20260402.csv,2026-02-02 12:33:10,0.0
GEOP_20260402.csv,2026-02-02 12:36:10,0.0
GEOP_20260402.csv,2026-02-02 12:39:10,0.0
GEOP_20260402.csv,2026-02-02 12:42:10,0.0
GEOP_20260402.csv,2026-02-02 12:45:10,0.0
GEOP_20260402.csv,2026-02-02 12:48:10,0.0
GEOP_20260402.csv,2026-02-02 12:51:10,0.0
GEOP_20260402.csv,2026-02-02 12:54:10,0.0
GEOP_20260402.csv,2026-02-02 12:57:10,0.0
GEOP_20260402.csv,2026-02-02 13:00:10,0.0
GEOP_20260402.csv,2026-02-02 13:03:10,0.0
GEOP_20260402.csv,2026-02-02 13:06:10,0.0
GEOP_20260402.csv,2026-02-02 13:09:10,0.0
GEOP_20260402.csv,2026-02-02 13:12:10,0.0
GEOP_20260402.csv,2026-02-02 13:15:10,0.0
GEOP_20260402.csv,2026-02-02 13:18:10,0.0
GEOP_20260402.csv,2026-02-02 13:21:10,0.0
GEOP_20260402.csv,2026-02-02 13:24:10,0.0
GEOP_20260402.csv,2026-02-02 13:27:10,0.0
GEOP_20260402.csv,2026-02-02 13:30:10,0.0
GEOP_20260402.csv,2026-02-02 13:33:10,0.0
GEOP_20260402.csv,2026-02-02 13:36:10,0.0
GEOP_20260402.csv,2026-02-02 13:39:10,0.0
GEOP_20260402.csv,2026-02-02 13:42:10,0.0
GEOP_20260402.csv,2026-02-02 13:45:10,0.0
GEOP_20260402.csv,2026-02-02 13:48:10,0.0
GEOP_20260402.csv,2026-02-02 13:51:10,0.0
GEOP_20260402.csv,2026-02-02 13:54:10,0.0
GEOP_20260402.csv,2026-02-02 13:57:10,0.0
GEOP_20260402.csv,2026-02-02 14:00:10,0.0
GEOP_20260402.csv,2026-02-02 14:03:10,0.0
GEOP_20260402.csv,2026-02-02 14:06:10,0.0
GEOP_20260402.csv,2026-02-02 14:09:10,0.0
GEOP_20260402.csv,2026-02-02 14:12:10,0.0
GEOP_20260402.csv,2026-02-02 14:15:10,0.0
GEOP_20260402.csv,2026-02-02 14:18:10,0.0
GEOP_20260402.csv,2026-02-02 14:21:10,0.0
GEOP_20260402.csv,2026-02-02 14:24:10,0.0
GEOP_20260402.csv,2026-02-02 14:27:10,0.0
GEOP_20260402.csv,2026-02-02 14:30:10,0.0
GEOP_20260402.csv,2026-02-02 14:33:10,0.0
GEOP_20260402.csv,2026-02-02 14:36:10,0.0
GEOP_20260402.csv,2026-02-02 14:39:10,0.0
GEOP_20260402.csv,2026-02-02 14:42:10,0.0
GEOP_20260402.csv,2026-02-02 14:45:10,0.0
GEOP_20260402.csv,2026-02-02 14:48:10,0.0
GEOP_20260402.csv,2026-02-02 14:51:10,0.0
GEOP_20260402.csv,2026-02-02 14:54:10,0.0
GEOP_20260402.csv,2026-02-02 14:57:10,0.0
GEOP_20260402.csv,2026-02-02 15:00:10,0.0
GEOP_20260402.csv,2026-02-02 15:03:10,0.0
GEOP_20260402.csv,2026-02-02 15:06:10,0.0
GEOP_20260402.csv,2026-02-02 15:09:10,0.0
GEOP_20260402.csv,2026-02-02 15:12:10,0.0
GEOP_20260402.csv,2026-02-02 15:15:10,0.0
GEOP_20260402.csv,2026-02-02 15:18:10,0.0
GEOP_20260402.csv,2026-02-02 15:21:10,0.0
GEOP_20260402.csv,2026-02-02 15:24:10,0.0
GEOP_20260402.csv,2026-02-02 15:27:10,0.0
GEOP_20260402.csv,2026-02-02 15:30:10,0.0
GEOP_20260402.csv,2026-02-02 15:33:10,0.0
GEOP_20260402.csv,2026-02-02 15:36:10,0.0
GEOP_20260402.csv,2026-02-02 15:39:10,0.0
GEOP_20260402.csv,2026-02-02 15:42:10,0.0
GEOP_20260402.csv,2026-02-02 15:45:10,0.0
GEOP_20260402.csv,2026-02-02 15:48:10,0.0
GEOP_20260402.csv,2026-02-02 15:51:10,0.0
GEOP_20260402.csv,2026-02-02 15:54:10,0.0
GEOP_20260402.csv,2026-02-02 15:57:10,0.0
GEOP_20260402.csv,2026-02-02 16:00:10,0.0
GEOP_20260402.csv,2026-02-02 16:03:10,0.0
GEOP_20260402.csv,2026-02-02 16:06:10,0.0
GEOP_20260402.csv,2026-02-02 16:09:10,0.0
GEOP_20260402.csv,2026-02-02 16:12:10,0.0
GEOP_20260402.csv,2026-02-02 16:15:10,0.0
GEOP_20260402.csv,2026-02-02 16:18:10,0.0
GEOP_20260402.csv,2026-02-02 16:21:10,0.0
GEOP_20260402.csv,2026-02-02 16:24:10,0.0
GEOP_20260402.csv,2026-02-02 16:27:10,0.0
GEOP_20260402.csv,2026-02-02 16:30:10,0.0
GEOP_20260402.csv,2026-02-02 16:33:10,0.0
GEOP_20260402.csv,2026-02-02 16:36:10,0.0
GEOP_20260402.csv,2026-02-02 16:39:10,0.0
GEOP_20260402.csv,2026-02-02 16:42:10,0.0
GEOP_20260402.csv,2026-02-02 16:45:10,0.0
GEOP_20260402.csv,2026-02-02 16:48:10,0.0
GEOP_20260402.csv,2026-02-02 16:51:10,0.0
GEOP_20260402.csv,2026-02-02 16:54:10,0.0
GEOP_20260402.csv,2026-02-02 16:57:10,0.0
GEOP_20260402.csv,2026-02-02 17:00:10,0.0
GEOP_20260402.csv,2026-02-02 17:03:10,0.0
GEOP_20260402.csv,2026-02-02 17:06:10,0.0
GEOP_20260402.csv,2026-02-02 17:09:10,0.0
GEOP_20260402.csv,2026-02-02 17:12:10,0.0
GEOP_20260402.csv,2026-02-02 17:15:10,0.0
GEOP_20260402.csv,2026-02-02 17:18:10,0.0
GEOP_20260402.csv,2026-02-02 17:21:10,0.0
GEOP_20260402.csv,2026-02-02 17:24:10,0.0
GEOP_20260402.csv,2026-02-02 17:27:10,0.0
GEOP_20260402.csv,2026-02-02 17:30:10,0.0
GEOP_20260402.csv,2026-02-02 17:33:10,0.0
GEOP_20260402.csv,2026-02-02 17:36:10,0.0
GEOP_20260402.csv,2026-02-02 17:39:10,0.0
GEOP_20260402.csv,2026-02-02 17:42:10,0.0
GEOP_20260402.csv,2026-02-02 17:45:10,0.0
GEOP_20260402.csv,2026-02-02 17:48:10,0.0
GEOP_20260402.csv,2026-02-02 17:51:10,0.0
GEOP_20260402.csv,2026-02-02 17:54:10,0.0
GEOP_20260402.csv,2026-02-02 17:57:10,0.0
GEOP_20260402.csv,2026-02-02 18:00:10,0.0
GEOP_20260402.csv,2026-02-02 18:03:10,0.0
GEOP_20260402.csv,2026-02-02 18:06:10,0.0
GEOP_20260402.csv,2026-02-02 18:09:10,0.0
GEOP_20260402.csv,2026-02-02 18:12:10,0.0
GEOP_20260402.csv,2026-02-02 18:15:10,0.0
GEOP_20260402.csv,2026-02-02 18:18:10,0.0
GEOP_20260402.csv,2026-02-02 18:21:10,0.0
GEOP_20260402.csv,2026-02-02 18:24:10,0.0
GEOP_20260402.csv,2026-02-02 18:27:09,0.0
GEOP_20260402.csv,2026-02-02 18:30:09,0.0
GEOP_20260402.csv,2026-02-02 18:33:10,0.0
GEOP_20260402.csv,2026-02-02 18:36:09,0.0
GEOP_20260402.csv,2026-02-02 18:39:09,0.0
GEOP_20260402.csv,2026-02-02 18:42:09,0.0
GEOP_20260402.csv,2026-02-02 18:45:09,0.0
GEOP_20260402.csv,2026-02-02 18:48:09,0.0
GEOP_20260402.csv,2026-02-02 18:51:09,0.0
GEOP_20260402.csv,2026-02-02 18:54:09,0.0
GEOP_20260402.csv,2026-02-02 18:57:10,0.0
GEOP_20260402.csv,2026-02-02 19:00:09,0.0
GEOP_20260402.csv,2026-02-02 19:03:09,0.01
GEOP_20260402.csv,2026-02-02 19:06:09,0.0
GEOP_20260402.csv,2026-02-02 19:09:09,0.01
GEOP_20260402.csv,2026-02-02 19:12:09,0.01
GEOP_20260402.csv,2026-02-02 19:15:09,0.01
GEOP_20260402.csv,2026-02-02 19:18:09,0.02
GEOP_20260402.csv,2026-02-02 19:21:09,0.0
GEOP_20260402.csv,2026-02-02 19:24:09,0.01
GEOP_20260402.csv,2026-02-02 19:27:09,0.0
GEOP_20260402.csv,2026-02-02 19:30:09,0.01
GEOP_20260402.csv,2026-02-02 19:33:09,0.0
GEOP_20260402.csv,2026-02-02 19:36:09,0.0
GEOP_20260402.csv,2026-02-02 19:39:09,0.0
GEOP_20260402.csv,2026-02-02 19:42:09,0.01
GEOP_20260402.csv,2026-02-02 19:45:09,0.0
GEOP_20260402.csv,2026-02-02 19:48:09,0.01
GEOP_20260402.csv,2026-02-02 19:51:09,0.01
GEOP_20260402.csv,2026-02-02 19:54:09,0.01
GEOP_20260402.csv,2026-02-02 19:57:09,0.02
GEOP_20260402.csv,2026-02-02 20:00:09,0.04
GEOP_20260402.csv,2026-02-02 20:03:09,0.05
GEOP_20260402.csv,2026-02-02 20:06:09,0.03
GEOP_20260402.csv,2026-02-02 20:09:09,0.02
GEOP_20260402.csv,2026-02-02 20:12:09,0.02
GEOP_20260402.csv,2026-02-02 20:15:09,0.04
GEOP_20260402.csv,2026-02-02 20:18:09,0.07
GEOP_20260402.csv,2026-02-02 20:21:09,0.05
GEOP_20260402.csv,2026-02-02 20:24:09,0.02
GEOP_20260402.csv,2026-02-02 20:27:09,0.01
GEOP_20260402.csv,2026-02-02 20:30:09,0.0
GEOP_20260402.csv,2026-02-02 20:33:09,0.01
GEOP_20260402.csv,2026-02-02 20:36:09,0.0
GEOP_20260402.csv,2026-02-02 20:39:09,0.0
GEOP_20260402.csv,2026-02-02 20:42:09,0.0
GEOP_20260402.csv,2026-02-02 20:45:09,0.01
GEOP_20260402.csv,2026-02-02 20:48:09,0.0
GEOP_20260402.csv,2026-02-02 20:51:09,0.0
GEOP_20260402.csv,2026-02-02 20:54:09,0.0
GEOP_20260402.csv,2026-02-02 20:57:09,0.0
GEOP_20260402.csv,2026-02-02 21:00:09,0.0
GEOP_20260402.csv,2026-02-02 21:03:09,0.0
GEOP_20260402.csv,2026-02-02 21:06:09,0.0
GEOP_20260402.csv,2026-02-02 21:09:09,0.0
GEOP_20260402.csv,2026-02-02 21:12:09,0.0
GEOP_20260402.csv,2026-02-02 21:15:09,0.0
GEOP_20260402.csv,2026-02-02 21:18:09,0.0
GEOP_20260402.csv,2026-02-02 21:21:09,0.0
GEOP_20260402.csv,2026-02-02 21:24:09,0.0
GEOP_20260402.csv,2026-02-02 21:27:09,0.0
GEOP_20260402.csv,2026-02-02 21:30:09,0.0
GEOP_20260402.csv,2026-02-02 21:33:09,0.0
GEOP_20260402.csv,2026-02-02 21:36:09,0.0
GEOP_20260402.csv,2026-02-02 21:39:09,0.0
GEOP_20260402.csv,2026-02-02 21:42:09,0.0
GEOP_20260402.csv,2026-02-02 21:45:09,0.0
GEOP_20260402.csv,2026-02-02 21:48:09,0.0
GEOP_20260402.csv,2026-02-02 21:51:09,0.0
GEOP_20260402.csv,2026-02-02 21:54:09,0.0
GEOP_20260402.csv,2026-02-02 21:57:09,0.0
GEOP_20260402.csv,2026-02-02 22:00:09,0.0
GEOP_20260402.csv,2026-02-02 22:03:09,0.0
GEOP_20260402.csv,2026-02-02 22:06:09,0.0
GEOP_20260402.csv,2026-02-02 22:09:09,0.0
GEOP_20260402.csv,2026-02-02 22:12:09,0.0
GEOP_20260402.csv,2026-02-02 22:15:09,0.0
GEOP_20260402.csv,2026-02-02 22:18:09,0.0
GEOP_20260402.csv,2026-02-02 22:21:09,0.0
GEOP_20260402.csv,2026-02-02 22:24:09,0.0
GEOP_20260402.csv,2026-02-02 22:27:09,0.0
GEOP_20260402.csv,2026-02-02 22:30:09,0.0
GEOP_20260402.csv,2026-02-02 22:33:09,0.0
GEOP_20260402.csv,2026-02-02 22:36:09,0.0
GEOP_20260402.csv,2026-02-02 22:39:09,0.0
GEOP_20260402.csv,2026-02-02 22:42:09,0.0
GEOP_20260402.csv,2026-02-02 22:45:09,0.0
GEOP_20260402.csv,2026-02-02 22:48:09,0.0
GEOP_20260402.csv,2026-02-02 22:51:09,0.0
GEOP_20260402.csv,2026-02-02 22:54:09,0.0
GEOP_20260402.csv,2026-02-02 22:57:09,0.0
GEOP_20260402.csv,2026-02-02 23:00:09,0.0
GEOP_20260402.csv,2026-02-02 23:03:09,0.0
GEOP_20260402.csv,2026-02-02 23:06:09,0.0
GEOP_20260402.csv,2026-02-02 23:09:09,0.0
GEOP_20260402.csv,2026-02-02 23:12:09,0.0
GEOP_20260402.csv,2026-02-02 23:15:09,0.0
GEOP_20260402.csv,2026-02-02 23:18:09,0.0
GEOP_20260402.csv,2026-02-02 23:21:09,0.0
GEOP_20260402.csv,2026-02-02 23:24:09,0.0
GEOP_20260402.csv,2026-02-02 23:27:09,0.0
GEOP_20260402.csv,2026-02-02 23:30:09,0.0
GEOP_20260402.csv,2026-02-02 23:33:09,0.0
GEOP_20260402.csv,2026-02-02 23:36:09,0.0
GEOP_20260402.csv,2026-02-02 23:39:09,0.0
GEOP_20260402.csv,2026-02-02 23:42:09,0.0
GEOP_20260402.csv,2026-02-02 23:45:09,0.0
GEOP_20260402.csv,2026-02-02 23:48:09,0.0
GEOP_20260402.csv,2026-02-02 23:51:09,0.0
GEOP_20260402.csv,2026-02-02 23:54:09,0.0
GEOP_20260402.csv,2026-02-02 23:57:09,0.0
GEOP_20260402.csv,2026-02-03 00:00:09,0.0
GEOP_20260402.csv,2026-02-03 00:03:09,0.0
GEOP_20260402.csv,2026-02-03 00:06:09,0.0
GEOP_20260402.csv,2026-02-03 00:09:09,0.0
GEOP_20260402.csv,2026-02-03 00:12:09,0.0
GEOP_20260402.csv,2026-02-03 00:15:09,0.0
GEOP_20260402.csv,2026-02-03 00:18:09,0.0
GEOP_20260402.csv,2026-02-03 00:21:09,0.0
GEOP_20260402.csv,2026-02-03 00:24:09,0.0
GEOP_20260402.csv,2026-02-03 00:27:09,0.0
GEOP_20260402.csv,2026-02-03 00:30:09,0.0
GEOP_20260402.csv,2026-02-03 00:33:09,0.0
GEOP_20260402.csv,2026-02-03 00:36:09,0.0
GEOP_20260402.csv,2026-02-03 00:39:09,0.0
GEOP_20260402.csv,2026-02-03 00:42:09,0.0
GEOP_20260402.csv,2026-02-03 00:45:09,0.0
GEOP_20260402.csv,2026-02-03 00:48:09,0.0
GEOP_20260402.csv,2026-02-03 00:51:09,0.0
GEOP_20260402.csv,2026-02-03 00:54:09,0.0
GEOP_20260402.csv,2026-02-03 00:57:09,0.0
GEOP_20260402.csv,2026-02-03 01:00:09,0.0
GEOP_20260402.csv,2026-02-03 01:03:09,0.0
GEOP_20260402.csv,2026-02-03 01:06:09,0.0
GEOP_20260402.csv,2026-02-03 01:09:09,0.0
GEOP_20260402.csv,2026-02-03 01:12:09,0.0
GEOP_20260402.csv,2026-02-03 01:15:09,0.0
GEOP_20260402.csv,2026-02-03 01:18:09,0.0
GEOP_20260402.csv,2026-02-03 01:21:09,0.0
GEOP_20260402.csv,2026-02-03 01:24:09,0.0
GEOP_20260402.csv,2026-02-03 01:27:09,0.0
GEOP_20260402.csv,2026-02-03 01:30:09,0.0
GEOP_20260402.csv,2026-02-03 01:33:09,0.0
GEOP_20260402.csv,2026-02-03 01:36:09,0.0
GEOP_20260402.csv,2026-02-03 01:39:09,0.0
GEOP_20260402.csv,2026-02-03 01:42:09,0.0
GEOP_20260402.csv,2026-02-03 01:45:09,0.0
GEOP_20260402.csv,2026-02-03 01:48:09,0.0
GEOP_20260402.csv,2026-02-03 01:51:09,0.0
GEOP_20260402.csv,2026-02-03 01:54:09,0.0
GEOP_20260402.csv,2026-02-03 01:57:09,0.0
GEOP_20260402.csv,2026-02-03 02:00:09,0.0
GEOP_20260402.csv,2026-02-03 02:03:09,0.0
GEOP_20260402.csv,2026-02-03 02:06:09,0.0
GEOP_20260402.csv,2026-02-03 02:09:09,0.0
GEOP_20260402.csv,2026-02-03 02:12:09,0.0
GEOP_20260402.csv,2026-02-03 02:15:09,0.0
GEOP_20260402.csv,2026-02-03 02:18:09,0.0
GEOP_20260402.csv,2026-02-03 02:21:09,0.0
GEOP_20260402.csv,2026-02-03 02:24:09,0.0
GEOP_20260402.csv,2026-02-03 02:27:09,0.0
GEOP_20260402.csv,2026-02-03 02:30:09,0.0
GEOP_20260402.csv,2026-02-03 02:33:09,0.0
GEOP_20260402.csv,2026-02-03 02:36:09,0.0
GEOP_20260402.csv,2026-02-03 02:39:09,0.0
GEOP_20260402.csv,2026-02-03 02:42:09,0.0
GEOP_20260402.csv,2026-02-03 02:45:09,0.0
GEOP_20260402.csv,2026-02-03 02:48:09,0.0
GEOP_20260402.csv,2026-02-03 02:51:09,0.0
GEOP_20260402.csv,2026-02-03 02:54:09,0.0
GEOP_20260402.csv,2026-02-03 02:57:09,0.0
GEOP_20260402.csv,2026-02-03 03:00:09,0.0
GEOP_20260402.csv,2026-02-03 03:03:09,0.0
GEOP_20260402.csv,2026-02-03 03:06:09,0.0
GEOP_20260402.csv,2026-02-03 03:09:09,0.0
GEOP_20260402.csv,2026-02-03 03:12:09,0.0
GEOP_20260402.csv,2026-02-03 03:15:09,0.0
GEOP_20260402.csv,2026-02-03 03:18:09,0.0
GEOP_20260402.csv,2026-02-03 03:24:09,0.0
GEOP_20260402.csv,2026-02-03 03:27:09,0.0
GEOP_20260402.csv,2026-02-03 03:30:09,0.0
GEOP_20260402.csv,2026-02-03 03:33:09,0.0
GEOP_20260402.csv,2026-02-03 03:36:09,0.0
GEOP_20260402.csv,2026-02-03 03:39:09,0.0
GEOP_20260402.csv,2026-02-03 03:42:09,0.0
GEOP_20260402.csv,2026-02-03 03:45:09,0.0
GEOP_20260402.csv,2026-02-03 03:48:09,0.0
GEOP_20260402.csv,2026-02-03 03:51:09,0.0
GEOP_20260402.csv,2026-02-03 03:54:09,0.0
GEOP_20260402.csv,2026-02-03 03:57:09,0.0
GEOP_20260402.csv,2026-02-03 04:00:09,0.0
GEOP_20260402.csv,2026-02-03 04:03:09,0.0
GEOP_20260402.csv,2026-02-03 04:06:09,0.0
GEOP_20260402.csv,2026-02-03 04:09:09,0.0
GEOP_20260402.csv,2026-02-03 04:12:09,0.0
GEOP_20260402.csv,2026-02-03 04:15:09,0.0
GEOP_20260402.csv,2026-02-03 04:18:09,0.0
GEOP_20260402.csv,2026-02-03 04:21:09,0.0
GEOP_20260402.csv,2026-02-03 04:24:09,0.0
GEOP_20260402.csv,2026-02-03 04:27:09,0.0
GEOP_20260402.csv,2026-02-03 04:30:09,0.0
GEOP_20260402.csv,2026-02-03 04:33:09,0.0
GEOP_20260402.csv,2026-02-03 04:36:09,0.0
GEOP_20260402.csv,2026-02-03 04:39:09,0.0
GEOP_20260402.csv,2026-02-03 04:42:09,0.0
GEOP_20260402.csv,2026-02-03 04:45:09,0.0
GEOP_20260402.csv,2026-02-03 04:48:09,0.0
GEOP_20260402.csv,2026-02-03 04:51:09,0.0
GEOP_20260402.csv,2026-02-03 04:54:09,0.0
GEOP_20260402.csv,2026-02-03 04:57:09,0.0
GEOP_20260402.csv,2026-02-03 05:03:09,0.0
GEOP_20260402.csv,2026-02-03 05:06:09,0.0
GEOP_20260402.csv,2026-02-03 05:09:09,0.0
GEOP_20260402.csv,2026-02-03 05:12:09,0.0
GEOP_20260402.csv,2026-02-03 05:15:09,0.0
GEOP_20260402.csv,2026-02-03 05:18:09,0.0
GEOP_20260402.csv,2026-02-03 05:21:09,0.0
GEOP_20260402.csv,2026-02-03 05:24:09,0.0
GEOP_20260402.csv,2026-02-03 05:27:09,0.0
GEOP_20260402.csv,2026-02-03 05:30:09,0.0
GEOP_20260402.csv,2026-02-03 05:33:09,0.0
GEOP_20260402.csv,2026-02-03 05:36:09,0.0
GEOP_20260402.csv,2026-02-03 05:39:09,0.0
GEOP_20260402.csv,2026-02-03 05:42:09,0.0
GEOP_20260402.csv,2026-02-03 05:45:09,0.0
GEOP_20260402.csv,2026-02-03 05:48:09,0.0
GEOP_20260402.csv,2026-02-03 05:51:09,0.0
GEOP_20260402.csv,2026-02-03 05:54:09,0.0
GEOP_20260402.csv,2026-02-03 05:57:09,0.0
GEOP_20260402.csv,2026-02-03 06:00:09,0.0
GEOP_20260402.csv,2026-02-03 06:03:09,0.0
GEOP_20260402.csv,2026-02-03 06:06:09,0.0
GEOP_20260402.csv,2026-02-03 06:09:09,0.0
GEOP_20260402.csv,2026-02-03 06:12:09,0.0
GEOP_20260402.csv,2026-02-03 06:15:09,0.0
GEOP_20260402.csv,2026-02-03 06:18:09,0.0
GEOP_20260402.csv,2026-02-03 06:21:09,0.0
GEOP_20260402.csv,2026-02-03 06:24:09,0.0
GEOP_20260402.csv,2026-02-03 06:27:09,0.0
GEOP_20260402.csv,2026-02-03 06:30:09,0.0
GEOP_20260402.csv,2026-02-03 06:33:09,0.0
GEOP_20260402.csv,2026-02-03 06:36:09,0.0
GEOP_20260402.csv,2026-02-03 06:39:09,0.0
GEOP_20260402.csv,2026-02-03 06:42:09,0.0
GEOP_20260402.csv,2026-02-03 06:45:09,0.0
GEOP_20260402.csv,2026-02-03 06:48:09,0.0
GEOP_20260402.csv,2026-02-03 06:51:09,0.0
GEOP_20260402.csv,2026-02-03 06:54:09,0.0
GEOP_20260402.csv,2026-02-03 06:57:09,0.0
GEOP_20260402.csv,2026-02-03 07:00:09,0.0
GEOP_20260402.csv,2026-02-03 07:03:09,0.0
GEOP_20260402.csv,2026-02-03 07:06:09,0.0
GEOP_20260402.csv,2026-02-03 07:09:09,0.0
GEOP_20260402.csv,2026-02-03 07:12:09,0.0
GEOP_20260402.csv,2026-02-03 07:15:09,0.0
GEOP_20260402.csv,2026-02-03 07:18:10,0.0
GEOP_20260402.csv,2026-02-03 07:21:09,0.0
GEOP_20260402.csv,2026-02-03 07:24:09,0.0
GEOP_20260402.csv,2026-02-03 07:27:09,0.0
GEOP_20260402.csv,2026-02-03 07:30:09,0.0
GEOP_20260402.csv,2026-02-03 07:33:09,0.0
GEOP_20260402.csv,2026-02-03 07:36:09,0.0
GEOP_20260402.csv,2026-02-03 07:39:09,0.0
GEOP_20260402.csv,2026-02-03 07:42:09,0.0
GEOP_20260402.csv,2026-02-03 07:45:09,0.0
GEOP_20260402.csv,2026-02-03 07:48:09,0.0
GEOP_20260402.csv,2026-02-03 07:51:09,0.0
GEOP_20260402.csv,2026-02-03 07:54:09,0.0
GEOP_20260402.csv,2026-02-03 07:57:09,0.0
GEOP_20260402.csv,2026-02-03 08:00:09,0.0
GEOP_20260402.csv,2026-02-03 08:03:09,0.0
GEOP_20260402.csv,2026-02-03 08:06:09,0.0
GEOP_20260402.csv,2026-02-03 08:09:09,0.0
GEOP_20260402.csv,2026-02-03 08:12:09,0.0
GEOP_20260402.csv,2026-02-03 08:15:09,0.0
GEOP_20260402.csv,2026-02-03 08:18:09,0.0
GEOP_20260402.csv,2026-02-03 08:21:09,0.0
GEOP_20260402.csv,2026-02-03 08:24:09,0.0
GEOP_20260402.csv,2026-02-03 08:27:09,0.0
GEOP_20260402.csv,2026-02-03 08:30:09,0.0
GEOP_20260402.csv,2026-02-03 08:33:08,0.0
GEOP_20260402.csv,2026-02-03 08:36:08,0.0
GEOP_20260402.csv,2026-02-03 08:39:09,0.0
GEOP_20260402.csv,2026-02-03 08:42:08,0.0
GEOP_20260402.csv,2026-02-03 08:45:08,0.0
GEOP_20260402.csv,2026-02-03 08:48:08,0.0
GEOP_20260402.csv,2026-02-03 08:51:08,0.0
GEOP_20260402.csv,2026-02-03 08:54:08,0.0
GEOP_20260402.csv,2026-02-03 08:57:08,0.0
GEOP_20260402.csv,2026-02-03 09:00:08,0.0
GEOP_20260402.csv,2026-02-03 09:03:08,0.01
GEOP_20260402.csv,2026-02-03 09:06:08,0.02
GEOP_20260402.csv,2026-02-03 09:09:08,0.03
GEOP_20260402.csv,2026-02-03 09:12:08,0.04
GEOP_20260402.csv,2026-02-03 09:18:08,0.17
GEOP_20260402.csv,2026-02-03 09:21:08,0.08
GEOP_20260402.csv,2026-02-03 09:24:08,0.05
GEOP_20260402.csv,2026-02-03 09:27:08,0.06
GEOP_20260402.csv,2026-02-03 09:30:08,0.06
GEOP_20260402.csv,2026-02-03 09:33:08,0.05
GEOP_20260402.csv,2026-02-03 09:36:08,0.06
GEOP_20260402.csv,2026-02-03 09:39:08,0.07
GEOP_20260402.csv,2026-02-03 09:42:08,0.09
GEOP_20260402.csv,2026-02-03 09:45:08,0.08
GEOP_20260402.csv,2026-02-03 09:48:08,0.08
GEOP_20260402.csv,2026-02-03 09:51:08,0.1
GEOP_20260402.csv,2026-02-03 09:54:08,0.11
GEOP_20260402.csv,2026-02-03 09:57:08,0.11
GEOP_20260402.csv,2026-02-03 10:00:08,0.11
GEOP_20260402.csv,2026-02-03 10:03:08,0.1
GEOP_20260402.csv,2026-02-03 10:06:08,0.11
GEOP_20260402.csv,2026-02-03 10:09:10,0.11
GEOP_20260402.csv,2026-02-03 10:12:08,0.14
GEOP_20260402.csv,2026-02-03 10:15:08,0.12
GEOP_20260402.csv,2026-02-03 10:18:08,0.09
GEOP_20260402.csv,2026-02-03 10:21:08,0.08
GEOP_20260402.csv,2026-02-03 10:24:08,0.07
GEOP_20260402.csv,2026-02-03 10:27:08,0.06
GEOP_20260402.csv,2026-02-03 10:30:08,0.05
GEOP_20260402.csv,2026-02-03 10:33:08,0.04
GEOP_20260402.csv,2026-02-03 10:36:08,0.03
GEOP_20260402.csv,2026-02-03 10:39:08,0.03
GEOP_20260402.csv,2026-02-03 10:42:08,0.02
GEOP_20260402.csv,2026-02-03 10:45:08,0.04
GEOP_20260402.csv,2026-02-03 10:48:08,0.04
GEOP_20260402.csv,2026-02-03 10:51:08,0.03
GEOP_20260402.csv,2026-02-03 10:54:08,0.02
GEOP_20260402.csv,2026-02-03 10:57:08,0.02
GEOP_20260402.csv,2026-02-03 11:00:08,0.02
GEOP_20260402.csv,2026-02-03 11:03:08,0.03
GEOP_20260402.csv,2026-02-03 11:06:08,0.08
GEOP_20260402.csv,2026-02-03 11:09:08,0.1
GEOP_20260402.csv,2026-02-03 11:12:08,0.08
GEOP_20260402.csv,2026-02-03 11:15:08,0.1
GEOP_20260402.csv,2026-02-03 11:21:08,0.13
GEOP_20260402.csv,2026-02-03 11:24:08,0.05
GEOP_20260402.csv,2026-02-03 11:27:08,0.03
GEOP_20260402.csv,2026-02-03 11:30:08,0.03
GEOP_20260402.csv,2026-02-03 11:33:08,0.02
GEOP_20260402.csv,2026-02-03 11:36:08,0.03
GEOP_20260402.csv,2026-02-03 11:39:08,0.03
GEOP_20260402.csv,2026-02-03 11:42:08,0.01
GEOP_20260402.csv,2026-02-03 11:45:08,0.01
GEOP_20260402.csv,2026-02-03 11:48:08,0.01
GEOP_20260402.csv,2026-02-03 11:51:08,0.01
GEOP_20260402.csv,2026-02-03 11:54:08,0.01
GEOP_20260402.csv,2026-02-03 11:57:08,0.03
GEOP_20260402.csv,2026-02-03 12:00:08,0.11
GEOP_20260402.csv,2026-02-03 12:06:08,0.12
GEOP_20260402.csv,2026-02-03 12:09:08,0.02
GEOP_20260402.csv,2026-02-03 12:12:08,0.01
GEOP_20260402.csv,2026-02-03 12:15:08,0.02
GEOP_20260402.csv,2026-02-03 12:18:08,0.0
GEOP_20260402.csv,2026-02-03 12:21:08,0.01
GEOP_20260402.csv,2026-02-03 12:24:08,0.01
GEOP_20260402.csv,2026-02-03 12:27:08,0.0
GEOP_20260402.csv,2026-02-03 12:30:08,0.01
GEOP_20260402.csv,2026-02-03 12:33:08,0.0
GEOP_20260402.csv,2026-02-03 12:36:08,0.0
GEOP_20260402.csv,2026-02-03 12:39:08,0.0
GEOP_20260402.csv,2026-02-03 12:42:08,0.0
GEOP_20260402.csv,2026-02-03 12:45:08,0.0
GEOP_20260402.csv,2026-02-03 12:48:08,0.01
GEOP_20260402.csv,2026-02-03 12:51:08,0.0
GEOP_20260402.csv,2026-02-03 12:54:08,0.0
GEOP_20260402.csv,2026-02-03 12:57:08,0.0
GEOP_20260402.csv,2026-02-03 13:00:08,0.0
GEOP_20260402.csv,2026-02-03 13:03:08,0.0
GEOP_20260402.csv,2026-02-03 13:06:08,0.0
GEOP_20260402.csv,2026-02-03 13:09:08,0.0
GEOP_20260402.csv,2026-02-03 13:12:08,0.0
GEOP_20260402.csv,2026-02-03 13:15:08,0.0
GEOP_20260402.csv,2026-02-03 13:18:08,0.0
GEOP_20260402.csv,2026-02-03 13:21:08,0.0
GEOP_20260402.csv,2026-02-03 13:24:08,0.0
GEOP_20260402.csv,2026-02-03 13:27:08,0.0
GEOP_20260402.csv,2026-02-03 13:30:08,0.0
GEOP_20260402.csv,2026-02-03 13:33:08,0.0
GEOP_20260402.csv,2026-02-03 13:36:08,0.0
GEOP_20260402.csv,2026-02-03 13:39:08,0.0
GEOP_20260402.csv,2026-02-03 13:42:08,0.0
GEOP_20260402.csv,2026-02-03 13:45:08,0.0
GEOP_20260402.csv,2026-02-03 13:48:08,0.0
GEOP_20260402.csv,2026-02-03 13:51:08,0.0
GEOP_20260402.csv,2026-02-03 13:54:08,0.0
GEOP_20260402.csv,2026-02-03 13:57:08,0.0
GEOP_20260402.csv,2026-02-03 14:00:08,0.0
GEOP_20260402.csv,2026-02-03 14:03:08,0.0
GEOP_20260402.csv,2026-02-03 14:06:08,0.0
GEOP_20260402.csv,2026-02-03 14:09:08,0.0
GEOP_20260402.csv,2026-02-03 14:12:08,0.0
GEOP_20260402.csv,2026-02-03 14:15:08,0.0
GEOP_20260402.csv,2026-02-03 14:18:08,0.0
GEOP_20260402.csv,2026-02-03 14:21:08,0.0
GEOP_20260402.csv,2026-02-03 14:24:08,0.0
GEOP_20260402.csv,2026-02-03 14:27:08,0.0
GEOP_20260402.csv,2026-02-03 14:30:08,0.0
GEOP_20260402.csv,2026-02-03 14:33:08,0.0
GEOP_20260402.csv,2026-02-03 14:36:08,0.0
GEOP_20260402.csv,2026-02-03 14:39:08,0.0
GEOP_20260402.csv,2026-02-03 14:42:08,0.0
GEOP_20260402.csv,2026-02-03 14:45:08,0.0
GEOP_20260402.csv,2026-02-03 14:48:08,0.0
GEOP_20260402.csv,2026-02-03 14:51:08,0.0
GEOP_20260402.csv,2026-02-03 14:54:08,0.0
GEOP_20260402.csv,2026-02-03 14:57:08,0.0
GEOP_20260402.csv,2026-02-03 15:00:08,0.0
GEOP_20260402.csv,2026-02-03 15:03:08,0.0
GEOP_20260402.csv,2026-02-03 15:06:08,0.0
GEOP_20260402.csv,2026-02-03 15:09:08,0.0
GEOP_20260402.csv,2026-02-03 15:12:08,0.0
GEOP_20260402.csv,2026-02-03 15:15:08,0.0
GEOP_20260402.csv,2026-02-03 15:18:08,0.0
GEOP_20260402.csv,2026-02-03 15:21:08,0.0
GEOP_20260402.csv,2026-02-03 15:24:08,0.0
GEOP_20260402.csv,2026-02-03 15:27:08,0.0
GEOP_20260402.csv,2026-02-03 15:30:08,0.0
GEOP_20260402.csv,2026-02-03 15:33:08,0.0
GEOP_20260402.csv,2026-02-03 15:36:08,0.0
GEOP_20260402.csv,2026-02-03 15:39:08,0.0
GEOP_20260402.csv,2026-02-03 15:42:08,0.0
GEOP_20260402.csv,2026-02-03 15:45:08,0.0
GEOP_20260402.csv,2026-02-03 15:48:08,0.0
GEOP_20260402.csv,2026-02-03 15:51:08,0.0
GEOP_20260402.csv,2026-02-03 15:54:08,0.0
GEOP_20260402.csv,2026-02-03 15:57:08,0.0
GEOP_20260402.csv,2026-02-03 16:00:08,0.0
GEOP_20260402.csv,2026-02-03 16:03:08,0.0
GEOP_20260402.csv,2026-02-03 16:06:08,0.0
GEOP_20260402.csv,2026-02-03 16:09:08,0.0
GEOP_20260402.csv,2026-02-03 16:12:08,0.0
GEOP_20260402.csv,2026-02-03 16:15:08,0.0
GEOP_20260402.csv,2026-02-03 16:18:08,0.0
GEOP_20260402.csv,2026-02-03 16:21:08,0.0
GEOP_20260402.csv,2026-02-03 16:24:08,0.0
GEOP_20260402.csv,2026-02-03 16:27:08,0.0
GEOP_20260402.csv,2026-02-03 16:30:08,0.0
GEOP_20260402.csv,2026-02-03 16:33:08,0.0
GEOP_20260402.csv,2026-02-03 16:36:08,0.0
GEOP_20260402.csv,2026-02-03 16:39:08,0.0
GEOP_20260402.csv,2026-02-03 16:42:08,0.0
GEOP_20260402.csv,2026-02-03 16:45:08,0.0
GEOP_20260402.csv,2026-02-03 16:51:08,0.0
GEOP_20260402.csv,2026-02-03 16:54:08,0.0
GEOP_20260402.csv,2026-02-03 16:57:08,0.0
GEOP_20260402.csv,2026-02-03 17:00:08,0.0
GEOP_20260402.csv,2026-02-03 17:03:08,0.0
GEOP_20260402.csv,2026-02-03 17:06:08,0.0
GEOP_20260402.csv,2026-02-03 17:09:08,0.0
GEOP_20260402.csv,2026-02-03 17:12:08,0.0
GEOP_20260402.csv,2026-02-03 17:15:08,0.0
GEOP_20260402.csv,2026-02-03 17:18:08,0.0
GEOP_20260402.csv,2026-02-03 17:21:08,0.0
GEOP_20260402.csv,2026-02-03 17:24:08,0.0
GEOP_20260402.csv,2026-02-03 17:27:08,0.0
GEOP_20260402.csv,2026-02-03 17:30:08,0.0
GEOP_20260402.csv,2026-02-03 17:33:08,0.0
GEOP_20260402.csv,2026-02-03 17:36:08,0.0
GEOP_20260402.csv,2026-02-03 17:39:08,0.0
GEOP_20260402.csv,2026-02-03 17:42:08,0.0
GEOP_20260402.csv,2026-02-03 17:45:08,0.0
GEOP_20260402.csv,2026-02-03 17:48:08,0.0
GEOP_20260402.csv,2026-02-03 17:51:08,0.0
GEOP_20260402.csv,2026-02-03 17:54:08,0.0
GEOP_20260402.csv,2026-02-03 17:57:08,0.0
GEOP_20260402.csv,2026-02-03 18:00:08,0.0
GEOP_20260402.csv,2026-02-03 18:03:08,0.0
GEOP_20260402.csv,2026-02-03 18:06:08,0.0
GEOP_20260402.csv,2026-02-03 18:09:08,0.0
GEOP_20260402.csv,2026-02-03 18:12:08,0.0
GEOP_20260402.csv,2026-02-03 18:15:08,0.0
GEOP_20260402.csv,2026-02-03 18:18:08,0.0
GEOP_20260402.csv,2026-02-03 18:21:08,0.0
GEOP_20260402.csv,2026-02-03 18:24:08,0.0
GEOP_20260402.csv,2026-02-03 18:27:08,0.0
GEOP_20260402.csv,2026-02-03 18:30:08,0.0
GEOP_20260402.csv,2026-02-03 18:36:08,0.0
GEOP_20260402.csv,2026-02-03 18:39:08,0.0
GEOP_20260402.csv,2026-02-03 18:42:08,0.0
GEOP_20260402.csv,2026-02-03 18:45:08,0.0
GEOP_20260402.csv,2026-02-03 18:48:08,0.0
GEOP_20260402.csv,2026-02-03 18:51:08,0.0
GEOP_20260402.csv,2026-02-03 18:54:08,0.0
GEOP_20260402.csv,2026-02-03 18:57:08,0.0
GEOP_20260402.csv,2026-02-03 19:00:08,0.0
GEOP_20260402.csv,2026-02-03 19:03:08,0.0
GEOP_20260402.csv,2026-02-03 19:06:08,0.0
GEOP_20260402.csv,2026-02-03 19:09:08,0.0
GEOP_20260402.csv,2026-02-03 19:12:08,0.0
GEOP_20260402.csv,2026-02-03 19:15:08,0.0
GEOP_20260402.csv,2026-02-03 19:18:08,0.0
GEOP_20260402.csv,2026-02-03 19:21:08,0.0
GEOP_20260402.csv,2026-02-03 19:24:08,0.0
GEOP_20260402.csv,2026-02-03 19:27:08,0.0
GEOP_20260402.csv,2026-02-03 19:30:08,0.0
GEOP_20260402.csv,2026-02-03 19:33:08,0.0
GEOP_20260402.csv,2026-02-03 19:36:08,0.0
GEOP_20260402.csv,2026-02-03 19:39:08,0.0
GEOP_20260402.csv,2026-02-03 19:42:08,0.0
GEOP_20260402.csv,2026-02-03 19:45:08,0.0
GEOP_20260402.csv,2026-02-03 19:48:08,0.0
GEOP_20260402.csv,2026-02-03 19:51:08,0.0
GEOP_20260402.csv,2026-02-03 19:54:08,0.0
GEOP_20260402.csv,2026-02-03 19:57:08,0.0
GEOP_20260402.csv,2026-02-03 20:00:08,0.0
GEOP_20260402.csv,2026-02-03 20:03:08,0.0
GEOP_20260402.csv,2026-02-03 20:06:08,0.0
GEOP_20260402.csv,2026-02-03 20:09:08,0.0
GEOP_20260402.csv,2026-02-03 20:12:08,0.0
GEOP_20260402.csv,2026-02-03 20:15:08,0.0
GEOP_20260402.csv,2026-02-03 20:18:08,0.0
GEOP_20260402.csv,2026-02-03 20:21:08,0.0
GEOP_20260402.csv,2026-02-03 20:24:08,0.0
GEOP_20260402.csv,2026-02-03 20:27:08,0.0
GEOP_20260402.csv,2026-02-03 20:30:08,0.0
GEOP_20260402.csv,2026-02-03 20:33:08,0.0
GEOP_20260402.csv,2026-02-03 20:36:08,0.0
GEOP_20260402.csv,2026-02-03 20:39:08,0.0
GEOP_20260402.csv,2026-02-03 20:42:08,0.0
GEOP_20260402.csv,2026-02-03 20:45:08,0.0
GEOP_20260402.csv,2026-02-03 20:48:08,0.0
GEOP_20260402.csv,2026-02-03 20:51:08,0.0
GEOP_20260402.csv,2026-02-03 20:54:08,0.0
GEOP_20260402.csv,2026-02-03 20:57:08,0.0
GEOP_20260402.csv,2026-02-03 21:00:08,0.0
GEOP_20260402.csv,2026-02-03 21:03:08,0.0
GEOP_20260402.csv,2026-02-03 21:06:07,0.0
GEOP_20260402.csv,2026-02-03 21:09:08,0.0
GEOP_20260402.csv,2026-02-03 21:12:07,0.0
GEOP_20260402.csv,2026-02-03 21:15:07,0.0
GEOP_20260402.csv,2026-02-03 21:18:07,0.0
GEOP_20260402.csv,2026-02-03 21:21:08,0.0
GEOP_20260402.csv,2026-02-03 21:24:07,0.0
GEOP_20260402.csv,2026-02-03 21:27:07,0.0
GEOP_20260402.csv,2026-02-03 21:30:07,0.0
GEOP_20260402.csv,2026-02-03 21:33:07,0.0
GEOP_20260402.csv,2026-02-03 21:36:07,0.0
GEOP_20260402.csv,2026-02-03 21:39:07,0.0
GEOP_20260402.csv,2026-02-03 21:42:07,0.0
GEOP_20260402.csv,2026-02-03 21:45:07,0.0
GEOP_20260402.csv,2026-02-03 21:48:07,0.0
GEOP_20260402.csv,2026-02-03 21:51:07,0.0
GEOP_20260402.csv,2026-02-03 21:54:07,0.0
GEOP_20260402.csv,2026-02-03 21:57:07,0.0
GEOP_20260402.csv,2026-02-03 22:00:08,0.0
GEOP_20260402.csv,2026-02-03 22:03:07,0.0
GEOP_20260402.csv,2026-02-03 22:06:08,0.0
GEOP_20260402.csv,2026-02-03 22:09:07,0.0
GEOP_20260402.csv,2026-02-03 22:12:07,0.0
GEOP_20260402.csv,2026-02-03 22:15:07,0.0
GEOP_20260402.csv,2026-02-03 22:18:07,0.0
GEOP_20260402.csv,2026-02-03 22:21:07,0.0
GEOP_20260402.csv,2026-02-03 22:24:07,0.0
GEOP_20260402.csv,2026-02-03 22:27:07,0.0
GEOP_20260402.csv,2026-02-03 22:30:07,0.0
GEOP_20260402.csv,2026-02-03 22:33:07,0.0
GEOP_20260402.csv,2026-02-03 22:36:07,0.0
GEOP_20260402.csv,2026-02-03 22:39:07,0.0
GEOP_20260402.csv,2026-02-03 22:42:07,0.0
GEOP_20260402.csv,2026-02-03 22:45:07,0.0
GEOP_20260402.csv,2026-02-03 22:48:07,0.0
GEOP_20260402.csv,2026-02-03 22:51:07,0.0
GEOP_20260402.csv,2026-02-03 22:54:07,0.0
GEOP_20260402.csv,2026-02-03 22:57:07,0.0
GEOP_20260402.csv,2026-02-03 23:00:07,0.0
GEOP_20260402.csv,2026-02-03 23:03:07,0.0
GEOP_20260402.csv,2026-02-03 23:06:07,0.0
GEOP_20260402.csv,2026-02-03 23:09:07,0.0
GEOP_20260402.csv,2026-02-03 23:12:07,0.0
GEOP_20260402.csv,2026-02-03 23:15:07,0.0
GEOP_20260402.csv,2026-02-03 23:18:07,0.0
GEOP_20260402.csv,2026-02-03 23:21:07,0.0
GEOP_20260402.csv,2026-02-03 23:24:07,0.0
GEOP_20260402.csv,2026-02-03 23:27:07,0.0
GEOP_20260402.csv,2026-02-03 23:30:07,0.0
GEOP_20260402.csv,2026-02-03 23:33:07,0.0
GEOP_20260402.csv,2026-02-03 23:36:07,0.0
GEOP_20260402.csv,2026-02-03 23:39:07,0.0
GEOP_20260402.csv,2026-02-03 23:42:07,0.0
GEOP_20260402.csv,2026-02-03 23:45:08,0.0
GEOP_20260402.csv,2026-02-03 23:48:07,0.0
GEOP_20260402.csv,2026-02-03 23:51:07,0.0
GEOP_20260402.csv,2026-02-03 23:54:07,0.0
GEOP_20260402.csv,2026-02-03 23:57:07,0.0
GEOP_20260402.csv,2026-02-04 00:00:07,0.0
GEOP_20260402.csv,2026-02-04 00:03:07,0.0
GEOP_20260402.csv,2026-02-04 00:06:08,0.0
GEOP_20260402.csv,2026-02-04 00:09:07,0.0
GEOP_20260402.csv,2026-02-04 00:12:07,0.0
GEOP_20260402.csv,2026-02-04 00:15:07,0.0
GEOP_20260402.csv,2026-02-04 00:18:07,0.0
GEOP_20260402.csv,2026-02-04 00:21:07,0.0
GEOP_20260402.csv,2026-02-04 00:24:07,0.0
GEOP_20260402.csv,2026-02-04 00:27:07,0.0
GEOP_20260402.csv,2026-02-04 00:30:07,0.0
GEOP_20260402.csv,2026-02-04 00:33:07,0.0
GEOP_20260402.csv,2026-02-04 00:36:07,0.0
GEOP_20260402.csv,2026-02-04 00:39:07,0.0
GEOP_20260402.csv,2026-02-04 00:42:07,0.0
GEOP_20260402.csv,2026-02-04 00:45:07,0.0
GEOP_20260402.csv,2026-02-04 00:48:07,0.0
GEOP_20260402.csv,2026-02-04 00:51:07,0.0
GEOP_20260402.csv,2026-02-04 00:54:07,0.0
GEOP_20260402.csv,2026-02-04 00:57:07,0.0
GEOP_20260402.csv,2026-02-04 01:00:07,0.0
GEOP_20260402.csv,2026-02-04 01:03:07,0.0
GEOP_20260402.csv,2026-02-04 01:06:07,0.0
GEOP_20260402.csv,2026-02-04 01:09:07,0.0
GEOP_20260402.csv,2026-02-04 01:12:07,0.0
GEOP_20260402.csv,2026-02-04 01:15:07,0.0
GEOP_20260402.csv,2026-02-04 01:18:07,0.0
GEOP_20260402.csv,2026-02-04 01:21:07,0.0
GEOP_20260402.csv,2026-02-04 01:24:07,0.0
GEOP_20260402.csv,2026-02-04 01:27:07,0.0
GEOP_20260402.csv,2026-02-04 01:30:07,0.0
GEOP_20260402.csv,2026-02-04 01:33:07,0.0
GEOP_20260402.csv,2026-02-04 01:36:07,0.0
GEOP_20260402.csv,2026-02-04 01:39:07,0.0
GEOP_20260402.csv,2026-02-04 01:42:08,0.0
GEOP_20260402.csv,2026-02-04 01:45:07,0.0
GEOP_20260402.csv,2026-02-04 01:48:07,0.0
GEOP_20260402.csv,2026-02-04 01:51:07,0.0
GEOP_20260402.csv,2026-02-04 01:54:07,0.0
GEOP_20260402.csv,2026-02-04 01:57:07,0.0
GEOP_20260402.csv,2026-02-04 02:00:07,0.0
GEOP_20260402.csv,2026-02-04 02:03:07,0.0
GEOP_20260402.csv,2026-02-04 02:06:07,0.0
GEOP_20260402.csv,2026-02-04 02:09:07,0.0
GEOP_20260402.csv,2026-02-04 02:12:07,0.0
GEOP_20260402.csv,2026-02-04 02:15:07,0.0
GEOP_20260402.csv,2026-02-04 02:18:07,0.0
GEOP_20260402.csv,2026-02-04 02:21:07,0.0
GEOP_20260402.csv,2026-02-04 02:24:07,0.0
GEOP_20260402.csv,2026-02-04 02:27:07,0.0
GEOP_20260402.csv,2026-02-04 02:30:07,0.0
GEOP_20260402.csv,2026-02-04 02:33:07,0.0
GEOP_20260402.csv,2026-02-04 02:36:07,0.0
GEOP_20260402.csv,2026-02-04 02:39:07,0.0
GEOP_20260402.csv,2026-02-04 02:42:07,0.0
GEOP_20260402.csv,2026-02-04 02:45:07,0.0
GEOP_20260402.csv,2026-02-04 02:48:07,0.0
GEOP_20260402.csv,2026-02-04 02:51:07,0.0
GEOP_20260402.csv,2026-02-04 02:54:07,0.0
GEOP_20260402.csv,2026-02-04 02:57:07,0.0
GEOP_20260402.csv,2026-02-04 03:00:07,0.0
GEOP_20260402.csv,2026-02-04 03:03:07,0.0
GEOP_20260402.csv,2026-02-04 03:06:07,0.0
GEOP_20260402.csv,2026-02-04 03:09:07,0.0
GEOP_20260402.csv,2026-02-04 03:12:07,0.0
GEOP_20260402.csv,2026-02-04 03:15:07,0.0
GEOP_20260402.csv,2026-02-04 03:18:07,0.0
GEOP_20260402.csv,2026-02-04 03:21:07,0.0
GEOP_20260402.csv,2026-02-04 03:24:07,0.0
GEOP_20260402.csv,2026-02-04 03:27:07,0.0
GEOP_20260402.csv,2026-02-04 03:30:07,0.0
GEOP_20260402.csv,2026-02-04 03:33:07,0.0
GEOP_20260402.csv,2026-02-04 03:36:07,0.0
GEOP_20260402.csv,2026-02-04 03:39:07,0.0
GEOP_20260402.csv,2026-02-04 03:42:07,0.0
GEOP_20260402.csv,2026-02-04 03:45:07,0.0
GEOP_20260402.csv,2026-02-04 03:48:07,0.0
GEOP_20260402.csv,2026-02-04 03:51:07,0.0
GEOP_20260402.csv,2026-02-04 03:54:07,0.0
GEOP_20260402.csv,2026-02-04 03:57:07,0.0
GEOP_20260402.csv,2026-02-04 04:00:07,0.0
GEOP_20260402.csv,2026-02-04 04:03:07,0.0
GEOP_20260402.csv,2026-02-04 04:06:07,0.0
GEOP_20260402.csv,2026-02-04 04:09:07,0.0
GEOP_20260402.csv,2026-02-04 04:12:07,0.0
GEOP_20260402.csv,2026-02-04 04:15:07,0.0
GEOP_20260402.csv,2026-02-04 04:18:07,0.0
GEOP_20260402.csv,2026-02-04 04:21:07,0.0
GEOP_20260402.csv,2026-02-04 04:24:07,0.0
GEOP_20260402.csv,2026-02-04 04:27:07,0.0
GEOP_20260402.csv,2026-02-04 04:30:07,0.0
GEOP_20260402.csv,2026-02-04 04:33:07,0.0
GEOP_20260402.csv,2026-02-04 04:36:07,0.0
GEOP_20260402.csv,2026-02-04 04:39:07,0.0
GEOP_20260402.csv,2026-02-04 04:42:07,0.0
GEOP_20260402.csv,2026-02-04 04:45:07,0.0
GEOP_20260402.csv,2026-02-04 04:48:07,0.0
GEOP_20260402.csv,2026-02-04 04:54:07,0.0
GEOP_20260402.csv,2026-02-04 04:57:07,0.0
GEOP_20260402.csv,2026-02-04 05:00:07,0.0
GEOP_20260402.csv,2026-02-04 05:03:07,0.0
GEOP_20260402.csv,2026-02-04 05:06:07,0.0
GEOP_20260402.csv,2026-02-04 05:09:07,0.0
GEOP_20260402.csv,2026-02-04 05:12:07,0.0
GEOP_20260402.csv,2026-02-04 05:15:07,0.0
GEOP_20260402.csv,2026-02-04 05:18:07,0.0
GEOP_20260402.csv,2026-02-04 05:21:07,0.0
GEOP_20260402.csv,2026-02-04 05:24:07,0.0
GEOP_20260402.csv,2026-02-04 05:27:07,0.0
GEOP_20260402.csv,2026-02-04 05:30:07,0.0
GEOP_20260402.csv,2026-02-04 05:33:07,0.0
GEOP_20260402.csv,2026-02-04 05:36:07,0.0
GEOP_20260402.csv,2026-02-04 05:39:07,0.0
GEOP_20260402.csv,2026-02-04 05:42:07,0.0
GEOP_20260402.csv,2026-02-04 05:45:07,0.0
GEOP_20260402.csv,2026-02-04 05:48:07,0.0
GEOP_20260402.csv,2026-02-04 05:51:07,0.0
GEOP_20260402.csv,2026-02-04 05:54:07,0.0
GEOP_20260402.csv,2026-02-04 05:57:07,0.0
GEOP_20260402.csv,2026-02-04 06:00:07,0.0
GEOP_20260402.csv,2026-02-04 06:03:07,0.0
GEOP_20260402.csv,2026-02-04 06:06:07,0.0
GEOP_20260402.csv,2026-02-04 06:09:07,0.0
GEOP_20260402.csv,2026-02-04 06:12:07,0.0
GEOP_20260402.csv,2026-02-04 06:15:07,0.0
GEOP_20260402.csv,2026-02-04 06:18:07,0.0
GEOP_20260402.csv,2026-02-04 06:21:07,0.0
GEOP_20260402.csv,2026-02-04 06:24:07,0.0
GEOP_20260402.csv,2026-02-04 06:27:07,0.0
GEOP_20260402.csv,2026-02-04 06:30:07,0.0
GEOP_20260402.csv,2026-02-04 06:33:07,0.0
GEOP_20260402.csv,2026-02-04 06:36:07,0.0
GEOP_20260402.csv,2026-02-04 06:39:07,0.0
GEOP_20260402.csv,2026-02-04 06:42:07,0.0
GEOP_20260402.csv,2026-02-04 06:45:07,0.0
GEOP_20260402.csv,2026-02-04 06:48:07,0.0
GEOP_20260402.csv,2026-02-04 06:51:07,0.0
GEOP_20260402.csv,2026-02-04 06:54:07,0.0
GEOP_20260402.csv,2026-02-04 06:57:07,0.0
GEOP_20260402.csv,2026-02-04 07:00:07,0.0
GEOP_20260402.csv,2026-02-04 07:03:07,0.0
GEOP_20260402.csv,2026-02-04 07:06:07,0.0
GEOP_20260402.csv,2026-02-04 07:09:07,0.0
GEOP_20260402.csv,2026-02-04 07:12:07,0.0
GEOP_20260402.csv,2026-02-04 07:15:07,0.0
GEOP_20260402.csv,2026-02-04 07:18:07,0.0
GEOP_20260402.csv,2026-02-04 07:21:07,0.0
GEOP_20260402.csv,2026-02-04 07:24:07,0.0
GEOP_20260402.csv,2026-02-04 07:27:07,0.0
GEOP_20260402.csv,2026-02-04 07:30:07,0.0
GEOP_20260402.csv,2026-02-04 07:33:07,0.0
GEOP_20260402.csv,2026-02-04 07:36:07,0.0
GEOP_20260402.csv,2026-02-04 07:39:07,0.0
GEOP_20260402.csv,2026-02-04 07:42:07,0.0
GEOP_20260402.csv,2026-02-04 07:45:07,0.0
GEOP_20260402.csv,2026-02-04 07:48:07,0.0
GEOP_20260402.csv,2026-02-04 07:51:07,0.0
GEOP_20260402.csv,2026-02-04 07:54:07,0.0
GEOP_20260402.csv,2026-02-04 07:57:07,0.0
GEOP_20260402.csv,2026-02-04 08:00:07,0.0
GEOP_20260402.csv,2026-02-04 08:03:07,0.0
GEOP_20260402.csv,2026-02-04 08:06:07,0.0
GEOP_20260402.csv,2026-02-04 08:09:07,0.0
GEOP_20260402.csv,2026-02-04 08:12:07,0.0
GEOP_20260402.csv,2026-02-04 08:15:07,0.0
GEOP_20260402.csv,2026-02-04 08:18:07,0.0
GEOP_20260402.csv,2026-02-04 08:21:07,0.0
GEOP_20260402.csv,2026-02-04 08:24:07,0.0
GEOP_20260402.csv,2026-02-04 08:27:07,0.0
GEOP_20260402.csv,2026-02-04 08:30:07,0.0
GEOP_20260402.csv,2026-02-04 08:33:07,0.0
GEOP_20260402.csv,2026-02-04 08:36:07,0.0
GEOP_20260402.csv,2026-02-04 08:39:07,0.0
GEOP_20260402.csv,2026-02-04 08:42:07,0.0
GEOP_20260402.csv,2026-02-04 08:45:07,0.0
GEOP_20260402.csv,2026-02-04 08:48:07,0.0
GEOP_20260402.csv,2026-02-04 08:51:07,0.0
GEOP_20260402.csv,2026-02-04 08:54:07,0.0
GEOP_20260402.csv,2026-02-04 08:57:07,0.0
GEOP_20260402.csv,2026-02-04 09:00:07,0.0
GEOP_20260402.csv,2026-02-04 09:03:07,0.0
GEOP_20260402.csv,2026-02-04 09:06:07,0.0
GEOP_20260402.csv,2026-02-04 09:09:07,0.0
GEOP_20260402.csv,2026-02-04 09:12:07,0.0
GEOP_20260402.csv,2026-02-04 09:15:07,0.0
GEOP_20260402.csv,2026-02-04 09:18:07,0.0
GEOP_20260402.csv,2026-02-04 09:21:07,0.0
GEOP_20260402.csv,2026-02-04 09:24:07,0.0
GEOP_20260402.csv,2026-02-04 09:27:07,0.0
GEOP_20260402.csv,2026-02-04 09:30:07,0.0
GEOP_20260402.csv,2026-02-04 09:33:07,0.0
GEOP_20260402.csv,2026-02-04 09:36:07,0.0
GEOP_20260402.csv,2026-02-04 09:39:07,0.0
GEOP_20260402.csv,2026-02-04 09:42:07,0.0
GEOP_20260402.csv,2026-02-04 09:45:07,0.0
GEOP_20260402.csv,2026-02-04 09:48:07,0.0
GEOP_20260402.csv,2026-02-04 09:51:07,0.0
GEOP_20260402.csv,2026-02-04 09:54:07,0.0
GEOP_20260402.csv,2026-02-04 09:57:07,0.0
GEOP_20260402.csv,2026-02-04 10:00:07,0.0
GEOP_20260402.csv,2026-02-04 10:03:07,0.0
GEOP_20260402.csv,2026-02-04 10:06:07,0.0
GEOP_20260402.csv,2026-02-04 10:09:07,0.0
GEOP_20260402.csv,2026-02-04 10:12:07,0.0
GEOP_20260402.csv,2026-02-04 10:15:07,0.0
GEOP_20260402.csv,2026-02-04 10:18:07,0.0
GEOP_20260402.csv,2026-02-04 10:21:07,0.0
GEOP_20260402.csv,2026-02-04 10:24:07,0.0
GEOP_20260402.csv,2026-02-04 10:27:07,0.0
GEOP_20260402.csv,2026-02-04 10:30:07,0.0
GEOP_20260402.csv,2026-02-04 10:33:07,0.0
GEOP_20260402.csv,2026-02-04 10:36:07,0.0
GEOP_20260402.csv,2026-02-04 10:39:07,0.0
GEOP_20260402.csv,2026-02-04 10:42:07,0.0
GEOP_20260402.csv,2026-02-04 10:45:07,0.0
GEOP_20260402.csv,2026-02-04 10:48:07,0.0
GEOP_20260402.csv,2026-02-04 10:51:07,0.0
GEOP_20260402.csv,2026-02-04 10:54:07,0.0
GEOP_20260402.csv,2026-02-04 10:57:07,0.0
GEOP_20260402.csv,2026-02-04 11:00:07,0.0
GEOP_20260402.csv,2026-02-04 11:03:07,0.0
GEOP_20260402.csv,2026-02-04 11:06:07,0.0
GEOP_20260402.csv,2026-02-04 11:09:07,0.0
GEOP_20260402.csv,2026-02-04 11:12:07,0.0
GEOP_20260402.csv,2026-02-04 11:15:07,0.0
GEOP_20260402.csv,2026-02-04 11:18:07,0.0
GEOP_20260402.csv,2026-02-04 11:21:07,0.0
GEOP_20260402.csv,2026-02-04 11:24:07,0.0
GEOP_20260402.csv,2026-02-04 11:27:07,0.0
GEOP_20260402.csv,2026-02-04 11:30:07,0.0
GEOP_20260402.csv,2026-02-04 11:33:07,0.0
GEOP_20260402.csv,2026-02-04 11:36:07,0.0
GEOP_20260402.csv,2026-02-04 11:39:07,0.0
GEOP_20260402.csv,2026-02-04 11:42:07,0.0
GEOP_20260402.csv,2026-02-04 11:45:07,0.0
GEOP_20260402.csv,2026-02-04 11:48:07,0.0
GEOP_20260402.csv,2026-02-04 11:51:07,0.0
GEOP_20260402.csv,2026-02-04 11:54:07,0.0
GEOP_20260402.csv,2026-02-04 11:57:07,0.0
GEOP_20260402.csv,2026-02-04 12:00:07,0.0
GEOP_20260402.csv,2026-02-04 12:03:07,0.0
GEOP_20260402.csv,2026-02-04 12:06:07,0.0
GEOP_20260402.csv,2026-02-04 12:09:07,0.0
GEOP_20260402.csv,2026-02-04 12:12:07,0.0
GEOP_20260402.csv,2026-02-04 12:15:07,0.0
GEOP_20260402.csv,2026-02-04 12:18:07,0.0
GEOP_20260402.csv,2026-02-04 12:21:07,0.0
GEOP_20260402.csv,2026-02-04 12:24:07,0.0
GEOP_20260402.csv,2026-02-04 12:27:07,0.0
GEOP_20260402.csv,2026-02-04 12:30:07,0.0
GEOP_20260402.csv,2026-02-04 12:33:07,0.0
GEOP_20260402.csv,2026-02-04 12:36:07,0.0
GEOP_20260402.csv,2026-02-04 12:39:07,0.0
GEOP_20260402.csv,2026-02-04 12:42:07,0.0
GEOP_20260402.csv,2026-02-04 12:45:07,0.0
GEOP_20260402.csv,2026-02-04 12:48:07,0.0
GEOP_20260402.csv,2026-02-04 12:51:07,0.0
GEOP_20260402.csv,2026-02-04 12:54:07,0.0
GEOP_20260402.csv,2026-02-04 12:57:07,0.0
GEOP_20260402.csv,2026-02-04 13:00:07,0.0
GEOP_20260402.csv,2026-02-04 13:03:07,0.0
GEOP_20260402.csv,2026-02-04 13:06:07,0.0
GEOP_20260402.csv,2026-02-04 13:09:07,0.0
GEOP_20260402.csv,2026-02-04 13:12:07,0.0
GEOP_20260402.csv,2026-02-04 13:15:06,0.0
GEOP_20260402.csv,2026-02-04 13:18:06,0.0
GEOP_20260402.csv,2026-02-04 13:21:07,0.0
GEOP_20260402.csv,2026-02-04 13:24:07,0.0
GEOP_20260402.csv,2026-02-04 13:27:06,0.0
GEOP_20260402.csv,2026-02-04 13:30:06,0.0
GEOP_20260402.csv,2026-02-04 13:33:06,0.0
GEOP_20260402.csv,2026-02-04 13:36:06,0.0
GEOP_20260402.csv,2026-02-04 13:39:06,0.0
GEOP_20260402.csv,2026-02-04 13:42:06,0.0
GEOP_20260402.csv,2026-02-04 13:45:06,0.0
GEOP_20260402.csv,2026-02-04 13:48:06,0.0
GEOP_20260402.csv,2026-02-04 13:51:06,0.0
GEOP_20260402.csv,2026-02-04 13:54:06,0.0
GEOP_20260402.csv,2026-02-04 13:57:06,0.0
GEOP_20260402.csv,2026-02-04 14:00:06,0.0
GEOP_20260402.csv,2026-02-04 14:03:06,0.0
GEOP_20260402.csv,2026-02-04 14:06:06,0.0
GEOP_20260402.csv,2026-02-04 14:09:06,0.0
GEOP_20260402.csv,2026-02-04 14:12:06,0.0
GEOP_20260402.csv,2026-02-04 14:15:06,0.0
GEOP_20260402.csv,2026-02-04 14:18:06,0.0
GEOP_20260402.csv,2026-02-04 14:21:06,0.0
GEOP_20260402.csv,2026-02-04 14:24:07,0.0
GEOP_20260402.csv,2026-02-04 14:27:06,0.0
GEOP_20260402.csv,2026-02-04 14:30:06,0.0
GEOP_20260402.csv,2026-02-04 14:33:06,0.0
GEOP_20260402.csv,2026-02-04 14:36:06,0.0
GEOP_20260402.csv,2026-02-04 14:39:06,0.0
GEOP_20260402.csv,2026-02-04 14:42:06,0.0
GEOP_20260402.csv,2026-02-04 14:45:06,0.0
GEOP_20260402.csv,2026-02-04 14:48:06,0.0
GEOP_20260402.csv,2026-02-04 14:51:06,0.0
GEOP_20260402.csv,2026-02-04 14:54:06,0.0
GEOP_20260402.csv,2026-02-04 14:57:06,0.0
GEOP_20260402.csv,2026-02-04 15:00:06,0.0
GEOP_20260402.csv,2026-02-04 15:03:06,0.0
GEOP_20260402.csv,2026-02-04 15:06:06,0.0
GEOP_20260402.csv,2026-02-04 15:09:06,0.0
GEOP_20260402.csv,2026-02-04 15:12:06,0.0
GEOP_20260402.csv,2026-02-04 15:15:06,0.0
GEOP_20260402.csv,2026-02-04 15:18:06,0.0
GEOP_20260402.csv,2026-02-04 15:21:06,0.0
GEOP_20260402.csv,2026-02-04 15:24:06,0.0
GEOP_20260402.csv,2026-02-04 15:27:06,0.0
GEOP_20260402.csv,2026-02-04 15:30:06,0.0
GEOP_20260402.csv,2026-02-04 15:33:06,0.0
GEOP_20260402.csv,2026-02-04 15:36:06,0.0
GEOP_20260402.csv,2026-02-04 15:39:06,0.0
GEOP_20260402.csv,2026-02-04 15:42:06,0.0
GEOP_20260402.csv,2026-02-04 15:48:06,0.0
GEOP_20260402.csv,2026-02-04 15:51:06,0.0
GEOP_20260402.csv,2026-02-04 15:54:06,0.0
GEOP_20260402.csv,2026-02-04 15:57:06,0.0
GEOP_20260402.csv,2026-02-04 16:00:06,0.0
GEOP_20260402.csv,2026-02-04 16:03:06,0.0
GEOP_20260402.csv,2026-02-04 16:06:06,0.0
GEOP_20260402.csv,2026-02-04 16:09:06,0.0
GEOP_20260402.csv,2026-02-04 16:12:06,0.0
GEOP_20260402.csv,2026-02-04 16:15:06,0.0
GEOP_20260402.csv,2026-02-04 16:18:06,0.0
GEOP_20260402.csv,2026-02-04 16:21:06,0.0
GEOP_20260402.csv,2026-02-04 16:24:06,0.0
GEOP_20260402.csv,2026-02-04 16:27:06,0.0
GEOP_20260402.csv,2026-02-04 16:30:06,0.0
GEOP_20260402.csv,2026-02-04 16:33:06,0.0
GEOP_20260402.csv,2026-02-04 16:36:06,0.0
GEOP_20260402.csv,2026-02-04 16:39:06,0.0
GEOP_20260402.csv,2026-02-04 16:42:06,0.0
GEOP_20260402.csv,2026-02-04 16:45:06,0.0
GEOP_20260402.csv,2026-02-04 16:48:06,0.0
GEOP_20260402.csv,2026-02-04 16:51:06,0.0
GEOP_20260402.csv,2026-02-04 16:54:06,0.0
GEOP_20260402.csv,2026-02-04 16:57:06,0.0
GEOP_20260402.csv,2026-02-04 17:00:06,0.0
GEOP_20260402.csv,2026-02-04 17:03:06,0.0
GEOP_20260402.csv,2026-02-04 17:06:06,0.0
GEOP_20260402.csv,2026-02-04 17:09:06,0.0
GEOP_20260402.csv,2026-02-04 17:12:06,0.0
GEOP_20260402.csv,2026-02-04 17:15:06,0.0
GEOP_20260402.csv,2026-02-04 17:18:06,0.0
GEOP_20260402.csv,2026-02-04 17:21:06,0.0
GEOP_20260402.csv,2026-02-04 17:24:06,0.0
GEOP_20260402.csv,2026-02-04 17:27:06,0.0
GEOP_20260402.csv,2026-02-04 17:30:06,0.0
GEOP_20260402.csv,2026-02-04 17:33:06,0.0
GEOP_20260402.csv,2026-02-04 17:36:06,0.0
GEOP_20260402.csv,2026-02-04 17:39:06,0.0
GEOP_20260402.csv,2026-02-04 17:42:06,0.0
GEOP_20260402.csv,2026-02-04 17:45:06,0.0
GEOP_20260402.csv,2026-02-04 17:48:06,0.0
GEOP_20260402.csv,2026-02-04 17:51:06,0.0
GEOP_20260402.csv,2026-02-04 17:54:06,0.0
GEOP_20260402.csv,2026-02-04 17:57:06,0.0
GEOP_20260402.csv,2026-02-04 18:00:06,0.0
GEOP_20260402.csv,2026-02-04 18:03:06,0.0
GEOP_20260402.csv,2026-02-04 18:06:06,0.0
GEOP_20260402.csv,2026-02-04 18:09:06,0.0
GEOP_20260402.csv,2026-02-04 18:12:06,0.0
GEOP_20260402.csv,2026-02-04 18:15:06,0.0
GEOP_20260402.csv,2026-02-04 18:18:06,0.0
GEOP_20260402.csv,2026-02-04 18:21:06,0.0
GEOP_20260402.csv,2026-02-04 18:24:06,0.0
GEOP_20260402.csv,2026-02-04 18:27:06,0.0
GEOP_20260402.csv,2026-02-04 18:30:06,0.0
GEOP_20260402.csv,2026-02-04 18:33:06,0.0
GEOP_20260402.csv,2026-02-04 18:36:06,0.0
GEOP_20260402.csv,2026-02-04 18:39:06,0.0
GEOP_20260402.csv,2026-02-04 18:42:06,0.0
GEOP_20260402.csv,2026-02-04 18:45:06,0.0
GEOP_20260402.csv,2026-02-04 18:48:06,0.0
GEOP_20260402.csv,2026-02-04 18:51:06,0.0
GEOP_20260402.csv,2026-02-04 18:54:06,0.0
GEOP_20260402.csv,2026-02-04 18:57:06,0.0
GEOP_20260402.csv,2026-02-04 19:00:06,0.0
GEOP_20260402.csv,2026-02-04 19:03:06,0.0
GEOP_20260402.csv,2026-02-04 19:06:06,0.0
GEOP_20260402.csv,2026-02-04 19:09:06,0.0
GEOP_20260402.csv,2026-02-04 19:12:06,0.0
GEOP_20260402.csv,2026-02-04 19:15:06,0.0
GEOP_20260402.csv,2026-02-04 19:18:06,0.0
GEOP_20260402.csv,2026-02-04 19:21:06,0.0
GEOP_20260402.csv,2026-02-04 19:24:06,0.0
GEOP_20260402.csv,2026-02-04 19:27:06,0.0
GEOP_20260402.csv,2026-02-04 19:30:06,0.0
GEOP_20260402.csv,2026-02-04 19:33:06,0.0
GEOP_20260402.csv,2026-02-04 19:36:06,0.0
GEOP_20260402.csv,2026-02-04 19:39:06,0.0
GEOP_20260402.csv,2026-02-04 19:42:06,0.0
GEOP_20260402.csv,2026-02-04 19:45:06,0.0
GEOP_20260402.csv,2026-02-04 19:48:06,0.0
GEOP_20260402.csv,2026-02-04 19:51:06,0.0
GEOP_20260402.csv,2026-02-04 19:54:06,0.0
GEOP_20260402.csv,2026-02-04 19:57:06,0.0
GEOP_20260402.csv,2026-02-04 20:00:06,0.0
GEOP_20260402.csv,2026-02-04 20:03:06,0.0
GEOP_20260402.csv,2026-02-04 20:06:06,0.0
GEOP_20260402.csv,2026-02-04 20:09:06,0.0
GEOP_20260402.csv,2026-02-04 20:12:06,0.0
GEOP_20260402.csv,2026-02-04 20:15:06,0.0
GEOP_20260402.csv,2026-02-04 20:18:06,0.0
GEOP_20260402.csv,2026-02-04 20:21:06,0.0
GEOP_20260402.csv,2026-02-04 20:24:06,0.0
GEOP_20260402.csv,2026-02-04 20:27:06,0.0
GEOP_20260402.csv,2026-02-04 20:30:06,0.0
GEOP_20260402.csv,2026-02-04 20:33:06,0.0
GEOP_20260402.csv,2026-02-04 20:36:06,0.0
GEOP_20260402.csv,2026-02-04 20:39:06,0.0
GEOP_20260402.csv,2026-02-04 20:42:06,0.0
GEOP_20260402.csv,2026-02-04 20:45:06,0.0
GEOP_20260402.csv,2026-02-04 20:48:06,0.0
GEOP_20260402.csv,2026-02-04 20:51:06,0.0
GEOP_20260402.csv,2026-02-04 20:54:06,0.0
GEOP_20260402.csv,2026-02-04 20:57:06,0.0
GEOP_20260402.csv,2026-02-04 21:00:06,0.0
GEOP_20260402.csv,2026-02-04 21:03:06,0.0
GEOP_20260402.csv,2026-02-04 21:06:06,0.0
GEOP_20260402.csv,2026-02-04 21:09:06,0.0
GEOP_20260402.csv,2026-02-04 21:12:06,0.0
GEOP_20260402.csv,2026-02-04 21:15:06,0.0
GEOP_20260402.csv,2026-02-04 21:18:06,0.0
GEOP_20260402.csv,2026-02-04 21:21:06,0.0
GEOP_20260402.csv,2026-02-04 21:24:06,0.0
GEOP_20260402.csv,2026-02-04 21:27:06,0.0
GEOP_20260402.csv,2026-02-04 21:30:06,0.0
GEOP_20260402.csv,2026-02-04 21:33:06,0.0
GEOP_20260402.csv,2026-02-04 21:36:06,0.0
GEOP_20260402.csv,2026-02-04 21:39:06,0.0
GEOP_20260402.csv,2026-02-04 21:42:06,0.0
GEOP_20260402.csv,2026-02-04 21:45:06,0.0
GEOP_20260402.csv,2026-02-04 21:48:06,0.0
GEOP_20260402.csv,2026-02-04 21:51:06,0.0
GEOP_20260402.csv,2026-02-04 21:54:06,0.0
GEOP_20260402.csv,2026-02-04 21:57:06,0.0
GEOP_20260402.csv,2026-02-04 22:00:06,0.0
GEOP_20260402.csv,2026-02-04 22:03:06,0.0
GEOP_20260402.csv,2026-02-04 22:06:06,0.0
GEOP_20260402.csv,2026-02-04 22:09:06,0.0
GEOP_20260402.csv,2026-02-04 22:12:06,0.0
GEOP_20260402.csv,2026-02-04 22:15:06,0.0
GEOP_20260402.csv,2026-02-04 22:18:06,0.0
GEOP_20260402.csv,2026-02-04 22:21:06,0.0
GEOP_20260402.csv,2026-02-04 22:24:06,0.0
GEOP_20260402.csv,2026-02-04 22:27:06,0.0
GEOP_20260402.csv,2026-02-04 22:30:06,0.0
GEOP_20260402.csv,2026-02-04 22:33:06,0.0
GEOP_20260402.csv,2026-02-04 22:36:06,0.0
GEOP_20260402.csv,2026-02-04 22:39:06,0.0
GEOP_20260402.csv,2026-02-04 22:42:06,0.0
GEOP_20260402.csv,2026-02-04 22:45:06,0.0
GEOP_20260402.csv,2026-02-04 22:51:06,0.0
GEOP_20260402.csv,2026-02-04 22:54:06,0.0
GEOP_20260402.csv,2026-02-04 22:57:06,0.0
GEOP_20260402.csv,2026-02-04 23:00:06,0.0
GEOP_20260402.csv,2026-02-04 23:03:06,0.0
GEOP_20260402.csv,2026-02-04 23:06:06,0.0
GEOP_20260402.csv,2026-02-04 23:09:06,0.0
GEOP_20260402.csv,2026-02-04 23:12:06,0.0
GEOP_20260402.csv,2026-02-04 23:15:06,0.0
GEOP_20260402.csv,2026-02-04 23:18:06,0.0
GEOP_20260402.csv,2026-02-04 23:21:06,0.0
GEOP_20260402.csv,2026-02-04 23:24:06,0.0
GEOP_20260402.csv,2026-02-04 23:27:06,0.0
GEOP_20260402.csv,2026-02-04 23:30:06,0.0
GEOP_20260402.csv,2026-02-04 23:33:06,0.0
GEOP_20260402.csv,2026-02-04 23:36:06,0.0
GEOP_20260402.csv,2026-02-04 23:39:06,0.0
GEOP_20260402.csv,2026-02-04 23:42:06,0.0
GEOP_20260402.csv,2026-02-04 23:45:06,0.0
GEOP_20260402.csv,2026-02-04 23:48:06,0.0
GEOP_20260402.csv,2026-02-04 23:51:06,0.0
GEOP_20260402.csv,2026-02-04 23:54:06,0.0
GEOP_20260402.csv,2026-02-04 23:57:06,0.0
GEOP_20260402.csv,2026-02-05 00:00:06,0.0
GEOP_20260402.csv,2026-02-05 00:03:06,0.0
GEOP_20260402.csv,2026-02-05 00:06:06,0.0
GEOP_20260402.csv,2026-02-05 00:09:06,0.0
GEOP_20260402.csv,2026-02-05 00:12:06,0.0
GEOP_20260402.csv,2026-02-05 00:15:06,0.0
GEOP_20260402.csv,2026-02-05 00:18:06,0.0
GEOP_20260402.csv,2026-02-05 00:21:06,0.0
GEOP_20260402.csv,2026-02-05 00:24:06,0.0
GEOP_20260402.csv,2026-02-05 00:27:06,0.0
GEOP_20260402.csv,2026-02-05 00:30:06,0.0
GEOP_20260402.csv,2026-02-05 00:33:06,0.0
GEOP_20260402.csv,2026-02-05 00:36:06,0.0
GEOP_20260402.csv,2026-02-05 00:39:06,0.0
GEOP_20260402.csv,2026-02-05 00:42:06,0.0
GEOP_20260402.csv,2026-02-05 00:45:06,0.0
GEOP_20260402.csv,2026-02-05 00:48:06,0.0
GEOP_20260402.csv,2026-02-05 00:51:06,0.0
GEOP_20260402.csv,2026-02-05 00:54:06,0.0
GEOP_20260402.csv,2026-02-05 00:57:06,0.0
GEOP_20260402.csv,2026-02-05 01:00:06,0.0
GEOP_20260402.csv,2026-02-05 01:03:06,0.0
GEOP_20260402.csv,2026-02-05 01:06:06,0.0
GEOP_20260402.csv,2026-02-05 01:09:06,0.0
GEOP_20260402.csv,2026-02-05 01:12:06,0.0
GEOP_20260402.csv,2026-02-05 01:15:06,0.0
GEOP_20260402.csv,2026-02-05 01:18:06,0.0
GEOP_20260402.csv,2026-02-05 01:21:06,0.0
GEOP_20260402.csv,2026-02-05 01:24:06,0.0
GEOP_20260402.csv,2026-02-05 01:27:06,0.0
GEOP_20260402.csv,2026-02-05 01:30:06,0.0
GEOP_20260402.csv,2026-02-05 01:33:06,0.0
GEOP_20260402.csv,2026-02-05 01:36:06,0.0
GEOP_20260402.csv,2026-02-05 01:39:06,0.0
GEOP_20260402.csv,2026-02-05 01:42:06,0.0
GEOP_20260402.csv,2026-02-05 01:45:06,0.0
GEOP_20260402.csv,2026-02-05 01:48:06,0.0
GEOP_20260402.csv,2026-02-05 01:51:06,0.0
GEOP_20260402.csv,2026-02-05 01:54:06,0.0
GEOP_20260402.csv,2026-02-05 01:57:06,0.0
GEOP_20260402.csv,2026-02-05 02:00:06,0.0
GEOP_20260402.csv,2026-02-05 02:03:06,0.0
GEOP_20260402.csv,2026-02-05 02:06:06,0.0
GEOP_20260402.csv,2026-02-05 02:09:06,0.0
GEOP_20260402.csv,2026-02-05 02:12:06,0.0
GEOP_20260402.csv,2026-02-05 02:15:06,0.0
GEOP_20260402.csv,2026-02-05 02:18:06,0.0
GEOP_20260402.csv,2026-02-05 02:21:06,0.0
GEOP_20260402.csv,2026-02-05 02:24:06,0.0
GEOP_20260402.csv,2026-02-05 02:27:06,0.0
GEOP_20260402.csv,2026-02-05 02:30:06,0.0
GEOP_20260402.csv,2026-02-05 02:33:06,0.0
GEOP_20260402.csv,2026-02-05 02:36:06,0.0
GEOP_20260402.csv,2026-02-05 02:39:06,0.0
GEOP_20260402.csv,2026-02-05 02:42:06,0.0
GEOP_20260402.csv,2026-02-05 02:45:06,0.0
GEOP_20260402.csv,2026-02-05 02:48:06,0.0
GEOP_20260402.csv,2026-02-05 02:51:06,0.0
GEOP_20260402.csv,2026-02-05 02:54:06,0.0
GEOP_20260402.csv,2026-02-05 02:57:06,0.0
GEOP_20260402.csv,2026-02-05 03:00:06,0.0
GEOP_20260402.csv,2026-02-05 03:03:06,0.0
GEOP_20260402.csv,2026-02-05 03:06:06,0.0
GEOP_20260402.csv,2026-02-05 03:09:06,0.0
GEOP_20260402.csv,2026-02-05 03:12:06,0.0
GEOP_20260402.csv,2026-02-05 03:15:06,0.0
GEOP_20260402.csv,2026-02-05 03:18:06,0.0
GEOP_20260402.csv,2026-02-05 03:21:06,0.0
GEOP_20260402.csv,2026-02-05 03:24:06,0.0
GEOP_20260402.csv,2026-02-05 03:27:06,0.0
GEOP_20260402.csv,2026-02-05 03:30:06,0.0
GEOP_20260402.csv,2026-02-05 03:33:06,0.0
GEOP_20260402.csv,2026-02-05 03:36:06,0.0
GEOP_20260402.csv,2026-02-05 03:39:06,0.0
GEOP_20260402.csv,2026-02-05 03:42:06,0.0
GEOP_20260402.csv,2026-02-05 03:45:06,0.0
GEOP_20260402.csv,2026-02-05 03:48:06,0.0
GEOP_20260402.csv,2026-02-05 03:51:06,0.0
GEOP_20260402.csv,2026-02-05 03:54:06,0.0
GEOP_20260402.csv,2026-02-05 03:57:06,0.0
GEOP_20260402.csv,2026-02-05 04:00:06,0.0
GEOP_20260402.csv,2026-02-05 04:03:06,0.0
GEOP_20260402.csv,2026-02-05 04:06:06,0.0
GEOP_20260402.csv,2026-02-05 04:09:06,0.0
GEOP_20260402.csv,2026-02-05 04:12:06,0.0
GEOP_20260402.csv,2026-02-05 04:15:06,0.0
GEOP_20260402.csv,2026-02-05 04:18:06,0.0
GEOP_20260402.csv,2026-02-05 04:21:06,0.0
GEOP_20260402.csv,2026-02-05 04:24:06,0.0
GEOP_20260402.csv,2026-02-05 04:27:06,0.0
GEOP_20260402.csv,2026-02-05 04:30:06,0.0
GEOP_20260402.csv,2026-02-05 04:33:06,0.0
GEOP_20260402.csv,2026-02-05 04:36:06,0.0
GEOP_20260402.csv,2026-02-05 04:39:06,0.0
GEOP_20260402.csv,2026-02-05 04:42:06,0.0
GEOP_20260402.csv,2026-02-05 04:45:06,0.0
GEOP_20260402.csv,2026-02-05 04:48:06,0.0
GEOP_20260402.csv,2026-02-05 04:51:06,0.0
GEOP_20260402.csv,2026-02-05 04:54:06,0.0
GEOP_20260402.csv,2026-02-05 04:57:06,0.0
GEOP_20260402.csv,2026-02-05 05:00:06,0.0
GEOP_20260402.csv,2026-02-05 05:03:06,0.0
GEOP_20260402.csv,2026-02-05 05:06:06,0.0
GEOP_20260402.csv,2026-02-05 05:09:06,0.0
GEOP_20260402.csv,2026-02-05 05:12:06,0.0
GEOP_20260402.csv,2026-02-05 05:15:06,0.0
GEOP_20260402.csv,2026-02-05 05:18:06,0.0
GEOP_20260402.csv,2026-02-05 05:21:06,0.0
GEOP_20260402.csv,2026-02-05 05:24:06,0.0
GEOP_20260402.csv,2026-02-05 05:27:06,0.0
GEOP_20260402.csv,2026-02-05 05:30:06,0.0
GEOP_20260402.csv,2026-02-05 05:33:06,0.0
GEOP_20260402.csv,2026-02-05 05:36:06,0.0
GEOP_20260402.csv,2026-02-05 05:39:06,0.0
GEOP_20260402.csv,2026-02-05 05:42:06,0.0
GEOP_20260402.csv,2026-02-05 05:45:06,0.0
GEOP_20260402.csv,2026-02-05 05:48:06,0.0
GEOP_20260402.csv,2026-02-05 05:51:06,0.0
GEOP_20260402.csv,2026-02-05 05:54:06,0.0
GEOP_20260402.csv,2026-02-05 05:57:06,0.0
GEOP_20260402.csv,2026-02-05 06:00:06,0.0
GEOP_20260402.csv,2026-02-05 06:03:06,0.0
GEOP_20260402.csv,2026-02-05 06:06:06,0.0
GEOP_20260402.csv,2026-02-05 06:09:06,0.0
GEOP_20260402.csv,2026-02-05 06:12:05,0.0
GEOP_20260402.csv,2026-02-05 06:15:06,0.0
GEOP_20260402.csv,2026-02-05 06:18:05,0.0
GEOP_20260402.csv,2026-02-05 06:21:06,0.0
GEOP_20260402.csv,2026-02-05 06:24:05,0.0
GEOP_20260402.csv,2026-02-05 06:27:05,0.0
GEOP_20260402.csv,2026-02-05 06:30:05,0.0
GEOP_20260402.csv,2026-02-05 06:33:05,0.0
GEOP_20260402.csv,2026-02-05 06:36:05,0.0
GEOP_20260402.csv,2026-02-05 06:39:05,0.0
GEOP_20260402.csv,2026-02-05 06:42:05,0.0
GEOP_20260402.csv,2026-02-05 06:45:05,0.0
GEOP_20260402.csv,2026-02-05 06:48:05,0.0
GEOP_20260402.csv,2026-02-05 06:51:05,0.0
GEOP_20260402.csv,2026-02-05 06:54:05,0.0
GEOP_20260402.csv,2026-02-05 06:57:05,0.0
GEOP_20260402.csv,2026-02-05 07:00:05,0.0
GEOP_20260402.csv,2026-02-05 07:03:05,0.0
GEOP_20260402.csv,2026-02-05 07:06:05,0.0
GEOP_20260402.csv,2026-02-05 07:09:05,0.0
GEOP_20260402.csv,2026-02-05 07:12:05,0.0
GEOP_20260402.csv,2026-02-05 07:15:05,0.0
GEOP_20260402.csv,2026-02-05 07:18:05,0.0
GEOP_20260402.csv,2026-02-05 07:21:05,0.0
GEOP_20260402.csv,2026-02-05 07:24:05,0.0
GEOP_20260402.csv,2026-02-05 07:27:05,0.0
GEOP_20260402.csv,2026-02-05 07:30:05,0.0
GEOP_20260402.csv,2026-02-05 07:33:05,0.0
GEOP_20260402.csv,2026-02-05 07:36:05,0.0
GEOP_20260402.csv,2026-02-05 07:39:05,0.0
GEOP_20260402.csv,2026-02-05 07:42:05,0.0
GEOP_20260402.csv,2026-02-05 07:45:05,0.0
GEOP_20260402.csv,2026-02-05 07:48:05,0.0
GEOP_20260402.csv,2026-02-05 07:51:05,0.0
GEOP_20260402.csv,2026-02-05 07:54:05,0.0
GEOP_20260402.csv,2026-02-05 07:57:05,0.0
GEOP_20260402.csv,2026-02-05 08:00:05,0.0
GEOP_20260402.csv,2026-02-05 08:03:05,0.0
GEOP_20260402.csv,2026-02-05 08:06:05,0.0
GEOP_20260402.csv,2026-02-05 08:09:05,0.0
GEOP_20260402.csv,2026-02-05 08:12:05,0.0
GEOP_20260402.csv,2026-02-05 08:15:05,0.0
GEOP_20260402.csv,2026-02-05 08:18:05,0.0
GEOP_20260402.csv,2026-02-05 08:21:05,0.0
GEOP_20260402.csv,2026-02-05 08:24:05,0.0
GEOP_20260402.csv,2026-02-05 08:27:05,0.0
GEOP_20260402.csv,2026-02-05 08:30:05,0.0
GEOP_20260402.csv,2026-02-05 08:33:05,0.0
GEOP_20260402.csv,2026-02-05 08:36:05,0.0
GEOP_20260402.csv,2026-02-05 08:39:05,0.0
GEOP_20260402.csv,2026-02-05 08:42:05,0.0
GEOP_20260402.csv,2026-02-05 08:45:05,0.0
GEOP_20260402.csv,2026-02-05 08:48:05,0.0
GEOP_20260402.csv,2026-02-05 08:51:05,0.0
GEOP_20260402.csv,2026-02-05 08:54:05,0.0
GEOP_20260402.csv,2026-02-05 08:57:05,0.0
GEOP_20260402.csv,2026-02-05 09:00:05,0.0
GEOP_20260402.csv,2026-02-05 09:03:05,0.0
GEOP_20260402.csv,2026-02-05 09:06:05,0.0
GEOP_20260402.csv,2026-02-05 09:09:05,0.0
GEOP_20260402.csv,2026-02-05 09:12:05,0.0
GEOP_20260402.csv,2026-02-05 09:15:05,0.0
GEOP_20260402.csv,2026-02-05 09:18:05,0.0
GEOP_20260402.csv,2026-02-05 09:21:05,0.0
GEOP_20260402.csv,2026-02-05 09:24:05,0.0
GEOP_20260402.csv,2026-02-05 09:27:05,0.0
GEOP_20260402.csv,2026-02-05 09:30:05,0.0
GEOP_20260402.csv,2026-02-05 09:33:05,0.0
GEOP_20260402.csv,2026-02-05 09:36:05,0.0
GEOP_20260402.csv,2026-02-05 09:39:05,0.0
GEOP_20260402.csv,2026-02-05 09:42:05,0.0
GEOP_20260402.csv,2026-02-05 09:45:05,0.0
GEOP_20260402.csv,2026-02-05 09:48:05,0.0
GEOP_20260402.csv,2026-02-05 09:51:05,0.0
GEOP_20260402.csv,2026-02-05 09:54:05,0.0
GEOP_20260402.csv,2026-02-05 09:57:05,0.0
GEOP_20260402.csv,2026-02-05 10:00:05,0.0
GEOP_20260402.csv,2026-02-05 10:03:05,0.0
GEOP_20260402.csv,2026-02-05 10:06:05,0.0
GEOP_20260402.csv,2026-02-05 10:09:05,0.0
GEOP_20260402.csv,2026-02-05 10:12:05,0.0
GEOP_20260402.csv,2026-02-05 10:15:05,0.0
GEOP_20260402.csv,2026-02-05 10:18:05,0.0
GEOP_20260402.csv,2026-02-05 10:21:05,0.0
GEOP_20260402.csv,2026-02-05 10:24:05,0.0
GEOP_20260402.csv,2026-02-05 10:27:05,0.0
GEOP_20260402.csv,2026-02-05 10:30:05,0.0
GEOP_20260402.csv,2026-02-05 10:33:05,0.0
GEOP_20260402.csv,2026-02-05 10:36:05,0.0
GEOP_20260402.csv,2026-02-05 10:39:05,0.0
GEOP_20260402.csv,2026-02-05 10:42:05,0.0
GEOP_20260402.csv,2026-02-05 10:45:05,0.0
GEOP_20260402.csv,2026-02-05 10:48:05,0.0
GEOP_20260402.csv,2026-02-05 10:51:05,0.0
GEOP_20260402.csv,2026-02-05 10:54:05,0.0
GEOP_20260402.csv,2026-02-05 10:57:05,0.0
GEOP_20260402.csv,2026-02-05 11:00:05,0.0
GEOP_20260402.csv,2026-02-05 11:03:05,0.0
GEOP_20260402.csv,2026-02-05 11:06:05,0.0
GEOP_20260402.csv,2026-02-05 11:09:05,0.0
GEOP_20260402.csv,2026-02-05 11:12:05,0.0
GEOP_20260402.csv,2026-02-05 11:15:05,0.0
GEOP_20260402.csv,2026-02-05 11:18:05,0.0
GEOP_20260402.csv,2026-02-05 11:21:05,0.0
GEOP_20260402.csv,2026-02-05 11:24:05,0.0
GEOP_20260402.csv,2026-02-05 11:27:05,0.0
GEOP_20260402.csv,2026-02-05 11:30:05,0.0
GEOP_20260402.csv,2026-02-05 11:33:05,0.0
GEOP_20260402.csv,2026-02-05 11:36:05,0.0
GEOP_20260402.csv,2026-02-05 11:39:05,0.0
GEOP_20260402.csv,2026-02-05 11:42:05,0.0
GEOP_20260402.csv,2026-02-05 11:45:05,0.0
GEOP_20260402.csv,2026-02-05 11:48:05,0.0
GEOP_20260402.csv,2026-02-05 11:51:05,0.0
GEOP_20260402.csv,2026-02-05 11:54:05,0.0
GEOP_20260402.csv,2026-02-05 11:57:05,0.0
GEOP_20260402.csv,2026-02-05 12:03:05,0.0
GEOP_20260402.csv,2026-02-05 12:06:05,0.0
GEOP_20260402.csv,2026-02-05 12:09:05,0.0
GEOP_20260402.csv,2026-02-05 12:12:05,0.0
GEOP_20260402.csv,2026-02-05 12:15:05,0.0
GEOP_20260402.csv,2026-02-05 12:18:05,0.0
GEOP_20260402.csv,2026-02-05 12:21:05,0.0
GEOP_20260402.csv,2026-02-05 12:24:05,0.0
GEOP_20260402.csv,2026-02-05 12:27:05,0.0
GEOP_20260402.csv,2026-02-05 12:30:05,0.0
GEOP_20260402.csv,2026-02-05 12:33:05,0.0
GEOP_20260402.csv,2026-02-05 12:36:05,0.0
GEOP_20260402.csv,2026-02-05 12:39:05,0.0
GEOP_20260402.csv,2026-02-05 12:42:05,0.0
GEOP_20260402.csv,2026-02-05 12:45:05,0.0
GEOP_20260402.csv,2026-02-05 12:48:05,0.0
GEOP_20260402.csv,2026-02-05 12:51:05,0.0
GEOP_20260402.csv,2026-02-05 12:54:05,0.0
GEOP_20260402.csv,2026-02-05 12:57:05,0.0
GEOP_20260402.csv,2026-02-05 13:00:05,0.0
GEOP_20260402.csv,2026-02-05 13:03:05,0.0
GEOP_20260402.csv,2026-02-05 13:06:05,0.0
GEOP_20260402.csv,2026-02-05 13:09:05,0.0
GEOP_20260402.csv,2026-02-05 13:12:05,0.0
GEOP_20260402.csv,2026-02-05 13:15:05,0.0
GEOP_20260402.csv,2026-02-05 13:18:05,0.0
GEOP_20260402.csv,2026-02-05 13:21:05,0.0
GEOP_20260402.csv,2026-02-05 13:24:05,0.0
GEOP_20260402.csv,2026-02-05 13:27:05,0.0
GEOP_20260402.csv,2026-02-05 13:30:05,0.0
GEOP_20260402.csv,2026-02-05 13:33:05,0.0
GEOP_20260402.csv,2026-02-05 13:36:05,0.0
GEOP_20260402.csv,2026-02-05 13:39:05,0.0
GEOP_20260402.csv,2026-02-05 13:42:05,0.0
GEOP_20260402.csv,2026-02-05 13:45:05,0.0
GEOP_20260402.csv,2026-02-05 13:48:05,0.0
GEOP_20260402.csv,2026-02-05 13:51:05,0.0
GEOP_20260402.csv,2026-02-05 13:54:05,0.0
GEOP_20260402.csv,2026-02-05 13:57:05,0.0
GEOP_20260402.csv,2026-02-05 14:00:05,0.0
GEOP_20260402.csv,2026-02-05 14:03:05,0.0
GEOP_20260402.csv,2026-02-05 14:06:05,0.0
GEOP_20260402.csv,2026-02-05 14:09:05,0.0
GEOP_20260402.csv,2026-02-05 14:12:05,0.0
GEOP_20260402.csv,2026-02-05 14:15:05,0.0
GEOP_20260402.csv,2026-02-05 14:18:05,0.0
GEOP_20260402.csv,2026-02-05 14:21:05,0.0
GEOP_20260402.csv,2026-02-05 14:24:05,0.0
GEOP_20260402.csv,2026-02-05 14:27:05,0.0
GEOP_20260402.csv,2026-02-05 14:30:05,0.0
GEOP_20260402.csv,2026-02-05 14:33:05,0.0
GEOP_20260402.csv,2026-02-05 14:36:05,0.0
GEOP_20260402.csv,2026-02-05 14:39:05,0.0
GEOP_20260402.csv,2026-02-05 14:42:05,0.0
GEOP_20260402.csv,2026-02-05 14:45:05,0.0
GEOP_20260402.csv,2026-02-05 14:51:05,0.0
GEOP_20260402.csv,2026-02-05 14:54:05,0.0
GEOP_20260402.csv,2026-02-05 14:57:05,0.0
GEOP_20260402.csv,2026-02-05 15:00:05,0.0
GEOP_20260402.csv,2026-02-05 15:03:05,0.0
GEOP_20260402.csv,2026-02-05 15:06:05,0.0
GEOP_20260402.csv,2026-02-05 15:09:05,0.0
GEOP_20260402.csv,2026-02-05 15:12:05,0.0
GEOP_20260402.csv,2026-02-05 15:15:05,0.0
GEOP_20260402.csv,2026-02-05 15:18:05,0.0
GEOP_20260402.csv,2026-02-05 15:21:05,0.0
GEOP_20260402.csv,2026-02-05 15:24:05,0.0
GEOP_20260402.csv,2026-02-05 15:27:05,0.0
GEOP_20260402.csv,2026-02-05 15:30:05,0.0
GEOP_20260402.csv,2026-02-05 15:33:05,0.0
GEOP_20260402.csv,2026-02-05 15:36:05,0.0
GEOP_20260402.csv,2026-02-05 15:39:05,0.0
GEOP_20260402.csv,2026-02-05 15:42:05,0.0
GEOP_20260402.csv,2026-02-05 15:45:05,0.0
GEOP_20260402.csv,2026-02-05 15:48:05,0.0
GEOP_20260402.csv,2026-02-05 15:51:05,0.0
GEOP_20260402.csv,2026-02-05 15:54:05,0.0
GEOP_20260402.csv,2026-02-05 15:57:05,0.0
GEOP_20260402.csv,2026-02-05 16:00:05,0.0
GEOP_20260402.csv,2026-02-05 16:03:05,0.0
GEOP_20260402.csv,2026-02-05 16:09:05,0.0
GEOP_20260402.csv,2026-02-05 16:12:05,0.0
GEOP_20260402.csv,2026-02-05 16:15:05,0.0
GEOP_20260402.csv,2026-02-05 16:18:05,0.0
GEOP_20260402.csv,2026-02-05 16:21:05,0.0
GEOP_20260402.csv,2026-02-05 16:24:05,0.0
GEOP_20260402.csv,2026-02-05 16:27:05,0.0
GEOP_20260402.csv,2026-02-05 16:30:05,0.0
GEOP_20260402.csv,2026-02-05 16:33:05,0.0
GEOP_20260402.csv,2026-02-05 16:36:05,0.0
GEOP_20260402.csv,2026-02-05 16:39:05,0.0
GEOP_20260402.csv,2026-02-05 16:42:05,0.0
GEOP_20260402.csv,2026-02-05 16:45:05,0.0
GEOP_20260402.csv,2026-02-05 16:48:05,0.0
GEOP_20260402.csv,2026-02-05 16:51:05,0.0
GEOP_20260402.csv,2026-02-05 16:54:05,0.0
GEOP_20260402.csv,2026-02-05 16:57:05,0.0
GEOP_20260402.csv,2026-02-05 17:00:05,0.0
GEOP_20260402.csv,2026-02-05 17:03:05,0.0
GEOP_20260402.csv,2026-02-05 17:06:05,0.0
GEOP_20260402.csv,2026-02-05 17:09:05,0.0
GEOP_20260402.csv,2026-02-05 17:12:05,0.0
GEOP_20260402.csv,2026-02-05 17:15:05,0.0
GEOP_20260402.csv,2026-02-05 17:18:05,0.0
GEOP_20260402.csv,2026-02-05 17:21:05,0.0
GEOP_20260402.csv,2026-02-05 17:24:05,0.0
GEOP_20260402.csv,2026-02-05 17:30:05,0.0
GEOP_20260402.csv,2026-02-05 17:33:05,0.0
GEOP_20260402.csv,2026-02-05 17:36:05,0.0
GEOP_20260402.csv,2026-02-05 17:39:05,0.0
GEOP_20260402.csv,2026-02-05 17:42:05,0.0
GEOP_20260402.csv,2026-02-05 17:45:05,0.0
GEOP_20260402.csv,2026-02-05 17:48:05,0.0
GEOP_20260402.csv,2026-02-05 17:54:05,0.0
GEOP_20260402.csv,2026-02-05 17:57:05,0.0
GEOP_20260402.csv,2026-02-05 18:00:05,0.0
GEOP_20260402.csv,2026-02-05 18:03:05,0.0
GEOP_20260402.csv,2026-02-05 18:06:05,0.0
GEOP_20260402.csv,2026-02-05 18:09:05,0.0
GEOP_20260402.csv,2026-02-05 18:12:05,0.0
GEOP_20260402.csv,2026-02-05 18:15:05,0.0
GEOP_20260402.csv,2026-02-05 18:18:05,0.0
GEOP_20260402.csv,2026-02-05 18:21:05,0.0
GEOP_20260402.csv,2026-02-05 18:24:05,0.0
GEOP_20260402.csv,2026-02-05 18:27:04,0.0
GEOP_20260402.csv,2026-02-05 18:30:05,0.0
GEOP_20260402.csv,2026-02-05 18:33:05,0.0
GEOP_20260402.csv,2026-02-05 18:36:04,0.0
GEOP_20260402.csv,2026-02-05 18:39:04,0.0
GEOP_20260402.csv,2026-02-05 18:42:04,0.0
GEOP_20260402.csv,2026-02-05 18:45:04,0.0
GEOP_20260402.csv,2026-02-05 18:48:04,0.0
GEOP_20260402.csv,2026-02-05 18:51:04,0.0
GEOP_20260402.csv,2026-02-05 18:54:04,0.0
GEOP_20260402.csv,2026-02-05 18:57:04,0.0
GEOP_20260402.csv,2026-02-05 19:00:04,0.0
GEOP_20260402.csv,2026-02-05 19:03:04,0.0
GEOP_20260402.csv,2026-02-05 19:06:04,0.0
GEOP_20260402.csv,2026-02-05 19:09:04,0.0
GEOP_20260402.csv,2026-02-05 19:12:04,0.0
GEOP_20260402.csv,2026-02-05 19:15:04,0.0
GEOP_20260402.csv,2026-02-05 19:18:04,0.0
GEOP_20260402.csv,2026-02-05 19:21:04,0.0
GEOP_20260402.csv,2026-02-05 19:24:04,0.0
GEOP_20260402.csv,2026-02-05 19:27:04,0.0
GEOP_20260402.csv,2026-02-05 19:30:04,0.0
GEOP_20260402.csv,2026-02-05 19:33:04,0.0
GEOP_20260402.csv,2026-02-05 19:36:04,0.0
GEOP_20260402.csv,2026-02-05 19:39:04,0.0
GEOP_20260402.csv,2026-02-05 19:42:04,0.0
GEOP_20260402.csv,2026-02-05 19:45:04,0.0
GEOP_20260402.csv,2026-02-05 19:48:04,0.0
GEOP_20260402.csv,2026-02-05 19:51:04,0.0
GEOP_20260402.csv,2026-02-05 19:54:04,0.0
GEOP_20260402.csv,2026-02-05 19:57:04,0.0
GEOP_20260402.csv,2026-02-05 20:00:05,0.0
GEOP_20260402.csv,2026-02-05 20:03:04,0.0
GEOP_20260402.csv,2026-02-05 20:09:04,0.0
GEOP_20260402.csv,2026-02-05 20:12:04,0.0
GEOP_20260402.csv,2026-02-05 20:15:04,0.0
GEOP_20260402.csv,2026-02-05 20:18:04,0.0
GEOP_20260402.csv,2026-02-05 20:21:04,0.0
GEOP_20260402.csv,2026-02-05 20:24:04,0.0
GEOP_20260402.csv,2026-02-05 20:27:04,0.0
GEOP_20260402.csv,2026-02-05 20:30:04,0.0
GEOP_20260402.csv,2026-02-05 20:33:04,0.0
GEOP_20260402.csv,2026-02-05 20:36:04,0.0
GEOP_20260402.csv,2026-02-05 20:39:04,0.0
GEOP_20260402.csv,2026-02-05 20:42:04,0.0
GEOP_20260402.csv,2026-02-05 20:45:04,0.0
GEOP_20260402.csv,2026-02-05 20:48:04,0.0
GEOP_20260402.csv,2026-02-05 20:51:04,0.0
GEOP_20260402.csv,2026-02-05 20:54:04,0.01
GEOP_20260402.csv,2026-02-05 20:57:04,0.0
GEOP_20260402.csv,2026-02-05 21:00:05,0.0
GEOP_20260402.csv,2026-02-05 21:03:04,0.0
GEOP_20260402.csv,2026-02-05 21:06:04,0.0
GEOP_20260402.csv,2026-02-05 21:09:04,0.0
GEOP_20260402.csv,2026-02-05 21:12:04,0.0
GEOP_20260402.csv,2026-02-05 21:15:04,0.0
GEOP_20260402.csv,2026-02-05 21:18:04,0.0
GEOP_20260402.csv,2026-02-05 21:21:04,0.01
GEOP_20260402.csv,2026-02-05 21:24:04,0.0
GEOP_20260402.csv,2026-02-05 21:27:04,0.0
GEOP_20260402.csv,2026-02-05 21:30:04,0.0
GEOP_20260402.csv,2026-02-05 21:33:04,0.0
GEOP_20260402.csv,2026-02-05 21:39:04,0.0
GEOP_20260402.csv,2026-02-05 21:42:04,0.0
GEOP_20260402.csv,2026-02-05 21:45:04,0.0
GEOP_20260402.csv,2026-02-05 21:48:04,0.0
GEOP_20260402.csv,2026-02-05 21:51:04,0.0
GEOP_20260402.csv,2026-02-05 21:54:04,0.0
GEOP_20260402.csv,2026-02-05 21:57:04,0.0
GEOP_20260402.csv,2026-02-05 22:00:04,0.0
GEOP_20260402.csv,2026-02-05 22:03:04,0.0
GEOP_20260402.csv,2026-02-05 22:06:04,0.0
GEOP_20260402.csv,2026-02-05 22:09:04,0.0
GEOP_20260402.csv,2026-02-05 22:12:04,0.0
GEOP_20260402.csv,2026-02-05 22:15:04,0.0
GEOP_20260402.csv,2026-02-05 22:18:04,0.0
GEOP_20260402.csv,2026-02-05 22:21:04,0.0
GEOP_20260402.csv,2026-02-05 22:24:04,0.0
GEOP_20260402.csv,2026-02-05 22:27:04,0.0
GEOP_20260402.csv,2026-02-05 22:30:04,0.0
GEOP_20260402.csv,2026-02-05 22:33:04,0.0
GEOP_20260402.csv,2026-02-05 22:36:04,0.0
GEOP_20260402.csv,2026-02-05 22:39:04,0.0
GEOP_20260402.csv,2026-02-05 22:42:04,0.0
GEOP_20260402.csv,2026-02-05 22:45:04,0.0
GEOP_20260402.csv,2026-02-05 22:48:04,0.0
GEOP_20260402.csv,2026-02-05 22:51:04,0.01
GEOP_20260402.csv,2026-02-05 22:54:04,0.02
GEOP_20260402.csv,2026-02-05 22:57:04,0.02
GEOP_20260402.csv,2026-02-05 23:00:04,0.02
GEOP_20260402.csv,2026-02-05 23:03:04,0.02
GEOP_20260402.csv,2026-02-05 23:06:04,0.02
GEOP_20260402.csv,2026-02-05 23:09:04,0.03
GEOP_20260402.csv,2026-02-05 23:12:04,0.02
GEOP_20260402.csv,2026-02-05 23:15:04,0.01
GEOP_20260402.csv,2026-02-05 23:18:04,0.02
GEOP_20260402.csv,2026-02-05 23:21:04,0.01
GEOP_20260402.csv,2026-02-05 23:24:04,0.01
GEOP_20260402.csv,2026-02-05 23:27:04,0.01
GEOP_20260402.csv,2026-02-05 23:30:04,0.01
GEOP_20260402.csv,2026-02-05 23:33:04,0.01
GEOP_20260402.csv,2026-02-05 23:36:04,0.01
GEOP_20260402.csv,2026-02-05 23:39:04,0.01
GEOP_20260402.csv,2026-02-05 23:42:04,0.01
GEOP_20260402.csv,2026-02-05 23:45:04,0.02
GEOP_20260402.csv,2026-02-05 23:48:04,0.01
GEOP_20260402.csv,2026-02-05 23:51:04,0.01
GEOP_20260402.csv,2026-02-05 23:54:04,0.02
GEOP_20260402.csv,2026-02-05 23:57:04,0.01
GEOP_20260402.csv,2026-02-06 00:00:04,0.01
GEOP_20260402.csv,2026-02-06 00:03:04,0.01
GEOP_20260402.csv,2026-02-06 00:06:04,0.01
GEOP_20260402.csv,2026-02-06 00:09:04,0.02
GEOP_20260402.csv,2026-02-06 00:12:04,0.01
GEOP_20260402.csv,2026-02-06 00:15:04,0.01
GEOP_20260402.csv,2026-02-06 00:18:04,0.01
GEOP_20260402.csv,2026-02-06 00:21:04,0.01
GEOP_20260402.csv,2026-02-06 00:24:04,0.01
GEOP_20260402.csv,2026-02-06 00:27:04,0.01
GEOP_20260402.csv,2026-02-06 00:30:04,0.01
GEOP_20260402.csv,2026-02-06 00:33:04,0.01
GEOP_20260402.csv,2026-02-06 00:36:04,0.0
GEOP_20260402.csv,2026-02-06 00:39:04,0.0
GEOP_20260402.csv,2026-02-06 00:42:04,0.01
GEOP_20260402.csv,2026-02-06 00:45:04,0.0
GEOP_20260402.csv,2026-02-06 00:48:04,0.01
GEOP_20260402.csv,2026-02-06 00:51:04,0.0
GEOP_20260402.csv,2026-02-06 00:54:04,0.0
GEOP_20260402.csv,2026-02-06 00:57:04,0.01
GEOP_20260402.csv,2026-02-06 01:00:04,0.0
GEOP_20260402.csv,2026-02-06 01:03:04,0.0
GEOP_20260402.csv,2026-02-06 01:06:04,0.0
GEOP_20260402.csv,2026-02-06 01:09:04,0.01
GEOP_20260402.csv,2026-02-06 01:12:04,0.0
GEOP_20260402.csv,2026-02-06 01:15:04,0.0
GEOP_20260402.csv,2026-02-06 01:18:04,0.01
GEOP_20260402.csv,2026-02-06 01:21:04,0.0
GEOP_20260402.csv,2026-02-06 01:24:04,0.01
GEOP_20260402.csv,2026-02-06 01:27:04,0.0
GEOP_20260402.csv,2026-02-06 01:30:04,0.01
GEOP_20260402.csv,2026-02-06 01:33:04,0.01
GEOP_20260402.csv,2026-02-06 01:36:04,0.01
GEOP_20260402.csv,2026-02-06 01:39:04,0.0
GEOP_20260402.csv,2026-02-06 01:42:04,0.01
GEOP_20260402.csv,2026-02-06 01:45:04,0.01
GEOP_20260402.csv,2026-02-06 01:48:04,0.01
GEOP_20260402.csv,2026-02-06 01:51:04,0.01
GEOP_20260402.csv,2026-02-06 01:54:04,0.02
GEOP_20260402.csv,2026-02-06 01:57:04,0.02
GEOP_20260402.csv,2026-02-06 02:00:04,0.02
GEOP_20260402.csv,2026-02-06 02:03:04,0.01
GEOP_20260402.csv,2026-02-06 02:06:04,0.01
GEOP_20260402.csv,2026-02-06 02:09:04,0.02
GEOP_20260402.csv,2026-02-06 02:12:04,0.01
GEOP_20260402.csv,2026-02-06 02:15:04,0.01
GEOP_20260402.csv,2026-02-06 02:18:04,0.01
GEOP_20260402.csv,2026-02-06 02:21:04,0.0
GEOP_20260402.csv,2026-02-06 02:24:04,0.01
GEOP_20260402.csv,2026-02-06 02:27:04,0.01
GEOP_20260402.csv,2026-02-06 02:30:04,0.01
GEOP_20260402.csv,2026-02-06 02:33:04,0.0
GEOP_20260402.csv,2026-02-06 02:36:04,0.01
GEOP_20260402.csv,2026-02-06 02:39:04,0.0
GEOP_20260402.csv,2026-02-06 02:42:04,0.01
GEOP_20260402.csv,2026-02-06 02:45:04,0.01
GEOP_20260402.csv,2026-02-06 02:48:04,0.0
GEOP_20260402.csv,2026-02-06 02:51:04,0.0
GEOP_20260402.csv,2026-02-06 02:54:04,0.01
GEOP_20260402.csv,2026-02-06 02:57:04,0.0
GEOP_20260402.csv,2026-02-06 03:00:04,0.0
GEOP_20260402.csv,2026-02-06 03:06:04,0.01
GEOP_20260402.csv,2026-02-06 03:09:04,0.02
GEOP_20260402.csv,2026-02-06 03:12:04,0.02
GEOP_20260402.csv,2026-02-06 03:15:04,0.03
GEOP_20260402.csv,2026-02-06 03:18:04,0.02
GEOP_20260402.csv,2026-02-06 03:21:04,0.02
GEOP_20260402.csv,2026-02-06 03:24:04,0.02
GEOP_20260402.csv,2026-02-06 03:27:04,0.02
GEOP_20260402.csv,2026-02-06 03:30:04,0.01
GEOP_20260402.csv,2026-02-06 03:33:04,0.01
GEOP_20260402.csv,2026-02-06 03:36:04,0.01
GEOP_20260402.csv,2026-02-06 03:39:04,0.01
GEOP_20260402.csv,2026-02-06 03:42:04,0.0
GEOP_20260402.csv,2026-02-06 03:45:04,0.01
GEOP_20260402.csv,2026-02-06 03:48:04,0.0
GEOP_20260402.csv,2026-02-06 03:51:04,0.0
GEOP_20260402.csv,2026-02-06 03:54:04,0.01
GEOP_20260402.csv,2026-02-06 03:57:04,0.0
GEOP_20260402.csv,2026-02-06 04:00:04,0.0
GEOP_20260402.csv,2026-02-06 04:03:04,0.03
GEOP_20260402.csv,2026-02-06 04:06:04,0.02
GEOP_20260402.csv,2026-02-06 04:09:04,0.02
GEOP_20260402.csv,2026-02-06 04:12:04,0.01
GEOP_20260402.csv,2026-02-06 04:15:04,0.01
GEOP_20260402.csv,2026-02-06 04:18:04,0.0
GEOP_20260402.csv,2026-02-06 04:21:04,0.01
GEOP_20260402.csv,2026-02-06 04:24:04,0.01
GEOP_20260402.csv,2026-02-06 04:27:04,0.0
GEOP_20260402.csv,2026-02-06 04:30:04,0.0
GEOP_20260402.csv,2026-02-06 04:33:04,0.01
GEOP_20260402.csv,2026-02-06 04:36:04,0.01
GEOP_20260402.csv,2026-02-06 04:39:04,0.01
GEOP_20260402.csv,2026-02-06 04:42:04,0.02
GEOP_20260402.csv,2026-02-06 04:45:04,0.04
GEOP_20260402.csv,2026-02-06 04:48:04,0.04
GEOP_20260402.csv,2026-02-06 04:51:04,0.04
GEOP_20260402.csv,2026-02-06 04:54:04,0.04
GEOP_20260402.csv,2026-02-06 04:57:04,0.04
GEOP_20260402.csv,2026-02-06 05:00:04,0.03
GEOP_20260402.csv,2026-02-06 05:03:04,0.02
GEOP_20260402.csv,2026-02-06 05:06:04,0.02
GEOP_20260402.csv,2026-02-06 05:09:04,0.01
GEOP_20260402.csv,2026-02-06 05:12:04,0.02
GEOP_20260402.csv,2026-02-06 05:15:04,0.02
GEOP_20260402.csv,2026-02-06 05:18:04,0.03
GEOP_20260402.csv,2026-02-06 05:21:04,0.03
GEOP_20260402.csv,2026-02-06 05:24:04,0.03
GEOP_20260402.csv,2026-02-06 05:27:04,0.01
GEOP_20260402.csv,2026-02-06 05:30:04,0.01
GEOP_20260402.csv,2026-02-06 05:33:04,0.0
GEOP_20260402.csv,2026-02-06 05:36:04,0.01
GEOP_20260402.csv,2026-02-06 05:39:04,0.0
GEOP_20260402.csv,2026-02-06 05:42:04,0.01
GEOP_20260402.csv,2026-02-06 05:45:04,0.0
GEOP_20260402.csv,2026-02-06 05:48:04,0.0
GEOP_20260402.csv,2026-02-06 05:51:04,0.0
GEOP_20260402.csv,2026-02-06 05:54:04,0.0
GEOP_20260402.csv,2026-02-06 05:57:04,0.01
GEOP_20260402.csv,2026-02-06 06:00:04,0.0
GEOP_20260402.csv,2026-02-06 06:03:04,0.0
GEOP_20260402.csv,2026-02-06 06:06:04,0.0
GEOP_20260402.csv,2026-02-06 06:09:04,0.0
GEOP_20260402.csv,2026-02-06 06:12:04,0.0
GEOP_20260402.csv,2026-02-06 06:15:04,0.06
GEOP_20260402.csv,2026-02-06 06:18:04,0.11
GEOP_20260402.csv,2026-02-06 06:21:04,0.08
GEOP_20260402.csv,2026-02-06 06:24:04,0.06
GEOP_20260402.csv,2026-02-06 06:27:04,0.06
GEOP_20260402.csv,2026-02-06 06:30:04,0.03
GEOP_20260402.csv,2026-02-06 06:33:04,0.02
GEOP_20260402.csv,2026-02-06 06:36:04,0.02
GEOP_20260402.csv,2026-02-06 06:39:04,0.01
GEOP_20260402.csv,2026-02-06 06:42:04,0.01
GEOP_20260402.csv,2026-02-06 06:45:04,0.0
GEOP_20260402.csv,2026-02-06 06:48:04,0.02
GEOP_20260402.csv,2026-02-06 06:51:04,0.05
GEOP_20260402.csv,2026-02-06 06:54:04,0.05
GEOP_20260402.csv,2026-02-06 06:57:04,0.07
GEOP_20260402.csv,2026-02-06 07:00:04,0.13
GEOP_20260402.csv,2026-02-06 07:03:04,0.09
GEOP_20260402.csv,2026-02-06 07:06:04,0.05
GEOP_20260402.csv,2026-02-06 07:09:04,0.05
GEOP_20260402.csv,2026-02-06 07:12:04,0.07
GEOP_20260402.csv,2026-02-06 07:15:04,0.07
GEOP_20260402.csv,2026-02-06 07:18:04,0.03
GEOP_20260402.csv,2026-02-06 07:21:04,0.05
GEOP_20260402.csv,2026-02-06 07:24:04,0.04
GEOP_20260402.csv,2026-02-06 07:27:04,0.04
GEOP_20260402.csv,2026-02-06 07:30:04,0.08
GEOP_20260402.csv,2026-02-06 07:33:04,0.11
GEOP_20260402.csv,2026-02-06 07:36:04,0.08
GEOP_20260402.csv,2026-02-06 07:39:04,0.05
GEOP_20260402.csv,2026-02-06 07:42:04,0.04
GEOP_20260402.csv,2026-02-06 07:45:04,0.02
GEOP_20260402.csv,2026-02-06 07:48:04,0.08
GEOP_20260402.csv,2026-02-06 07:51:04,0.05
GEOP_20260402.csv,2026-02-06 07:54:04,0.03
GEOP_20260402.csv,2026-02-06 07:57:04,0.03
GEOP_20260402.csv,2026-02-06 08:00:04,0.02
GEOP_20260402.csv,2026-02-06 08:03:04,0.02
GEOP_20260402.csv,2026-02-06 08:06:04,0.01
GEOP_20260402.csv,2026-02-06 08:09:04,0.02
GEOP_20260402.csv,2026-02-06 08:12:04,0.02
GEOP_20260402.csv,2026-02-06 08:15:04,0.07
GEOP_20260402.csv,2026-02-06 08:18:04,0.1
GEOP_20260402.csv,2026-02-06 08:21:04,0.07
GEOP_20260402.csv,2026-02-06 08:24:04,0.05
GEOP_20260402.csv,2026-02-06 08:27:04,0.04
GEOP_20260402.csv,2026-02-06 08:30:04,0.03
GEOP_20260402.csv,2026-02-06 08:33:04,0.01
GEOP_20260402.csv,2026-02-06 08:36:04,0.02
GEOP_20260402.csv,2026-02-06 08:39:04,0.01
GEOP_20260402.csv,2026-02-06 08:42:04,0.0
GEOP_20260402.csv,2026-02-06 08:45:04,0.01
GEOP_20260402.csv,2026-02-06 08:48:04,0.0
GEOP_20260402.csv,2026-02-06 08:51:04,0.01
GEOP_20260402.csv,2026-02-06 08:54:03,0.0
GEOP_20260402.csv,2026-02-06 08:57:04,0.0
GEOP_20260402.csv,2026-02-06 09:00:03,0.01
GEOP_20260402.csv,2026-02-06 09:03:03,0.0
GEOP_20260402.csv,2026-02-06 09:06:03,0.0
GEOP_20260402.csv,2026-02-06 09:09:03,0.01
GEOP_20260402.csv,2026-02-06 09:12:04,0.0
GEOP_20260402.csv,2026-02-06 09:15:03,0.0
GEOP_20260402.csv,2026-02-06 09:18:03,0.0
GEOP_20260402.csv,2026-02-06 09:21:03,0.0
GEOP_20260402.csv,2026-02-06 09:24:03,0.0
GEOP_20260402.csv,2026-02-06 09:27:03,0.01
GEOP_20260402.csv,2026-02-06 09:30:03,0.0
GEOP_20260402.csv,2026-02-06 09:33:03,0.0
GEOP_20260402.csv,2026-02-06 09:36:03,0.0
GEOP_20260402.csv,2026-02-06 09:39:03,0.0
GEOP_20260402.csv,2026-02-06 09:42:03,0.0
GEOP_20260402.csv,2026-02-06 09:45:03,0.0
GEOP_20260402.csv,2026-02-06 09:48:04,0.0
GEOP_20260402.csv,2026-02-06 09:51:03,0.0
GEOP_20260402.csv,2026-02-06 09:54:03,0.0
GEOP_20260402.csv,2026-02-06 09:57:03,0.0
GEOP_20260402.csv,2026-02-06 10:00:03,0.0
GEOP_20260402.csv,2026-02-06 10:03:03,0.0
GEOP_20260402.csv,2026-02-06 10:06:03,0.0
GEOP_20260402.csv,2026-02-06 10:09:03,0.0
GEOP_20260402.csv,2026-02-06 10:12:03,0.0
GEOP_20260402.csv,2026-02-06 10:15:03,0.01
GEOP_20260402.csv,2026-02-06 10:18:03,0.04
GEOP_20260402.csv,2026-02-06 10:21:03,0.05
GEOP_20260402.csv,2026-02-06 10:24:03,0.03
GEOP_20260402.csv,2026-02-06 10:27:03,0.02
GEOP_20260402.csv,2026-02-06 10:30:03,0.02
GEOP_20260402.csv,2026-02-06 10:33:03,0.02
GEOP_20260402.csv,2026-02-06 10:36:03,0.03
GEOP_20260402.csv,2026-02-06 10:39:03,0.02
GEOP_20260402.csv,2026-02-06 10:42:03,0.01
GEOP_20260402.csv,2026-02-06 10:45:03,0.01
GEOP_20260402.csv,2026-02-06 10:48:03,0.01
GEOP_20260402.csv,2026-02-06 10:51:03,0.01
GEOP_20260402.csv,2026-02-06 10:54:03,0.0
GEOP_20260402.csv,2026-02-06 10:57:03,0.0
GEOP_20260402.csv,2026-02-06 11:00:03,0.01
GEOP_20260402.csv,2026-02-06 11:03:03,0.0
GEOP_20260402.csv,2026-02-06 11:06:03,0.0
GEOP_20260402.csv,2026-02-06 11:09:03,0.0
GEOP_20260402.csv,2026-02-06 11:12:03,0.01
GEOP_20260402.csv,2026-02-06 11:15:03,0.03
GEOP_20260402.csv,2026-02-06 11:18:03,0.04
GEOP_20260402.csv,2026-02-06 11:21:03,0.02
GEOP_20260402.csv,2026-02-06 11:24:03,0.01
GEOP_20260402.csv,2026-02-06 11:27:03,0.01
GEOP_20260402.csv,2026-02-06 11:30:03,0.01
GEOP_20260402.csv,2026-02-06 11:33:03,0.0
GEOP_20260402.csv,2026-02-06 11:36:03,0.01
GEOP_20260402.csv,2026-02-06 11:39:03,0.0
GEOP_20260402.csv,2026-02-06 11:42:03,0.0
GEOP_20260402.csv,2026-02-06 11:45:03,0.01
GEOP_20260402.csv,2026-02-06 11:48:03,0.0
GEOP_20260402.csv,2026-02-06 11:51:03,0.0
GEOP_20260402.csv,2026-02-06 11:54:03,0.0
GEOP_20260402.csv,2026-02-06 11:57:03,0.0
GEOP_20260402.csv,2026-02-06 12:00:03,0.01
GEOP_20260402.csv,2026-02-06 12:03:03,0.0
GEOP_20260402.csv,2026-02-06 12:06:03,0.0
GEOP_20260402.csv,2026-02-06 12:09:03,0.0
GEOP_20260402.csv,2026-02-06 12:12:03,0.0
GEOP_20260402.csv,2026-02-06 12:15:03,0.0
GEOP_20260402.csv,2026-02-06 12:18:03,0.0
GEOP_20260402.csv,2026-02-06 12:21:03,0.0
GEOP_20260402.csv,2026-02-06 12:24:03,0.0
GEOP_20260402.csv,2026-02-06 12:27:03,0.0
GEOP_20260402.csv,2026-02-06 12:30:03,0.0
GEOP_20260402.csv,2026-02-06 12:33:03,0.0
GEOP_20260402.csv,2026-02-06 12:36:03,0.0
GEOP_20260402.csv,2026-02-06 12:39:03,0.0
GEOP_20260402.csv,2026-02-06 12:42:03,0.0
GEOP_20260402.csv,2026-02-06 12:45:03,0.0
GEOP_20260402.csv,2026-02-06 12:48:03,0.0
GEOP_20260402.csv,2026-02-06 12:51:03,0.0
GEOP_20260402.csv,2026-02-06 12:54:03,0.0
GEOP_20260402.csv,2026-02-06 12:57:03,0.0
GEOP_20260402.csv,2026-02-06 13:00:03,0.0
GEOP_20260402.csv,2026-02-06 13:03:03,0.0
GEOP_20260402.csv,2026-02-06 13:06:03,0.0
GEOP_20260402.csv,2026-02-06 13:09:03,0.04
GEOP_20260402.csv,2026-02-06 13:12:03,0.05
GEOP_20260402.csv,2026-02-06 13:15:03,0.1
GEOP_20260402.csv,2026-02-06 13:18:03,0.09
GEOP_20260402.csv,2026-02-06 13:21:03,0.08
GEOP_20260402.csv,2026-02-06 13:24:03,0.05
GEOP_20260402.csv,2026-02-06 13:27:03,0.16
GEOP_20260402.csv,2026-02-06 13:30:03,0.08
GEOP_20260402.csv,2026-02-06 13:33:03,0.06
GEOP_20260402.csv,2026-02-06 13:36:03,0.07
GEOP_20260402.csv,2026-02-06 13:39:03,0.04
GEOP_20260402.csv,2026-02-06 13:42:03,0.02
GEOP_20260402.csv,2026-02-06 13:45:03,0.02
GEOP_20260402.csv,2026-02-06 13:48:03,0.05
GEOP_20260402.csv,2026-02-06 13:54:03,0.06
GEOP_20260402.csv,2026-02-06 13:57:03,0.01
GEOP_20260402.csv,2026-02-06 14:00:03,0.02
GEOP_20260402.csv,2026-02-06 14:03:03,0.02
GEOP_20260402.csv,2026-02-06 14:06:03,0.02
GEOP_20260402.csv,2026-02-06 14:09:03,0.01
GEOP_20260402.csv,2026-02-06 14:12:03,0.01
GEOP_20260402.csv,2026-02-06 14:15:03,0.01
GEOP_20260402.csv,2026-02-06 14:18:03,0.01
GEOP_20260402.csv,2026-02-06 14:21:03,0.01
GEOP_20260402.csv,2026-02-06 14:24:03,0.01
GEOP_20260402.csv,2026-02-06 14:27:03,0.01
GEOP_20260402.csv,2026-02-06 14:30:03,0.0
GEOP_20260402.csv,2026-02-06 14:36:03,0.01
GEOP_20260402.csv,2026-02-06 14:39:03,0.0
GEOP_20260402.csv,2026-02-06 14:42:03,0.01
GEOP_20260402.csv,2026-02-06 14:45:03,0.0
GEOP_20260402.csv,2026-02-06 14:48:03,0.0
GEOP_20260402.csv,2026-02-06 14:51:03,0.0
GEOP_20260402.csv,2026-02-06 14:54:03,0.0
GEOP_20260402.csv,2026-02-06 14:57:03,0.0
GEOP_20260402.csv,2026-02-06 15:00:03,0.01
GEOP_20260402.csv,2026-02-06 15:03:03,0.0
GEOP_20260402.csv,2026-02-06 15:06:03,0.0
GEOP_20260402.csv,2026-02-06 15:09:03,0.0
GEOP_20260402.csv,2026-02-06 15:12:03,0.0
GEOP_20260402.csv,2026-02-06 15:15:03,0.0
GEOP_20260402.csv,2026-02-06 15:18:03,0.0
GEOP_20260402.csv,2026-02-06 15:21:03,0.0
GEOP_20260402.csv,2026-02-06 15:24:03,0.0
GEOP_20260402.csv,2026-02-06 15:27:03,0.0
GEOP_20260402.csv,2026-02-06 15:30:03,0.0
GEOP_20260402.csv,2026-02-06 15:33:03,0.0
GEOP_20260402.csv,2026-02-06 15:36:03,0.02
GEOP_20260402.csv,2026-02-06 15:39:03,0.09
GEOP_20260402.csv,2026-02-06 15:42:03,0.03
GEOP_20260402.csv,2026-02-06 15:45:03,0.05
GEOP_20260402.csv,2026-02-06 15:48:03,0.03
GEOP_20260402.csv,2026-02-06 15:51:03,0.01
GEOP_20260402.csv,2026-02-06 15:54:03,0.01
GEOP_20260402.csv,2026-02-06 15:57:03,0.01
GEOP_20260402.csv,2026-02-06 16:00:03,0.0
GEOP_20260402.csv,2026-02-06 16:03:03,0.01
GEOP_20260402.csv,2026-02-06 16:09:03,0.0
GEOP_20260402.csv,2026-02-06 16:12:03,0.01
GEOP_20260402.csv,2026-02-06 16:15:03,0.0
GEOP_20260402.csv,2026-02-06 16:18:03,0.0
GEOP_20260402.csv,2026-02-06 16:21:03,0.01
GEOP_20260402.csv,2026-02-06 16:24:03,0.0
GEOP_20260402.csv,2026-02-06 16:27:03,0.0
GEOP_20260402.csv,2026-02-06 16:30:03,0.01
GEOP_20260402.csv,2026-02-06 16:33:03,0.0
GEOP_20260402.csv,2026-02-06 16:36:03,0.02
GEOP_20260402.csv,2026-02-06 16:39:03,0.01
GEOP_20260402.csv,2026-02-06 16:42:03,0.02
GEOP_20260402.csv,2026-02-06 16:45:03,0.06
GEOP_20260402.csv,2026-02-06 16:48:03,0.08
GEOP_20260402.csv,2026-02-06 16:51:03,0.05
GEOP_20260402.csv,2026-02-06 16:57:03,0.07
GEOP_20260402.csv,2026-02-06 17:00:03,0.01
GEOP_20260402.csv,2026-02-06 17:03:03,0.02
GEOP_20260402.csv,2026-02-06 17:06:03,0.0
GEOP_20260402.csv,2026-02-06 17:09:03,0.01
GEOP_20260402.csv,2026-02-06 17:12:03,0.0
GEOP_20260402.csv,2026-02-06 17:15:03,0.01
GEOP_20260402.csv,2026-02-06 17:18:03,0.0
GEOP_20260402.csv,2026-02-06 17:21:03,0.01
GEOP_20260402.csv,2026-02-06 17:24:03,0.0
GEOP_20260402.csv,2026-02-06 17:27:03,0.0
GEOP_20260402.csv,2026-02-06 17:30:03,0.0
GEOP_20260402.csv,2026-02-06 17:33:03,0.01
GEOP_20260402.csv,2026-02-06 17:36:03,0.0
GEOP_20260402.csv,2026-02-06 17:39:03,0.0
GEOP_20260402.csv,2026-02-06 17:42:03,0.0
GEOP_20260402.csv,2026-02-06 17:45:03,0.0
GEOP_20260402.csv,2026-02-06 17:48:03,0.0
GEOP_20260402.csv,2026-02-06 17:51:03,0.0
GEOP_20260402.csv,2026-02-06 17:54:03,0.01
GEOP_20260402.csv,2026-02-06 17:57:03,0.0
GEOP_20260402.csv,2026-02-06 18:00:03,0.0
GEOP_20260402.csv,2026-02-06 18:03:03,0.0
GEOP_20260402.csv,2026-02-06 18:06:03,0.0
GEOP_20260402.csv,2026-02-06 18:09:03,0.0
GEOP_20260402.csv,2026-02-06 18:12:03,0.0
GEOP_20260402.csv,2026-02-06 18:15:03,0.0
GEOP_20260402.csv,2026-02-06 18:18:03,0.0
GEOP_20260402.csv,2026-02-06 18:21:03,0.0
GEOP_20260402.csv,2026-02-06 18:24:03,0.0
GEOP_20260402.csv,2026-02-06 18:27:03,0.01
GEOP_20260402.csv,2026-02-06 18:30:03,0.0
GEOP_20260402.csv,2026-02-06 18:33:03,0.0
GEOP_20260402.csv,2026-02-06 18:36:03,0.0
GEOP_20260402.csv,2026-02-06 18:39:03,0.0
GEOP_20260402.csv,2026-02-06 18:42:03,0.0
GEOP_20260402.csv,2026-02-06 18:45:03,0.0
GEOP_20260402.csv,2026-02-06 18:51:03,0.0
GEOP_20260402.csv,2026-02-06 18:54:03,0.0
GEOP_20260402.csv,2026-02-06 18:57:03,0.0
GEOP_20260402.csv,2026-02-06 19:00:03,0.0
GEOP_20260402.csv,2026-02-06 19:03:03,0.0
GEOP_20260402.csv,2026-02-06 19:06:03,0.0
GEOP_20260402.csv,2026-02-06 19:09:03,0.0
GEOP_20260402.csv,2026-02-06 19:12:03,0.0
GEOP_20260402.csv,2026-02-06 19:15:03,0.0
GEOP_20260402.csv,2026-02-06 19:18:03,0.0
GEOP_20260402.csv,2026-02-06 19:21:03,0.0
GEOP_20260402.csv,2026-02-06 19:24:03,0.0
GEOP_20260402.csv,2026-02-06 19:27:03,0.0
GEOP_20260402.csv,2026-02-06 19:30:03,0.0
GEOP_20260402.csv,2026-02-06 19:33:03,0.0
GEOP_20260402.csv,2026-02-06 19:36:03,0.0
GEOP_20260402.csv,2026-02-06 19:39:03,0.01
GEOP_20260402.csv,2026-02-06 19:42:03,0.01
GEOP_20260402.csv,2026-02-06 19:45:03,0.03
GEOP_20260402.csv,2026-02-06 19:48:03,0.01
GEOP_20260402.csv,2026-02-06 19:51:03,0.01
GEOP_20260402.csv,2026-02-06 19:54:03,0.02
GEOP_20260402.csv,2026-02-06 19:57:03,0.01
GEOP_20260402.csv,2026-02-06 20:00:03,0.01
GEOP_20260402.csv,2026-02-06 20:03:03,0.01
GEOP_20260402.csv,2026-02-06 20:06:03,0.02
GEOP_20260402.csv,2026-02-06 20:09:03,0.03
GEOP_20260402.csv,2026-02-06 20:12:03,0.01
GEOP_20260402.csv,2026-02-06 20:15:03,0.01
GEOP_20260402.csv,2026-02-06 20:18:03,0.01
GEOP_20260402.csv,2026-02-06 20:21:03,0.01
GEOP_20260402.csv,2026-02-06 20:24:03,0.0
GEOP_20260402.csv,2026-02-06 20:27:03,0.02
GEOP_20260402.csv,2026-02-06 20:30:03,0.01
GEOP_20260402.csv,2026-02-06 20:33:03,0.01
GEOP_20260402.csv,2026-02-06 20:36:03,0.0
GEOP_20260402.csv,2026-02-06 20:39:03,0.01
GEOP_20260402.csv,2026-02-06 20:42:03,0.01
GEOP_20260402.csv,2026-02-06 20:45:03,0.09
GEOP_20260402.csv,2026-02-06 20:48:03,0.04
GEOP_20260402.csv,2026-02-06 20:51:03,0.02
GEOP_20260402.csv,2026-02-06 20:54:03,0.01
GEOP_20260402.csv,2026-02-06 20:57:03,0.0
GEOP_20260402.csv,2026-02-06 21:00:03,0.01
GEOP_20260402.csv,2026-02-06 21:03:02,0.0
GEOP_20260402.csv,2026-02-06 21:06:03,0.01
GEOP_20260402.csv,2026-02-06 21:09:02,0.01
GEOP_20260402.csv,2026-02-06 21:12:02,0.01
GEOP_20260402.csv,2026-02-06 21:15:02,0.0
GEOP_20260402.csv,2026-02-06 21:18:02,0.01
GEOP_20260402.csv,2026-02-06 21:21:03,0.01
GEOP_20260402.csv,2026-02-06 21:24:02,0.01
GEOP_20260402.csv,2026-02-06 21:27:02,0.02
GEOP_20260402.csv,2026-02-06 21:30:02,0.04
GEOP_20260402.csv,2026-02-06 21:33:02,0.04
GEOP_20260402.csv,2026-02-06 21:36:02,0.05
GEOP_20260402.csv,2026-02-06 21:39:02,0.04
GEOP_20260402.csv,2026-02-06 21:42:02,0.08
GEOP_20260402.csv,2026-02-06 21:45:02,0.11
GEOP_20260402.csv,2026-02-06 21:48:02,0.1
GEOP_20260402.csv,2026-02-06 21:51:02,0.05
GEOP_20260402.csv,2026-02-06 21:54:02,0.05
GEOP_20260402.csv,2026-02-06 21:57:02,0.11
GEOP_20260402.csv,2026-02-06 22:00:02,0.13
GEOP_20260402.csv,2026-02-06 22:03:02,0.09
GEOP_20260402.csv,2026-02-06 22:06:02,0.04
GEOP_20260402.csv,2026-02-06 22:09:02,0.02
GEOP_20260402.csv,2026-02-06 22:12:02,0.01
GEOP_20260402.csv,2026-02-06 22:15:02,0.01
GEOP_20260402.csv,2026-02-06 22:18:02,0.03
GEOP_20260402.csv,2026-02-06 22:21:02,0.04
GEOP_20260402.csv,2026-02-06 22:24:02,0.1
GEOP_20260402.csv,2026-02-06 22:27:02,0.06
GEOP_20260402.csv,2026-02-06 22:30:02,0.03
GEOP_20260402.csv,2026-02-06 22:33:02,0.02
GEOP_20260402.csv,2026-02-06 22:36:02,0.02
GEOP_20260402.csv,2026-02-06 22:39:02,0.02
GEOP_20260402.csv,2026-02-06 22:42:02,0.03
GEOP_20260402.csv,2026-02-06 22:45:02,0.04
GEOP_20260402.csv,2026-02-06 22:48:02,0.04
GEOP_20260402.csv,2026-02-06 22:51:02,0.05
GEOP_20260402.csv,2026-02-06 22:54:02,0.09
GEOP_20260402.csv,2026-02-06 22:57:02,0.09
GEOP_20260402.csv,2026-02-06 23:00:02,0.11
GEOP_20260402.csv,2026-02-06 23:03:02,0.15
GEOP_20260402.csv,2026-02-06 23:06:02,0.11
GEOP_20260402.csv,2026-02-06 23:09:02,0.04
GEOP_20260402.csv,2026-02-06 23:12:02,0.03
GEOP_20260402.csv,2026-02-06 23:15:02,0.02
GEOP_20260402.csv,2026-02-06 23:18:02,0.01
GEOP_20260402.csv,2026-02-06 23:21:02,0.01
GEOP_20260402.csv,2026-02-06 23:24:02,0.01
GEOP_20260402.csv,2026-02-06 23:27:02,0.01
GEOP_20260402.csv,2026-02-06 23:30:02,0.0
GEOP_20260402.csv,2026-02-06 23:33:02,0.01
GEOP_20260402.csv,2026-02-06 23:36:02,0.0
GEOP_20260402.csv,2026-02-06 23:39:02,0.0
GEOP_20260402.csv,2026-02-06 23:42:02,0.01
GEOP_20260402.csv,2026-02-06 23:45:02,0.0
GEOP_20260402.csv,2026-02-06 23:48:02,0.0
GEOP_20260402.csv,2026-02-06 23:51:02,0.01
GEOP_20260402.csv,2026-02-06 23:54:02,0.0
GEOP_20260402.csv,2026-02-06 23:57:02,0.0
GEOP_20260402.csv,2026-02-07 00:00:02,0.0
GEOP_20260402.csv,2026-02-07 00:03:02,0.0
GEOP_20260402.csv,2026-02-07 00:06:02,0.01
GEOP_20260402.csv,2026-02-07 00:09:02,0.0
GEOP_20260402.csv,2026-02-07 00:12:02,0.0
GEOP_20260402.csv,2026-02-07 00:15:02,0.0
GEOP_20260402.csv,2026-02-07 00:18:02,0.0
GEOP_20260402.csv,2026-02-07 00:21:02,0.0
GEOP_20260402.csv,2026-02-07 00:24:02,0.0
GEOP_20260402.csv,2026-02-07 00:27:02,0.0
GEOP_20260402.csv,2026-02-07 00:30:02,0.0
GEOP_20260402.csv,2026-02-07 00:33:02,0.01
GEOP_20260402.csv,2026-02-07 00:36:02,0.0
GEOP_20260402.csv,2026-02-07 00:39:02,0.0
GEOP_20260402.csv,2026-02-07 00:42:02,0.0
GEOP_20260402.csv,2026-02-07 00:45:02,0.0
GEOP_20260402.csv,2026-02-07 00:48:02,0.0
GEOP_20260402.csv,2026-02-07 00:51:02,0.0
GEOP_20260402.csv,2026-02-07 00:54:02,0.0
GEOP_20260402.csv,2026-02-07 00:57:02,0.0
GEOP_20260402.csv,2026-02-07 01:00:02,0.0
GEOP_20260402.csv,2026-02-07 01:03:02,0.0
GEOP_20260402.csv,2026-02-07 01:06:02,0.0
GEOP_20260402.csv,2026-02-07 01:09:02,0.0
GEOP_20260402.csv,2026-02-07 01:12:02,0.0
GEOP_20260402.csv,2026-02-07 01:15:02,0.0
GEOP_20260402.csv,2026-02-07 01:18:02,0.0
GEOP_20260402.csv,2026-02-07 01:21:02,0.0
GEOP_20260402.csv,2026-02-07 01:24:02,0.0
GEOP_20260402.csv,2026-02-07 01:27:02,0.0
GEOP_20260402.csv,2026-02-07 01:30:02,0.0
GEOP_20260402.csv,2026-02-07 01:33:02,0.0
GEOP_20260402.csv,2026-02-07 01:36:02,0.0
GEOP_20260402.csv,2026-02-07 01:39:02,0.0
GEOP_20260402.csv,2026-02-07 01:42:02,0.0
GEOP_20260402.csv,2026-02-07 01:45:02,0.0
GEOP_20260402.csv,2026-02-07 01:48:02,0.0
GEOP_20260402.csv,2026-02-07 01:51:02,0.0
GEOP_20260402.csv,2026-02-07 01:54:02,0.0
GEOP_20260402.csv,2026-02-07 01:57:02,0.0
GEOP_20260402.csv,2026-02-07 02:00:02,0.0
GEOP_20260402.csv,2026-02-07 02:03:02,0.0
GEOP_20260402.csv,2026-02-07 02:06:02,0.0
GEOP_20260402.csv,2026-02-07 02:09:02,0.0
GEOP_20260402.csv,2026-02-07 02:12:02,0.01
GEOP_20260402.csv,2026-02-07 02:15:02,0.0
GEOP_20260402.csv,2026-02-07 02:18:02,0.0
GEOP_20260402.csv,2026-02-07 02:21:02,0.0
GEOP_20260402.csv,2026-02-07 02:24:02,0.0
GEOP_20260402.csv,2026-02-07 02:27:02,0.0
GEOP_20260402.csv,2026-02-07 02:30:02,0.0
GEOP_20260402.csv,2026-02-07 02:33:02,0.0
GEOP_20260402.csv,2026-02-07 02:36:02,0.0
GEOP_20260402.csv,2026-02-07 02:39:02,0.0
GEOP_20260402.csv,2026-02-07 02:42:02,0.0
GEOP_20260402.csv,2026-02-07 02:45:02,0.0
GEOP_20260402.csv,2026-02-07 02:48:02,0.0
GEOP_20260402.csv,2026-02-07 02:51:02,0.0
GEOP_20260402.csv,2026-02-07 02:54:02,0.0
GEOP_20260402.csv,2026-02-07 02:57:02,0.0
GEOP_20260402.csv,2026-02-07 03:00:02,0.0
GEOP_20260402.csv,2026-02-07 03:03:02,0.0
GEOP_20260402.csv,2026-02-07 03:06:02,0.0
GEOP_20260402.csv,2026-02-07 03:09:02,0.0
GEOP_20260402.csv,2026-02-07 03:12:02,0.0
GEOP_20260402.csv,2026-02-07 03:15:02,0.0
GEOP_20260402.csv,2026-02-07 03:18:02,0.0
GEOP_20260402.csv,2026-02-07 03:21:02,0.0
GEOP_20260402.csv,2026-02-07 03:24:02,0.0
GEOP_20260402.csv,2026-02-07 03:27:02,0.0
GEOP_20260402.csv,2026-02-07 03:30:02,0.0
GEOP_20260402.csv,2026-02-07 03:33:02,0.0
GEOP_20260402.csv,2026-02-07 03:36:02,0.0
GEOP_20260402.csv,2026-02-07 03:39:02,0.0
GEOP_20260402.csv,2026-02-07 03:42:02,0.0
GEOP_20260402.csv,2026-02-07 03:45:02,0.0
GEOP_20260402.csv,2026-02-07 03:48:02,0.0
GEOP_20260402.csv,2026-02-07 03:51:02,0.0
GEOP_20260402.csv,2026-02-07 03:54:02,0.0
GEOP_20260402.csv,2026-02-07 03:57:02,0.0
GEOP_20260402.csv,2026-02-07 04:00:02,0.0
GEOP_20260402.csv,2026-02-07 04:03:02,0.0
GEOP_20260402.csv,2026-02-07 04:06:02,0.0
GEOP_20260402.csv,2026-02-07 04:09:02,0.0
GEOP_20260402.csv,2026-02-07 04:12:02,0.0
GEOP_20260402.csv,2026-02-07 04:15:02,0.0
GEOP_20260402.csv,2026-02-07 04:18:02,0.0
GEOP_20260402.csv,2026-02-07 04:21:02,0.0
GEOP_20260402.csv,2026-02-07 04:24:02,0.0
GEOP_20260402.csv,2026-02-07 04:27:02,0.0
GEOP_20260402.csv,2026-02-07 04:30:02,0.0
GEOP_20260402.csv,2026-02-07 04:33:02,0.0
GEOP_20260402.csv,2026-02-07 04:36:02,0.0
GEOP_20260402.csv,2026-02-07 04:39:02,0.0
GEOP_20260402.csv,2026-02-07 04:42:02,0.0
GEOP_20260402.csv,2026-02-07 04:45:02,0.0
GEOP_20260402.csv,2026-02-07 04:48:02,0.0
GEOP_20260402.csv,2026-02-07 04:51:02,0.0
GEOP_20260402.csv,2026-02-07 04:54:02,0.0
GEOP_20260402.csv,2026-02-07 04:57:02,0.0
GEOP_20260402.csv,2026-02-07 05:00:02,0.0
GEOP_20260402.csv,2026-02-07 05:03:02,0.0
GEOP_20260402.csv,2026-02-07 05:06:02,0.0
GEOP_20260402.csv,2026-02-07 05:09:02,0.0
GEOP_20260402.csv,2026-02-07 05:12:02,0.0
GEOP_20260402.csv,2026-02-07 05:15:02,0.0
GEOP_20260402.csv,2026-02-07 05:18:02,0.0
GEOP_20260402.csv,2026-02-07 05:21:02,0.0
GEOP_20260402.csv,2026-02-07 05:24:02,0.0
GEOP_20260402.csv,2026-02-07 05:27:02,0.0
GEOP_20260402.csv,2026-02-07 05:30:02,0.0
GEOP_20260402.csv,2026-02-07 05:33:02,0.0
GEOP_20260402.csv,2026-02-07 05:36:02,0.0
GEOP_20260402.csv,2026-02-07 05:39:02,0.0
GEOP_20260402.csv,2026-02-07 05:42:02,0.0
GEOP_20260402.csv,2026-02-07 05:45:02,0.0
GEOP_20260402.csv,2026-02-07 05:48:02,0.0
GEOP_20260402.csv,2026-02-07 05:51:02,0.0
GEOP_20260402.csv,2026-02-07 05:54:02,0.0
GEOP_20260402.csv,2026-02-07 05:57:02,0.0
GEOP_20260402.csv,2026-02-07 06:00:02,0.0
GEOP_20260402.csv,2026-02-07 06:03:02,0.0
GEOP_20260402.csv,2026-02-07 06:06:02,0.0
GEOP_20260402.csv,2026-02-07 06:09:02,0.0
GEOP_20260402.csv,2026-02-07 06:12:02,0.0
GEOP_20260402.csv,2026-02-07 06:15:02,0.0
GEOP_20260402.csv,2026-02-07 06:18:02,0.0
GEOP_20260402.csv,2026-02-07 06:21:02,0.0
GEOP_20260402.csv,2026-02-07 06:24:02,0.0
GEOP_20260402.csv,2026-02-07 06:27:02,0.0
GEOP_20260402.csv,2026-02-07 06:30:02,0.0
GEOP_20260402.csv,2026-02-07 06:33:02,0.0
GEOP_20260402.csv,2026-02-07 06:36:02,0.0
GEOP_20260402.csv,2026-02-07 06:39:02,0.0
GEOP_20260402.csv,2026-02-07 06:42:02,0.0
GEOP_20260402.csv,2026-02-07 06:45:02,0.0
GEOP_20260402.csv,2026-02-07 06:48:02,0.0
GEOP_20260402.csv,2026-02-07 06:51:02,0.0
GEOP_20260402.csv,2026-02-07 06:54:02,0.0
GEOP_20260402.csv,2026-02-07 06:57:02,0.0
GEOP_20260402.csv,2026-02-07 07:00:02,0.0
GEOP_20260402.csv,2026-02-07 07:03:02,0.0
GEOP_20260402.csv,2026-02-07 07:06:02,0.0
GEOP_20260402.csv,2026-02-07 07:09:02,0.0
GEOP_20260402.csv,2026-02-07 07:12:02,0.0
GEOP_20260402.csv,2026-02-07 07:15:02,0.0
GEOP_20260402.csv,2026-02-07 07:18:02,0.0
GEOP_20260402.csv,2026-02-07 07:21:02,0.0
GEOP_20260402.csv,2026-02-07 07:24:02,0.0
GEOP_20260402.csv,2026-02-07 07:27:02,0.0
GEOP_20260402.csv,2026-02-07 07:30:02,0.0
GEOP_20260402.csv,2026-02-07 07:33:02,0.0
GEOP_20260402.csv,2026-02-07 07:36:02,0.0
GEOP_20260402.csv,2026-02-07 07:39:02,0.0
GEOP_20260402.csv,2026-02-07 07:42:02,0.0
GEOP_20260402.csv,2026-02-07 07:45:02,0.0
GEOP_20260402.csv,2026-02-07 07:48:02,0.0
GEOP_20260402.csv,2026-02-07 07:51:02,0.0
GEOP_20260402.csv,2026-02-07 07:54:02,0.0
GEOP_20260402.csv,2026-02-07 07:57:02,0.0
GEOP_20260402.csv,2026-02-07 08:00:02,0.0
GEOP_20260402.csv,2026-02-07 08:03:02,0.01
GEOP_20260402.csv,2026-02-07 08:06:02,0.0
GEOP_20260402.csv,2026-02-07 08:09:02,0.0
GEOP_20260402.csv,2026-02-07 08:12:02,0.0
GEOP_20260402.csv,2026-02-07 08:15:02,0.0
GEOP_20260402.csv,2026-02-07 08:18:02,0.0
GEOP_20260402.csv,2026-02-07 08:21:02,0.0
GEOP_20260402.csv,2026-02-07 08:24:02,0.0
GEOP_20260402.csv,2026-02-07 08:27:02,0.0
GEOP_20260402.csv,2026-02-07 08:30:02,0.0
GEOP_20260402.csv,2026-02-07 08:33:02,0.0
GEOP_20260402.csv,2026-02-07 08:36:02,0.0
GEOP_20260402.csv,2026-02-07 08:39:02,0.0
GEOP_20260402.csv,2026-02-07 08:42:02,0.0
GEOP_20260402.csv,2026-02-07 08:45:02,0.0
GEOP_20260402.csv,2026-02-07 08:48:02,0.0
GEOP_20260402.csv,2026-02-07 08:51:02,0.0
GEOP_20260402.csv,2026-02-07 08:54:02,0.0
GEOP_20260402.csv,2026-02-07 08:57:02,0.0
GEOP_20260402.csv,2026-02-07 09:00:02,0.0
GEOP_20260402.csv,2026-02-07 09:03:02,0.0
GEOP_20260402.csv,2026-02-07 09:06:02,0.0
GEOP_20260402.csv,2026-02-07 09:09:02,0.0
GEOP_20260402.csv,2026-02-07 09:12:02,0.0
GEOP_20260402.csv,2026-02-07 09:15:02,0.0
GEOP_20260402.csv,2026-02-07 09:18:02,0.0
GEOP_20260402.csv,2026-02-07 09:21:02,0.0
GEOP_20260402.csv,2026-02-07 09:24:02,0.0
GEOP_20260402.csv,2026-02-07 09:27:02,0.0
GEOP_20260402.csv,2026-02-07 09:30:02,0.0
GEOP_20260402.csv,2026-02-07 09:33:02,0.0
GEOP_20260402.csv,2026-02-07 09:36:02,0.0
GEOP_20260402.csv,2026-02-07 09:39:02,0.0
GEOP_20260402.csv,2026-02-07 09:42:02,0.0
GEOP_20260402.csv,2026-02-07 09:45:02,0.0
GEOP_20260402.csv,2026-02-07 09:48:02,0.0
GEOP_20260402.csv,2026-02-07 09:51:02,0.0
GEOP_20260402.csv,2026-02-07 09:54:02,0.0
GEOP_20260402.csv,2026-02-07 09:57:02,0.0
GEOP_20260402.csv,2026-02-07 10:00:02,0.0
GEOP_20260402.csv,2026-02-07 10:03:02,0.0
GEOP_20260402.csv,2026-02-07 10:06:02,0.0
GEOP_20260402.csv,2026-02-07 10:09:02,0.0
GEOP_20260402.csv,2026-02-07 10:12:02,0.0
GEOP_20260402.csv,2026-02-07 10:15:02,0.0
GEOP_20260402.csv,2026-02-07 10:18:02,0.0
GEOP_20260402.csv,2026-02-07 10:21:02,0.0
GEOP_20260402.csv,2026-02-07 10:24:02,0.0
GEOP_20260402.csv,2026-02-07 10:27:02,0.0
GEOP_20260402.csv,2026-02-07 10:30:02,0.0
GEOP_20260402.csv,2026-02-07 10:33:02,0.0
GEOP_20260402.csv,2026-02-07 10:36:02,0.0
GEOP_20260402.csv,2026-02-07 10:39:02,0.0
GEOP_20260402.csv,2026-02-07 10:42:02,0.0
GEOP_20260402.csv,2026-02-07 10:45:02,0.0
GEOP_20260402.csv,2026-02-07 10:48:02,0.0
GEOP_20260402.csv,2026-02-07 10:51:02,0.0
GEOP_20260402.csv,2026-02-07 10:54:02,0.0
GEOP_20260402.csv,2026-02-07 10:57:02,0.0
GEOP_20260402.csv,2026-02-07 11:00:02,0.0
GEOP_20260402.csv,2026-02-07 11:03:02,0.0
GEOP_20260402.csv,2026-02-07 11:06:02,0.0
GEOP_20260402.csv,2026-02-07 11:09:02,0.0
GEOP_20260402.csv,2026-02-07 11:12:02,0.0
GEOP_20260402.csv,2026-02-07 11:15:02,0.0
GEOP_20260402.csv,2026-02-07 11:18:02,0.0
GEOP_20260402.csv,2026-02-07 11:21:02,0.0
GEOP_20260402.csv,2026-02-07 11:24:02,0.0
GEOP_20260402.csv,2026-02-07 11:27:02,0.0
GEOP_20260402.csv,2026-02-07 11:30:01,0.0
GEOP_20260402.csv,2026-02-07 11:33:02,0.0
GEOP_20260402.csv,2026-02-07 11:36:01,0.0
GEOP_20260402.csv,2026-02-07 11:39:01,0.0
GEOP_20260402.csv,2026-02-07 11:42:01,0.0
GEOP_20260402.csv,2026-02-07 11:45:02,0.0
GEOP_20260402.csv,2026-02-07 11:48:01,0.0
GEOP_20260402.csv,2026-02-07 11:51:01,0.0
GEOP_20260402.csv,2026-02-07 11:54:01,0.0
GEOP_20260402.csv,2026-02-07 11:57:01,0.0
GEOP_20260402.csv,2026-02-07 12:00:01,0.0
GEOP_20260402.csv,2026-02-07 12:03:01,0.0
GEOP_20260402.csv,2026-02-07 12:06:01,0.0
GEOP_20260402.csv,2026-02-07 12:09:01,0.0
GEOP_20260402.csv,2026-02-07 12:12:01,0.0
GEOP_20260402.csv,2026-02-07 12:15:01,0.0
GEOP_20260402.csv,2026-02-07 12:18:01,0.0
GEOP_20260402.csv,2026-02-07 12:21:01,0.0
GEOP_20260402.csv,2026-02-07 12:24:01,0.0
GEOP_20260402.csv,2026-02-07 12:27:01,0.0
GEOP_20260402.csv,2026-02-07 12:30:01,0.0
GEOP_20260402.csv,2026-02-07 12:33:01,0.0
GEOP_20260402.csv,2026-02-07 12:36:01,0.0
GEOP_20260402.csv,2026-02-07 12:39:01,0.0
GEOP_20260402.csv,2026-02-07 12:42:01,0.0
GEOP_20260402.csv,2026-02-07 12:45:01,0.0
GEOP_20260402.csv,2026-02-07 12:48:01,0.0
GEOP_20260402.csv,2026-02-07 12:51:01,0.0
GEOP_20260402.csv,2026-02-07 12:54:01,0.0
GEOP_20260402.csv,2026-02-07 12:57:01,0.0
GEOP_20260402.csv,2026-02-07 13:00:01,0.0
GEOP_20260402.csv,2026-02-07 13:03:01,0.0
GEOP_20260402.csv,2026-02-07 13:06:01,0.0
GEOP_20260402.csv,2026-02-07 13:09:01,0.0
GEOP_20260402.csv,2026-02-07 13:12:01,0.0
GEOP_20260402.csv,2026-02-07 13:15:01,0.0
GEOP_20260402.csv,2026-02-07 13:18:01,0.0
GEOP_20260402.csv,2026-02-07 13:21:01,0.0
GEOP_20260402.csv,2026-02-07 13:24:01,0.0
GEOP_20260402.csv,2026-02-07 13:27:01,0.0
GEOP_20260402.csv,2026-02-07 13:30:01,0.0
GEOP_20260402.csv,2026-02-07 13:33:01,0.0
GEOP_20260402.csv,2026-02-07 13:36:01,0.0
GEOP_20260402.csv,2026-02-07 13:39:01,0.0
GEOP_20260402.csv,2026-02-07 13:42:01,0.0
GEOP_20260402.csv,2026-02-07 13:45:01,0.0
GEOP_20260402.csv,2026-02-07 13:48:01,0.0
GEOP_20260402.csv,2026-02-07 13:51:01,0.0
GEOP_20260402.csv,2026-02-07 13:54:01,0.0
GEOP_20260402.csv,2026-02-07 13:57:01,0.0
GEOP_20260402.csv,2026-02-07 14:00:01,0.0
GEOP_20260402.csv,2026-02-07 14:03:01,0.0
GEOP_20260402.csv,2026-02-07 14:06:01,0.0
GEOP_20260402.csv,2026-02-07 14:09:01,0.0
GEOP_20260402.csv,2026-02-07 14:12:01,0.0
GEOP_20260402.csv,2026-02-07 14:15:01,0.0
GEOP_20260402.csv,2026-02-07 14:18:01,0.0
GEOP_20260402.csv,2026-02-07 14:21:01,0.0
GEOP_20260402.csv,2026-02-07 14:24:01,0.0
GEOP_20260402.csv,2026-02-07 14:27:01,0.0
GEOP_20260402.csv,2026-02-07 14:30:01,0.0
GEOP_20260402.csv,2026-02-07 14:33:01,0.0
GEOP_20260402.csv,2026-02-07 14:36:01,0.0
GEOP_20260402.csv,2026-02-07 14:39:01,0.0
GEOP_20260402.csv,2026-02-07 14:42:01,0.0
GEOP_20260402.csv,2026-02-07 14:45:01,0.0
GEOP_20260402.csv,2026-02-07 14:48:01,0.0
GEOP_20260402.csv,2026-02-07 14:51:01,0.0
GEOP_20260402.csv,2026-02-07 14:54:01,0.0
GEOP_20260402.csv,2026-02-07 14:57:01,0.0
GEOP_20260402.csv,2026-02-07 15:00:01,0.0
GEOP_20260402.csv,2026-02-07 15:03:01,0.0
GEOP_20260402.csv,2026-02-07 15:06:01,0.0
GEOP_20260402.csv,2026-02-07 15:09:01,0.0
GEOP_20260402.csv,2026-02-07 15:12:01,0.0
GEOP_20260402.csv,2026-02-07 15:15:01,0.0
GEOP_20260402.csv,2026-02-07 15:18:01,0.0
GEOP_20260402.csv,2026-02-07 15:21:01,0.0
GEOP_20260402.csv,2026-02-07 15:24:01,0.0
GEOP_20260402.csv,2026-02-07 15:27:01,0.0
GEOP_20260402.csv,2026-02-07 15:30:01,0.0
GEOP_20260402.csv,2026-02-07 15:33:01,0.0
GEOP_20260402.csv,2026-02-07 15:36:01,0.0
GEOP_20260402.csv,2026-02-07 15:39:01,0.0
GEOP_20260402.csv,2026-02-07 15:42:01,0.0
GEOP_20260402.csv,2026-02-07 15:45:01,0.0
GEOP_20260402.csv,2026-02-07 15:48:01,0.0
GEOP_20260402.csv,2026-02-07 15:51:01,0.0
GEOP_20260402.csv,2026-02-07 15:54:01,0.0
GEOP_20260402.csv,2026-02-07 15:57:01,0.0
GEOP_20260402.csv,2026-02-07 16:00:01,0.0
GEOP_20260402.csv,2026-02-07 16:03:01,0.0
GEOP_20260402.csv,2026-02-07 16:06:01,0.0
GEOP_20260402.csv,2026-02-07 16:09:01,0.0
GEOP_20260402.csv,2026-02-07 16:12:01,0.0
GEOP_20260402.csv,2026-02-07 16:15:01,0.0
GEOP_20260402.csv,2026-02-07 16:18:01,0.0
GEOP_20260402.csv,2026-02-07 16:21:01,0.0
GEOP_20260402.csv,2026-02-07 16:24:01,0.0
GEOP_20260402.csv,2026-02-07 16:27:01,0.0
GEOP_20260402.csv,2026-02-07 16:30:01,0.0
GEOP_20260402.csv,2026-02-07 16:33:01,0.0
GEOP_20260402.csv,2026-02-07 16:36:01,0.0
GEOP_20260402.csv,2026-02-07 16:39:01,0.0
GEOP_20260402.csv,2026-02-07 16:42:01,0.0
GEOP_20260402.csv,2026-02-07 16:45:01,0.0
GEOP_20260402.csv,2026-02-07 16:48:01,0.0
GEOP_20260402.csv,2026-02-07 16:51:01,0.0
GEOP_20260402.csv,2026-02-07 16:54:01,0.0
GEOP_20260402.csv,2026-02-07 16:57:01,0.0
GEOP_20260402.csv,2026-02-07 17:00:01,0.0
GEOP_20260402.csv,2026-02-07 17:03:01,0.0
GEOP_20260402.csv,2026-02-07 17:06:01,0.0
GEOP_20260402.csv,2026-02-07 17:09:01,0.0
GEOP_20260402.csv,2026-02-07 17:12:01,0.0
GEOP_20260402.csv,2026-02-07 17:15:01,0.0
GEOP_20260402.csv,2026-02-07 17:18:01,0.0
GEOP_20260402.csv,2026-02-07 17:21:01,0.0
GEOP_20260402.csv,2026-02-07 17:24:01,0.0
GEOP_20260402.csv,2026-02-07 17:27:01,0.0
GEOP_20260402.csv,2026-02-07 17:30:01,0.0
GEOP_20260402.csv,2026-02-07 17:33:01,0.0
GEOP_20260402.csv,2026-02-07 17:36:01,0.0
GEOP_20260402.csv,2026-02-07 17:39:01,0.0
GEOP_20260402.csv,2026-02-07 17:42:01,0.0
GEOP_20260402.csv,2026-02-07 17:45:01,0.0
GEOP_20260402.csv,2026-02-07 17:48:01,0.0
GEOP_20260402.csv,2026-02-07 17:51:01,0.0
GEOP_20260402.csv,2026-02-07 17:54:01,0.0
GEOP_20260402.csv,2026-02-07 17:57:01,0.0
GEOP_20260402.csv,2026-02-07 18:00:01,0.0
GEOP_20260402.csv,2026-02-07 18:03:01,0.0
GEOP_20260402.csv,2026-02-07 18:06:01,0.0
GEOP_20260402.csv,2026-02-07 18:09:01,0.0
GEOP_20260402.csv,2026-02-07 18:12:01,0.0
GEOP_20260402.csv,2026-02-07 18:15:01,0.0
GEOP_20260402.csv,2026-02-07 18:18:01,0.0
GEOP_20260402.csv,2026-02-07 18:21:01,0.0
GEOP_20260402.csv,2026-02-07 18:24:01,0.0
GEOP_20260402.csv,2026-02-07 18:27:01,0.0
GEOP_20260402.csv,2026-02-07 18:30:01,0.0
GEOP_20260402.csv,2026-02-07 18:33:01,0.0
GEOP_20260402.csv,2026-02-07 18:36:01,0.0
GEOP_20260402.csv,2026-02-07 18:39:01,0.0
GEOP_20260402.csv,2026-02-07 18:42:01,0.0
GEOP_20260402.csv,2026-02-07 18:45:01,0.0
GEOP_20260402.csv,2026-02-07 18:48:01,0.0
GEOP_20260402.csv,2026-02-07 18:51:01,0.0
GEOP_20260402.csv,2026-02-07 18:54:01,0.0
GEOP_20260402.csv,2026-02-07 18:57:01,0.0
GEOP_20260402.csv,2026-02-07 19:00:01,0.0
GEOP_20260402.csv,2026-02-07 19:03:01,0.0
GEOP_20260402.csv,2026-02-07 19:06:01,0.0
GEOP_20260402.csv,2026-02-07 19:09:01,0.0
GEOP_20260402.csv,2026-02-07 19:12:01,0.0
GEOP_20260402.csv,2026-02-07 19:15:01,0.0
GEOP_20260402.csv,2026-02-07 19:18:01,0.0
GEOP_20260402.csv,2026-02-07 19:21:01,0.0
GEOP_20260402.csv,2026-02-07 19:24:01,0.0
GEOP_20260402.csv,2026-02-07 19:27:01,0.0
GEOP_20260402.csv,2026-02-07 19:30:01,0.0
GEOP_20260402.csv,2026-02-07 19:33:01,0.0
GEOP_20260402.csv,2026-02-07 19:36:01,0.0
GEOP_20260402.csv,2026-02-07 19:39:01,0.0
GEOP_20260402.csv,2026-02-07 19:42:01,0.0
GEOP_20260402.csv,2026-02-07 19:45:01,0.0
GEOP_20260402.csv,2026-02-07 19:48:01,0.0
GEOP_20260402.csv,2026-02-07 19:51:01,0.0
GEOP_20260402.csv,2026-02-07 19:54:01,0.0
GEOP_20260402.csv,2026-02-07 19:57:01,0.0
GEOP_20260402.csv,2026-02-07 20:00:01,0.0
GEOP_20260402.csv,2026-02-07 20:03:01,0.0
GEOP_20260402.csv,2026-02-07 20:06:01,0.0
GEOP_20260402.csv,2026-02-07 20:09:01,0.0
GEOP_20260402.csv,2026-02-07 20:12:01,0.0
GEOP_20260402.csv,2026-02-07 20:15:01,0.0
GEOP_20260402.csv,2026-02-07 20:18:01,0.0
GEOP_20260402.csv,2026-02-07 20:21:01,0.0
GEOP_20260402.csv,2026-02-07 20:24:01,0.0
GEOP_20260402.csv,2026-02-07 20:27:01,0.0
GEOP_20260402.csv,2026-02-07 20:30:01,0.0
GEOP_20260402.csv,2026-02-07 20:33:01,0.0
GEOP_20260402.csv,2026-02-07 20:36:01,0.0
GEOP_20260402.csv,2026-02-07 20:39:01,0.0
GEOP_20260402.csv,2026-02-07 20:42:01,0.0
GEOP_20260402.csv,2026-02-07 20:45:01,0.0
GEOP_20260402.csv,2026-02-07 20:48:01,0.0
GEOP_20260402.csv,2026-02-07 20:51:01,0.0
GEOP_20260402.csv,2026-02-07 20:54:01,0.0
GEOP_20260402.csv,2026-02-07 20:57:01,0.0
GEOP_20260402.csv,2026-02-07 21:00:01,0.0
GEOP_20260402.csv,2026-02-07 21:03:01,0.0
GEOP_20260402.csv,2026-02-07 21:06:01,0.0
GEOP_20260402.csv,2026-02-07 21:09:01,0.0
GEOP_20260402.csv,2026-02-07 21:12:01,0.0
GEOP_20260402.csv,2026-02-07 21:15:01,0.0
GEOP_20260402.csv,2026-02-07 21:18:01,0.0
GEOP_20260402.csv,2026-02-07 21:21:01,0.0
GEOP_20260402.csv,2026-02-07 21:24:01,0.0
GEOP_20260402.csv,2026-02-07 21:27:01,0.0
GEOP_20260402.csv,2026-02-07 21:30:01,0.0
GEOP_20260402.csv,2026-02-07 21:33:01,0.0
GEOP_20260402.csv,2026-02-07 21:36:01,0.0
GEOP_20260402.csv,2026-02-07 21:39:01,0.0
GEOP_20260402.csv,2026-02-07 21:42:01,0.0
GEOP_20260402.csv,2026-02-07 21:45:01,0.0
GEOP_20260402.csv,2026-02-07 21:48:01,0.0
GEOP_20260402.csv,2026-02-07 21:51:01,0.0
GEOP_20260402.csv,2026-02-07 21:54:01,0.0
GEOP_20260402.csv,2026-02-07 21:57:01,0.0
GEOP_20260402.csv,2026-02-07 22:00:01,0.0
GEOP_20260402.csv,2026-02-07 22:03:01,0.0
GEOP_20260402.csv,2026-02-07 22:06:01,0.0
GEOP_20260402.csv,2026-02-07 22:09:01,0.0
GEOP_20260402.csv,2026-02-07 22:12:01,0.0
GEOP_20260402.csv,2026-02-07 22:15:01,0.0
GEOP_20260402.csv,2026-02-07 22:18:01,0.0
GEOP_20260402.csv,2026-02-07 22:21:01,0.0
GEOP_20260402.csv,2026-02-07 22:24:01,0.0
GEOP_20260402.csv,2026-02-07 22:27:01,0.0
GEOP_20260402.csv,2026-02-07 22:30:01,0.0
GEOP_20260402.csv,2026-02-07 22:33:01,0.0
GEOP_20260402.csv,2026-02-07 22:36:01,0.0
GEOP_20260402.csv,2026-02-07 22:39:01,0.0
GEOP_20260402.csv,2026-02-07 22:42:01,0.0
GEOP_20260402.csv,2026-02-07 22:45:01,0.0
GEOP_20260402.csv,2026-02-07 22:48:01,0.0
GEOP_20260402.csv,2026-02-07 22:51:01,0.0
GEOP_20260402.csv,2026-02-07 22:54:01,0.0
GEOP_20260402.csv,2026-02-07 22:57:01,0.0
GEOP_20260402.csv,2026-02-07 23:00:01,0.0
GEOP_20260402.csv,2026-02-07 23:03:01,0.0
GEOP_20260402.csv,2026-02-07 23:06:01,0.0
GEOP_20260402.csv,2026-02-07 23:09:01,0.0
GEOP_20260402.csv,2026-02-07 23:12:01,0.0
GEOP_20260402.csv,2026-02-07 23:15:01,0.0
GEOP_20260402.csv,2026-02-07 23:18:01,0.0
GEOP_20260402.csv,2026-02-07 23:21:01,0.0
GEOP_20260402.csv,2026-02-07 23:24:01,0.0
GEOP_20260402.csv,2026-02-07 23:27:01,0.0
GEOP_20260402.csv,2026-02-07 23:30:01,0.0
GEOP_20260402.csv,2026-02-07 23:33:01,0.0
GEOP_20260402.csv,2026-02-07 23:36:01,0.0
GEOP_20260402.csv,2026-02-07 23:39:01,0.0
GEOP_20260402.csv,2026-02-07 23:42:01,0.0
GEOP_20260402.csv,2026-02-07 23:45:01,0.0
GEOP_20260402.csv,2026-02-07 23:48:01,0.0
GEOP_20260402.csv,2026-02-07 23:51:01,0.0
GEOP_20260402.csv,2026-02-07 23:54:01,0.0
GEOP_20260402.csv,2026-02-07 23:57:01,0.0
GEOP_20260402.csv,2026-02-08 00:00:01,0.0
GEOP_20260402.csv,2026-02-08 00:03:01,0.0
GEOP_20260402.csv,2026-02-08 00:06:01,0.0
GEOP_20260402.csv,2026-02-08 00:09:01,0.0
GEOP_20260402.csv,2026-02-08 00:12:01,0.0
GEOP_20260402.csv,2026-02-08 00:15:01,0.0
GEOP_20260402.csv,2026-02-08 00:18:01,0.0
GEOP_20260402.csv,2026-02-08 00:21:01,0.0
GEOP_20260402.csv,2026-02-08 00:24:01,0.0
GEOP_20260402.csv,2026-02-08 00:27:01,0.0
GEOP_20260402.csv,2026-02-08 00:30:01,0.0
GEOP_20260402.csv,2026-02-08 00:33:01,0.0
GEOP_20260402.csv,2026-02-08 00:36:01,0.0
GEOP_20260402.csv,2026-02-08 00:39:01,0.0
GEOP_20260402.csv,2026-02-08 00:42:01,0.0
GEOP_20260402.csv,2026-02-08 00:45:01,0.0
GEOP_20260402.csv,2026-02-08 00:48:00,0.0
GEOP_20260402.csv,2026-02-08 00:51:01,0.0
GEOP_20260402.csv,2026-02-08 00:54:00,0.0
GEOP_20260402.csv,2026-02-08 00:57:00,0.0
GEOP_20260402.csv,2026-02-08 01:00:01,0.0
GEOP_20260402.csv,2026-02-08 01:03:00,0.0
GEOP_20260402.csv,2026-02-08 01:06:00,0.0
GEOP_20260402.csv,2026-02-08 01:09:00,0.0
GEOP_20260402.csv,2026-02-08 01:12:00,0.0
GEOP_20260402.csv,2026-02-08 01:15:00,0.0
GEOP_20260402.csv,2026-02-08 01:18:00,0.0
GEOP_20260402.csv,2026-02-08 01:21:01,0.0
GEOP_20260402.csv,2026-02-08 01:24:00,0.0
GEOP_20260402.csv,2026-02-08 01:27:00,0.0
GEOP_20260402.csv,2026-02-08 01:30:00,0.0
GEOP_20260402.csv,2026-02-08 01:33:00,0.0
GEOP_20260402.csv,2026-02-08 01:36:00,0.0
GEOP_20260402.csv,2026-02-08 01:39:00,0.0
GEOP_20260402.csv,2026-02-08 01:42:00,0.0
GEOP_20260402.csv,2026-02-08 01:45:00,0.0
GEOP_20260402.csv,2026-02-08 01:48:00,0.0
GEOP_20260402.csv,2026-02-08 01:51:00,0.0
GEOP_20260402.csv,2026-02-08 01:54:00,0.0
GEOP_20260402.csv,2026-02-08 01:57:00,0.0
GEOP_20260402.csv,2026-02-08 02:00:00,0.0
GEOP_20260402.csv,2026-02-08 02:03:00,0.0
GEOP_20260402.csv,2026-02-08 02:06:01,0.0
GEOP_20260402.csv,2026-02-08 02:09:00,0.0
GEOP_20260402.csv,2026-02-08 02:12:00,0.0
GEOP_20260402.csv,2026-02-08 02:15:00,0.0
GEOP_20260402.csv,2026-02-08 02:18:00,0.0
GEOP_20260402.csv,2026-02-08 02:21:00,0.0
GEOP_20260402.csv,2026-02-08 02:24:00,0.0
GEOP_20260402.csv,2026-02-08 02:27:00,0.0
GEOP_20260402.csv,2026-02-08 02:30:00,0.0
GEOP_20260402.csv,2026-02-08 02:33:00,0.0
GEOP_20260402.csv,2026-02-08 02:36:00,0.0
GEOP_20260402.csv,2026-02-08 02:39:00,0.0
GEOP_20260402.csv,2026-02-08 02:42:00,0.0
GEOP_20260402.csv,2026-02-08 02:45:00,0.0
GEOP_20260402.csv,2026-02-08 02:48:00,0.0
GEOP_20260402.csv,2026-02-08 02:51:00,0.0
GEOP_20260402.csv,2026-02-08 02:54:00,0.0
GEOP_20260402.csv,2026-02-08 02:57:00,0.0
GEOP_20260402.csv,2026-02-08 03:00:00,0.0
GEOP_20260402.csv,2026-02-08 03:03:00,0.0
GEOP_20260402.csv,2026-02-08 03:06:00,0.0
GEOP_20260402.csv,2026-02-08 03:09:00,0.0
GEOP_20260402.csv,2026-02-08 03:12:00,0.0
GEOP_20260402.csv,2026-02-08 03:15:00,0.0
GEOP_20260402.csv,2026-02-08 03:18:00,0.0
GEOP_20260402.csv,2026-02-08 03:21:00,0.0
GEOP_20260402.csv,2026-02-08 03:24:00,0.0
GEOP_20260402.csv,2026-02-08 03:27:01,0.0
GEOP_20260402.csv,2026-02-08 03:30:00,0.0
GEOP_20260402.csv,2026-02-08 03:33:00,0.0
GEOP_20260402.csv,2026-02-08 03:36:00,0.0
GEOP_20260402.csv,2026-02-08 03:39:00,0.0
GEOP_20260402.csv,2026-02-08 03:42:00,0.0
GEOP_20260402.csv,2026-02-08 03:45:00,0.0
GEOP_20260402.csv,2026-02-08 03:48:00,0.0
GEOP_20260402.csv,2026-02-08 03:51:00,0.0
GEOP_20260402.csv,2026-02-08 03:54:00,0.0
GEOP_20260402.csv,2026-02-08 03:57:00,0.0
GEOP_20260402.csv,2026-02-08 04:00:00,0.0
GEOP_20260402.csv,2026-02-08 04:03:00,0.0
GEOP_20260402.csv,2026-02-08 04:06:00,0.0
GEOP_20260402.csv,2026-02-08 04:09:00,0.0
GEOP_20260402.csv,2026-02-08 04:12:00,0.0
GEOP_20260402.csv,2026-02-08 04:15:00,0.0
GEOP_20260402.csv,2026-02-08 04:18:00,0.0
GEOP_20260402.csv,2026-02-08 04:21:00,0.0
GEOP_20260402.csv,2026-02-08 04:24:00,0.0
GEOP_20260402.csv,2026-02-08 04:27:00,0.0
GEOP_20260402.csv,2026-02-08 04:30:00,0.0
GEOP_20260402.csv,2026-02-08 04:33:00,0.0
GEOP_20260402.csv,2026-02-08 04:36:00,0.0
GEOP_20260402.csv,2026-02-08 04:39:00,0.0
GEOP_20260402.csv,2026-02-08 04:42:00,0.0
GEOP_20260402.csv,2026-02-08 04:45:00,0.0
GEOP_20260402.csv,2026-02-08 04:48:00,0.0
GEOP_20260402.csv,2026-02-08 04:51:00,0.0
GEOP_20260402.csv,2026-02-08 04:54:00,0.0
GEOP_20260402.csv,2026-02-08 04:57:00,0.0
GEOP_20260402.csv,2026-02-08 05:00:00,0.0
GEOP_20260402.csv,2026-02-08 05:03:00,0.0
GEOP_20260402.csv,2026-02-08 05:06:00,0.0
GEOP_20260402.csv,2026-02-08 05:09:00,0.0
GEOP_20260402.csv,2026-02-08 05:12:00,0.0
GEOP_20260402.csv,2026-02-08 05:15:00,0.0
GEOP_20260402.csv,2026-02-08 05:18:00,0.0
GEOP_20260402.csv,2026-02-08 05:21:00,0.0
GEOP_20260402.csv,2026-02-08 05:24:00,0.0
GEOP_20260402.csv,2026-02-08 05:27:00,0.0
GEOP_20260402.csv,2026-02-08 05:30:00,0.0
GEOP_20260402.csv,2026-02-08 05:33:00,0.0
GEOP_20260402.csv,2026-02-08 05:36:00,0.0
GEOP_20260402.csv,2026-02-08 05:39:00,0.0
GEOP_20260402.csv,2026-02-08 05:42:00,0.0
GEOP_20260402.csv,2026-02-08 05:45:00,0.0
GEOP_20260402.csv,2026-02-08 05:48:00,0.0
GEOP_20260402.csv,2026-02-08 05:51:00,0.0
GEOP_20260402.csv,2026-02-08 05:54:00,0.0
GEOP_20260402.csv,2026-02-08 05:57:00,0.0
GEOP_20260402.csv,2026-02-08 06:00:00,0.0
GEOP_20260402.csv,2026-02-08 06:03:00,0.0
GEOP_20260402.csv,2026-02-08 06:06:00,0.0
GEOP_20260402.csv,2026-02-08 06:09:00,0.0
GEOP_20260402.csv,2026-02-08 06:12:00,0.0
GEOP_20260402.csv,2026-02-08 06:15:00,0.0
GEOP_20260402.csv,2026-02-08 06:18:00,0.0
GEOP_20260402.csv,2026-02-08 06:21:00,0.0
GEOP_20260402.csv,2026-02-08 06:24:00,0.0
GEOP_20260402.csv,2026-02-08 06:27:00,0.0
GEOP_20260402.csv,2026-02-08 06:30:00,0.0
GEOP_20260402.csv,2026-02-08 06:33:00,0.0
GEOP_20260402.csv,2026-02-08 06:36:00,0.0
GEOP_20260402.csv,2026-02-08 06:39:00,0.0
GEOP_20260402.csv,2026-02-08 06:42:00,0.0
GEOP_20260402.csv,2026-02-08 06:45:00,0.0
GEOP_20260402.csv,2026-02-08 06:48:00,0.0
GEOP_20260402.csv,2026-02-08 06:51:00,0.0
GEOP_20260402.csv,2026-02-08 06:54:00,0.0
GEOP_20260402.csv,2026-02-08 06:57:00,0.0
GEOP_20260402.csv,2026-02-08 07:00:00,0.0
GEOP_20260402.csv,2026-02-08 07:03:00,0.0
GEOP_20260402.csv,2026-02-08 07:06:00,0.0
GEOP_20260402.csv,2026-02-08 07:09:00,0.0
GEOP_20260402.csv,2026-02-08 07:12:00,0.0
GEOP_20260402.csv,2026-02-08 07:15:00,0.0
GEOP_20260402.csv,2026-02-08 07:18:00,0.0
GEOP_20260402.csv,2026-02-08 07:21:00,0.0
GEOP_20260402.csv,2026-02-08 07:24:00,0.0
GEOP_20260402.csv,2026-02-08 07:27:00,0.0
GEOP_20260402.csv,2026-02-08 07:30:00,0.0
GEOP_20260402.csv,2026-02-08 07:33:00,0.0
GEOP_20260402.csv,2026-02-08 07:36:00,0.0
GEOP_20260402.csv,2026-02-08 07:39:00,0.0
GEOP_20260402.csv,2026-02-08 07:42:00,0.0
GEOP_20260402.csv,2026-02-08 07:48:00,0.0
GEOP_20260402.csv,2026-02-08 07:51:00,0.0
GEOP_20260402.csv,2026-02-08 07:54:00,0.0
GEOP_20260402.csv,2026-02-08 07:57:00,0.0
GEOP_20260402.csv,2026-02-08 08:00:00,0.0
GEOP_20260402.csv,2026-02-08 08:03:00,0.0
GEOP_20260402.csv,2026-02-08 08:06:00,0.0
GEOP_20260402.csv,2026-02-08 08:09:00,0.0
GEOP_20260402.csv,2026-02-08 08:12:00,0.0
GEOP_20260402.csv,2026-02-08 08:15:00,0.0
GEOP_20260402.csv,2026-02-08 08:18:00,0.0
GEOP_20260402.csv,2026-02-08 08:21:00,0.0
GEOP_20260402.csv,2026-02-08 08:24:00,0.0
GEOP_20260402.csv,2026-02-08 08:27:00,0.0
GEOP_20260402.csv,2026-02-08 08:30:00,0.0
GEOP_20260402.csv,2026-02-08 08:33:00,0.0
GEOP_20260402.csv,2026-02-08 08:36:00,0.0
GEOP_20260402.csv,2026-02-08 08:39:00,0.0
GEOP_20260402.csv,2026-02-08 08:42:00,0.0
GEOP_20260402.csv,2026-02-08 08:45:00,0.0
GEOP_20260402.csv,2026-02-08 08:48:00,0.0
GEOP_20260402.csv,2026-02-08 08:51:00,0.0
GEOP_20260402.csv,2026-02-08 08:54:00,0.0
GEOP_20260402.csv,2026-02-08 08:57:00,0.0
GEOP_20260402.csv,2026-02-08 09:00:00,0.0
GEOP_20260402.csv,2026-02-08 09:03:00,0.0
GEOP_20260402.csv,2026-02-08 09:06:00,0.0
GEOP_20260402.csv,2026-02-08 09:09:00,0.0
GEOP_20260402.csv,2026-02-08 09:12:00,0.0
GEOP_20260402.csv,2026-02-08 09:15:00,0.0
GEOP_20260402.csv,2026-02-08 09:18:00,0.0
GEOP_20260402.csv,2026-02-08 09:24:00,0.0
GEOP_20260402.csv,2026-02-08 09:27:00,0.0
GEOP_20260402.csv,2026-02-08 09:30:00,0.0
GEOP_20260402.csv,2026-02-08 09:33:00,0.0
GEOP_20260402.csv,2026-02-08 09:36:00,0.0
GEOP_20260402.csv,2026-02-08 09:39:00,0.0
GEOP_20260402.csv,2026-02-08 09:42:00,0.0
GEOP_20260402.csv,2026-02-08 09:45:00,0.0
GEOP_20260402.csv,2026-02-08 09:48:00,0.0
GEOP_20260402.csv,2026-02-08 09:51:00,0.0
GEOP_20260402.csv,2026-02-08 09:54:00,0.0
GEOP_20260402.csv,2026-02-08 09:57:00,0.0
GEOP_20260402.csv,2026-02-08 10:00:00,0.0
GEOP_20260402.csv,2026-02-08 10:03:00,0.0
GEOP_20260402.csv,2026-02-08 10:06:00,0.0
GEOP_20260402.csv,2026-02-08 10:09:00,0.0
GEOP_20260402.csv,2026-02-08 10:12:00,0.0
GEOP_20260402.csv,2026-02-08 10:15:00,0.0
GEOP_20260402.csv,2026-02-08 10:18:00,0.0
GEOP_20260402.csv,2026-02-08 10:21:00,0.0
GEOP_20260402.csv,2026-02-08 10:24:00,0.0
GEOP_20260402.csv,2026-02-08 10:27:00,0.0
GEOP_20260402.csv,2026-02-08 10:30:00,0.0
GEOP_20260402.csv,2026-02-08 10:36:00,0.0
GEOP_20260402.csv,2026-02-08 10:39:00,0.0
GEOP_20260402.csv,2026-02-08 10:42:00,0.0
GEOP_20260402.csv,2026-02-08 10:45:00,0.0
GEOP_20260402.csv,2026-02-08 10:48:00,0.0
GEOP_20260402.csv,2026-02-08 10:54:00,0.0
GEOP_20260402.csv,2026-02-08 10:57:00,0.0
GEOP_20260402.csv,2026-02-08 11:00:00,0.0
GEOP_20260402.csv,2026-02-08 11:03:00,0.0
GEOP_20260402.csv,2026-02-08 11:06:00,0.0
GEOP_20260402.csv,2026-02-08 11:09:00,0.0
GEOP_20260402.csv,2026-02-08 11:12:00,0.0
GEOP_20260402.csv,2026-02-08 11:15:00,0.0
GEOP_20260402.csv,2026-02-08 11:18:00,0.0
GEOP_20260402.csv,2026-02-08 11:21:00,0.0
GEOP_20260402.csv,2026-02-08 11:24:00,0.0
GEOP_20260402.csv,2026-02-08 11:27:00,0.0
GEOP_20260402.csv,2026-02-08 11:30:00,0.0
GEOP_20260402.csv,2026-02-08 11:33:00,0.0
GEOP_20260402.csv,2026-02-08 11:36:00,0.0
GEOP_20260402.csv,2026-02-08 11:39:00,0.0
GEOP_20260402.csv,2026-02-08 11:42:00,0.0
GEOP_20260402.csv,2026-02-08 11:45:00,0.0
GEOP_20260402.csv,2026-02-08 11:48:00,0.0
GEOP_20260402.csv,2026-02-08 11:51:00,0.0
GEOP_20260402.csv,2026-02-08 11:54:00,0.0
GEOP_20260402.csv,2026-02-08 11:57:00,0.0
GEOP_20260402.csv,2026-02-08 12:00:00,0.0
GEOP_20260402.csv,2026-02-08 12:03:00,0.0
GEOP_20260402.csv,2026-02-08 12:06:00,0.0
GEOP_20260402.csv,2026-02-08 12:12:00,0.0
GEOP_20260402.csv,2026-02-08 12:15:00,0.0
GEOP_20260402.csv,2026-02-08 12:18:00,0.0
GEOP_20260402.csv,2026-02-08 12:21:00,0.0
GEOP_20260402.csv,2026-02-08 12:24:00,0.0
GEOP_20260402.csv,2026-02-08 12:27:00,0.0
GEOP_20260402.csv,2026-02-08 12:30:00,0.0
GEOP_20260402.csv,2026-02-08 12:33:00,0.0
GEOP_20260402.csv,2026-02-08 12:36:00,0.0
GEOP_20260402.csv,2026-02-08 12:39:00,0.0
GEOP_20260402.csv,2026-02-08 12:42:00,0.0
GEOP_20260402.csv,2026-02-08 12:45:00,0.0
GEOP_20260402.csv,2026-02-08 12:48:00,0.0
GEOP_20260402.csv,2026-02-08 12:51:00,0.0
GEOP_20260402.csv,2026-02-08 12:54:00,0.0
GEOP_20260402.csv,2026-02-08 12:57:00,0.0
GEOP_20260402.csv,2026-02-08 13:00:00,0.0
GEOP_20260402.csv,2026-02-08 13:03:00,0.0
GEOP_20260402.csv,2026-02-08 13:06:00,0.0
GEOP_20260402.csv,2026-02-08 13:09:00,0.0
GEOP_20260402.csv,2026-02-08 13:12:00,0.0
GEOP_20260402.csv,2026-02-08 13:15:00,0.0
GEOP_20260402.csv,2026-02-08 13:18:00,0.0
GEOP_20260402.csv,2026-02-08 13:24:00,0.0
GEOP_20260402.csv,2026-02-08 13:27:00,0.0
GEOP_20260402.csv,2026-02-08 13:30:00,0.0
GEOP_20260402.csv,2026-02-08 13:33:00,0.0
GEOP_20260402.csv,2026-02-08 13:36:00,0.0
GEOP_20260402.csv,2026-02-08 13:39:00,0.0
GEOP_20260402.csv,2026-02-08 13:42:00,0.0
GEOP_20260402.csv,2026-02-08 13:45:00,0.0
GEOP_20260402.csv,2026-02-08 13:48:00,0.0
GEOP_20260402.csv,2026-02-08 13:51:00,0.0
GEOP_20260402.csv,2026-02-08 13:54:00,0.0
GEOP_20260402.csv,2026-02-08 13:57:00,0.0
GEOP_20260402.csv,2026-02-08 14:00:00,0.0
GEOP_20260402.csv,2026-02-08 14:03:00,0.0
GEOP_20260402.csv,2026-02-08 14:06:00,0.0
GEOP_20260402.csv,2026-02-08 14:09:00,0.0
GEOP_20260402.csv,2026-02-08 14:12:00,0.0
GEOP_20260402.csv,2026-02-08 14:15:00,0.0
GEOP_20260402.csv,2026-02-08 14:18:00,0.0
GEOP_20260402.csv,2026-02-08 14:21:00,0.0
GEOP_20260402.csv,2026-02-08 14:24:00,0.0
GEOP_20260402.csv,2026-02-08 14:26:59,0.0
GEOP_20260402.csv,2026-02-08 14:30:00,0.0
GEOP_20260402.csv,2026-02-08 14:33:00,0.0
GEOP_20260402.csv,2026-02-08 14:35:59,0.0
GEOP_20260402.csv,2026-02-08 14:38:59,0.0
GEOP_20260402.csv,2026-02-08 14:42:00,0.0
GEOP_20260402.csv,2026-02-08 14:44:59,0.0
GEOP_20260402.csv,2026-02-08 14:47:59,0.0
GEOP_20260402.csv,2026-02-08 14:50:59,0.0
GEOP_20260402.csv,2026-02-08 14:53:59,0.0
GEOP_20260402.csv,2026-02-08 14:57:00,0.0
GEOP_20260402.csv,2026-02-08 14:59:59,0.0
GEOP_20260402.csv,2026-02-08 15:02:59,0.0
GEOP_20260402.csv,2026-02-08 15:05:59,0.0
GEOP_20260402.csv,2026-02-08 15:08:59,0.0
GEOP_20260402.csv,2026-02-08 15:11:59,0.0
GEOP_20260402.csv,2026-02-08 15:14:59,0.0
GEOP_20260402.csv,2026-02-08 15:17:59,0.0
GEOP_20260402.csv,2026-02-08 15:20:59,0.0
GEOP_20260402.csv,2026-02-08 15:23:59,0.0
GEOP_20260402.csv,2026-02-08 15:26:59,0.0
GEOP_20260402.csv,2026-02-08 15:29:59,0.0
GEOP_20260402.csv,2026-02-08 15:32:59,0.0
GEOP_20260402.csv,2026-02-08 15:35:59,0.0
GEOP_20260402.csv,2026-02-08 15:38:59,0.0
GEOP_20260402.csv,2026-02-08 15:41:59,0.0
GEOP_20260402.csv,2026-02-08 15:44:59,0.0
GEOP_20260402.csv,2026-02-08 15:47:59,0.0
GEOP_20260402.csv,2026-02-08 15:50:59,0.0
GEOP_20260402.csv,2026-02-08 15:53:59,0.0
GEOP_20260402.csv,2026-02-08 15:56:59,0.0
GEOP_20260402.csv,2026-02-08 15:59:59,0.0
GEOP_20260402.csv,2026-02-08 16:02:59,0.0
GEOP_20260402.csv,2026-02-08 16:05:59,0.0
GEOP_20260402.csv,2026-02-08 16:08:59,0.0
GEOP_20260402.csv,2026-02-08 16:11:59,0.0
GEOP_20260402.csv,2026-02-08 16:14:59,0.0
GEOP_20260402.csv,2026-02-08 16:17:59,0.0
GEOP_20260402.csv,2026-02-08 16:20:59,0.0
GEOP_20260402.csv,2026-02-08 16:23:59,0.0
GEOP_20260402.csv,2026-02-08 16:29:59,0.0
GEOP_20260402.csv,2026-02-08 16:32:59,0.0
GEOP_20260402.csv,2026-02-08 16:35:59,0.0
GEOP_20260402.csv,2026-02-08 16:38:59,0.0
GEOP_20260402.csv,2026-02-08 16:41:59,0.0
GEOP_20260402.csv,2026-02-08 16:44:59,0.0
GEOP_20260402.csv,2026-02-08 16:47:59,0.0
GEOP_20260402.csv,2026-02-08 16:50:59,0.0
GEOP_20260402.csv,2026-02-08 16:53:59,0.0
GEOP_20260402.csv,2026-02-08 16:56:59,0.0
GEOP_20260402.csv,2026-02-08 16:59:59,0.0
GEOP_20260402.csv,2026-02-08 17:02:59,0.0
GEOP_20260402.csv,2026-02-08 17:05:59,0.0
GEOP_20260402.csv,2026-02-08 17:08:59,0.0
GEOP_20260402.csv,2026-02-08 17:11:59,0.0
GEOP_20260402.csv,2026-02-08 17:14:59,0.0
GEOP_20260402.csv,2026-02-08 17:17:59,0.0
GEOP_20260402.csv,2026-02-08 17:20:59,0.0
GEOP_20260402.csv,2026-02-08 17:23:59,0.0
GEOP_20260402.csv,2026-02-08 17:26:59,0.0
GEOP_20260402.csv,2026-02-08 17:29:59,0.0
GEOP_20260402.csv,2026-02-08 17:32:59,0.0
GEOP_20260402.csv,2026-02-08 17:35:59,0.0
GEOP_20260402.csv,2026-02-08 17:38:59,0.0
GEOP_20260402.csv,2026-02-08 17:41:59,0.0
GEOP_20260402.csv,2026-02-08 17:44:59,0.0
GEOP_20260402.csv,2026-02-08 17:47:59,0.0
GEOP_20260402.csv,2026-02-08 17:50:59,0.0
GEOP_20260402.csv,2026-02-08 17:53:59,0.0
GEOP_20260402.csv,2026-02-08 17:56:59,0.0
GEOP_20260402.csv,2026-02-08 17:59:59,0.0
GEOP_20260402.csv,2026-02-08 18:02:59,0.0
GEOP_20260402.csv,2026-02-08 18:05:59,0.0
GEOP_20260402.csv,2026-02-08 18:08:59,0.0
GEOP_20260402.csv,2026-02-08 18:11:59,0.0
GEOP_20260402.csv,2026-02-08 18:14:59,0.0
GEOP_20260402.csv,2026-02-08 18:17:59,0.0
GEOP_20260402.csv,2026-02-08 18:20:59,0.0
GEOP_20260402.csv,2026-02-08 18:23:59,0.0
GEOP_20260402.csv,2026-02-08 18:26:59,0.0
GEOP_20260402.csv,2026-02-08 18:29:59,0.0
GEOP_20260402.csv,2026-02-08 18:32:59,0.0
GEOP_20260402.csv,2026-02-08 18:35:59,0.0
GEOP_20260402.csv,2026-02-08 18:38:59,0.0
GEOP_20260402.csv,2026-02-08 18:41:59,0.0
GEOP_20260402.csv,2026-02-08 18:44:59,0.0
GEOP_20260402.csv,2026-02-08 18:47:59,0.0
GEOP_20260402.csv,2026-02-08 18:50:59,0.0
GEOP_20260402.csv,2026-02-08 18:53:59,0.0
GEOP_20260402.csv,2026-02-08 18:56:59,0.0
GEOP_20260402.csv,2026-02-08 18:59:59,0.0
GEOP_20260402.csv,2026-02-08 19:02:59,0.0
GEOP_20260402.csv,2026-02-08 19:05:59,0.0
GEOP_20260402.csv,2026-02-08 19:08:59,0.0
GEOP_20260402.csv,2026-02-08 19:11:59,0.0
GEOP_20260402.csv,2026-02-08 19:14:59,0.0
GEOP_20260402.csv,2026-02-08 19:17:59,0.0
GEOP_20260402.csv,2026-02-08 19:20:59,0.0
GEOP_20260402.csv,2026-02-08 19:23:59,0.0
GEOP_20260402.csv,2026-02-08 19:26:59,0.0
GEOP_20260402.csv,2026-02-08 19:29:59,0.0
GEOP_20260402.csv,2026-02-08 19:32:59,0.0
GEOP_20260402.csv,2026-02-08 19:35:59,0.0
GEOP_20260402.csv,2026-02-08 19:38:59,0.0
GEOP_20260402.csv,2026-02-08 19:41:59,0.0
GEOP_20260402.csv,2026-02-08 19:44:59,0.0
GEOP_20260402.csv,2026-02-08 19:47:59,0.0
GEOP_20260402.csv,2026-02-08 19:50:59,0.0
GEOP_20260402.csv,2026-02-08 19:53:59,0.0
GEOP_20260402.csv,2026-02-08 19:56:59,0.0
GEOP_20260402.csv,2026-02-08 19:59:59,0.0
GEOP_20260402.csv,2026-02-08 20:02:59,0.0
GEOP_20260402.csv,2026-02-08 20:05:59,0.0
GEOP_20260402.csv,2026-02-08 20:08:59,0.0
GEOP_20260402.csv,2026-02-08 20:11:59,0.0
GEOP_20260402.csv,2026-02-08 20:14:59,0.0
GEOP_20260402.csv,2026-02-08 20:17:59,0.0
GEOP_20260402.csv,2026-02-08 20:20:59,0.0
GEOP_20260402.csv,2026-02-08 20:23:59,0.0
GEOP_20260402.csv,2026-02-08 20:26:59,0.0
GEOP_20260402.csv,2026-02-08 20:29:59,0.0
GEOP_20260402.csv,2026-02-08 20:35:59,0.0
GEOP_20260402.csv,2026-02-08 20:38:59,0.0
GEOP_20260402.csv,2026-02-08 20:41:59,0.0
GEOP_20260402.csv,2026-02-08 20:44:59,0.0
GEOP_20260402.csv,2026-02-08 20:47:59,0.0
GEOP_20260402.csv,2026-02-08 20:50:59,0.0
GEOP_20260402.csv,2026-02-08 20:53:59,0.0
GEOP_20260402.csv,2026-02-08 20:56:59,0.0
GEOP_20260402.csv,2026-02-08 20:59:59,0.0
GEOP_20260402.csv,2026-02-08 21:02:59,0.0
GEOP_20260402.csv,2026-02-08 21:05:59,0.0
GEOP_20260402.csv,2026-02-08 21:08:59,0.0
GEOP_20260402.csv,2026-02-08 21:11:59,0.0
GEOP_20260402.csv,2026-02-08 21:14:59,0.0
GEOP_20260402.csv,2026-02-08 21:17:59,0.0
GEOP_20260402.csv,2026-02-08 21:20:59,0.0
GEOP_20260402.csv,2026-02-08 21:23:59,0.0
GEOP_20260402.csv,2026-02-08 21:26:59,0.0
GEOP_20260402.csv,2026-02-08 21:29:59,0.0
GEOP_20260402.csv,2026-02-08 21:32:59,0.0
GEOP_20260402.csv,2026-02-08 21:35:59,0.0
GEOP_20260402.csv,2026-02-08 21:38:59,0.0
GEOP_20260402.csv,2026-02-08 21:41:59,0.0
GEOP_20260402.csv,2026-02-08 21:47:59,0.0
GEOP_20260402.csv,2026-02-08 21:50:59,0.0
GEOP_20260402.csv,2026-02-08 21:53:59,0.0
GEOP_20260402.csv,2026-02-08 21:56:59,0.0
GEOP_20260402.csv,2026-02-08 21:59:59,0.0
GEOP_20260402.csv,2026-02-08 22:02:59,0.0
GEOP_20260402.csv,2026-02-08 22:05:59,0.0
GEOP_20260402.csv,2026-02-08 22:08:59,0.0
GEOP_20260402.csv,2026-02-08 22:11:59,0.0
GEOP_20260402.csv,2026-02-08 22:14:59,0.0
GEOP_20260402.csv,2026-02-08 22:17:59,0.0
GEOP_20260402.csv,2026-02-08 22:20:59,0.0
GEOP_20260402.csv,2026-02-08 22:23:59,0.0
GEOP_20260402.csv,2026-02-08 22:26:59,0.0
GEOP_20260402.csv,2026-02-08 22:29:59,0.0
GEOP_20260402.csv,2026-02-08 22:32:59,0.0
GEOP_20260402.csv,2026-02-08 22:35:59,0.0
GEOP_20260402.csv,2026-02-08 22:38:59,0.0
GEOP_20260402.csv,2026-02-08 22:41:59,0.0
GEOP_20260402.csv,2026-02-08 22:44:59,0.0
GEOP_20260402.csv,2026-02-08 22:47:59,0.0
GEOP_20260402.csv,2026-02-08 22:50:59,0.0
GEOP_20260402.csv,2026-02-08 22:53:59,0.0
GEOP_20260402.csv,2026-02-08 22:56:59,0.0
GEOP_20260402.csv,2026-02-08 22:59:59,0.0
GEOP_20260402.csv,2026-02-08 23:02:59,0.0
GEOP_20260402.csv,2026-02-08 23:05:59,0.0
GEOP_20260402.csv,2026-02-08 23:08:59,0.0
GEOP_20260402.csv,2026-02-08 23:11:59,0.0
GEOP_20260402.csv,2026-02-08 23:14:59,0.0
GEOP_20260402.csv,2026-02-08 23:17:59,0.0
GEOP_20260402.csv,2026-02-08 23:20:59,0.0
GEOP_20260402.csv,2026-02-08 23:23:59,0.0
GEOP_20260402.csv,2026-02-08 23:26:59,0.0
GEOP_20260402.csv,2026-02-08 23:29:59,0.0
GEOP_20260402.csv,2026-02-08 23:32:59,0.0
GEOP_20260402.csv,2026-02-08 23:35:59,0.0
GEOP_20260402.csv,2026-02-08 23:38:59,0.0
GEOP_20260402.csv,2026-02-08 23:41:59,0.0
GEOP_20260402.csv,2026-02-08 23:44:59,0.0
GEOP_20260402.csv,2026-02-08 23:47:59,0.0
GEOP_20260402.csv,2026-02-08 23:50:59,0.0
GEOP_20260402.csv,2026-02-08 23:53:59,0.0
GEOP_20260402.csv,2026-02-08 23:56:59,0.0
GEOP_20260402.csv,2026-02-08 23:59:59,0.0
GEOP_20260402.csv,2026-02-09 00:02:59,0.0
GEOP_20260402.csv,2026-02-09 00:05:59,0.0
GEOP_20260402.csv,2026-02-09 00:08:59,0.0
GEOP_20260402.csv,2026-02-09 00:11:59,0.0
GEOP_20260402.csv,2026-02-09 00:14:59,0.0
GEOP_20260402.csv,2026-02-09 00:17:59,0.0
GEOP_20260402.csv,2026-02-09 00:20:59,0.0
GEOP_20260402.csv,2026-02-09 00:23:59,0.0
GEOP_20260402.csv,2026-02-09 00:26:59,0.0
GEOP_20260402.csv,2026-02-09 00:29:59,0.0
GEOP_20260402.csv,2026-02-09 00:32:59,0.0
GEOP_20260402.csv,2026-02-09 00:35:59,0.0
GEOP_20260402.csv,2026-02-09 00:38:59,0.0
GEOP_20260402.csv,2026-02-09 00:41:59,0.0
GEOP_20260402.csv,2026-02-09 00:44:59,0.0
GEOP_20260402.csv,2026-02-09 00:47:59,0.0
GEOP_20260402.csv,2026-02-09 00:50:59,0.0
GEOP_20260402.csv,2026-02-09 00:53:59,0.0
GEOP_20260402.csv,2026-02-09 00:56:59,0.0
GEOP_20260402.csv,2026-02-09 00:59:59,0.0
GEOP_20260402.csv,2026-02-09 01:02:59,0.0
GEOP_20260402.csv,2026-02-09 01:05:59,0.0
GEOP_20260402.csv,2026-02-09 01:08:59,0.0
GEOP_20260402.csv,2026-02-09 01:11:59,0.0
GEOP_20260402.csv,2026-02-09 01:14:59,0.0
GEOP_20260402.csv,2026-02-09 01:17:59,0.0
GEOP_20260402.csv,2026-02-09 01:20:59,0.0
GEOP_20260402.csv,2026-02-09 01:23:59,0.0
GEOP_20260402.csv,2026-02-09 01:26:59,0.0
GEOP_20260402.csv,2026-02-09 01:29:59,0.0
GEOP_20260402.csv,2026-02-09 01:32:59,0.0
GEOP_20260402.csv,2026-02-09 01:35:59,0.0
GEOP_20260402.csv,2026-02-09 01:38:59,0.0
GEOP_20260402.csv,2026-02-09 01:41:59,0.0
GEOP_20260402.csv,2026-02-09 01:44:59,0.0
GEOP_20260402.csv,2026-02-09 01:47:59,0.0
GEOP_20260402.csv,2026-02-09 01:50:59,0.0
GEOP_20260402.csv,2026-02-09 01:53:59,0.0
GEOP_20260402.csv,2026-02-09 01:56:59,0.0
GEOP_20260402.csv,2026-02-09 01:59:59,0.0
GEOP_20260402.csv,2026-02-09 02:02:59,0.0
GEOP_20260402.csv,2026-02-09 02:05:59,0.0
GEOP_20260402.csv,2026-02-09 02:08:59,0.0
GEOP_20260402.csv,2026-02-09 02:11:59,0.0
GEOP_20260402.csv,2026-02-09 02:14:59,0.0
GEOP_20260402.csv,2026-02-09 02:17:59,0.0
GEOP_20260402.csv,2026-02-09 02:20:59,0.0
GEOP_20260402.csv,2026-02-09 02:23:59,0.0
GEOP_20260402.csv,2026-02-09 02:26:59,0.0
GEOP_20260402.csv,2026-02-09 02:29:59,0.0
GEOP_20260402.csv,2026-02-09 02:32:59,0.0
GEOP_20260402.csv,2026-02-09 02:35:59,0.0
GEOP_20260402.csv,2026-02-09 02:38:59,0.0
GEOP_20260402.csv,2026-02-09 02:41:59,0.0
GEOP_20260402.csv,2026-02-09 02:44:59,0.0
GEOP_20260402.csv,2026-02-09 02:47:59,0.0
GEOP_20260402.csv,2026-02-09 02:50:59,0.0
GEOP_20260402.csv,2026-02-09 02:53:59,0.0
GEOP_20260402.csv,2026-02-09 02:56:59,0.0
GEOP_20260402.csv,2026-02-09 02:59:59,0.0
GEOP_20260402.csv,2026-02-09 03:02:59,0.0
GEOP_20260402.csv,2026-02-09 03:05:59,0.0
GEOP_20260402.csv,2026-02-09 03:08:59,0.0
GEOP_20260402.csv,2026-02-09 03:11:59,0.0
GEOP_20260402.csv,2026-02-09 03:14:59,0.0
GEOP_20260402.csv,2026-02-09 03:17:59,0.0
GEOP_20260402.csv,2026-02-09 03:20:59,0.0
GEOP_20260402.csv,2026-02-09 03:23:59,0.0
GEOP_20260402.csv,2026-02-09 03:26:59,0.0
GEOP_20260402.csv,2026-02-09 03:29:59,0.0
GEOP_20260402.csv,2026-02-09 03:32:59,0.0
GEOP_20260402.csv,2026-02-09 03:35:59,0.0
GEOP_20260402.csv,2026-02-09 03:38:59,0.0
GEOP_20260402.csv,2026-02-09 03:41:59,0.0
GEOP_20260402.csv,2026-02-09 03:44:59,0.0
GEOP_20260402.csv,2026-02-09 03:47:59,0.0
GEOP_20260402.csv,2026-02-09 03:50:59,0.0
GEOP_20260402.csv,2026-02-09 03:53:59,0.0
GEOP_20260402.csv,2026-02-09 03:56:59,0.0
GEOP_20260402.csv,2026-02-09 03:59:59,0.0
GEOP_20260402.csv,2026-02-09 04:02:59,0.0
GEOP_20260402.csv,2026-02-09 04:05:59,0.0
GEOP_20260402.csv,2026-02-09 04:08:59,0.0
GEOP_20260402.csv,2026-02-09 04:11:59,0.0
GEOP_20260402.csv,2026-02-09 04:14:59,0.0
GEOP_20260402.csv,2026-02-09 04:17:59,0.0
GEOP_20260402.csv,2026-02-09 04:20:59,0.0
GEOP_20260402.csv,2026-02-09 04:23:59,0.0
GEOP_20260402.csv,2026-02-09 04:26:59,0.0
GEOP_20260402.csv,2026-02-09 04:29:59,0.0
GEOP_20260402.csv,2026-02-09 04:32:59,0.0
GEOP_20260402.csv,2026-02-09 04:35:59,0.0
GEOP_20260402.csv,2026-02-09 04:38:59,0.0
GEOP_20260402.csv,2026-02-09 04:41:59,0.0
GEOP_20260402.csv,2026-02-09 04:44:59,0.0
GEOP_20260402.csv,2026-02-09 04:47:59,0.0
GEOP_20260402.csv,2026-02-09 04:50:59,0.0
GEOP_20260402.csv,2026-02-09 04:53:59,0.0
GEOP_20260402.csv,2026-02-09 04:56:59,0.0
GEOP_20260402.csv,2026-02-09 04:59:59,0.0
GEOP_20260402.csv,2026-02-09 05:02:59,0.0
GEOP_20260402.csv,2026-02-09 05:05:59,0.0
GEOP_20260402.csv,2026-02-09 05:08:59,0.0
GEOP_20260402.csv,2026-02-09 05:11:59,0.0
GEOP_20260402.csv,2026-02-09 05:14:59,0.0
GEOP_20260402.csv,2026-02-09 05:17:59,0.0
GEOP_20260402.csv,2026-02-09 05:20:59,0.0
GEOP_20260402.csv,2026-02-09 05:23:58,0.0
GEOP_20260402.csv,2026-02-09 05:26:58,0.0
GEOP_20260402.csv,2026-02-09 05:29:58,0.0
GEOP_20260402.csv,2026-02-09 05:32:59,0.0
GEOP_20260402.csv,2026-02-09 05:35:58,0.0
GEOP_20260402.csv,2026-02-09 05:38:58,0.0
GEOP_20260402.csv,2026-02-09 05:41:59,0.0
GEOP_20260402.csv,2026-02-09 05:44:59,0.0
GEOP_20260402.csv,2026-02-09 05:47:58,0.0
GEOP_20260402.csv,2026-02-09 05:50:59,0.0
GEOP_20260402.csv,2026-02-09 05:53:58,0.0
GEOP_20260402.csv,2026-02-09 05:56:58,0.0
GEOP_20260402.csv,2026-02-09 05:59:58,0.0
GEOP_20260402.csv,2026-02-09 06:02:58,0.0
GEOP_20260402.csv,2026-02-09 06:05:58,0.0
GEOP_20260402.csv,2026-02-09 06:08:58,0.0
GEOP_20260402.csv,2026-02-09 06:11:58,0.0
GEOP_20260402.csv,2026-02-09 06:14:58,0.0
GEOP_20260402.csv,2026-02-09 06:17:58,0.0
GEOP_20260402.csv,2026-02-09 06:20:58,0.0
GEOP_20260402.csv,2026-02-09 06:23:58,0.0
GEOP_20260402.csv,2026-02-09 06:26:58,0.0
GEOP_20260402.csv,2026-02-09 06:29:58,0.0
GEOP_20260402.csv,2026-02-09 06:32:58,0.0
GEOP_20260402.csv,2026-02-09 06:35:58,0.0
GEOP_20260402.csv,2026-02-09 06:38:58,0.0
GEOP_20260402.csv,2026-02-09 06:41:58,0.0
GEOP_20260402.csv,2026-02-09 06:44:58,0.0
GEOP_20260402.csv,2026-02-09 06:47:59,0.0
GEOP_20260402.csv,2026-02-09 06:50:58,0.0
GEOP_20260402.csv,2026-02-09 06:53:58,0.0
GEOP_20260402.csv,2026-02-09 06:56:58,0.0
GEOP_20260402.csv,2026-02-09 06:59:58,0.0
GEOP_20260402.csv,2026-02-09 07:02:58,0.0
GEOP_20260402.csv,2026-02-09 07:05:58,0.0
GEOP_20260402.csv,2026-02-09 07:08:58,0.0
GEOP_20260402.csv,2026-02-09 07:11:58,0.0
GEOP_20260402.csv,2026-02-09 07:14:58,0.0
GEOP_20260402.csv,2026-02-09 07:17:58,0.0
GEOP_20260402.csv,2026-02-09 07:20:59,0.0
GEOP_20260402.csv,2026-02-09 07:23:58,0.0
GEOP_20260402.csv,2026-02-09 07:26:58,0.0
GEOP_20260402.csv,2026-02-09 07:29:58,0.0
GEOP_20260402.csv,2026-02-09 07:32:58,0.0
GEOP_20260402.csv,2026-02-09 07:35:58,0.0
GEOP_20260402.csv,2026-02-09 07:38:58,0.0
GEOP_20260402.csv,2026-02-09 07:41:58,0.0
GEOP_20260402.csv,2026-02-09 07:44:58,0.0
GEOP_20260402.csv,2026-02-09 07:47:58,0.0
GEOP_20260402.csv,2026-02-09 07:50:58,0.0
GEOP_20260402.csv,2026-02-09 07:53:58,0.0
GEOP_20260402.csv,2026-02-09 07:56:58,0.0
GEOP_20260402.csv,2026-02-09 07:59:58,0.0
GEOP_20260402.csv,2026-02-09 08:02:58,0.0
GEOP_20260402.csv,2026-02-09 08:05:58,0.0
GEOP_20260402.csv,2026-02-09 08:08:58,0.0
GEOP_20260402.csv,2026-02-09 08:11:58,0.0
GEOP_20260402.csv,2026-02-09 08:14:58,0.0
GEOP_20260402.csv,2026-02-09 08:17:58,0.0
GEOP_20260402.csv,2026-02-09 08:20:58,0.0
GEOP_20260402.csv,2026-02-09 08:23:58,0.0
GEOP_20260402.csv,2026-02-09 08:26:58,0.0
GEOP_20260402.csv,2026-02-09 08:29:58,0.0
GEOP_20260402.csv,2026-02-09 08:32:58,0.0
GEOP_20260402.csv,2026-02-09 08:35:58,0.0
GEOP_20260402.csv,2026-02-09 08:38:58,0.0
GEOP_20260402.csv,2026-02-09 08:41:58,0.0
GEOP_20260402.csv,2026-02-09 08:44:58,0.0
GEOP_20260402.csv,2026-02-09 08:47:58,0.0
GEOP_20260402.csv,2026-02-09 08:50:58,0.0
GEOP_20260402.csv,2026-02-09 08:53:58,0.0
GEOP_20260402.csv,2026-02-09 08:56:58,0.0
GEOP_20260402.csv,2026-02-09 08:59:58,0.0
GEOP_20260402.csv,2026-02-09 09:02:58,0.0
GEOP_20260402.csv,2026-02-09 09:05:58,0.0
GEOP_20260402.csv,2026-02-09 09:08:58,0.0
GEOP_20260402.csv,2026-02-09 09:11:58,0.0
GEOP_20260402.csv,2026-02-09 09:14:58,0.0
GEOP_20260402.csv,2026-02-09 09:17:58,0.0
GEOP_20260402.csv,2026-02-09 09:20:58,0.0
GEOP_20260402.csv,2026-02-09 09:23:58,0.0
GEOP_20260402.csv,2026-02-09 09:26:58,0.0
GEOP_20260402.csv,2026-02-09 09:29:58,0.0
GEOP_20260402.csv,2026-02-09 09:32:58,0.0
GEOP_20260402.csv,2026-02-09 09:35:58,0.0
GEOP_20260402.csv,2026-02-09 09:38:58,0.0
GEOP_20260402.csv,2026-02-09 09:41:58,0.0
GEOP_20260402.csv,2026-02-09 09:44:58,0.0
GEOP_20260402.csv,2026-02-09 09:47:58,0.0
GEOP_20260402.csv,2026-02-09 09:50:58,0.0
GEOP_20260402.csv,2026-02-09 09:53:58,0.0
GEOP_20260402.csv,2026-02-09 09:56:58,0.0
GEOP_20260402.csv,2026-02-09 09:59:58,0.0
GEOP_20260402.csv,2026-02-09 10:02:58,0.0
GEOP_20260402.csv,2026-02-09 10:05:58,0.0
GEOP_20260402.csv,2026-02-09 10:08:58,0.0
GEOP_20260402.csv,2026-02-09 10:11:58,0.0
GEOP_20260402.csv,2026-02-09 10:14:58,0.0
GEOP_20260402.csv,2026-02-09 10:17:58,0.0
GEOP_20260402.csv,2026-02-09 10:20:58,0.0
GEOP_20260402.csv,2026-02-09 10:23:58,0.0
GEOP_20260402.csv,2026-02-09 10:26:58,0.0
GEOP_20260402.csv,2026-02-09 10:29:58,0.0
GEOP_20260402.csv,2026-02-09 10:32:58,0.0
GEOP_20260402.csv,2026-02-09 10:35:58,0.0
GEOP_20260402.csv,2026-02-09 10:38:58,0.0
GEOP_20260402.csv,2026-02-09 10:41:58,0.0
GEOP_20260402.csv,2026-02-09 10:44:58,0.0
GEOP_20260402.csv,2026-02-09 10:47:58,0.0
GEOP_20260402.csv,2026-02-09 10:50:58,0.0
GEOP_20260402.csv,2026-02-09 10:53:58,0.0
GEOP_20260402.csv,2026-02-09 10:56:58,0.0
GEOP_20260402.csv,2026-02-09 10:59:58,0.0
GEOP_20260402.csv,2026-02-09 11:02:58,0.0
GEOP_20260402.csv,2026-02-09 11:05:58,0.0
GEOP_20260402.csv,2026-02-09 11:08:58,0.0
GEOP_20260402.csv,2026-02-09 11:11:58,0.0
GEOP_20260402.csv,2026-02-09 11:14:58,0.0
GEOP_20260402.csv,2026-02-09 11:17:58,0.0
GEOP_20260402.csv,2026-02-09 11:20:58,0.0
GEOP_20260402.csv,2026-02-09 11:23:58,0.0
GEOP_20260402.csv,2026-02-09 11:26:58,0.0
GEOP_20260402.csv,2026-02-09 11:29:58,0.0
GEOP_20260402.csv,2026-02-09 11:32:58,0.0
GEOP_20260402.csv,2026-02-09 11:35:58,0.0
GEOP_20260402.csv,2026-02-09 11:38:58,0.0
GEOP_20260402.csv,2026-02-09 11:41:58,0.0
GEOP_20260402.csv,2026-02-09 11:44:58,0.0
GEOP_20260402.csv,2026-02-09 11:47:58,0.0
GEOP_20260402.csv,2026-02-09 11:50:58,0.0
GEOP_20260402.csv,2026-02-09 11:53:58,0.0
GEOP_20260402.csv,2026-02-09 11:56:58,0.0
GEOP_20260402.csv,2026-02-09 11:59:58,0.0
GEOP_20260402.csv,2026-02-09 12:02:58,0.0
GEOP_20260402.csv,2026-02-09 12:05:58,0.0
GEOP_20260402.csv,2026-02-09 12:08:58,0.0
GEOP_20260402.csv,2026-02-09 12:11:58,0.0
GEOP_20260402.csv,2026-02-09 12:14:58,0.0
GEOP_20260402.csv,2026-02-09 12:17:58,0.0
GEOP_20260402.csv,2026-02-09 12:20:58,0.0
GEOP_20260402.csv,2026-02-09 12:23:58,0.0
GEOP_20260402.csv,2026-02-09 12:26:58,0.0
GEOP_20260402.csv,2026-02-09 12:29:58,0.0
GEOP_20260402.csv,2026-02-09 12:32:58,0.0
GEOP_20260402.csv,2026-02-09 12:35:58,0.0
GEOP_20260402.csv,2026-02-09 12:38:58,0.0
GEOP_20260402.csv,2026-02-09 12:41:58,0.0
GEOP_20260402.csv,2026-02-09 12:44:58,0.0
GEOP_20260402.csv,2026-02-09 12:47:58,0.0
GEOP_20260402.csv,2026-02-09 12:50:58,0.0
GEOP_20260402.csv,2026-02-09 12:53:58,0.0
GEOP_20260402.csv,2026-02-09 12:56:58,0.0
GEOP_20260402.csv,2026-02-09 12:59:58,0.0
GEOP_20260402.csv,2026-02-09 13:02:58,0.0
GEOP_20260402.csv,2026-02-09 13:05:58,0.0
GEOP_20260402.csv,2026-02-09 13:08:58,0.0
GEOP_20260402.csv,2026-02-09 13:11:58,0.0
GEOP_20260402.csv,2026-02-09 13:14:58,0.0
GEOP_20260402.csv,2026-02-09 13:17:58,0.0
GEOP_20260402.csv,2026-02-09 13:20:58,0.0
GEOP_20260402.csv,2026-02-09 13:23:58,0.0
GEOP_20260402.csv,2026-02-09 13:26:58,0.0
GEOP_20260402.csv,2026-02-09 13:29:58,0.0
GEOP_20260402.csv,2026-02-09 13:32:58,0.0
GEOP_20260402.csv,2026-02-09 13:35:58,0.0
GEOP_20260402.csv,2026-02-09 13:38:58,0.0
GEOP_20260402.csv,2026-02-09 13:41:58,0.0
GEOP_20260402.csv,2026-02-09 13:44:58,0.0
GEOP_20260402.csv,2026-02-09 13:47:58,0.0
GEOP_20260402.csv,2026-02-09 13:50:58,0.0
GEOP_20260402.csv,2026-02-09 13:53:58,0.0
GEOP_20260402.csv,2026-02-09 13:56:58,0.0
GEOP_20260402.csv,2026-02-09 13:59:58,0.0
GEOP_20260402.csv,2026-02-09 14:02:58,0.0
GEOP_20260402.csv,2026-02-09 14:05:58,0.0
GEOP_20260402.csv,2026-02-09 14:08:58,0.0
GEOP_20260402.csv,2026-02-09 14:11:58,0.0
GEOP_20260402.csv,2026-02-09 14:14:58,0.0
GEOP_20260402.csv,2026-02-09 14:17:58,0.0
GEOP_20260402.csv,2026-02-09 14:20:58,0.0
GEOP_20260402.csv,2026-02-09 14:23:58,0.0
GEOP_20260402.csv,2026-02-09 14:26:58,0.0
GEOP_20260402.csv,2026-02-09 14:29:58,0.0
GEOP_20260402.csv,2026-02-09 14:32:58,0.0
GEOP_20260402.csv,2026-02-09 14:35:58,0.0
GEOP_20260402.csv,2026-02-09 14:38:58,0.0
GEOP_20260402.csv,2026-02-09 14:41:58,0.0
GEOP_20260402.csv,2026-02-09 14:44:58,0.0
GEOP_20260402.csv,2026-02-09 14:47:58,0.0
GEOP_20260402.csv,2026-02-09 14:50:58,0.0
GEOP_20260402.csv,2026-02-09 14:53:58,0.0
GEOP_20260402.csv,2026-02-09 14:56:58,0.0
GEOP_20260402.csv,2026-02-09 14:59:58,0.0
GEOP_20260402.csv,2026-02-09 15:02:58,0.0
GEOP_20260402.csv,2026-02-09 15:05:58,0.0
GEOP_20260402.csv,2026-02-09 15:08:58,0.0
GEOP_20260402.csv,2026-02-09 15:11:58,0.0
GEOP_20260402.csv,2026-02-09 15:14:58,0.0
GEOP_20260402.csv,2026-02-09 15:17:58,0.0
GEOP_20260402.csv,2026-02-09 15:20:58,0.0
GEOP_20260402.csv,2026-02-09 15:23:58,0.0
GEOP_20260402.csv,2026-02-09 15:26:58,0.0
GEOP_20260402.csv,2026-02-09 15:29:58,0.0
GEOP_20260402.csv,2026-02-09 15:32:58,0.0
GEOP_20260402.csv,2026-02-09 15:35:58,0.0
GEOP_20260402.csv,2026-02-09 15:38:58,0.0
GEOP_20260402.csv,2026-02-09 15:41:58,0.0
GEOP_20260402.csv,2026-02-09 15:44:58,0.0
GEOP_20260402.csv,2026-02-09 15:47:58,0.0
GEOP_20260402.csv,2026-02-09 15:50:58,0.0
GEOP_20260402.csv,2026-02-09 15:53:58,0.0
GEOP_20260402.csv,2026-02-09 15:56:58,0.0
GEOP_20260402.csv,2026-02-09 15:59:58,0.0
GEOP_20260402.csv,2026-02-09 16:02:58,0.0
GEOP_20260402.csv,2026-02-09 16:05:58,0.0
GEOP_20260402.csv,2026-02-09 16:08:58,0.0
GEOP_20260402.csv,2026-02-09 16:11:58,0.0
GEOP_20260402.csv,2026-02-09 16:14:58,0.0
GEOP_20260402.csv,2026-02-09 16:17:58,0.0
GEOP_20260402.csv,2026-02-09 16:20:58,0.0
GEOP_20260402.csv,2026-02-09 16:23:58,0.0
GEOP_20260402.csv,2026-02-09 16:26:58,0.0
GEOP_20260402.csv,2026-02-09 16:29:58,0.0
GEOP_20260402.csv,2026-02-09 16:32:58,0.0
GEOP_20260402.csv,2026-02-09 16:35:58,0.0
GEOP_20260402.csv,2026-02-09 16:38:58,0.0
GEOP_20260402.csv,2026-02-09 16:41:58,0.0
GEOP_20260402.csv,2026-02-09 16:44:58,0.0
GEOP_20260402.csv,2026-02-09 16:47:58,0.0
GEOP_20260402.csv,2026-02-09 16:50:58,0.0
GEOP_20260402.csv,2026-02-09 16:53:58,0.0
GEOP_20260402.csv,2026-02-09 16:56:58,0.0
GEOP_20260402.csv,2026-02-09 16:59:58,0.0
GEOP_20260402.csv,2026-02-09 17:02:58,0.0
GEOP_20260402.csv,2026-02-09 17:05:58,0.0
GEOP_20260402.csv,2026-02-09 17:08:58,0.0
GEOP_20260402.csv,2026-02-09 17:11:58,0.0
GEOP_20260402.csv,2026-02-09 17:14:58,0.0
GEOP_20260402.csv,2026-02-09 17:17:58,0.0
GEOP_20260402.csv,2026-02-09 17:20:58,0.0
GEOP_20260402.csv,2026-02-09 17:23:58,0.0
GEOP_20260402.csv,2026-02-09 17:26:58,0.0
GEOP_20260402.csv,2026-02-09 17:29:58,0.0
GEOP_20260402.csv,2026-02-09 17:32:58,0.0
GEOP_20260402.csv,2026-02-09 17:35:58,0.0
GEOP_20260402.csv,2026-02-09 17:38:58,0.0
GEOP_20260402.csv,2026-02-09 17:41:58,0.0
GEOP_20260402.csv,2026-02-09 17:44:58,0.0
GEOP_20260402.csv,2026-02-09 17:47:58,0.0
GEOP_20260402.csv,2026-02-09 17:50:58,0.0
GEOP_20260402.csv,2026-02-09 17:53:58,0.0
GEOP_20260402.csv,2026-02-09 17:56:58,0.0
GEOP_20260402.csv,2026-02-09 17:59:58,0.0
GEOP_20260402.csv,2026-02-09 18:02:58,0.0
GEOP_20260402.csv,2026-02-09 18:05:58,0.0
GEOP_20260402.csv,2026-02-09 18:08:58,0.0
GEOP_20260402.csv,2026-02-09 18:11:58,0.0
GEOP_20260402.csv,2026-02-09 18:14:58,0.0
GEOP_20260402.csv,2026-02-09 18:17:58,0.0
GEOP_20260402.csv,2026-02-09 18:20:58,0.0
GEOP_20260402.csv,2026-02-09 18:23:58,0.0
GEOP_20260402.csv,2026-02-09 18:26:58,0.0
GEOP_20260402.csv,2026-02-09 18:29:58,0.0
GEOP_20260402.csv,2026-02-09 18:32:58,0.0
GEOP_20260402.csv,2026-02-09 18:35:58,0.0
GEOP_20260402.csv,2026-02-09 18:38:58,0.0
GEOP_20260402.csv,2026-02-09 18:41:58,0.0
GEOP_20260402.csv,2026-02-09 18:44:58,0.0
GEOP_20260402.csv,2026-02-09 18:47:58,0.0
GEOP_20260402.csv,2026-02-09 18:50:58,0.0
GEOP_20260402.csv,2026-02-09 18:53:57,0.0
GEOP_20260402.csv,2026-02-09 18:56:57,0.0
GEOP_20260402.csv,2026-02-09 18:59:57,0.0
GEOP_20260402.csv,2026-02-09 19:02:57,0.0
GEOP_20260402.csv,2026-02-09 19:05:58,0.0
GEOP_20260402.csv,2026-02-09 19:08:57,0.0
GEOP_20260402.csv,2026-02-09 19:11:57,0.0
GEOP_20260402.csv,2026-02-09 19:14:57,0.0
GEOP_20260402.csv,2026-02-09 19:17:57,0.0
GEOP_20260402.csv,2026-02-09 19:20:57,0.0
GEOP_20260402.csv,2026-02-09 19:23:57,0.0
GEOP_20260402.csv,2026-02-09 19:26:57,0.0
GEOP_20260402.csv,2026-02-09 19:29:57,0.0
GEOP_20260402.csv,2026-02-09 19:32:57,0.0
GEOP_20260402.csv,2026-02-09 19:35:57,0.0
GEOP_20260402.csv,2026-02-09 19:38:57,0.0
GEOP_20260402.csv,2026-02-09 19:41:57,0.0
GEOP_20260402.csv,2026-02-09 19:44:57,0.0
GEOP_20260402.csv,2026-02-09 19:47:57,0.0
GEOP_20260402.csv,2026-02-09 19:50:57,0.0
GEOP_20260402.csv,2026-02-09 19:53:57,0.0
GEOP_20260402.csv,2026-02-09 19:56:57,0.0
GEOP_20260402.csv,2026-02-09 19:59:57,0.0
GEOP_20260402.csv,2026-02-09 20:02:57,0.0
GEOP_20260402.csv,2026-02-09 20:05:57,0.0
GEOP_20260402.csv,2026-02-09 20:08:57,0.0
GEOP_20260402.csv,2026-02-09 20:11:57,0.0
GEOP_20260402.csv,2026-02-09 20:14:57,0.0
GEOP_20260402.csv,2026-02-09 20:17:57,0.0
GEOP_20260402.csv,2026-02-09 20:20:57,0.0
GEOP_20260402.csv,2026-02-09 20:23:57,0.0
GEOP_20260402.csv,2026-02-09 20:26:57,0.0
GEOP_20260402.csv,2026-02-09 20:29:57,0.0
GEOP_20260402.csv,2026-02-09 20:32:58,0.0
GEOP_20260402.csv,2026-02-09 20:35:57,0.0
GEOP_20260402.csv,2026-02-09 20:38:57,0.0
GEOP_20260402.csv,2026-02-09 20:41:57,0.0
GEOP_20260402.csv,2026-02-09 20:44:57,0.0
GEOP_20260402.csv,2026-02-09 20:47:57,0.0
GEOP_20260402.csv,2026-02-09 20:50:57,0.0
GEOP_20260402.csv,2026-02-09 20:53:57,0.0
GEOP_20260402.csv,2026-02-09 20:56:57,0.0
GEOP_20260402.csv,2026-02-09 20:59:57,0.0
GEOP_20260402.csv,2026-02-09 21:02:57,0.0
GEOP_20260402.csv,2026-02-09 21:05:57,0.0
GEOP_20260402.csv,2026-02-09 21:08:57,0.0
GEOP_20260402.csv,2026-02-09 21:11:57,0.0
GEOP_20260402.csv,2026-02-09 21:14:57,0.0
GEOP_20260402.csv,2026-02-09 21:17:57,0.0
GEOP_20260402.csv,2026-02-09 21:20:57,0.0
GEOP_20260402.csv,2026-02-09 21:23:57,0.0
GEOP_20260402.csv,2026-02-09 21:26:57,0.0
GEOP_20260402.csv,2026-02-09 21:29:57,0.0
GEOP_20260402.csv,2026-02-09 21:32:57,0.0
GEOP_20260402.csv,2026-02-09 21:35:57,0.0
GEOP_20260402.csv,2026-02-09 21:38:57,0.0
GEOP_20260402.csv,2026-02-09 21:41:57,0.0
GEOP_20260402.csv,2026-02-09 21:44:57,0.0
GEOP_20260402.csv,2026-02-09 21:47:57,0.0
GEOP_20260402.csv,2026-02-09 21:50:57,0.0
GEOP_20260402.csv,2026-02-09 21:53:57,0.0
GEOP_20260402.csv,2026-02-09 21:56:57,0.0
GEOP_20260402.csv,2026-02-09 21:59:57,0.0
GEOP_20260402.csv,2026-02-09 22:02:57,0.0
GEOP_20260402.csv,2026-02-09 22:05:57,0.0
GEOP_20260402.csv,2026-02-09 22:08:57,0.0
GEOP_20260402.csv,2026-02-09 22:11:57,0.0
GEOP_20260402.csv,2026-02-09 22:14:57,0.0
GEOP_20260402.csv,2026-02-09 22:17:57,0.0
GEOP_20260402.csv,2026-02-09 22:20:57,0.0
GEOP_20260402.csv,2026-02-09 22:23:57,0.0
GEOP_20260402.csv,2026-02-09 22:26:57,0.0
GEOP_20260402.csv,2026-02-09 22:29:57,0.0
GEOP_20260402.csv,2026-02-09 22:32:57,0.0
GEOP_20260402.csv,2026-02-09 22:35:57,0.0
GEOP_20260402.csv,2026-02-09 22:38:57,0.0
GEOP_20260402.csv,2026-02-09 22:41:57,0.0
GEOP_20260402.csv,2026-02-09 22:44:57,0.0
GEOP_20260402.csv,2026-02-09 22:47:57,0.0
GEOP_20260402.csv,2026-02-09 22:50:57,0.0
GEOP_20260402.csv,2026-02-09 22:53:57,0.0
GEOP_20260402.csv,2026-02-09 22:56:57,0.0
GEOP_20260402.csv,2026-02-09 22:59:57,0.0
GEOP_20260402.csv,2026-02-09 23:02:57,0.0
GEOP_20260402.csv,2026-02-09 23:05:57,0.0
GEOP_20260402.csv,2026-02-09 23:08:57,0.0
GEOP_20260402.csv,2026-02-09 23:11:57,0.0
GEOP_20260402.csv,2026-02-09 23:14:57,0.0
GEOP_20260402.csv,2026-02-09 23:17:57,0.0
GEOP_20260402.csv,2026-02-09 23:20:57,0.0
GEOP_20260402.csv,2026-02-09 23:23:57,0.0
GEOP_20260402.csv,2026-02-09 23:26:57,0.0
GEOP_20260402.csv,2026-02-09 23:29:57,0.0
GEOP_20260402.csv,2026-02-09 23:32:57,0.0
GEOP_20260402.csv,2026-02-09 23:35:57,0.0
GEOP_20260402.csv,2026-02-09 23:38:57,0.0
GEOP_20260402.csv,2026-02-09 23:41:57,0.0
GEOP_20260402.csv,2026-02-09 23:44:57,0.0
GEOP_20260402.csv,2026-02-09 23:47:57,0.0
GEOP_20260402.csv,2026-02-09 23:50:57,0.0
GEOP_20260402.csv,2026-02-09 23:53:57,0.0
GEOP_20260402.csv,2026-02-09 23:56:57,0.0
GEOP_20260402.csv,2026-02-09 23:59:57,0.0
GEOP_20260402.csv,2026-02-10 00:02:57,0.0
GEOP_20260402.csv,2026-02-10 00:05:57,0.0
GEOP_20260402.csv,2026-02-10 00:08:57,0.0
GEOP_20260402.csv,2026-02-10 00:11:57,0.0
GEOP_20260402.csv,2026-02-10 00:14:57,0.0
GEOP_20260402.csv,2026-02-10 00:17:57,0.0
GEOP_20260402.csv,2026-02-10 00:20:57,0.0
GEOP_20260402.csv,2026-02-10 00:23:57,0.0
GEOP_20260402.csv,2026-02-10 00:26:57,0.0
GEOP_20260402.csv,2026-02-10 00:29:57,0.0
GEOP_20260402.csv,2026-02-10 00:32:57,0.0
GEOP_20260402.csv,2026-02-10 00:35:57,0.0
GEOP_20260402.csv,2026-02-10 00:38:57,0.0
GEOP_20260402.csv,2026-02-10 00:41:57,0.0
GEOP_20260402.csv,2026-02-10 00:44:57,0.0
GEOP_20260402.csv,2026-02-10 00:47:57,0.0
GEOP_20260402.csv,2026-02-10 00:50:57,0.0
GEOP_20260402.csv,2026-02-10 00:53:57,0.0
GEOP_20260402.csv,2026-02-10 00:56:57,0.0
GEOP_20260402.csv,2026-02-10 00:59:57,0.0
GEOP_20260402.csv,2026-02-10 01:02:57,0.0
GEOP_20260402.csv,2026-02-10 01:05:57,0.0
GEOP_20260402.csv,2026-02-10 01:08:57,0.0
GEOP_20260402.csv,2026-02-10 01:11:57,0.0
GEOP_20260402.csv,2026-02-10 01:14:57,0.0
GEOP_20260402.csv,2026-02-10 01:17:57,0.0
GEOP_20260402.csv,2026-02-10 01:20:57,0.0
GEOP_20260402.csv,2026-02-10 01:23:57,0.0
GEOP_20260402.csv,2026-02-10 01:26:57,0.0
GEOP_20260402.csv,2026-02-10 01:29:57,0.0
GEOP_20260402.csv,2026-02-10 01:32:57,0.0
GEOP_20260402.csv,2026-02-10 01:35:57,0.0
GEOP_20260402.csv,2026-02-10 01:38:57,0.0
GEOP_20260402.csv,2026-02-10 01:41:57,0.0
GEOP_20260402.csv,2026-02-10 01:44:57,0.0
GEOP_20260402.csv,2026-02-10 01:47:57,0.0
GEOP_20260402.csv,2026-02-10 01:50:57,0.0
GEOP_20260402.csv,2026-02-10 01:53:57,0.0
GEOP_20260402.csv,2026-02-10 01:56:57,0.0
GEOP_20260402.csv,2026-02-10 01:59:57,0.0
GEOP_20260402.csv,2026-02-10 02:02:57,0.0
GEOP_20260402.csv,2026-02-10 02:05:57,0.0
GEOP_20260402.csv,2026-02-10 02:08:57,0.0
GEOP_20260402.csv,2026-02-10 02:11:57,0.0
GEOP_20260402.csv,2026-02-10 02:14:57,0.0
GEOP_20260402.csv,2026-02-10 02:17:57,0.0
GEOP_20260402.csv,2026-02-10 02:20:57,0.0
GEOP_20260402.csv,2026-02-10 02:23:57,0.0
GEOP_20260402.csv,2026-02-10 02:26:57,0.0
GEOP_20260402.csv,2026-02-10 02:29:57,0.0
GEOP_20260402.csv,2026-02-10 02:32:57,0.0
GEOP_20260402.csv,2026-02-10 02:35:57,0.0
GEOP_20260402.csv,2026-02-10 02:38:57,0.0
GEOP_20260402.csv,2026-02-10 02:41:57,0.0
GEOP_20260402.csv,2026-02-10 02:44:57,0.0
GEOP_20260402.csv,2026-02-10 02:47:57,0.0
GEOP_20260402.csv,2026-02-10 02:50:57,0.0
GEOP_20260402.csv,2026-02-10 02:53:57,0.0
GEOP_20260402.csv,2026-02-10 02:56:57,0.0
GEOP_20260402.csv,2026-02-10 02:59:57,0.0
GEOP_20260402.csv,2026-02-10 03:02:57,0.0
GEOP_20260402.csv,2026-02-10 03:05:57,0.0
GEOP_20260402.csv,2026-02-10 03:08:57,0.0
GEOP_20260402.csv,2026-02-10 03:11:57,0.0
GEOP_20260402.csv,2026-02-10 03:14:57,0.0
GEOP_20260402.csv,2026-02-10 03:17:57,0.0
GEOP_20260402.csv,2026-02-10 03:20:57,0.0
GEOP_20260402.csv,2026-02-10 03:23:57,0.0
GEOP_20260402.csv,2026-02-10 03:26:57,0.0
GEOP_20260402.csv,2026-02-10 03:29:57,0.0
GEOP_20260402.csv,2026-02-10 03:32:57,0.0
GEOP_20260402.csv,2026-02-10 03:35:57,0.0
GEOP_20260402.csv,2026-02-10 03:38:57,0.0
GEOP_20260402.csv,2026-02-10 03:41:57,0.0
GEOP_20260402.csv,2026-02-10 03:44:57,0.0
GEOP_20260402.csv,2026-02-10 03:47:57,0.0
GEOP_20260402.csv,2026-02-10 03:50:57,0.0
GEOP_20260402.csv,2026-02-10 03:53:57,0.02
GEOP_20260402.csv,2026-02-10 03:56:57,0.02
GEOP_20260402.csv,2026-02-10 03:59:57,0.02
GEOP_20260402.csv,2026-02-10 04:02:57,0.03
GEOP_20260402.csv,2026-02-10 04:05:57,0.03
GEOP_20260402.csv,2026-02-10 04:08:57,0.02
GEOP_20260402.csv,2026-02-10 04:11:57,0.04
GEOP_20260402.csv,2026-02-10 04:14:57,0.05
GEOP_20260402.csv,2026-02-10 04:17:57,0.05
GEOP_20260402.csv,2026-02-10 04:20:57,0.09
GEOP_20260402.csv,2026-02-10 04:23:57,0.06
GEOP_20260402.csv,2026-02-10 04:26:57,0.07
GEOP_20260402.csv,2026-02-10 04:29:57,0.07
GEOP_20260402.csv,2026-02-10 04:32:57,0.1
GEOP_20260402.csv,2026-02-10 04:35:57,0.13
GEOP_20260402.csv,2026-02-10 04:38:57,0.14
GEOP_20260402.csv,2026-02-10 04:41:57,0.15
GEOP_20260402.csv,2026-02-10 04:44:57,0.13
GEOP_20260402.csv,2026-02-10 04:47:57,0.15
GEOP_20260402.csv,2026-02-10 04:50:57,0.18
GEOP_20260402.csv,2026-02-10 04:53:57,0.13
GEOP_20260402.csv,2026-02-10 04:56:57,0.15
GEOP_20260402.csv,2026-02-10 04:59:57,0.14
GEOP_20260402.csv,2026-02-10 05:02:57,0.13
GEOP_20260402.csv,2026-02-10 05:05:57,0.16
GEOP_20260402.csv,2026-02-10 05:08:57,0.13
GEOP_20260402.csv,2026-02-10 05:11:57,0.12
GEOP_20260402.csv,2026-02-10 05:14:57,0.08
GEOP_20260402.csv,2026-02-10 05:17:57,0.06
GEOP_20260402.csv,2026-02-10 05:20:57,0.05
GEOP_20260402.csv,2026-02-10 05:23:57,0.03
GEOP_20260402.csv,2026-02-10 05:26:58,0.04
GEOP_20260402.csv,2026-02-10 05:29:57,0.06
GEOP_20260402.csv,2026-02-10 05:32:57,0.07
GEOP_20260402.csv,2026-02-10 05:35:57,0.09
GEOP_20260402.csv,2026-02-10 05:38:57,0.11
GEOP_20260402.csv,2026-02-10 05:41:57,0.08
GEOP_20260402.csv,2026-02-10 05:44:57,0.07
GEOP_20260402.csv,2026-02-10 05:47:57,0.09
GEOP_20260402.csv,2026-02-10 05:50:57,0.14
GEOP_20260402.csv,2026-02-10 05:53:57,0.18
GEOP_20260402.csv,2026-02-10 05:56:57,0.21
GEOP_20260402.csv,2026-02-10 05:59:57,0.18
GEOP_20260402.csv,2026-02-10 06:02:57,0.16
GEOP_20260402.csv,2026-02-10 06:05:57,0.2
GEOP_20260402.csv,2026-02-10 06:08:57,0.18
GEOP_20260402.csv,2026-02-10 06:11:57,0.11
GEOP_20260402.csv,2026-02-10 06:14:57,0.1
GEOP_20260402.csv,2026-02-10 06:17:57,0.09
GEOP_20260402.csv,2026-02-10 06:20:57,0.09
GEOP_20260402.csv,2026-02-10 06:23:57,0.08
GEOP_20260402.csv,2026-02-10 06:26:57,0.07
GEOP_20260402.csv,2026-02-10 06:29:57,0.06
GEOP_20260402.csv,2026-02-10 06:32:57,0.06
GEOP_20260402.csv,2026-02-10 06:35:57,0.07
GEOP_20260402.csv,2026-02-10 06:38:57,0.07
GEOP_20260402.csv,2026-02-10 06:41:57,0.05
GEOP_20260402.csv,2026-02-10 06:44:57,0.04
GEOP_20260402.csv,2026-02-10 06:47:57,0.04
GEOP_20260402.csv,2026-02-10 06:50:57,0.04
GEOP_20260402.csv,2026-02-10 06:53:57,0.03
GEOP_20260402.csv,2026-02-10 06:56:57,0.04
GEOP_20260402.csv,2026-02-10 06:59:57,0.04
GEOP_20260402.csv,2026-02-10 07:02:57,0.03
GEOP_20260402.csv,2026-02-10 07:05:57,0.03
GEOP_20260402.csv,2026-02-10 07:08:57,0.03
GEOP_20260402.csv,2026-02-10 07:11:57,0.03
GEOP_20260402.csv,2026-02-10 07:14:57,0.03
GEOP_20260402.csv,2026-02-10 07:17:57,0.02
GEOP_20260402.csv,2026-02-10 07:20:57,0.03
GEOP_20260402.csv,2026-02-10 07:23:57,0.05
GEOP_20260402.csv,2026-02-10 07:26:57,0.08
GEOP_20260402.csv,2026-02-10 07:29:57,0.06
GEOP_20260402.csv,2026-02-10 07:32:57,0.07
GEOP_20260402.csv,2026-02-10 07:35:57,0.12
GEOP_20260402.csv,2026-02-10 07:38:57,0.1
GEOP_20260402.csv,2026-02-10 07:41:57,0.11
GEOP_20260402.csv,2026-02-10 07:44:57,0.06
GEOP_20260402.csv,2026-02-10 07:47:57,0.06
GEOP_20260402.csv,2026-02-10 07:50:57,0.11
GEOP_20260402.csv,2026-02-10 07:53:57,0.1
GEOP_20260402.csv,2026-02-10 07:56:57,0.11
GEOP_20260402.csv,2026-02-10 07:59:57,0.07
GEOP_20260402.csv,2026-02-10 08:02:57,0.11
GEOP_20260402.csv,2026-02-10 08:05:57,0.11
GEOP_20260402.csv,2026-02-10 08:08:57,0.1
GEOP_20260402.csv,2026-02-10 08:11:57,0.08
GEOP_20260402.csv,2026-02-10 08:14:57,0.08
GEOP_20260402.csv,2026-02-10 08:17:57,0.1
GEOP_20260402.csv,2026-02-10 08:20:57,0.12
GEOP_20260402.csv,2026-02-10 08:23:57,0.14
GEOP_20260402.csv,2026-02-10 08:26:57,0.11
GEOP_20260402.csv,2026-02-10 08:29:57,0.09
GEOP_20260402.csv,2026-02-10 08:32:57,0.07
GEOP_20260402.csv,2026-02-10 08:35:57,0.09
GEOP_20260402.csv,2026-02-10 08:38:57,0.11
GEOP_20260402.csv,2026-02-10 08:41:57,0.08
GEOP_20260402.csv,2026-02-10 08:44:57,0.05
GEOP_20260402.csv,2026-02-10 08:47:57,0.05
GEOP_20260402.csv,2026-02-10 08:50:57,0.04
GEOP_20260402.csv,2026-02-10 08:53:57,0.03
GEOP_20260402.csv,2026-02-10 08:56:57,0.02
GEOP_20260402.csv,2026-02-10 08:59:57,0.02
GEOP_20260402.csv,2026-02-10 09:02:57,0.07
GEOP_20260402.csv,2026-02-10 09:05:57,0.07
GEOP_20260402.csv,2026-02-10 09:08:57,0.05
GEOP_20260402.csv,2026-02-10 09:11:57,0.03
GEOP_20260402.csv,2026-02-10 09:14:57,0.03
GEOP_20260402.csv,2026-02-10 09:17:57,0.03
GEOP_20260402.csv,2026-02-10 09:20:57,0.02
GEOP_20260402.csv,2026-02-10 09:23:57,0.02
GEOP_20260402.csv,2026-02-10 09:26:57,0.01
GEOP_20260402.csv,2026-02-10 09:29:57,0.02
GEOP_20260402.csv,2026-02-10 09:32:57,0.01
GEOP_20260402.csv,2026-02-10 09:35:57,0.01
GEOP_20260402.csv,2026-02-10 09:38:57,0.0
GEOP_20260402.csv,2026-02-10 09:41:57,0.01
GEOP_20260402.csv,2026-02-10 09:44:57,0.01
GEOP_20260402.csv,2026-02-10 09:47:57,0.0
GEOP_20260402.csv,2026-02-10 09:50:57,0.0
GEOP_20260402.csv,2026-02-10 09:53:57,0.01
GEOP_20260402.csv,2026-02-10 09:56:57,0.0
GEOP_20260402.csv,2026-02-10 09:59:57,0.0
GEOP_20260402.csv,2026-02-10 10:02:57,0.01
GEOP_20260402.csv,2026-02-10 10:05:57,0.0
GEOP_20260402.csv,2026-02-10 10:08:57,0.0
GEOP_20260402.csv,2026-02-10 10:11:57,0.0
GEOP_20260402.csv,2026-02-10 10:14:57,0.01
GEOP_20260402.csv,2026-02-10 10:17:57,0.0
GEOP_20260402.csv,2026-02-10 10:20:57,0.0
GEOP_20260402.csv,2026-02-10 10:23:57,0.0
GEOP_20260402.csv,2026-02-10 10:26:57,0.0
GEOP_20260402.csv,2026-02-10 10:29:57,0.0
GEOP_20260402.csv,2026-02-10 10:32:57,0.0
GEOP_20260402.csv,2026-02-10 10:35:57,0.01
GEOP_20260402.csv,2026-02-10 10:38:57,0.0
GEOP_20260402.csv,2026-02-10 10:41:57,0.0
GEOP_20260402.csv,2026-02-10 10:44:57,0.0
GEOP_20260402.csv,2026-02-10 10:47:57,0.0
GEOP_20260402.csv,2026-02-10 10:50:57,0.0
GEOP_20260402.csv,2026-02-10 10:53:57,0.0
GEOP_20260402.csv,2026-02-10 10:56:57,0.0
GEOP_20260402.csv,2026-02-10 10:59:56,0.0
GEOP_20260402.csv,2026-02-10 11:02:57,0.0
GEOP_20260402.csv,2026-02-10 11:05:56,0.0
GEOP_20260402.csv,2026-02-10 11:08:56,0.0
GEOP_20260402.csv,2026-02-10 11:11:56,0.0
GEOP_20260402.csv,2026-02-10 11:14:56,0.0
GEOP_20260402.csv,2026-02-10 11:17:56,0.0
GEOP_20260402.csv,2026-02-10 11:20:56,0.0
GEOP_20260402.csv,2026-02-10 11:23:56,0.0
GEOP_20260402.csv,2026-02-10 11:26:56,0.0
GEOP_20260402.csv,2026-02-10 11:29:56,0.0
GEOP_20260402.csv,2026-02-10 11:32:56,0.0
GEOP_20260402.csv,2026-02-10 11:35:56,0.0
GEOP_20260402.csv,2026-02-10 11:38:56,0.0
GEOP_20260402.csv,2026-02-10 11:41:56,0.0
GEOP_20260402.csv,2026-02-10 11:44:56,0.0
GEOP_20260402.csv,2026-02-10 11:47:56,0.0
GEOP_20260402.csv,2026-02-10 11:50:57,0.0
GEOP_20260402.csv,2026-02-10 11:53:56,0.0
GEOP_20260402.csv,2026-02-10 11:56:56,0.0
GEOP_20260402.csv,2026-02-10 11:59:56,0.0
GEOP_20260402.csv,2026-02-10 12:02:56,0.0
GEOP_20260402.csv,2026-02-10 12:05:56,0.0
GEOP_20260402.csv,2026-02-10 12:08:56,0.0
GEOP_20260402.csv,2026-02-10 12:11:56,0.0
GEOP_20260402.csv,2026-02-10 12:14:56,0.0
GEOP_20260402.csv,2026-02-10 12:17:56,0.0
GEOP_20260402.csv,2026-02-10 12:20:56,0.0
GEOP_20260402.csv,2026-02-10 12:23:56,0.0
GEOP_20260402.csv,2026-02-10 12:26:56,0.0
GEOP_20260402.csv,2026-02-10 12:29:56,0.0
GEOP_20260402.csv,2026-02-10 12:32:56,0.0
GEOP_20260402.csv,2026-02-10 12:35:56,0.0
GEOP_20260402.csv,2026-02-10 12:38:56,0.0
GEOP_20260402.csv,2026-02-10 12:41:56,0.0
GEOP_20260402.csv,2026-02-10 12:44:56,0.0
GEOP_20260402.csv,2026-02-10 12:47:56,0.0
GEOP_20260402.csv,2026-02-10 12:50:56,0.0
GEOP_20260402.csv,2026-02-10 12:53:56,0.0
GEOP_20260402.csv,2026-02-10 12:56:56,0.0
GEOP_20260402.csv,2026-02-10 12:59:56,0.0
GEOP_20260402.csv,2026-02-10 13:02:56,0.0
GEOP_20260402.csv,2026-02-10 13:05:56,0.0
GEOP_20260402.csv,2026-02-10 13:08:56,0.0
GEOP_20260402.csv,2026-02-10 13:11:56,0.0
GEOP_20260402.csv,2026-02-10 13:14:56,0.0
GEOP_20260402.csv,2026-02-10 13:17:56,0.0
GEOP_20260402.csv,2026-02-10 13:20:56,0.0
GEOP_20260402.csv,2026-02-10 13:23:56,0.0
GEOP_20260402.csv,2026-02-10 13:26:56,0.0
GEOP_20260402.csv,2026-02-10 13:29:56,0.0
GEOP_20260402.csv,2026-02-10 13:32:56,0.0
GEOP_20260402.csv,2026-02-10 13:35:56,0.0
GEOP_20260402.csv,2026-02-10 13:38:56,0.0
GEOP_20260402.csv,2026-02-10 13:41:56,0.0
GEOP_20260402.csv,2026-02-10 13:44:56,0.0
GEOP_20260402.csv,2026-02-10 13:47:56,0.0
GEOP_20260402.csv,2026-02-10 13:50:56,0.0
GEOP_20260402.csv,2026-02-10 13:53:56,0.0
GEOP_20260402.csv,2026-02-10 13:56:56,0.0
GEOP_20260402.csv,2026-02-10 13:59:56,0.0
GEOP_20260402.csv,2026-02-10 14:02:56,0.0
GEOP_20260402.csv,2026-02-10 14:05:56,0.0
GEOP_20260402.csv,2026-02-10 14:08:56,0.0
GEOP_20260402.csv,2026-02-10 14:11:56,0.0
GEOP_20260402.csv,2026-02-10 14:14:56,0.0
GEOP_20260402.csv,2026-02-10 14:17:56,0.0
GEOP_20260402.csv,2026-02-10 14:20:56,0.0
GEOP_20260402.csv,2026-02-10 14:23:56,0.0
GEOP_20260402.csv,2026-02-10 14:26:56,0.0
GEOP_20260402.csv,2026-02-10 14:29:56,0.0
GEOP_20260402.csv,2026-02-10 14:32:56,0.0
GEOP_20260402.csv,2026-02-10 14:35:56,0.0
GEOP_20260402.csv,2026-02-10 14:38:56,0.0
GEOP_20260402.csv,2026-02-10 14:41:56,0.0
GEOP_20260402.csv,2026-02-10 14:44:56,0.0
GEOP_20260402.csv,2026-02-10 14:47:56,0.0
GEOP_20260402.csv,2026-02-10 14:50:56,0.0
GEOP_20260402.csv,2026-02-10 14:53:56,0.0
GEOP_20260402.csv,2026-02-10 14:56:56,0.0
GEOP_20260402.csv,2026-02-10 14:59:56,0.0
GEOP_20260402.csv,2026-02-10 15:02:56,0.0
GEOP_20260402.csv,2026-02-10 15:05:56,0.0
GEOP_20260402.csv,2026-02-10 15:08:56,0.0
GEOP_20260402.csv,2026-02-10 15:14:56,0.0
GEOP_20260402.csv,2026-02-10 15:17:56,0.0
GEOP_20260402.csv,2026-02-10 15:20:56,0.0
GEOP_20260402.csv,2026-02-10 15:23:56,0.0
GEOP_20260402.csv,2026-02-10 15:26:56,0.0
GEOP_20260402.csv,2026-02-10 15:29:56,0.0
GEOP_20260402.csv,2026-02-10 15:32:56,0.0
GEOP_20260402.csv,2026-02-10 15:35:56,0.0
GEOP_20260402.csv,2026-02-10 15:38:56,0.0
GEOP_20260402.csv,2026-02-10 15:41:56,0.0
GEOP_20260402.csv,2026-02-10 15:44:56,0.0
GEOP_20260402.csv,2026-02-10 15:47:56,0.0
GEOP_20260402.csv,2026-02-10 15:50:56,0.0
GEOP_20260402.csv,2026-02-10 15:53:56,0.0
GEOP_20260402.csv,2026-02-10 15:56:56,0.0
GEOP_20260402.csv,2026-02-10 15:59:56,0.0
GEOP_20260402.csv,2026-02-10 16:02:56,0.0
GEOP_20260402.csv,2026-02-10 16:05:56,0.01
GEOP_20260402.csv,2026-02-10 16:08:56,0.01
GEOP_20260402.csv,2026-02-10 16:11:56,0.02
GEOP_20260402.csv,2026-02-10 16:14:56,0.02
GEOP_20260402.csv,2026-02-10 16:17:56,0.03
GEOP_20260402.csv,2026-02-10 16:20:56,0.03
GEOP_20260402.csv,2026-02-10 16:23:56,0.03
GEOP_20260402.csv,2026-02-10 16:26:56,0.04
GEOP_20260402.csv,2026-02-10 16:29:56,0.05
GEOP_20260402.csv,2026-02-10 16:32:56,0.05
GEOP_20260402.csv,2026-02-10 16:35:56,0.05
GEOP_20260402.csv,2026-02-10 16:38:56,0.05
GEOP_20260402.csv,2026-02-10 16:41:56,0.06
GEOP_20260402.csv,2026-02-10 16:44:56,0.06
GEOP_20260402.csv,2026-02-10 16:47:56,0.07
GEOP_20260402.csv,2026-02-10 16:50:56,0.09
GEOP_20260402.csv,2026-02-10 16:53:56,0.08
GEOP_20260402.csv,2026-02-10 16:56:56,0.08
GEOP_20260402.csv,2026-02-10 16:59:56,0.06
GEOP_20260402.csv,2026-02-10 17:02:56,0.05
GEOP_20260402.csv,2026-02-10 17:05:56,0.05
GEOP_20260402.csv,2026-02-10 17:08:56,0.07
GEOP_20260402.csv,2026-02-10 17:11:56,0.12
GEOP_20260402.csv,2026-02-10 17:14:56,0.15
GEOP_20260402.csv,2026-02-10 17:17:56,0.13
GEOP_20260402.csv,2026-02-10 17:20:56,0.11
GEOP_20260402.csv,2026-02-10 17:23:56,0.14
GEOP_20260402.csv,2026-02-10 17:26:56,0.14
GEOP_20260402.csv,2026-02-10 17:29:56,0.11
GEOP_20260402.csv,2026-02-10 17:32:56,0.12
GEOP_20260402.csv,2026-02-10 17:35:56,0.09
GEOP_20260402.csv,2026-02-10 17:38:56,0.08
GEOP_20260402.csv,2026-02-10 17:41:56,0.08
GEOP_20260402.csv,2026-02-10 17:44:56,0.09
GEOP_20260402.csv,2026-02-10 17:47:56,0.08
GEOP_20260402.csv,2026-02-10 17:50:56,0.12
GEOP_20260402.csv,2026-02-10 17:53:56,0.12
GEOP_20260402.csv,2026-02-10 17:56:56,0.11
GEOP_20260402.csv,2026-02-10 17:59:56,0.12
GEOP_20260402.csv,2026-02-10 18:02:56,0.13
GEOP_20260402.csv,2026-02-10 18:05:56,0.16
GEOP_20260402.csv,2026-02-10 18:08:56,0.16
GEOP_20260402.csv,2026-02-10 18:11:56,0.14
GEOP_20260402.csv,2026-02-10 18:14:56,0.19
GEOP_20260402.csv,2026-02-10 18:17:56,0.17
GEOP_20260402.csv,2026-02-10 18:20:56,0.15
GEOP_20260402.csv,2026-02-10 18:23:56,0.14
GEOP_20260402.csv,2026-02-10 18:26:56,0.12
GEOP_20260402.csv,2026-02-10 18:29:56,0.09
GEOP_20260402.csv,2026-02-10 18:32:56,0.08
GEOP_20260402.csv,2026-02-10 18:35:56,0.06
GEOP_20260402.csv,2026-02-10 18:38:56,0.04
GEOP_20260402.csv,2026-02-10 18:41:56,0.02
GEOP_20260402.csv,2026-02-10 18:44:56,0.02
GEOP_20260402.csv,2026-02-10 18:47:56,0.01
GEOP_20260402.csv,2026-02-10 18:50:56,0.01
GEOP_20260402.csv,2026-02-10 18:53:56,0.01
GEOP_20260402.csv,2026-02-10 18:56:56,0.02
GEOP_20260402.csv,2026-02-10 18:59:56,0.01
GEOP_20260402.csv,2026-02-10 19:02:56,0.01
GEOP_20260402.csv,2026-02-10 19:05:56,0.01
GEOP_20260402.csv,2026-02-10 19:08:56,0.01
GEOP_20260402.csv,2026-02-10 19:11:56,0.02
GEOP_20260402.csv,2026-02-10 19:14:56,0.03
GEOP_20260402.csv,2026-02-10 19:17:56,0.02
GEOP_20260402.csv,2026-02-10 19:20:56,0.03
GEOP_20260402.csv,2026-02-10 19:23:56,0.02
GEOP_20260402.csv,2026-02-10 19:26:56,0.03
GEOP_20260402.csv,2026-02-10 19:29:56,0.02
GEOP_20260402.csv,2026-02-10 19:32:56,0.02
GEOP_20260402.csv,2026-02-10 19:35:56,0.02
GEOP_20260402.csv,2026-02-10 19:38:56,0.01
GEOP_20260402.csv,2026-02-10 19:41:56,0.01
GEOP_20260402.csv,2026-02-10 19:44:56,0.01
GEOP_20260402.csv,2026-02-10 19:47:56,0.01
GEOP_20260402.csv,2026-02-10 19:50:56,0.01
GEOP_20260402.csv,2026-02-10 19:53:56,0.02
GEOP_20260402.csv,2026-02-10 19:56:56,0.02
GEOP_20260402.csv,2026-02-10 19:59:56,0.03
GEOP_20260402.csv,2026-02-10 20:02:56,0.07
GEOP_20260402.csv,2026-02-10 20:05:56,0.15
GEOP_20260402.csv,2026-02-10 20:08:56,0.1
GEOP_20260402.csv,2026-02-10 20:11:56,0.05
GEOP_20260402.csv,2026-02-10 20:14:56,0.04
GEOP_20260402.csv,2026-02-10 20:17:56,0.03
GEOP_20260402.csv,2026-02-10 20:20:56,0.02
GEOP_20260402.csv,2026-02-10 20:23:56,0.02
GEOP_20260402.csv,2026-02-10 20:26:56,0.02
GEOP_20260402.csv,2026-02-10 20:29:56,0.02
GEOP_20260402.csv,2026-02-10 20:32:56,0.02
GEOP_20260402.csv,2026-02-10 20:35:56,0.01
GEOP_20260402.csv,2026-02-10 20:38:56,0.01
GEOP_20260402.csv,2026-02-10 20:41:56,0.03
GEOP_20260402.csv,2026-02-10 20:44:56,0.25
GEOP_20260402.csv,2026-02-10 20:47:56,0.42
GEOP_20260402.csv,2026-02-10 20:50:56,0.37
GEOP_20260402.csv,2026-02-10 20:53:56,0.19
GEOP_20260402.csv,2026-02-10 20:56:56,0.1
GEOP_20260402.csv,2026-02-10 20:59:56,0.15
GEOP_20260402.csv,2026-02-10 21:02:56,0.31
GEOP_20260402.csv,2026-02-10 21:05:56,0.21
GEOP_20260402.csv,2026-02-10 21:08:56,0.27
GEOP_20260402.csv,2026-02-10 21:11:56,0.21
GEOP_20260402.csv,2026-02-10 21:14:56,0.06
GEOP_20260402.csv,2026-02-10 21:17:56,0.1
GEOP_20260402.csv,2026-02-10 21:20:56,0.06
GEOP_20260402.csv,2026-02-10 21:23:56,0.31
GEOP_20260402.csv,2026-02-10 21:26:56,0.22
GEOP_20260402.csv,2026-02-10 21:29:56,0.09
GEOP_20260402.csv,2026-02-10 21:32:56,0.16
GEOP_20260402.csv,2026-02-10 21:35:56,0.07
GEOP_20260402.csv,2026-02-10 21:38:56,0.1
GEOP_20260402.csv,2026-02-10 21:41:56,0.05
GEOP_20260402.csv,2026-02-10 21:44:56,0.03
GEOP_20260402.csv,2026-02-10 21:47:56,0.02
GEOP_20260402.csv,2026-02-10 21:50:56,0.15
GEOP_20260402.csv,2026-02-10 21:53:56,0.18
GEOP_20260402.csv,2026-02-10 21:56:56,0.15
GEOP_20260402.csv,2026-02-10 21:59:56,0.17
GEOP_20260402.csv,2026-02-10 22:02:56,0.19
GEOP_20260402.csv,2026-02-10 22:05:56,0.15
GEOP_20260402.csv,2026-02-10 22:08:56,0.2
GEOP_20260402.csv,2026-02-10 22:11:56,0.23
GEOP_20260402.csv,2026-02-10 22:14:56,0.24
GEOP_20260402.csv,2026-02-10 22:17:56,0.25
GEOP_20260402.csv,2026-02-10 22:20:56,0.12
GEOP_20260402.csv,2026-02-10 22:23:56,0.08
GEOP_20260402.csv,2026-02-10 22:26:56,0.04
GEOP_20260402.csv,2026-02-10 22:29:56,0.08
GEOP_20260402.csv,2026-02-10 22:32:56,0.14
GEOP_20260402.csv,2026-02-10 22:35:56,0.15
GEOP_20260402.csv,2026-02-10 22:38:56,0.09
GEOP_20260402.csv,2026-02-10 22:41:56,0.08
GEOP_20260402.csv,2026-02-10 22:44:56,0.04
GEOP_20260402.csv,2026-02-10 22:47:56,0.1
GEOP_20260402.csv,2026-02-10 22:50:56,0.04
GEOP_20260402.csv,2026-02-10 22:53:56,0.02
GEOP_20260402.csv,2026-02-10 22:56:56,0.02
GEOP_20260402.csv,2026-02-10 22:59:56,0.02
GEOP_20260402.csv,2026-02-10 23:02:56,0.03
GEOP_20260402.csv,2026-02-10 23:05:56,0.02
GEOP_20260402.csv,2026-02-10 23:08:56,0.01
GEOP_20260402.csv,2026-02-10 23:11:56,0.02
GEOP_20260402.csv,2026-02-10 23:14:56,0.02
GEOP_20260402.csv,2026-02-10 23:17:56,0.06
GEOP_20260402.csv,2026-02-10 23:20:56,0.06
GEOP_20260402.csv,2026-02-10 23:23:56,0.05
GEOP_20260402.csv,2026-02-10 23:26:56,0.03
GEOP_20260402.csv,2026-02-10 23:29:56,0.05
GEOP_20260402.csv,2026-02-10 23:32:56,0.03
GEOP_20260402.csv,2026-02-10 23:35:56,0.03
GEOP_20260402.csv,2026-02-10 23:38:56,0.04
GEOP_20260402.csv,2026-02-10 23:41:56,0.03
GEOP_20260402.csv,2026-02-10 23:44:56,0.01
GEOP_20260402.csv,2026-02-10 23:47:55,0.01
GEOP_20260402.csv,2026-02-10 23:50:56,0.01
GEOP_20260402.csv,2026-02-10 23:53:55,0.01
GEOP_20260402.csv,2026-02-10 23:56:55,0.01
GEOP_20260402.csv,2026-02-10 23:59:55,0.0
GEOP_20260402.csv,2026-02-11 00:02:55,0.01
GEOP_20260402.csv,2026-02-11 00:05:55,0.0
GEOP_20260402.csv,2026-02-11 00:08:56,0.01
GEOP_20260402.csv,2026-02-11 00:11:56,0.0
GEOP_20260402.csv,2026-02-11 00:14:55,0.0
GEOP_20260402.csv,2026-02-11 00:17:55,0.01
GEOP_20260402.csv,2026-02-11 00:20:55,0.02
GEOP_20260402.csv,2026-02-11 00:23:55,0.01
GEOP_20260402.csv,2026-02-11 00:26:55,0.06
GEOP_20260402.csv,2026-02-11 00:29:55,0.06
GEOP_20260402.csv,2026-02-11 00:32:55,0.08
GEOP_20260402.csv,2026-02-11 00:35:55,0.05
GEOP_20260402.csv,2026-02-11 00:38:55,0.02
GEOP_20260402.csv,2026-02-11 00:41:55,0.02
GEOP_20260402.csv,2026-02-11 00:44:55,0.04
GEOP_20260402.csv,2026-02-11 00:47:55,0.05
GEOP_20260402.csv,2026-02-11 00:50:55,0.06
GEOP_20260402.csv,2026-02-11 00:53:55,0.08
GEOP_20260402.csv,2026-02-11 00:56:55,0.06
GEOP_20260402.csv,2026-02-11 00:59:55,0.07
GEOP_20260402.csv,2026-02-11 01:02:55,0.08
GEOP_20260402.csv,2026-02-11 01:05:55,0.03
GEOP_20260402.csv,2026-02-11 01:08:55,0.02
GEOP_20260402.csv,2026-02-11 01:11:55,0.02
GEOP_20260402.csv,2026-02-11 01:14:55,0.03
GEOP_20260402.csv,2026-02-11 01:17:55,0.05
GEOP_20260402.csv,2026-02-11 01:20:55,0.06
GEOP_20260402.csv,2026-02-11 01:23:55,0.09
GEOP_20260402.csv,2026-02-11 01:26:55,0.08
GEOP_20260402.csv,2026-02-11 01:29:55,0.06
GEOP_20260402.csv,2026-02-11 01:32:55,0.16
GEOP_20260402.csv,2026-02-11 01:35:55,0.38
GEOP_20260402.csv,2026-02-11 01:38:55,0.36
GEOP_20260402.csv,2026-02-11 01:41:55,0.35000000000000003
GEOP_20260402.csv,2026-02-11 01:44:55,0.19
GEOP_20260402.csv,2026-02-11 01:47:55,0.23
GEOP_20260402.csv,2026-02-11 01:50:55,0.2
GEOP_20260402.csv,2026-02-11 01:53:55,0.18
GEOP_20260402.csv,2026-02-11 01:56:55,0.19
GEOP_20260402.csv,2026-02-11 01:59:55,0.23
GEOP_20260402.csv,2026-02-11 02:02:55,0.1
GEOP_20260402.csv,2026-02-11 02:05:55,0.09
GEOP_20260402.csv,2026-02-11 02:08:55,0.12
GEOP_20260402.csv,2026-02-11 02:11:55,0.1
GEOP_20260402.csv,2026-02-11 02:14:55,0.07
GEOP_20260402.csv,2026-02-11 02:17:55,0.05
GEOP_20260402.csv,2026-02-11 02:20:55,0.02
GEOP_20260402.csv,2026-02-11 02:23:55,0.02
GEOP_20260402.csv,2026-02-11 02:26:55,0.01
GEOP_20260402.csv,2026-02-11 02:29:55,0.01
GEOP_20260402.csv,2026-02-11 02:32:55,0.01
GEOP_20260402.csv,2026-02-11 02:35:55,0.01
GEOP_20260402.csv,2026-02-11 02:38:55,0.0
GEOP_20260402.csv,2026-02-11 02:41:55,0.01
GEOP_20260402.csv,2026-02-11 02:44:55,0.0
GEOP_20260402.csv,2026-02-11 02:47:55,0.01
GEOP_20260402.csv,2026-02-11 02:50:55,0.0
GEOP_20260402.csv,2026-02-11 02:53:55,0.0
GEOP_20260402.csv,2026-02-11 02:56:55,0.01
GEOP_20260402.csv,2026-02-11 03:02:55,0.0
GEOP_20260402.csv,2026-02-11 03:05:55,0.0
GEOP_20260402.csv,2026-02-11 03:08:55,0.0
GEOP_20260402.csv,2026-02-11 03:11:55,0.01
GEOP_20260402.csv,2026-02-11 03:14:55,0.0
GEOP_20260402.csv,2026-02-11 03:17:55,0.0
GEOP_20260402.csv,2026-02-11 03:20:55,0.0
GEOP_20260402.csv,2026-02-11 03:23:55,0.0
GEOP_20260402.csv,2026-02-11 03:26:55,0.0
GEOP_20260402.csv,2026-02-11 03:29:55,0.0
GEOP_20260402.csv,2026-02-11 03:32:55,0.0
GEOP_20260402.csv,2026-02-11 03:35:55,0.01
GEOP_20260402.csv,2026-02-11 03:38:55,0.0
GEOP_20260402.csv,2026-02-11 03:41:55,0.11
GEOP_20260402.csv,2026-02-11 03:44:55,0.14
GEOP_20260402.csv,2026-02-11 03:47:55,0.12
GEOP_20260402.csv,2026-02-11 03:50:55,0.1
GEOP_20260402.csv,2026-02-11 03:53:55,0.07
GEOP_20260402.csv,2026-02-11 03:56:55,0.13
GEOP_20260402.csv,2026-02-11 03:59:55,0.1
GEOP_20260402.csv,2026-02-11 04:02:55,0.1
GEOP_20260402.csv,2026-02-11 04:05:55,0.08
GEOP_20260402.csv,2026-02-11 04:08:55,0.12
GEOP_20260402.csv,2026-02-11 04:11:55,0.11
GEOP_20260402.csv,2026-02-11 04:14:55,0.11
GEOP_20260402.csv,2026-02-11 04:17:55,0.08
GEOP_20260402.csv,2026-02-11 04:20:55,0.06
GEOP_20260402.csv,2026-02-11 04:23:55,0.03
GEOP_20260402.csv,2026-02-11 04:26:55,0.02
GEOP_20260402.csv,2026-02-11 04:29:55,0.02
GEOP_20260402.csv,2026-02-11 04:32:55,0.08
GEOP_20260402.csv,2026-02-11 04:35:55,0.14
GEOP_20260402.csv,2026-02-11 04:38:55,0.06
GEOP_20260402.csv,2026-02-11 04:41:55,0.03
GEOP_20260402.csv,2026-02-11 04:44:55,0.05
GEOP_20260402.csv,2026-02-11 04:47:55,0.09
GEOP_20260402.csv,2026-02-11 04:50:55,0.04
GEOP_20260402.csv,2026-02-11 04:53:55,0.03
GEOP_20260402.csv,2026-02-11 04:56:55,0.04
GEOP_20260402.csv,2026-02-11 04:59:55,0.04
GEOP_20260402.csv,2026-02-11 05:02:55,0.03
GEOP_20260402.csv,2026-02-11 05:05:55,0.04
GEOP_20260402.csv,2026-02-11 05:08:55,0.03
GEOP_20260402.csv,2026-02-11 05:11:55,0.03
GEOP_20260402.csv,2026-02-11 05:14:55,0.06
GEOP_20260402.csv,2026-02-11 05:17:55,0.06
GEOP_20260402.csv,2026-02-11 05:20:55,0.1
GEOP_20260402.csv,2026-02-11 05:23:55,0.12
GEOP_20260402.csv,2026-02-11 05:26:55,0.1
GEOP_20260402.csv,2026-02-11 05:29:55,0.11
GEOP_20260402.csv,2026-02-11 05:32:55,0.08
GEOP_20260402.csv,2026-02-11 05:35:55,0.06
GEOP_20260402.csv,2026-02-11 05:38:55,0.07
GEOP_20260402.csv,2026-02-11 05:41:55,0.14
GEOP_20260402.csv,2026-02-11 05:44:55,0.18
GEOP_20260402.csv,2026-02-11 05:47:55,0.18
GEOP_20260402.csv,2026-02-11 05:50:55,0.1
GEOP_20260402.csv,2026-02-11 05:53:55,0.16
GEOP_20260402.csv,2026-02-11 05:56:55,0.19
GEOP_20260402.csv,2026-02-11 05:59:55,0.14
GEOP_20260402.csv,2026-02-11 06:02:55,0.13
GEOP_20260402.csv,2026-02-11 06:05:55,0.23
GEOP_20260402.csv,2026-02-11 06:08:55,0.16
GEOP_20260402.csv,2026-02-11 06:11:55,0.19
GEOP_20260402.csv,2026-02-11 06:14:55,0.24
GEOP_20260402.csv,2026-02-11 06:17:55,0.18
GEOP_20260402.csv,2026-02-11 06:20:55,0.11
GEOP_20260402.csv,2026-02-11 06:23:55,0.09
GEOP_20260402.csv,2026-02-11 06:26:55,0.15
GEOP_20260402.csv,2026-02-11 06:29:55,0.26
GEOP_20260402.csv,2026-02-11 06:32:55,0.24
GEOP_20260402.csv,2026-02-11 06:35:55,0.07
GEOP_20260402.csv,2026-02-11 06:38:55,0.04
GEOP_20260402.csv,2026-02-11 06:41:55,0.05
GEOP_20260402.csv,2026-02-11 06:44:55,0.2
GEOP_20260402.csv,2026-02-11 06:47:55,0.06
GEOP_20260402.csv,2026-02-11 06:50:55,0.03
GEOP_20260402.csv,2026-02-11 06:53:55,0.02
GEOP_20260402.csv,2026-02-11 06:56:55,0.02
GEOP_20260402.csv,2026-02-11 06:59:55,0.02
GEOP_20260402.csv,2026-02-11 07:02:55,0.01
GEOP_20260402.csv,2026-02-11 07:05:55,0.04
GEOP_20260402.csv,2026-02-11 07:08:55,0.02
GEOP_20260402.csv,2026-02-11 07:11:55,0.11
GEOP_20260402.csv,2026-02-11 07:14:55,0.27
GEOP_20260402.csv,2026-02-11 07:17:55,0.17
GEOP_20260402.csv,2026-02-11 07:20:55,0.12
GEOP_20260402.csv,2026-02-11 07:23:55,0.14
GEOP_20260402.csv,2026-02-11 07:26:55,0.21
GEOP_20260402.csv,2026-02-11 07:29:55,0.11
GEOP_20260402.csv,2026-02-11 07:32:55,0.09
GEOP_20260402.csv,2026-02-11 07:35:55,0.05
GEOP_20260402.csv,2026-02-11 07:38:55,0.05
GEOP_20260402.csv,2026-02-11 07:41:55,0.04
GEOP_20260402.csv,2026-02-11 07:44:55,0.04
GEOP_20260402.csv,2026-02-11 07:47:55,0.04
GEOP_20260402.csv,2026-02-11 07:50:55,0.03
GEOP_20260402.csv,2026-02-11 07:53:55,0.02
GEOP_20260402.csv,2026-02-11 07:56:55,0.01
GEOP_20260402.csv,2026-02-11 07:59:55,0.02
GEOP_20260402.csv,2026-02-11 08:02:55,0.01
GEOP_20260402.csv,2026-02-11 08:05:55,0.01
GEOP_20260402.csv,2026-02-11 08:08:55,0.01
GEOP_20260402.csv,2026-02-11 08:11:55,0.01
GEOP_20260402.csv,2026-02-11 08:14:55,0.01
GEOP_20260402.csv,2026-02-11 08:17:55,0.01
GEOP_20260402.csv,2026-02-11 08:20:55,0.0
GEOP_20260402.csv,2026-02-11 08:23:55,0.01
GEOP_20260402.csv,2026-02-11 08:26:55,0.0
GEOP_20260402.csv,2026-02-11 08:29:55,0.01
GEOP_20260402.csv,2026-02-11 08:32:55,0.21
GEOP_20260402.csv,2026-02-11 08:35:55,0.18
GEOP_20260402.csv,2026-02-11 08:38:55,0.19
GEOP_20260402.csv,2026-02-11 08:41:55,0.16
GEOP_20260402.csv,2026-02-11 08:44:55,0.09
GEOP_20260402.csv,2026-02-11 08:47:55,0.11
GEOP_20260402.csv,2026-02-11 08:50:55,0.05
GEOP_20260402.csv,2026-02-11 08:53:55,0.02
GEOP_20260402.csv,2026-02-11 08:56:55,0.02
GEOP_20260402.csv,2026-02-11 08:59:55,0.03
GEOP_20260402.csv,2026-02-11 09:02:55,0.08
GEOP_20260402.csv,2026-02-11 09:05:55,0.11
GEOP_20260402.csv,2026-02-11 09:08:55,0.09
GEOP_20260402.csv,2026-02-11 09:11:55,0.07
GEOP_20260402.csv,2026-02-11 09:14:55,0.06
GEOP_20260402.csv,2026-02-11 09:17:55,0.07
GEOP_20260402.csv,2026-02-11 09:20:55,0.08
GEOP_20260402.csv,2026-02-11 09:23:55,0.1
GEOP_20260402.csv,2026-02-11 09:26:55,0.06
GEOP_20260402.csv,2026-02-11 09:29:55,0.03
GEOP_20260402.csv,2026-02-11 09:32:55,0.03
GEOP_20260402.csv,2026-02-11 09:35:55,0.05
GEOP_20260402.csv,2026-02-11 09:38:55,0.12
GEOP_20260402.csv,2026-02-11 09:41:55,0.13
GEOP_20260402.csv,2026-02-11 09:44:55,0.13
GEOP_20260402.csv,2026-02-11 09:47:55,0.12
GEOP_20260402.csv,2026-02-11 09:50:55,0.06
GEOP_20260402.csv,2026-02-11 09:53:55,0.19
GEOP_20260402.csv,2026-02-11 09:56:55,0.25
GEOP_20260402.csv,2026-02-11 09:59:55,0.31
GEOP_20260402.csv,2026-02-11 10:02:55,0.23
GEOP_20260402.csv,2026-02-11 10:05:55,0.2
GEOP_20260402.csv,2026-02-11 10:08:55,0.21
GEOP_20260402.csv,2026-02-11 10:11:55,0.17
GEOP_20260402.csv,2026-02-11 10:14:55,0.13
GEOP_20260402.csv,2026-02-11 10:17:55,0.12
GEOP_20260402.csv,2026-02-11 10:20:55,0.19
GEOP_20260402.csv,2026-02-11 10:23:55,0.11
GEOP_20260402.csv,2026-02-11 10:26:55,0.06
GEOP_20260402.csv,2026-02-11 10:29:55,0.05
GEOP_20260402.csv,2026-02-11 10:32:55,0.02
GEOP_20260402.csv,2026-02-11 10:35:55,0.02
GEOP_20260402.csv,2026-02-11 10:38:55,0.02
GEOP_20260402.csv,2026-02-11 10:41:55,0.01
GEOP_20260402.csv,2026-02-11 10:44:55,0.08
GEOP_20260402.csv,2026-02-11 10:47:55,0.03
GEOP_20260402.csv,2026-02-11 10:50:55,0.18
GEOP_20260402.csv,2026-02-11 10:53:55,0.3
GEOP_20260402.csv,2026-02-11 10:56:55,0.17
GEOP_20260402.csv,2026-02-11 10:59:55,0.08
GEOP_20260402.csv,2026-02-11 11:02:55,0.11
GEOP_20260402.csv,2026-02-11 11:05:55,0.09
GEOP_20260402.csv,2026-02-11 11:08:55,0.12
GEOP_20260402.csv,2026-02-11 11:11:55,0.08
GEOP_20260402.csv,2026-02-11 11:14:55,0.03
GEOP_20260402.csv,2026-02-11 11:17:55,0.04
GEOP_20260402.csv,2026-02-11 11:20:55,0.15
GEOP_20260402.csv,2026-02-11 11:23:55,0.25
GEOP_20260402.csv,2026-02-11 11:26:55,0.45
GEOP_20260402.csv,2026-02-11 11:29:55,0.48
GEOP_20260402.csv,2026-02-11 11:32:55,0.23
GEOP_20260402.csv,2026-02-11 11:35:55,0.25
GEOP_20260402.csv,2026-02-11 11:38:55,0.36
GEOP_20260402.csv,2026-02-11 11:41:55,0.3
GEOP_20260402.csv,2026-02-11 11:44:55,0.32
GEOP_20260402.csv,2026-02-11 11:47:55,0.64
GEOP_20260402.csv,2026-02-11 11:50:55,0.51
GEOP_20260402.csv,2026-02-11 11:53:55,0.4
GEOP_20260402.csv,2026-02-11 11:56:55,0.35000000000000003
GEOP_20260402.csv,2026-02-11 11:59:55,0.25
GEOP_20260402.csv,2026-02-11 12:02:55,0.25
GEOP_20260402.csv,2026-02-11 12:05:55,0.15
GEOP_20260402.csv,2026-02-11 12:08:55,0.19
GEOP_20260402.csv,2026-02-11 12:11:55,0.16
GEOP_20260402.csv,2026-02-11 12:14:55,0.3
GEOP_20260402.csv,2026-02-11 12:17:55,0.41000000000000003
GEOP_20260402.csv,2026-02-11 12:20:55,0.41000000000000003
GEOP_20260402.csv,2026-02-11 12:23:55,0.2
GEOP_20260402.csv,2026-02-11 12:26:55,0.25
GEOP_20260402.csv,2026-02-11 12:29:55,0.18
GEOP_20260402.csv,2026-02-11 12:32:55,0.2
GEOP_20260402.csv,2026-02-11 12:35:55,0.16
GEOP_20260402.csv,2026-02-11 12:38:55,0.19
GEOP_20260402.csv,2026-02-11 12:41:55,0.12
GEOP_20260402.csv,2026-02-11 12:44:55,0.06
GEOP_20260402.csv,2026-02-11 12:47:54,0.05
GEOP_20260402.csv,2026-02-11 12:50:54,0.05
GEOP_20260402.csv,2026-02-11 12:53:55,0.06
GEOP_20260402.csv,2026-02-11 12:56:55,0.09
GEOP_20260402.csv,2026-02-11 12:59:54,0.11
GEOP_20260402.csv,2026-02-11 13:02:54,0.13
GEOP_20260402.csv,2026-02-11 13:05:55,0.23
GEOP_20260402.csv,2026-02-11 13:08:54,0.08
GEOP_20260402.csv,2026-02-11 13:11:54,0.04
GEOP_20260402.csv,2026-02-11 13:14:54,0.02
GEOP_20260402.csv,2026-02-11 13:17:54,0.01
GEOP_20260402.csv,2026-02-11 13:20:54,0.02
GEOP_20260402.csv,2026-02-11 13:23:54,0.01
GEOP_20260402.csv,2026-02-11 13:26:54,0.03
GEOP_20260402.csv,2026-02-11 13:29:54,0.07
GEOP_20260402.csv,2026-02-11 13:32:54,0.18
GEOP_20260402.csv,2026-02-11 13:35:54,0.08
GEOP_20260402.csv,2026-02-11 13:38:54,0.03
GEOP_20260402.csv,2026-02-11 13:41:54,0.02
GEOP_20260402.csv,2026-02-11 13:44:54,0.01
GEOP_20260402.csv,2026-02-11 13:47:54,0.01
GEOP_20260402.csv,2026-02-11 13:50:54,0.01
GEOP_20260402.csv,2026-02-11 13:53:54,0.01
GEOP_20260402.csv,2026-02-11 13:56:54,0.0
GEOP_20260402.csv,2026-02-11 13:59:55,0.01
GEOP_20260402.csv,2026-02-11 14:02:54,0.0
GEOP_20260402.csv,2026-02-11 14:05:54,0.01
GEOP_20260402.csv,2026-02-11 14:08:54,0.01
GEOP_20260402.csv,2026-02-11 14:11:54,0.01
GEOP_20260402.csv,2026-02-11 14:14:54,0.02
GEOP_20260402.csv,2026-02-11 14:17:54,0.05
GEOP_20260402.csv,2026-02-11 14:20:54,0.02
GEOP_20260402.csv,2026-02-11 14:23:54,0.02
GEOP_20260402.csv,2026-02-11 14:26:54,0.01
GEOP_20260402.csv,2026-02-11 14:29:54,0.01
GEOP_20260402.csv,2026-02-11 14:35:54,0.01
GEOP_20260402.csv,2026-02-11 14:38:54,0.01
GEOP_20260402.csv,2026-02-11 14:41:54,0.0
GEOP_20260402.csv,2026-02-11 14:44:54,0.0
GEOP_20260402.csv,2026-02-11 14:47:54,0.0
GEOP_20260402.csv,2026-02-11 14:50:54,0.0
GEOP_20260402.csv,2026-02-11 14:53:54,0.0
GEOP_20260402.csv,2026-02-11 14:56:54,0.0
GEOP_20260402.csv,2026-02-11 14:59:54,0.01
GEOP_20260402.csv,2026-02-11 15:02:54,0.0
GEOP_20260402.csv,2026-02-11 15:05:54,0.0
GEOP_20260402.csv,2026-02-11 15:08:54,0.0
GEOP_20260402.csv,2026-02-11 15:11:54,0.0
GEOP_20260402.csv,2026-02-11 15:14:54,0.0
GEOP_20260402.csv,2026-02-11 15:17:54,0.01
GEOP_20260402.csv,2026-02-11 15:20:54,0.0
GEOP_20260402.csv,2026-02-11 15:23:54,0.0
GEOP_20260402.csv,2026-02-11 15:26:54,0.0
GEOP_20260402.csv,2026-02-11 15:29:54,0.0
GEOP_20260402.csv,2026-02-11 15:32:54,0.0
GEOP_20260402.csv,2026-02-11 15:35:54,0.0
GEOP_20260402.csv,2026-02-11 15:38:54,0.0
GEOP_20260402.csv,2026-02-11 15:41:54,0.0
GEOP_20260402.csv,2026-02-11 15:44:54,0.0
GEOP_20260402.csv,2026-02-11 15:47:54,0.0
GEOP_20260402.csv,2026-02-11 15:50:54,0.0
GEOP_20260402.csv,2026-02-11 15:53:54,0.0
GEOP_20260402.csv,2026-02-11 15:56:54,0.0
GEOP_20260402.csv,2026-02-11 15:59:54,0.0
GEOP_20260402.csv,2026-02-11 16:02:54,0.0
GEOP_20260402.csv,2026-02-11 16:05:54,0.0
GEOP_20260402.csv,2026-02-11 16:08:54,0.0
GEOP_20260402.csv,2026-02-11 16:11:54,0.0
GEOP_20260402.csv,2026-02-11 16:14:54,0.0
GEOP_20260402.csv,2026-02-11 16:17:54,0.0
GEOP_20260402.csv,2026-02-11 16:20:54,0.0
GEOP_20260402.csv,2026-02-11 16:23:54,0.0
GEOP_20260402.csv,2026-02-11 16:26:54,0.0
GEOP_20260402.csv,2026-02-11 16:29:54,0.0
GEOP_20260402.csv,2026-02-11 16:32:54,0.0
GEOP_20260402.csv,2026-02-11 16:35:54,0.0
GEOP_20260402.csv,2026-02-11 16:38:54,0.0
GEOP_20260402.csv,2026-02-11 16:41:54,0.0
GEOP_20260402.csv,2026-02-11 16:44:54,0.0
GEOP_20260402.csv,2026-02-11 16:47:54,0.0
GEOP_20260402.csv,2026-02-11 16:50:54,0.0
GEOP_20260402.csv,2026-02-11 16:53:54,0.0
GEOP_20260402.csv,2026-02-11 16:56:54,0.0
GEOP_20260402.csv,2026-02-11 16:59:54,0.0
GEOP_20260402.csv,2026-02-11 17:02:54,0.0
GEOP_20260402.csv,2026-02-11 17:05:54,0.0
GEOP_20260402.csv,2026-02-11 17:08:54,0.0
GEOP_20260402.csv,2026-02-11 17:11:54,0.0
GEOP_20260402.csv,2026-02-11 17:14:54,0.0
GEOP_20260402.csv,2026-02-11 17:17:54,0.0
GEOP_20260402.csv,2026-02-11 17:20:54,0.0
GEOP_20260402.csv,2026-02-11 17:23:54,0.0
GEOP_20260402.csv,2026-02-11 17:26:54,0.0
GEOP_20260402.csv,2026-02-11 17:29:54,0.0
GEOP_20260402.csv,2026-02-11 17:32:54,0.0
GEOP_20260402.csv,2026-02-11 17:35:54,0.0
GEOP_20260402.csv,2026-02-11 17:38:54,0.0
GEOP_20260402.csv,2026-02-11 17:41:54,0.0
GEOP_20260402.csv,2026-02-11 17:44:54,0.0
GEOP_20260402.csv,2026-02-11 17:47:54,0.0
GEOP_20260402.csv,2026-02-11 17:50:54,0.0
GEOP_20260402.csv,2026-02-11 17:53:54,0.0
GEOP_20260402.csv,2026-02-11 17:56:54,0.0
GEOP_20260402.csv,2026-02-11 17:59:54,0.0
GEOP_20260402.csv,2026-02-11 18:02:54,0.0
GEOP_20260402.csv,2026-02-11 18:05:54,0.0
GEOP_20260402.csv,2026-02-11 18:08:54,0.0
GEOP_20260402.csv,2026-02-11 18:11:54,0.0
GEOP_20260402.csv,2026-02-11 18:14:54,0.0
GEOP_20260402.csv,2026-02-11 18:17:54,0.0
GEOP_20260402.csv,2026-02-11 18:20:54,0.0
GEOP_20260402.csv,2026-02-11 18:23:54,0.0
GEOP_20260402.csv,2026-02-11 18:26:54,0.0
GEOP_20260402.csv,2026-02-11 18:29:54,0.0
GEOP_20260402.csv,2026-02-11 18:32:54,0.0
GEOP_20260402.csv,2026-02-11 18:35:54,0.0
GEOP_20260402.csv,2026-02-11 18:38:54,0.0
GEOP_20260402.csv,2026-02-11 18:41:54,0.0
GEOP_20260402.csv,2026-02-11 18:44:54,0.0
GEOP_20260402.csv,2026-02-11 18:47:54,0.0
GEOP_20260402.csv,2026-02-11 18:50:54,0.0
GEOP_20260402.csv,2026-02-11 18:53:54,0.0
GEOP_20260402.csv,2026-02-11 18:56:54,0.0
GEOP_20260402.csv,2026-02-11 18:59:54,0.0
GEOP_20260402.csv,2026-02-11 19:02:54,0.0
GEOP_20260402.csv,2026-02-11 19:05:54,0.0
GEOP_20260402.csv,2026-02-11 19:08:54,0.0
GEOP_20260402.csv,2026-02-11 19:11:54,0.0
GEOP_20260402.csv,2026-02-11 19:14:54,0.0
GEOP_20260402.csv,2026-02-11 19:17:54,0.0
GEOP_20260402.csv,2026-02-11 19:20:54,0.0
GEOP_20260402.csv,2026-02-11 19:23:54,0.0
GEOP_20260402.csv,2026-02-11 19:26:54,0.0
GEOP_20260402.csv,2026-02-11 19:29:54,0.0
GEOP_20260402.csv,2026-02-11 19:32:54,0.0
GEOP_20260402.csv,2026-02-11 19:35:54,0.0
GEOP_20260402.csv,2026-02-11 19:38:54,0.0
GEOP_20260402.csv,2026-02-11 19:41:54,0.0
GEOP_20260402.csv,2026-02-11 19:44:54,0.0
GEOP_20260402.csv,2026-02-11 19:47:54,0.0
GEOP_20260402.csv,2026-02-11 19:50:54,0.0
GEOP_20260402.csv,2026-02-11 19:53:54,0.0
GEOP_20260402.csv,2026-02-11 19:56:54,0.0
GEOP_20260402.csv,2026-02-11 19:59:54,0.0
GEOP_20260402.csv,2026-02-11 20:02:54,0.0
GEOP_20260402.csv,2026-02-11 20:05:54,0.0
GEOP_20260402.csv,2026-02-11 20:08:54,0.0
GEOP_20260402.csv,2026-02-11 20:11:54,0.0
GEOP_20260402.csv,2026-02-11 20:14:54,0.0
GEOP_20260402.csv,2026-02-11 20:17:54,0.0
GEOP_20260402.csv,2026-02-11 20:20:54,0.0
GEOP_20260402.csv,2026-02-11 20:23:54,0.0
GEOP_20260402.csv,2026-02-11 20:26:54,0.0
GEOP_20260402.csv,2026-02-11 20:29:54,0.0
GEOP_20260402.csv,2026-02-11 20:32:54,0.0
GEOP_20260402.csv,2026-02-11 20:35:54,0.0
GEOP_20260402.csv,2026-02-11 20:38:54,0.0
GEOP_20260402.csv,2026-02-11 20:41:54,0.0
GEOP_20260402.csv,2026-02-11 20:44:54,0.0
GEOP_20260402.csv,2026-02-11 20:47:54,0.0
GEOP_20260402.csv,2026-02-11 20:50:54,0.0
GEOP_20260402.csv,2026-02-11 20:53:54,0.0
GEOP_20260402.csv,2026-02-11 20:56:54,0.0
GEOP_20260402.csv,2026-02-11 20:59:54,0.0
GEOP_20260402.csv,2026-02-11 21:02:54,0.0
GEOP_20260402.csv,2026-02-11 21:05:54,0.0
GEOP_20260402.csv,2026-02-11 21:08:54,0.0
GEOP_20260402.csv,2026-02-11 21:11:54,0.0
GEOP_20260402.csv,2026-02-11 21:14:54,0.0
GEOP_20260402.csv,2026-02-11 21:17:54,0.0
GEOP_20260402.csv,2026-02-11 21:20:54,0.02
GEOP_20260402.csv,2026-02-11 21:23:54,0.01
GEOP_20260402.csv,2026-02-11 21:26:54,0.02
GEOP_20260402.csv,2026-02-11 21:29:54,0.02
GEOP_20260402.csv,2026-02-11 21:32:54,0.01
GEOP_20260402.csv,2026-02-11 21:35:54,0.02
GEOP_20260402.csv,2026-02-11 21:38:54,0.01
GEOP_20260402.csv,2026-02-11 21:41:54,0.01
GEOP_20260402.csv,2026-02-11 21:44:54,0.01
GEOP_20260402.csv,2026-02-11 21:47:54,0.01
GEOP_20260402.csv,2026-02-11 21:50:54,0.01
GEOP_20260402.csv,2026-02-11 21:53:54,0.01
GEOP_20260402.csv,2026-02-11 21:56:54,0.0
GEOP_20260402.csv,2026-02-11 21:59:54,0.01
GEOP_20260402.csv,2026-02-11 22:02:54,0.0
GEOP_20260402.csv,2026-02-11 22:05:54,0.01
GEOP_20260402.csv,2026-02-11 22:08:54,0.01
GEOP_20260402.csv,2026-02-11 22:11:54,0.01
GEOP_20260402.csv,2026-02-11 22:14:54,0.07
GEOP_20260402.csv,2026-02-11 22:17:54,0.06
GEOP_20260402.csv,2026-02-11 22:20:54,0.1
GEOP_20260402.csv,2026-02-11 22:23:54,0.11
GEOP_20260402.csv,2026-02-11 22:26:54,0.16
GEOP_20260402.csv,2026-02-11 22:29:54,0.12
GEOP_20260402.csv,2026-02-11 22:32:54,0.09
GEOP_20260402.csv,2026-02-11 22:35:54,0.13
GEOP_20260402.csv,2026-02-11 22:38:54,0.04
GEOP_20260402.csv,2026-02-11 22:41:54,0.01
GEOP_20260402.csv,2026-02-11 22:44:54,0.05
GEOP_20260402.csv,2026-02-11 22:47:54,0.04
GEOP_20260402.csv,2026-02-11 22:50:54,0.01
GEOP_20260402.csv,2026-02-11 22:53:54,0.01
GEOP_20260402.csv,2026-02-11 22:56:54,0.08
GEOP_20260402.csv,2026-02-11 22:59:54,0.09
GEOP_20260402.csv,2026-02-11 23:02:54,0.03
GEOP_20260402.csv,2026-02-11 23:05:54,0.02
GEOP_20260402.csv,2026-02-11 23:08:54,0.01
GEOP_20260402.csv,2026-02-11 23:11:54,0.01
GEOP_20260402.csv,2026-02-11 23:14:54,0.02
GEOP_20260402.csv,2026-02-11 23:17:54,0.15
GEOP_20260402.csv,2026-02-11 23:20:54,0.09
GEOP_20260402.csv,2026-02-11 23:23:54,0.03
GEOP_20260402.csv,2026-02-11 23:26:54,0.02
GEOP_20260402.csv,2026-02-11 23:29:54,0.01
GEOP_20260402.csv,2026-02-11 23:32:54,0.04
GEOP_20260402.csv,2026-02-11 23:35:54,0.09
GEOP_20260402.csv,2026-02-11 23:38:54,0.05
GEOP_20260402.csv,2026-02-11 23:41:54,0.07
GEOP_20260402.csv,2026-02-11 23:44:54,0.06
GEOP_20260402.csv,2026-02-11 23:47:54,0.15
GEOP_20260402.csv,2026-02-11 23:50:54,0.13
GEOP_20260402.csv,2026-02-11 23:53:54,0.09
GEOP_20260402.csv,2026-02-11 23:56:54,0.03
GEOP_20260402.csv,2026-02-11 23:59:54,0.02
GEOP_20260402.csv,2026-02-12 00:02:54,0.02
GEOP_20260402.csv,2026-02-12 00:05:54,0.03
GEOP_20260402.csv,2026-02-12 00:08:54,0.02
GEOP_20260402.csv,2026-02-12 00:11:54,0.01
GEOP_20260402.csv,2026-02-12 00:14:54,0.01
GEOP_20260402.csv,2026-02-12 00:17:54,0.0
GEOP_20260402.csv,2026-02-12 00:20:54,0.01
GEOP_20260402.csv,2026-02-12 00:23:54,0.0
GEOP_20260402.csv,2026-02-12 00:26:54,0.01
GEOP_20260402.csv,2026-02-12 00:29:54,0.0
GEOP_20260402.csv,2026-02-12 00:32:54,0.0
GEOP_20260402.csv,2026-02-12 00:35:54,0.01
GEOP_20260402.csv,2026-02-12 00:38:54,0.0
GEOP_20260402.csv,2026-02-12 00:41:54,0.0
GEOP_20260402.csv,2026-02-12 00:44:54,0.0
GEOP_20260402.csv,2026-02-12 00:47:54,0.01
GEOP_20260402.csv,2026-02-12 00:50:54,0.0
GEOP_20260402.csv,2026-02-12 00:53:54,0.0
GEOP_20260402.csv,2026-02-12 00:56:54,0.0
GEOP_20260402.csv,2026-02-12 00:59:54,0.0
GEOP_20260402.csv,2026-02-12 01:02:54,0.01
GEOP_20260402.csv,2026-02-12 01:05:54,0.0
GEOP_20260402.csv,2026-02-12 01:08:53,0.01
GEOP_20260402.csv,2026-02-12 01:11:54,0.01
GEOP_20260402.csv,2026-02-12 01:14:53,0.01
GEOP_20260402.csv,2026-02-12 01:17:54,0.01
GEOP_20260402.csv,2026-02-12 01:20:55,0.0
GEOP_20260402.csv,2026-02-12 01:23:53,0.01
GEOP_20260402.csv,2026-02-12 01:26:53,0.0
GEOP_20260402.csv,2026-02-12 01:29:53,0.01
GEOP_20260402.csv,2026-02-12 01:32:53,0.0
GEOP_20260402.csv,2026-02-12 01:35:53,0.01
GEOP_20260402.csv,2026-02-12 01:38:53,0.0
GEOP_20260402.csv,2026-02-12 01:41:53,0.01
GEOP_20260402.csv,2026-02-12 01:44:53,0.07
GEOP_20260402.csv,2026-02-12 01:47:53,0.07
GEOP_20260402.csv,2026-02-12 01:50:53,0.07
GEOP_20260402.csv,2026-02-12 01:53:53,0.07
GEOP_20260402.csv,2026-02-12 01:56:53,0.11
GEOP_20260402.csv,2026-02-12 01:59:53,0.11
GEOP_20260402.csv,2026-02-12 02:02:53,0.09
GEOP_20260402.csv,2026-02-12 02:05:53,0.07
GEOP_20260402.csv,2026-02-12 02:08:53,0.08
GEOP_20260402.csv,2026-02-12 02:11:53,0.06
GEOP_20260402.csv,2026-02-12 02:14:53,0.05
GEOP_20260402.csv,2026-02-12 02:17:53,0.05
GEOP_20260402.csv,2026-02-12 02:20:53,0.04
GEOP_20260402.csv,2026-02-12 02:23:53,0.03
GEOP_20260402.csv,2026-02-12 02:26:53,0.03
GEOP_20260402.csv,2026-02-12 02:29:53,0.04
GEOP_20260402.csv,2026-02-12 02:32:53,0.04
GEOP_20260402.csv,2026-02-12 02:35:53,0.03
GEOP_20260402.csv,2026-02-12 02:38:53,0.06
GEOP_20260402.csv,2026-02-12 02:41:53,0.07
GEOP_20260402.csv,2026-02-12 02:44:53,0.07
GEOP_20260402.csv,2026-02-12 02:47:53,0.11
GEOP_20260402.csv,2026-02-12 02:50:53,0.1
GEOP_20260402.csv,2026-02-12 02:53:53,0.09
GEOP_20260402.csv,2026-02-12 02:56:53,0.08
GEOP_20260402.csv,2026-02-12 02:59:53,0.13
GEOP_20260402.csv,2026-02-12 03:02:53,0.13
GEOP_20260402.csv,2026-02-12 03:05:53,0.1
GEOP_20260402.csv,2026-02-12 03:08:53,0.08
GEOP_20260402.csv,2026-02-12 03:11:53,0.07
GEOP_20260402.csv,2026-02-12 03:14:53,0.09
GEOP_20260402.csv,2026-02-12 03:17:53,0.1
GEOP_20260402.csv,2026-02-12 03:20:53,0.05
GEOP_20260402.csv,2026-02-12 03:23:53,0.04
GEOP_20260402.csv,2026-02-12 03:26:53,0.06
GEOP_20260402.csv,2026-02-12 03:29:53,0.07
GEOP_20260402.csv,2026-02-12 03:32:53,0.17
GEOP_20260402.csv,2026-02-12 03:35:53,0.27
GEOP_20260402.csv,2026-02-12 03:38:53,0.36
GEOP_20260402.csv,2026-02-12 03:41:53,0.2
GEOP_20260402.csv,2026-02-12 03:44:53,0.35000000000000003
GEOP_20260402.csv,2026-02-12 03:47:53,0.21
GEOP_20260402.csv,2026-02-12 03:50:55,0.14
GEOP_20260402.csv,2026-02-12 03:53:53,0.27
GEOP_20260402.csv,2026-02-12 03:56:53,0.27
GEOP_20260402.csv,2026-02-12 03:59:53,0.43
GEOP_20260402.csv,2026-02-12 04:02:53,0.59
GEOP_20260402.csv,2026-02-12 04:05:53,0.35000000000000003
GEOP_20260402.csv,2026-02-12 04:08:53,0.06
GEOP_20260402.csv,2026-02-12 04:11:53,0.03
GEOP_20260402.csv,2026-02-12 04:14:53,0.01
GEOP_20260402.csv,2026-02-12 04:17:53,0.02
GEOP_20260402.csv,2026-02-12 04:20:53,0.01
GEOP_20260402.csv,2026-02-12 04:23:53,0.02
GEOP_20260402.csv,2026-02-12 04:26:53,0.03
GEOP_20260402.csv,2026-02-12 04:29:53,0.03
GEOP_20260402.csv,2026-02-12 04:32:53,0.02
GEOP_20260402.csv,2026-02-12 04:35:53,0.01
GEOP_20260402.csv,2026-02-12 04:38:53,0.01
GEOP_20260402.csv,2026-02-12 04:41:53,0.01
GEOP_20260402.csv,2026-02-12 04:44:53,0.0
GEOP_20260402.csv,2026-02-12 04:47:53,0.01
GEOP_20260402.csv,2026-02-12 04:50:53,0.01
GEOP_20260402.csv,2026-02-12 04:53:53,0.0
GEOP_20260402.csv,2026-02-12 04:56:53,0.01
GEOP_20260402.csv,2026-02-12 04:59:53,0.0
GEOP_20260402.csv,2026-02-12 05:02:53,0.01
GEOP_20260402.csv,2026-02-12 05:05:53,0.01
GEOP_20260402.csv,2026-02-12 05:08:53,0.0
GEOP_20260402.csv,2026-02-12 05:11:53,0.0
GEOP_20260402.csv,2026-02-12 05:14:53,0.01
GEOP_20260402.csv,2026-02-12 05:17:53,0.0
GEOP_20260402.csv,2026-02-12 05:20:53,0.0
GEOP_20260402.csv,2026-02-12 05:23:53,0.01
GEOP_20260402.csv,2026-02-12 05:26:53,0.01
GEOP_20260402.csv,2026-02-12 05:29:53,0.03
GEOP_20260402.csv,2026-02-12 05:32:53,0.05
GEOP_20260402.csv,2026-02-12 05:35:53,0.06
GEOP_20260402.csv,2026-02-12 05:38:53,0.04
GEOP_20260402.csv,2026-02-12 05:41:53,0.08
GEOP_20260402.csv,2026-02-12 05:44:53,0.07
GEOP_20260402.csv,2026-02-12 05:47:53,0.08
GEOP_20260402.csv,2026-02-12 05:50:53,0.11
GEOP_20260402.csv,2026-02-12 05:53:53,0.17
GEOP_20260402.csv,2026-02-12 05:56:53,0.16
GEOP_20260402.csv,2026-02-12 05:59:53,0.16
GEOP_20260402.csv,2026-02-12 06:02:53,0.13
GEOP_20260402.csv,2026-02-12 06:05:53,0.18
GEOP_20260402.csv,2026-02-12 06:08:53,0.16
GEOP_20260402.csv,2026-02-12 06:11:53,0.17
GEOP_20260402.csv,2026-02-12 06:14:53,0.11
GEOP_20260402.csv,2026-02-12 06:17:53,0.1
GEOP_20260402.csv,2026-02-12 06:20:53,0.04
GEOP_20260402.csv,2026-02-12 06:23:53,0.03
GEOP_20260402.csv,2026-02-12 06:26:53,0.03
GEOP_20260402.csv,2026-02-12 06:29:53,0.08
GEOP_20260402.csv,2026-02-12 06:32:53,0.05
GEOP_20260402.csv,2026-02-12 06:35:53,0.03
GEOP_20260402.csv,2026-02-12 06:38:53,0.04
GEOP_20260402.csv,2026-02-12 06:41:53,0.06
GEOP_20260402.csv,2026-02-12 06:44:53,0.12
GEOP_20260402.csv,2026-02-12 06:47:53,0.09
GEOP_20260402.csv,2026-02-12 06:50:53,0.06
GEOP_20260402.csv,2026-02-12 06:53:53,0.04
GEOP_20260402.csv,2026-02-12 06:56:53,0.05
GEOP_20260402.csv,2026-02-12 06:59:53,0.11
GEOP_20260402.csv,2026-02-12 07:02:53,0.22
GEOP_20260402.csv,2026-02-12 07:05:53,0.15
GEOP_20260402.csv,2026-02-12 07:08:53,0.05
GEOP_20260402.csv,2026-02-12 07:11:53,0.06
GEOP_20260402.csv,2026-02-12 07:14:53,0.16
GEOP_20260402.csv,2026-02-12 07:17:53,0.14
GEOP_20260402.csv,2026-02-12 07:20:53,0.29
GEOP_20260402.csv,2026-02-12 07:23:53,0.27
GEOP_20260402.csv,2026-02-12 07:26:53,0.24
GEOP_20260402.csv,2026-02-12 07:29:53,0.12
GEOP_20260402.csv,2026-02-12 07:32:53,0.14
GEOP_20260402.csv,2026-02-12 07:35:53,0.14
GEOP_20260402.csv,2026-02-12 07:38:53,0.12
GEOP_20260402.csv,2026-02-12 07:41:53,0.08
GEOP_20260402.csv,2026-02-12 07:44:53,0.09
GEOP_20260402.csv,2026-02-12 07:47:53,0.08
GEOP_20260402.csv,2026-02-12 07:50:53,0.11
GEOP_20260402.csv,2026-02-12 07:53:53,0.13
GEOP_20260402.csv,2026-02-12 07:56:53,0.11
GEOP_20260402.csv,2026-02-12 07:59:53,0.14
GEOP_20260402.csv,2026-02-12 08:02:53,0.15
GEOP_20260402.csv,2026-02-12 08:05:53,0.14
GEOP_20260402.csv,2026-02-12 08:08:53,0.13
GEOP_20260402.csv,2026-02-12 08:11:53,0.14
GEOP_20260402.csv,2026-02-12 08:14:53,0.16
GEOP_20260402.csv,2026-02-12 08:17:53,0.12
GEOP_20260402.csv,2026-02-12 08:20:53,0.25
GEOP_20260402.csv,2026-02-12 08:23:53,0.17
GEOP_20260402.csv,2026-02-12 08:26:53,0.12
GEOP_20260402.csv,2026-02-12 08:29:53,0.18
GEOP_20260402.csv,2026-02-12 08:32:53,0.17
GEOP_20260402.csv,2026-02-12 08:35:53,0.14
GEOP_20260402.csv,2026-02-12 08:38:54,0.2
GEOP_20260402.csv,2026-02-12 08:41:53,0.17
GEOP_20260402.csv,2026-02-12 08:44:53,0.18
GEOP_20260402.csv,2026-02-12 08:47:53,0.21
GEOP_20260402.csv,2026-02-12 08:50:53,0.16
GEOP_20260402.csv,2026-02-12 08:53:53,0.17
GEOP_20260402.csv,2026-02-12 08:56:53,0.14
GEOP_20260402.csv,2026-02-12 08:59:53,0.13
GEOP_20260402.csv,2026-02-12 09:02:53,0.12
GEOP_20260402.csv,2026-02-12 09:05:53,0.11
GEOP_20260402.csv,2026-02-12 09:08:53,0.09
GEOP_20260402.csv,2026-02-12 09:11:53,0.08
GEOP_20260402.csv,2026-02-12 09:14:53,0.09
GEOP_20260402.csv,2026-02-12 09:17:53,0.09
GEOP_20260402.csv,2026-02-12 09:23:53,0.18
GEOP_20260402.csv,2026-02-12 09:26:53,0.1
GEOP_20260402.csv,2026-02-12 09:29:53,0.11
GEOP_20260402.csv,2026-02-12 09:32:53,0.1
GEOP_20260402.csv,2026-02-12 09:35:53,0.08
GEOP_20260402.csv,2026-02-12 09:38:53,0.07
GEOP_20260402.csv,2026-02-12 09:41:53,0.07
GEOP_20260402.csv,2026-02-12 09:44:53,0.07
GEOP_20260402.csv,2026-02-12 09:47:53,0.06
GEOP_20260402.csv,2026-02-12 09:50:53,0.05
GEOP_20260402.csv,2026-02-12 09:53:53,0.03
GEOP_20260402.csv,2026-02-12 09:56:53,0.03
GEOP_20260402.csv,2026-02-12 09:59:53,0.03
GEOP_20260402.csv,2026-02-12 10:02:53,0.02
GEOP_20260402.csv,2026-02-12 10:05:53,0.02
GEOP_20260402.csv,2026-02-12 10:08:55,0.03
GEOP_20260402.csv,2026-02-12 10:11:53,0.04
GEOP_20260402.csv,2026-02-12 10:14:53,0.03
GEOP_20260402.csv,2026-02-12 10:17:53,0.02
GEOP_20260402.csv,2026-02-12 10:20:53,0.02
GEOP_20260402.csv,2026-02-12 10:23:53,0.02
GEOP_20260402.csv,2026-02-12 10:26:53,0.02
GEOP_20260402.csv,2026-02-12 10:29:53,0.02
GEOP_20260402.csv,2026-02-12 10:32:53,0.02
GEOP_20260402.csv,2026-02-12 10:35:53,0.01
GEOP_20260402.csv,2026-02-12 10:38:53,0.01
GEOP_20260402.csv,2026-02-12 10:41:53,0.01
GEOP_20260402.csv,2026-02-12 10:44:53,0.0
GEOP_20260402.csv,2026-02-12 10:47:53,0.01
GEOP_20260402.csv,2026-02-12 10:50:53,0.01
GEOP_20260402.csv,2026-02-12 10:53:53,0.0
GEOP_20260402.csv,2026-02-12 10:56:53,0.01
GEOP_20260402.csv,2026-02-12 10:59:53,0.01
GEOP_20260402.csv,2026-02-12 11:02:53,0.01
GEOP_20260402.csv,2026-02-12 11:05:53,0.0
GEOP_20260402.csv,2026-02-12 11:08:53,0.01
GEOP_20260402.csv,2026-02-12 11:11:53,0.0
GEOP_20260402.csv,2026-02-12 11:14:53,0.01
GEOP_20260402.csv,2026-02-12 11:17:53,0.0
GEOP_20260402.csv,2026-02-12 11:20:53,0.01
GEOP_20260402.csv,2026-02-12 11:23:53,0.0
GEOP_20260402.csv,2026-02-12 11:26:53,0.01
GEOP_20260402.csv,2026-02-12 11:29:53,0.0
GEOP_20260402.csv,2026-02-12 11:32:53,0.0
GEOP_20260402.csv,2026-02-12 11:35:53,0.0
GEOP_20260402.csv,2026-02-12 11:38:53,0.01
GEOP_20260402.csv,2026-02-12 11:41:53,0.01
GEOP_20260402.csv,2026-02-12 11:44:53,0.0
GEOP_20260402.csv,2026-02-12 11:47:53,0.01
GEOP_20260402.csv,2026-02-12 11:50:53,0.0
GEOP_20260402.csv,2026-02-12 11:53:53,0.01
GEOP_20260402.csv,2026-02-12 11:56:53,0.0
GEOP_20260402.csv,2026-02-12 11:59:53,0.02
GEOP_20260402.csv,2026-02-12 12:02:53,0.04
GEOP_20260402.csv,2026-02-12 12:05:53,0.11
GEOP_20260402.csv,2026-02-12 12:08:53,0.08
GEOP_20260402.csv,2026-02-12 12:11:53,0.05
GEOP_20260402.csv,2026-02-12 12:14:53,0.03
GEOP_20260402.csv,2026-02-12 12:17:53,0.02
GEOP_20260402.csv,2026-02-12 12:20:53,0.01
GEOP_20260402.csv,2026-02-12 12:23:53,0.02
GEOP_20260402.csv,2026-02-12 12:26:53,0.07
GEOP_20260402.csv,2026-02-12 12:29:53,0.14
GEOP_20260402.csv,2026-02-12 12:32:53,0.15
GEOP_20260402.csv,2026-02-12 12:35:53,0.14
GEOP_20260402.csv,2026-02-12 12:38:53,0.09
GEOP_20260402.csv,2026-02-12 12:41:53,0.03
GEOP_20260402.csv,2026-02-12 12:44:53,0.02
GEOP_20260402.csv,2026-02-12 12:47:53,0.06
GEOP_20260402.csv,2026-02-12 12:50:53,0.06
GEOP_20260402.csv,2026-02-12 12:53:53,0.11
GEOP_20260402.csv,2026-02-12 12:56:53,0.17
GEOP_20260402.csv,2026-02-12 12:59:53,0.12
GEOP_20260402.csv,2026-02-12 13:02:53,0.08
GEOP_20260402.csv,2026-02-12 13:05:53,0.04
GEOP_20260402.csv,2026-02-12 13:08:53,0.15
GEOP_20260402.csv,2026-02-12 13:11:53,0.14
GEOP_20260402.csv,2026-02-12 13:14:53,0.09
GEOP_20260402.csv,2026-02-12 13:17:53,0.18
GEOP_20260402.csv,2026-02-12 13:20:53,0.15
GEOP_20260402.csv,2026-02-12 13:23:53,0.12
GEOP_20260402.csv,2026-02-12 13:26:53,0.04
GEOP_20260402.csv,2026-02-12 13:29:53,0.02
GEOP_20260402.csv,2026-02-12 13:32:53,0.01
GEOP_20260402.csv,2026-02-12 13:35:53,0.01
GEOP_20260402.csv,2026-02-12 13:38:53,0.01
GEOP_20260402.csv,2026-02-12 13:41:53,0.0
GEOP_20260402.csv,2026-02-12 13:44:53,0.01
GEOP_20260402.csv,2026-02-12 13:47:53,0.0
GEOP_20260402.csv,2026-02-12 13:50:53,0.0
GEOP_20260402.csv,2026-02-12 13:53:53,0.0
GEOP_20260402.csv,2026-02-12 13:56:53,0.0
GEOP_20260402.csv,2026-02-12 13:59:52,0.0
GEOP_20260402.csv,2026-02-12 14:02:52,0.0
GEOP_20260402.csv,2026-02-12 14:05:53,0.01
GEOP_20260402.csv,2026-02-12 14:08:53,0.0
GEOP_20260402.csv,2026-02-12 14:11:52,0.0
GEOP_20260402.csv,2026-02-12 14:14:52,0.0
GEOP_20260402.csv,2026-02-12 14:17:52,0.01
GEOP_20260402.csv,2026-02-12 14:20:52,0.0
GEOP_20260402.csv,2026-02-12 14:23:52,0.01
GEOP_20260402.csv,2026-02-12 14:26:52,0.0
GEOP_20260402.csv,2026-02-12 14:29:52,0.0
GEOP_20260402.csv,2026-02-12 14:32:52,0.0
GEOP_20260402.csv,2026-02-12 14:35:52,0.01
GEOP_20260402.csv,2026-02-12 14:38:52,0.0
GEOP_20260402.csv,2026-02-12 14:41:52,0.0
GEOP_20260402.csv,2026-02-12 14:44:52,0.0
GEOP_20260402.csv,2026-02-12 14:47:52,0.0
GEOP_20260402.csv,2026-02-12 14:50:52,0.01
GEOP_20260402.csv,2026-02-12 14:53:52,0.0
GEOP_20260402.csv,2026-02-12 14:56:52,0.0
GEOP_20260402.csv,2026-02-12 14:59:52,0.0
GEOP_20260402.csv,2026-02-12 15:02:52,0.0
GEOP_20260402.csv,2026-02-12 15:05:52,0.0
GEOP_20260402.csv,2026-02-12 15:08:52,0.01
GEOP_20260402.csv,2026-02-12 15:11:52,0.0
GEOP_20260402.csv,2026-02-12 15:14:52,0.0
GEOP_20260402.csv,2026-02-12 15:17:52,0.0
GEOP_20260402.csv,2026-02-12 15:20:52,0.0
GEOP_20260402.csv,2026-02-12 15:23:52,0.0
GEOP_20260402.csv,2026-02-12 15:26:52,0.0
GEOP_20260402.csv,2026-02-12 15:29:52,0.0
GEOP_20260402.csv,2026-02-12 15:32:52,0.0
GEOP_20260402.csv,2026-02-12 15:35:52,0.0
GEOP_20260402.csv,2026-02-12 15:38:52,0.01
GEOP_20260402.csv,2026-02-12 15:41:52,0.0
GEOP_20260402.csv,2026-02-12 15:44:52,0.0
GEOP_20260402.csv,2026-02-12 15:47:52,0.0
GEOP_20260402.csv,2026-02-12 15:50:52,0.0
GEOP_20260402.csv,2026-02-12 15:53:52,0.0
GEOP_20260402.csv,2026-02-12 15:56:52,0.0
GEOP_20260402.csv,2026-02-12 15:59:52,0.0
GEOP_20260402.csv,2026-02-12 16:02:52,0.0
GEOP_20260402.csv,2026-02-12 16:05:52,0.0
GEOP_20260402.csv,2026-02-12 16:08:52,0.0
GEOP_20260402.csv,2026-02-12 16:11:52,0.0
GEOP_20260402.csv,2026-02-12 16:14:52,0.01
GEOP_20260402.csv,2026-02-12 16:17:52,0.0
GEOP_20260402.csv,2026-02-12 16:20:52,0.0
GEOP_20260402.csv,2026-02-12 16:23:52,0.0
GEOP_20260402.csv,2026-02-12 16:26:52,0.0
GEOP_20260402.csv,2026-02-12 16:29:52,0.0
GEOP_20260402.csv,2026-02-12 16:32:52,0.0
GEOP_20260402.csv,2026-02-12 16:35:52,0.0
GEOP_20260402.csv,2026-02-12 16:38:52,0.0
GEOP_20260402.csv,2026-02-12 16:41:52,0.0
GEOP_20260402.csv,2026-02-12 16:44:52,0.0
GEOP_20260402.csv,2026-02-12 16:47:52,0.0
GEOP_20260402.csv,2026-02-12 16:50:52,0.01
GEOP_20260402.csv,2026-02-12 16:53:52,0.0
GEOP_20260402.csv,2026-02-12 16:56:52,0.0
GEOP_20260402.csv,2026-02-12 16:59:52,0.0
GEOP_20260402.csv,2026-02-12 17:02:52,0.0
GEOP_20260402.csv,2026-02-12 17:05:52,0.0
GEOP_20260402.csv,2026-02-12 17:08:52,0.0
GEOP_20260402.csv,2026-02-12 17:11:52,0.0
GEOP_20260402.csv,2026-02-12 17:14:52,0.0
GEOP_20260402.csv,2026-02-12 17:17:52,0.01
GEOP_20260402.csv,2026-02-12 17:20:52,0.0
GEOP_20260402.csv,2026-02-12 17:23:52,0.0
GEOP_20260402.csv,2026-02-12 17:26:52,0.0
GEOP_20260402.csv,2026-02-12 17:29:52,0.0
GEOP_20260402.csv,2026-02-12 17:32:52,0.0
GEOP_20260402.csv,2026-02-12 17:35:52,0.0
GEOP_20260402.csv,2026-02-12 17:38:52,0.01
GEOP_20260402.csv,2026-02-12 17:44:52,0.0
GEOP_20260402.csv,2026-02-12 17:47:52,0.0
GEOP_20260402.csv,2026-02-12 17:50:52,0.0
GEOP_20260402.csv,2026-02-12 17:53:52,0.0
GEOP_20260402.csv,2026-02-12 17:56:52,0.0
GEOP_20260402.csv,2026-02-12 17:59:52,0.0
GEOP_20260402.csv,2026-02-12 18:02:52,0.01
GEOP_20260402.csv,2026-02-12 18:05:52,0.0
GEOP_20260402.csv,2026-02-12 18:11:52,0.13
GEOP_20260402.csv,2026-02-12 18:14:52,0.06
GEOP_20260402.csv,2026-02-12 18:17:52,0.07
GEOP_20260402.csv,2026-02-12 18:20:52,0.06
GEOP_20260402.csv,2026-02-12 18:23:52,0.07
GEOP_20260402.csv,2026-02-12 18:26:53,0.05
GEOP_20260402.csv,2026-02-12 18:29:52,0.07
GEOP_20260402.csv,2026-02-12 18:32:52,0.06
GEOP_20260402.csv,2026-02-12 18:35:52,0.04
GEOP_20260402.csv,2026-02-12 18:38:52,0.04
GEOP_20260402.csv,2026-02-12 18:41:52,0.04
GEOP_20260402.csv,2026-02-12 18:44:52,0.05
GEOP_20260402.csv,2026-02-12 18:47:52,0.06
GEOP_20260402.csv,2026-02-12 18:50:52,0.05
GEOP_20260402.csv,2026-02-12 18:53:52,0.04
GEOP_20260402.csv,2026-02-12 18:59:52,0.09
GEOP_20260402.csv,2026-02-12 19:02:52,0.05
GEOP_20260402.csv,2026-02-12 19:05:52,0.09
GEOP_20260402.csv,2026-02-12 19:08:52,0.06
GEOP_20260402.csv,2026-02-12 19:11:52,0.03
GEOP_20260402.csv,2026-02-12 19:14:52,0.03
GEOP_20260402.csv,2026-02-12 19:17:52,0.01
GEOP_20260402.csv,2026-02-12 19:20:52,0.01
GEOP_20260402.csv,2026-02-12 19:23:52,0.01
GEOP_20260402.csv,2026-02-12 19:26:52,0.01
GEOP_20260402.csv,2026-02-12 19:29:52,0.02
GEOP_20260402.csv,2026-02-12 19:32:52,0.02
GEOP_20260402.csv,2026-02-12 19:35:52,0.05
GEOP_20260402.csv,2026-02-12 19:38:52,0.04
GEOP_20260402.csv,2026-02-12 19:41:52,0.04
GEOP_20260402.csv,2026-02-12 19:44:52,0.03
GEOP_20260402.csv,2026-02-12 19:47:52,0.05
GEOP_20260402.csv,2026-02-12 19:50:52,0.09
GEOP_20260402.csv,2026-02-12 19:53:52,0.13
GEOP_20260402.csv,2026-02-12 19:56:52,0.06
GEOP_20260402.csv,2026-02-12 19:59:52,0.05
GEOP_20260402.csv,2026-02-12 20:02:52,0.04
GEOP_20260402.csv,2026-02-12 20:05:52,0.03
GEOP_20260402.csv,2026-02-12 20:08:52,0.04
GEOP_20260402.csv,2026-02-12 20:11:52,0.02
GEOP_20260402.csv,2026-02-12 20:14:52,0.02
GEOP_20260402.csv,2026-02-12 20:17:52,0.02
GEOP_20260402.csv,2026-02-12 20:20:52,0.02
GEOP_20260402.csv,2026-02-12 20:23:52,0.02
GEOP_20260402.csv,2026-02-12 20:26:52,0.03
GEOP_20260402.csv,2026-02-12 20:29:52,0.02
GEOP_20260402.csv,2026-02-12 20:32:52,0.01
GEOP_20260402.csv,2026-02-12 20:35:52,0.01
GEOP_20260402.csv,2026-02-12 20:38:52,0.01
GEOP_20260402.csv,2026-02-12 20:41:52,0.02
GEOP_20260402.csv,2026-02-12 20:44:52,0.01
GEOP_20260402.csv,2026-02-12 20:47:52,0.01
GEOP_20260402.csv,2026-02-12 20:50:52,0.0
GEOP_20260402.csv,2026-02-12 20:53:52,0.01
GEOP_20260402.csv,2026-02-12 20:56:52,0.01
GEOP_20260402.csv,2026-02-12 20:59:52,0.0
GEOP_20260402.csv,2026-02-12 21:02:52,0.01
GEOP_20260402.csv,2026-02-12 21:05:52,0.0
GEOP_20260402.csv,2026-02-12 21:08:52,0.0
GEOP_20260402.csv,2026-02-12 21:11:52,0.01
GEOP_20260402.csv,2026-02-12 21:14:52,0.0
GEOP_20260402.csv,2026-02-12 21:17:52,0.01
GEOP_20260402.csv,2026-02-12 21:20:52,0.0
GEOP_20260402.csv,2026-02-12 21:23:52,0.0
GEOP_20260402.csv,2026-02-12 21:26:52,0.01
GEOP_20260402.csv,2026-02-12 21:29:52,0.0
GEOP_20260402.csv,2026-02-12 21:32:52,0.0
GEOP_20260402.csv,2026-02-12 21:35:52,0.0
GEOP_20260402.csv,2026-02-12 21:38:52,0.01
GEOP_20260402.csv,2026-02-12 21:41:52,0.0
GEOP_20260402.csv,2026-02-12 21:44:52,0.0
GEOP_20260402.csv,2026-02-12 21:47:52,0.0
GEOP_20260402.csv,2026-02-12 21:50:52,0.01
GEOP_20260402.csv,2026-02-12 21:53:52,0.0
GEOP_20260402.csv,2026-02-12 21:56:52,0.0
GEOP_20260402.csv,2026-02-12 21:59:52,0.0
GEOP_20260402.csv,2026-02-12 22:02:52,0.01
GEOP_20260402.csv,2026-02-12 22:05:52,0.0
GEOP_20260402.csv,2026-02-12 22:08:52,0.0
GEOP_20260402.csv,2026-02-12 22:11:52,0.0
GEOP_20260402.csv,2026-02-12 22:14:52,0.0
GEOP_20260402.csv,2026-02-12 22:17:52,0.0
GEOP_20260402.csv,2026-02-12 22:20:52,0.0
GEOP_20260402.csv,2026-02-12 22:23:52,0.01
GEOP_20260402.csv,2026-02-12 22:26:52,0.0
GEOP_20260402.csv,2026-02-12 22:29:52,0.0
GEOP_20260402.csv,2026-02-12 22:32:52,0.0
GEOP_20260402.csv,2026-02-12 22:35:52,0.0
GEOP_20260402.csv,2026-02-12 22:38:52,0.0
GEOP_20260402.csv,2026-02-12 22:41:52,0.0
GEOP_20260402.csv,2026-02-12 22:44:52,0.0
GEOP_20260402.csv,2026-02-12 22:47:52,0.0
GEOP_20260402.csv,2026-02-12 22:50:52,0.01
GEOP_20260402.csv,2026-02-12 22:53:52,0.0
GEOP_20260402.csv,2026-02-12 22:56:52,0.0
GEOP_20260402.csv,2026-02-12 22:59:52,0.0
GEOP_20260402.csv,2026-02-12 23:02:52,0.0
GEOP_20260402.csv,2026-02-12 23:05:52,0.0
GEOP_20260402.csv,2026-02-12 23:08:52,0.0
GEOP_20260402.csv,2026-02-12 23:11:52,0.0
GEOP_20260402.csv,2026-02-12 23:14:52,0.0
GEOP_20260402.csv,2026-02-12 23:17:52,0.0
GEOP_20260402.csv,2026-02-12 23:20:52,0.0
GEOP_20260402.csv,2026-02-12 23:23:52,0.0
GEOP_20260402.csv,2026-02-12 23:26:52,0.01
GEOP_20260402.csv,2026-02-12 23:29:52,0.0
GEOP_20260402.csv,2026-02-12 23:32:52,0.0
GEOP_20260402.csv,2026-02-12 23:35:52,0.0
GEOP_20260402.csv,2026-02-12 23:38:52,0.0
GEOP_20260402.csv,2026-02-12 23:41:52,0.0
GEOP_20260402.csv,2026-02-12 23:44:52,0.0
GEOP_20260402.csv,2026-02-12 23:47:52,0.0
GEOP_20260402.csv,2026-02-12 23:50:52,0.0
GEOP_20260402.csv,2026-02-12 23:53:52,0.0
GEOP_20260402.csv,2026-02-12 23:56:52,0.0
GEOP_20260402.csv,2026-02-12 23:59:52,0.0
GEOP_20260402.csv,2026-02-13 00:02:52,0.0
GEOP_20260402.csv,2026-02-13 00:05:52,0.0
GEOP_20260402.csv,2026-02-13 00:08:52,0.0
GEOP_20260402.csv,2026-02-13 00:11:52,0.01
GEOP_20260402.csv,2026-02-13 00:14:52,0.0
GEOP_20260402.csv,2026-02-13 00:17:52,0.0
GEOP_20260402.csv,2026-02-13 00:20:52,0.0
GEOP_20260402.csv,2026-02-13 00:23:52,0.0
GEOP_20260402.csv,2026-02-13 00:26:52,0.0
GEOP_20260402.csv,2026-02-13 00:29:52,0.0
GEOP_20260402.csv,2026-02-13 00:32:52,0.0
GEOP_20260402.csv,2026-02-13 00:35:52,0.0
GEOP_20260402.csv,2026-02-13 00:38:52,0.0
GEOP_20260402.csv,2026-02-13 00:41:52,0.0
GEOP_20260402.csv,2026-02-13 00:44:52,0.0
GEOP_20260402.csv,2026-02-13 00:47:52,0.0
GEOP_20260402.csv,2026-02-13 00:50:52,0.0
GEOP_20260402.csv,2026-02-13 00:53:52,0.0
GEOP_20260402.csv,2026-02-13 00:56:52,0.0
GEOP_20260402.csv,2026-02-13 00:59:52,0.0
GEOP_20260402.csv,2026-02-13 01:02:52,0.0
GEOP_20260402.csv,2026-02-13 01:05:52,0.0
GEOP_20260402.csv,2026-02-13 01:08:52,0.0
GEOP_20260402.csv,2026-02-13 01:11:52,0.0
GEOP_20260402.csv,2026-02-13 01:14:52,0.0
GEOP_20260402.csv,2026-02-13 01:17:52,0.0
GEOP_20260402.csv,2026-02-13 01:20:52,0.0
GEOP_20260402.csv,2026-02-13 01:23:52,0.01
GEOP_20260402.csv,2026-02-13 01:26:52,0.0
GEOP_20260402.csv,2026-02-13 01:29:52,0.0
GEOP_20260402.csv,2026-02-13 01:32:52,0.0
GEOP_20260402.csv,2026-02-13 01:35:52,0.0
GEOP_20260402.csv,2026-02-13 01:38:52,0.0
GEOP_20260402.csv,2026-02-13 01:41:52,0.0
GEOP_20260402.csv,2026-02-13 01:44:52,0.0
GEOP_20260402.csv,2026-02-13 01:47:52,0.01
GEOP_20260402.csv,2026-02-13 01:50:52,0.0
GEOP_20260402.csv,2026-02-13 01:53:52,0.0
GEOP_20260402.csv,2026-02-13 01:56:52,0.01
GEOP_20260402.csv,2026-02-13 01:59:52,0.0
GEOP_20260402.csv,2026-02-13 02:02:52,0.0
GEOP_20260402.csv,2026-02-13 02:05:52,0.0
GEOP_20260402.csv,2026-02-13 02:08:52,0.01
GEOP_20260402.csv,2026-02-13 02:11:52,0.0
GEOP_20260402.csv,2026-02-13 02:14:52,0.0
GEOP_20260402.csv,2026-02-13 02:17:52,0.0
GEOP_20260402.csv,2026-02-13 02:20:52,0.01
GEOP_20260402.csv,2026-02-13 02:23:52,0.0
GEOP_20260402.csv,2026-02-13 02:26:52,0.0
GEOP_20260402.csv,2026-02-13 02:29:52,0.0
GEOP_20260402.csv,2026-02-13 02:32:52,0.0
GEOP_20260402.csv,2026-02-13 02:35:52,0.0
GEOP_20260402.csv,2026-02-13 02:38:52,0.0
GEOP_20260402.csv,2026-02-13 02:41:52,0.01
GEOP_20260402.csv,2026-02-13 02:44:52,0.0
GEOP_20260402.csv,2026-02-13 02:47:52,0.0
GEOP_20260402.csv,2026-02-13 02:50:52,0.0
GEOP_20260402.csv,2026-02-13 02:53:52,0.0
GEOP_20260402.csv,2026-02-13 02:56:52,0.0
GEOP_20260402.csv,2026-02-13 02:59:52,0.0
GEOP_20260402.csv,2026-02-13 03:02:52,0.0
GEOP_20260402.csv,2026-02-13 03:05:52,0.0
GEOP_20260402.csv,2026-02-13 03:08:52,0.0
GEOP_20260402.csv,2026-02-13 03:11:52,0.0
GEOP_20260402.csv,2026-02-13 03:14:52,0.01
GEOP_20260402.csv,2026-02-13 03:17:52,0.0
GEOP_20260402.csv,2026-02-13 03:20:52,0.0
GEOP_20260402.csv,2026-02-13 03:23:52,0.0
GEOP_20260402.csv,2026-02-13 03:26:52,0.0
GEOP_20260402.csv,2026-02-13 03:29:52,0.0
GEOP_20260402.csv,2026-02-13 03:32:52,0.0
GEOP_20260402.csv,2026-02-13 03:35:52,0.0
GEOP_20260402.csv,2026-02-13 03:38:51,0.0
GEOP_20260402.csv,2026-02-13 03:41:51,0.0
GEOP_20260402.csv,2026-02-13 03:44:51,0.0
GEOP_20260402.csv,2026-02-13 03:47:52,0.0
GEOP_20260402.csv,2026-02-13 03:50:51,0.0
GEOP_20260402.csv,2026-02-13 03:53:51,0.0
GEOP_20260402.csv,2026-02-13 03:56:51,0.0
GEOP_20260402.csv,2026-02-13 03:59:51,0.0
GEOP_20260402.csv,2026-02-13 04:02:51,0.01
GEOP_20260402.csv,2026-02-13 04:05:51,0.0
GEOP_20260402.csv,2026-02-13 04:08:51,0.0
GEOP_20260402.csv,2026-02-13 04:11:51,0.0
GEOP_20260402.csv,2026-02-13 04:14:51,0.0
GEOP_20260402.csv,2026-02-13 04:17:51,0.0
GEOP_20260402.csv,2026-02-13 04:20:51,0.0
GEOP_20260402.csv,2026-02-13 04:23:51,0.0
GEOP_20260402.csv,2026-02-13 04:26:51,0.0
GEOP_20260402.csv,2026-02-13 04:29:51,0.0
GEOP_20260402.csv,2026-02-13 04:32:51,0.0
GEOP_20260402.csv,2026-02-13 04:35:51,0.0
GEOP_20260402.csv,2026-02-13 04:38:51,0.0
GEOP_20260402.csv,2026-02-13 04:41:51,0.0
GEOP_20260402.csv,2026-02-13 04:44:51,0.0
GEOP_20260402.csv,2026-02-13 04:47:51,0.0
GEOP_20260402.csv,2026-02-13 04:50:51,0.0
GEOP_20260402.csv,2026-02-13 04:53:51,0.0
GEOP_20260402.csv,2026-02-13 04:56:51,0.0
GEOP_20260402.csv,2026-02-13 04:59:51,0.0
GEOP_20260402.csv,2026-02-13 05:02:51,0.0
GEOP_20260402.csv,2026-02-13 05:05:51,0.0
GEOP_20260402.csv,2026-02-13 05:08:51,0.0
GEOP_20260402.csv,2026-02-13 05:11:51,0.0
GEOP_20260402.csv,2026-02-13 05:14:51,0.0
GEOP_20260402.csv,2026-02-13 05:17:51,0.0
GEOP_20260402.csv,2026-02-13 05:20:51,0.0
GEOP_20260402.csv,2026-02-13 05:23:51,0.0
GEOP_20260402.csv,2026-02-13 05:26:51,0.0
GEOP_20260402.csv,2026-02-13 05:29:51,0.0
GEOP_20260402.csv,2026-02-13 05:32:51,0.0
GEOP_20260402.csv,2026-02-13 05:35:51,0.0
GEOP_20260402.csv,2026-02-13 05:38:51,0.0
GEOP_20260402.csv,2026-02-13 05:41:51,0.0
GEOP_20260402.csv,2026-02-13 05:44:51,0.0
GEOP_20260402.csv,2026-02-13 05:47:51,0.0
GEOP_20260402.csv,2026-02-13 05:50:51,0.0
GEOP_20260402.csv,2026-02-13 05:53:51,0.0
GEOP_20260402.csv,2026-02-13 05:56:51,0.0
GEOP_20260402.csv,2026-02-13 05:59:51,0.0
GEOP_20260402.csv,2026-02-13 06:02:51,0.0
GEOP_20260402.csv,2026-02-13 06:05:51,0.0
GEOP_20260402.csv,2026-02-13 06:08:51,0.0
GEOP_20260402.csv,2026-02-13 06:11:51,0.0
GEOP_20260402.csv,2026-02-13 06:14:51,0.0
GEOP_20260402.csv,2026-02-13 06:17:51,0.0
GEOP_20260402.csv,2026-02-13 06:20:51,0.0
GEOP_20260402.csv,2026-02-13 06:23:51,0.0
GEOP_20260402.csv,2026-02-13 06:26:51,0.0
GEOP_20260402.csv,2026-02-13 06:29:51,0.0
GEOP_20260402.csv,2026-02-13 06:32:51,0.0
GEOP_20260402.csv,2026-02-13 06:35:51,0.0
GEOP_20260402.csv,2026-02-13 06:38:51,0.0
GEOP_20260402.csv,2026-02-13 06:41:51,0.0
GEOP_20260402.csv,2026-02-13 06:44:51,0.0
GEOP_20260402.csv,2026-02-13 06:47:51,0.0
GEOP_20260402.csv,2026-02-13 06:50:51,0.0
GEOP_20260402.csv,2026-02-13 06:53:51,0.0
GEOP_20260402.csv,2026-02-13 06:56:51,0.0
GEOP_20260402.csv,2026-02-13 06:59:51,0.0
GEOP_20260402.csv,2026-02-13 07:02:51,0.0
GEOP_20260402.csv,2026-02-13 07:05:51,0.0
GEOP_20260402.csv,2026-02-13 07:08:51,0.0
GEOP_20260402.csv,2026-02-13 07:11:51,0.0
GEOP_20260402.csv,2026-02-13 07:14:51,0.0
GEOP_20260402.csv,2026-02-13 07:17:51,0.0
GEOP_20260402.csv,2026-02-13 07:20:51,0.0
GEOP_20260402.csv,2026-02-13 07:23:51,0.0
GEOP_20260402.csv,2026-02-13 07:26:51,0.0
GEOP_20260402.csv,2026-02-13 07:29:51,0.0
GEOP_20260402.csv,2026-02-13 07:32:51,0.0
GEOP_20260402.csv,2026-02-13 07:35:51,0.0
GEOP_20260402.csv,2026-02-13 07:38:51,0.0
GEOP_20260402.csv,2026-02-13 07:41:51,0.0
GEOP_20260402.csv,2026-02-13 07:44:51,0.0
GEOP_20260402.csv,2026-02-13 07:47:51,0.0
GEOP_20260402.csv,2026-02-13 07:50:51,0.0
GEOP_20260402.csv,2026-02-13 07:53:51,0.0
GEOP_20260402.csv,2026-02-13 07:56:51,0.0
GEOP_20260402.csv,2026-02-13 07:59:51,0.0
GEOP_20260402.csv,2026-02-13 08:02:51,0.0
GEOP_20260402.csv,2026-02-13 08:05:51,0.0
GEOP_20260402.csv,2026-02-13 08:08:51,0.0
GEOP_20260402.csv,2026-02-13 08:11:51,0.0
GEOP_20260402.csv,2026-02-13 08:14:51,0.0
GEOP_20260402.csv,2026-02-13 08:17:51,0.0
GEOP_20260402.csv,2026-02-13 08:20:51,0.0
GEOP_20260402.csv,2026-02-13 08:23:51,0.0
GEOP_20260402.csv,2026-02-13 08:26:51,0.0
GEOP_20260402.csv,2026-02-13 08:29:51,0.0
GEOP_20260402.csv,2026-02-13 08:32:51,0.0
GEOP_20260402.csv,2026-02-13 08:35:51,0.0
GEOP_20260402.csv,2026-02-13 08:38:51,0.0
GEOP_20260402.csv,2026-02-13 08:41:51,0.0
GEOP_20260402.csv,2026-02-13 08:44:51,0.0
GEOP_20260402.csv,2026-02-13 08:47:51,0.0
GEOP_20260402.csv,2026-02-13 08:50:51,0.0
GEOP_20260402.csv,2026-02-13 08:53:51,0.0
GEOP_20260402.csv,2026-02-13 08:56:51,0.0
GEOP_20260402.csv,2026-02-13 08:59:51,0.0
GEOP_20260402.csv,2026-02-13 09:02:51,0.0
GEOP_20260402.csv,2026-02-13 09:05:51,0.0
GEOP_20260402.csv,2026-02-13 09:08:51,0.0
GEOP_20260402.csv,2026-02-13 09:11:51,0.0
GEOP_20260402.csv,2026-02-13 09:14:51,0.0
GEOP_20260402.csv,2026-02-13 09:17:51,0.0
GEOP_20260402.csv,2026-02-13 09:20:51,0.0
GEOP_20260402.csv,2026-02-13 09:23:51,0.0
GEOP_20260402.csv,2026-02-13 09:26:51,0.0
GEOP_20260402.csv,2026-02-13 09:29:51,0.0
GEOP_20260402.csv,2026-02-13 09:32:51,0.0
GEOP_20260402.csv,2026-02-13 09:35:51,0.0
GEOP_20260402.csv,2026-02-13 09:38:51,0.0
GEOP_20260402.csv,2026-02-13 09:41:51,0.0
GEOP_20260402.csv,2026-02-13 09:44:51,0.0
GEOP_20260402.csv,2026-02-13 09:47:51,0.0
GEOP_20260402.csv,2026-02-13 09:50:51,0.0
GEOP_20260402.csv,2026-02-13 09:53:51,0.0
GEOP_20260402.csv,2026-02-13 09:56:51,0.0
GEOP_20260402.csv,2026-02-13 09:59:51,0.0
GEOP_20260402.csv,2026-02-13 10:02:51,0.0
GEOP_20260402.csv,2026-02-13 10:05:51,0.0
GEOP_20260402.csv,2026-02-13 10:08:51,0.0
GEOP_20260402.csv,2026-02-13 10:11:51,0.0
GEOP_20260402.csv,2026-02-13 10:14:51,0.0
GEOP_20260402.csv,2026-02-13 10:17:51,0.0
GEOP_20260402.csv,2026-02-13 10:20:51,0.0
GEOP_20260402.csv,2026-02-13 10:23:51,0.0
GEOP_20260402.csv,2026-02-13 10:26:51,0.0
GEOP_20260402.csv,2026-02-13 10:29:51,0.0
GEOP_20260402.csv,2026-02-13 10:32:51,0.0
GEOP_20260402.csv,2026-02-13 10:35:51,0.0
GEOP_20260402.csv,2026-02-13 10:38:51,0.0
GEOP_20260402.csv,2026-02-13 10:41:51,0.0
GEOP_20260402.csv,2026-02-13 10:44:51,0.0
GEOP_20260402.csv,2026-02-13 10:47:51,0.0
GEOP_20260402.csv,2026-02-13 10:50:51,0.0
GEOP_20260402.csv,2026-02-13 10:53:51,0.0
GEOP_20260402.csv,2026-02-13 10:56:51,0.0
GEOP_20260402.csv,2026-02-13 10:59:51,0.0
GEOP_20260402.csv,2026-02-13 11:02:51,0.0
GEOP_20260402.csv,2026-02-13 11:05:51,0.0
GEOP_20260402.csv,2026-02-13 11:08:51,0.0
GEOP_20260402.csv,2026-02-13 11:11:51,0.0
GEOP_20260402.csv,2026-02-13 11:14:51,0.0
GEOP_20260402.csv,2026-02-13 11:17:51,0.0
GEOP_20260402.csv,2026-02-13 11:20:51,0.0
GEOP_20260402.csv,2026-02-13 11:23:51,0.0
GEOP_20260402.csv,2026-02-13 11:26:51,0.0
GEOP_20260402.csv,2026-02-13 11:29:51,0.0
GEOP_20260402.csv,2026-02-13 11:32:51,0.0
GEOP_20260402.csv,2026-02-13 11:35:51,0.0
GEOP_20260402.csv,2026-02-13 11:38:51,0.0
GEOP_20260402.csv,2026-02-13 11:41:51,0.0
GEOP_20260402.csv,2026-02-13 11:44:51,0.0
GEOP_20260402.csv,2026-02-13 11:47:51,0.0
GEOP_20260402.csv,2026-02-13 11:50:51,0.0
GEOP_20260402.csv,2026-02-13 11:53:51,0.0
GEOP_20260402.csv,2026-02-13 11:56:51,0.0
GEOP_20260402.csv,2026-02-13 11:59:51,0.0
GEOP_20260402.csv,2026-02-13 12:02:51,0.0
GEOP_20260402.csv,2026-02-13 12:05:51,0.0
GEOP_20260402.csv,2026-02-13 12:08:51,0.0
GEOP_20260402.csv,2026-02-13 12:11:51,0.0
GEOP_20260402.csv,2026-02-13 12:14:51,0.0
GEOP_20260402.csv,2026-02-13 12:17:51,0.0
GEOP_20260402.csv,2026-02-13 12:20:51,0.0
GEOP_20260402.csv,2026-02-13 12:23:51,0.0
GEOP_20260402.csv,2026-02-13 12:26:51,0.0
GEOP_20260402.csv,2026-02-13 12:29:51,0.0
GEOP_20260402.csv,2026-02-13 12:32:51,0.0
GEOP_20260402.csv,2026-02-13 12:35:51,0.0
GEOP_20260402.csv,2026-02-13 12:38:51,0.0
GEOP_20260402.csv,2026-02-13 12:41:51,0.0
GEOP_20260402.csv,2026-02-13 12:44:51,0.0
GEOP_20260402.csv,2026-02-13 12:47:51,0.0
GEOP_20260402.csv,2026-02-13 12:50:51,0.0
GEOP_20260402.csv,2026-02-13 12:53:51,0.0
GEOP_20260402.csv,2026-02-13 12:56:51,0.0
GEOP_20260402.csv,2026-02-13 12:59:51,0.0
GEOP_20260402.csv,2026-02-13 13:02:51,0.0
GEOP_20260402.csv,2026-02-13 13:05:51,0.0
GEOP_20260402.csv,2026-02-13 13:08:51,0.0
GEOP_20260402.csv,2026-02-13 13:11:51,0.0
GEOP_20260402.csv,2026-02-13 13:14:51,0.0
GEOP_20260402.csv,2026-02-13 13:17:51,0.0
GEOP_20260402.csv,2026-02-13 13:20:51,0.0
GEOP_20260402.csv,2026-02-13 13:23:51,0.0
GEOP_20260402.csv,2026-02-13 13:26:51,0.0
GEOP_20260402.csv,2026-02-13 13:29:51,0.0
GEOP_20260402.csv,2026-02-13 13:32:51,0.0
GEOP_20260402.csv,2026-02-13 13:35:51,0.0
GEOP_20260402.csv,2026-02-13 13:38:51,0.0
GEOP_20260402.csv,2026-02-13 13:41:51,0.0
GEOP_20260402.csv,2026-02-13 13:44:51,0.0
GEOP_20260402.csv,2026-02-13 13:47:51,0.0
GEOP_20260402.csv,2026-02-13 13:50:51,0.0
GEOP_20260402.csv,2026-02-13 13:53:51,0.0
GEOP_20260402.csv,2026-02-13 13:56:51,0.0
GEOP_20260402.csv,2026-02-13 13:59:51,0.0
GEOP_20260402.csv,2026-02-13 14:02:51,0.0
GEOP_20260402.csv,2026-02-13 14:05:51,0.0
GEOP_20260402.csv,2026-02-13 14:08:51,0.0
GEOP_20260402.csv,2026-02-13 14:11:51,0.0
GEOP_20260402.csv,2026-02-13 14:14:51,0.0
GEOP_20260402.csv,2026-02-13 14:17:51,0.0
GEOP_20260402.csv,2026-02-13 14:20:51,0.0
GEOP_20260402.csv,2026-02-13 14:23:51,0.0
GEOP_20260402.csv,2026-02-13 14:26:51,0.0
GEOP_20260402.csv,2026-02-13 14:29:51,0.0
GEOP_20260402.csv,2026-02-13 14:32:51,0.0
GEOP_20260402.csv,2026-02-13 14:35:51,0.0
GEOP_20260402.csv,2026-02-13 14:38:51,0.0
GEOP_20260402.csv,2026-02-13 14:41:51,0.0
GEOP_20260402.csv,2026-02-13 14:44:51,0.0
GEOP_20260402.csv,2026-02-13 14:47:51,0.0
GEOP_20260402.csv,2026-02-13 14:50:51,0.0
GEOP_20260402.csv,2026-02-13 14:53:51,0.0
GEOP_20260402.csv,2026-02-13 14:56:51,0.0
GEOP_20260402.csv,2026-02-13 14:59:51,0.0
GEOP_20260402.csv,2026-02-13 15:02:51,0.0
GEOP_20260402.csv,2026-02-13 15:05:51,0.0
GEOP_20260402.csv,2026-02-13 15:08:51,0.0
GEOP_20260402.csv,2026-02-13 15:11:51,0.0
GEOP_20260402.csv,2026-02-13 15:14:51,0.0
GEOP_20260402.csv,2026-02-13 15:17:51,0.0
GEOP_20260402.csv,2026-02-13 15:20:51,0.0
GEOP_20260402.csv,2026-02-13 15:23:51,0.0
GEOP_20260402.csv,2026-02-13 15:26:51,0.0
GEOP_20260402.csv,2026-02-13 15:29:51,0.0
GEOP_20260402.csv,2026-02-13 15:32:51,0.0
GEOP_20260402.csv,2026-02-13 15:35:51,0.0
GEOP_20260402.csv,2026-02-13 15:38:51,0.0
GEOP_20260402.csv,2026-02-13 15:41:50,0.0
GEOP_20260402.csv,2026-02-13 15:44:51,0.0
GEOP_20260402.csv,2026-02-13 15:47:50,0.0
GEOP_20260402.csv,2026-02-13 15:50:50,0.0
GEOP_20260402.csv,2026-02-13 15:53:50,0.0
GEOP_20260402.csv,2026-02-13 15:56:50,0.0
GEOP_20260402.csv,2026-02-13 15:59:50,0.0
GEOP_20260402.csv,2026-02-13 16:02:50,0.0
GEOP_20260402.csv,2026-02-13 16:05:50,0.0
GEOP_20260402.csv,2026-02-13 16:08:50,0.0
GEOP_20260402.csv,2026-02-13 16:11:50,0.0
GEOP_20260402.csv,2026-02-13 16:14:50,0.0
GEOP_20260402.csv,2026-02-13 16:17:50,0.0
GEOP_20260402.csv,2026-02-13 16:20:50,0.0
GEOP_20260402.csv,2026-02-13 16:23:50,0.0
GEOP_20260402.csv,2026-02-13 16:26:50,0.0
GEOP_20260402.csv,2026-02-13 16:29:50,0.0
GEOP_20260402.csv,2026-02-13 16:32:50,0.0
GEOP_20260402.csv,2026-02-13 16:35:50,0.0
GEOP_20260402.csv,2026-02-13 16:38:50,0.0
GEOP_20260402.csv,2026-02-13 16:41:50,0.0
GEOP_20260402.csv,2026-02-13 16:44:50,0.0
GEOP_20260402.csv,2026-02-13 16:47:50,0.0
GEOP_20260402.csv,2026-02-13 16:50:50,0.0
GEOP_20260402.csv,2026-02-13 16:53:50,0.0
GEOP_20260402.csv,2026-02-13 16:56:50,0.0
GEOP_20260402.csv,2026-02-13 16:59:50,0.0
GEOP_20260402.csv,2026-02-13 17:02:50,0.0
GEOP_20260402.csv,2026-02-13 17:05:50,0.0
GEOP_20260402.csv,2026-02-13 17:08:50,0.0
GEOP_20260402.csv,2026-02-13 17:11:50,0.0
GEOP_20260402.csv,2026-02-13 17:14:50,0.0
GEOP_20260402.csv,2026-02-13 17:17:50,0.0
GEOP_20260402.csv,2026-02-13 17:20:50,0.0
GEOP_20260402.csv,2026-02-13 17:23:50,0.0
GEOP_20260402.csv,2026-02-13 17:26:50,0.0
GEOP_20260402.csv,2026-02-13 17:29:50,0.0
GEOP_20260402.csv,2026-02-13 17:32:50,0.0
GEOP_20260402.csv,2026-02-13 17:35:50,0.0
GEOP_20260402.csv,2026-02-13 17:38:50,0.0
GEOP_20260402.csv,2026-02-13 17:41:50,0.0
GEOP_20260402.csv,2026-02-13 17:44:50,0.0
GEOP_20260402.csv,2026-02-13 17:47:50,0.0
GEOP_20260402.csv,2026-02-13 17:50:50,0.0
GEOP_20260402.csv,2026-02-13 17:53:50,0.0
GEOP_20260402.csv,2026-02-13 17:56:50,0.0
GEOP_20260402.csv,2026-02-13 17:59:50,0.0
GEOP_20260402.csv,2026-02-13 18:02:50,0.0
GEOP_20260402.csv,2026-02-13 18:05:50,0.0
GEOP_20260402.csv,2026-02-13 18:08:50,0.0
GEOP_20260402.csv,2026-02-13 18:11:50,0.0
GEOP_20260402.csv,2026-02-13 18:14:50,0.0
GEOP_20260402.csv,2026-02-13 18:17:50,0.0
GEOP_20260402.csv,2026-02-13 18:20:50,0.0
GEOP_20260402.csv,2026-02-13 18:23:50,0.0
GEOP_20260402.csv,2026-02-13 18:26:50,0.0
GEOP_20260402.csv,2026-02-13 18:29:50,0.0
GEOP_20260402.csv,2026-02-13 18:32:50,0.0
GEOP_20260402.csv,2026-02-13 18:35:50,0.0
GEOP_20260402.csv,2026-02-13 18:38:50,0.0
GEOP_20260402.csv,2026-02-13 18:41:50,0.0
GEOP_20260402.csv,2026-02-13 18:44:50,0.0
GEOP_20260402.csv,2026-02-13 18:47:50,0.0
GEOP_20260402.csv,2026-02-13 18:50:50,0.0
GEOP_20260402.csv,2026-02-13 18:53:50,0.0
GEOP_20260402.csv,2026-02-13 18:56:50,0.0
GEOP_20260402.csv,2026-02-13 18:59:50,0.0
GEOP_20260402.csv,2026-02-13 19:02:50,0.0
GEOP_20260402.csv,2026-02-13 19:05:50,0.0
GEOP_20260402.csv,2026-02-13 19:08:50,0.0
GEOP_20260402.csv,2026-02-13 19:11:50,0.0
GEOP_20260402.csv,2026-02-13 19:14:50,0.0
GEOP_20260402.csv,2026-02-13 19:17:50,0.0
GEOP_20260402.csv,2026-02-13 19:20:50,0.0
GEOP_20260402.csv,2026-02-13 19:23:50,0.0
GEOP_20260402.csv,2026-02-13 19:26:50,0.0
GEOP_20260402.csv,2026-02-13 19:29:50,0.0
GEOP_20260402.csv,2026-02-13 19:32:50,0.0
GEOP_20260402.csv,2026-02-13 19:35:50,0.0
GEOP_20260402.csv,2026-02-13 19:38:50,0.0
GEOP_20260402.csv,2026-02-13 19:41:50,0.0
GEOP_20260402.csv,2026-02-13 19:44:50,0.0
GEOP_20260402.csv,2026-02-13 19:47:50,0.0
GEOP_20260402.csv,2026-02-13 19:50:50,0.0
GEOP_20260402.csv,2026-02-13 19:53:50,0.0
GEOP_20260402.csv,2026-02-13 19:56:50,0.0
GEOP_20260402.csv,2026-02-13 19:59:50,0.0
GEOP_20260402.csv,2026-02-13 20:02:50,0.0
GEOP_20260402.csv,2026-02-13 20:05:50,0.0
GEOP_20260402.csv,2026-02-13 20:08:50,0.0
GEOP_20260402.csv,2026-02-13 20:11:51,0.0
GEOP_20260402.csv,2026-02-13 20:14:50,0.0
GEOP_20260402.csv,2026-02-13 20:17:50,0.0
GEOP_20260402.csv,2026-02-13 20:20:50,0.0
GEOP_20260402.csv,2026-02-13 20:23:50,0.0
GEOP_20260402.csv,2026-02-13 20:26:50,0.0
GEOP_20260402.csv,2026-02-13 20:29:50,0.0
GEOP_20260402.csv,2026-02-13 20:32:50,0.0
GEOP_20260402.csv,2026-02-13 20:35:50,0.0
GEOP_20260402.csv,2026-02-13 20:38:50,0.0
GEOP_20260402.csv,2026-02-13 20:41:50,0.0
GEOP_20260402.csv,2026-02-13 20:44:50,0.0
GEOP_20260402.csv,2026-02-13 20:47:50,0.0
GEOP_20260402.csv,2026-02-13 20:50:50,0.0
GEOP_20260402.csv,2026-02-13 20:53:50,0.0
GEOP_20260402.csv,2026-02-13 20:56:50,0.0
GEOP_20260402.csv,2026-02-13 20:59:50,0.0
GEOP_20260402.csv,2026-02-13 21:02:50,0.0
GEOP_20260402.csv,2026-02-13 21:05:50,0.0
GEOP_20260402.csv,2026-02-13 21:08:50,0.0
GEOP_20260402.csv,2026-02-13 21:11:50,0.0
GEOP_20260402.csv,2026-02-13 21:14:50,0.0
GEOP_20260402.csv,2026-02-13 21:17:50,0.0
GEOP_20260402.csv,2026-02-13 21:20:50,0.0
GEOP_20260402.csv,2026-02-13 21:23:50,0.0
GEOP_20260402.csv,2026-02-13 21:26:50,0.0
GEOP_20260402.csv,2026-02-13 21:29:50,0.0
GEOP_20260402.csv,2026-02-13 21:32:50,0.0
GEOP_20260402.csv,2026-02-13 21:35:50,0.0
GEOP_20260402.csv,2026-02-13 21:38:50,0.0
GEOP_20260402.csv,2026-02-13 21:41:50,0.0
GEOP_20260402.csv,2026-02-13 21:44:50,0.0
GEOP_20260402.csv,2026-02-13 21:47:50,0.0
GEOP_20260402.csv,2026-02-13 21:50:50,0.0
GEOP_20260402.csv,2026-02-13 21:53:50,0.0
GEOP_20260402.csv,2026-02-13 21:56:50,0.0
GEOP_20260402.csv,2026-02-13 21:59:50,0.0
GEOP_20260402.csv,2026-02-13 22:02:50,0.0
GEOP_20260402.csv,2026-02-13 22:05:50,0.0
GEOP_20260402.csv,2026-02-13 22:08:50,0.0
GEOP_20260402.csv,2026-02-13 22:11:50,0.0
GEOP_20260402.csv,2026-02-13 22:14:50,0.0
GEOP_20260402.csv,2026-02-13 22:17:50,0.0
GEOP_20260402.csv,2026-02-13 22:20:50,0.0
GEOP_20260402.csv,2026-02-13 22:23:50,0.0
GEOP_20260402.csv,2026-02-13 22:26:50,0.0
GEOP_20260402.csv,2026-02-13 22:29:50,0.0
GEOP_20260402.csv,2026-02-13 22:32:50,0.0
GEOP_20260402.csv,2026-02-13 22:35:50,0.0
GEOP_20260402.csv,2026-02-13 22:38:50,0.0
GEOP_20260402.csv,2026-02-13 22:41:50,0.0
GEOP_20260402.csv,2026-02-13 22:44:50,0.0
GEOP_20260402.csv,2026-02-13 22:47:50,0.0
GEOP_20260402.csv,2026-02-13 22:50:50,0.0
GEOP_20260402.csv,2026-02-13 22:53:50,0.0
GEOP_20260402.csv,2026-02-13 22:56:50,0.0
GEOP_20260402.csv,2026-02-13 22:59:50,0.0
GEOP_20260402.csv,2026-02-13 23:02:50,0.0
GEOP_20260402.csv,2026-02-13 23:05:50,0.0
GEOP_20260402.csv,2026-02-13 23:08:50,0.0
GEOP_20260402.csv,2026-02-13 23:11:50,0.0
GEOP_20260402.csv,2026-02-13 23:14:50,0.0
GEOP_20260402.csv,2026-02-13 23:17:50,0.0
GEOP_20260402.csv,2026-02-13 23:20:50,0.0
GEOP_20260402.csv,2026-02-13 23:23:50,0.0
GEOP_20260402.csv,2026-02-13 23:26:50,0.0
GEOP_20260402.csv,2026-02-13 23:29:50,0.0
GEOP_20260402.csv,2026-02-13 23:32:50,0.0
GEOP_20260402.csv,2026-02-13 23:35:50,0.0
GEOP_20260402.csv,2026-02-13 23:38:50,0.0
GEOP_20260402.csv,2026-02-13 23:41:50,0.0
GEOP_20260402.csv,2026-02-13 23:44:50,0.0
GEOP_20260402.csv,2026-02-13 23:47:50,0.0
GEOP_20260402.csv,2026-02-13 23:50:50,0.0
GEOP_20260402.csv,2026-02-13 23:53:50,0.0
GEOP_20260402.csv,2026-02-13 23:56:50,0.0
GEOP_20260402.csv,2026-02-13 23:59:50,0.0
GEOP_20260402.csv,2026-02-14 00:02:50,0.0
GEOP_20260402.csv,2026-02-14 00:05:50,0.0
GEOP_20260402.csv,2026-02-14 00:08:50,0.0
GEOP_20260402.csv,2026-02-14 00:11:50,0.0
GEOP_20260402.csv,2026-02-14 00:14:50,0.0
GEOP_20260402.csv,2026-02-14 00:17:50,0.0
GEOP_20260402.csv,2026-02-14 00:20:50,0.0
GEOP_20260402.csv,2026-02-14 00:23:50,0.0
GEOP_20260402.csv,2026-02-14 00:26:50,0.0
GEOP_20260402.csv,2026-02-14 00:29:50,0.0
GEOP_20260402.csv,2026-02-14 00:32:50,0.0
GEOP_20260402.csv,2026-02-14 00:35:50,0.0
GEOP_20260402.csv,2026-02-14 00:38:50,0.0
GEOP_20260402.csv,2026-02-14 00:41:50,0.0
GEOP_20260402.csv,2026-02-14 00:44:50,0.0
GEOP_20260402.csv,2026-02-14 00:47:50,0.0
GEOP_20260402.csv,2026-02-14 00:50:50,0.0
GEOP_20260402.csv,2026-02-14 00:53:50,0.0
GEOP_20260402.csv,2026-02-14 00:56:50,0.0
GEOP_20260402.csv,2026-02-14 00:59:50,0.0
GEOP_20260402.csv,2026-02-14 01:02:50,0.0
GEOP_20260402.csv,2026-02-14 01:05:50,0.0
GEOP_20260402.csv,2026-02-14 01:08:50,0.0
GEOP_20260402.csv,2026-02-14 01:11:50,0.0
GEOP_20260402.csv,2026-02-14 01:14:50,0.0
GEOP_20260402.csv,2026-02-14 01:17:50,0.0
GEOP_20260402.csv,2026-02-14 01:20:50,0.0
GEOP_20260402.csv,2026-02-14 01:23:50,0.0
GEOP_20260402.csv,2026-02-14 01:26:50,0.0
GEOP_20260402.csv,2026-02-14 01:29:50,0.0
GEOP_20260402.csv,2026-02-14 01:32:50,0.0
GEOP_20260402.csv,2026-02-14 01:35:50,0.0
GEOP_20260402.csv,2026-02-14 01:38:50,0.0
GEOP_20260402.csv,2026-02-14 01:41:50,0.0
GEOP_20260402.csv,2026-02-14 01:44:50,0.0
GEOP_20260402.csv,2026-02-14 01:47:50,0.0
GEOP_20260402.csv,2026-02-14 01:50:50,0.0
GEOP_20260402.csv,2026-02-14 01:53:50,0.0
GEOP_20260402.csv,2026-02-14 01:56:50,0.0
GEOP_20260402.csv,2026-02-14 01:59:50,0.0
GEOP_20260402.csv,2026-02-14 02:02:50,0.0
GEOP_20260402.csv,2026-02-14 02:05:50,0.0
GEOP_20260402.csv,2026-02-14 02:08:50,0.0
GEOP_20260402.csv,2026-02-14 02:11:50,0.0
GEOP_20260402.csv,2026-02-14 02:14:50,0.0
GEOP_20260402.csv,2026-02-14 02:17:50,0.0
GEOP_20260402.csv,2026-02-14 02:20:50,0.0
GEOP_20260402.csv,2026-02-14 02:23:50,0.0
GEOP_20260402.csv,2026-02-14 02:26:50,0.0
GEOP_20260402.csv,2026-02-14 02:29:50,0.0
GEOP_20260402.csv,2026-02-14 02:32:50,0.0
GEOP_20260402.csv,2026-02-14 02:35:50,0.0
GEOP_20260402.csv,2026-02-14 02:38:50,0.0
GEOP_20260402.csv,2026-02-14 02:41:50,0.0
GEOP_20260402.csv,2026-02-14 02:44:50,0.0
GEOP_20260402.csv,2026-02-14 02:47:50,0.0
GEOP_20260402.csv,2026-02-14 02:50:50,0.0
GEOP_20260402.csv,2026-02-14 02:53:50,0.0
GEOP_20260402.csv,2026-02-14 02:56:50,0.0
GEOP_20260402.csv,2026-02-14 02:59:50,0.0
GEOP_20260402.csv,2026-02-14 03:02:50,0.0
GEOP_20260402.csv,2026-02-14 03:05:50,0.0
GEOP_20260402.csv,2026-02-14 03:08:50,0.0
GEOP_20260402.csv,2026-02-14 03:11:50,0.0
GEOP_20260402.csv,2026-02-14 03:14:50,0.0
GEOP_20260402.csv,2026-02-14 03:17:50,0.0
GEOP_20260402.csv,2026-02-14 03:20:50,0.0
GEOP_20260402.csv,2026-02-14 03:23:50,0.0
GEOP_20260402.csv,2026-02-14 03:26:50,0.0
GEOP_20260402.csv,2026-02-14 03:29:50,0.0
GEOP_20260402.csv,2026-02-14 03:32:50,0.0
GEOP_20260402.csv,2026-02-14 03:35:50,0.0
GEOP_20260402.csv,2026-02-14 03:38:50,0.0
GEOP_20260402.csv,2026-02-14 03:41:50,0.0
GEOP_20260402.csv,2026-02-14 03:44:50,0.0
GEOP_20260402.csv,2026-02-14 03:47:50,0.0
GEOP_20260402.csv,2026-02-14 03:50:50,0.0
GEOP_20260402.csv,2026-02-14 03:53:50,0.0
GEOP_20260402.csv,2026-02-14 03:56:50,0.0
GEOP_20260402.csv,2026-02-14 03:59:50,0.0
GEOP_20260402.csv,2026-02-14 04:02:50,0.0
GEOP_20260402.csv,2026-02-14 04:05:51,0.0
GEOP_20260402.csv,2026-02-14 04:08:50,0.0
GEOP_20260402.csv,2026-02-14 04:11:50,0.0
GEOP_20260402.csv,2026-02-14 04:14:50,0.0
GEOP_20260402.csv,2026-02-14 04:17:50,0.0
GEOP_20260402.csv,2026-02-14 04:20:50,0.0
GEOP_20260402.csv,2026-02-14 04:23:50,0.0
GEOP_20260402.csv,2026-02-14 04:26:50,0.0
GEOP_20260402.csv,2026-02-14 04:29:50,0.0
GEOP_20260402.csv,2026-02-14 04:32:50,0.0
GEOP_20260402.csv,2026-02-14 04:35:50,0.0
GEOP_20260402.csv,2026-02-14 04:38:49,0.0
GEOP_20260402.csv,2026-02-14 04:41:50,0.0
GEOP_20260402.csv,2026-02-14 04:44:49,0.0
GEOP_20260402.csv,2026-02-14 04:47:49,0.0
GEOP_20260402.csv,2026-02-14 04:50:49,0.0
GEOP_20260402.csv,2026-02-14 04:53:50,0.0
GEOP_20260402.csv,2026-02-14 04:56:49,0.0
GEOP_20260402.csv,2026-02-14 04:59:49,0.0
GEOP_20260402.csv,2026-02-14 05:02:49,0.0
GEOP_20260402.csv,2026-02-14 05:05:49,0.0
GEOP_20260402.csv,2026-02-14 05:08:49,0.0
GEOP_20260402.csv,2026-02-14 05:11:49,0.0
GEOP_20260402.csv,2026-02-14 05:14:49,0.0
GEOP_20260402.csv,2026-02-14 05:17:49,0.0
GEOP_20260402.csv,2026-02-14 05:20:49,0.0
GEOP_20260402.csv,2026-02-14 05:23:49,0.0
GEOP_20260402.csv,2026-02-14 05:26:49,0.0
GEOP_20260402.csv,2026-02-14 05:29:49,0.0
GEOP_20260402.csv,2026-02-14 05:32:49,0.0
GEOP_20260402.csv,2026-02-14 05:35:49,0.0
GEOP_20260402.csv,2026-02-14 05:38:49,0.0
GEOP_20260402.csv,2026-02-14 05:41:49,0.0
GEOP_20260402.csv,2026-02-14 05:44:49,0.0
GEOP_20260402.csv,2026-02-14 05:47:49,0.0
GEOP_20260402.csv,2026-02-14 05:50:49,0.0
GEOP_20260402.csv,2026-02-14 05:53:49,0.0
GEOP_20260402.csv,2026-02-14 05:56:49,0.0
GEOP_20260402.csv,2026-02-14 05:59:49,0.0
GEOP_20260402.csv,2026-02-14 06:02:49,0.0
GEOP_20260402.csv,2026-02-14 06:05:49,0.0
GEOP_20260402.csv,2026-02-14 06:08:49,0.0
GEOP_20260402.csv,2026-02-14 06:11:49,0.0
GEOP_20260402.csv,2026-02-14 06:14:49,0.0
GEOP_20260402.csv,2026-02-14 06:17:49,0.0
GEOP_20260402.csv,2026-02-14 06:20:49,0.0
GEOP_20260402.csv,2026-02-14 06:23:49,0.0
GEOP_20260402.csv,2026-02-14 06:26:49,0.0
GEOP_20260402.csv,2026-02-14 06:29:49,0.0
GEOP_20260402.csv,2026-02-14 06:32:49,0.0
GEOP_20260402.csv,2026-02-14 06:35:49,0.0
GEOP_20260402.csv,2026-02-14 06:38:49,0.0
GEOP_20260402.csv,2026-02-14 06:41:49,0.0
GEOP_20260402.csv,2026-02-14 06:44:49,0.0
GEOP_20260402.csv,2026-02-14 06:47:49,0.0
GEOP_20260402.csv,2026-02-14 06:50:49,0.0
GEOP_20260402.csv,2026-02-14 06:53:49,0.0
GEOP_20260402.csv,2026-02-14 06:56:49,0.0
GEOP_20260402.csv,2026-02-14 06:59:49,0.0
GEOP_20260402.csv,2026-02-14 07:02:49,0.0
GEOP_20260402.csv,2026-02-14 07:05:49,0.0
GEOP_20260402.csv,2026-02-14 07:08:49,0.0
GEOP_20260402.csv,2026-02-14 07:11:49,0.0
GEOP_20260402.csv,2026-02-14 07:14:49,0.0
GEOP_20260402.csv,2026-02-14 07:17:49,0.0
GEOP_20260402.csv,2026-02-14 07:20:49,0.0
GEOP_20260402.csv,2026-02-14 07:23:49,0.0
GEOP_20260402.csv,2026-02-14 07:26:49,0.0
GEOP_20260402.csv,2026-02-14 07:29:49,0.0
GEOP_20260402.csv,2026-02-14 07:32:49,0.0
GEOP_20260402.csv,2026-02-14 07:35:49,0.0
GEOP_20260402.csv,2026-02-14 07:38:49,0.0
GEOP_20260402.csv,2026-02-14 07:41:49,0.0
GEOP_20260402.csv,2026-02-14 07:44:49,0.0
GEOP_20260402.csv,2026-02-14 07:47:49,0.0
GEOP_20260402.csv,2026-02-14 07:50:49,0.0
GEOP_20260402.csv,2026-02-14 07:53:49,0.0
GEOP_20260402.csv,2026-02-14 07:56:49,0.0
GEOP_20260402.csv,2026-02-14 07:59:49,0.0
GEOP_20260402.csv,2026-02-14 08:02:49,0.0
GEOP_20260402.csv,2026-02-14 08:05:49,0.0
GEOP_20260402.csv,2026-02-14 08:08:49,0.0
GEOP_20260402.csv,2026-02-14 08:11:49,0.0
GEOP_20260402.csv,2026-02-14 08:14:49,0.0
GEOP_20260402.csv,2026-02-14 08:17:49,0.0
GEOP_20260402.csv,2026-02-14 08:20:49,0.0
GEOP_20260402.csv,2026-02-14 08:23:49,0.0
GEOP_20260402.csv,2026-02-14 08:26:49,0.0
GEOP_20260402.csv,2026-02-14 08:29:49,0.0
GEOP_20260402.csv,2026-02-14 08:32:49,0.0
GEOP_20260402.csv,2026-02-14 08:35:49,0.0
GEOP_20260402.csv,2026-02-14 08:38:49,0.0
GEOP_20260402.csv,2026-02-14 08:41:49,0.0
GEOP_20260402.csv,2026-02-14 08:44:49,0.0
GEOP_20260402.csv,2026-02-14 08:47:49,0.0
GEOP_20260402.csv,2026-02-14 08:50:49,0.0
GEOP_20260402.csv,2026-02-14 08:53:49,0.0
GEOP_20260402.csv,2026-02-14 08:56:49,0.0
GEOP_20260402.csv,2026-02-14 08:59:49,0.0
GEOP_20260402.csv,2026-02-14 09:02:49,0.0
GEOP_20260402.csv,2026-02-14 09:05:49,0.0
GEOP_20260402.csv,2026-02-14 09:08:49,0.0
GEOP_20260402.csv,2026-02-14 09:11:49,0.0
GEOP_20260402.csv,2026-02-14 09:14:49,0.0
GEOP_20260402.csv,2026-02-14 09:17:49,0.0
GEOP_20260402.csv,2026-02-14 09:20:49,0.0
GEOP_20260402.csv,2026-02-14 09:23:49,0.0
GEOP_20260402.csv,2026-02-14 09:26:49,0.0
GEOP_20260402.csv,2026-02-14 09:29:49,0.0
GEOP_20260402.csv,2026-02-14 09:32:49,0.0
GEOP_20260402.csv,2026-02-14 09:35:49,0.0
GEOP_20260402.csv,2026-02-14 09:38:49,0.0
GEOP_20260402.csv,2026-02-14 09:41:49,0.0
GEOP_20260402.csv,2026-02-14 09:44:49,0.0
GEOP_20260402.csv,2026-02-14 09:47:49,0.0
GEOP_20260402.csv,2026-02-14 09:50:49,0.0
GEOP_20260402.csv,2026-02-14 09:53:49,0.0
GEOP_20260402.csv,2026-02-14 09:56:49,0.0
GEOP_20260402.csv,2026-02-14 09:59:49,0.0
GEOP_20260402.csv,2026-02-14 10:02:49,0.0
GEOP_20260402.csv,2026-02-14 10:05:49,0.0
GEOP_20260402.csv,2026-02-14 10:08:49,0.0
GEOP_20260402.csv,2026-02-14 10:11:49,0.0
GEOP_20260402.csv,2026-02-14 10:14:49,0.0
GEOP_20260402.csv,2026-02-14 10:17:49,0.0
GEOP_20260402.csv,2026-02-14 10:20:49,0.0
GEOP_20260402.csv,2026-02-14 10:23:49,0.0
GEOP_20260402.csv,2026-02-14 10:26:49,0.0
GEOP_20260402.csv,2026-02-14 10:29:49,0.0
GEOP_20260402.csv,2026-02-14 10:32:49,0.0
GEOP_20260402.csv,2026-02-14 10:35:49,0.0
GEOP_20260402.csv,2026-02-14 10:38:49,0.0
GEOP_20260402.csv,2026-02-14 10:41:49,0.0
GEOP_20260402.csv,2026-02-14 10:44:49,0.0
GEOP_20260402.csv,2026-02-14 10:47:49,0.0
GEOP_20260402.csv,2026-02-14 10:50:49,0.0
GEOP_20260402.csv,2026-02-14 10:53:49,0.0
GEOP_20260402.csv,2026-02-14 10:56:49,0.0
GEOP_20260402.csv,2026-02-14 10:59:49,0.0
GEOP_20260402.csv,2026-02-14 11:02:49,0.0
GEOP_20260402.csv,2026-02-14 11:05:49,0.0
GEOP_20260402.csv,2026-02-14 11:08:49,0.0
GEOP_20260402.csv,2026-02-14 11:11:49,0.0
GEOP_20260402.csv,2026-02-14 11:14:49,0.0
GEOP_20260402.csv,2026-02-14 11:17:49,0.0
GEOP_20260402.csv,2026-02-14 11:20:49,0.0
GEOP_20260402.csv,2026-02-14 11:23:49,0.0
GEOP_20260402.csv,2026-02-14 11:26:49,0.0
GEOP_20260402.csv,2026-02-14 11:29:49,0.0
GEOP_20260402.csv,2026-02-14 11:32:49,0.0
GEOP_20260402.csv,2026-02-14 11:35:49,0.0
GEOP_20260402.csv,2026-02-14 11:38:49,0.0
GEOP_20260402.csv,2026-02-14 11:41:49,0.0
GEOP_20260402.csv,2026-02-14 11:44:49,0.0
GEOP_20260402.csv,2026-02-14 11:47:49,0.0
GEOP_20260402.csv,2026-02-14 11:50:49,0.0
GEOP_20260402.csv,2026-02-14 11:53:49,0.0
GEOP_20260402.csv,2026-02-14 11:56:49,0.0
GEOP_20260402.csv,2026-02-14 11:59:49,0.0
GEOP_20260402.csv,2026-02-14 12:02:49,0.0
GEOP_20260402.csv,2026-02-14 12:05:49,0.0
GEOP_20260402.csv,2026-02-14 12:08:49,0.0
GEOP_20260402.csv,2026-02-14 12:11:49,0.0
GEOP_20260402.csv,2026-02-14 12:14:49,0.0
GEOP_20260402.csv,2026-02-14 12:17:49,0.0
GEOP_20260402.csv,2026-02-14 12:20:49,0.0
GEOP_20260402.csv,2026-02-14 12:23:49,0.0
GEOP_20260402.csv,2026-02-14 12:26:49,0.0
GEOP_20260402.csv,2026-02-14 12:29:49,0.0
GEOP_20260402.csv,2026-02-14 12:32:49,0.0
GEOP_20260402.csv,2026-02-14 12:35:49,0.0
GEOP_20260402.csv,2026-02-14 12:38:49,0.0
GEOP_20260402.csv,2026-02-14 12:41:49,0.0
GEOP_20260402.csv,2026-02-14 12:44:49,0.0
GEOP_20260402.csv,2026-02-14 12:47:49,0.0
GEOP_20260402.csv,2026-02-14 12:50:49,0.0
GEOP_20260402.csv,2026-02-14 12:53:49,0.0
GEOP_20260402.csv,2026-02-14 12:56:49,0.0
GEOP_20260402.csv,2026-02-14 12:59:49,0.0
GEOP_20260402.csv,2026-02-14 13:02:49,0.0
GEOP_20260402.csv,2026-02-14 13:05:49,0.0
GEOP_20260402.csv,2026-02-14 13:08:49,0.0
GEOP_20260402.csv,2026-02-14 13:11:49,0.0
GEOP_20260402.csv,2026-02-14 13:14:49,0.0
GEOP_20260402.csv,2026-02-14 13:17:49,0.0
GEOP_20260402.csv,2026-02-14 13:20:49,0.0
GEOP_20260402.csv,2026-02-14 13:23:49,0.0
GEOP_20260402.csv,2026-02-14 13:26:49,0.0
GEOP_20260402.csv,2026-02-14 13:29:49,0.0
GEOP_20260402.csv,2026-02-14 13:32:49,0.0
GEOP_20260402.csv,2026-02-14 13:35:49,0.0
GEOP_20260402.csv,2026-02-14 13:38:49,0.0
GEOP_20260402.csv,2026-02-14 13:41:49,0.0
GEOP_20260402.csv,2026-02-14 13:44:49,0.0
GEOP_20260402.csv,2026-02-14 13:47:49,0.0
GEOP_20260402.csv,2026-02-14 13:50:49,0.0
GEOP_20260402.csv,2026-02-14 13:53:49,0.0
GEOP_20260402.csv,2026-02-14 13:56:49,0.0
GEOP_20260402.csv,2026-02-14 13:59:49,0.0
GEOP_20260402.csv,2026-02-14 14:02:49,0.0
GEOP_20260402.csv,2026-02-14 14:05:49,0.0
GEOP_20260402.csv,2026-02-14 14:08:49,0.0
GEOP_20260402.csv,2026-02-14 14:11:49,0.0
GEOP_20260402.csv,2026-02-14 14:14:49,0.0
GEOP_20260402.csv,2026-02-14 14:17:49,0.0
GEOP_20260402.csv,2026-02-14 14:20:49,0.0
GEOP_20260402.csv,2026-02-14 14:23:49,0.0
GEOP_20260402.csv,2026-02-14 14:26:49,0.0
GEOP_20260402.csv,2026-02-14 14:29:49,0.0
GEOP_20260402.csv,2026-02-14 14:32:49,0.0
GEOP_20260402.csv,2026-02-14 14:35:49,0.0
GEOP_20260402.csv,2026-02-14 14:38:49,0.0
GEOP_20260402.csv,2026-02-14 14:41:49,0.0
GEOP_20260402.csv,2026-02-14 14:44:49,0.0
GEOP_20260402.csv,2026-02-14 14:47:49,0.0
GEOP_20260402.csv,2026-02-14 14:50:49,0.0
GEOP_20260402.csv,2026-02-14 14:53:49,0.0
GEOP_20260402.csv,2026-02-14 14:56:49,0.0
GEOP_20260402.csv,2026-02-14 14:59:49,0.0
GEOP_20260402.csv,2026-02-14 15:02:49,0.0
GEOP_20260402.csv,2026-02-14 15:05:49,0.0
GEOP_20260402.csv,2026-02-14 15:08:49,0.0
GEOP_20260402.csv,2026-02-14 15:11:49,0.0
GEOP_20260402.csv,2026-02-14 15:14:49,0.0
GEOP_20260402.csv,2026-02-14 15:17:49,0.0
GEOP_20260402.csv,2026-02-14 15:20:49,0.01
GEOP_20260402.csv,2026-02-14 15:23:49,0.0
GEOP_20260402.csv,2026-02-14 15:26:49,0.0
GEOP_20260402.csv,2026-02-14 15:29:49,0.0
GEOP_20260402.csv,2026-02-14 15:32:49,0.0
GEOP_20260402.csv,2026-02-14 15:35:49,0.01
GEOP_20260402.csv,2026-02-14 15:38:49,0.0
GEOP_20260402.csv,2026-02-14 15:41:49,0.0
GEOP_20260402.csv,2026-02-14 15:44:49,0.0
GEOP_20260402.csv,2026-02-14 15:47:49,0.0
GEOP_20260402.csv,2026-02-14 15:50:49,0.0
GEOP_20260402.csv,2026-02-14 15:53:49,0.01
GEOP_20260402.csv,2026-02-14 15:56:49,0.01
GEOP_20260402.csv,2026-02-14 15:59:49,0.01
GEOP_20260402.csv,2026-02-14 16:02:49,0.0
GEOP_20260402.csv,2026-02-14 16:05:49,0.01
GEOP_20260402.csv,2026-02-14 16:08:49,0.01
GEOP_20260402.csv,2026-02-14 16:11:49,0.01
GEOP_20260402.csv,2026-02-14 16:14:49,0.02
GEOP_20260402.csv,2026-02-14 16:17:49,0.01
GEOP_20260402.csv,2026-02-14 16:20:49,0.01
GEOP_20260402.csv,2026-02-14 16:23:49,0.01
GEOP_20260402.csv,2026-02-14 16:26:49,0.01
GEOP_20260402.csv,2026-02-14 16:29:49,0.01
GEOP_20260402.csv,2026-02-14 16:32:49,0.0
GEOP_20260402.csv,2026-02-14 16:35:49,0.01
GEOP_20260402.csv,2026-02-14 16:38:49,0.0
GEOP_20260402.csv,2026-02-14 16:41:49,0.0
GEOP_20260402.csv,2026-02-14 16:44:49,0.0
GEOP_20260402.csv,2026-02-14 16:47:49,0.01
GEOP_20260402.csv,2026-02-14 16:50:49,0.0
GEOP_20260402.csv,2026-02-14 16:53:49,0.0
GEOP_20260402.csv,2026-02-14 16:56:49,0.0
GEOP_20260402.csv,2026-02-14 16:59:49,0.0
GEOP_20260402.csv,2026-02-14 17:02:49,0.0
GEOP_20260402.csv,2026-02-14 17:05:49,0.0
GEOP_20260402.csv,2026-02-14 17:08:49,0.01
GEOP_20260402.csv,2026-02-14 17:11:49,0.0
GEOP_20260402.csv,2026-02-14 17:14:49,0.0
GEOP_20260402.csv,2026-02-14 17:17:49,0.0
GEOP_20260402.csv,2026-02-14 17:20:49,0.0
GEOP_20260402.csv,2026-02-14 17:23:49,0.0
GEOP_20260402.csv,2026-02-14 17:26:48,0.0
GEOP_20260402.csv,2026-02-14 17:29:48,0.0
GEOP_20260402.csv,2026-02-14 17:32:48,0.01
GEOP_20260402.csv,2026-02-14 17:35:48,0.0
GEOP_20260402.csv,2026-02-14 17:38:48,0.01
GEOP_20260402.csv,2026-02-14 17:41:48,0.01
GEOP_20260402.csv,2026-02-14 17:44:48,0.0
GEOP_20260402.csv,2026-02-14 17:47:48,0.01
GEOP_20260402.csv,2026-02-14 17:50:48,0.01
GEOP_20260402.csv,2026-02-14 17:53:48,0.01
GEOP_20260402.csv,2026-02-14 17:56:48,0.02
GEOP_20260402.csv,2026-02-14 17:59:48,0.01
GEOP_20260402.csv,2026-02-14 18:02:48,0.01
GEOP_20260402.csv,2026-02-14 18:05:48,0.01
GEOP_20260402.csv,2026-02-14 18:08:48,0.01
GEOP_20260402.csv,2026-02-14 18:11:48,0.01
GEOP_20260402.csv,2026-02-14 18:14:48,0.0
GEOP_20260402.csv,2026-02-14 18:17:48,0.01
GEOP_20260402.csv,2026-02-14 18:20:48,0.0
GEOP_20260402.csv,2026-02-14 18:26:48,0.0
GEOP_20260402.csv,2026-02-14 18:29:48,0.0
GEOP_20260402.csv,2026-02-14 18:32:48,0.01
GEOP_20260402.csv,2026-02-14 18:35:48,0.0
GEOP_20260402.csv,2026-02-14 18:38:48,0.0
GEOP_20260402.csv,2026-02-14 18:41:48,0.0
GEOP_20260402.csv,2026-02-14 18:44:48,0.0
GEOP_20260402.csv,2026-02-14 18:47:48,0.0
GEOP_20260402.csv,2026-02-14 18:50:48,0.0
GEOP_20260402.csv,2026-02-14 18:53:48,0.0
GEOP_20260402.csv,2026-02-14 18:56:48,0.0
GEOP_20260402.csv,2026-02-14 18:59:48,0.0
GEOP_20260402.csv,2026-02-14 19:02:48,0.0
GEOP_20260402.csv,2026-02-14 19:05:48,0.0
GEOP_20260402.csv,2026-02-14 19:08:48,0.0
GEOP_20260402.csv,2026-02-14 19:11:48,0.0
GEOP_20260402.csv,2026-02-14 19:14:48,0.0
GEOP_20260402.csv,2026-02-14 19:17:48,0.0
GEOP_20260402.csv,2026-02-14 19:20:48,0.0
GEOP_20260402.csv,2026-02-14 19:23:48,0.0
GEOP_20260402.csv,2026-02-14 19:26:48,0.0
GEOP_20260402.csv,2026-02-14 19:29:48,0.0
GEOP_20260402.csv,2026-02-14 19:32:48,0.0
GEOP_20260402.csv,2026-02-14 19:35:48,0.0
GEOP_20260402.csv,2026-02-14 19:38:48,0.0
GEOP_20260402.csv,2026-02-14 19:41:48,0.0
GEOP_20260402.csv,2026-02-14 19:44:48,0.0
GEOP_20260402.csv,2026-02-14 19:47:48,0.0
GEOP_20260402.csv,2026-02-14 19:50:48,0.0
GEOP_20260402.csv,2026-02-14 19:53:48,0.0
GEOP_20260402.csv,2026-02-14 19:56:48,0.0
GEOP_20260402.csv,2026-02-14 19:59:48,0.0
GEOP_20260402.csv,2026-02-14 20:02:48,0.0
GEOP_20260402.csv,2026-02-14 20:05:48,0.0
GEOP_20260402.csv,2026-02-14 20:08:48,0.0
GEOP_20260402.csv,2026-02-14 20:11:48,0.0
GEOP_20260402.csv,2026-02-14 20:14:48,0.0
GEOP_20260402.csv,2026-02-14 20:17:48,0.0
GEOP_20260402.csv,2026-02-14 20:20:48,0.0
GEOP_20260402.csv,2026-02-14 20:23:48,0.0
GEOP_20260402.csv,2026-02-14 20:26:48,0.0
GEOP_20260402.csv,2026-02-14 20:29:48,0.0
GEOP_20260402.csv,2026-02-14 20:32:48,0.0
GEOP_20260402.csv,2026-02-14 20:35:48,0.0
GEOP_20260402.csv,2026-02-14 20:38:48,0.0
GEOP_20260402.csv,2026-02-14 20:41:48,0.0
GEOP_20260402.csv,2026-02-14 20:44:48,0.0
GEOP_20260402.csv,2026-02-14 20:47:48,0.0
GEOP_20260402.csv,2026-02-14 20:50:48,0.0
GEOP_20260402.csv,2026-02-14 20:53:48,0.0
GEOP_20260402.csv,2026-02-14 20:56:48,0.0
GEOP_20260402.csv,2026-02-14 20:59:48,0.0
GEOP_20260402.csv,2026-02-14 21:02:48,0.0
GEOP_20260402.csv,2026-02-14 21:05:48,0.0
GEOP_20260402.csv,2026-02-14 21:08:48,0.0
GEOP_20260402.csv,2026-02-14 21:11:48,0.0
GEOP_20260402.csv,2026-02-14 21:14:48,0.0
GEOP_20260402.csv,2026-02-14 21:17:48,0.0
GEOP_20260402.csv,2026-02-14 21:20:48,0.0
GEOP_20260402.csv,2026-02-14 21:23:48,0.0
GEOP_20260402.csv,2026-02-14 21:26:48,0.0
GEOP_20260402.csv,2026-02-14 21:29:48,0.0
GEOP_20260402.csv,2026-02-14 21:32:48,0.0
GEOP_20260402.csv,2026-02-14 21:35:48,0.0
GEOP_20260402.csv,2026-02-14 21:38:48,0.0
GEOP_20260402.csv,2026-02-14 21:41:48,0.0
GEOP_20260402.csv,2026-02-14 21:44:48,0.0
GEOP_20260402.csv,2026-02-14 21:47:48,0.0
GEOP_20260402.csv,2026-02-14 21:50:48,0.0
GEOP_20260402.csv,2026-02-14 21:53:48,0.0
GEOP_20260402.csv,2026-02-14 21:56:48,0.0
GEOP_20260402.csv,2026-02-14 21:59:48,0.0
GEOP_20260402.csv,2026-02-14 22:02:48,0.0
GEOP_20260402.csv,2026-02-14 22:05:48,0.0
GEOP_20260402.csv,2026-02-14 22:08:48,0.0
GEOP_20260402.csv,2026-02-14 22:11:48,0.0
GEOP_20260402.csv,2026-02-14 22:14:48,0.0
GEOP_20260402.csv,2026-02-14 22:17:48,0.0
GEOP_20260402.csv,2026-02-14 22:20:48,0.0
GEOP_20260402.csv,2026-02-14 22:23:48,0.0
GEOP_20260402.csv,2026-02-14 22:26:48,0.0
GEOP_20260402.csv,2026-02-14 22:29:48,0.0
GEOP_20260402.csv,2026-02-14 22:32:48,0.0
GEOP_20260402.csv,2026-02-14 22:35:48,0.0
GEOP_20260402.csv,2026-02-14 22:38:48,0.0
GEOP_20260402.csv,2026-02-14 22:41:48,0.0
GEOP_20260402.csv,2026-02-14 22:44:48,0.0
GEOP_20260402.csv,2026-02-14 22:47:48,0.0
GEOP_20260402.csv,2026-02-14 22:50:48,0.0
GEOP_20260402.csv,2026-02-14 22:53:48,0.0
GEOP_20260402.csv,2026-02-14 22:56:48,0.0
GEOP_20260402.csv,2026-02-14 22:59:48,0.0
GEOP_20260402.csv,2026-02-14 23:02:48,0.0
GEOP_20260402.csv,2026-02-14 23:05:48,0.0
GEOP_20260402.csv,2026-02-14 23:08:48,0.0
GEOP_20260402.csv,2026-02-14 23:11:48,0.0
GEOP_20260402.csv,2026-02-14 23:14:48,0.0
GEOP_20260402.csv,2026-02-14 23:17:48,0.0
GEOP_20260402.csv,2026-02-14 23:20:48,0.0
GEOP_20260402.csv,2026-02-14 23:23:48,0.0
GEOP_20260402.csv,2026-02-14 23:26:48,0.0
GEOP_20260402.csv,2026-02-14 23:29:48,0.0
GEOP_20260402.csv,2026-02-14 23:32:48,0.0
GEOP_20260402.csv,2026-02-14 23:35:48,0.0
GEOP_20260402.csv,2026-02-14 23:38:48,0.0
GEOP_20260402.csv,2026-02-14 23:41:48,0.0
GEOP_20260402.csv,2026-02-14 23:44:48,0.0
GEOP_20260402.csv,2026-02-14 23:47:48,0.0
GEOP_20260402.csv,2026-02-14 23:50:48,0.0
GEOP_20260402.csv,2026-02-14 23:53:48,0.0
GEOP_20260402.csv,2026-02-14 23:56:48,0.0
GEOP_20260402.csv,2026-02-14 23:59:48,0.0
GEOP_20260402.csv,2026-02-15 00:02:48,0.0
GEOP_20260402.csv,2026-02-15 00:05:48,0.0
GEOP_20260402.csv,2026-02-15 00:08:48,0.0
GEOP_20260402.csv,2026-02-15 00:11:48,0.0
GEOP_20260402.csv,2026-02-15 00:14:48,0.0
GEOP_20260402.csv,2026-02-15 00:17:48,0.0
GEOP_20260402.csv,2026-02-15 00:20:48,0.0
GEOP_20260402.csv,2026-02-15 00:23:48,0.0
GEOP_20260402.csv,2026-02-15 00:26:48,0.0
GEOP_20260402.csv,2026-02-15 00:29:48,0.0
GEOP_20260402.csv,2026-02-15 00:32:48,0.0
GEOP_20260402.csv,2026-02-15 00:35:48,0.0
GEOP_20260402.csv,2026-02-15 00:38:48,0.0
GEOP_20260402.csv,2026-02-15 00:41:48,0.0
GEOP_20260402.csv,2026-02-15 00:44:48,0.0
GEOP_20260402.csv,2026-02-15 00:47:48,0.0
GEOP_20260402.csv,2026-02-15 00:50:48,0.0
GEOP_20260402.csv,2026-02-15 00:53:48,0.0
GEOP_20260402.csv,2026-02-15 00:56:48,0.0
GEOP_20260402.csv,2026-02-15 00:59:48,0.0
GEOP_20260402.csv,2026-02-15 01:02:48,0.0
GEOP_20260402.csv,2026-02-15 01:05:48,0.0
GEOP_20260402.csv,2026-02-15 01:08:48,0.0
GEOP_20260402.csv,2026-02-15 01:11:48,0.0
GEOP_20260402.csv,2026-02-15 01:14:48,0.0
GEOP_20260402.csv,2026-02-15 01:17:48,0.0
GEOP_20260402.csv,2026-02-15 01:20:48,0.0
GEOP_20260402.csv,2026-02-15 01:23:48,0.0
GEOP_20260402.csv,2026-02-15 01:26:48,0.0
GEOP_20260402.csv,2026-02-15 01:29:48,0.0
GEOP_20260402.csv,2026-02-15 01:32:48,0.0
GEOP_20260402.csv,2026-02-15 01:35:48,0.0
GEOP_20260402.csv,2026-02-15 01:38:48,0.0
GEOP_20260402.csv,2026-02-15 01:41:48,0.0
GEOP_20260402.csv,2026-02-15 01:44:48,0.0
GEOP_20260402.csv,2026-02-15 01:47:48,0.0
GEOP_20260402.csv,2026-02-15 01:50:48,0.0
GEOP_20260402.csv,2026-02-15 01:53:48,0.0
GEOP_20260402.csv,2026-02-15 01:56:48,0.0
GEOP_20260402.csv,2026-02-15 01:59:48,0.0
GEOP_20260402.csv,2026-02-15 02:02:48,0.0
GEOP_20260402.csv,2026-02-15 02:05:48,0.0
GEOP_20260402.csv,2026-02-15 02:08:48,0.0
GEOP_20260402.csv,2026-02-15 02:11:48,0.0
GEOP_20260402.csv,2026-02-15 02:14:48,0.0
GEOP_20260402.csv,2026-02-15 02:17:48,0.0
GEOP_20260402.csv,2026-02-15 02:20:48,0.0
GEOP_20260402.csv,2026-02-15 02:23:48,0.0
GEOP_20260402.csv,2026-02-15 02:26:48,0.0
GEOP_20260402.csv,2026-02-15 02:29:48,0.0
GEOP_20260402.csv,2026-02-15 02:32:48,0.0
GEOP_20260402.csv,2026-02-15 02:35:48,0.0
GEOP_20260402.csv,2026-02-15 02:38:48,0.0
GEOP_20260402.csv,2026-02-15 02:41:48,0.0
GEOP_20260402.csv,2026-02-15 02:44:48,0.0
GEOP_20260402.csv,2026-02-15 02:47:48,0.0
GEOP_20260402.csv,2026-02-15 02:50:48,0.0
GEOP_20260402.csv,2026-02-15 02:53:48,0.0
GEOP_20260402.csv,2026-02-15 02:56:48,0.0
GEOP_20260402.csv,2026-02-15 02:59:48,0.0
GEOP_20260402.csv,2026-02-15 03:02:48,0.0
GEOP_20260402.csv,2026-02-15 03:05:48,0.0
GEOP_20260402.csv,2026-02-15 03:08:48,0.0
GEOP_20260402.csv,2026-02-15 03:11:48,0.0
GEOP_20260402.csv,2026-02-15 03:14:48,0.0
GEOP_20260402.csv,2026-02-15 03:17:48,0.0
GEOP_20260402.csv,2026-02-15 03:20:48,0.0
GEOP_20260402.csv,2026-02-15 03:23:48,0.0
GEOP_20260402.csv,2026-02-15 03:26:48,0.0
GEOP_20260402.csv,2026-02-15 03:29:48,0.0
GEOP_20260402.csv,2026-02-15 03:32:48,0.0
GEOP_20260402.csv,2026-02-15 03:35:48,0.0
GEOP_20260402.csv,2026-02-15 03:38:48,0.0
GEOP_20260402.csv,2026-02-15 03:41:48,0.0
GEOP_20260402.csv,2026-02-15 03:44:48,0.0
GEOP_20260402.csv,2026-02-15 03:47:48,0.0
GEOP_20260402.csv,2026-02-15 03:50:48,0.0
GEOP_20260402.csv,2026-02-15 03:53:48,0.0
GEOP_20260402.csv,2026-02-15 03:56:48,0.0
GEOP_20260402.csv,2026-02-15 03:59:48,0.0
GEOP_20260402.csv,2026-02-15 04:02:48,0.0
GEOP_20260402.csv,2026-02-15 04:05:48,0.0
GEOP_20260402.csv,2026-02-15 04:08:48,0.0
GEOP_20260402.csv,2026-02-15 04:11:48,0.0
GEOP_20260402.csv,2026-02-15 04:14:48,0.0
GEOP_20260402.csv,2026-02-15 04:17:48,0.0
GEOP_20260402.csv,2026-02-15 04:20:48,0.0
GEOP_20260402.csv,2026-02-15 04:23:48,0.0
GEOP_20260402.csv,2026-02-15 04:26:48,0.0
GEOP_20260402.csv,2026-02-15 04:29:48,0.0
GEOP_20260402.csv,2026-02-15 04:32:48,0.0
GEOP_20260402.csv,2026-02-15 04:35:48,0.0
GEOP_20260402.csv,2026-02-15 04:38:48,0.0
GEOP_20260402.csv,2026-02-15 04:41:48,0.0
GEOP_20260402.csv,2026-02-15 04:44:48,0.0
GEOP_20260402.csv,2026-02-15 04:47:48,0.0
GEOP_20260402.csv,2026-02-15 04:50:48,0.0
GEOP_20260402.csv,2026-02-15 04:53:48,0.0
GEOP_20260402.csv,2026-02-15 04:56:48,0.0
GEOP_20260402.csv,2026-02-15 04:59:48,0.0
GEOP_20260402.csv,2026-02-15 05:02:48,0.0
GEOP_20260402.csv,2026-02-15 05:05:48,0.0
GEOP_20260402.csv,2026-02-15 05:08:48,0.0
GEOP_20260402.csv,2026-02-15 05:11:48,0.0
GEOP_20260402.csv,2026-02-15 05:14:48,0.0
GEOP_20260402.csv,2026-02-15 05:17:48,0.0
GEOP_20260402.csv,2026-02-15 05:20:48,0.0
GEOP_20260402.csv,2026-02-15 05:23:48,0.0
GEOP_20260402.csv,2026-02-15 05:26:48,0.0
GEOP_20260402.csv,2026-02-15 05:29:48,0.0
GEOP_20260402.csv,2026-02-15 05:32:48,0.0
GEOP_20260402.csv,2026-02-15 05:35:48,0.0
GEOP_20260402.csv,2026-02-15 05:38:48,0.0
GEOP_20260402.csv,2026-02-15 05:41:48,0.0
GEOP_20260402.csv,2026-02-15 05:44:48,0.0
GEOP_20260402.csv,2026-02-15 05:47:48,0.0
GEOP_20260402.csv,2026-02-15 05:50:48,0.0
GEOP_20260402.csv,2026-02-15 05:53:48,0.0
GEOP_20260402.csv,2026-02-15 05:56:48,0.0
GEOP_20260402.csv,2026-02-15 05:59:48,0.0
GEOP_20260402.csv,2026-02-15 06:02:48,0.0
GEOP_20260402.csv,2026-02-15 06:05:48,0.0
GEOP_20260402.csv,2026-02-15 06:08:48,0.0
GEOP_20260402.csv,2026-02-15 06:11:48,0.0
GEOP_20260402.csv,2026-02-15 06:14:48,0.0
GEOP_20260402.csv,2026-02-15 06:17:48,0.0
GEOP_20260402.csv,2026-02-15 06:20:48,0.0
GEOP_20260402.csv,2026-02-15 06:23:48,0.0
GEOP_20260402.csv,2026-02-15 06:26:48,0.0
GEOP_20260402.csv,2026-02-15 06:29:48,0.0
GEOP_20260402.csv,2026-02-15 06:32:48,0.0
GEOP_20260402.csv,2026-02-15 06:35:48,0.0
GEOP_20260402.csv,2026-02-15 06:38:48,0.0
GEOP_20260402.csv,2026-02-15 06:41:48,0.0
GEOP_20260402.csv,2026-02-15 06:44:48,0.0
GEOP_20260402.csv,2026-02-15 06:47:48,0.0
GEOP_20260402.csv,2026-02-15 06:50:48,0.0
GEOP_20260402.csv,2026-02-15 06:53:48,0.0
GEOP_20260402.csv,2026-02-15 06:56:48,0.0
GEOP_20260402.csv,2026-02-15 06:59:48,0.0
GEOP_20260402.csv,2026-02-15 07:02:48,0.0
GEOP_20260402.csv,2026-02-15 07:05:48,0.0
GEOP_20260402.csv,2026-02-15 07:08:48,0.0
GEOP_20260402.csv,2026-02-15 07:11:48,0.0
GEOP_20260402.csv,2026-02-15 07:14:48,0.0
GEOP_20260402.csv,2026-02-15 07:17:48,0.0
GEOP_20260402.csv,2026-02-15 07:20:48,0.0
GEOP_20260402.csv,2026-02-15 07:23:48,0.0
GEOP_20260402.csv,2026-02-15 07:26:48,0.0
GEOP_20260402.csv,2026-02-15 07:29:48,0.0
GEOP_20260402.csv,2026-02-15 07:32:48,0.0
GEOP_20260402.csv,2026-02-15 07:35:48,0.0
GEOP_20260402.csv,2026-02-15 07:38:48,0.0
GEOP_20260402.csv,2026-02-15 07:41:48,0.0
GEOP_20260402.csv,2026-02-15 07:44:48,0.0
GEOP_20260402.csv,2026-02-15 07:47:48,0.0
GEOP_20260402.csv,2026-02-15 07:50:48,0.0
GEOP_20260402.csv,2026-02-15 07:53:48,0.0
GEOP_20260402.csv,2026-02-15 07:56:48,0.0
GEOP_20260402.csv,2026-02-15 07:59:48,0.0
GEOP_20260402.csv,2026-02-15 08:02:48,0.0
GEOP_20260402.csv,2026-02-15 08:05:48,0.0
GEOP_20260402.csv,2026-02-15 08:08:48,0.0
GEOP_20260402.csv,2026-02-15 08:11:48,0.0
GEOP_20260402.csv,2026-02-15 08:14:48,0.0
GEOP_20260402.csv,2026-02-15 08:17:48,0.0
GEOP_20260402.csv,2026-02-15 08:20:48,0.0
GEOP_20260402.csv,2026-02-15 08:23:48,0.0
GEOP_20260402.csv,2026-02-15 08:26:48,0.0
GEOP_20260402.csv,2026-02-15 08:29:48,0.0
GEOP_20260402.csv,2026-02-15 08:32:48,0.0
GEOP_20260402.csv,2026-02-15 08:35:48,0.0
GEOP_20260402.csv,2026-02-15 08:38:48,0.0
GEOP_20260402.csv,2026-02-15 08:41:48,0.0
GEOP_20260402.csv,2026-02-15 08:44:48,0.0
GEOP_20260402.csv,2026-02-15 08:47:48,0.0
GEOP_20260402.csv,2026-02-15 08:50:48,0.0
GEOP_20260402.csv,2026-02-15 08:53:47,0.0
GEOP_20260402.csv,2026-02-15 08:56:47,0.0
GEOP_20260402.csv,2026-02-15 08:59:47,0.0
GEOP_20260402.csv,2026-02-15 09:02:48,0.0
GEOP_20260402.csv,2026-02-15 09:05:47,0.0
GEOP_20260402.csv,2026-02-15 09:08:47,0.0
GEOP_20260402.csv,2026-02-15 09:11:47,0.0
GEOP_20260402.csv,2026-02-15 09:14:47,0.0
GEOP_20260402.csv,2026-02-15 09:17:47,0.0
GEOP_20260402.csv,2026-02-15 09:20:47,0.0
GEOP_20260402.csv,2026-02-15 09:23:47,0.0
GEOP_20260402.csv,2026-02-15 09:26:47,0.0
GEOP_20260402.csv,2026-02-15 09:29:47,0.0
GEOP_20260402.csv,2026-02-15 09:32:47,0.0
GEOP_20260402.csv,2026-02-15 09:35:47,0.0
GEOP_20260402.csv,2026-02-15 09:38:47,0.0
GEOP_20260402.csv,2026-02-15 09:41:47,0.0
GEOP_20260402.csv,2026-02-15 09:44:47,0.0
GEOP_20260402.csv,2026-02-15 09:47:47,0.0
GEOP_20260402.csv,2026-02-15 09:50:47,0.0
GEOP_20260402.csv,2026-02-15 09:53:47,0.0
GEOP_20260402.csv,2026-02-15 09:56:47,0.0
GEOP_20260402.csv,2026-02-15 09:59:47,0.0
GEOP_20260402.csv,2026-02-15 10:02:47,0.0
GEOP_20260402.csv,2026-02-15 10:05:47,0.0
GEOP_20260402.csv,2026-02-15 10:08:47,0.0
GEOP_20260402.csv,2026-02-15 10:11:47,0.0
GEOP_20260402.csv,2026-02-15 10:14:47,0.0
GEOP_20260402.csv,2026-02-15 10:17:47,0.0
GEOP_20260402.csv,2026-02-15 10:20:47,0.0
GEOP_20260402.csv,2026-02-15 10:23:47,0.0
GEOP_20260402.csv,2026-02-15 10:26:47,0.0
GEOP_20260402.csv,2026-02-15 10:29:47,0.0
GEOP_20260402.csv,2026-02-15 10:32:47,0.0
GEOP_20260402.csv,2026-02-15 10:35:47,0.0
GEOP_20260402.csv,2026-02-15 10:38:47,0.0
GEOP_20260402.csv,2026-02-15 10:41:47,0.0
GEOP_20260402.csv,2026-02-15 10:44:47,0.0
GEOP_20260402.csv,2026-02-15 10:47:47,0.0
GEOP_20260402.csv,2026-02-15 10:50:47,0.0
GEOP_20260402.csv,2026-02-15 10:53:47,0.0
GEOP_20260402.csv,2026-02-15 10:56:47,0.0
GEOP_20260402.csv,2026-02-15 10:59:47,0.0
GEOP_20260402.csv,2026-02-15 11:02:47,0.0
GEOP_20260402.csv,2026-02-15 11:05:47,0.0
GEOP_20260402.csv,2026-02-15 11:08:47,0.0
GEOP_20260402.csv,2026-02-15 11:11:47,0.0
GEOP_20260402.csv,2026-02-15 11:14:47,0.0
GEOP_20260402.csv,2026-02-15 11:17:47,0.0
GEOP_20260402.csv,2026-02-15 11:20:47,0.0
GEOP_20260402.csv,2026-02-15 11:23:47,0.0
GEOP_20260402.csv,2026-02-15 11:26:47,0.0
GEOP_20260402.csv,2026-02-15 11:29:47,0.0
GEOP_20260402.csv,2026-02-15 11:32:47,0.0
GEOP_20260402.csv,2026-02-15 11:35:47,0.0
GEOP_20260402.csv,2026-02-15 11:38:47,0.0
GEOP_20260402.csv,2026-02-15 11:41:47,0.0
GEOP_20260402.csv,2026-02-15 11:44:47,0.0
GEOP_20260402.csv,2026-02-15 11:47:47,0.0
GEOP_20260402.csv,2026-02-15 11:50:47,0.0
GEOP_20260402.csv,2026-02-15 11:53:47,0.0
GEOP_20260402.csv,2026-02-15 11:56:47,0.0
GEOP_20260402.csv,2026-02-15 11:59:47,0.0
GEOP_20260402.csv,2026-02-15 12:02:47,0.0
GEOP_20260402.csv,2026-02-15 12:05:47,0.0
GEOP_20260402.csv,2026-02-15 12:08:47,0.0
GEOP_20260402.csv,2026-02-15 12:11:47,0.0
GEOP_20260402.csv,2026-02-15 12:14:47,0.0
GEOP_20260402.csv,2026-02-15 12:17:47,0.0
GEOP_20260402.csv,2026-02-15 12:20:47,0.0
GEOP_20260402.csv,2026-02-15 12:23:47,0.0
GEOP_20260402.csv,2026-02-15 12:26:47,0.0
GEOP_20260402.csv,2026-02-15 12:29:47,0.0
GEOP_20260402.csv,2026-02-15 12:32:47,0.0
GEOP_20260402.csv,2026-02-15 12:35:47,0.0
GEOP_20260402.csv,2026-02-15 12:38:47,0.0
GEOP_20260402.csv,2026-02-15 12:41:47,0.0
GEOP_20260402.csv,2026-02-15 12:44:47,0.0
GEOP_20260402.csv,2026-02-15 12:47:47,0.0
GEOP_20260402.csv,2026-02-15 12:50:47,0.0
GEOP_20260402.csv,2026-02-15 12:53:47,0.0
GEOP_20260402.csv,2026-02-15 12:56:47,0.0
GEOP_20260402.csv,2026-02-15 12:59:47,0.0
GEOP_20260402.csv,2026-02-15 13:02:47,0.0
GEOP_20260402.csv,2026-02-15 13:05:47,0.0
GEOP_20260402.csv,2026-02-15 13:08:47,0.0
GEOP_20260402.csv,2026-02-15 13:11:47,0.0
GEOP_20260402.csv,2026-02-15 13:14:47,0.0
GEOP_20260402.csv,2026-02-15 13:17:47,0.0
GEOP_20260402.csv,2026-02-15 13:20:47,0.0
GEOP_20260402.csv,2026-02-15 13:23:47,0.0
GEOP_20260402.csv,2026-02-15 13:26:47,0.0
GEOP_20260402.csv,2026-02-15 13:29:47,0.0
GEOP_20260402.csv,2026-02-15 13:32:47,0.0
GEOP_20260402.csv,2026-02-15 13:35:47,0.0
GEOP_20260402.csv,2026-02-15 13:38:47,0.0
GEOP_20260402.csv,2026-02-15 13:41:47,0.0
GEOP_20260402.csv,2026-02-15 13:44:47,0.0
GEOP_20260402.csv,2026-02-15 13:47:47,0.0
GEOP_20260402.csv,2026-02-15 13:50:47,0.0
GEOP_20260402.csv,2026-02-15 13:53:47,0.0
GEOP_20260402.csv,2026-02-15 13:56:47,0.0
GEOP_20260402.csv,2026-02-15 13:59:47,0.0
GEOP_20260402.csv,2026-02-15 14:02:47,0.0
GEOP_20260402.csv,2026-02-15 14:05:47,0.0
GEOP_20260402.csv,2026-02-15 14:08:47,0.0
GEOP_20260402.csv,2026-02-15 14:11:47,0.0
GEOP_20260402.csv,2026-02-15 14:14:47,0.0
GEOP_20260402.csv,2026-02-15 14:17:47,0.0
GEOP_20260402.csv,2026-02-15 14:20:47,0.0
GEOP_20260402.csv,2026-02-15 14:23:47,0.0
GEOP_20260402.csv,2026-02-15 14:26:47,0.0
GEOP_20260402.csv,2026-02-15 14:29:47,0.0
GEOP_20260402.csv,2026-02-15 14:32:47,0.0
GEOP_20260402.csv,2026-02-15 14:35:47,0.0
GEOP_20260402.csv,2026-02-15 14:38:47,0.0
GEOP_20260402.csv,2026-02-15 14:41:47,0.0
GEOP_20260402.csv,2026-02-15 14:44:47,0.0
GEOP_20260402.csv,2026-02-15 14:47:47,0.0
GEOP_20260402.csv,2026-02-15 14:50:47,0.0
GEOP_20260402.csv,2026-02-15 14:53:47,0.0
GEOP_20260402.csv,2026-02-15 14:56:47,0.0
GEOP_20260402.csv,2026-02-15 14:59:47,0.0
GEOP_20260402.csv,2026-02-15 15:02:47,0.0
GEOP_20260402.csv,2026-02-15 15:05:47,0.0
GEOP_20260402.csv,2026-02-15 15:08:47,0.0
GEOP_20260402.csv,2026-02-15 15:14:47,0.0
GEOP_20260402.csv,2026-02-15 15:17:47,0.0
GEOP_20260402.csv,2026-02-15 15:20:47,0.0
GEOP_20260402.csv,2026-02-15 15:23:47,0.0
GEOP_20260402.csv,2026-02-15 15:26:47,0.0
GEOP_20260402.csv,2026-02-15 15:29:47,0.0
GEOP_20260402.csv,2026-02-15 15:32:47,0.0
GEOP_20260402.csv,2026-02-15 15:35:47,0.0
GEOP_20260402.csv,2026-02-15 15:38:47,0.0
GEOP_20260402.csv,2026-02-15 15:41:47,0.0
GEOP_20260402.csv,2026-02-15 15:44:47,0.0
GEOP_20260402.csv,2026-02-15 15:47:47,0.0
GEOP_20260402.csv,2026-02-15 15:50:47,0.0
GEOP_20260402.csv,2026-02-15 15:53:47,0.0
GEOP_20260402.csv,2026-02-15 15:56:47,0.0
GEOP_20260402.csv,2026-02-15 15:59:47,0.0
GEOP_20260402.csv,2026-02-15 16:02:47,0.0
GEOP_20260402.csv,2026-02-15 16:05:47,0.0
GEOP_20260402.csv,2026-02-15 16:08:47,0.0
GEOP_20260402.csv,2026-02-15 16:11:47,0.0
GEOP_20260402.csv,2026-02-15 16:14:47,0.0
GEOP_20260402.csv,2026-02-15 16:17:47,0.0
GEOP_20260402.csv,2026-02-15 16:20:47,0.0
GEOP_20260402.csv,2026-02-15 16:23:47,0.0
GEOP_20260402.csv,2026-02-15 16:26:47,0.0
GEOP_20260402.csv,2026-02-15 16:29:47,0.0
GEOP_20260402.csv,2026-02-15 16:32:47,0.0
GEOP_20260402.csv,2026-02-15 16:35:47,0.0
GEOP_20260402.csv,2026-02-15 16:38:47,0.0
GEOP_20260402.csv,2026-02-15 16:41:47,0.0
GEOP_20260402.csv,2026-02-15 16:44:47,0.0
GEOP_20260402.csv,2026-02-15 16:47:47,0.0
GEOP_20260402.csv,2026-02-15 16:50:47,0.0
GEOP_20260402.csv,2026-02-15 16:53:47,0.0
GEOP_20260402.csv,2026-02-15 16:56:47,0.0
GEOP_20260402.csv,2026-02-15 16:59:47,0.0
GEOP_20260402.csv,2026-02-15 17:02:47,0.0
GEOP_20260402.csv,2026-02-15 17:05:47,0.0
GEOP_20260402.csv,2026-02-15 17:08:47,0.0
GEOP_20260402.csv,2026-02-15 17:11:47,0.0
GEOP_20260402.csv,2026-02-15 17:14:47,0.0
GEOP_20260402.csv,2026-02-15 17:17:47,0.0
GEOP_20260402.csv,2026-02-15 17:20:47,0.0
GEOP_20260402.csv,2026-02-15 17:23:47,0.0
GEOP_20260402.csv,2026-02-15 17:26:47,0.0
GEOP_20260402.csv,2026-02-15 17:29:47,0.0
GEOP_20260402.csv,2026-02-15 17:32:47,0.04
GEOP_20260402.csv,2026-02-15 17:35:47,0.02
GEOP_20260402.csv,2026-02-15 17:38:47,0.02
GEOP_20260402.csv,2026-02-15 17:41:47,0.02
GEOP_20260402.csv,2026-02-15 17:44:47,0.02
GEOP_20260402.csv,2026-02-15 17:47:47,0.04
GEOP_20260402.csv,2026-02-15 17:50:47,0.07
GEOP_20260402.csv,2026-02-15 17:53:47,0.11
GEOP_20260402.csv,2026-02-15 17:56:47,0.06
GEOP_20260402.csv,2026-02-15 17:59:47,0.07
GEOP_20260402.csv,2026-02-15 18:02:47,0.07
GEOP_20260402.csv,2026-02-15 18:05:47,0.07
GEOP_20260402.csv,2026-02-15 18:08:47,0.08
GEOP_20260402.csv,2026-02-15 18:11:47,0.08
GEOP_20260402.csv,2026-02-15 18:14:47,0.06
GEOP_20260402.csv,2026-02-15 18:17:47,0.1
GEOP_20260402.csv,2026-02-15 18:20:47,0.11
GEOP_20260402.csv,2026-02-15 18:23:47,0.12
GEOP_20260402.csv,2026-02-15 18:26:47,0.07
GEOP_20260402.csv,2026-02-15 18:29:47,0.05
GEOP_20260402.csv,2026-02-15 18:32:47,0.03
GEOP_20260402.csv,2026-02-15 18:35:47,0.07
GEOP_20260402.csv,2026-02-15 18:38:47,0.1
GEOP_20260402.csv,2026-02-15 18:41:47,0.11
GEOP_20260402.csv,2026-02-15 18:44:47,0.09
GEOP_20260402.csv,2026-02-15 18:47:47,0.1
GEOP_20260402.csv,2026-02-15 18:50:47,0.13
GEOP_20260402.csv,2026-02-15 18:53:47,0.1
GEOP_20260402.csv,2026-02-15 18:56:47,0.11
GEOP_20260402.csv,2026-02-15 18:59:47,0.11
GEOP_20260402.csv,2026-02-15 19:02:47,0.16
GEOP_20260402.csv,2026-02-15 19:05:47,0.21
GEOP_20260402.csv,2026-02-15 19:08:47,0.21
GEOP_20260402.csv,2026-02-15 19:11:47,0.26
GEOP_20260402.csv,2026-02-15 19:14:47,0.25
GEOP_20260402.csv,2026-02-15 19:17:47,0.21
GEOP_20260402.csv,2026-02-15 19:20:47,0.16
GEOP_20260402.csv,2026-02-15 19:23:47,0.14
GEOP_20260402.csv,2026-02-15 19:26:47,0.15
GEOP_20260402.csv,2026-02-15 19:29:47,0.17
GEOP_20260402.csv,2026-02-15 19:32:47,0.17
GEOP_20260402.csv,2026-02-15 19:35:47,0.23
GEOP_20260402.csv,2026-02-15 19:38:47,0.18
GEOP_20260402.csv,2026-02-15 19:41:47,0.2
GEOP_20260402.csv,2026-02-15 19:44:47,0.22
GEOP_20260402.csv,2026-02-15 19:47:47,0.13
GEOP_20260402.csv,2026-02-15 19:50:47,0.1
GEOP_20260402.csv,2026-02-15 19:53:47,0.08
GEOP_20260402.csv,2026-02-15 19:56:47,0.07
GEOP_20260402.csv,2026-02-15 19:59:47,0.07
GEOP_20260402.csv,2026-02-15 20:02:47,0.1
GEOP_20260402.csv,2026-02-15 20:05:47,0.08
GEOP_20260402.csv,2026-02-15 20:08:47,0.07
GEOP_20260402.csv,2026-02-15 20:11:47,0.06
GEOP_20260402.csv,2026-02-15 20:14:47,0.03
GEOP_20260402.csv,2026-02-15 20:17:47,0.04
GEOP_20260402.csv,2026-02-15 20:20:47,0.05
GEOP_20260402.csv,2026-02-15 20:23:47,0.06
GEOP_20260402.csv,2026-02-15 20:26:47,0.06
GEOP_20260402.csv,2026-02-15 20:29:47,0.06
GEOP_20260402.csv,2026-02-15 20:32:47,0.07
GEOP_20260402.csv,2026-02-15 20:35:47,0.07
GEOP_20260402.csv,2026-02-15 20:38:47,0.05
GEOP_20260402.csv,2026-02-15 20:41:47,0.04
GEOP_20260402.csv,2026-02-15 20:44:47,0.04
GEOP_20260402.csv,2026-02-15 20:47:47,0.03
GEOP_20260402.csv,2026-02-15 20:50:47,0.05
GEOP_20260402.csv,2026-02-15 20:53:47,0.06
GEOP_20260402.csv,2026-02-15 20:56:47,0.05
GEOP_20260402.csv,2026-02-15 20:59:47,0.06
GEOP_20260402.csv,2026-02-15 21:02:47,0.04
GEOP_20260402.csv,2026-02-15 21:05:47,0.05
GEOP_20260402.csv,2026-02-15 21:08:47,0.05
GEOP_20260402.csv,2026-02-15 21:11:47,0.07
GEOP_20260402.csv,2026-02-15 21:14:47,0.07
GEOP_20260402.csv,2026-02-15 21:17:47,0.04
GEOP_20260402.csv,2026-02-15 21:20:47,0.03
GEOP_20260402.csv,2026-02-15 21:23:47,0.04
GEOP_20260402.csv,2026-02-15 21:26:47,0.06
GEOP_20260402.csv,2026-02-15 21:29:47,0.03
GEOP_20260402.csv,2026-02-15 21:32:47,0.03
GEOP_20260402.csv,2026-02-15 21:35:47,0.03
GEOP_20260402.csv,2026-02-15 21:38:47,0.04
GEOP_20260402.csv,2026-02-15 21:41:47,0.03
GEOP_20260402.csv,2026-02-15 21:44:47,0.03
GEOP_20260402.csv,2026-02-15 21:47:47,0.02
GEOP_20260402.csv,2026-02-15 21:50:47,0.02
GEOP_20260402.csv,2026-02-15 21:53:47,0.02
GEOP_20260402.csv,2026-02-15 21:56:47,0.05
GEOP_20260402.csv,2026-02-15 21:59:47,0.04
GEOP_20260402.csv,2026-02-15 22:02:47,0.02
GEOP_20260402.csv,2026-02-15 22:05:47,0.06
GEOP_20260402.csv,2026-02-15 22:08:47,0.04
GEOP_20260402.csv,2026-02-15 22:11:47,0.02
GEOP_20260402.csv,2026-02-15 22:14:47,0.03
GEOP_20260402.csv,2026-02-15 22:17:47,0.04
GEOP_20260402.csv,2026-02-15 22:20:47,0.04
GEOP_20260402.csv,2026-02-15 22:23:47,0.21
GEOP_20260402.csv,2026-02-15 22:26:47,0.2
GEOP_20260402.csv,2026-02-15 22:29:46,0.16
GEOP_20260402.csv,2026-02-15 22:32:47,0.23
GEOP_20260402.csv,2026-02-15 22:35:46,0.1
GEOP_20260402.csv,2026-02-15 22:38:47,0.06
GEOP_20260402.csv,2026-02-15 22:41:46,0.04
GEOP_20260402.csv,2026-02-15 22:44:46,0.07
GEOP_20260402.csv,2026-02-15 22:47:46,0.06
GEOP_20260402.csv,2026-02-15 22:50:46,0.03
GEOP_20260402.csv,2026-02-15 22:53:46,0.02
GEOP_20260402.csv,2026-02-15 22:56:46,0.12
GEOP_20260402.csv,2026-02-15 22:59:46,0.11
GEOP_20260402.csv,2026-02-15 23:02:46,0.13
GEOP_20260402.csv,2026-02-15 23:05:46,0.07
GEOP_20260402.csv,2026-02-15 23:08:46,0.07
GEOP_20260402.csv,2026-02-15 23:11:46,0.04
GEOP_20260402.csv,2026-02-15 23:14:46,0.04
GEOP_20260402.csv,2026-02-15 23:17:46,0.03
GEOP_20260402.csv,2026-02-15 23:20:46,0.02
GEOP_20260402.csv,2026-02-15 23:23:46,0.04
GEOP_20260402.csv,2026-02-15 23:26:46,0.03
GEOP_20260402.csv,2026-02-15 23:29:46,0.02
GEOP_20260402.csv,2026-02-15 23:32:46,0.01
GEOP_20260402.csv,2026-02-15 23:35:46,0.01
GEOP_20260402.csv,2026-02-15 23:38:46,0.02
GEOP_20260402.csv,2026-02-15 23:41:46,0.01
GEOP_20260402.csv,2026-02-15 23:44:46,0.01
GEOP_20260402.csv,2026-02-15 23:47:46,0.01
GEOP_20260402.csv,2026-02-15 23:50:46,0.02
GEOP_20260402.csv,2026-02-15 23:53:46,0.03
GEOP_20260402.csv,2026-02-15 23:56:46,0.04
GEOP_20260402.csv,2026-02-15 23:59:46,0.04
GEOP_20260402.csv,2026-02-16 00:02:46,0.06
GEOP_20260402.csv,2026-02-16 00:05:46,0.09
GEOP_20260402.csv,2026-02-16 00:08:46,0.08
GEOP_20260402.csv,2026-02-16 00:11:46,0.06
GEOP_20260402.csv,2026-02-16 00:14:46,0.04
GEOP_20260402.csv,2026-02-16 00:17:46,0.03
GEOP_20260402.csv,2026-02-16 00:20:46,0.02
GEOP_20260402.csv,2026-02-16 00:23:46,0.01
GEOP_20260402.csv,2026-02-16 00:26:46,0.01
GEOP_20260402.csv,2026-02-16 00:29:46,0.01
GEOP_20260402.csv,2026-02-16 00:32:46,0.01
GEOP_20260402.csv,2026-02-16 00:35:46,0.0
GEOP_20260402.csv,2026-02-16 00:38:46,0.01
GEOP_20260402.csv,2026-02-16 00:41:46,0.0
GEOP_20260402.csv,2026-02-16 00:44:46,0.01
GEOP_20260402.csv,2026-02-16 00:47:46,0.0
GEOP_20260402.csv,2026-02-16 00:50:46,0.01
GEOP_20260402.csv,2026-02-16 00:53:46,0.02
GEOP_20260402.csv,2026-02-16 00:56:46,0.04
GEOP_20260402.csv,2026-02-16 00:59:46,0.09
GEOP_20260402.csv,2026-02-16 01:02:47,0.05
GEOP_20260402.csv,2026-02-16 01:05:46,0.02
GEOP_20260402.csv,2026-02-16 01:08:46,0.01
GEOP_20260402.csv,2026-02-16 01:11:46,0.02
GEOP_20260402.csv,2026-02-16 01:14:46,0.01
GEOP_20260402.csv,2026-02-16 01:17:46,0.0
GEOP_20260402.csv,2026-02-16 01:20:46,0.01
GEOP_20260402.csv,2026-02-16 01:23:46,0.0
GEOP_20260402.csv,2026-02-16 01:26:46,0.01
GEOP_20260402.csv,2026-02-16 01:29:46,0.0
GEOP_20260402.csv,2026-02-16 01:32:46,0.0
GEOP_20260402.csv,2026-02-16 01:35:46,0.01
GEOP_20260402.csv,2026-02-16 01:38:46,0.0
GEOP_20260402.csv,2026-02-16 01:41:46,0.0
GEOP_20260402.csv,2026-02-16 01:44:46,0.0
GEOP_20260402.csv,2026-02-16 01:47:46,0.0
GEOP_20260402.csv,2026-02-16 01:50:46,0.01
GEOP_20260402.csv,2026-02-16 01:53:46,0.0
GEOP_20260402.csv,2026-02-16 01:56:46,0.0
GEOP_20260402.csv,2026-02-16 01:59:46,0.01
GEOP_20260402.csv,2026-02-16 02:02:46,0.01
GEOP_20260402.csv,2026-02-16 02:05:46,0.01
GEOP_20260402.csv,2026-02-16 02:08:46,0.01
GEOP_20260402.csv,2026-02-16 02:11:46,0.02
GEOP_20260402.csv,2026-02-16 02:14:46,0.03
GEOP_20260402.csv,2026-02-16 02:17:46,0.04
GEOP_20260402.csv,2026-02-16 02:20:46,0.09
GEOP_20260402.csv,2026-02-16 02:23:46,0.07
GEOP_20260402.csv,2026-02-16 02:26:46,0.1
GEOP_20260402.csv,2026-02-16 02:29:46,0.14
GEOP_20260402.csv,2026-02-16 02:32:46,0.1
GEOP_20260402.csv,2026-02-16 02:35:47,0.1
GEOP_20260402.csv,2026-02-16 02:38:46,0.1
GEOP_20260402.csv,2026-02-16 02:41:46,0.1
GEOP_20260402.csv,2026-02-16 02:44:46,0.1
GEOP_20260402.csv,2026-02-16 02:47:46,0.08
GEOP_20260402.csv,2026-02-16 02:50:46,0.19
GEOP_20260402.csv,2026-02-16 02:53:46,0.11
GEOP_20260402.csv,2026-02-16 02:56:46,0.07
GEOP_20260402.csv,2026-02-16 02:59:46,0.1
GEOP_20260402.csv,2026-02-16 03:02:46,0.07
GEOP_20260402.csv,2026-02-16 03:05:46,0.08
GEOP_20260402.csv,2026-02-16 03:08:46,0.05
GEOP_20260402.csv,2026-02-16 03:11:46,0.07
GEOP_20260402.csv,2026-02-16 03:14:46,0.1
GEOP_20260402.csv,2026-02-16 03:17:46,0.13
GEOP_20260402.csv,2026-02-16 03:20:46,0.04
GEOP_20260402.csv,2026-02-16 03:23:46,0.04
GEOP_20260402.csv,2026-02-16 03:26:46,0.01
GEOP_20260402.csv,2026-02-16 03:29:46,0.02
GEOP_20260402.csv,2026-02-16 03:32:46,0.02
GEOP_20260402.csv,2026-02-16 03:35:46,0.01
GEOP_20260402.csv,2026-02-16 03:38:46,0.02
GEOP_20260402.csv,2026-02-16 03:41:46,0.02
GEOP_20260402.csv,2026-02-16 03:44:46,0.02
GEOP_20260402.csv,2026-02-16 03:47:46,0.02
GEOP_20260402.csv,2026-02-16 03:50:46,0.04
GEOP_20260402.csv,2026-02-16 03:53:46,0.04
GEOP_20260402.csv,2026-02-16 03:56:46,0.03
GEOP_20260402.csv,2026-02-16 03:59:46,0.05
GEOP_20260402.csv,2026-02-16 04:02:46,0.07
GEOP_20260402.csv,2026-02-16 04:05:46,0.03
GEOP_20260402.csv,2026-02-16 04:08:46,0.05
GEOP_20260402.csv,2026-02-16 04:11:46,0.14
GEOP_20260402.csv,2026-02-16 04:14:46,0.19
GEOP_20260402.csv,2026-02-16 04:17:46,0.12
GEOP_20260402.csv,2026-02-16 04:20:46,0.07
GEOP_20260402.csv,2026-02-16 04:23:46,0.04
GEOP_20260402.csv,2026-02-16 04:26:46,0.02
GEOP_20260402.csv,2026-02-16 04:29:46,0.02
GEOP_20260402.csv,2026-02-16 04:32:46,0.0
GEOP_20260402.csv,2026-02-16 04:35:46,0.08
GEOP_20260402.csv,2026-02-16 04:38:47,0.13
GEOP_20260402.csv,2026-02-16 04:41:46,0.1
GEOP_20260402.csv,2026-02-16 04:44:46,0.12
GEOP_20260402.csv,2026-02-16 04:47:46,0.12
GEOP_20260402.csv,2026-02-16 04:50:46,0.09
GEOP_20260402.csv,2026-02-16 04:53:46,0.05
GEOP_20260402.csv,2026-02-16 04:56:46,0.18
GEOP_20260402.csv,2026-02-16 04:59:46,0.06
GEOP_20260402.csv,2026-02-16 05:05:46,0.14
GEOP_20260402.csv,2026-02-16 05:08:46,0.06
GEOP_20260402.csv,2026-02-16 05:11:46,0.16
GEOP_20260402.csv,2026-02-16 05:14:46,0.15
GEOP_20260402.csv,2026-02-16 05:17:46,0.11
GEOP_20260402.csv,2026-02-16 05:20:46,0.11
GEOP_20260402.csv,2026-02-16 05:23:46,0.07
GEOP_20260402.csv,2026-02-16 05:26:46,0.06
GEOP_20260402.csv,2026-02-16 05:29:46,0.05
GEOP_20260402.csv,2026-02-16 05:32:46,0.03
GEOP_20260402.csv,2026-02-16 05:35:46,0.01
GEOP_20260402.csv,2026-02-16 05:38:46,0.02
GEOP_20260402.csv,2026-02-16 05:41:46,0.01
GEOP_20260402.csv,2026-02-16 05:44:46,0.0
GEOP_20260402.csv,2026-02-16 05:47:46,0.01
GEOP_20260402.csv,2026-02-16 05:50:46,0.01
GEOP_20260402.csv,2026-02-16 05:53:46,0.0
GEOP_20260402.csv,2026-02-16 05:56:46,0.0
GEOP_20260402.csv,2026-02-16 05:59:46,0.01
GEOP_20260402.csv,2026-02-16 06:02:46,0.0
GEOP_20260402.csv,2026-02-16 06:05:46,0.0
GEOP_20260402.csv,2026-02-16 06:08:46,0.0
GEOP_20260402.csv,2026-02-16 06:11:46,0.01
GEOP_20260402.csv,2026-02-16 06:14:46,0.0
GEOP_20260402.csv,2026-02-16 06:17:46,0.01
GEOP_20260402.csv,2026-02-16 06:20:46,0.0
GEOP_20260402.csv,2026-02-16 06:23:46,0.01
GEOP_20260402.csv,2026-02-16 06:26:46,0.0
GEOP_20260402.csv,2026-02-16 06:29:46,0.0
GEOP_20260402.csv,2026-02-16 06:32:46,0.01
GEOP_20260402.csv,2026-02-16 06:35:46,0.0
GEOP_20260402.csv,2026-02-16 06:38:46,0.0
GEOP_20260402.csv,2026-02-16 06:41:46,0.01
GEOP_20260402.csv,2026-02-16 06:44:46,0.0
GEOP_20260402.csv,2026-02-16 06:47:46,0.0
GEOP_20260402.csv,2026-02-16 06:50:46,0.0
GEOP_20260402.csv,2026-02-16 06:53:46,0.0
GEOP_20260402.csv,2026-02-16 06:56:46,0.0
GEOP_20260402.csv,2026-02-16 06:59:46,0.0
GEOP_20260402.csv,2026-02-16 07:02:48,0.0
GEOP_20260402.csv,2026-02-16 07:05:46,0.01
GEOP_20260402.csv,2026-02-16 07:08:46,0.0
GEOP_20260402.csv,2026-02-16 07:11:46,0.0
GEOP_20260402.csv,2026-02-16 07:14:46,0.0
GEOP_20260402.csv,2026-02-16 07:17:46,0.0
GEOP_20260402.csv,2026-02-16 07:20:46,0.0
GEOP_20260402.csv,2026-02-16 07:23:46,0.0
GEOP_20260402.csv,2026-02-16 07:26:46,0.0
GEOP_20260402.csv,2026-02-16 07:29:46,0.0
GEOP_20260402.csv,2026-02-16 07:32:46,0.0
GEOP_20260402.csv,2026-02-16 07:35:46,0.0
GEOP_20260402.csv,2026-02-16 07:38:46,0.0
GEOP_20260402.csv,2026-02-16 07:41:46,0.0
GEOP_20260402.csv,2026-02-16 07:44:46,0.0
GEOP_20260402.csv,2026-02-16 07:47:46,0.0
GEOP_20260402.csv,2026-02-16 07:50:46,0.0
GEOP_20260402.csv,2026-02-16 07:53:46,0.0
GEOP_20260402.csv,2026-02-16 07:56:46,0.0
GEOP_20260402.csv,2026-02-16 07:59:46,0.0
GEOP_20260402.csv,2026-02-16 08:02:46,0.0
GEOP_20260402.csv,2026-02-16 08:05:46,0.0
GEOP_20260402.csv,2026-02-16 08:08:46,0.0
GEOP_20260402.csv,2026-02-16 08:11:46,0.0
GEOP_20260402.csv,2026-02-16 08:14:46,0.0
GEOP_20260402.csv,2026-02-16 08:17:46,0.0
GEOP_20260402.csv,2026-02-16 08:20:46,0.02
GEOP_20260402.csv,2026-02-16 08:23:46,0.04
GEOP_20260402.csv,2026-02-16 08:26:46,0.03
GEOP_20260402.csv,2026-02-16 08:29:46,0.09
GEOP_20260402.csv,2026-02-16 08:32:46,0.09
GEOP_20260402.csv,2026-02-16 08:35:46,0.03
GEOP_20260402.csv,2026-02-16 08:38:46,0.02
GEOP_20260402.csv,2026-02-16 08:41:46,0.01
GEOP_20260402.csv,2026-02-16 08:44:46,0.01
GEOP_20260402.csv,2026-02-16 08:47:46,0.01
GEOP_20260402.csv,2026-02-16 08:50:46,0.01
GEOP_20260402.csv,2026-02-16 08:53:46,0.0
GEOP_20260402.csv,2026-02-16 08:56:46,0.01
GEOP_20260402.csv,2026-02-16 08:59:46,0.0
GEOP_20260402.csv,2026-02-16 09:02:46,0.0
GEOP_20260402.csv,2026-02-16 09:05:46,0.0
GEOP_20260402.csv,2026-02-16 09:08:46,0.01
GEOP_20260402.csv,2026-02-16 09:11:46,0.0
GEOP_20260402.csv,2026-02-16 09:14:46,0.0
GEOP_20260402.csv,2026-02-16 09:17:46,0.0
GEOP_20260402.csv,2026-02-16 09:20:46,0.01
GEOP_20260402.csv,2026-02-16 09:23:46,0.0
GEOP_20260402.csv,2026-02-16 09:26:46,0.0
GEOP_20260402.csv,2026-02-16 09:29:46,0.0
GEOP_20260402.csv,2026-02-16 09:32:46,0.0
GEOP_20260402.csv,2026-02-16 09:35:46,0.0
GEOP_20260402.csv,2026-02-16 09:38:46,0.0
GEOP_20260402.csv,2026-02-16 09:41:46,0.0
GEOP_20260402.csv,2026-02-16 09:44:46,0.0
GEOP_20260402.csv,2026-02-16 09:47:46,0.0
GEOP_20260402.csv,2026-02-16 09:50:46,0.0
GEOP_20260402.csv,2026-02-16 09:53:46,0.01
GEOP_20260402.csv,2026-02-16 09:56:46,0.0
GEOP_20260402.csv,2026-02-16 09:59:46,0.0
GEOP_20260402.csv,2026-02-16 10:02:46,0.0
GEOP_20260402.csv,2026-02-16 10:05:46,0.0
GEOP_20260402.csv,2026-02-16 10:08:46,0.01
GEOP_20260402.csv,2026-02-16 10:11:46,0.0
GEOP_20260402.csv,2026-02-16 10:14:46,0.0
GEOP_20260402.csv,2026-02-16 10:17:46,0.0
GEOP_20260402.csv,2026-02-16 10:20:46,0.01
GEOP_20260402.csv,2026-02-16 10:23:46,0.0
GEOP_20260402.csv,2026-02-16 10:26:46,0.0
GEOP_20260402.csv,2026-02-16 10:29:46,0.0
GEOP_20260402.csv,2026-02-16 10:32:46,0.0
GEOP_20260402.csv,2026-02-16 10:35:46,0.0
GEOP_20260402.csv,2026-02-16 10:38:46,0.0
GEOP_20260402.csv,2026-02-16 10:41:46,0.0
GEOP_20260402.csv,2026-02-16 10:44:46,0.0
GEOP_20260402.csv,2026-02-16 10:47:46,0.0
GEOP_20260402.csv,2026-02-16 10:50:46,0.0
GEOP_20260402.csv,2026-02-16 10:53:46,0.0
GEOP_20260402.csv,2026-02-16 10:56:46,0.0
GEOP_20260402.csv,2026-02-16 10:59:46,0.0
GEOP_20260402.csv,2026-02-16 11:02:46,0.0
GEOP_20260402.csv,2026-02-16 11:05:46,0.0
GEOP_20260402.csv,2026-02-16 11:08:46,0.0
GEOP_20260402.csv,2026-02-16 11:11:46,0.0
GEOP_20260402.csv,2026-02-16 11:14:46,0.0
GEOP_20260402.csv,2026-02-16 11:17:46,0.0
GEOP_20260402.csv,2026-02-16 11:20:46,0.0
GEOP_20260402.csv,2026-02-16 11:23:46,0.0
GEOP_20260402.csv,2026-02-16 11:26:46,0.0
GEOP_20260402.csv,2026-02-16 11:29:46,0.0
GEOP_20260402.csv,2026-02-16 11:32:46,0.0
GEOP_20260402.csv,2026-02-16 11:35:46,0.0
GEOP_20260402.csv,2026-02-16 11:38:46,0.0
GEOP_20260402.csv,2026-02-16 11:41:46,0.0
GEOP_20260402.csv,2026-02-16 11:47:46,0.01
GEOP_20260402.csv,2026-02-16 11:50:46,0.04
GEOP_20260402.csv,2026-02-16 11:53:46,0.02
GEOP_20260402.csv,2026-02-16 11:56:46,0.01
GEOP_20260402.csv,2026-02-16 11:59:46,0.01
GEOP_20260402.csv,2026-02-16 12:02:46,0.01
GEOP_20260402.csv,2026-02-16 12:05:46,0.0
GEOP_20260402.csv,2026-02-16 12:08:46,0.01
GEOP_20260402.csv,2026-02-16 12:11:46,0.0
GEOP_20260402.csv,2026-02-16 12:14:46,0.0
GEOP_20260402.csv,2026-02-16 12:17:45,0.02
GEOP_20260402.csv,2026-02-16 12:20:45,0.0
GEOP_20260402.csv,2026-02-16 12:23:45,0.0
GEOP_20260402.csv,2026-02-16 12:26:45,0.01
GEOP_20260402.csv,2026-02-16 12:29:45,0.0
GEOP_20260402.csv,2026-02-16 12:32:46,0.01
GEOP_20260402.csv,2026-02-16 12:35:45,0.0
GEOP_20260402.csv,2026-02-16 12:38:46,0.0
GEOP_20260402.csv,2026-02-16 12:41:45,0.0
GEOP_20260402.csv,2026-02-16 12:44:45,0.0
GEOP_20260402.csv,2026-02-16 12:47:45,0.0
GEOP_20260402.csv,2026-02-16 12:50:45,0.0
GEOP_20260402.csv,2026-02-16 12:53:45,0.0
GEOP_20260402.csv,2026-02-16 12:56:46,0.0
GEOP_20260402.csv,2026-02-16 12:59:45,0.0
GEOP_20260402.csv,2026-02-16 13:02:45,0.0
GEOP_20260402.csv,2026-02-16 13:05:45,0.0
GEOP_20260402.csv,2026-02-16 13:08:45,0.0
GEOP_20260402.csv,2026-02-16 13:11:45,0.0
GEOP_20260402.csv,2026-02-16 13:14:45,0.0
GEOP_20260402.csv,2026-02-16 13:17:45,0.0
GEOP_20260402.csv,2026-02-16 13:20:45,0.0
GEOP_20260402.csv,2026-02-16 13:23:45,0.0
GEOP_20260402.csv,2026-02-16 13:26:46,0.0
GEOP_20260402.csv,2026-02-16 13:29:45,0.0
GEOP_20260402.csv,2026-02-16 13:32:45,0.0
GEOP_20260402.csv,2026-02-16 13:35:45,0.0
GEOP_20260402.csv,2026-02-16 13:38:45,0.0
GEOP_20260402.csv,2026-02-16 13:41:45,0.0
GEOP_20260402.csv,2026-02-16 13:44:45,0.01
GEOP_20260402.csv,2026-02-16 13:47:45,0.02
GEOP_20260402.csv,2026-02-16 13:53:45,0.02
GEOP_20260402.csv,2026-02-16 13:56:45,0.03
GEOP_20260402.csv,2026-02-16 13:59:45,0.03
GEOP_20260402.csv,2026-02-16 14:02:45,0.02
GEOP_20260402.csv,2026-02-16 14:05:45,0.04
GEOP_20260402.csv,2026-02-16 14:08:45,0.08
GEOP_20260402.csv,2026-02-16 14:11:45,0.06
GEOP_20260402.csv,2026-02-16 14:14:45,0.1
GEOP_20260402.csv,2026-02-16 14:17:45,0.09
GEOP_20260402.csv,2026-02-16 14:20:45,0.09
GEOP_20260402.csv,2026-02-16 14:23:45,0.18
GEOP_20260402.csv,2026-02-16 14:26:45,0.11
GEOP_20260402.csv,2026-02-16 14:29:45,0.04
GEOP_20260402.csv,2026-02-16 14:35:45,0.02
GEOP_20260402.csv,2026-02-16 14:38:45,0.0
GEOP_20260402.csv,2026-02-16 14:41:45,0.01
GEOP_20260402.csv,2026-02-16 14:44:45,0.0
GEOP_20260402.csv,2026-02-16 14:47:45,0.01
GEOP_20260402.csv,2026-02-16 14:50:45,0.0
GEOP_20260402.csv,2026-02-16 14:53:45,0.0
GEOP_20260402.csv,2026-02-16 14:56:45,0.0
GEOP_20260402.csv,2026-02-16 14:59:45,0.01
GEOP_20260402.csv,2026-02-16 15:02:45,0.01
GEOP_20260402.csv,2026-02-16 15:05:45,0.0
GEOP_20260402.csv,2026-02-16 15:08:45,0.01
GEOP_20260402.csv,2026-02-16 15:11:45,0.0
GEOP_20260402.csv,2026-02-16 15:14:45,0.0
GEOP_20260402.csv,2026-02-16 15:17:45,0.0
GEOP_20260402.csv,2026-02-16 15:20:45,0.01
GEOP_20260402.csv,2026-02-16 15:23:47,0.0
GEOP_20260402.csv,2026-02-16 15:26:45,0.0
GEOP_20260402.csv,2026-02-16 15:29:45,0.0
GEOP_20260402.csv,2026-02-16 15:32:45,0.0
GEOP_20260402.csv,2026-02-16 15:35:45,0.0
GEOP_20260402.csv,2026-02-16 15:38:45,0.01
GEOP_20260402.csv,2026-02-16 15:41:45,0.0
GEOP_20260402.csv,2026-02-16 15:44:45,0.0
GEOP_20260402.csv,2026-02-16 15:47:45,0.0
GEOP_20260402.csv,2026-02-16 15:50:45,0.0
GEOP_20260402.csv,2026-02-16 15:53:45,0.0
GEOP_20260402.csv,2026-02-16 15:56:45,0.0
GEOP_20260402.csv,2026-02-16 15:59:45,0.0
GEOP_20260402.csv,2026-02-16 16:02:45,0.0
GEOP_20260402.csv,2026-02-16 16:05:45,0.0
GEOP_20260402.csv,2026-02-16 16:08:45,0.0
GEOP_20260402.csv,2026-02-16 16:11:45,0.0
GEOP_20260402.csv,2026-02-16 16:14:45,0.0
GEOP_20260402.csv,2026-02-16 16:17:45,0.0
GEOP_20260402.csv,2026-02-16 16:20:45,0.0
GEOP_20260402.csv,2026-02-16 16:23:45,0.0
GEOP_20260402.csv,2026-02-16 16:26:45,0.0
GEOP_20260402.csv,2026-02-16 16:29:45,0.0
GEOP_20260402.csv,2026-02-16 16:32:45,0.0
GEOP_20260402.csv,2026-02-16 16:35:45,0.0
GEOP_20260402.csv,2026-02-16 16:38:45,0.0
GEOP_20260402.csv,2026-02-16 16:41:45,0.0
GEOP_20260402.csv,2026-02-16 16:44:45,0.0
GEOP_20260402.csv,2026-02-16 16:47:45,0.0
GEOP_20260402.csv,2026-02-16 16:50:45,0.0
GEOP_20260402.csv,2026-02-16 16:53:45,0.0
GEOP_20260402.csv,2026-02-16 16:56:45,0.0
GEOP_20260402.csv,2026-02-16 16:59:45,0.0
GEOP_20260402.csv,2026-02-16 17:02:45,0.0
GEOP_20260402.csv,2026-02-16 17:05:45,0.0
GEOP_20260402.csv,2026-02-16 17:08:45,0.0
GEOP_20260402.csv,2026-02-16 17:11:45,0.0
GEOP_20260402.csv,2026-02-16 17:14:45,0.0
GEOP_20260402.csv,2026-02-16 17:17:45,0.0
GEOP_20260402.csv,2026-02-16 17:20:45,0.0
GEOP_20260402.csv,2026-02-16 17:23:45,0.0
GEOP_20260402.csv,2026-02-16 17:26:45,0.0
GEOP_20260402.csv,2026-02-16 17:29:45,0.0
GEOP_20260402.csv,2026-02-16 17:32:45,0.0
GEOP_20260402.csv,2026-02-16 17:35:45,0.0
GEOP_20260402.csv,2026-02-16 17:38:45,0.0
GEOP_20260402.csv,2026-02-16 17:41:45,0.0
GEOP_20260402.csv,2026-02-16 17:44:45,0.0
GEOP_20260402.csv,2026-02-16 17:47:45,0.0
GEOP_20260402.csv,2026-02-16 17:50:45,0.0
GEOP_20260402.csv,2026-02-16 17:53:45,0.0
GEOP_20260402.csv,2026-02-16 17:56:45,0.0
GEOP_20260402.csv,2026-02-16 17:59:45,0.0
GEOP_20260402.csv,2026-02-16 18:02:45,0.0
GEOP_20260402.csv,2026-02-16 18:05:45,0.0
GEOP_20260402.csv,2026-02-16 18:08:45,0.0
GEOP_20260402.csv,2026-02-16 18:11:45,0.0
GEOP_20260402.csv,2026-02-16 18:14:45,0.0
GEOP_20260402.csv,2026-02-16 18:17:45,0.0
GEOP_20260402.csv,2026-02-16 18:20:45,0.0
GEOP_20260402.csv,2026-02-16 18:23:45,0.0
GEOP_20260402.csv,2026-02-16 18:26:45,0.0
GEOP_20260402.csv,2026-02-16 18:29:45,0.0
GEOP_20260402.csv,2026-02-16 18:32:45,0.0
GEOP_20260402.csv,2026-02-16 18:35:45,0.02
GEOP_20260402.csv,2026-02-16 18:38:45,0.02
GEOP_20260402.csv,2026-02-16 18:41:45,0.02
GEOP_20260402.csv,2026-02-16 18:44:45,0.01
GEOP_20260402.csv,2026-02-16 18:47:45,0.01
GEOP_20260402.csv,2026-02-16 18:50:45,0.0
GEOP_20260402.csv,2026-02-16 18:53:45,0.01
GEOP_20260402.csv,2026-02-16 18:56:45,0.01
GEOP_20260402.csv,2026-02-16 18:59:45,0.0
GEOP_20260402.csv,2026-02-16 19:02:45,0.0
GEOP_20260402.csv,2026-02-16 19:05:45,0.01
GEOP_20260402.csv,2026-02-16 19:08:45,0.0
GEOP_20260402.csv,2026-02-16 19:11:45,0.0
GEOP_20260402.csv,2026-02-16 19:14:45,0.0
GEOP_20260402.csv,2026-02-16 19:17:45,0.01
GEOP_20260402.csv,2026-02-16 19:20:45,0.0
GEOP_20260402.csv,2026-02-16 19:23:45,0.0
GEOP_20260402.csv,2026-02-16 19:26:45,0.0
GEOP_20260402.csv,2026-02-16 19:29:45,0.0
GEOP_20260402.csv,2026-02-16 19:32:45,0.0
GEOP_20260402.csv,2026-02-16 19:35:45,0.0
GEOP_20260402.csv,2026-02-16 19:38:45,0.0
GEOP_20260402.csv,2026-02-16 19:41:45,0.0
GEOP_20260402.csv,2026-02-16 19:44:45,0.0
GEOP_20260402.csv,2026-02-16 19:47:45,0.0
GEOP_20260402.csv,2026-02-16 19:50:45,0.0
GEOP_20260402.csv,2026-02-16 19:53:45,0.0
GEOP_20260402.csv,2026-02-16 19:56:45,0.0
GEOP_20260402.csv,2026-02-16 19:59:45,0.0
GEOP_20260402.csv,2026-02-16 20:02:45,0.0
GEOP_20260402.csv,2026-02-16 20:05:45,0.0
GEOP_20260402.csv,2026-02-16 20:08:45,0.0
GEOP_20260402.csv,2026-02-16 20:11:45,0.0
GEOP_20260402.csv,2026-02-16 20:14:45,0.0
GEOP_20260402.csv,2026-02-16 20:17:45,0.0
GEOP_20260402.csv,2026-02-16 20:20:45,0.0
GEOP_20260402.csv,2026-02-16 20:23:45,0.0
GEOP_20260402.csv,2026-02-16 20:26:45,0.0
GEOP_20260402.csv,2026-02-16 20:29:45,0.0
GEOP_20260402.csv,2026-02-16 20:32:45,0.0
GEOP_20260402.csv,2026-02-16 20:35:45,0.0
GEOP_20260402.csv,2026-02-16 20:38:45,0.0
GEOP_20260402.csv,2026-02-16 20:41:45,0.0
GEOP_20260402.csv,2026-02-16 20:44:45,0.0
GEOP_20260402.csv,2026-02-16 20:47:45,0.0
GEOP_20260402.csv,2026-02-16 20:50:45,0.0
GEOP_20260402.csv,2026-02-16 20:53:45,0.0
GEOP_20260402.csv,2026-02-16 20:56:45,0.0
GEOP_20260402.csv,2026-02-16 20:59:45,0.0
GEOP_20260402.csv,2026-02-16 21:02:45,0.0
GEOP_20260402.csv,2026-02-16 21:05:45,0.01
GEOP_20260402.csv,2026-02-16 21:08:45,0.02
GEOP_20260402.csv,2026-02-16 21:11:45,0.01
GEOP_20260402.csv,2026-02-16 21:14:45,0.01
GEOP_20260402.csv,2026-02-16 21:17:45,0.0
GEOP_20260402.csv,2026-02-16 21:20:45,0.0
GEOP_20260402.csv,2026-02-16 21:23:45,0.01
GEOP_20260402.csv,2026-02-16 21:26:45,0.0
GEOP_20260402.csv,2026-02-16 21:29:45,0.0
GEOP_20260402.csv,2026-02-16 21:32:45,0.0
GEOP_20260402.csv,2026-02-16 21:35:45,0.01
GEOP_20260402.csv,2026-02-16 21:38:45,0.0
GEOP_20260402.csv,2026-02-16 21:41:45,0.0
GEOP_20260402.csv,2026-02-16 21:44:45,0.0
GEOP_20260402.csv,2026-02-16 21:47:45,0.0
GEOP_20260402.csv,2026-02-16 21:50:45,0.0
GEOP_20260402.csv,2026-02-16 21:53:45,0.0
GEOP_20260402.csv,2026-02-16 21:56:45,0.0
GEOP_20260402.csv,2026-02-16 21:59:45,0.0
GEOP_20260402.csv,2026-02-16 22:02:45,0.0
GEOP_20260402.csv,2026-02-16 22:05:45,0.0
GEOP_20260402.csv,2026-02-16 22:08:45,0.0
GEOP_20260402.csv,2026-02-16 22:11:45,0.0
GEOP_20260402.csv,2026-02-16 22:14:45,0.0
GEOP_20260402.csv,2026-02-16 22:17:45,0.0
GEOP_20260402.csv,2026-02-16 22:20:45,0.0
GEOP_20260402.csv,2026-02-16 22:23:45,0.0
GEOP_20260402.csv,2026-02-16 22:26:45,0.0
GEOP_20260402.csv,2026-02-16 22:32:45,0.0
GEOP_20260402.csv,2026-02-16 22:35:45,0.0
GEOP_20260402.csv,2026-02-16 22:38:45,0.0
GEOP_20260402.csv,2026-02-16 22:41:45,0.0
GEOP_20260402.csv,2026-02-16 22:44:45,0.0
GEOP_20260402.csv,2026-02-16 22:47:45,0.0
GEOP_20260402.csv,2026-02-16 22:50:45,0.0
GEOP_20260402.csv,2026-02-16 22:53:45,0.0
GEOP_20260402.csv,2026-02-16 22:59:45,0.0
GEOP_20260402.csv,2026-02-16 23:02:45,0.0
GEOP_20260402.csv,2026-02-16 23:05:45,0.0
GEOP_20260402.csv,2026-02-16 23:08:45,0.08
GEOP_20260402.csv,2026-02-16 23:11:45,0.08
GEOP_20260402.csv,2026-02-16 23:14:45,0.03
GEOP_20260402.csv,2026-02-16 23:17:45,0.02
GEOP_20260402.csv,2026-02-16 23:20:45,0.01
GEOP_20260402.csv,2026-02-16 23:23:45,0.0
GEOP_20260402.csv,2026-02-16 23:26:45,0.01
GEOP_20260402.csv,2026-02-16 23:29:45,0.0
GEOP_20260402.csv,2026-02-16 23:32:45,0.01
GEOP_20260402.csv,2026-02-16 23:35:45,0.0
GEOP_20260402.csv,2026-02-16 23:38:45,0.0
GEOP_20260402.csv,2026-02-16 23:41:45,0.0
GEOP_20260402.csv,2026-02-16 23:44:45,0.01
GEOP_20260402.csv,2026-02-16 23:47:45,0.0
GEOP_20260402.csv,2026-02-16 23:50:45,0.0
GEOP_20260402.csv,2026-02-16 23:53:45,0.0
GEOP_20260402.csv,2026-02-16 23:56:45,0.0
GEOP_20260402.csv,2026-02-16 23:59:45,0.0
GEOP_20260402.csv,2026-02-17 00:02:45,0.0
GEOP_20260402.csv,2026-02-17 00:05:45,0.0
GEOP_20260402.csv,2026-02-17 00:08:45,0.01
GEOP_20260402.csv,2026-02-17 00:11:45,0.0
GEOP_20260402.csv,2026-02-17 00:14:45,0.0
GEOP_20260402.csv,2026-02-17 00:17:45,0.0
GEOP_20260402.csv,2026-02-17 00:20:45,0.01
GEOP_20260402.csv,2026-02-17 00:23:45,0.02
GEOP_20260402.csv,2026-02-17 00:26:45,0.02
GEOP_20260402.csv,2026-02-17 00:29:45,0.01
GEOP_20260402.csv,2026-02-17 00:32:45,0.01
GEOP_20260402.csv,2026-02-17 00:35:45,0.0
GEOP_20260402.csv,2026-02-17 00:38:45,0.01
GEOP_20260402.csv,2026-02-17 00:41:45,0.0
GEOP_20260402.csv,2026-02-17 00:44:45,0.0
GEOP_20260402.csv,2026-02-17 00:47:45,0.01
GEOP_20260402.csv,2026-02-17 00:50:45,0.0
GEOP_20260402.csv,2026-02-17 00:53:45,0.0
GEOP_20260402.csv,2026-02-17 00:56:45,0.01
GEOP_20260402.csv,2026-02-17 00:59:45,0.03
GEOP_20260402.csv,2026-02-17 01:02:45,0.09
GEOP_20260402.csv,2026-02-17 01:05:45,0.03
GEOP_20260402.csv,2026-02-17 01:08:45,0.02
GEOP_20260402.csv,2026-02-17 01:11:45,0.01
GEOP_20260402.csv,2026-02-17 01:14:45,0.01
GEOP_20260402.csv,2026-02-17 01:17:45,0.01
GEOP_20260402.csv,2026-02-17 01:20:45,0.0
GEOP_20260402.csv,2026-02-17 01:23:45,0.01
GEOP_20260402.csv,2026-02-17 01:26:45,0.0
GEOP_20260402.csv,2026-02-17 01:29:45,0.0
GEOP_20260402.csv,2026-02-17 01:32:45,0.01
GEOP_20260402.csv,2026-02-17 01:35:45,0.0
GEOP_20260402.csv,2026-02-17 01:38:45,0.0
GEOP_20260402.csv,2026-02-17 01:41:45,0.0
GEOP_20260402.csv,2026-02-17 01:44:45,0.01
GEOP_20260402.csv,2026-02-17 01:47:45,0.0
GEOP_20260402.csv,2026-02-17 01:50:45,0.0
GEOP_20260402.csv,2026-02-17 01:53:45,0.0
GEOP_20260402.csv,2026-02-17 01:56:45,0.0
GEOP_20260402.csv,2026-02-17 01:59:45,0.01
GEOP_20260402.csv,2026-02-17 02:02:45,0.0
GEOP_20260402.csv,2026-02-17 02:05:45,0.0
GEOP_20260402.csv,2026-02-17 02:08:45,0.0
GEOP_20260402.csv,2026-02-17 02:11:45,0.0
GEOP_20260402.csv,2026-02-17 02:14:45,0.0
GEOP_20260402.csv,2026-02-17 02:17:45,0.0
GEOP_20260402.csv,2026-02-17 02:20:45,0.0
GEOP_20260402.csv,2026-02-17 02:23:45,0.0
GEOP_20260402.csv,2026-02-17 02:26:45,0.0
GEOP_20260402.csv,2026-02-17 02:29:44,0.0
GEOP_20260402.csv,2026-02-17 02:32:45,0.01
GEOP_20260402.csv,2026-02-17 02:35:45,0.0
GEOP_20260402.csv,2026-02-17 02:38:44,0.0
GEOP_20260402.csv,2026-02-17 02:41:44,0.0
GEOP_20260402.csv,2026-02-17 02:44:44,0.0
GEOP_20260402.csv,2026-02-17 02:47:45,0.0
GEOP_20260402.csv,2026-02-17 02:50:44,0.0
GEOP_20260402.csv,2026-02-17 02:53:44,0.0
GEOP_20260402.csv,2026-02-17 02:56:44,0.0
GEOP_20260402.csv,2026-02-17 02:59:46,0.0
GEOP_20260402.csv,2026-02-17 03:02:44,0.0
GEOP_20260402.csv,2026-02-17 03:05:44,0.0
GEOP_20260402.csv,2026-02-17 03:08:44,0.0
GEOP_20260402.csv,2026-02-17 03:11:44,0.0
GEOP_20260402.csv,2026-02-17 03:14:44,0.0
GEOP_20260402.csv,2026-02-17 03:17:44,0.0
GEOP_20260402.csv,2026-02-17 03:20:45,0.0
GEOP_20260402.csv,2026-02-17 03:23:44,0.01
GEOP_20260402.csv,2026-02-17 03:26:44,0.01
GEOP_20260402.csv,2026-02-17 03:29:44,0.01
GEOP_20260402.csv,2026-02-17 03:32:44,0.01
GEOP_20260402.csv,2026-02-17 03:35:45,0.0
GEOP_20260402.csv,2026-02-17 03:38:44,0.01
GEOP_20260402.csv,2026-02-17 03:41:44,0.0
GEOP_20260402.csv,2026-02-17 03:44:44,0.0
GEOP_20260402.csv,2026-02-17 03:47:44,0.01
GEOP_20260402.csv,2026-02-17 03:50:44,0.0
GEOP_20260402.csv,2026-02-17 03:53:44,0.0
GEOP_20260402.csv,2026-02-17 03:56:44,0.01
GEOP_20260402.csv,2026-02-17 03:59:44,0.0
GEOP_20260402.csv,2026-02-17 04:02:44,0.0
GEOP_20260402.csv,2026-02-17 04:05:44,0.0
GEOP_20260402.csv,2026-02-17 04:08:44,0.0
GEOP_20260402.csv,2026-02-17 04:11:44,0.01
GEOP_20260402.csv,2026-02-17 04:14:44,0.05
GEOP_20260402.csv,2026-02-17 04:17:44,0.02
GEOP_20260402.csv,2026-02-17 04:20:44,0.01
GEOP_20260402.csv,2026-02-17 04:23:44,0.01
GEOP_20260402.csv,2026-02-17 04:26:44,0.01
GEOP_20260402.csv,2026-02-17 04:29:44,0.0
GEOP_20260402.csv,2026-02-17 04:32:44,0.0
GEOP_20260402.csv,2026-02-17 04:35:44,0.0
GEOP_20260402.csv,2026-02-17 04:38:44,0.01
GEOP_20260402.csv,2026-02-17 04:41:44,0.0
GEOP_20260402.csv,2026-02-17 04:44:44,0.01
GEOP_20260402.csv,2026-02-17 04:47:44,0.0
GEOP_20260402.csv,2026-02-17 04:50:44,0.01
GEOP_20260402.csv,2026-02-17 04:53:44,0.0
GEOP_20260402.csv,2026-02-17 04:56:44,0.01
GEOP_20260402.csv,2026-02-17 04:59:44,0.01
GEOP_20260402.csv,2026-02-17 05:02:44,0.01
GEOP_20260402.csv,2026-02-17 05:05:44,0.08
GEOP_20260402.csv,2026-02-17 05:08:44,0.07
GEOP_20260402.csv,2026-02-17 05:11:44,0.03
GEOP_20260402.csv,2026-02-17 05:14:44,0.04
GEOP_20260402.csv,2026-02-17 05:17:45,0.03
GEOP_20260402.csv,2026-02-17 05:20:44,0.03
GEOP_20260402.csv,2026-02-17 05:23:44,0.03
GEOP_20260402.csv,2026-02-17 05:26:44,0.01
GEOP_20260402.csv,2026-02-17 05:29:44,0.02
GEOP_20260402.csv,2026-02-17 05:32:44,0.02
GEOP_20260402.csv,2026-02-17 05:35:44,0.03
GEOP_20260402.csv,2026-02-17 05:38:44,0.01
GEOP_20260402.csv,2026-02-17 05:41:44,0.01
GEOP_20260402.csv,2026-02-17 05:44:44,0.01
GEOP_20260402.csv,2026-02-17 05:47:44,0.02
GEOP_20260402.csv,2026-02-17 05:50:44,0.01
GEOP_20260402.csv,2026-02-17 05:53:44,0.0
GEOP_20260402.csv,2026-02-17 05:56:44,0.01
GEOP_20260402.csv,2026-02-17 05:59:44,0.01
GEOP_20260402.csv,2026-02-17 06:02:44,0.0
GEOP_20260402.csv,2026-02-17 06:05:44,0.01
GEOP_20260402.csv,2026-02-17 06:08:45,0.0
GEOP_20260402.csv,2026-02-17 06:11:44,0.0
GEOP_20260402.csv,2026-02-17 06:14:44,0.01
GEOP_20260402.csv,2026-02-17 06:17:44,0.0
GEOP_20260402.csv,2026-02-17 06:20:44,0.0
GEOP_20260402.csv,2026-02-17 06:23:44,0.0
GEOP_20260402.csv,2026-02-17 06:26:44,0.01
GEOP_20260402.csv,2026-02-17 06:29:44,0.0
GEOP_20260402.csv,2026-02-17 06:32:44,0.0
GEOP_20260402.csv,2026-02-17 06:35:44,0.0
GEOP_20260402.csv,2026-02-17 06:38:44,0.0
GEOP_20260402.csv,2026-02-17 06:41:44,0.0
GEOP_20260402.csv,2026-02-17 06:44:44,0.01
GEOP_20260402.csv,2026-02-17 06:47:44,0.0
GEOP_20260402.csv,2026-02-17 06:50:44,0.0
GEOP_20260402.csv,2026-02-17 06:53:44,0.0
GEOP_20260402.csv,2026-02-17 06:56:44,0.0
GEOP_20260402.csv,2026-02-17 06:59:44,0.0
GEOP_20260402.csv,2026-02-17 07:02:44,0.0
GEOP_20260402.csv,2026-02-17 07:05:44,0.01
GEOP_20260402.csv,2026-02-17 07:08:44,0.01
GEOP_20260402.csv,2026-02-17 07:11:44,0.01
GEOP_20260402.csv,2026-02-17 07:14:44,0.01
GEOP_20260402.csv,2026-02-17 07:17:44,0.01
GEOP_20260402.csv,2026-02-17 07:20:44,0.0
GEOP_20260402.csv,2026-02-17 07:23:44,0.01
GEOP_20260402.csv,2026-02-17 07:26:44,0.0
GEOP_20260402.csv,2026-02-17 07:29:44,0.01
GEOP_20260402.csv,2026-02-17 07:32:44,0.0
GEOP_20260402.csv,2026-02-17 07:35:44,0.0
GEOP_20260402.csv,2026-02-17 07:38:44,0.0
GEOP_20260402.csv,2026-02-17 07:41:44,0.01
GEOP_20260402.csv,2026-02-17 07:44:44,0.0
GEOP_20260402.csv,2026-02-17 07:47:44,0.01
GEOP_20260402.csv,2026-02-17 07:50:44,0.1
GEOP_20260402.csv,2026-02-17 07:53:44,0.05
GEOP_20260402.csv,2026-02-17 07:56:44,0.05
GEOP_20260402.csv,2026-02-17 07:59:44,0.02
GEOP_20260402.csv,2026-02-17 08:02:44,0.02
GEOP_20260402.csv,2026-02-17 08:05:44,0.0
GEOP_20260402.csv,2026-02-17 08:08:44,0.01
GEOP_20260402.csv,2026-02-17 08:11:44,0.01
GEOP_20260402.csv,2026-02-17 08:14:44,0.01
GEOP_20260402.csv,2026-02-17 08:17:44,0.04
GEOP_20260402.csv,2026-02-17 08:20:44,0.03
GEOP_20260402.csv,2026-02-17 08:23:44,0.03
GEOP_20260402.csv,2026-02-17 08:26:44,0.03
GEOP_20260402.csv,2026-02-17 08:29:44,0.02
GEOP_20260402.csv,2026-02-17 08:32:44,0.01
GEOP_20260402.csv,2026-02-17 08:35:44,0.02
GEOP_20260402.csv,2026-02-17 08:38:44,0.03
GEOP_20260402.csv,2026-02-17 08:41:44,0.02
GEOP_20260402.csv,2026-02-17 08:44:44,0.02
GEOP_20260402.csv,2026-02-17 08:47:44,0.01
GEOP_20260402.csv,2026-02-17 08:50:44,0.01
GEOP_20260402.csv,2026-02-17 08:53:44,0.01
GEOP_20260402.csv,2026-02-17 08:56:44,0.0
GEOP_20260402.csv,2026-02-17 08:59:44,0.01
GEOP_20260402.csv,2026-02-17 09:02:44,0.0
GEOP_20260402.csv,2026-02-17 09:05:44,0.0
GEOP_20260402.csv,2026-02-17 09:08:44,0.01
GEOP_20260402.csv,2026-02-17 09:11:44,0.01
GEOP_20260402.csv,2026-02-17 09:14:44,0.0
GEOP_20260402.csv,2026-02-17 09:17:44,0.01
GEOP_20260402.csv,2026-02-17 09:20:44,0.0
GEOP_20260402.csv,2026-02-17 09:23:44,0.0
GEOP_20260402.csv,2026-02-17 09:26:44,0.01
GEOP_20260402.csv,2026-02-17 09:29:44,0.0
GEOP_20260402.csv,2026-02-17 09:32:44,0.0
GEOP_20260402.csv,2026-02-17 09:35:44,0.0
GEOP_20260402.csv,2026-02-17 09:38:44,0.01
GEOP_20260402.csv,2026-02-17 09:41:46,0.0
GEOP_20260402.csv,2026-02-17 09:44:44,0.0
GEOP_20260402.csv,2026-02-17 09:47:44,0.0
GEOP_20260402.csv,2026-02-17 09:50:44,0.0
GEOP_20260402.csv,2026-02-17 09:53:44,0.0
GEOP_20260402.csv,2026-02-17 09:56:44,0.0
GEOP_20260402.csv,2026-02-17 09:59:44,0.0
GEOP_20260402.csv,2026-02-17 10:02:44,0.0
GEOP_20260402.csv,2026-02-17 10:05:44,0.0
GEOP_20260402.csv,2026-02-17 10:08:44,0.0
GEOP_20260402.csv,2026-02-17 10:11:44,0.0
GEOP_20260402.csv,2026-02-17 10:14:44,0.0
GEOP_20260402.csv,2026-02-17 10:17:44,0.0
GEOP_20260402.csv,2026-02-17 10:20:44,0.0
GEOP_20260402.csv,2026-02-17 10:23:44,0.0
GEOP_20260402.csv,2026-02-17 10:29:44,0.0
GEOP_20260402.csv,2026-02-17 10:32:44,0.0
GEOP_20260402.csv,2026-02-17 10:35:44,0.0
GEOP_20260402.csv,2026-02-17 10:38:44,0.0
GEOP_20260402.csv,2026-02-17 10:41:44,0.0
GEOP_20260402.csv,2026-02-17 10:44:44,0.0
GEOP_20260402.csv,2026-02-17 10:47:44,0.0
GEOP_20260402.csv,2026-02-17 10:50:44,0.0
GEOP_20260402.csv,2026-02-17 10:53:44,0.0
GEOP_20260402.csv,2026-02-17 10:56:44,0.0
GEOP_20260402.csv,2026-02-17 10:59:44,0.0
GEOP_20260402.csv,2026-02-17 11:02:44,0.0
GEOP_20260402.csv,2026-02-17 11:05:44,0.0
GEOP_20260402.csv,2026-02-17 11:08:44,0.0
GEOP_20260402.csv,2026-02-17 11:11:44,0.0
GEOP_20260402.csv,2026-02-17 11:14:44,0.0
GEOP_20260402.csv,2026-02-17 11:17:44,0.0
GEOP_20260402.csv,2026-02-17 11:20:44,0.0
GEOP_20260402.csv,2026-02-17 11:23:44,0.0
GEOP_20260402.csv,2026-02-17 11:26:44,0.0
GEOP_20260402.csv,2026-02-17 11:29:44,0.0
GEOP_20260402.csv,2026-02-17 11:32:44,0.0
GEOP_20260402.csv,2026-02-17 11:35:44,0.0
GEOP_20260402.csv,2026-02-17 11:38:44,0.0
GEOP_20260402.csv,2026-02-17 11:41:44,0.0
GEOP_20260402.csv,2026-02-17 11:44:46,0.0
GEOP_20260402.csv,2026-02-17 11:47:44,0.0
GEOP_20260402.csv,2026-02-17 11:50:44,0.0
GEOP_20260402.csv,2026-02-17 11:53:44,0.0
GEOP_20260402.csv,2026-02-17 11:56:44,0.0
GEOP_20260402.csv,2026-02-17 11:59:44,0.0
GEOP_20260402.csv,2026-02-17 12:02:44,0.0
GEOP_20260402.csv,2026-02-17 12:05:44,0.0
GEOP_20260402.csv,2026-02-17 12:08:44,0.0
GEOP_20260402.csv,2026-02-17 12:11:44,0.0
GEOP_20260402.csv,2026-02-17 12:14:44,0.0
GEOP_20260402.csv,2026-02-17 12:17:44,0.0
GEOP_20260402.csv,2026-02-17 12:20:44,0.0
GEOP_20260402.csv,2026-02-17 12:23:44,0.0
GEOP_20260402.csv,2026-02-17 12:26:44,0.0
GEOP_20260402.csv,2026-02-17 12:29:44,0.0
GEOP_20260402.csv,2026-02-17 12:32:44,0.0
GEOP_20260402.csv,2026-02-17 12:35:44,0.0
GEOP_20260402.csv,2026-02-17 12:38:44,0.0
GEOP_20260402.csv,2026-02-17 12:41:44,0.0
GEOP_20260402.csv,2026-02-17 12:44:44,0.0
GEOP_20260402.csv,2026-02-17 12:47:44,0.0
GEOP_20260402.csv,2026-02-17 12:50:44,0.0
GEOP_20260402.csv,2026-02-17 12:53:44,0.0
GEOP_20260402.csv,2026-02-17 12:56:44,0.03
GEOP_20260402.csv,2026-02-17 12:59:44,0.07
GEOP_20260402.csv,2026-02-17 13:02:44,0.03
GEOP_20260402.csv,2026-02-17 13:05:44,0.01
GEOP_20260402.csv,2026-02-17 13:08:44,0.01
GEOP_20260402.csv,2026-02-17 13:11:44,0.02
GEOP_20260402.csv,2026-02-17 13:14:44,0.04
GEOP_20260402.csv,2026-02-17 13:17:44,0.01
GEOP_20260402.csv,2026-02-17 13:20:44,0.01
GEOP_20260402.csv,2026-02-17 13:23:44,0.01
GEOP_20260402.csv,2026-02-17 13:26:44,0.0
GEOP_20260402.csv,2026-02-17 13:29:44,0.01
GEOP_20260402.csv,2026-02-17 13:32:44,0.0
GEOP_20260402.csv,2026-02-17 13:35:44,0.0
GEOP_20260402.csv,2026-02-17 13:38:44,0.0
GEOP_20260402.csv,2026-02-17 13:41:44,0.0
GEOP_20260402.csv,2026-02-17 13:44:44,0.0
GEOP_20260402.csv,2026-02-17 13:47:44,0.0
GEOP_20260402.csv,2026-02-17 13:50:44,0.0
GEOP_20260402.csv,2026-02-17 13:53:44,0.0
GEOP_20260402.csv,2026-02-17 13:56:44,0.0
GEOP_20260402.csv,2026-02-17 13:59:44,0.01
GEOP_20260402.csv,2026-02-17 14:02:44,0.0
GEOP_20260402.csv,2026-02-17 14:05:44,0.0
GEOP_20260402.csv,2026-02-17 14:08:44,0.0
GEOP_20260402.csv,2026-02-17 14:11:44,0.0
GEOP_20260402.csv,2026-02-17 14:14:44,0.0
GEOP_20260402.csv,2026-02-17 14:17:44,0.0
GEOP_20260402.csv,2026-02-17 14:20:44,0.0
GEOP_20260402.csv,2026-02-17 14:23:44,0.0
GEOP_20260402.csv,2026-02-17 14:26:44,0.0
GEOP_20260402.csv,2026-02-17 14:29:44,0.0
GEOP_20260402.csv,2026-02-17 14:35:44,0.0
GEOP_20260402.csv,2026-02-17 14:38:44,0.0
GEOP_20260402.csv,2026-02-17 14:41:44,0.0
GEOP_20260402.csv,2026-02-17 14:44:44,0.0
GEOP_20260402.csv,2026-02-17 14:47:44,0.0
GEOP_20260402.csv,2026-02-17 14:50:44,0.0
GEOP_20260402.csv,2026-02-17 14:53:44,0.0
GEOP_20260402.csv,2026-02-17 14:56:44,0.0
GEOP_20260402.csv,2026-02-17 14:59:44,0.0
GEOP_20260402.csv,2026-02-17 15:02:44,0.0
GEOP_20260402.csv,2026-02-17 15:05:44,0.0
GEOP_20260402.csv,2026-02-17 15:08:44,0.0
GEOP_20260402.csv,2026-02-17 15:11:44,0.0
GEOP_20260402.csv,2026-02-17 15:14:44,0.0
GEOP_20260402.csv,2026-02-17 15:17:44,0.0
GEOP_20260402.csv,2026-02-17 15:20:44,0.0
GEOP_20260402.csv,2026-02-17 15:23:44,0.0
GEOP_20260402.csv,2026-02-17 15:26:44,0.0
GEOP_20260402.csv,2026-02-17 15:29:44,0.0
GEOP_20260402.csv,2026-02-17 15:32:44,0.0
GEOP_20260402.csv,2026-02-17 15:35:44,0.0
GEOP_20260402.csv,2026-02-17 15:38:44,0.0
GEOP_20260402.csv,2026-02-17 15:41:44,0.0
GEOP_20260402.csv,2026-02-17 15:44:44,0.0
GEOP_20260402.csv,2026-02-17 15:47:44,0.01
GEOP_20260402.csv,2026-02-17 15:53:44,0.05
GEOP_20260402.csv,2026-02-17 15:56:44,0.02
GEOP_20260402.csv,2026-02-17 15:59:44,0.03
GEOP_20260402.csv,2026-02-17 16:02:43,0.02
GEOP_20260402.csv,2026-02-17 16:05:44,0.01
GEOP_20260402.csv,2026-02-17 16:08:44,0.0
GEOP_20260402.csv,2026-02-17 16:11:43,0.01
GEOP_20260402.csv,2026-02-17 16:14:43,0.0
GEOP_20260402.csv,2026-02-17 16:17:43,0.0
GEOP_20260402.csv,2026-02-17 16:20:43,0.0
GEOP_20260402.csv,2026-02-17 16:23:43,0.01
GEOP_20260402.csv,2026-02-17 16:26:43,0.0
GEOP_20260402.csv,2026-02-17 16:29:43,0.0
GEOP_20260402.csv,2026-02-17 16:32:43,0.0
GEOP_20260402.csv,2026-02-17 16:35:43,0.0
GEOP_20260402.csv,2026-02-17 16:38:43,0.0
GEOP_20260402.csv,2026-02-17 16:41:43,0.01
GEOP_20260402.csv,2026-02-17 16:44:43,0.0
GEOP_20260402.csv,2026-02-17 16:47:43,0.0
GEOP_20260402.csv,2026-02-17 16:50:43,0.0
GEOP_20260402.csv,2026-02-17 16:53:43,0.0
GEOP_20260402.csv,2026-02-17 16:56:43,0.0
GEOP_20260402.csv,2026-02-17 16:59:43,0.0
GEOP_20260402.csv,2026-02-17 17:02:43,0.0
GEOP_20260402.csv,2026-02-17 17:05:43,0.0
GEOP_20260402.csv,2026-02-17 17:08:43,0.0
GEOP_20260402.csv,2026-02-17 17:11:43,0.0
GEOP_20260402.csv,2026-02-17 17:14:43,0.0
GEOP_20260402.csv,2026-02-17 17:17:43,0.0
GEOP_20260402.csv,2026-02-17 17:20:44,0.0
GEOP_20260402.csv,2026-02-17 17:23:43,0.0
GEOP_20260402.csv,2026-02-17 17:26:43,0.0
GEOP_20260402.csv,2026-02-17 17:29:43,0.0
GEOP_20260402.csv,2026-02-17 17:32:43,0.0
GEOP_20260402.csv,2026-02-17 17:35:43,0.0
GEOP_20260402.csv,2026-02-17 17:38:43,0.0
GEOP_20260402.csv,2026-02-17 17:41:43,0.0
GEOP_20260402.csv,2026-02-17 17:44:43,0.0
GEOP_20260402.csv,2026-02-17 17:47:43,0.0
GEOP_20260402.csv,2026-02-17 17:50:43,0.0
GEOP_20260402.csv,2026-02-17 17:53:43,0.0
GEOP_20260402.csv,2026-02-17 17:56:43,0.0
GEOP_20260402.csv,2026-02-17 17:59:43,0.0
GEOP_20260402.csv,2026-02-17 18:02:43,0.0
GEOP_20260402.csv,2026-02-17 18:05:43,0.0
GEOP_20260402.csv,2026-02-17 18:08:43,0.0
GEOP_20260402.csv,2026-02-17 18:11:43,0.0
GEOP_20260402.csv,2026-02-17 18:14:43,0.0
GEOP_20260402.csv,2026-02-17 18:17:43,0.0
GEOP_20260402.csv,2026-02-17 18:20:43,0.0
GEOP_20260402.csv,2026-02-17 18:23:43,0.0
GEOP_20260402.csv,2026-02-17 18:26:43,0.0
GEOP_20260402.csv,2026-02-17 18:29:43,0.0
GEOP_20260402.csv,2026-02-17 18:32:43,0.0
GEOP_20260402.csv,2026-02-17 18:35:43,0.0
GEOP_20260402.csv,2026-02-17 18:38:43,0.0
GEOP_20260402.csv,2026-02-17 18:41:43,0.0
GEOP_20260402.csv,2026-02-17 18:44:43,0.0
GEOP_20260402.csv,2026-02-17 18:47:43,0.0
GEOP_20260402.csv,2026-02-17 18:50:43,0.0
GEOP_20260402.csv,2026-02-17 18:53:43,0.0
GEOP_20260402.csv,2026-02-17 18:56:43,0.0
GEOP_20260402.csv,2026-02-17 18:59:43,0.0
GEOP_20260402.csv,2026-02-17 19:02:43,0.0
GEOP_20260402.csv,2026-02-17 19:05:43,0.0
GEOP_20260402.csv,2026-02-17 19:08:43,0.0
GEOP_20260402.csv,2026-02-17 19:11:43,0.0
GEOP_20260402.csv,2026-02-17 19:14:43,0.0
GEOP_20260402.csv,2026-02-17 19:17:43,0.0
GEOP_20260402.csv,2026-02-17 19:20:43,0.0
GEOP_20260402.csv,2026-02-17 19:23:43,0.0
GEOP_20260402.csv,2026-02-17 19:26:43,0.0
GEOP_20260402.csv,2026-02-17 19:29:43,0.0
GEOP_20260402.csv,2026-02-17 19:32:43,0.0
GEOP_20260402.csv,2026-02-17 19:35:43,0.0
GEOP_20260402.csv,2026-02-17 19:38:43,0.0
GEOP_20260402.csv,2026-02-17 19:41:43,0.0
GEOP_20260402.csv,2026-02-17 19:44:43,0.0
GEOP_20260402.csv,2026-02-17 19:47:43,0.0
GEOP_20260402.csv,2026-02-17 19:50:43,0.0
GEOP_20260402.csv,2026-02-17 19:53:43,0.0
GEOP_20260402.csv,2026-02-17 19:56:43,0.0
GEOP_20260402.csv,2026-02-17 19:59:43,0.0
GEOP_20260402.csv,2026-02-17 20:02:43,0.0
GEOP_20260402.csv,2026-02-17 20:05:43,0.0
GEOP_20260402.csv,2026-02-17 20:08:43,0.0
GEOP_20260402.csv,2026-02-17 20:11:43,0.0
GEOP_20260402.csv,2026-02-17 20:14:43,0.0
GEOP_20260402.csv,2026-02-17 20:17:43,0.0
GEOP_20260402.csv,2026-02-17 20:20:43,0.0
GEOP_20260402.csv,2026-02-17 20:23:43,0.0
GEOP_20260402.csv,2026-02-17 20:26:43,0.0
GEOP_20260402.csv,2026-02-17 20:29:43,0.0
GEOP_20260402.csv,2026-02-17 20:32:43,0.0
GEOP_20260402.csv,2026-02-17 20:35:43,0.0
GEOP_20260402.csv,2026-02-17 20:38:43,0.0
GEOP_20260402.csv,2026-02-17 20:41:43,0.0
GEOP_20260402.csv,2026-02-17 20:44:43,0.0
GEOP_20260402.csv,2026-02-17 20:47:43,0.0
GEOP_20260402.csv,2026-02-17 20:50:43,0.04
GEOP_20260402.csv,2026-02-17 20:53:43,0.03
GEOP_20260402.csv,2026-02-17 20:56:43,0.02
GEOP_20260402.csv,2026-02-17 20:59:43,0.02
GEOP_20260402.csv,2026-02-17 21:02:43,0.01
GEOP_20260402.csv,2026-02-17 21:05:43,0.0
GEOP_20260402.csv,2026-02-17 21:08:43,0.01
GEOP_20260402.csv,2026-02-17 21:11:43,0.0
GEOP_20260402.csv,2026-02-17 21:14:43,0.01
GEOP_20260402.csv,2026-02-17 21:17:43,0.0
GEOP_20260402.csv,2026-02-17 21:20:43,0.0
GEOP_20260402.csv,2026-02-17 21:23:43,0.0
GEOP_20260402.csv,2026-02-17 21:26:43,0.0
GEOP_20260402.csv,2026-02-17 21:29:43,0.01
GEOP_20260402.csv,2026-02-17 21:32:43,0.0
GEOP_20260402.csv,2026-02-17 21:35:43,0.0
GEOP_20260402.csv,2026-02-17 21:38:43,0.0
GEOP_20260402.csv,2026-02-17 21:41:43,0.0
GEOP_20260402.csv,2026-02-17 21:44:43,0.0
GEOP_20260402.csv,2026-02-17 21:47:43,0.0
GEOP_20260402.csv,2026-02-17 21:50:43,0.01
GEOP_20260402.csv,2026-02-17 21:53:43,0.0
GEOP_20260402.csv,2026-02-17 21:56:43,0.0
GEOP_20260402.csv,2026-02-17 21:59:43,0.0
GEOP_20260402.csv,2026-02-17 22:02:43,0.0
GEOP_20260402.csv,2026-02-17 22:05:43,0.0
GEOP_20260402.csv,2026-02-17 22:08:43,0.0
GEOP_20260402.csv,2026-02-17 22:11:43,0.0
GEOP_20260402.csv,2026-02-17 22:14:43,0.0
GEOP_20260402.csv,2026-02-17 22:17:43,0.0
GEOP_20260402.csv,2026-02-17 22:20:43,0.0
GEOP_20260402.csv,2026-02-17 22:23:43,0.0
GEOP_20260402.csv,2026-02-17 22:26:43,0.0
GEOP_20260402.csv,2026-02-17 22:29:43,0.0
GEOP_20260402.csv,2026-02-17 22:32:43,0.0
GEOP_20260402.csv,2026-02-17 22:35:43,0.0
GEOP_20260402.csv,2026-02-17 22:38:43,0.0
GEOP_20260402.csv,2026-02-17 22:41:43,0.0
GEOP_20260402.csv,2026-02-17 22:44:43,0.0
GEOP_20260402.csv,2026-02-17 22:47:43,0.0
GEOP_20260402.csv,2026-02-17 22:50:43,0.0
GEOP_20260402.csv,2026-02-17 22:53:43,0.0
GEOP_20260402.csv,2026-02-17 22:56:43,0.0
GEOP_20260402.csv,2026-02-17 22:59:43,0.0
GEOP_20260402.csv,2026-02-17 23:02:43,0.0
GEOP_20260402.csv,2026-02-17 23:05:43,0.0
GEOP_20260402.csv,2026-02-17 23:08:43,0.0
GEOP_20260402.csv,2026-02-17 23:11:43,0.0
GEOP_20260402.csv,2026-02-17 23:14:43,0.0
GEOP_20260402.csv,2026-02-17 23:17:43,0.0
GEOP_20260402.csv,2026-02-17 23:20:43,0.0
GEOP_20260402.csv,2026-02-17 23:23:43,0.0
GEOP_20260402.csv,2026-02-17 23:26:43,0.0
GEOP_20260402.csv,2026-02-17 23:29:43,0.0
GEOP_20260402.csv,2026-02-17 23:32:43,0.0
GEOP_20260402.csv,2026-02-17 23:35:43,0.0
GEOP_20260402.csv,2026-02-17 23:38:43,0.0
GEOP_20260402.csv,2026-02-17 23:41:43,0.0
GEOP_20260402.csv,2026-02-17 23:44:43,0.0
GEOP_20260402.csv,2026-02-17 23:47:43,0.0
GEOP_20260402.csv,2026-02-17 23:50:43,0.0
GEOP_20260402.csv,2026-02-17 23:53:43,0.0
GEOP_20260402.csv,2026-02-17 23:56:43,0.0
GEOP_20260402.csv,2026-02-17 23:59:43,0.0
GEOP_20260402.csv,2026-02-18 00:02:43,0.0
GEOP_20260402.csv,2026-02-18 00:05:43,0.0
GEOP_20260402.csv,2026-02-18 00:08:43,0.0
GEOP_20260402.csv,2026-02-18 00:11:43,0.0
GEOP_20260402.csv,2026-02-18 00:14:43,0.0
GEOP_20260402.csv,2026-02-18 00:17:43,0.0
GEOP_20260402.csv,2026-02-18 00:20:43,0.0
GEOP_20260402.csv,2026-02-18 00:23:43,0.0
GEOP_20260402.csv,2026-02-18 00:26:43,0.0
GEOP_20260402.csv,2026-02-18 00:29:43,0.0
GEOP_20260402.csv,2026-02-18 00:32:43,0.0
GEOP_20260402.csv,2026-02-18 00:35:43,0.0
GEOP_20260402.csv,2026-02-18 00:38:43,0.0
GEOP_20260402.csv,2026-02-18 00:41:43,0.0
GEOP_20260402.csv,2026-02-18 00:44:43,0.0
GEOP_20260402.csv,2026-02-18 00:47:43,0.0
GEOP_20260402.csv,2026-02-18 00:50:43,0.0
GEOP_20260402.csv,2026-02-18 00:53:43,0.0
GEOP_20260402.csv,2026-02-18 00:56:43,0.0
GEOP_20260402.csv,2026-02-18 00:59:43,0.0
GEOP_20260402.csv,2026-02-18 01:02:43,0.0
GEOP_20260402.csv,2026-02-18 01:05:43,0.0
GEOP_20260402.csv,2026-02-18 01:08:43,0.0
GEOP_20260402.csv,2026-02-18 01:11:43,0.0
GEOP_20260402.csv,2026-02-18 01:14:43,0.0
GEOP_20260402.csv,2026-02-18 01:17:43,0.0
GEOP_20260402.csv,2026-02-18 01:20:43,0.0
GEOP_20260402.csv,2026-02-18 01:23:43,0.0
GEOP_20260402.csv,2026-02-18 01:26:43,0.0
GEOP_20260402.csv,2026-02-18 01:29:43,0.0
GEOP_20260402.csv,2026-02-18 01:32:43,0.0
GEOP_20260402.csv,2026-02-18 01:35:43,0.0
GEOP_20260402.csv,2026-02-18 01:38:43,0.0
GEOP_20260402.csv,2026-02-18 01:41:43,0.0
GEOP_20260402.csv,2026-02-18 01:44:43,0.0
GEOP_20260402.csv,2026-02-18 01:47:43,0.0
GEOP_20260402.csv,2026-02-18 01:50:43,0.0
GEOP_20260402.csv,2026-02-18 01:53:43,0.0
GEOP_20260402.csv,2026-02-18 01:56:43,0.0
GEOP_20260402.csv,2026-02-18 01:59:43,0.0
GEOP_20260402.csv,2026-02-18 02:02:43,0.0
GEOP_20260402.csv,2026-02-18 02:05:43,0.0
GEOP_20260402.csv,2026-02-18 02:08:43,0.0
GEOP_20260402.csv,2026-02-18 02:11:43,0.0
GEOP_20260402.csv,2026-02-18 02:14:43,0.0
GEOP_20260402.csv,2026-02-18 02:17:43,0.0
GEOP_20260402.csv,2026-02-18 02:20:43,0.0
GEOP_20260402.csv,2026-02-18 02:23:43,0.0
GEOP_20260402.csv,2026-02-18 02:26:43,0.0
GEOP_20260402.csv,2026-02-18 02:29:43,0.0
GEOP_20260402.csv,2026-02-18 02:32:43,0.0
GEOP_20260402.csv,2026-02-18 02:35:43,0.0
GEOP_20260402.csv,2026-02-18 02:38:43,0.0
GEOP_20260402.csv,2026-02-18 02:41:43,0.0
GEOP_20260402.csv,2026-02-18 02:44:43,0.0
GEOP_20260402.csv,2026-02-18 02:47:43,0.0
GEOP_20260402.csv,2026-02-18 02:50:43,0.0
GEOP_20260402.csv,2026-02-18 02:53:43,0.0
GEOP_20260402.csv,2026-02-18 02:56:43,0.0
GEOP_20260402.csv,2026-02-18 02:59:43,0.0
GEOP_20260402.csv,2026-02-18 03:02:43,0.0
GEOP_20260402.csv,2026-02-18 03:05:43,0.0
GEOP_20260402.csv,2026-02-18 03:08:43,0.0
GEOP_20260402.csv,2026-02-18 03:11:43,0.0
GEOP_20260402.csv,2026-02-18 03:14:43,0.0
GEOP_20260402.csv,2026-02-18 03:17:43,0.0
GEOP_20260402.csv,2026-02-18 03:20:43,0.0
GEOP_20260402.csv,2026-02-18 03:23:43,0.0
GEOP_20260402.csv,2026-02-18 03:26:43,0.0
GEOP_20260402.csv,2026-02-18 03:29:43,0.0
GEOP_20260402.csv,2026-02-18 03:32:43,0.0
GEOP_20260402.csv,2026-02-18 03:35:43,0.0
GEOP_20260402.csv,2026-02-18 03:38:43,0.0
GEOP_20260402.csv,2026-02-18 03:41:43,0.0
GEOP_20260402.csv,2026-02-18 03:44:43,0.0
GEOP_20260402.csv,2026-02-18 03:47:43,0.0
GEOP_20260402.csv,2026-02-18 03:50:43,0.0
GEOP_20260402.csv,2026-02-18 03:53:43,0.0
GEOP_20260402.csv,2026-02-18 03:56:43,0.0
GEOP_20260402.csv,2026-02-18 03:59:43,0.0
GEOP_20260402.csv,2026-02-18 04:02:43,0.0
GEOP_20260402.csv,2026-02-18 04:05:43,0.0
GEOP_20260402.csv,2026-02-18 04:08:43,0.0
GEOP_20260402.csv,2026-02-18 04:11:43,0.0
GEOP_20260402.csv,2026-02-18 04:14:43,0.0
GEOP_20260402.csv,2026-02-18 04:17:43,0.0
GEOP_20260402.csv,2026-02-18 04:20:43,0.0
GEOP_20260402.csv,2026-02-18 04:23:43,0.0
GEOP_20260402.csv,2026-02-18 04:26:43,0.0
GEOP_20260402.csv,2026-02-18 04:29:43,0.0
GEOP_20260402.csv,2026-02-18 04:32:43,0.0
GEOP_20260402.csv,2026-02-18 04:35:43,0.0
GEOP_20260402.csv,2026-02-18 04:38:43,0.0
GEOP_20260402.csv,2026-02-18 04:41:43,0.0
GEOP_20260402.csv,2026-02-18 04:44:43,0.0
GEOP_20260402.csv,2026-02-18 04:47:43,0.0
GEOP_20260402.csv,2026-02-18 04:50:43,0.0
GEOP_20260402.csv,2026-02-18 04:53:43,0.0
GEOP_20260402.csv,2026-02-18 04:56:43,0.0
GEOP_20260402.csv,2026-02-18 04:59:43,0.0
GEOP_20260402.csv,2026-02-18 05:02:43,0.0
GEOP_20260402.csv,2026-02-18 05:05:43,0.0
GEOP_20260402.csv,2026-02-18 05:08:43,0.0
GEOP_20260402.csv,2026-02-18 05:11:43,0.0
GEOP_20260402.csv,2026-02-18 05:14:43,0.0
GEOP_20260402.csv,2026-02-18 05:17:43,0.0
GEOP_20260402.csv,2026-02-18 05:20:43,0.0
GEOP_20260402.csv,2026-02-18 05:23:43,0.0
GEOP_20260402.csv,2026-02-18 05:26:43,0.0
GEOP_20260402.csv,2026-02-18 05:29:43,0.0
GEOP_20260402.csv,2026-02-18 05:32:43,0.0
GEOP_20260402.csv,2026-02-18 05:35:43,0.0
GEOP_20260402.csv,2026-02-18 05:38:43,0.0
GEOP_20260402.csv,2026-02-18 05:41:43,0.0
GEOP_20260402.csv,2026-02-18 05:44:43,0.0
GEOP_20260402.csv,2026-02-18 05:47:43,0.0
GEOP_20260402.csv,2026-02-18 05:50:43,0.0
GEOP_20260402.csv,2026-02-18 05:53:43,0.0
GEOP_20260402.csv,2026-02-18 05:56:43,0.0
GEOP_20260402.csv,2026-02-18 05:59:43,0.0
GEOP_20260402.csv,2026-02-18 06:02:43,0.0
GEOP_20260402.csv,2026-02-18 06:05:43,0.0
GEOP_20260402.csv,2026-02-18 06:08:43,0.0
GEOP_20260402.csv,2026-02-18 06:11:43,0.0
GEOP_20260402.csv,2026-02-18 06:14:43,0.0
GEOP_20260402.csv,2026-02-18 06:17:43,0.0
GEOP_20260402.csv,2026-02-18 06:20:43,0.0
GEOP_20260402.csv,2026-02-18 06:23:43,0.0
GEOP_20260402.csv,2026-02-18 06:26:43,0.0
GEOP_20260402.csv,2026-02-18 06:29:43,0.0
GEOP_20260402.csv,2026-02-18 06:32:43,0.0
GEOP_20260402.csv,2026-02-18 06:35:43,0.0
GEOP_20260402.csv,2026-02-18 06:38:43,0.0
GEOP_20260402.csv,2026-02-18 06:41:43,0.0
GEOP_20260402.csv,2026-02-18 06:44:43,0.0
GEOP_20260402.csv,2026-02-18 06:47:43,0.0
GEOP_20260402.csv,2026-02-18 06:50:43,0.0
GEOP_20260402.csv,2026-02-18 06:53:43,0.0
GEOP_20260402.csv,2026-02-18 06:56:43,0.0
GEOP_20260402.csv,2026-02-18 06:59:43,0.0
GEOP_20260402.csv,2026-02-18 07:02:43,0.0
GEOP_20260402.csv,2026-02-18 07:05:43,0.0
GEOP_20260402.csv,2026-02-18 07:08:43,0.0
GEOP_20260402.csv,2026-02-18 07:11:43,0.0
GEOP_20260402.csv,2026-02-18 07:14:43,0.0
GEOP_20260402.csv,2026-02-18 07:17:43,0.0
GEOP_20260402.csv,2026-02-18 07:20:43,0.0
GEOP_20260402.csv,2026-02-18 07:23:43,0.0
GEOP_20260402.csv,2026-02-18 07:26:43,0.0
GEOP_20260402.csv,2026-02-18 07:29:43,0.0
GEOP_20260402.csv,2026-02-18 07:32:43,0.0
GEOP_20260402.csv,2026-02-18 07:35:43,0.0
GEOP_20260402.csv,2026-02-18 07:38:42,0.01
GEOP_20260402.csv,2026-02-18 07:41:42,0.02
GEOP_20260402.csv,2026-02-18 07:44:43,0.01
GEOP_20260402.csv,2026-02-18 07:47:42,0.02
GEOP_20260402.csv,2026-02-18 07:50:43,0.01
GEOP_20260402.csv,2026-02-18 07:53:42,0.02
GEOP_20260402.csv,2026-02-18 07:56:42,0.01
GEOP_20260402.csv,2026-02-18 07:59:42,0.01
GEOP_20260402.csv,2026-02-18 08:02:42,0.01
GEOP_20260402.csv,2026-02-18 08:05:42,0.01
GEOP_20260402.csv,2026-02-18 08:08:42,0.01
GEOP_20260402.csv,2026-02-18 08:11:42,0.0
GEOP_20260402.csv,2026-02-18 08:14:42,0.01
GEOP_20260402.csv,2026-02-18 08:17:42,0.0
GEOP_20260402.csv,2026-02-18 08:20:42,0.0
GEOP_20260402.csv,2026-02-18 08:23:42,0.01
GEOP_20260402.csv,2026-02-18 08:26:42,0.0
GEOP_20260402.csv,2026-02-18 08:29:42,0.0
GEOP_20260402.csv,2026-02-18 08:32:42,0.0
GEOP_20260402.csv,2026-02-18 08:35:42,0.01
GEOP_20260402.csv,2026-02-18 08:38:42,0.0
GEOP_20260402.csv,2026-02-18 08:41:42,0.0
GEOP_20260402.csv,2026-02-18 08:44:42,0.0
GEOP_20260402.csv,2026-02-18 08:47:42,0.01
GEOP_20260402.csv,2026-02-18 08:50:42,0.0
GEOP_20260402.csv,2026-02-18 08:53:42,0.0
GEOP_20260402.csv,2026-02-18 08:56:44,0.0
GEOP_20260402.csv,2026-02-18 08:59:42,0.0
GEOP_20260402.csv,2026-02-18 09:02:42,0.01
GEOP_20260402.csv,2026-02-18 09:05:42,0.0
GEOP_20260402.csv,2026-02-18 09:08:42,0.0
GEOP_20260402.csv,2026-02-18 09:11:42,0.0
GEOP_20260402.csv,2026-02-18 09:14:42,0.01
GEOP_20260402.csv,2026-02-18 09:17:42,0.02
GEOP_20260402.csv,2026-02-18 09:20:42,0.05
GEOP_20260402.csv,2026-02-18 09:23:42,0.05
GEOP_20260402.csv,2026-02-18 09:26:42,0.05
GEOP_20260402.csv,2026-02-18 09:29:42,0.05
GEOP_20260402.csv,2026-02-18 09:32:42,0.07
GEOP_20260402.csv,2026-02-18 09:35:42,0.07
GEOP_20260402.csv,2026-02-18 09:38:42,0.09
GEOP_20260402.csv,2026-02-18 09:41:42,0.08
GEOP_20260402.csv,2026-02-18 09:44:42,0.06
GEOP_20260402.csv,2026-02-18 09:47:42,0.06
GEOP_20260402.csv,2026-02-18 09:50:42,0.08
GEOP_20260402.csv,2026-02-18 09:53:42,0.09
GEOP_20260402.csv,2026-02-18 09:56:42,0.07
GEOP_20260402.csv,2026-02-18 09:59:42,0.05
GEOP_20260402.csv,2026-02-18 10:02:42,0.05
GEOP_20260402.csv,2026-02-18 10:05:42,0.07
GEOP_20260402.csv,2026-02-18 10:08:42,0.05
GEOP_20260402.csv,2026-02-18 10:11:42,0.05
GEOP_20260402.csv,2026-02-18 10:14:42,0.03
GEOP_20260402.csv,2026-02-18 10:17:42,0.03
GEOP_20260402.csv,2026-02-18 10:20:42,0.02
GEOP_20260402.csv,2026-02-18 10:23:42,0.01
GEOP_20260402.csv,2026-02-18 10:26:42,0.02
GEOP_20260402.csv,2026-02-18 10:29:42,0.01
GEOP_20260402.csv,2026-02-18 10:32:42,0.01
GEOP_20260402.csv,2026-02-18 10:35:42,0.01
GEOP_20260402.csv,2026-02-18 10:38:42,0.01
GEOP_20260402.csv,2026-02-18 10:41:42,0.0
GEOP_20260402.csv,2026-02-18 10:44:42,0.0
GEOP_20260402.csv,2026-02-18 10:47:42,0.01
GEOP_20260402.csv,2026-02-18 10:50:42,0.0
GEOP_20260402.csv,2026-02-18 10:53:42,0.01
GEOP_20260402.csv,2026-02-18 10:56:42,0.0
GEOP_20260402.csv,2026-02-18 10:59:42,0.0
GEOP_20260402.csv,2026-02-18 11:02:42,0.0
GEOP_20260402.csv,2026-02-18 11:05:42,0.01
GEOP_20260402.csv,2026-02-18 11:08:42,0.0
GEOP_20260402.csv,2026-02-18 11:11:42,0.0
GEOP_20260402.csv,2026-02-18 11:14:42,0.0
GEOP_20260402.csv,2026-02-18 11:17:42,0.0
GEOP_20260402.csv,2026-02-18 11:20:42,0.01
GEOP_20260402.csv,2026-02-18 11:23:42,0.0
GEOP_20260402.csv,2026-02-18 11:26:42,0.0
GEOP_20260402.csv,2026-02-18 11:29:42,0.0
GEOP_20260402.csv,2026-02-18 11:32:42,0.0
GEOP_20260402.csv,2026-02-18 11:35:42,0.0
GEOP_20260402.csv,2026-02-18 11:38:42,0.0
GEOP_20260402.csv,2026-02-18 11:41:42,0.0
GEOP_20260402.csv,2026-02-18 11:44:42,0.0
GEOP_20260402.csv,2026-02-18 11:47:42,0.0
GEOP_20260402.csv,2026-02-18 11:50:42,0.0
GEOP_20260402.csv,2026-02-18 11:53:42,0.0
GEOP_20260402.csv,2026-02-18 11:56:42,0.01
GEOP_20260402.csv,2026-02-18 11:59:42,0.0
GEOP_20260402.csv,2026-02-18 12:02:42,0.0
GEOP_20260402.csv,2026-02-18 12:05:42,0.0
GEOP_20260402.csv,2026-02-18 12:08:42,0.0
GEOP_20260402.csv,2026-02-18 12:11:42,0.0
GEOP_20260402.csv,2026-02-18 12:14:42,0.0
GEOP_20260402.csv,2026-02-18 12:17:42,0.0
GEOP_20260402.csv,2026-02-18 12:20:42,0.0
GEOP_20260402.csv,2026-02-18 12:23:42,0.0
GEOP_20260402.csv,2026-02-18 12:26:42,0.0
GEOP_20260402.csv,2026-02-18 12:29:42,0.0
GEOP_20260402.csv,2026-02-18 12:32:42,0.0
GEOP_20260402.csv,2026-02-18 12:35:42,0.0
GEOP_20260402.csv,2026-02-18 12:38:42,0.0
GEOP_20260402.csv,2026-02-18 12:41:42,0.0
GEOP_20260402.csv,2026-02-18 12:44:42,0.0
GEOP_20260402.csv,2026-02-18 12:47:42,0.0
GEOP_20260402.csv,2026-02-18 12:50:42,0.0
GEOP_20260402.csv,2026-02-18 12:53:42,0.0
GEOP_20260402.csv,2026-02-18 12:56:42,0.0
GEOP_20260402.csv,2026-02-18 12:59:42,0.0
GEOP_20260402.csv,2026-02-18 13:02:42,0.0
GEOP_20260402.csv,2026-02-18 13:05:42,0.0
GEOP_20260402.csv,2026-02-18 13:08:42,0.0
GEOP_20260402.csv,2026-02-18 13:11:42,0.0
GEOP_20260402.csv,2026-02-18 13:14:42,0.01
GEOP_20260402.csv,2026-02-18 13:17:42,0.0
GEOP_20260402.csv,2026-02-18 13:20:42,0.0
GEOP_20260402.csv,2026-02-18 13:23:42,0.0
GEOP_20260402.csv,2026-02-18 13:26:42,0.01
GEOP_20260402.csv,2026-02-18 13:29:42,0.0
GEOP_20260402.csv,2026-02-18 13:32:42,0.01
GEOP_20260402.csv,2026-02-18 13:35:42,0.04
GEOP_20260402.csv,2026-02-18 13:38:42,0.03
GEOP_20260402.csv,2026-02-18 13:41:42,0.02
GEOP_20260402.csv,2026-02-18 13:44:42,0.01
GEOP_20260402.csv,2026-02-18 13:47:42,0.01
GEOP_20260402.csv,2026-02-18 13:50:42,0.01
GEOP_20260402.csv,2026-02-18 13:53:42,0.0
GEOP_20260402.csv,2026-02-18 13:56:42,0.01
GEOP_20260402.csv,2026-02-18 13:59:42,0.0
GEOP_20260402.csv,2026-02-18 14:02:42,0.01
GEOP_20260402.csv,2026-02-18 14:05:42,0.0
GEOP_20260402.csv,2026-02-18 14:08:42,0.0
GEOP_20260402.csv,2026-02-18 14:11:42,0.01
GEOP_20260402.csv,2026-02-18 14:14:42,0.0
GEOP_20260402.csv,2026-02-18 14:17:42,0.0
GEOP_20260402.csv,2026-02-18 14:20:42,0.0
GEOP_20260402.csv,2026-02-18 14:23:42,0.0
GEOP_20260402.csv,2026-02-18 14:26:42,0.01
GEOP_20260402.csv,2026-02-18 14:29:42,0.0
GEOP_20260402.csv,2026-02-18 14:32:42,0.0
GEOP_20260402.csv,2026-02-18 14:35:42,0.0
GEOP_20260402.csv,2026-02-18 14:38:42,0.0
GEOP_20260402.csv,2026-02-18 14:41:42,0.0
GEOP_20260402.csv,2026-02-18 14:44:42,0.0
GEOP_20260402.csv,2026-02-18 14:47:42,0.0
GEOP_20260402.csv,2026-02-18 14:50:42,0.01
GEOP_20260402.csv,2026-02-18 14:53:42,0.0
GEOP_20260402.csv,2026-02-18 14:56:42,0.02
GEOP_20260402.csv,2026-02-18 14:59:42,0.02
GEOP_20260402.csv,2026-02-18 15:02:42,0.01
GEOP_20260402.csv,2026-02-18 15:05:42,0.01
GEOP_20260402.csv,2026-02-18 15:08:42,0.0
GEOP_20260402.csv,2026-02-18 15:11:42,0.01
GEOP_20260402.csv,2026-02-18 15:14:42,0.0
GEOP_20260402.csv,2026-02-18 15:17:42,0.01
GEOP_20260402.csv,2026-02-18 15:20:42,0.0
GEOP_20260402.csv,2026-02-18 15:23:42,0.01
GEOP_20260402.csv,2026-02-18 15:26:42,0.0
GEOP_20260402.csv,2026-02-18 15:29:42,0.0
GEOP_20260402.csv,2026-02-18 15:32:42,0.0
GEOP_20260402.csv,2026-02-18 15:35:42,0.01
GEOP_20260402.csv,2026-02-18 15:38:42,0.0
GEOP_20260402.csv,2026-02-18 15:41:42,0.0
GEOP_20260402.csv,2026-02-18 15:44:42,0.0
GEOP_20260402.csv,2026-02-18 15:47:42,0.0
GEOP_20260402.csv,2026-02-18 15:50:42,0.0
GEOP_20260402.csv,2026-02-18 15:53:42,0.0
GEOP_20260402.csv,2026-02-18 15:56:42,0.0
GEOP_20260402.csv,2026-02-18 15:59:42,0.0
GEOP_20260402.csv,2026-02-18 16:02:42,0.01
GEOP_20260402.csv,2026-02-18 16:05:42,0.0
GEOP_20260402.csv,2026-02-18 16:08:42,0.0
GEOP_20260402.csv,2026-02-18 16:11:42,0.0
GEOP_20260402.csv,2026-02-18 16:14:42,0.0
GEOP_20260402.csv,2026-02-18 16:17:42,0.0
GEOP_20260402.csv,2026-02-18 16:20:42,0.0
GEOP_20260402.csv,2026-02-18 16:23:42,0.0
GEOP_20260402.csv,2026-02-18 16:26:42,0.0
GEOP_20260402.csv,2026-02-18 16:29:42,0.0
GEOP_20260402.csv,2026-02-18 16:32:42,0.0
GEOP_20260402.csv,2026-02-18 16:35:42,0.0
GEOP_20260402.csv,2026-02-18 16:38:42,0.0
GEOP_20260402.csv,2026-02-18 16:41:42,0.0
GEOP_20260402.csv,2026-02-18 16:44:42,0.0
GEOP_20260402.csv,2026-02-18 16:47:42,0.0
GEOP_20260402.csv,2026-02-18 16:50:42,0.0
GEOP_20260402.csv,2026-02-18 16:53:42,0.0
GEOP_20260402.csv,2026-02-18 16:56:42,0.0
GEOP_20260402.csv,2026-02-18 16:59:42,0.0
GEOP_20260402.csv,2026-02-18 17:02:42,0.0
GEOP_20260402.csv,2026-02-18 17:05:42,0.0
GEOP_20260402.csv,2026-02-18 17:08:42,0.0
GEOP_20260402.csv,2026-02-18 17:11:42,0.0
GEOP_20260402.csv,2026-02-18 17:14:42,0.0
GEOP_20260402.csv,2026-02-18 17:17:42,0.0
GEOP_20260402.csv,2026-02-18 17:20:42,0.0
GEOP_20260402.csv,2026-02-18 17:23:42,0.0
GEOP_20260402.csv,2026-02-18 17:26:42,0.0
GEOP_20260402.csv,2026-02-18 17:29:42,0.0
GEOP_20260402.csv,2026-02-18 17:32:42,0.0
GEOP_20260402.csv,2026-02-18 17:35:42,0.0
GEOP_20260402.csv,2026-02-18 17:38:42,0.0
GEOP_20260402.csv,2026-02-18 17:41:42,0.0
GEOP_20260402.csv,2026-02-18 17:44:42,0.0
GEOP_20260402.csv,2026-02-18 17:47:42,0.0
GEOP_20260402.csv,2026-02-18 17:50:42,0.0
GEOP_20260402.csv,2026-02-18 17:53:42,0.0
GEOP_20260402.csv,2026-02-18 17:56:42,0.0
GEOP_20260402.csv,2026-02-18 17:59:42,0.0
GEOP_20260402.csv,2026-02-18 18:02:42,0.0
GEOP_20260402.csv,2026-02-18 18:05:42,0.0
GEOP_20260402.csv,2026-02-18 18:08:42,0.0
GEOP_20260402.csv,2026-02-18 18:11:42,0.0
GEOP_20260402.csv,2026-02-18 18:14:42,0.0
GEOP_20260402.csv,2026-02-18 18:17:42,0.0
GEOP_20260402.csv,2026-02-18 18:20:42,0.0
GEOP_20260402.csv,2026-02-18 18:23:42,0.0
GEOP_20260402.csv,2026-02-18 18:26:42,0.0
GEOP_20260402.csv,2026-02-18 18:29:42,0.0
GEOP_20260402.csv,2026-02-18 18:32:42,0.0
GEOP_20260402.csv,2026-02-18 18:35:42,0.0
GEOP_20260402.csv,2026-02-18 18:38:42,0.0
GEOP_20260402.csv,2026-02-18 18:41:42,0.0
GEOP_20260402.csv,2026-02-18 18:44:42,0.0
GEOP_20260402.csv,2026-02-18 18:47:42,0.0
GEOP_20260402.csv,2026-02-18 18:50:42,0.0
GEOP_20260402.csv,2026-02-18 18:53:42,0.0
GEOP_20260402.csv,2026-02-18 18:56:42,0.0
GEOP_20260402.csv,2026-02-18 18:59:42,0.0
GEOP_20260402.csv,2026-02-18 19:02:42,0.0
GEOP_20260402.csv,2026-02-18 19:05:42,0.0
GEOP_20260402.csv,2026-02-18 19:08:42,0.0
GEOP_20260402.csv,2026-02-18 19:11:42,0.0
GEOP_20260402.csv,2026-02-18 19:14:42,0.0
GEOP_20260402.csv,2026-02-18 19:17:42,0.0
GEOP_20260402.csv,2026-02-18 19:20:42,0.0
GEOP_20260402.csv,2026-02-18 19:23:42,0.0
GEOP_20260402.csv,2026-02-18 19:26:42,0.0
GEOP_20260402.csv,2026-02-18 19:29:42,0.0
GEOP_20260402.csv,2026-02-18 19:32:42,0.0
GEOP_20260402.csv,2026-02-18 19:35:42,0.0
GEOP_20260402.csv,2026-02-18 19:38:42,0.0
GEOP_20260402.csv,2026-02-18 19:41:42,0.0
GEOP_20260402.csv,2026-02-18 19:44:42,0.0
GEOP_20260402.csv,2026-02-18 19:47:42,0.0
GEOP_20260402.csv,2026-02-18 19:50:42,0.0
GEOP_20260402.csv,2026-02-18 19:53:42,0.0
GEOP_20260402.csv,2026-02-18 19:56:42,0.0
GEOP_20260402.csv,2026-02-18 19:59:42,0.0
GEOP_20260402.csv,2026-02-18 20:02:42,0.0
GEOP_20260402.csv,2026-02-18 20:05:42,0.0
GEOP_20260402.csv,2026-02-18 20:08:42,0.0
GEOP_20260402.csv,2026-02-18 20:11:42,0.0
GEOP_20260402.csv,2026-02-18 20:14:42,0.0
GEOP_20260402.csv,2026-02-18 20:17:42,0.0
GEOP_20260402.csv,2026-02-18 20:20:42,0.0
GEOP_20260402.csv,2026-02-18 20:23:42,0.0
GEOP_20260402.csv,2026-02-18 20:26:42,0.0
GEOP_20260402.csv,2026-02-18 20:29:42,0.0
GEOP_20260402.csv,2026-02-18 20:32:42,0.0
GEOP_20260402.csv,2026-02-18 20:35:42,0.0
GEOP_20260402.csv,2026-02-18 20:38:42,0.0
GEOP_20260402.csv,2026-02-18 20:41:42,0.0
GEOP_20260402.csv,2026-02-18 20:44:42,0.0
GEOP_20260402.csv,2026-02-18 20:47:42,0.0
GEOP_20260402.csv,2026-02-18 20:50:42,0.0
GEOP_20260402.csv,2026-02-18 20:53:42,0.0
GEOP_20260402.csv,2026-02-18 20:56:42,0.0
GEOP_20260402.csv,2026-02-18 20:59:42,0.0
GEOP_20260402.csv,2026-02-18 21:02:42,0.0
GEOP_20260402.csv,2026-02-18 21:05:42,0.0
GEOP_20260402.csv,2026-02-18 21:08:42,0.0
GEOP_20260402.csv,2026-02-18 21:11:42,0.0
GEOP_20260402.csv,2026-02-18 21:14:42,0.0
GEOP_20260402.csv,2026-02-18 21:17:42,0.0
GEOP_20260402.csv,2026-02-18 21:20:42,0.0
GEOP_20260402.csv,2026-02-18 21:23:42,0.0
GEOP_20260402.csv,2026-02-18 21:26:42,0.0
GEOP_20260402.csv,2026-02-18 21:29:42,0.0
GEOP_20260402.csv,2026-02-18 21:32:42,0.0
GEOP_20260402.csv,2026-02-18 21:35:42,0.0
GEOP_20260402.csv,2026-02-18 21:38:42,0.0
GEOP_20260402.csv,2026-02-18 21:41:42,0.0
GEOP_20260402.csv,2026-02-18 21:44:42,0.0
GEOP_20260402.csv,2026-02-18 21:47:41,0.0
GEOP_20260402.csv,2026-02-18 21:50:41,0.0
GEOP_20260402.csv,2026-02-18 21:53:41,0.0
GEOP_20260402.csv,2026-02-18 21:56:41,0.0
GEOP_20260402.csv,2026-02-18 21:59:42,0.0
GEOP_20260402.csv,2026-02-18 22:02:41,0.0
GEOP_20260402.csv,2026-02-18 22:05:41,0.0
GEOP_20260402.csv,2026-02-18 22:08:42,0.0
GEOP_20260402.csv,2026-02-18 22:11:41,0.0
GEOP_20260402.csv,2026-02-18 22:14:41,0.0
GEOP_20260402.csv,2026-02-18 22:17:41,0.0
GEOP_20260402.csv,2026-02-18 22:20:41,0.0
GEOP_20260402.csv,2026-02-18 22:23:42,0.0
GEOP_20260402.csv,2026-02-18 22:26:41,0.0
GEOP_20260402.csv,2026-02-18 22:29:41,0.0
GEOP_20260402.csv,2026-02-18 22:32:41,0.0
GEOP_20260402.csv,2026-02-18 22:35:41,0.0
GEOP_20260402.csv,2026-02-18 22:38:41,0.0
GEOP_20260402.csv,2026-02-18 22:41:41,0.0
GEOP_20260402.csv,2026-02-18 22:44:41,0.0
GEOP_20260402.csv,2026-02-18 22:47:41,0.0
GEOP_20260402.csv,2026-02-18 22:50:41,0.0
GEOP_20260402.csv,2026-02-18 22:53:41,0.0
GEOP_20260402.csv,2026-02-18 22:56:41,0.0
GEOP_20260402.csv,2026-02-18 22:59:41,0.0
GEOP_20260402.csv,2026-02-18 23:02:41,0.0
GEOP_20260402.csv,2026-02-18 23:05:41,0.0
GEOP_20260402.csv,2026-02-18 23:08:41,0.0
GEOP_20260402.csv,2026-02-18 23:11:41,0.0
GEOP_20260402.csv,2026-02-18 23:14:41,0.0
GEOP_20260402.csv,2026-02-18 23:17:41,0.0
GEOP_20260402.csv,2026-02-18 23:20:41,0.0
GEOP_20260402.csv,2026-02-18 23:23:41,0.0
GEOP_20260402.csv,2026-02-18 23:26:41,0.0
GEOP_20260402.csv,2026-02-18 23:29:41,0.01
GEOP_20260402.csv,2026-02-18 23:32:41,0.06
GEOP_20260402.csv,2026-02-18 23:35:41,0.14
GEOP_20260402.csv,2026-02-18 23:38:41,0.11
GEOP_20260402.csv,2026-02-18 23:41:41,0.13
GEOP_20260402.csv,2026-02-18 23:44:41,0.14
GEOP_20260402.csv,2026-02-18 23:47:41,0.14
GEOP_20260402.csv,2026-02-18 23:50:41,0.11
GEOP_20260402.csv,2026-02-18 23:53:41,0.12
GEOP_20260402.csv,2026-02-18 23:56:41,0.15
GEOP_20260402.csv,2026-02-18 23:59:41,0.14
GEOP_20260402.csv,2026-02-19 00:02:41,0.15
GEOP_20260402.csv,2026-02-19 00:05:41,0.11
GEOP_20260402.csv,2026-02-19 00:08:41,0.11
GEOP_20260402.csv,2026-02-19 00:11:41,0.12
GEOP_20260402.csv,2026-02-19 00:14:41,0.1
GEOP_20260402.csv,2026-02-19 00:17:41,0.13
GEOP_20260402.csv,2026-02-19 00:20:41,0.12
GEOP_20260402.csv,2026-02-19 00:23:41,0.14
GEOP_20260402.csv,2026-02-19 00:26:41,0.15
GEOP_20260402.csv,2026-02-19 00:29:41,0.17
GEOP_20260402.csv,2026-02-19 00:32:41,0.22
GEOP_20260402.csv,2026-02-19 00:35:41,0.22
GEOP_20260402.csv,2026-02-19 00:38:41,0.29
GEOP_20260402.csv,2026-02-19 00:41:41,0.25
GEOP_20260402.csv,2026-02-19 00:44:41,0.23
GEOP_20260402.csv,2026-02-19 00:47:41,0.23
GEOP_20260402.csv,2026-02-19 00:50:41,0.28
GEOP_20260402.csv,2026-02-19 00:53:41,0.2
GEOP_20260402.csv,2026-02-19 00:56:41,0.16
GEOP_20260402.csv,2026-02-19 00:59:41,0.08
GEOP_20260402.csv,2026-02-19 01:02:42,0.06
GEOP_20260402.csv,2026-02-19 01:05:41,0.04
GEOP_20260402.csv,2026-02-19 01:08:41,0.06
GEOP_20260402.csv,2026-02-19 01:11:41,0.11
GEOP_20260402.csv,2026-02-19 01:14:41,0.13
GEOP_20260402.csv,2026-02-19 01:17:41,0.11
GEOP_20260402.csv,2026-02-19 01:20:41,0.14
GEOP_20260402.csv,2026-02-19 01:23:41,0.12
GEOP_20260402.csv,2026-02-19 01:26:41,0.08
GEOP_20260402.csv,2026-02-19 01:29:41,0.05
GEOP_20260402.csv,2026-02-19 01:32:41,0.05
GEOP_20260402.csv,2026-02-19 01:35:41,0.07
GEOP_20260402.csv,2026-02-19 01:38:41,0.06
GEOP_20260402.csv,2026-02-19 01:41:41,0.07
GEOP_20260402.csv,2026-02-19 01:44:41,0.08
GEOP_20260402.csv,2026-02-19 01:47:41,0.06
GEOP_20260402.csv,2026-02-19 01:50:41,0.06
GEOP_20260402.csv,2026-02-19 01:53:41,0.05
GEOP_20260402.csv,2026-02-19 01:56:41,0.04
GEOP_20260402.csv,2026-02-19 01:59:41,0.05
GEOP_20260402.csv,2026-02-19 02:02:41,0.04
GEOP_20260402.csv,2026-02-19 02:05:41,0.04
GEOP_20260402.csv,2026-02-19 02:08:41,0.04
GEOP_20260402.csv,2026-02-19 02:11:41,0.04
GEOP_20260402.csv,2026-02-19 02:14:41,0.05
GEOP_20260402.csv,2026-02-19 02:17:41,0.03
GEOP_20260402.csv,2026-02-19 02:20:41,0.03
GEOP_20260402.csv,2026-02-19 02:23:41,0.01
GEOP_20260402.csv,2026-02-19 02:26:41,0.01
GEOP_20260402.csv,2026-02-19 02:29:41,0.02
GEOP_20260402.csv,2026-02-19 02:32:41,0.03
GEOP_20260402.csv,2026-02-19 02:35:41,0.04
GEOP_20260402.csv,2026-02-19 02:38:41,0.05
GEOP_20260402.csv,2026-02-19 02:41:41,0.05
GEOP_20260402.csv,2026-02-19 02:44:41,0.06
GEOP_20260402.csv,2026-02-19 02:47:41,0.05
GEOP_20260402.csv,2026-02-19 02:50:41,0.04
GEOP_20260402.csv,2026-02-19 02:53:41,0.05
GEOP_20260402.csv,2026-02-19 02:56:41,0.06
GEOP_20260402.csv,2026-02-19 02:59:41,0.07
GEOP_20260402.csv,2026-02-19 03:02:41,0.08
GEOP_20260402.csv,2026-02-19 03:05:41,0.09
GEOP_20260402.csv,2026-02-19 03:08:41,0.1
GEOP_20260402.csv,2026-02-19 03:11:41,0.1
GEOP_20260402.csv,2026-02-19 03:14:41,0.16
GEOP_20260402.csv,2026-02-19 03:17:41,0.19
GEOP_20260402.csv,2026-02-19 03:20:41,0.14
GEOP_20260402.csv,2026-02-19 03:23:41,0.2
GEOP_20260402.csv,2026-02-19 03:26:41,0.14
GEOP_20260402.csv,2026-02-19 03:29:41,0.15
GEOP_20260402.csv,2026-02-19 03:32:41,0.15
GEOP_20260402.csv,2026-02-19 03:35:41,0.1
GEOP_20260402.csv,2026-02-19 03:38:41,0.07
GEOP_20260402.csv,2026-02-19 03:41:41,0.06
GEOP_20260402.csv,2026-02-19 03:44:41,0.11
GEOP_20260402.csv,2026-02-19 03:47:41,0.12
GEOP_20260402.csv,2026-02-19 03:50:41,0.12
GEOP_20260402.csv,2026-02-19 03:53:41,0.1
GEOP_20260402.csv,2026-02-19 03:56:41,0.09
GEOP_20260402.csv,2026-02-19 03:59:41,0.06
GEOP_20260402.csv,2026-02-19 04:02:41,0.05
GEOP_20260402.csv,2026-02-19 04:05:41,0.03
GEOP_20260402.csv,2026-02-19 04:08:41,0.03
GEOP_20260402.csv,2026-02-19 04:11:41,0.02
GEOP_20260402.csv,2026-02-19 04:14:41,0.02
GEOP_20260402.csv,2026-02-19 04:17:41,0.02
GEOP_20260402.csv,2026-02-19 04:20:41,0.02
GEOP_20260402.csv,2026-02-19 04:23:41,0.02
GEOP_20260402.csv,2026-02-19 04:26:41,0.02
GEOP_20260402.csv,2026-02-19 04:29:41,0.02
GEOP_20260402.csv,2026-02-19 04:32:41,0.01
GEOP_20260402.csv,2026-02-19 04:35:41,0.03
GEOP_20260402.csv,2026-02-19 04:38:41,0.02
GEOP_20260402.csv,2026-02-19 04:41:41,0.01
GEOP_20260402.csv,2026-02-19 04:44:41,0.01
GEOP_20260402.csv,2026-02-19 04:47:41,0.01
GEOP_20260402.csv,2026-02-19 04:50:41,0.01
GEOP_20260402.csv,2026-02-19 04:53:41,0.0
GEOP_20260402.csv,2026-02-19 04:56:41,0.01
GEOP_20260402.csv,2026-02-19 04:59:41,0.0
GEOP_20260402.csv,2026-02-19 05:05:41,0.01
GEOP_20260402.csv,2026-02-19 05:08:41,0.0
GEOP_20260402.csv,2026-02-19 05:11:41,0.0
GEOP_20260402.csv,2026-02-19 05:14:41,0.0
GEOP_20260402.csv,2026-02-19 05:17:41,0.01
GEOP_20260402.csv,2026-02-19 05:20:41,0.0
GEOP_20260402.csv,2026-02-19 05:23:41,0.0
GEOP_20260402.csv,2026-02-19 05:26:41,0.0
GEOP_20260402.csv,2026-02-19 05:29:41,0.01
GEOP_20260402.csv,2026-02-19 05:32:41,0.0
GEOP_20260402.csv,2026-02-19 05:35:41,0.01
GEOP_20260402.csv,2026-02-19 05:38:41,0.01
GEOP_20260402.csv,2026-02-19 05:41:41,0.01
GEOP_20260402.csv,2026-02-19 05:44:41,0.01
GEOP_20260402.csv,2026-02-19 05:47:41,0.01
GEOP_20260402.csv,2026-02-19 05:50:41,0.01
GEOP_20260402.csv,2026-02-19 05:53:41,0.01
GEOP_20260402.csv,2026-02-19 05:56:41,0.01
GEOP_20260402.csv,2026-02-19 05:59:41,0.0
GEOP_20260402.csv,2026-02-19 06:02:41,0.01
GEOP_20260402.csv,2026-02-19 06:05:41,0.0
GEOP_20260402.csv,2026-02-19 06:08:41,0.01
GEOP_20260402.csv,2026-02-19 06:11:41,0.0
GEOP_20260402.csv,2026-02-19 06:14:41,0.01
GEOP_20260402.csv,2026-02-19 06:17:41,0.0
GEOP_20260402.csv,2026-02-19 06:20:43,0.0
GEOP_20260402.csv,2026-02-19 06:23:41,0.01
GEOP_20260402.csv,2026-02-19 06:26:41,0.0
GEOP_20260402.csv,2026-02-19 06:29:41,0.0
GEOP_20260402.csv,2026-02-19 06:32:41,0.0
GEOP_20260402.csv,2026-02-19 06:35:41,0.0
GEOP_20260402.csv,2026-02-19 06:38:41,0.01
GEOP_20260402.csv,2026-02-19 06:41:41,0.0
GEOP_20260402.csv,2026-02-19 06:44:41,0.0
GEOP_20260402.csv,2026-02-19 06:47:41,0.0
GEOP_20260402.csv,2026-02-19 06:50:41,0.0
GEOP_20260402.csv,2026-02-19 06:53:41,0.0
GEOP_20260402.csv,2026-02-19 06:56:41,0.01
GEOP_20260402.csv,2026-02-19 06:59:41,0.0
GEOP_20260402.csv,2026-02-19 07:02:41,0.0
GEOP_20260402.csv,2026-02-19 07:05:41,0.0
GEOP_20260402.csv,2026-02-19 07:08:41,0.0
GEOP_20260402.csv,2026-02-19 07:11:41,0.0
GEOP_20260402.csv,2026-02-19 07:14:41,0.0
GEOP_20260402.csv,2026-02-19 07:17:41,0.0
GEOP_20260402.csv,2026-02-19 07:20:41,0.0
GEOP_20260402.csv,2026-02-19 07:23:41,0.0
GEOP_20260402.csv,2026-02-19 07:26:41,0.01
GEOP_20260402.csv,2026-02-19 07:29:41,0.0
GEOP_20260402.csv,2026-02-19 07:32:41,0.0
GEOP_20260402.csv,2026-02-19 07:35:41,0.0
GEOP_20260402.csv,2026-02-19 07:38:41,0.0
GEOP_20260402.csv,2026-02-19 07:41:41,0.0
GEOP_20260402.csv,2026-02-19 07:44:41,0.0
GEOP_20260402.csv,2026-02-19 07:47:41,0.0
GEOP_20260402.csv,2026-02-19 07:50:41,0.0
GEOP_20260402.csv,2026-02-19 07:53:41,0.0
GEOP_20260402.csv,2026-02-19 07:56:41,0.0
GEOP_20260402.csv,2026-02-19 07:59:41,0.0
GEOP_20260402.csv,2026-02-19 08:02:41,0.0
GEOP_20260402.csv,2026-02-19 08:05:41,0.0
GEOP_20260402.csv,2026-02-19 08:08:41,0.0
GEOP_20260402.csv,2026-02-19 08:11:41,0.0
GEOP_20260402.csv,2026-02-19 08:14:41,0.0
GEOP_20260402.csv,2026-02-19 08:17:41,0.0
GEOP_20260402.csv,2026-02-19 08:20:41,0.01
GEOP_20260402.csv,2026-02-19 08:23:41,0.0
GEOP_20260402.csv,2026-02-19 08:26:41,0.0
GEOP_20260402.csv,2026-02-19 08:29:41,0.0
GEOP_20260402.csv,2026-02-19 08:32:41,0.0
GEOP_20260402.csv,2026-02-19 08:35:41,0.0
GEOP_20260402.csv,2026-02-19 08:38:41,0.0
GEOP_20260402.csv,2026-02-19 08:41:41,0.0
GEOP_20260402.csv,2026-02-19 08:44:41,0.0
GEOP_20260402.csv,2026-02-19 08:47:41,0.0
GEOP_20260402.csv,2026-02-19 08:50:41,0.0
GEOP_20260402.csv,2026-02-19 08:53:41,0.0
GEOP_20260402.csv,2026-02-19 08:56:41,0.0
GEOP_20260402.csv,2026-02-19 08:59:41,0.0
GEOP_20260402.csv,2026-02-19 09:02:41,0.0
GEOP_20260402.csv,2026-02-19 09:05:41,0.0
GEOP_20260402.csv,2026-02-19 09:08:41,0.0
GEOP_20260402.csv,2026-02-19 09:11:41,0.0
GEOP_20260402.csv,2026-02-19 09:14:41,0.0
GEOP_20260402.csv,2026-02-19 09:17:41,0.0
GEOP_20260402.csv,2026-02-19 09:20:41,0.0
GEOP_20260402.csv,2026-02-19 09:23:41,0.0
GEOP_20260402.csv,2026-02-19 09:26:41,0.0
GEOP_20260402.csv,2026-02-19 09:29:41,0.0
GEOP_20260402.csv,2026-02-19 09:32:41,0.0
GEOP_20260402.csv,2026-02-19 09:35:41,0.0
GEOP_20260402.csv,2026-02-19 09:38:41,0.0
GEOP_20260402.csv,2026-02-19 09:41:41,0.0
GEOP_20260402.csv,2026-02-19 09:44:41,0.0
GEOP_20260402.csv,2026-02-19 09:47:41,0.01
GEOP_20260402.csv,2026-02-19 09:50:41,0.0
GEOP_20260402.csv,2026-02-19 09:53:41,0.0
GEOP_20260402.csv,2026-02-19 09:56:41,0.01
GEOP_20260402.csv,2026-02-19 09:59:41,0.0
GEOP_20260402.csv,2026-02-19 10:02:41,0.01
GEOP_20260402.csv,2026-02-19 10:05:41,0.01
GEOP_20260402.csv,2026-02-19 10:08:41,0.02
GEOP_20260402.csv,2026-02-19 10:11:41,0.02
GEOP_20260402.csv,2026-02-19 10:14:41,0.02
GEOP_20260402.csv,2026-02-19 10:17:41,0.01
GEOP_20260402.csv,2026-02-19 10:20:41,0.02
GEOP_20260402.csv,2026-02-19 10:23:41,0.05
GEOP_20260402.csv,2026-02-19 10:26:41,0.04
GEOP_20260402.csv,2026-02-19 10:29:41,0.02
GEOP_20260402.csv,2026-02-19 10:32:41,0.06
GEOP_20260402.csv,2026-02-19 10:35:41,0.08
GEOP_20260402.csv,2026-02-19 10:38:41,0.08
GEOP_20260402.csv,2026-02-19 10:41:41,0.06
GEOP_20260402.csv,2026-02-19 10:44:41,0.07
GEOP_20260402.csv,2026-02-19 10:47:41,0.16
GEOP_20260402.csv,2026-02-19 10:50:41,0.12
GEOP_20260402.csv,2026-02-19 10:56:41,0.12
GEOP_20260402.csv,2026-02-19 10:59:41,0.07
GEOP_20260402.csv,2026-02-19 11:02:41,0.1
GEOP_20260402.csv,2026-02-19 11:05:41,0.07
GEOP_20260402.csv,2026-02-19 11:08:41,0.06
GEOP_20260402.csv,2026-02-19 11:11:41,0.05
GEOP_20260402.csv,2026-02-19 11:14:41,0.04
GEOP_20260402.csv,2026-02-19 11:17:41,0.06
GEOP_20260402.csv,2026-02-19 11:20:41,0.05
GEOP_20260402.csv,2026-02-19 11:23:41,0.05
GEOP_20260402.csv,2026-02-19 11:26:41,0.06
GEOP_20260402.csv,2026-02-19 11:29:41,0.05
GEOP_20260402.csv,2026-02-19 11:32:41,0.03
GEOP_20260402.csv,2026-02-19 11:35:41,0.04
GEOP_20260402.csv,2026-02-19 11:38:41,0.04
GEOP_20260402.csv,2026-02-19 11:41:41,0.02
GEOP_20260402.csv,2026-02-19 11:44:41,0.02
GEOP_20260402.csv,2026-02-19 11:47:41,0.01
GEOP_20260402.csv,2026-02-19 11:50:41,0.03
GEOP_20260402.csv,2026-02-19 11:53:41,0.02
GEOP_20260402.csv,2026-02-19 11:56:41,0.02
GEOP_20260402.csv,2026-02-19 11:59:41,0.01
GEOP_20260402.csv,2026-02-19 12:02:41,0.01
GEOP_20260402.csv,2026-02-19 12:05:41,0.02
GEOP_20260402.csv,2026-02-19 12:08:41,0.02
GEOP_20260402.csv,2026-02-19 12:11:41,0.01
GEOP_20260402.csv,2026-02-19 12:14:40,0.01
GEOP_20260402.csv,2026-02-19 12:17:41,0.01
GEOP_20260402.csv,2026-02-19 12:20:40,0.01
GEOP_20260402.csv,2026-02-19 12:23:40,0.01
GEOP_20260402.csv,2026-02-19 12:26:40,0.01
GEOP_20260402.csv,2026-02-19 12:29:40,0.01
GEOP_20260402.csv,2026-02-19 12:32:40,0.01
GEOP_20260402.csv,2026-02-19 12:35:40,0.01
GEOP_20260402.csv,2026-02-19 12:38:40,0.02
GEOP_20260402.csv,2026-02-19 12:41:40,0.02
GEOP_20260402.csv,2026-02-19 12:44:40,0.01
GEOP_20260402.csv,2026-02-19 12:47:40,0.01
GEOP_20260402.csv,2026-02-19 12:50:40,0.01
GEOP_20260402.csv,2026-02-19 12:53:40,0.01
GEOP_20260402.csv,2026-02-19 12:56:41,0.01
GEOP_20260402.csv,2026-02-19 12:59:40,0.01
GEOP_20260402.csv,2026-02-19 13:02:40,0.02
GEOP_20260402.csv,2026-02-19 13:05:40,0.01
GEOP_20260402.csv,2026-02-19 13:08:40,0.01
GEOP_20260402.csv,2026-02-19 13:11:40,0.01
GEOP_20260402.csv,2026-02-19 13:14:40,0.01
GEOP_20260402.csv,2026-02-19 13:17:40,0.02
GEOP_20260402.csv,2026-02-19 13:20:40,0.01
GEOP_20260402.csv,2026-02-19 13:23:40,0.01
GEOP_20260402.csv,2026-02-19 13:26:40,0.01
GEOP_20260402.csv,2026-02-19 13:29:40,0.01
GEOP_20260402.csv,2026-02-19 13:32:40,0.0
GEOP_20260402.csv,2026-02-19 13:35:40,0.01
GEOP_20260402.csv,2026-02-19 13:38:40,0.01
GEOP_20260402.csv,2026-02-19 13:41:40,0.01
GEOP_20260402.csv,2026-02-19 13:44:40,0.0
GEOP_20260402.csv,2026-02-19 13:47:40,0.01
GEOP_20260402.csv,2026-02-19 13:50:40,0.0
GEOP_20260402.csv,2026-02-19 13:53:40,0.0
GEOP_20260402.csv,2026-02-19 13:56:40,0.0
GEOP_20260402.csv,2026-02-19 13:59:40,0.01
GEOP_20260402.csv,2026-02-19 14:02:40,0.0
GEOP_20260402.csv,2026-02-19 14:05:40,0.0
GEOP_20260402.csv,2026-02-19 14:08:40,0.0
GEOP_20260402.csv,2026-02-19 14:11:40,0.01
GEOP_20260402.csv,2026-02-19 14:14:40,0.0
GEOP_20260402.csv,2026-02-19 14:17:40,0.01
GEOP_20260402.csv,2026-02-19 14:20:40,0.0
GEOP_20260402.csv,2026-02-19 14:23:40,0.01
GEOP_20260402.csv,2026-02-19 14:26:40,0.02
GEOP_20260402.csv,2026-02-19 14:29:40,0.01
GEOP_20260402.csv,2026-02-19 14:32:40,0.04
GEOP_20260402.csv,2026-02-19 14:35:40,0.03
GEOP_20260402.csv,2026-02-19 14:38:40,0.01
GEOP_20260402.csv,2026-02-19 14:41:40,0.01
GEOP_20260402.csv,2026-02-19 14:44:40,0.0
GEOP_20260402.csv,2026-02-19 14:47:40,0.01
GEOP_20260402.csv,2026-02-19 14:50:40,0.0
GEOP_20260402.csv,2026-02-19 14:53:40,0.1
GEOP_20260402.csv,2026-02-19 14:56:40,0.14
GEOP_20260402.csv,2026-02-19 14:59:40,0.08
GEOP_20260402.csv,2026-02-19 15:02:40,0.04
GEOP_20260402.csv,2026-02-19 15:05:40,0.03
GEOP_20260402.csv,2026-02-19 15:08:40,0.01
GEOP_20260402.csv,2026-02-19 15:11:40,0.03
GEOP_20260402.csv,2026-02-19 15:14:40,0.03
GEOP_20260402.csv,2026-02-19 15:17:40,0.02
GEOP_20260402.csv,2026-02-19 15:20:40,0.01
GEOP_20260402.csv,2026-02-19 15:23:40,0.01
GEOP_20260402.csv,2026-02-19 15:26:40,0.02
GEOP_20260402.csv,2026-02-19 15:29:40,0.02
GEOP_20260402.csv,2026-02-19 15:32:40,0.03
GEOP_20260402.csv,2026-02-19 15:35:40,0.01
GEOP_20260402.csv,2026-02-19 15:38:40,0.01
GEOP_20260402.csv,2026-02-19 15:41:40,0.01
GEOP_20260402.csv,2026-02-19 15:44:40,0.0
GEOP_20260402.csv,2026-02-19 15:47:40,0.01
GEOP_20260402.csv,2026-02-19 15:50:40,0.0
GEOP_20260402.csv,2026-02-19 15:53:40,0.0
GEOP_20260402.csv,2026-02-19 15:56:40,0.04
GEOP_20260402.csv,2026-02-19 15:59:40,0.1
GEOP_20260402.csv,2026-02-19 16:02:40,0.09
GEOP_20260402.csv,2026-02-19 16:05:40,0.08
GEOP_20260402.csv,2026-02-19 16:08:40,0.04
GEOP_20260402.csv,2026-02-19 16:11:40,0.02
GEOP_20260402.csv,2026-02-19 16:14:40,0.02
GEOP_20260402.csv,2026-02-19 16:17:40,0.03
GEOP_20260402.csv,2026-02-19 16:20:40,0.03
GEOP_20260402.csv,2026-02-19 16:23:40,0.04
GEOP_20260402.csv,2026-02-19 16:26:40,0.05
GEOP_20260402.csv,2026-02-19 16:29:40,0.03
GEOP_20260402.csv,2026-02-19 16:32:40,0.02
GEOP_20260402.csv,2026-02-19 16:35:40,0.01
GEOP_20260402.csv,2026-02-19 16:38:40,0.01
GEOP_20260402.csv,2026-02-19 16:41:40,0.0
GEOP_20260402.csv,2026-02-19 16:44:40,0.01
GEOP_20260402.csv,2026-02-19 16:47:40,0.0
GEOP_20260402.csv,2026-02-19 16:50:40,0.01
GEOP_20260402.csv,2026-02-19 16:53:40,0.0
GEOP_20260402.csv,2026-02-19 16:56:40,0.0
GEOP_20260402.csv,2026-02-19 16:59:40,0.02
GEOP_20260402.csv,2026-02-19 17:02:40,0.08
GEOP_20260402.csv,2026-02-19 17:05:40,0.07
GEOP_20260402.csv,2026-02-19 17:08:40,0.09
GEOP_20260402.csv,2026-02-19 17:11:40,0.09
GEOP_20260402.csv,2026-02-19 17:14:40,0.16
GEOP_20260402.csv,2026-02-19 17:17:40,0.16
GEOP_20260402.csv,2026-02-19 17:20:40,0.17
GEOP_20260402.csv,2026-02-19 17:23:40,0.22
GEOP_20260402.csv,2026-02-19 17:26:40,0.24
GEOP_20260402.csv,2026-02-19 17:29:40,0.19
GEOP_20260402.csv,2026-02-19 17:32:40,0.14
GEOP_20260402.csv,2026-02-19 17:35:40,0.12
GEOP_20260402.csv,2026-02-19 17:38:40,0.08
GEOP_20260402.csv,2026-02-19 17:41:40,0.05
GEOP_20260402.csv,2026-02-19 17:44:40,0.04
GEOP_20260402.csv,2026-02-19 17:47:40,0.05
GEOP_20260402.csv,2026-02-19 17:50:40,0.06
GEOP_20260402.csv,2026-02-19 17:53:40,0.06
GEOP_20260402.csv,2026-02-19 17:56:40,0.04
GEOP_20260402.csv,2026-02-19 17:59:40,0.03
GEOP_20260402.csv,2026-02-19 18:02:40,0.04
GEOP_20260402.csv,2026-02-19 18:05:40,0.03
GEOP_20260402.csv,2026-02-19 18:08:40,0.05
GEOP_20260402.csv,2026-02-19 18:11:40,0.04
GEOP_20260402.csv,2026-02-19 18:14:40,0.03
GEOP_20260402.csv,2026-02-19 18:17:40,0.01
GEOP_20260402.csv,2026-02-19 18:20:40,0.01
GEOP_20260402.csv,2026-02-19 18:23:40,0.01
GEOP_20260402.csv,2026-02-19 18:26:40,0.0
GEOP_20260402.csv,2026-02-19 18:29:40,0.01
GEOP_20260402.csv,2026-02-19 18:32:40,0.01
GEOP_20260402.csv,2026-02-19 18:35:40,0.0
GEOP_20260402.csv,2026-02-19 18:38:40,0.01
GEOP_20260402.csv,2026-02-19 18:41:40,0.0
GEOP_20260402.csv,2026-02-19 18:44:40,0.0
GEOP_20260402.csv,2026-02-19 18:47:40,0.01
GEOP_20260402.csv,2026-02-19 18:50:40,0.0
GEOP_20260402.csv,2026-02-19 18:53:40,0.01
GEOP_20260402.csv,2026-02-19 18:56:40,0.0
GEOP_20260402.csv,2026-02-19 18:59:40,0.0
GEOP_20260402.csv,2026-02-19 19:02:40,0.01
GEOP_20260402.csv,2026-02-19 19:05:40,0.0
GEOP_20260402.csv,2026-02-19 19:08:40,0.0
GEOP_20260402.csv,2026-02-19 19:11:40,0.0
GEOP_20260402.csv,2026-02-19 19:14:40,0.01
GEOP_20260402.csv,2026-02-19 19:17:40,0.0
GEOP_20260402.csv,2026-02-19 19:20:40,0.0
GEOP_20260402.csv,2026-02-19 19:23:40,0.01
GEOP_20260402.csv,2026-02-19 19:26:40,0.0
GEOP_20260402.csv,2026-02-19 19:29:40,0.02
GEOP_20260402.csv,2026-02-19 19:32:40,0.02
GEOP_20260402.csv,2026-02-19 19:35:40,0.02
GEOP_20260402.csv,2026-02-19 19:38:40,0.02
GEOP_20260402.csv,2026-02-19 19:41:40,0.01
GEOP_20260402.csv,2026-02-19 19:44:40,0.0
GEOP_20260402.csv,2026-02-19 19:47:40,0.01
GEOP_20260402.csv,2026-02-19 19:50:40,0.0
GEOP_20260402.csv,2026-02-19 19:53:40,0.01
GEOP_20260402.csv,2026-02-19 19:56:40,0.0
GEOP_20260402.csv,2026-02-19 19:59:40,0.0
GEOP_20260402.csv,2026-02-19 20:02:40,0.01
GEOP_20260402.csv,2026-02-19 20:05:40,0.0
GEOP_20260402.csv,2026-02-19 20:08:40,0.01
GEOP_20260402.csv,2026-02-19 20:11:40,0.03
GEOP_20260402.csv,2026-02-19 20:14:40,0.03
GEOP_20260402.csv,2026-02-19 20:17:40,0.04
GEOP_20260402.csv,2026-02-19 20:20:40,0.05
GEOP_20260402.csv,2026-02-19 20:23:40,0.04
GEOP_20260402.csv,2026-02-19 20:26:40,0.03
GEOP_20260402.csv,2026-02-19 20:32:40,0.08
GEOP_20260402.csv,2026-02-19 20:35:40,0.03
GEOP_20260402.csv,2026-02-19 20:38:40,0.03
GEOP_20260402.csv,2026-02-19 20:41:40,0.01
GEOP_20260402.csv,2026-02-19 20:44:40,0.02
GEOP_20260402.csv,2026-02-19 20:47:40,0.01
GEOP_20260402.csv,2026-02-19 20:50:40,0.01
GEOP_20260402.csv,2026-02-19 20:53:40,0.01
GEOP_20260402.csv,2026-02-19 20:56:40,0.01
GEOP_20260402.csv,2026-02-19 20:59:40,0.01
GEOP_20260402.csv,2026-02-19 21:02:40,0.01
GEOP_20260402.csv,2026-02-19 21:05:40,0.01
GEOP_20260402.csv,2026-02-19 21:08:40,0.01
GEOP_20260402.csv,2026-02-19 21:11:40,0.01
GEOP_20260402.csv,2026-02-19 21:14:40,0.01
GEOP_20260402.csv,2026-02-19 21:17:40,0.0
GEOP_20260402.csv,2026-02-19 21:20:40,0.01
GEOP_20260402.csv,2026-02-19 21:23:40,0.0
GEOP_20260402.csv,2026-02-19 21:26:40,0.0
GEOP_20260402.csv,2026-02-19 21:29:40,0.01
GEOP_20260402.csv,2026-02-19 21:32:40,0.0
GEOP_20260402.csv,2026-02-19 21:35:40,0.01
GEOP_20260402.csv,2026-02-19 21:38:40,0.0
GEOP_20260402.csv,2026-02-19 21:41:40,0.01
GEOP_20260402.csv,2026-02-19 21:44:40,0.01
GEOP_20260402.csv,2026-02-19 21:47:40,0.0
GEOP_20260402.csv,2026-02-19 21:50:40,0.01
GEOP_20260402.csv,2026-02-19 21:53:40,0.0
GEOP_20260402.csv,2026-02-19 21:56:40,0.0
GEOP_20260402.csv,2026-02-19 21:59:40,0.01
GEOP_20260402.csv,2026-02-19 22:02:40,0.0
GEOP_20260402.csv,2026-02-19 22:05:40,0.0
GEOP_20260402.csv,2026-02-19 22:08:40,0.0
GEOP_20260402.csv,2026-02-19 22:11:40,0.01
GEOP_20260402.csv,2026-02-19 22:14:40,0.0
GEOP_20260402.csv,2026-02-19 22:17:40,0.0
GEOP_20260402.csv,2026-02-19 22:20:40,0.0
GEOP_20260402.csv,2026-02-19 22:23:40,0.0
GEOP_20260402.csv,2026-02-19 22:26:40,0.01
GEOP_20260402.csv,2026-02-19 22:29:40,0.0
GEOP_20260402.csv,2026-02-19 22:32:40,0.0
GEOP_20260402.csv,2026-02-19 22:35:40,0.0
GEOP_20260402.csv,2026-02-19 22:38:40,0.0
GEOP_20260402.csv,2026-02-19 22:41:40,0.0
GEOP_20260402.csv,2026-02-19 22:44:40,0.0
GEOP_20260402.csv,2026-02-19 22:47:40,0.0
GEOP_20260402.csv,2026-02-19 22:50:40,0.01
GEOP_20260402.csv,2026-02-19 22:53:40,0.0
GEOP_20260402.csv,2026-02-19 22:56:40,0.0
GEOP_20260402.csv,2026-02-19 22:59:40,0.0
GEOP_20260402.csv,2026-02-19 23:02:40,0.0
GEOP_20260402.csv,2026-02-19 23:05:40,0.0
GEOP_20260402.csv,2026-02-19 23:08:40,0.0
GEOP_20260402.csv,2026-02-19 23:11:40,0.0
GEOP_20260402.csv,2026-02-19 23:14:40,0.0
GEOP_20260402.csv,2026-02-19 23:17:40,0.0
GEOP_20260402.csv,2026-02-19 23:20:40,0.0
GEOP_20260402.csv,2026-02-19 23:23:40,0.0
GEOP_20260402.csv,2026-02-19 23:26:40,0.0
GEOP_20260402.csv,2026-02-19 23:29:40,0.01
GEOP_20260402.csv,2026-02-19 23:32:40,0.0
GEOP_20260402.csv,2026-02-19 23:35:40,0.0
GEOP_20260402.csv,2026-02-19 23:38:40,0.0
GEOP_20260402.csv,2026-02-19 23:41:40,0.0
GEOP_20260402.csv,2026-02-19 23:44:40,0.0
GEOP_20260402.csv,2026-02-19 23:47:40,0.0
GEOP_20260402.csv,2026-02-19 23:50:40,0.0
GEOP_20260402.csv,2026-02-19 23:53:40,0.0
GEOP_20260402.csv,2026-02-19 23:56:40,0.0
GEOP_20260402.csv,2026-02-19 23:59:40,0.0
GEOP_20260402.csv,2026-02-20 00:02:40,0.0
GEOP_20260402.csv,2026-02-20 00:05:40,0.0
GEOP_20260402.csv,2026-02-20 00:08:40,0.0
GEOP_20260402.csv,2026-02-20 00:11:40,0.0
GEOP_20260402.csv,2026-02-20 00:14:40,0.0
GEOP_20260402.csv,2026-02-20 00:17:40,0.0
GEOP_20260402.csv,2026-02-20 00:20:40,0.0
GEOP_20260402.csv,2026-02-20 00:23:40,0.0
GEOP_20260402.csv,2026-02-20 00:26:40,0.0
GEOP_20260402.csv,2026-02-20 00:29:40,0.01
GEOP_20260402.csv,2026-02-20 00:32:40,0.0
GEOP_20260402.csv,2026-02-20 00:35:40,0.0
GEOP_20260402.csv,2026-02-20 00:38:40,0.0
GEOP_20260402.csv,2026-02-20 00:41:40,0.0
GEOP_20260402.csv,2026-02-20 00:44:40,0.0
GEOP_20260402.csv,2026-02-20 00:47:40,0.0
GEOP_20260402.csv,2026-02-20 00:50:40,0.0
GEOP_20260402.csv,2026-02-20 00:53:40,0.0
GEOP_20260402.csv,2026-02-20 00:56:40,0.0
GEOP_20260402.csv,2026-02-20 00:59:40,0.0
GEOP_20260402.csv,2026-02-20 01:02:40,0.0
GEOP_20260402.csv,2026-02-20 01:05:40,0.0
GEOP_20260402.csv,2026-02-20 01:08:40,0.0
GEOP_20260402.csv,2026-02-20 01:11:40,0.0
GEOP_20260402.csv,2026-02-20 01:14:40,0.0
GEOP_20260402.csv,2026-02-20 01:17:40,0.0
GEOP_20260402.csv,2026-02-20 01:20:40,0.0
GEOP_20260402.csv,2026-02-20 01:23:40,0.0
GEOP_20260402.csv,2026-02-20 01:26:40,0.0
GEOP_20260402.csv,2026-02-20 01:29:40,0.0
GEOP_20260402.csv,2026-02-20 01:32:40,0.0
GEOP_20260402.csv,2026-02-20 01:35:40,0.0
GEOP_20260402.csv,2026-02-20 01:38:40,0.0
GEOP_20260402.csv,2026-02-20 01:41:40,0.0
GEOP_20260402.csv,2026-02-20 01:44:40,0.0
GEOP_20260402.csv,2026-02-20 01:47:40,0.0
GEOP_20260402.csv,2026-02-20 01:50:40,0.0
GEOP_20260402.csv,2026-02-20 01:53:40,0.0
GEOP_20260402.csv,2026-02-20 01:56:40,0.06
GEOP_20260402.csv,2026-02-20 01:59:40,0.07
GEOP_20260402.csv,2026-02-20 02:02:39,0.16
GEOP_20260402.csv,2026-02-20 02:05:40,0.18
GEOP_20260402.csv,2026-02-20 02:08:40,0.08
GEOP_20260402.csv,2026-02-20 02:11:40,0.07
GEOP_20260402.csv,2026-02-20 02:14:40,0.06
GEOP_20260402.csv,2026-02-20 02:17:40,0.07
GEOP_20260402.csv,2026-02-20 02:20:39,0.07
GEOP_20260402.csv,2026-02-20 02:23:39,0.06
GEOP_20260402.csv,2026-02-20 02:26:39,0.15
GEOP_20260402.csv,2026-02-20 02:29:39,0.04
GEOP_20260402.csv,2026-02-20 02:32:39,0.01
GEOP_20260402.csv,2026-02-20 02:35:39,0.01
GEOP_20260402.csv,2026-02-20 02:38:39,0.07
GEOP_20260402.csv,2026-02-20 02:41:39,0.16
GEOP_20260402.csv,2026-02-20 02:44:39,0.14
GEOP_20260402.csv,2026-02-20 02:47:39,0.22
GEOP_20260402.csv,2026-02-20 02:50:39,0.17
GEOP_20260402.csv,2026-02-20 02:53:39,0.07
GEOP_20260402.csv,2026-02-20 02:56:39,0.07
GEOP_20260402.csv,2026-02-20 02:59:40,0.09
GEOP_20260402.csv,2026-02-20 03:02:39,0.09
GEOP_20260402.csv,2026-02-20 03:05:39,0.1
GEOP_20260402.csv,2026-02-20 03:08:39,0.06
GEOP_20260402.csv,2026-02-20 03:11:39,0.02
GEOP_20260402.csv,2026-02-20 03:14:39,0.01
GEOP_20260402.csv,2026-02-20 03:17:39,0.01
GEOP_20260402.csv,2026-02-20 03:20:39,0.02
GEOP_20260402.csv,2026-02-20 03:23:39,0.03
GEOP_20260402.csv,2026-02-20 03:26:39,0.02
GEOP_20260402.csv,2026-02-20 03:29:39,0.02
GEOP_20260402.csv,2026-02-20 03:32:39,0.02
GEOP_20260402.csv,2026-02-20 03:35:39,0.02
GEOP_20260402.csv,2026-02-20 03:38:39,0.01
GEOP_20260402.csv,2026-02-20 03:41:39,0.03
GEOP_20260402.csv,2026-02-20 03:44:39,0.04
GEOP_20260402.csv,2026-02-20 03:47:39,0.04
GEOP_20260402.csv,2026-02-20 03:50:39,0.06
GEOP_20260402.csv,2026-02-20 03:53:39,0.07
GEOP_20260402.csv,2026-02-20 03:56:39,0.04
GEOP_20260402.csv,2026-02-20 03:59:39,0.01
GEOP_20260402.csv,2026-02-20 04:02:39,0.01
GEOP_20260402.csv,2026-02-20 04:05:39,0.0
GEOP_20260402.csv,2026-02-20 04:08:39,0.01
GEOP_20260402.csv,2026-02-20 04:11:39,0.0
GEOP_20260402.csv,2026-02-20 04:14:39,0.0
GEOP_20260402.csv,2026-02-20 04:17:39,0.01
GEOP_20260402.csv,2026-02-20 04:20:39,0.0
GEOP_20260402.csv,2026-02-20 04:23:39,0.01
GEOP_20260402.csv,2026-02-20 04:26:39,0.0
GEOP_20260402.csv,2026-02-20 04:29:39,0.0
GEOP_20260402.csv,2026-02-20 04:32:39,0.01
GEOP_20260402.csv,2026-02-20 04:35:39,0.0
GEOP_20260402.csv,2026-02-20 04:38:39,0.0
GEOP_20260402.csv,2026-02-20 04:41:39,0.01
GEOP_20260402.csv,2026-02-20 04:44:39,0.0
GEOP_20260402.csv,2026-02-20 04:47:39,0.0
GEOP_20260402.csv,2026-02-20 04:50:39,0.0
GEOP_20260402.csv,2026-02-20 04:53:39,0.01
GEOP_20260402.csv,2026-02-20 04:56:39,0.0
GEOP_20260402.csv,2026-02-20 04:59:39,0.0
GEOP_20260402.csv,2026-02-20 05:02:39,0.0
GEOP_20260402.csv,2026-02-20 05:05:39,0.0
GEOP_20260402.csv,2026-02-20 05:08:39,0.01
GEOP_20260402.csv,2026-02-20 05:11:39,0.0
GEOP_20260402.csv,2026-02-20 05:14:39,0.0
GEOP_20260402.csv,2026-02-20 05:17:39,0.0
GEOP_20260402.csv,2026-02-20 05:20:39,0.0
GEOP_20260402.csv,2026-02-20 05:23:39,0.0
GEOP_20260402.csv,2026-02-20 05:26:39,0.0
GEOP_20260402.csv,2026-02-20 05:29:39,0.0
GEOP_20260402.csv,2026-02-20 05:32:39,0.01
GEOP_20260402.csv,2026-02-20 05:35:39,0.0
GEOP_20260402.csv,2026-02-20 05:38:39,0.0
GEOP_20260402.csv,2026-02-20 05:41:39,0.0
GEOP_20260402.csv,2026-02-20 05:44:39,0.0
GEOP_20260402.csv,2026-02-20 05:47:39,0.0
GEOP_20260402.csv,2026-02-20 05:50:39,0.0
GEOP_20260402.csv,2026-02-20 05:53:39,0.0
GEOP_20260402.csv,2026-02-20 05:56:39,0.0
GEOP_20260402.csv,2026-02-20 05:59:39,0.0
GEOP_20260402.csv,2026-02-20 06:02:39,0.0
GEOP_20260402.csv,2026-02-20 06:05:39,0.01
GEOP_20260402.csv,2026-02-20 06:08:39,0.0
GEOP_20260402.csv,2026-02-20 06:11:42,0.0
GEOP_20260402.csv,2026-02-20 06:14:39,0.0
GEOP_20260402.csv,2026-02-20 06:17:39,0.0
GEOP_20260402.csv,2026-02-20 06:20:39,0.0
GEOP_20260402.csv,2026-02-20 06:23:39,0.0
GEOP_20260402.csv,2026-02-20 06:26:39,0.0
GEOP_20260402.csv,2026-02-20 06:29:39,0.0
GEOP_20260402.csv,2026-02-20 06:32:39,0.01
GEOP_20260402.csv,2026-02-20 06:35:39,0.0
GEOP_20260402.csv,2026-02-20 06:38:39,0.0
GEOP_20260402.csv,2026-02-20 06:41:39,0.0
GEOP_20260402.csv,2026-02-20 06:44:39,0.0
GEOP_20260402.csv,2026-02-20 06:47:39,0.0
GEOP_20260402.csv,2026-02-20 06:50:39,0.0
GEOP_20260402.csv,2026-02-20 06:56:39,0.0
GEOP_20260402.csv,2026-02-20 06:59:39,0.01
GEOP_20260402.csv,2026-02-20 07:02:39,0.0
GEOP_20260402.csv,2026-02-20 07:05:39,0.0
GEOP_20260402.csv,2026-02-20 07:08:39,0.0
GEOP_20260402.csv,2026-02-20 07:11:39,0.0
GEOP_20260402.csv,2026-02-20 07:14:39,0.0
GEOP_20260402.csv,2026-02-20 07:17:39,0.0
GEOP_20260402.csv,2026-02-20 07:20:39,0.0
GEOP_20260402.csv,2026-02-20 07:23:39,0.01
GEOP_20260402.csv,2026-02-20 07:26:39,0.0
GEOP_20260402.csv,2026-02-20 07:29:39,0.0
GEOP_20260402.csv,2026-02-20 07:32:39,0.0
GEOP_20260402.csv,2026-02-20 07:35:39,0.0
GEOP_20260402.csv,2026-02-20 07:38:39,0.0
GEOP_20260402.csv,2026-02-20 07:41:39,0.0
GEOP_20260402.csv,2026-02-20 07:44:39,0.0
GEOP_20260402.csv,2026-02-20 07:47:49,0.01
GEOP_20260402.csv,2026-02-20 07:53:39,0.0
GEOP_20260402.csv,2026-02-20 07:56:39,0.0
GEOP_20260402.csv,2026-02-20 07:59:39,0.0
GEOP_20260402.csv,2026-02-20 08:02:39,0.0
GEOP_20260402.csv,2026-02-20 08:05:39,0.0
GEOP_20260402.csv,2026-02-20 08:08:39,0.0
GEOP_20260402.csv,2026-02-20 08:11:39,0.0
GEOP_20260402.csv,2026-02-20 08:14:39,0.0
GEOP_20260402.csv,2026-02-20 08:17:39,0.01
GEOP_20260402.csv,2026-02-20 08:20:39,0.0
GEOP_20260402.csv,2026-02-20 08:23:39,0.0
GEOP_20260402.csv,2026-02-20 08:26:39,0.0
GEOP_20260402.csv,2026-02-20 08:29:39,0.0
GEOP_20260402.csv,2026-02-20 08:32:39,0.0
GEOP_20260402.csv,2026-02-20 08:35:39,0.0
GEOP_20260402.csv,2026-02-20 08:38:39,0.0
GEOP_20260402.csv,2026-02-20 08:41:39,0.0
GEOP_20260402.csv,2026-02-20 08:44:39,0.0
GEOP_20260402.csv,2026-02-20 08:47:39,0.0
GEOP_20260402.csv,2026-02-20 08:50:39,0.0
GEOP_20260402.csv,2026-02-20 08:53:39,0.0
GEOP_20260402.csv,2026-02-20 08:56:39,0.0
GEOP_20260402.csv,2026-02-20 08:59:39,0.01
GEOP_20260402.csv,2026-02-20 09:02:39,0.0
GEOP_20260402.csv,2026-02-20 09:05:39,0.0
GEOP_20260402.csv,2026-02-20 09:08:39,0.0
GEOP_20260402.csv,2026-02-20 09:11:39,0.0
GEOP_20260402.csv,2026-02-20 09:14:39,0.0
GEOP_20260402.csv,2026-02-20 09:17:39,0.0
GEOP_20260402.csv,2026-02-20 09:20:39,0.0
GEOP_20260402.csv,2026-02-20 09:23:39,0.0
GEOP_20260402.csv,2026-02-20 09:26:39,0.0
GEOP_20260402.csv,2026-02-20 09:29:39,0.0
GEOP_20260402.csv,2026-02-20 09:32:39,0.0
GEOP_20260402.csv,2026-02-20 09:35:39,0.0
GEOP_20260402.csv,2026-02-20 09:38:39,0.0
GEOP_20260402.csv,2026-02-20 09:41:39,0.0
GEOP_20260402.csv,2026-02-20 09:44:39,0.0
GEOP_20260402.csv,2026-02-20 09:47:39,0.0
GEOP_20260402.csv,2026-02-20 09:50:39,0.0
GEOP_20260402.csv,2026-02-20 09:53:39,0.0
GEOP_20260402.csv,2026-02-20 09:56:39,0.0
GEOP_20260402.csv,2026-02-20 09:59:39,0.0
GEOP_20260402.csv,2026-02-20 10:02:39,0.0
GEOP_20260402.csv,2026-02-20 10:05:39,0.0
GEOP_20260402.csv,2026-02-20 10:08:39,0.0
GEOP_20260402.csv,2026-02-20 10:11:39,0.0
GEOP_20260402.csv,2026-02-20 10:14:39,0.0
GEOP_20260402.csv,2026-02-20 10:17:39,0.0
GEOP_20260402.csv,2026-02-20 10:20:39,0.0
GEOP_20260402.csv,2026-02-20 10:23:39,0.0
GEOP_20260402.csv,2026-02-20 10:26:39,0.0
GEOP_20260402.csv,2026-02-20 10:29:39,0.0
GEOP_20260402.csv,2026-02-20 10:32:39,0.0
GEOP_20260402.csv,2026-02-20 10:35:39,0.0
GEOP_20260402.csv,2026-02-20 10:38:39,0.0
GEOP_20260402.csv,2026-02-20 10:41:39,0.0
GEOP_20260402.csv,2026-02-20 10:44:39,0.0
GEOP_20260402.csv,2026-02-20 10:47:39,0.01
GEOP_20260402.csv,2026-02-20 10:50:39,0.0
GEOP_20260402.csv,2026-02-20 10:53:39,0.0
GEOP_20260402.csv,2026-02-20 10:56:39,0.0
GEOP_20260402.csv,2026-02-20 10:59:39,0.0
GEOP_20260402.csv,2026-02-20 11:02:39,0.0
GEOP_20260402.csv,2026-02-20 11:05:39,0.0
GEOP_20260402.csv,2026-02-20 11:08:39,0.0
GEOP_20260402.csv,2026-02-20 11:11:39,0.0
GEOP_20260402.csv,2026-02-20 11:14:39,0.0
GEOP_20260402.csv,2026-02-20 11:17:39,0.0
GEOP_20260402.csv,2026-02-20 11:20:39,0.0
GEOP_20260402.csv,2026-02-20 11:23:39,0.0
GEOP_20260402.csv,2026-02-20 11:26:39,0.0
GEOP_20260402.csv,2026-02-20 11:29:39,0.0
GEOP_20260402.csv,2026-02-20 11:32:39,0.0
GEOP_20260402.csv,2026-02-20 11:35:39,0.0
GEOP_20260402.csv,2026-02-20 11:38:39,0.0
GEOP_20260402.csv,2026-02-20 11:41:39,0.0
GEOP_20260402.csv,2026-02-20 11:44:39,0.0
GEOP_20260402.csv,2026-02-20 11:47:39,0.0
GEOP_20260402.csv,2026-02-20 11:50:39,0.0
GEOP_20260402.csv,2026-02-20 11:53:39,0.0
GEOP_20260402.csv,2026-02-20 11:56:39,0.0
GEOP_20260402.csv,2026-02-20 11:59:39,0.0
GEOP_20260402.csv,2026-02-20 12:02:39,0.0
GEOP_20260402.csv,2026-02-20 12:05:39,0.0
GEOP_20260402.csv,2026-02-20 12:08:39,0.0
GEOP_20260402.csv,2026-02-20 12:11:39,0.0
GEOP_20260402.csv,2026-02-20 12:14:39,0.0
GEOP_20260402.csv,2026-02-20 12:17:39,0.0
GEOP_20260402.csv,2026-02-20 12:20:39,0.0
GEOP_20260402.csv,2026-02-20 12:23:39,0.0
GEOP_20260402.csv,2026-02-20 12:26:39,0.0
GEOP_20260402.csv,2026-02-20 12:29:39,0.0
GEOP_20260402.csv,2026-02-20 12:32:39,0.0
GEOP_20260402.csv,2026-02-20 12:35:39,0.0
GEOP_20260402.csv,2026-02-20 12:38:39,0.0
GEOP_20260402.csv,2026-02-20 12:41:39,0.0
GEOP_20260402.csv,2026-02-20 12:44:39,0.0
GEOP_20260402.csv,2026-02-20 12:47:39,0.0
GEOP_20260402.csv,2026-02-20 12:50:39,0.0
GEOP_20260402.csv,2026-02-20 12:53:39,0.0
GEOP_20260402.csv,2026-02-20 12:56:39,0.0
GEOP_20260402.csv,2026-02-20 12:59:39,0.0
GEOP_20260402.csv,2026-02-20 13:02:39,0.0
GEOP_20260402.csv,2026-02-20 13:05:39,0.0
GEOP_20260402.csv,2026-02-20 13:08:39,0.0
GEOP_20260402.csv,2026-02-20 13:11:39,0.0
GEOP_20260402.csv,2026-02-20 13:14:39,0.0
GEOP_20260402.csv,2026-02-20 13:17:39,0.0
GEOP_20260402.csv,2026-02-20 13:20:39,0.0
GEOP_20260402.csv,2026-02-20 13:23:39,0.0
GEOP_20260402.csv,2026-02-20 13:26:39,0.0
GEOP_20260402.csv,2026-02-20 13:32:39,0.0
GEOP_20260402.csv,2026-02-20 13:35:39,0.0
GEOP_20260402.csv,2026-02-20 13:38:39,0.0
GEOP_20260402.csv,2026-02-20 13:41:39,0.0
GEOP_20260402.csv,2026-02-20 13:44:39,0.0
GEOP_20260402.csv,2026-02-20 13:47:39,0.0
GEOP_20260402.csv,2026-02-20 13:50:39,0.0
GEOP_20260402.csv,2026-02-20 13:53:39,0.0
GEOP_20260402.csv,2026-02-20 13:56:39,0.0
GEOP_20260402.csv,2026-02-20 13:59:39,0.0
GEOP_20260402.csv,2026-02-20 14:02:39,0.0
GEOP_20260402.csv,2026-02-20 14:05:39,0.0
GEOP_20260402.csv,2026-02-20 14:08:39,0.0
GEOP_20260402.csv,2026-02-20 14:11:39,0.0
GEOP_20260402.csv,2026-02-20 14:14:39,0.0
GEOP_20260402.csv,2026-02-20 14:17:39,0.0
GEOP_20260402.csv,2026-02-20 14:20:39,0.0
GEOP_20260402.csv,2026-02-20 14:23:39,0.0
GEOP_20260402.csv,2026-02-20 14:26:38,0.0
GEOP_20260402.csv,2026-02-20 14:29:39,0.0
GEOP_20260402.csv,2026-02-20 14:32:38,0.0
GEOP_20260402.csv,2026-02-20 14:35:39,0.0
GEOP_20260402.csv,2026-02-20 14:38:39,0.0
GEOP_20260402.csv,2026-02-20 14:41:39,0.0
GEOP_20260402.csv,2026-02-20 14:44:39,0.0
GEOP_20260402.csv,2026-02-20 14:47:38,0.0
GEOP_20260402.csv,2026-02-20 14:50:38,0.0
GEOP_20260402.csv,2026-02-20 14:53:38,0.0
GEOP_20260402.csv,2026-02-20 14:56:39,0.0
GEOP_20260402.csv,2026-02-20 14:59:38,0.0
GEOP_20260402.csv,2026-02-20 15:02:38,0.0
GEOP_20260402.csv,2026-02-20 15:05:38,0.0
GEOP_20260402.csv,2026-02-20 15:08:38,0.0
GEOP_20260402.csv,2026-02-20 15:11:38,0.0
GEOP_20260402.csv,2026-02-20 15:14:38,0.0
GEOP_20260402.csv,2026-02-20 15:17:38,0.0
GEOP_20260402.csv,2026-02-20 15:20:38,0.0
GEOP_20260402.csv,2026-02-20 15:23:38,0.0
GEOP_20260402.csv,2026-02-20 15:26:38,0.0
GEOP_20260402.csv,2026-02-20 15:29:38,0.0
GEOP_20260402.csv,2026-02-20 15:32:38,0.0
GEOP_20260402.csv,2026-02-20 15:35:38,0.0
GEOP_20260402.csv,2026-02-20 15:38:38,0.0
GEOP_20260402.csv,2026-02-20 15:41:38,0.0
GEOP_20260402.csv,2026-02-20 15:44:38,0.0
GEOP_20260402.csv,2026-02-20 15:47:38,0.0
GEOP_20260402.csv,2026-02-20 15:50:38,0.0
GEOP_20260402.csv,2026-02-20 15:53:38,0.0
GEOP_20260402.csv,2026-02-20 15:56:38,0.0
GEOP_20260402.csv,2026-02-20 15:59:38,0.0
GEOP_20260402.csv,2026-02-20 16:02:38,0.0
GEOP_20260402.csv,2026-02-20 16:05:38,0.0
GEOP_20260402.csv,2026-02-20 16:08:38,0.0
GEOP_20260402.csv,2026-02-20 16:11:38,0.0
GEOP_20260402.csv,2026-02-20 16:14:38,0.0
GEOP_20260402.csv,2026-02-20 16:17:38,0.0
GEOP_20260402.csv,2026-02-20 16:20:38,0.0
GEOP_20260402.csv,2026-02-20 16:23:39,0.0
GEOP_20260402.csv,2026-02-20 16:26:38,0.0
GEOP_20260402.csv,2026-02-20 16:29:38,0.0
GEOP_20260402.csv,2026-02-20 16:32:38,0.0
GEOP_20260402.csv,2026-02-20 16:35:38,0.0
GEOP_20260402.csv,2026-02-20 16:38:38,0.0
GEOP_20260402.csv,2026-02-20 16:41:38,0.0
GEOP_20260402.csv,2026-02-20 16:44:38,0.0
GEOP_20260402.csv,2026-02-20 16:47:38,0.0
GEOP_20260402.csv,2026-02-20 16:50:38,0.0
GEOP_20260402.csv,2026-02-20 16:53:38,0.0
GEOP_20260402.csv,2026-02-20 16:56:38,0.0
GEOP_20260402.csv,2026-02-20 16:59:38,0.0
GEOP_20260402.csv,2026-02-20 17:02:38,0.0
GEOP_20260402.csv,2026-02-20 17:05:38,0.0
GEOP_20260402.csv,2026-02-20 17:08:38,0.0
GEOP_20260402.csv,2026-02-20 17:11:38,0.0
GEOP_20260402.csv,2026-02-20 17:14:38,0.0
GEOP_20260402.csv,2026-02-20 17:17:38,0.0
GEOP_20260402.csv,2026-02-20 17:20:38,0.0
GEOP_20260402.csv,2026-02-20 17:23:38,0.0
GEOP_20260402.csv,2026-02-20 17:26:38,0.0
GEOP_20260402.csv,2026-02-20 17:29:38,0.0
GEOP_20260402.csv,2026-02-20 17:32:38,0.0
GEOP_20260402.csv,2026-02-20 17:35:38,0.0
GEOP_20260402.csv,2026-02-20 17:38:38,0.0
GEOP_20260402.csv,2026-02-20 17:41:38,0.0
GEOP_20260402.csv,2026-02-20 17:44:38,0.0
GEOP_20260402.csv,2026-02-20 17:47:38,0.0
GEOP_20260402.csv,2026-02-20 17:50:38,0.0
GEOP_20260402.csv,2026-02-20 17:53:38,0.0
GEOP_20260402.csv,2026-02-20 17:56:38,0.0
GEOP_20260402.csv,2026-02-20 17:59:38,0.0
GEOP_20260402.csv,2026-02-20 18:02:38,0.0
GEOP_20260402.csv,2026-02-20 18:05:38,0.0
GEOP_20260402.csv,2026-02-20 18:08:38,0.0
GEOP_20260402.csv,2026-02-20 18:11:38,0.0
GEOP_20260402.csv,2026-02-20 18:14:38,0.0
GEOP_20260402.csv,2026-02-20 18:17:38,0.0
GEOP_20260402.csv,2026-02-20 18:20:38,0.0
GEOP_20260402.csv,2026-02-20 18:23:38,0.0
GEOP_20260402.csv,2026-02-20 18:26:38,0.0
GEOP_20260402.csv,2026-02-20 18:29:38,0.0
GEOP_20260402.csv,2026-02-20 18:32:38,0.0
GEOP_20260402.csv,2026-02-20 18:35:38,0.0
GEOP_20260402.csv,2026-02-20 18:38:38,0.0
GEOP_20260402.csv,2026-02-20 18:41:38,0.0
GEOP_20260402.csv,2026-02-20 18:44:38,0.0
GEOP_20260402.csv,2026-02-20 18:47:38,0.0
GEOP_20260402.csv,2026-02-20 18:50:38,0.0
GEOP_20260402.csv,2026-02-20 18:53:38,0.0
GEOP_20260402.csv,2026-02-20 18:56:38,0.0
GEOP_20260402.csv,2026-02-20 18:59:38,0.0
GEOP_20260402.csv,2026-02-20 19:02:38,0.0
GEOP_20260402.csv,2026-02-20 19:05:38,0.0
GEOP_20260402.csv,2026-02-20 19:08:38,0.0
GEOP_20260402.csv,2026-02-20 19:11:38,0.0
GEOP_20260402.csv,2026-02-20 19:14:38,0.0
GEOP_20260402.csv,2026-02-20 19:17:38,0.0
GEOP_20260402.csv,2026-02-20 19:20:38,0.0
GEOP_20260402.csv,2026-02-20 19:23:38,0.0
GEOP_20260402.csv,2026-02-20 19:26:38,0.0
GEOP_20260402.csv,2026-02-20 19:29:38,0.0
GEOP_20260402.csv,2026-02-20 19:32:38,0.0
GEOP_20260402.csv,2026-02-20 19:35:38,0.0
GEOP_20260402.csv,2026-02-20 19:38:38,0.0
GEOP_20260402.csv,2026-02-20 19:41:38,0.0
GEOP_20260402.csv,2026-02-20 19:44:38,0.0
GEOP_20260402.csv,2026-02-20 19:47:38,0.0
GEOP_20260402.csv,2026-02-20 19:50:38,0.0
GEOP_20260402.csv,2026-02-20 19:53:38,0.0
GEOP_20260402.csv,2026-02-20 19:56:38,0.0
GEOP_20260402.csv,2026-02-20 19:59:38,0.0
GEOP_20260402.csv,2026-02-20 20:02:38,0.0
GEOP_20260402.csv,2026-02-20 20:05:38,0.0
GEOP_20260402.csv,2026-02-20 20:08:38,0.0
GEOP_20260402.csv,2026-02-20 20:11:38,0.0
GEOP_20260402.csv,2026-02-20 20:14:38,0.0
GEOP_20260402.csv,2026-02-20 20:17:38,0.0
GEOP_20260402.csv,2026-02-20 20:20:38,0.0
GEOP_20260402.csv,2026-02-20 20:23:38,0.0
GEOP_20260402.csv,2026-02-20 20:26:38,0.0
GEOP_20260402.csv,2026-02-20 20:29:38,0.0
GEOP_20260402.csv,2026-02-20 20:32:38,0.0
GEOP_20260402.csv,2026-02-20 20:35:38,0.0
GEOP_20260402.csv,2026-02-20 20:38:38,0.0
GEOP_20260402.csv,2026-02-20 20:41:38,0.0
GEOP_20260402.csv,2026-02-20 20:44:38,0.0
GEOP_20260402.csv,2026-02-20 20:47:38,0.0
GEOP_20260402.csv,2026-02-20 20:50:38,0.0
GEOP_20260402.csv,2026-02-20 20:53:38,0.0
GEOP_20260402.csv,2026-02-20 20:56:38,0.0
GEOP_20260402.csv,2026-02-20 20:59:38,0.0
GEOP_20260402.csv,2026-02-20 21:02:38,0.0
GEOP_20260402.csv,2026-02-20 21:05:38,0.0
GEOP_20260402.csv,2026-02-20 21:08:38,0.0
GEOP_20260402.csv,2026-02-20 21:11:38,0.0
GEOP_20260402.csv,2026-02-20 21:14:38,0.0
GEOP_20260402.csv,2026-02-20 21:17:38,0.0
GEOP_20260402.csv,2026-02-20 21:20:38,0.0
GEOP_20260402.csv,2026-02-20 21:23:38,0.0
GEOP_20260402.csv,2026-02-20 21:26:38,0.0
GEOP_20260402.csv,2026-02-20 21:29:38,0.0
GEOP_20260402.csv,2026-02-20 21:32:38,0.0
GEOP_20260402.csv,2026-02-20 21:35:38,0.0
GEOP_20260402.csv,2026-02-20 21:38:38,0.0
GEOP_20260402.csv,2026-02-20 21:41:38,0.0
GEOP_20260402.csv,2026-02-20 21:44:38,0.0
GEOP_20260402.csv,2026-02-20 21:47:38,0.0
GEOP_20260402.csv,2026-02-20 21:50:38,0.0
GEOP_20260402.csv,2026-02-20 21:53:38,0.0
GEOP_20260402.csv,2026-02-20 21:56:38,0.0
GEOP_20260402.csv,2026-02-20 21:59:38,0.0
GEOP_20260402.csv,2026-02-20 22:02:38,0.0
GEOP_20260402.csv,2026-02-20 22:05:38,0.0
GEOP_20260402.csv,2026-02-20 22:08:38,0.0
GEOP_20260402.csv,2026-02-20 22:11:38,0.0
GEOP_20260402.csv,2026-02-20 22:14:38,0.0
GEOP_20260402.csv,2026-02-20 22:17:38,0.0
GEOP_20260402.csv,2026-02-20 22:20:38,0.0
GEOP_20260402.csv,2026-02-20 22:23:38,0.0
GEOP_20260402.csv,2026-02-20 22:26:38,0.0
GEOP_20260402.csv,2026-02-20 22:29:38,0.0
GEOP_20260402.csv,2026-02-20 22:32:38,0.0
GEOP_20260402.csv,2026-02-20 22:35:38,0.0
GEOP_20260402.csv,2026-02-20 22:38:38,0.0
GEOP_20260402.csv,2026-02-20 22:41:38,0.0
GEOP_20260402.csv,2026-02-20 22:44:38,0.0
GEOP_20260402.csv,2026-02-20 22:47:38,0.0
GEOP_20260402.csv,2026-02-20 22:50:38,0.0
GEOP_20260402.csv,2026-02-20 22:53:38,0.0
GEOP_20260402.csv,2026-02-20 22:56:38,0.0
GEOP_20260402.csv,2026-02-20 22:59:38,0.0
GEOP_20260402.csv,2026-02-20 23:02:38,0.0
GEOP_20260402.csv,2026-02-20 23:05:38,0.0
GEOP_20260402.csv,2026-02-20 23:08:38,0.0
GEOP_20260402.csv,2026-02-20 23:11:38,0.0
GEOP_20260402.csv,2026-02-20 23:14:38,0.0
GEOP_20260402.csv,2026-02-20 23:17:38,0.0
GEOP_20260402.csv,2026-02-20 23:20:38,0.0
GEOP_20260402.csv,2026-02-20 23:23:38,0.0
GEOP_20260402.csv,2026-02-20 23:26:38,0.0
GEOP_20260402.csv,2026-02-20 23:29:38,0.0
GEOP_20260402.csv,2026-02-20 23:32:38,0.0
GEOP_20260402.csv,2026-02-20 23:35:38,0.0
GEOP_20260402.csv,2026-02-20 23:38:38,0.0
GEOP_20260402.csv,2026-02-20 23:41:38,0.0
GEOP_20260402.csv,2026-02-20 23:44:38,0.0
GEOP_20260402.csv,2026-02-20 23:47:38,0.0
GEOP_20260402.csv,2026-02-20 23:50:38,0.0
GEOP_20260402.csv,2026-02-20 23:53:38,0.0
GEOP_20260402.csv,2026-02-20 23:56:38,0.0
GEOP_20260402.csv,2026-02-20 23:59:38,0.0
GEOP_20260402.csv,2026-02-21 00:02:38,0.0
GEOP_20260402.csv,2026-02-21 00:05:38,0.0
GEOP_20260402.csv,2026-02-21 00:08:38,0.0
GEOP_20260402.csv,2026-02-21 00:11:38,0.0
GEOP_20260402.csv,2026-02-21 00:14:38,0.0
GEOP_20260402.csv,2026-02-21 00:17:38,0.0
GEOP_20260402.csv,2026-02-21 00:20:38,0.0
GEOP_20260402.csv,2026-02-21 00:23:38,0.0
GEOP_20260402.csv,2026-02-21 00:26:38,0.0
GEOP_20260402.csv,2026-02-21 00:29:38,0.0
GEOP_20260402.csv,2026-02-21 00:32:38,0.0
GEOP_20260402.csv,2026-02-21 00:35:38,0.0
GEOP_20260402.csv,2026-02-21 00:38:38,0.0
GEOP_20260402.csv,2026-02-21 00:41:38,0.0
GEOP_20260402.csv,2026-02-21 00:44:38,0.0
GEOP_20260402.csv,2026-02-21 00:47:38,0.0
GEOP_20260402.csv,2026-02-21 00:50:38,0.0
GEOP_20260402.csv,2026-02-21 00:53:38,0.0
GEOP_20260402.csv,2026-02-21 00:56:38,0.0
GEOP_20260402.csv,2026-02-21 00:59:38,0.0
GEOP_20260402.csv,2026-02-21 01:02:38,0.0
GEOP_20260402.csv,2026-02-21 01:05:38,0.0
GEOP_20260402.csv,2026-02-21 01:08:38,0.0
GEOP_20260402.csv,2026-02-21 01:11:38,0.0
GEOP_20260402.csv,2026-02-21 01:14:38,0.0
GEOP_20260402.csv,2026-02-21 01:17:38,0.0
GEOP_20260402.csv,2026-02-21 01:20:38,0.0
GEOP_20260402.csv,2026-02-21 01:23:38,0.0
GEOP_20260402.csv,2026-02-21 01:26:38,0.0
GEOP_20260402.csv,2026-02-21 01:29:38,0.0
GEOP_20260402.csv,2026-02-21 01:32:38,0.0
GEOP_20260402.csv,2026-02-21 01:35:38,0.0
GEOP_20260402.csv,2026-02-21 01:38:38,0.0
GEOP_20260402.csv,2026-02-21 01:41:38,0.0
GEOP_20260402.csv,2026-02-21 01:44:38,0.0
GEOP_20260402.csv,2026-02-21 01:47:38,0.0
GEOP_20260402.csv,2026-02-21 01:50:38,0.0
GEOP_20260402.csv,2026-02-21 01:53:38,0.0
GEOP_20260402.csv,2026-02-21 01:56:38,0.0
GEOP_20260402.csv,2026-02-21 01:59:38,0.0
GEOP_20260402.csv,2026-02-21 02:02:38,0.0
GEOP_20260402.csv,2026-02-21 02:05:38,0.0
GEOP_20260402.csv,2026-02-21 02:08:38,0.0
GEOP_20260402.csv,2026-02-21 02:11:38,0.0
GEOP_20260402.csv,2026-02-21 02:14:38,0.0
GEOP_20260402.csv,2026-02-21 02:17:38,0.0
GEOP_20260402.csv,2026-02-21 02:20:38,0.0
GEOP_20260402.csv,2026-02-21 02:23:38,0.0
GEOP_20260402.csv,2026-02-21 02:26:38,0.0
GEOP_20260402.csv,2026-02-21 02:29:38,0.0
GEOP_20260402.csv,2026-02-21 02:32:38,0.0
GEOP_20260402.csv,2026-02-21 02:35:38,0.0
GEOP_20260402.csv,2026-02-21 02:38:38,0.0
GEOP_20260402.csv,2026-02-21 02:41:38,0.0
GEOP_20260402.csv,2026-02-21 02:44:38,0.0
GEOP_20260402.csv,2026-02-21 02:47:38,0.0
GEOP_20260402.csv,2026-02-21 02:50:38,0.0
GEOP_20260402.csv,2026-02-21 02:53:38,0.0
GEOP_20260402.csv,2026-02-21 02:56:38,0.0
GEOP_20260402.csv,2026-02-21 02:59:38,0.0
GEOP_20260402.csv,2026-02-21 03:02:38,0.0
GEOP_20260402.csv,2026-02-21 03:05:38,0.0
GEOP_20260402.csv,2026-02-21 03:08:38,0.0
GEOP_20260402.csv,2026-02-21 03:11:38,0.0
GEOP_20260402.csv,2026-02-21 03:14:38,0.0
GEOP_20260402.csv,2026-02-21 03:17:38,0.0
GEOP_20260402.csv,2026-02-21 03:20:38,0.0
GEOP_20260402.csv,2026-02-21 03:23:38,0.0
GEOP_20260402.csv,2026-02-21 03:26:37,0.0
GEOP_20260402.csv,2026-02-21 03:29:38,0.0
GEOP_20260402.csv,2026-02-21 03:32:38,0.0
GEOP_20260402.csv,2026-02-21 03:35:37,0.0
GEOP_20260402.csv,2026-02-21 03:38:37,0.0
GEOP_20260402.csv,2026-02-21 03:41:37,0.0
GEOP_20260402.csv,2026-02-21 03:44:37,0.0
GEOP_20260402.csv,2026-02-21 03:47:37,0.0
GEOP_20260402.csv,2026-02-21 03:50:37,0.0
GEOP_20260402.csv,2026-02-21 03:53:37,0.0
GEOP_20260402.csv,2026-02-21 03:56:37,0.0
GEOP_20260402.csv,2026-02-21 03:59:38,0.0
GEOP_20260402.csv,2026-02-21 04:02:37,0.0
GEOP_20260402.csv,2026-02-21 04:05:37,0.0
GEOP_20260402.csv,2026-02-21 04:08:37,0.0
GEOP_20260402.csv,2026-02-21 04:11:37,0.0
GEOP_20260402.csv,2026-02-21 04:14:37,0.0
GEOP_20260402.csv,2026-02-21 04:17:38,0.0
GEOP_20260402.csv,2026-02-21 04:20:37,0.0
GEOP_20260402.csv,2026-02-21 04:23:37,0.0
GEOP_20260402.csv,2026-02-21 04:26:37,0.0
GEOP_20260402.csv,2026-02-21 04:29:37,0.0
GEOP_20260402.csv,2026-02-21 04:32:37,0.0
GEOP_20260402.csv,2026-02-21 04:35:37,0.0
GEOP_20260402.csv,2026-02-21 04:38:37,0.0
GEOP_20260402.csv,2026-02-21 04:41:37,0.0
GEOP_20260402.csv,2026-02-21 04:44:37,0.0
GEOP_20260402.csv,2026-02-21 04:47:37,0.0
GEOP_20260402.csv,2026-02-21 04:50:37,0.0
GEOP_20260402.csv,2026-02-21 04:53:37,0.0
GEOP_20260402.csv,2026-02-21 04:56:37,0.0
GEOP_20260402.csv,2026-02-21 04:59:37,0.0
GEOP_20260402.csv,2026-02-21 05:02:37,0.0
GEOP_20260402.csv,2026-02-21 05:05:37,0.0
GEOP_20260402.csv,2026-02-21 05:08:37,0.0
GEOP_20260402.csv,2026-02-21 05:11:37,0.0
GEOP_20260402.csv,2026-02-21 05:14:37,0.0
GEOP_20260402.csv,2026-02-21 05:17:37,0.0
GEOP_20260402.csv,2026-02-21 05:20:37,0.0
GEOP_20260402.csv,2026-02-21 05:26:37,0.0
GEOP_20260402.csv,2026-02-21 05:29:37,0.0
GEOP_20260402.csv,2026-02-21 05:32:37,0.0
GEOP_20260402.csv,2026-02-21 05:35:37,0.0
GEOP_20260402.csv,2026-02-21 05:38:37,0.0
GEOP_20260402.csv,2026-02-21 05:41:37,0.0
GEOP_20260402.csv,2026-02-21 05:44:37,0.0
GEOP_20260402.csv,2026-02-21 05:47:37,0.0
GEOP_20260402.csv,2026-02-21 05:50:37,0.0
GEOP_20260402.csv,2026-02-21 05:53:37,0.0
GEOP_20260402.csv,2026-02-21 05:56:37,0.0
GEOP_20260402.csv,2026-02-21 05:59:37,0.0
GEOP_20260402.csv,2026-02-21 06:02:37,0.0
GEOP_20260402.csv,2026-02-21 06:05:37,0.0
GEOP_20260402.csv,2026-02-21 06:08:37,0.0
GEOP_20260402.csv,2026-02-21 06:11:37,0.0
GEOP_20260402.csv,2026-02-21 06:14:37,0.0
GEOP_20260402.csv,2026-02-21 06:17:37,0.0
GEOP_20260402.csv,2026-02-21 06:20:37,0.0
GEOP_20260402.csv,2026-02-21 06:23:37,0.0
GEOP_20260402.csv,2026-02-21 06:26:37,0.0
GEOP_20260402.csv,2026-02-21 06:29:37,0.0
GEOP_20260402.csv,2026-02-21 06:32:40,0.0
GEOP_20260402.csv,2026-02-21 06:35:37,0.0
GEOP_20260402.csv,2026-02-21 06:38:37,0.0
GEOP_20260402.csv,2026-02-21 06:41:37,0.0
GEOP_20260402.csv,2026-02-21 06:44:37,0.0
GEOP_20260402.csv,2026-02-21 06:47:37,0.0
GEOP_20260402.csv,2026-02-21 06:50:37,0.0
GEOP_20260402.csv,2026-02-21 06:53:37,0.0
GEOP_20260402.csv,2026-02-21 06:56:37,0.0
GEOP_20260402.csv,2026-02-21 06:59:37,0.0
GEOP_20260402.csv,2026-02-21 07:02:37,0.0
GEOP_20260402.csv,2026-02-21 07:05:37,0.0
GEOP_20260402.csv,2026-02-21 07:08:37,0.0
GEOP_20260402.csv,2026-02-21 07:11:37,0.0
GEOP_20260402.csv,2026-02-21 07:14:37,0.0
GEOP_20260402.csv,2026-02-21 07:17:37,0.0
GEOP_20260402.csv,2026-02-21 07:20:37,0.0
GEOP_20260402.csv,2026-02-21 07:23:37,0.0
GEOP_20260402.csv,2026-02-21 07:26:37,0.0
GEOP_20260402.csv,2026-02-21 07:29:37,0.0
GEOP_20260402.csv,2026-02-21 07:32:37,0.0
GEOP_20260402.csv,2026-02-21 07:35:37,0.0
GEOP_20260402.csv,2026-02-21 07:38:37,0.0
GEOP_20260402.csv,2026-02-21 07:41:37,0.0
GEOP_20260402.csv,2026-02-21 07:44:37,0.0
GEOP_20260402.csv,2026-02-21 07:47:37,0.0
GEOP_20260402.csv,2026-02-21 07:50:37,0.0
GEOP_20260402.csv,2026-02-21 07:53:37,0.0
GEOP_20260402.csv,2026-02-21 07:56:37,0.0
GEOP_20260402.csv,2026-02-21 07:59:37,0.0
GEOP_20260402.csv,2026-02-21 08:02:37,0.0
GEOP_20260402.csv,2026-02-21 08:05:37,0.0
GEOP_20260402.csv,2026-02-21 08:08:37,0.0
GEOP_20260402.csv,2026-02-21 08:11:37,0.0
GEOP_20260402.csv,2026-02-21 08:14:37,0.0
GEOP_20260402.csv,2026-02-21 08:17:37,0.0
GEOP_20260402.csv,2026-02-21 08:20:37,0.0
GEOP_20260402.csv,2026-02-21 08:23:37,0.0
GEOP_20260402.csv,2026-02-21 08:26:37,0.0
GEOP_20260402.csv,2026-02-21 08:29:37,0.0
GEOP_20260402.csv,2026-02-21 08:32:37,0.0
GEOP_20260402.csv,2026-02-21 08:35:37,0.0
GEOP_20260402.csv,2026-02-21 08:38:37,0.0
GEOP_20260402.csv,2026-02-21 08:41:37,0.0
GEOP_20260402.csv,2026-02-21 08:44:37,0.0
GEOP_20260402.csv,2026-02-21 08:47:37,0.0
GEOP_20260402.csv,2026-02-21 08:50:37,0.0
GEOP_20260402.csv,2026-02-21 08:53:37,0.0
GEOP_20260402.csv,2026-02-21 08:56:37,0.0
GEOP_20260402.csv,2026-02-21 08:59:37,0.0
GEOP_20260402.csv,2026-02-21 09:02:37,0.0
GEOP_20260402.csv,2026-02-21 09:05:37,0.0
GEOP_20260402.csv,2026-02-21 09:08:37,0.0
GEOP_20260402.csv,2026-02-21 09:11:37,0.0
GEOP_20260402.csv,2026-02-21 09:14:37,0.0
GEOP_20260402.csv,2026-02-21 09:17:37,0.0
GEOP_20260402.csv,2026-02-21 09:20:37,0.0
GEOP_20260402.csv,2026-02-21 09:23:37,0.0
GEOP_20260402.csv,2026-02-21 09:26:37,0.0
GEOP_20260402.csv,2026-02-21 09:29:37,0.0
GEOP_20260402.csv,2026-02-21 09:32:37,0.0
GEOP_20260402.csv,2026-02-21 09:35:37,0.0
GEOP_20260402.csv,2026-02-21 09:38:37,0.0
GEOP_20260402.csv,2026-02-21 09:41:37,0.0
GEOP_20260402.csv,2026-02-21 09:44:37,0.0
GEOP_20260402.csv,2026-02-21 09:47:37,0.0
GEOP_20260402.csv,2026-02-21 09:50:37,0.0
GEOP_20260402.csv,2026-02-21 09:53:37,0.0
GEOP_20260402.csv,2026-02-21 09:56:37,0.0
GEOP_20260402.csv,2026-02-21 09:59:37,0.0
GEOP_20260402.csv,2026-02-21 10:02:37,0.0
GEOP_20260402.csv,2026-02-21 10:05:37,0.0
GEOP_20260402.csv,2026-02-21 10:08:37,0.0
