Source_File,DateTime,Precipitation
VCLB_20260402.csv,2026-03-05 14:04:08,0.0
VCLB_20260402.csv,2026-03-05 14:07:08,0.0
VCLB_20260402.csv,2026-03-05 14:10:08,0.0
VCLB_20260402.csv,2026-03-05 14:13:08,0.0
VCLB_20260402.csv,2026-03-05 14:16:08,0.0
VCLB_20260402.csv,2026-03-05 14:19:08,0.0
VCLB_20260402.csv,2026-03-05 14:22:08,0.0
VCLB_20260402.csv,2026-03-05 14:25:08,0.0
VCLB_20260402.csv,2026-03-05 14:28:08,0.0
VCLB_20260402.csv,2026-03-05 14:31:08,0.0
VCLB_20260402.csv,2026-03-05 14:34:08,0.0
VCLB_20260402.csv,2026-03-05 14:37:08,0.0
VCLB_20260402.csv,2026-03-05 14:40:08,0.0
VCLB_20260402.csv,2026-03-05 14:43:08,0.0
VCLB_20260402.csv,2026-03-05 14:46:08,0.0
VCLB_20260402.csv,2026-03-05 14:49:08,0.0
VCLB_20260402.csv,2026-03-05 14:52:08,0.0
VCLB_20260402.csv,2026-03-05 14:55:08,0.0
VCLB_20260402.csv,2026-03-05 14:58:08,0.0
VCLB_20260402.csv,2026-03-05 15:01:08,0.0
VCLB_20260402.csv,2026-03-05 15:04:08,0.0
VCLB_20260402.csv,2026-03-05 15:07:08,0.0
VCLB_20260402.csv,2026-03-05 15:10:08,0.0
VCLB_20260402.csv,2026-03-05 15:13:08,0.0
VCLB_20260402.csv,2026-03-05 15:16:08,0.0
VCLB_20260402.csv,2026-03-05 15:19:08,0.0
VCLB_20260402.csv,2026-03-05 15:22:08,0.0
VCLB_20260402.csv,2026-03-05 15:25:08,0.0
VCLB_20260402.csv,2026-03-05 15:28:08,0.0
VCLB_20260402.csv,2026-03-05 15:31:08,0.0
VCLB_20260402.csv,2026-03-05 15:34:08,0.0
VCLB_20260402.csv,2026-03-05 15:37:07,0.0
VCLB_20260402.csv,2026-03-05 15:40:07,0.0
VCLB_20260402.csv,2026-03-05 15:43:07,0.0
VCLB_20260402.csv,2026-03-05 15:46:07,0.0
VCLB_20260402.csv,2026-03-05 15:49:07,0.0
VCLB_20260402.csv,2026-03-05 15:52:07,0.0
VCLB_20260402.csv,2026-03-05 15:55:07,0.0
VCLB_20260402.csv,2026-03-05 15:58:07,0.0
VCLB_20260402.csv,2026-03-05 16:01:07,0.0
VCLB_20260402.csv,2026-03-05 16:04:07,0.0
VCLB_20260402.csv,2026-03-05 16:07:07,0.0
VCLB_20260402.csv,2026-03-05 16:10:07,0.0
VCLB_20260402.csv,2026-03-05 16:13:07,0.0
VCLB_20260402.csv,2026-03-05 16:16:07,0.0
VCLB_20260402.csv,2026-03-05 16:19:07,0.0
VCLB_20260402.csv,2026-03-05 16:22:07,0.0
VCLB_20260402.csv,2026-03-05 16:25:07,0.0
VCLB_20260402.csv,2026-03-05 16:28:07,0.0
VCLB_20260402.csv,2026-03-05 16:31:07,0.0
VCLB_20260402.csv,2026-03-05 16:34:07,0.0
VCLB_20260402.csv,2026-03-05 16:37:07,0.0
VCLB_20260402.csv,2026-03-05 16:40:07,0.0
VCLB_20260402.csv,2026-03-05 16:43:07,0.0
VCLB_20260402.csv,2026-03-05 16:46:07,0.0
VCLB_20260402.csv,2026-03-05 16:49:07,0.0
VCLB_20260402.csv,2026-03-05 16:52:07,0.0
VCLB_20260402.csv,2026-03-05 16:55:07,0.0
VCLB_20260402.csv,2026-03-05 16:58:07,0.0
VCLB_20260402.csv,2026-03-05 17:01:07,0.0
VCLB_20260402.csv,2026-03-05 17:04:07,0.0
VCLB_20260402.csv,2026-03-05 17:07:07,0.0
VCLB_20260402.csv,2026-03-05 17:10:07,0.0
VCLB_20260402.csv,2026-03-05 17:13:07,0.0
VCLB_20260402.csv,2026-03-05 17:16:07,0.0
VCLB_20260402.csv,2026-03-05 17:19:07,0.0
VCLB_20260402.csv,2026-03-05 17:22:07,0.0
VCLB_20260402.csv,2026-03-05 17:25:07,0.0
VCLB_20260402.csv,2026-03-05 17:28:07,0.0
VCLB_20260402.csv,2026-03-05 17:31:07,0.0
VCLB_20260402.csv,2026-03-05 17:34:07,0.0
VCLB_20260402.csv,2026-03-05 17:37:07,0.0
VCLB_20260402.csv,2026-03-05 17:40:07,0.0
VCLB_20260402.csv,2026-03-05 17:43:07,0.0
VCLB_20260402.csv,2026-03-05 17:46:07,0.0
VCLB_20260402.csv,2026-03-05 17:49:07,0.0
VCLB_20260402.csv,2026-03-05 17:52:07,0.0
VCLB_20260402.csv,2026-03-05 17:55:07,0.0
VCLB_20260402.csv,2026-03-05 17:58:07,0.0
VCLB_20260402.csv,2026-03-05 18:01:07,0.0
VCLB_20260402.csv,2026-03-05 18:04:07,0.0
VCLB_20260402.csv,2026-03-05 18:07:07,0.0
VCLB_20260402.csv,2026-03-05 18:10:07,0.0
VCLB_20260402.csv,2026-03-05 18:13:07,0.0
VCLB_20260402.csv,2026-03-05 18:16:07,0.0
VCLB_20260402.csv,2026-03-05 18:19:07,0.0
VCLB_20260402.csv,2026-03-05 18:22:07,0.0
VCLB_20260402.csv,2026-03-05 18:25:07,0.0
VCLB_20260402.csv,2026-03-05 18:28:07,0.0
VCLB_20260402.csv,2026-03-05 18:31:07,0.0
VCLB_20260402.csv,2026-03-05 18:34:07,0.0
VCLB_20260402.csv,2026-03-05 18:37:07,0.0
VCLB_20260402.csv,2026-03-05 18:40:07,0.0
VCLB_20260402.csv,2026-03-05 18:43:07,0.0
VCLB_20260402.csv,2026-03-05 18:46:07,0.0
VCLB_20260402.csv,2026-03-05 18:49:07,0.0
VCLB_20260402.csv,2026-03-05 18:52:07,0.0
VCLB_20260402.csv,2026-03-05 18:55:07,0.0
VCLB_20260402.csv,2026-03-05 18:58:07,0.0
VCLB_20260402.csv,2026-03-05 19:01:07,0.0
VCLB_20260402.csv,2026-03-05 19:04:07,0.0
VCLB_20260402.csv,2026-03-05 19:07:07,0.0
VCLB_20260402.csv,2026-03-05 19:10:07,0.0
VCLB_20260402.csv,2026-03-05 19:13:07,0.0
VCLB_20260402.csv,2026-03-05 19:16:07,0.0
VCLB_20260402.csv,2026-03-05 19:19:07,0.0
VCLB_20260402.csv,2026-03-05 19:22:07,0.0
VCLB_20260402.csv,2026-03-05 19:25:07,0.0
VCLB_20260402.csv,2026-03-05 19:28:07,0.0
VCLB_20260402.csv,2026-03-05 19:31:07,0.0
VCLB_20260402.csv,2026-03-05 19:34:07,0.0
VCLB_20260402.csv,2026-03-05 19:37:07,0.0
VCLB_20260402.csv,2026-03-05 19:40:07,0.0
VCLB_20260402.csv,2026-03-05 19:43:07,0.0
VCLB_20260402.csv,2026-03-05 19:46:07,0.0
VCLB_20260402.csv,2026-03-05 19:49:07,0.0
VCLB_20260402.csv,2026-03-05 19:52:07,0.0
VCLB_20260402.csv,2026-03-05 19:55:07,0.0
VCLB_20260402.csv,2026-03-05 20:01:07,0.0
VCLB_20260402.csv,2026-03-05 20:04:07,0.0
VCLB_20260402.csv,2026-03-05 20:07:07,0.0
VCLB_20260402.csv,2026-03-05 20:10:07,0.0
VCLB_20260402.csv,2026-03-05 20:13:07,0.0
VCLB_20260402.csv,2026-03-05 20:16:07,0.0
VCLB_20260402.csv,2026-03-05 20:19:07,0.0
VCLB_20260402.csv,2026-03-05 20:22:07,0.0
VCLB_20260402.csv,2026-03-05 20:25:07,0.0
VCLB_20260402.csv,2026-03-05 20:28:07,0.0
VCLB_20260402.csv,2026-03-05 20:31:07,0.0
VCLB_20260402.csv,2026-03-05 20:34:07,0.0
VCLB_20260402.csv,2026-03-05 20:37:07,0.0
VCLB_20260402.csv,2026-03-05 20:40:07,0.0
VCLB_20260402.csv,2026-03-05 20:43:07,0.0
VCLB_20260402.csv,2026-03-05 20:46:07,0.0
VCLB_20260402.csv,2026-03-05 20:49:07,0.0
VCLB_20260402.csv,2026-03-05 20:52:07,0.0
VCLB_20260402.csv,2026-03-05 20:55:07,0.0
VCLB_20260402.csv,2026-03-05 20:58:07,0.0
VCLB_20260402.csv,2026-03-05 21:01:07,0.0
VCLB_20260402.csv,2026-03-05 21:04:07,0.0
VCLB_20260402.csv,2026-03-05 21:07:07,0.0
VCLB_20260402.csv,2026-03-05 21:10:07,0.0
VCLB_20260402.csv,2026-03-05 21:13:07,0.0
VCLB_20260402.csv,2026-03-05 21:16:07,0.0
VCLB_20260402.csv,2026-03-05 21:19:07,0.0
VCLB_20260402.csv,2026-03-05 21:22:07,0.0
VCLB_20260402.csv,2026-03-05 21:25:07,0.0
VCLB_20260402.csv,2026-03-05 21:28:07,0.0
VCLB_20260402.csv,2026-03-05 21:31:07,0.0
VCLB_20260402.csv,2026-03-05 21:34:07,0.0
VCLB_20260402.csv,2026-03-05 21:37:07,0.0
VCLB_20260402.csv,2026-03-05 21:40:07,0.0
VCLB_20260402.csv,2026-03-05 21:43:07,0.0
VCLB_20260402.csv,2026-03-05 21:46:07,0.0
VCLB_20260402.csv,2026-03-05 21:49:07,0.0
VCLB_20260402.csv,2026-03-05 21:52:07,0.0
VCLB_20260402.csv,2026-03-05 21:55:07,0.0
VCLB_20260402.csv,2026-03-05 21:58:07,0.0
VCLB_20260402.csv,2026-03-05 22:01:07,0.0
VCLB_20260402.csv,2026-03-05 22:04:07,0.0
VCLB_20260402.csv,2026-03-05 22:07:07,0.0
VCLB_20260402.csv,2026-03-05 22:10:07,0.0
VCLB_20260402.csv,2026-03-05 22:13:07,0.0
VCLB_20260402.csv,2026-03-05 22:16:07,0.0
VCLB_20260402.csv,2026-03-05 22:19:07,0.0
VCLB_20260402.csv,2026-03-05 22:22:07,0.0
VCLB_20260402.csv,2026-03-05 22:25:07,0.0
VCLB_20260402.csv,2026-03-05 22:28:07,0.0
VCLB_20260402.csv,2026-03-05 22:31:07,0.0
VCLB_20260402.csv,2026-03-05 22:34:07,0.0
VCLB_20260402.csv,2026-03-05 22:37:07,0.0
VCLB_20260402.csv,2026-03-05 22:40:07,0.0
VCLB_20260402.csv,2026-03-05 22:43:07,0.0
VCLB_20260402.csv,2026-03-05 22:46:07,0.0
VCLB_20260402.csv,2026-03-05 22:49:07,0.0
VCLB_20260402.csv,2026-03-05 22:52:07,0.0
VCLB_20260402.csv,2026-03-05 22:55:07,0.0
VCLB_20260402.csv,2026-03-05 22:58:07,0.0
VCLB_20260402.csv,2026-03-05 23:01:07,0.0
VCLB_20260402.csv,2026-03-05 23:04:07,0.0
VCLB_20260402.csv,2026-03-05 23:07:07,0.0
VCLB_20260402.csv,2026-03-05 23:10:07,0.0
VCLB_20260402.csv,2026-03-05 23:13:07,0.0
VCLB_20260402.csv,2026-03-05 23:16:07,0.0
VCLB_20260402.csv,2026-03-05 23:19:07,0.0
VCLB_20260402.csv,2026-03-05 23:22:07,0.0
VCLB_20260402.csv,2026-03-05 23:25:07,0.0
VCLB_20260402.csv,2026-03-05 23:28:07,0.0
VCLB_20260402.csv,2026-03-05 23:31:07,0.0
VCLB_20260402.csv,2026-03-05 23:34:07,0.0
VCLB_20260402.csv,2026-03-05 23:37:07,0.0
VCLB_20260402.csv,2026-03-05 23:40:07,0.0
VCLB_20260402.csv,2026-03-05 23:43:07,0.0
VCLB_20260402.csv,2026-03-05 23:46:07,0.0
VCLB_20260402.csv,2026-03-05 23:49:07,0.0
VCLB_20260402.csv,2026-03-05 23:52:07,0.0
VCLB_20260402.csv,2026-03-05 23:55:07,0.0
VCLB_20260402.csv,2026-03-05 23:58:07,0.0
VCLB_20260402.csv,2026-03-06 00:01:07,0.0
VCLB_20260402.csv,2026-03-06 00:04:07,0.0
VCLB_20260402.csv,2026-03-06 00:07:07,0.0
VCLB_20260402.csv,2026-03-06 00:10:07,0.0
VCLB_20260402.csv,2026-03-06 00:13:07,0.0
VCLB_20260402.csv,2026-03-06 00:16:07,0.0
VCLB_20260402.csv,2026-03-06 00:19:07,0.0
VCLB_20260402.csv,2026-03-06 00:22:07,0.0
VCLB_20260402.csv,2026-03-06 00:25:07,0.0
VCLB_20260402.csv,2026-03-06 00:28:07,0.0
VCLB_20260402.csv,2026-03-06 00:31:07,0.0
VCLB_20260402.csv,2026-03-06 00:34:07,0.0
VCLB_20260402.csv,2026-03-06 00:37:07,0.0
VCLB_20260402.csv,2026-03-06 00:40:07,0.0
VCLB_20260402.csv,2026-03-06 00:43:07,0.0
VCLB_20260402.csv,2026-03-06 00:46:07,0.0
VCLB_20260402.csv,2026-03-06 00:49:07,0.0
VCLB_20260402.csv,2026-03-06 00:52:07,0.0
VCLB_20260402.csv,2026-03-06 00:55:07,0.0
VCLB_20260402.csv,2026-03-06 00:58:07,0.0
VCLB_20260402.csv,2026-03-06 01:01:07,0.0
VCLB_20260402.csv,2026-03-06 01:04:07,0.0
VCLB_20260402.csv,2026-03-06 01:07:07,0.0
VCLB_20260402.csv,2026-03-06 01:10:07,0.0
VCLB_20260402.csv,2026-03-06 01:13:07,0.0
VCLB_20260402.csv,2026-03-06 01:16:07,0.0
VCLB_20260402.csv,2026-03-06 01:19:07,0.0
VCLB_20260402.csv,2026-03-06 01:22:07,0.0
VCLB_20260402.csv,2026-03-06 01:25:07,0.0
VCLB_20260402.csv,2026-03-06 01:28:07,0.0
VCLB_20260402.csv,2026-03-06 01:31:07,0.0
VCLB_20260402.csv,2026-03-06 01:34:07,0.0
VCLB_20260402.csv,2026-03-06 01:37:07,0.0
VCLB_20260402.csv,2026-03-06 01:40:07,0.0
VCLB_20260402.csv,2026-03-06 01:43:07,0.0
VCLB_20260402.csv,2026-03-06 01:46:07,0.0
VCLB_20260402.csv,2026-03-06 01:49:07,0.0
VCLB_20260402.csv,2026-03-06 01:52:07,0.0
VCLB_20260402.csv,2026-03-06 01:55:07,0.0
VCLB_20260402.csv,2026-03-06 01:58:07,0.0
VCLB_20260402.csv,2026-03-06 02:01:07,0.0
VCLB_20260402.csv,2026-03-06 02:04:07,0.0
VCLB_20260402.csv,2026-03-06 02:07:07,0.0
VCLB_20260402.csv,2026-03-06 02:10:07,0.0
VCLB_20260402.csv,2026-03-06 02:13:07,0.0
VCLB_20260402.csv,2026-03-06 02:16:07,0.0
VCLB_20260402.csv,2026-03-06 02:19:07,0.0
VCLB_20260402.csv,2026-03-06 02:22:07,0.0
VCLB_20260402.csv,2026-03-06 02:25:07,0.0
VCLB_20260402.csv,2026-03-06 02:28:07,0.0
VCLB_20260402.csv,2026-03-06 02:31:07,0.0
VCLB_20260402.csv,2026-03-06 02:34:07,0.0
VCLB_20260402.csv,2026-03-06 02:37:07,0.0
VCLB_20260402.csv,2026-03-06 02:40:07,0.0
VCLB_20260402.csv,2026-03-06 02:43:07,0.0
VCLB_20260402.csv,2026-03-06 02:46:07,0.0
VCLB_20260402.csv,2026-03-06 02:49:07,0.0
VCLB_20260402.csv,2026-03-06 02:52:07,0.0
VCLB_20260402.csv,2026-03-06 02:55:07,0.0
VCLB_20260402.csv,2026-03-06 02:58:07,0.0
VCLB_20260402.csv,2026-03-06 03:01:07,0.0
VCLB_20260402.csv,2026-03-06 03:04:07,0.0
VCLB_20260402.csv,2026-03-06 03:07:07,0.0
VCLB_20260402.csv,2026-03-06 03:10:07,0.0
VCLB_20260402.csv,2026-03-06 03:13:07,0.0
VCLB_20260402.csv,2026-03-06 03:16:07,0.0
VCLB_20260402.csv,2026-03-06 03:19:07,0.0
VCLB_20260402.csv,2026-03-06 03:22:07,0.0
VCLB_20260402.csv,2026-03-06 03:25:07,0.0
VCLB_20260402.csv,2026-03-06 03:28:07,0.0
VCLB_20260402.csv,2026-03-06 03:31:07,0.0
VCLB_20260402.csv,2026-03-06 03:34:07,0.0
VCLB_20260402.csv,2026-03-06 03:37:07,0.0
VCLB_20260402.csv,2026-03-06 03:40:07,0.0
VCLB_20260402.csv,2026-03-06 03:43:07,0.0
VCLB_20260402.csv,2026-03-06 03:46:07,0.0
VCLB_20260402.csv,2026-03-06 03:49:07,0.0
VCLB_20260402.csv,2026-03-06 03:52:07,0.0
VCLB_20260402.csv,2026-03-06 03:55:07,0.0
VCLB_20260402.csv,2026-03-06 03:58:07,0.0
VCLB_20260402.csv,2026-03-06 04:01:07,0.0
VCLB_20260402.csv,2026-03-06 04:04:07,0.0
VCLB_20260402.csv,2026-03-06 04:07:07,0.0
VCLB_20260402.csv,2026-03-06 04:10:07,0.0
VCLB_20260402.csv,2026-03-06 04:13:07,0.0
VCLB_20260402.csv,2026-03-06 04:16:07,0.0
VCLB_20260402.csv,2026-03-06 04:19:07,0.0
VCLB_20260402.csv,2026-03-06 04:22:07,0.0
VCLB_20260402.csv,2026-03-06 04:25:07,0.0
VCLB_20260402.csv,2026-03-06 04:28:07,0.0
VCLB_20260402.csv,2026-03-06 04:31:07,0.0
VCLB_20260402.csv,2026-03-06 04:37:07,0.0
VCLB_20260402.csv,2026-03-06 04:40:07,0.0
VCLB_20260402.csv,2026-03-06 04:43:07,0.0
VCLB_20260402.csv,2026-03-06 04:46:07,0.0
VCLB_20260402.csv,2026-03-06 04:49:07,0.0
VCLB_20260402.csv,2026-03-06 04:52:07,0.0
VCLB_20260402.csv,2026-03-06 04:55:07,0.0
VCLB_20260402.csv,2026-03-06 04:58:07,0.0
VCLB_20260402.csv,2026-03-06 05:01:07,0.0
VCLB_20260402.csv,2026-03-06 05:04:07,0.0
VCLB_20260402.csv,2026-03-06 05:07:07,0.0
VCLB_20260402.csv,2026-03-06 05:10:07,0.0
VCLB_20260402.csv,2026-03-06 05:13:07,0.0
VCLB_20260402.csv,2026-03-06 05:16:07,0.0
VCLB_20260402.csv,2026-03-06 05:19:07,0.0
VCLB_20260402.csv,2026-03-06 05:22:07,0.0
VCLB_20260402.csv,2026-03-06 05:25:07,0.0
VCLB_20260402.csv,2026-03-06 05:28:07,0.0
VCLB_20260402.csv,2026-03-06 05:31:07,0.0
VCLB_20260402.csv,2026-03-06 05:34:07,0.0
VCLB_20260402.csv,2026-03-06 05:37:07,0.0
VCLB_20260402.csv,2026-03-06 05:40:07,0.0
VCLB_20260402.csv,2026-03-06 05:43:07,0.0
VCLB_20260402.csv,2026-03-06 05:46:07,0.0
VCLB_20260402.csv,2026-03-06 05:49:07,0.0
VCLB_20260402.csv,2026-03-06 05:52:07,0.0
VCLB_20260402.csv,2026-03-06 05:55:07,0.0
VCLB_20260402.csv,2026-03-06 05:58:07,0.0
VCLB_20260402.csv,2026-03-06 06:01:07,0.0
VCLB_20260402.csv,2026-03-06 06:04:07,0.0
VCLB_20260402.csv,2026-03-06 06:07:07,0.0
VCLB_20260402.csv,2026-03-06 06:10:07,0.0
VCLB_20260402.csv,2026-03-06 06:13:07,0.0
VCLB_20260402.csv,2026-03-06 06:16:07,0.0
VCLB_20260402.csv,2026-03-06 06:19:07,0.0
VCLB_20260402.csv,2026-03-06 06:22:07,0.0
VCLB_20260402.csv,2026-03-06 06:25:08,0.0
VCLB_20260402.csv,2026-03-06 06:28:07,0.0
VCLB_20260402.csv,2026-03-06 06:31:07,0.0
VCLB_20260402.csv,2026-03-06 06:34:07,0.0
VCLB_20260402.csv,2026-03-06 06:37:07,0.0
VCLB_20260402.csv,2026-03-06 06:40:07,0.0
VCLB_20260402.csv,2026-03-06 06:43:07,0.0
VCLB_20260402.csv,2026-03-06 06:46:07,0.0
VCLB_20260402.csv,2026-03-06 06:49:07,0.0
VCLB_20260402.csv,2026-03-06 06:55:07,0.0
VCLB_20260402.csv,2026-03-06 06:58:07,0.0
VCLB_20260402.csv,2026-03-06 07:01:07,0.0
VCLB_20260402.csv,2026-03-06 07:04:07,0.0
VCLB_20260402.csv,2026-03-06 07:07:07,0.0
VCLB_20260402.csv,2026-03-06 07:10:07,0.0
VCLB_20260402.csv,2026-03-06 07:13:07,0.0
VCLB_20260402.csv,2026-03-06 07:16:07,0.0
VCLB_20260402.csv,2026-03-06 07:19:07,0.0
VCLB_20260402.csv,2026-03-06 07:22:07,0.0
VCLB_20260402.csv,2026-03-06 07:25:07,0.0
VCLB_20260402.csv,2026-03-06 07:28:07,0.0
VCLB_20260402.csv,2026-03-06 07:31:07,0.0
VCLB_20260402.csv,2026-03-06 07:34:07,0.0
VCLB_20260402.csv,2026-03-06 07:37:07,0.0
VCLB_20260402.csv,2026-03-06 07:40:07,0.0
VCLB_20260402.csv,2026-03-06 07:43:07,0.0
VCLB_20260402.csv,2026-03-06 07:46:07,0.0
VCLB_20260402.csv,2026-03-06 07:49:07,0.0
VCLB_20260402.csv,2026-03-06 07:52:07,0.0
VCLB_20260402.csv,2026-03-06 07:55:07,0.0
VCLB_20260402.csv,2026-03-06 07:58:07,0.0
VCLB_20260402.csv,2026-03-06 08:01:07,0.0
VCLB_20260402.csv,2026-03-06 08:04:07,0.0
VCLB_20260402.csv,2026-03-06 08:07:07,0.0
VCLB_20260402.csv,2026-03-06 08:10:07,0.0
VCLB_20260402.csv,2026-03-06 08:13:07,0.0
VCLB_20260402.csv,2026-03-06 08:19:07,0.0
VCLB_20260402.csv,2026-03-06 08:22:07,0.0
VCLB_20260402.csv,2026-03-06 08:25:07,0.0
VCLB_20260402.csv,2026-03-06 08:28:07,0.0
VCLB_20260402.csv,2026-03-06 08:31:07,0.0
VCLB_20260402.csv,2026-03-06 08:34:07,0.0
VCLB_20260402.csv,2026-03-06 08:37:07,0.0
VCLB_20260402.csv,2026-03-06 08:40:07,0.0
VCLB_20260402.csv,2026-03-06 08:43:07,0.0
VCLB_20260402.csv,2026-03-06 08:46:06,0.0
VCLB_20260402.csv,2026-03-06 08:49:07,0.0
VCLB_20260402.csv,2026-03-06 08:52:07,0.0
VCLB_20260402.csv,2026-03-06 08:55:07,0.0
VCLB_20260402.csv,2026-03-06 08:58:07,0.0
VCLB_20260402.csv,2026-03-06 09:01:06,0.0
VCLB_20260402.csv,2026-03-06 09:04:06,0.0
VCLB_20260402.csv,2026-03-06 09:07:06,0.0
VCLB_20260402.csv,2026-03-06 09:10:06,0.0
VCLB_20260402.csv,2026-03-06 09:13:06,0.0
VCLB_20260402.csv,2026-03-06 09:16:06,0.0
VCLB_20260402.csv,2026-03-06 09:19:06,0.0
VCLB_20260402.csv,2026-03-06 09:22:06,0.0
VCLB_20260402.csv,2026-03-06 09:25:06,0.0
VCLB_20260402.csv,2026-03-06 09:28:06,0.0
VCLB_20260402.csv,2026-03-06 09:31:06,0.0
VCLB_20260402.csv,2026-03-06 09:34:06,0.0
VCLB_20260402.csv,2026-03-06 09:37:06,0.0
VCLB_20260402.csv,2026-03-06 09:40:06,0.0
VCLB_20260402.csv,2026-03-06 09:43:06,0.0
VCLB_20260402.csv,2026-03-06 09:46:06,0.0
VCLB_20260402.csv,2026-03-06 09:49:06,0.0
VCLB_20260402.csv,2026-03-06 09:52:06,0.0
VCLB_20260402.csv,2026-03-06 09:55:06,0.0
VCLB_20260402.csv,2026-03-06 09:58:07,0.0
VCLB_20260402.csv,2026-03-06 10:01:06,0.0
VCLB_20260402.csv,2026-03-06 10:04:06,0.0
VCLB_20260402.csv,2026-03-06 10:07:06,0.0
VCLB_20260402.csv,2026-03-06 10:10:06,0.0
VCLB_20260402.csv,2026-03-06 10:13:06,0.0
VCLB_20260402.csv,2026-03-06 10:16:06,0.0
VCLB_20260402.csv,2026-03-06 10:19:06,0.0
VCLB_20260402.csv,2026-03-06 10:22:06,0.0
VCLB_20260402.csv,2026-03-06 10:25:06,0.0
VCLB_20260402.csv,2026-03-06 10:28:06,0.0
VCLB_20260402.csv,2026-03-06 10:31:06,0.0
VCLB_20260402.csv,2026-03-06 10:34:06,0.0
VCLB_20260402.csv,2026-03-06 10:37:06,0.0
VCLB_20260402.csv,2026-03-06 10:40:06,0.0
VCLB_20260402.csv,2026-03-06 10:43:06,0.0
VCLB_20260402.csv,2026-03-06 10:46:06,0.0
VCLB_20260402.csv,2026-03-06 10:49:06,0.0
VCLB_20260402.csv,2026-03-06 10:52:06,0.0
VCLB_20260402.csv,2026-03-06 10:55:06,0.0
VCLB_20260402.csv,2026-03-06 10:58:06,0.0
VCLB_20260402.csv,2026-03-06 11:01:06,0.0
VCLB_20260402.csv,2026-03-06 11:04:06,0.0
VCLB_20260402.csv,2026-03-06 11:07:06,0.0
VCLB_20260402.csv,2026-03-06 11:10:06,0.0
VCLB_20260402.csv,2026-03-06 11:13:06,0.0
VCLB_20260402.csv,2026-03-06 11:16:06,0.0
VCLB_20260402.csv,2026-03-06 11:19:06,0.0
VCLB_20260402.csv,2026-03-06 11:22:06,0.0
VCLB_20260402.csv,2026-03-06 11:25:06,0.0
VCLB_20260402.csv,2026-03-06 11:28:06,0.0
VCLB_20260402.csv,2026-03-06 11:31:06,0.0
VCLB_20260402.csv,2026-03-06 11:34:06,0.0
VCLB_20260402.csv,2026-03-06 11:37:06,0.0
VCLB_20260402.csv,2026-03-06 11:40:06,0.0
VCLB_20260402.csv,2026-03-06 11:43:06,0.0
VCLB_20260402.csv,2026-03-06 11:46:06,0.0
VCLB_20260402.csv,2026-03-06 11:49:06,0.0
VCLB_20260402.csv,2026-03-06 11:52:06,0.0
VCLB_20260402.csv,2026-03-06 11:55:06,0.0
VCLB_20260402.csv,2026-03-06 11:58:06,0.0
VCLB_20260402.csv,2026-03-06 12:01:06,0.0
VCLB_20260402.csv,2026-03-06 12:04:06,0.0
VCLB_20260402.csv,2026-03-06 12:07:06,0.0
VCLB_20260402.csv,2026-03-06 12:10:06,0.0
VCLB_20260402.csv,2026-03-06 12:13:06,0.0
VCLB_20260402.csv,2026-03-06 12:16:06,0.0
VCLB_20260402.csv,2026-03-06 12:19:06,0.0
VCLB_20260402.csv,2026-03-06 12:22:06,0.0
VCLB_20260402.csv,2026-03-06 12:25:06,0.0
VCLB_20260402.csv,2026-03-06 12:28:06,0.0
VCLB_20260402.csv,2026-03-06 12:31:06,0.0
VCLB_20260402.csv,2026-03-06 12:34:06,0.0
VCLB_20260402.csv,2026-03-06 12:37:06,0.0
VCLB_20260402.csv,2026-03-06 12:40:06,0.0
VCLB_20260402.csv,2026-03-06 12:43:06,0.0
VCLB_20260402.csv,2026-03-06 12:46:06,0.0
VCLB_20260402.csv,2026-03-06 12:49:06,0.0
VCLB_20260402.csv,2026-03-06 12:52:06,0.0
VCLB_20260402.csv,2026-03-06 12:55:06,0.0
VCLB_20260402.csv,2026-03-06 12:58:06,0.0
VCLB_20260402.csv,2026-03-06 13:01:06,0.0
VCLB_20260402.csv,2026-03-06 13:04:06,0.0
VCLB_20260402.csv,2026-03-06 13:07:06,0.0
VCLB_20260402.csv,2026-03-06 13:10:06,0.0
VCLB_20260402.csv,2026-03-06 13:13:06,0.0
VCLB_20260402.csv,2026-03-06 13:16:06,0.0
VCLB_20260402.csv,2026-03-06 13:19:06,0.0
VCLB_20260402.csv,2026-03-06 13:22:06,0.0
VCLB_20260402.csv,2026-03-06 13:25:06,0.0
VCLB_20260402.csv,2026-03-06 13:28:06,0.0
VCLB_20260402.csv,2026-03-06 13:31:06,0.0
VCLB_20260402.csv,2026-03-06 13:34:06,0.0
VCLB_20260402.csv,2026-03-06 13:37:06,0.0
VCLB_20260402.csv,2026-03-06 13:40:06,0.0
VCLB_20260402.csv,2026-03-06 13:43:06,0.0
VCLB_20260402.csv,2026-03-06 13:46:06,0.0
VCLB_20260402.csv,2026-03-06 13:49:06,0.0
VCLB_20260402.csv,2026-03-06 13:52:06,0.0
VCLB_20260402.csv,2026-03-06 13:55:06,0.0
VCLB_20260402.csv,2026-03-06 13:58:06,0.0
VCLB_20260402.csv,2026-03-06 14:01:06,0.0
VCLB_20260402.csv,2026-03-06 14:04:06,0.0
VCLB_20260402.csv,2026-03-06 14:07:06,0.0
VCLB_20260402.csv,2026-03-06 14:10:06,0.0
VCLB_20260402.csv,2026-03-06 14:13:06,0.0
VCLB_20260402.csv,2026-03-06 14:16:06,0.0
VCLB_20260402.csv,2026-03-06 14:19:06,0.0
VCLB_20260402.csv,2026-03-06 14:22:06,0.0
VCLB_20260402.csv,2026-03-06 14:25:06,0.0
VCLB_20260402.csv,2026-03-06 14:28:06,0.0
VCLB_20260402.csv,2026-03-06 14:31:06,0.0
VCLB_20260402.csv,2026-03-06 14:34:06,0.0
VCLB_20260402.csv,2026-03-06 14:37:06,0.0
VCLB_20260402.csv,2026-03-06 14:40:06,0.0
VCLB_20260402.csv,2026-03-06 14:43:06,0.0
VCLB_20260402.csv,2026-03-06 14:46:06,0.0
VCLB_20260402.csv,2026-03-06 14:49:06,0.0
VCLB_20260402.csv,2026-03-06 14:52:06,0.0
VCLB_20260402.csv,2026-03-06 14:55:06,0.0
VCLB_20260402.csv,2026-03-06 14:58:06,0.0
VCLB_20260402.csv,2026-03-06 15:01:06,0.0
VCLB_20260402.csv,2026-03-06 15:04:06,0.0
VCLB_20260402.csv,2026-03-06 15:07:06,0.0
VCLB_20260402.csv,2026-03-06 15:10:06,0.0
VCLB_20260402.csv,2026-03-06 15:13:06,0.0
VCLB_20260402.csv,2026-03-06 15:16:06,0.0
VCLB_20260402.csv,2026-03-06 15:19:06,0.0
VCLB_20260402.csv,2026-03-06 15:22:06,0.0
VCLB_20260402.csv,2026-03-06 15:25:06,0.0
VCLB_20260402.csv,2026-03-06 15:28:06,0.0
VCLB_20260402.csv,2026-03-06 15:31:06,0.0
VCLB_20260402.csv,2026-03-06 15:34:06,0.0
VCLB_20260402.csv,2026-03-06 15:37:06,0.0
VCLB_20260402.csv,2026-03-06 15:43:06,0.0
VCLB_20260402.csv,2026-03-06 15:46:06,0.0
VCLB_20260402.csv,2026-03-06 15:49:06,0.0
VCLB_20260402.csv,2026-03-06 15:52:06,0.0
VCLB_20260402.csv,2026-03-06 15:55:06,0.0
VCLB_20260402.csv,2026-03-06 15:58:06,0.0
VCLB_20260402.csv,2026-03-06 16:01:06,0.0
VCLB_20260402.csv,2026-03-06 16:04:06,0.0
VCLB_20260402.csv,2026-03-06 16:07:06,0.0
VCLB_20260402.csv,2026-03-06 16:10:06,0.0
VCLB_20260402.csv,2026-03-06 16:13:06,0.0
VCLB_20260402.csv,2026-03-06 16:16:06,0.0
VCLB_20260402.csv,2026-03-06 16:19:06,0.0
VCLB_20260402.csv,2026-03-06 16:22:06,0.0
VCLB_20260402.csv,2026-03-06 16:25:06,0.0
VCLB_20260402.csv,2026-03-06 16:28:06,0.0
VCLB_20260402.csv,2026-03-06 16:31:06,0.0
VCLB_20260402.csv,2026-03-06 16:34:06,0.0
VCLB_20260402.csv,2026-03-06 16:37:06,0.0
VCLB_20260402.csv,2026-03-06 16:40:06,0.0
VCLB_20260402.csv,2026-03-06 16:43:06,0.0
VCLB_20260402.csv,2026-03-06 16:46:06,0.0
VCLB_20260402.csv,2026-03-06 16:49:06,0.0
VCLB_20260402.csv,2026-03-06 16:52:06,0.0
VCLB_20260402.csv,2026-03-06 16:55:06,0.0
VCLB_20260402.csv,2026-03-06 16:58:06,0.0
VCLB_20260402.csv,2026-03-06 17:01:06,0.0
VCLB_20260402.csv,2026-03-06 17:04:06,0.0
VCLB_20260402.csv,2026-03-06 17:07:06,0.0
VCLB_20260402.csv,2026-03-06 17:10:06,0.0
VCLB_20260402.csv,2026-03-06 17:13:06,0.0
VCLB_20260402.csv,2026-03-06 17:16:06,0.0
VCLB_20260402.csv,2026-03-06 17:19:06,0.0
VCLB_20260402.csv,2026-03-06 17:22:06,0.0
VCLB_20260402.csv,2026-03-06 17:25:06,0.0
VCLB_20260402.csv,2026-03-06 17:28:06,0.0
VCLB_20260402.csv,2026-03-06 17:31:06,0.0
VCLB_20260402.csv,2026-03-06 17:34:06,0.0
VCLB_20260402.csv,2026-03-06 17:37:06,0.0
VCLB_20260402.csv,2026-03-06 17:40:06,0.0
VCLB_20260402.csv,2026-03-06 17:43:06,0.0
VCLB_20260402.csv,2026-03-06 17:46:06,0.0
VCLB_20260402.csv,2026-03-06 17:49:06,0.0
VCLB_20260402.csv,2026-03-06 17:52:06,0.0
VCLB_20260402.csv,2026-03-06 17:55:06,0.0
VCLB_20260402.csv,2026-03-06 17:58:06,0.0
VCLB_20260402.csv,2026-03-06 18:01:06,0.0
VCLB_20260402.csv,2026-03-06 18:04:06,0.0
VCLB_20260402.csv,2026-03-06 18:07:06,0.0
VCLB_20260402.csv,2026-03-06 18:10:06,0.0
VCLB_20260402.csv,2026-03-06 18:13:06,0.0
VCLB_20260402.csv,2026-03-06 18:16:06,0.0
VCLB_20260402.csv,2026-03-06 18:19:06,0.0
VCLB_20260402.csv,2026-03-06 18:22:06,0.0
VCLB_20260402.csv,2026-03-06 18:25:06,0.0
VCLB_20260402.csv,2026-03-06 18:28:06,0.0
VCLB_20260402.csv,2026-03-06 18:31:06,0.0
VCLB_20260402.csv,2026-03-06 18:34:06,0.0
VCLB_20260402.csv,2026-03-06 18:37:06,0.0
VCLB_20260402.csv,2026-03-06 18:40:06,0.0
VCLB_20260402.csv,2026-03-06 18:43:06,0.0
VCLB_20260402.csv,2026-03-06 18:46:06,0.0
VCLB_20260402.csv,2026-03-06 18:49:06,0.0
VCLB_20260402.csv,2026-03-06 18:52:06,0.0
VCLB_20260402.csv,2026-03-06 18:55:06,0.0
VCLB_20260402.csv,2026-03-06 18:58:06,0.0
VCLB_20260402.csv,2026-03-06 19:01:06,0.0
VCLB_20260402.csv,2026-03-06 19:04:06,0.0
VCLB_20260402.csv,2026-03-06 19:07:06,0.0
VCLB_20260402.csv,2026-03-06 19:10:06,0.0
VCLB_20260402.csv,2026-03-06 19:13:06,0.0
VCLB_20260402.csv,2026-03-06 19:16:06,0.0
VCLB_20260402.csv,2026-03-06 19:19:06,0.0
VCLB_20260402.csv,2026-03-06 19:22:06,0.0
VCLB_20260402.csv,2026-03-06 19:25:06,0.0
VCLB_20260402.csv,2026-03-06 19:28:06,0.0
VCLB_20260402.csv,2026-03-06 19:31:06,0.0
VCLB_20260402.csv,2026-03-06 19:34:06,0.0
VCLB_20260402.csv,2026-03-06 19:37:06,0.0
VCLB_20260402.csv,2026-03-06 19:40:06,0.0
VCLB_20260402.csv,2026-03-06 19:43:06,0.0
VCLB_20260402.csv,2026-03-06 19:46:06,0.0
VCLB_20260402.csv,2026-03-06 19:49:06,0.0
VCLB_20260402.csv,2026-03-06 19:52:06,0.0
VCLB_20260402.csv,2026-03-06 19:55:06,0.0
VCLB_20260402.csv,2026-03-06 19:58:06,0.0
VCLB_20260402.csv,2026-03-06 20:01:06,0.0
VCLB_20260402.csv,2026-03-06 20:04:06,0.0
VCLB_20260402.csv,2026-03-06 20:07:06,0.0
VCLB_20260402.csv,2026-03-06 20:10:06,0.0
VCLB_20260402.csv,2026-03-06 20:13:06,0.0
VCLB_20260402.csv,2026-03-06 20:16:06,0.0
VCLB_20260402.csv,2026-03-06 20:19:06,0.0
VCLB_20260402.csv,2026-03-06 20:22:06,0.0
VCLB_20260402.csv,2026-03-06 20:25:06,0.0
VCLB_20260402.csv,2026-03-06 20:28:06,0.0
VCLB_20260402.csv,2026-03-06 20:31:06,0.0
VCLB_20260402.csv,2026-03-06 20:34:06,0.0
VCLB_20260402.csv,2026-03-06 20:37:06,0.0
VCLB_20260402.csv,2026-03-06 20:40:06,0.0
VCLB_20260402.csv,2026-03-06 20:43:06,0.0
VCLB_20260402.csv,2026-03-06 20:46:06,0.0
VCLB_20260402.csv,2026-03-06 20:49:06,0.0
VCLB_20260402.csv,2026-03-06 20:52:06,0.0
VCLB_20260402.csv,2026-03-06 20:55:06,0.0
VCLB_20260402.csv,2026-03-06 20:58:06,0.0
VCLB_20260402.csv,2026-03-06 21:01:06,0.0
VCLB_20260402.csv,2026-03-06 21:04:06,0.0
VCLB_20260402.csv,2026-03-06 21:07:06,0.0
VCLB_20260402.csv,2026-03-06 21:10:06,0.0
VCLB_20260402.csv,2026-03-06 21:13:06,0.0
VCLB_20260402.csv,2026-03-06 21:16:06,0.0
VCLB_20260402.csv,2026-03-06 21:19:06,0.0
VCLB_20260402.csv,2026-03-06 21:22:06,0.0
VCLB_20260402.csv,2026-03-06 21:25:06,0.0
VCLB_20260402.csv,2026-03-06 21:28:06,0.0
VCLB_20260402.csv,2026-03-06 21:31:06,0.0
VCLB_20260402.csv,2026-03-06 21:34:06,0.0
VCLB_20260402.csv,2026-03-06 21:37:06,0.0
VCLB_20260402.csv,2026-03-06 21:40:06,0.0
VCLB_20260402.csv,2026-03-06 21:43:06,0.0
VCLB_20260402.csv,2026-03-06 21:46:06,0.0
VCLB_20260402.csv,2026-03-06 21:49:06,0.0
VCLB_20260402.csv,2026-03-06 21:52:06,0.0
VCLB_20260402.csv,2026-03-06 21:55:06,0.0
VCLB_20260402.csv,2026-03-06 21:58:06,0.0
VCLB_20260402.csv,2026-03-06 22:01:06,0.0
VCLB_20260402.csv,2026-03-06 22:04:06,0.0
VCLB_20260402.csv,2026-03-06 22:07:06,0.0
VCLB_20260402.csv,2026-03-06 22:10:06,0.0
VCLB_20260402.csv,2026-03-06 22:13:06,0.0
VCLB_20260402.csv,2026-03-06 22:16:06,0.0
VCLB_20260402.csv,2026-03-06 22:19:06,0.0
VCLB_20260402.csv,2026-03-06 22:22:06,0.0
VCLB_20260402.csv,2026-03-06 22:25:06,0.0
VCLB_20260402.csv,2026-03-06 22:28:06,0.0
VCLB_20260402.csv,2026-03-06 22:31:06,0.0
VCLB_20260402.csv,2026-03-06 22:34:06,0.0
VCLB_20260402.csv,2026-03-06 22:37:06,0.0
VCLB_20260402.csv,2026-03-06 22:40:06,0.0
VCLB_20260402.csv,2026-03-06 22:43:06,0.0
VCLB_20260402.csv,2026-03-06 22:46:06,0.0
VCLB_20260402.csv,2026-03-06 22:49:06,0.0
VCLB_20260402.csv,2026-03-06 22:52:06,0.0
VCLB_20260402.csv,2026-03-06 22:55:06,0.0
VCLB_20260402.csv,2026-03-06 22:58:06,0.0
VCLB_20260402.csv,2026-03-06 23:01:06,0.0
VCLB_20260402.csv,2026-03-06 23:04:06,0.0
VCLB_20260402.csv,2026-03-06 23:07:06,0.0
VCLB_20260402.csv,2026-03-06 23:10:06,0.0
VCLB_20260402.csv,2026-03-06 23:13:06,0.0
VCLB_20260402.csv,2026-03-06 23:16:06,0.0
VCLB_20260402.csv,2026-03-06 23:19:06,0.0
VCLB_20260402.csv,2026-03-06 23:22:06,0.0
VCLB_20260402.csv,2026-03-06 23:25:06,0.0
VCLB_20260402.csv,2026-03-06 23:28:06,0.0
VCLB_20260402.csv,2026-03-06 23:31:06,0.0
VCLB_20260402.csv,2026-03-06 23:34:06,0.0
VCLB_20260402.csv,2026-03-06 23:37:06,0.0
VCLB_20260402.csv,2026-03-06 23:40:06,0.0
VCLB_20260402.csv,2026-03-06 23:43:06,0.0
VCLB_20260402.csv,2026-03-06 23:46:06,0.0
VCLB_20260402.csv,2026-03-06 23:49:06,0.0
VCLB_20260402.csv,2026-03-06 23:52:06,0.0
VCLB_20260402.csv,2026-03-06 23:55:06,0.0
VCLB_20260402.csv,2026-03-06 23:58:06,0.0
VCLB_20260402.csv,2026-03-07 00:01:06,0.0
VCLB_20260402.csv,2026-03-07 00:04:06,0.0
VCLB_20260402.csv,2026-03-07 00:07:06,0.0
VCLB_20260402.csv,2026-03-07 00:10:06,0.0
VCLB_20260402.csv,2026-03-07 00:13:05,0.0
VCLB_20260402.csv,2026-03-07 00:16:05,0.0
VCLB_20260402.csv,2026-03-07 00:19:06,0.0
VCLB_20260402.csv,2026-03-07 00:22:06,0.0
VCLB_20260402.csv,2026-03-07 00:25:05,0.0
VCLB_20260402.csv,2026-03-07 00:28:06,0.0
VCLB_20260402.csv,2026-03-07 00:31:06,0.0
VCLB_20260402.csv,2026-03-07 00:34:05,0.0
VCLB_20260402.csv,2026-03-07 00:37:06,0.0
VCLB_20260402.csv,2026-03-07 00:40:05,0.0
VCLB_20260402.csv,2026-03-07 00:43:05,0.0
VCLB_20260402.csv,2026-03-07 00:46:05,0.0
VCLB_20260402.csv,2026-03-07 00:49:05,0.0
VCLB_20260402.csv,2026-03-07 00:52:05,0.0
VCLB_20260402.csv,2026-03-07 00:55:05,0.0
VCLB_20260402.csv,2026-03-07 00:58:05,0.0
VCLB_20260402.csv,2026-03-07 01:01:05,0.0
VCLB_20260402.csv,2026-03-07 01:04:05,0.0
VCLB_20260402.csv,2026-03-07 01:07:05,0.0
VCLB_20260402.csv,2026-03-07 01:10:05,0.0
VCLB_20260402.csv,2026-03-07 01:13:05,0.0
VCLB_20260402.csv,2026-03-07 01:16:05,0.0
VCLB_20260402.csv,2026-03-07 01:19:05,0.0
VCLB_20260402.csv,2026-03-07 01:22:05,0.0
VCLB_20260402.csv,2026-03-07 01:25:05,0.0
VCLB_20260402.csv,2026-03-07 01:28:05,0.0
VCLB_20260402.csv,2026-03-07 01:31:05,0.0
VCLB_20260402.csv,2026-03-07 01:34:05,0.0
VCLB_20260402.csv,2026-03-07 01:37:05,0.0
VCLB_20260402.csv,2026-03-07 01:40:05,0.0
VCLB_20260402.csv,2026-03-07 01:43:05,0.0
VCLB_20260402.csv,2026-03-07 01:46:05,0.0
VCLB_20260402.csv,2026-03-07 01:49:05,0.0
VCLB_20260402.csv,2026-03-07 01:52:05,0.0
VCLB_20260402.csv,2026-03-07 01:55:05,0.0
VCLB_20260402.csv,2026-03-07 01:58:05,0.0
VCLB_20260402.csv,2026-03-07 02:01:05,0.0
VCLB_20260402.csv,2026-03-07 02:04:05,0.0
VCLB_20260402.csv,2026-03-07 02:07:05,0.0
VCLB_20260402.csv,2026-03-07 02:10:05,0.0
VCLB_20260402.csv,2026-03-07 02:13:05,0.0
VCLB_20260402.csv,2026-03-07 02:16:05,0.0
VCLB_20260402.csv,2026-03-07 02:19:05,0.0
VCLB_20260402.csv,2026-03-07 02:22:05,0.0
VCLB_20260402.csv,2026-03-07 02:25:05,0.0
VCLB_20260402.csv,2026-03-07 02:28:05,0.0
VCLB_20260402.csv,2026-03-07 02:31:05,0.0
VCLB_20260402.csv,2026-03-07 02:34:05,0.0
VCLB_20260402.csv,2026-03-07 02:37:05,0.0
VCLB_20260402.csv,2026-03-07 02:40:05,0.0
VCLB_20260402.csv,2026-03-07 02:43:05,0.0
VCLB_20260402.csv,2026-03-07 02:46:05,0.0
VCLB_20260402.csv,2026-03-07 02:49:05,0.0
VCLB_20260402.csv,2026-03-07 02:52:05,0.0
VCLB_20260402.csv,2026-03-07 02:55:05,0.0
VCLB_20260402.csv,2026-03-07 02:58:05,0.0
VCLB_20260402.csv,2026-03-07 03:01:05,0.0
VCLB_20260402.csv,2026-03-07 03:04:05,0.0
VCLB_20260402.csv,2026-03-07 03:07:05,0.0
VCLB_20260402.csv,2026-03-07 03:10:05,0.0
VCLB_20260402.csv,2026-03-07 03:13:05,0.0
VCLB_20260402.csv,2026-03-07 03:16:05,0.0
VCLB_20260402.csv,2026-03-07 03:19:05,0.0
VCLB_20260402.csv,2026-03-07 03:22:05,0.0
VCLB_20260402.csv,2026-03-07 03:25:05,0.0
VCLB_20260402.csv,2026-03-07 03:28:05,0.0
VCLB_20260402.csv,2026-03-07 03:31:05,0.0
VCLB_20260402.csv,2026-03-07 03:34:05,0.0
VCLB_20260402.csv,2026-03-07 03:37:05,0.0
VCLB_20260402.csv,2026-03-07 03:40:05,0.0
VCLB_20260402.csv,2026-03-07 03:43:05,0.0
VCLB_20260402.csv,2026-03-07 03:46:05,0.0
VCLB_20260402.csv,2026-03-07 03:49:05,0.0
VCLB_20260402.csv,2026-03-07 03:52:05,0.0
VCLB_20260402.csv,2026-03-07 03:55:05,0.0
VCLB_20260402.csv,2026-03-07 03:58:05,0.0
VCLB_20260402.csv,2026-03-07 04:01:05,0.0
VCLB_20260402.csv,2026-03-07 04:04:05,0.0
VCLB_20260402.csv,2026-03-07 04:07:05,0.0
VCLB_20260402.csv,2026-03-07 04:10:05,0.0
VCLB_20260402.csv,2026-03-07 04:13:05,0.0
VCLB_20260402.csv,2026-03-07 04:16:05,0.0
VCLB_20260402.csv,2026-03-07 04:19:05,0.0
VCLB_20260402.csv,2026-03-07 04:22:05,0.0
VCLB_20260402.csv,2026-03-07 04:25:05,0.0
VCLB_20260402.csv,2026-03-07 04:28:07,0.0
VCLB_20260402.csv,2026-03-07 04:31:05,0.0
VCLB_20260402.csv,2026-03-07 04:34:05,0.0
VCLB_20260402.csv,2026-03-07 04:37:05,0.0
VCLB_20260402.csv,2026-03-07 04:40:05,0.0
VCLB_20260402.csv,2026-03-07 04:43:05,0.0
VCLB_20260402.csv,2026-03-07 04:46:05,0.0
VCLB_20260402.csv,2026-03-07 04:49:05,0.0
VCLB_20260402.csv,2026-03-07 04:52:05,0.0
VCLB_20260402.csv,2026-03-07 04:55:05,0.0
VCLB_20260402.csv,2026-03-07 04:58:05,0.0
VCLB_20260402.csv,2026-03-07 05:01:05,0.0
VCLB_20260402.csv,2026-03-07 05:04:05,0.0
VCLB_20260402.csv,2026-03-07 05:07:05,0.0
VCLB_20260402.csv,2026-03-07 05:10:05,0.0
VCLB_20260402.csv,2026-03-07 05:13:05,0.0
VCLB_20260402.csv,2026-03-07 05:16:05,0.0
VCLB_20260402.csv,2026-03-07 05:19:05,0.0
VCLB_20260402.csv,2026-03-07 05:22:05,0.0
VCLB_20260402.csv,2026-03-07 05:25:05,0.0
VCLB_20260402.csv,2026-03-07 05:28:05,0.0
VCLB_20260402.csv,2026-03-07 05:31:05,0.0
VCLB_20260402.csv,2026-03-07 05:34:05,0.0
VCLB_20260402.csv,2026-03-07 05:37:05,0.0
VCLB_20260402.csv,2026-03-07 05:40:05,0.0
VCLB_20260402.csv,2026-03-07 05:43:05,0.0
VCLB_20260402.csv,2026-03-07 05:46:05,0.0
VCLB_20260402.csv,2026-03-07 05:49:05,0.0
VCLB_20260402.csv,2026-03-07 05:52:05,0.0
VCLB_20260402.csv,2026-03-07 05:55:05,0.0
VCLB_20260402.csv,2026-03-07 05:58:05,0.0
VCLB_20260402.csv,2026-03-07 06:01:05,0.0
VCLB_20260402.csv,2026-03-07 06:04:05,0.0
VCLB_20260402.csv,2026-03-07 06:07:05,0.0
VCLB_20260402.csv,2026-03-07 06:10:05,0.0
VCLB_20260402.csv,2026-03-07 06:13:05,0.0
VCLB_20260402.csv,2026-03-07 06:16:05,0.0
VCLB_20260402.csv,2026-03-07 06:19:05,0.0
VCLB_20260402.csv,2026-03-07 06:22:05,0.0
VCLB_20260402.csv,2026-03-07 06:25:05,0.0
VCLB_20260402.csv,2026-03-07 06:28:05,0.0
VCLB_20260402.csv,2026-03-07 06:31:05,0.0
VCLB_20260402.csv,2026-03-07 06:34:05,0.0
VCLB_20260402.csv,2026-03-07 06:37:05,0.0
VCLB_20260402.csv,2026-03-07 06:40:05,0.0
VCLB_20260402.csv,2026-03-07 06:43:05,0.0
VCLB_20260402.csv,2026-03-07 06:46:05,0.0
VCLB_20260402.csv,2026-03-07 06:49:05,0.0
VCLB_20260402.csv,2026-03-07 06:52:05,0.0
VCLB_20260402.csv,2026-03-07 06:55:05,0.0
VCLB_20260402.csv,2026-03-07 06:58:05,0.0
VCLB_20260402.csv,2026-03-07 07:01:05,0.0
VCLB_20260402.csv,2026-03-07 07:04:05,0.0
VCLB_20260402.csv,2026-03-07 07:07:05,0.0
VCLB_20260402.csv,2026-03-07 07:10:05,0.0
VCLB_20260402.csv,2026-03-07 07:13:05,0.0
VCLB_20260402.csv,2026-03-07 07:16:05,0.0
VCLB_20260402.csv,2026-03-07 07:19:05,0.0
VCLB_20260402.csv,2026-03-07 07:22:05,0.0
VCLB_20260402.csv,2026-03-07 07:25:05,0.0
VCLB_20260402.csv,2026-03-07 07:28:05,0.0
VCLB_20260402.csv,2026-03-07 07:31:05,0.0
VCLB_20260402.csv,2026-03-07 07:34:05,0.0
VCLB_20260402.csv,2026-03-07 07:37:05,0.0
VCLB_20260402.csv,2026-03-07 07:40:05,0.0
VCLB_20260402.csv,2026-03-07 07:43:05,0.0
VCLB_20260402.csv,2026-03-07 07:46:05,0.0
VCLB_20260402.csv,2026-03-07 07:49:05,0.0
VCLB_20260402.csv,2026-03-07 07:52:05,0.0
VCLB_20260402.csv,2026-03-07 07:55:05,0.0
VCLB_20260402.csv,2026-03-07 07:58:05,0.0
VCLB_20260402.csv,2026-03-07 08:01:05,0.0
VCLB_20260402.csv,2026-03-07 08:04:05,0.0
VCLB_20260402.csv,2026-03-07 08:07:05,0.0
VCLB_20260402.csv,2026-03-07 08:10:05,0.0
VCLB_20260402.csv,2026-03-07 08:13:05,0.0
VCLB_20260402.csv,2026-03-07 08:16:05,0.0
VCLB_20260402.csv,2026-03-07 08:19:05,0.0
VCLB_20260402.csv,2026-03-07 08:22:05,0.0
VCLB_20260402.csv,2026-03-07 08:25:05,0.0
VCLB_20260402.csv,2026-03-07 08:28:05,0.0
VCLB_20260402.csv,2026-03-07 08:31:05,0.0
VCLB_20260402.csv,2026-03-07 08:34:05,0.0
VCLB_20260402.csv,2026-03-07 08:37:05,0.0
VCLB_20260402.csv,2026-03-07 08:40:05,0.0
VCLB_20260402.csv,2026-03-07 08:43:05,0.0
VCLB_20260402.csv,2026-03-07 08:46:05,0.0
VCLB_20260402.csv,2026-03-07 08:49:05,0.0
VCLB_20260402.csv,2026-03-07 08:52:05,0.0
VCLB_20260402.csv,2026-03-07 08:55:05,0.0
VCLB_20260402.csv,2026-03-07 08:58:05,0.0
VCLB_20260402.csv,2026-03-07 09:01:05,0.0
VCLB_20260402.csv,2026-03-07 09:04:05,0.0
VCLB_20260402.csv,2026-03-07 09:07:05,0.0
VCLB_20260402.csv,2026-03-07 09:10:05,0.0
VCLB_20260402.csv,2026-03-07 09:13:05,0.0
VCLB_20260402.csv,2026-03-07 09:16:05,0.0
VCLB_20260402.csv,2026-03-07 09:19:05,0.0
VCLB_20260402.csv,2026-03-07 09:22:05,0.0
VCLB_20260402.csv,2026-03-07 09:25:05,0.0
VCLB_20260402.csv,2026-03-07 09:28:05,0.0
VCLB_20260402.csv,2026-03-07 09:31:05,0.0
VCLB_20260402.csv,2026-03-07 09:34:05,0.0
VCLB_20260402.csv,2026-03-07 09:37:05,0.0
VCLB_20260402.csv,2026-03-07 09:40:05,0.0
VCLB_20260402.csv,2026-03-07 09:43:05,0.0
VCLB_20260402.csv,2026-03-07 09:46:05,0.0
VCLB_20260402.csv,2026-03-07 09:49:05,0.0
VCLB_20260402.csv,2026-03-07 09:52:05,0.0
VCLB_20260402.csv,2026-03-07 09:55:05,0.0
VCLB_20260402.csv,2026-03-07 09:58:05,0.0
VCLB_20260402.csv,2026-03-07 10:01:05,0.0
VCLB_20260402.csv,2026-03-07 10:04:05,0.0
VCLB_20260402.csv,2026-03-07 10:07:05,0.0
VCLB_20260402.csv,2026-03-07 10:10:05,0.0
VCLB_20260402.csv,2026-03-07 10:13:05,0.0
VCLB_20260402.csv,2026-03-07 10:16:05,0.0
VCLB_20260402.csv,2026-03-07 10:19:05,0.0
VCLB_20260402.csv,2026-03-07 10:22:05,0.0
VCLB_20260402.csv,2026-03-07 10:25:05,0.0
VCLB_20260402.csv,2026-03-07 10:28:05,0.0
VCLB_20260402.csv,2026-03-07 10:31:05,0.0
VCLB_20260402.csv,2026-03-07 10:34:05,0.0
VCLB_20260402.csv,2026-03-07 10:37:05,0.0
VCLB_20260402.csv,2026-03-07 10:40:05,0.0
VCLB_20260402.csv,2026-03-07 10:43:05,0.0
VCLB_20260402.csv,2026-03-07 10:46:05,0.0
VCLB_20260402.csv,2026-03-07 10:49:05,0.0
VCLB_20260402.csv,2026-03-07 10:52:05,0.0
VCLB_20260402.csv,2026-03-07 10:55:05,0.0
VCLB_20260402.csv,2026-03-07 10:58:05,0.0
VCLB_20260402.csv,2026-03-07 11:01:05,0.0
VCLB_20260402.csv,2026-03-07 11:04:05,0.0
VCLB_20260402.csv,2026-03-07 11:07:05,0.0
VCLB_20260402.csv,2026-03-07 11:10:05,0.0
VCLB_20260402.csv,2026-03-07 11:13:05,0.0
VCLB_20260402.csv,2026-03-07 11:16:05,0.0
VCLB_20260402.csv,2026-03-07 11:19:05,0.0
VCLB_20260402.csv,2026-03-07 11:22:05,0.0
VCLB_20260402.csv,2026-03-07 11:25:05,0.0
VCLB_20260402.csv,2026-03-07 11:28:05,0.0
VCLB_20260402.csv,2026-03-07 11:31:05,0.0
VCLB_20260402.csv,2026-03-07 11:34:05,0.0
VCLB_20260402.csv,2026-03-07 11:37:05,0.0
VCLB_20260402.csv,2026-03-07 11:40:05,0.0
VCLB_20260402.csv,2026-03-07 11:43:05,0.0
VCLB_20260402.csv,2026-03-07 11:46:05,0.0
VCLB_20260402.csv,2026-03-07 11:49:05,0.0
VCLB_20260402.csv,2026-03-07 11:52:05,0.0
VCLB_20260402.csv,2026-03-07 11:55:05,0.0
VCLB_20260402.csv,2026-03-07 11:58:05,0.0
VCLB_20260402.csv,2026-03-07 12:01:05,0.0
VCLB_20260402.csv,2026-03-07 12:04:05,0.0
VCLB_20260402.csv,2026-03-07 12:07:05,0.0
VCLB_20260402.csv,2026-03-07 12:10:05,0.0
VCLB_20260402.csv,2026-03-07 12:13:05,0.0
VCLB_20260402.csv,2026-03-07 12:16:05,0.0
VCLB_20260402.csv,2026-03-07 12:19:05,0.0
VCLB_20260402.csv,2026-03-07 12:22:05,0.0
VCLB_20260402.csv,2026-03-07 12:25:05,0.0
VCLB_20260402.csv,2026-03-07 12:28:05,0.0
VCLB_20260402.csv,2026-03-07 12:31:05,0.0
VCLB_20260402.csv,2026-03-07 12:34:05,0.0
VCLB_20260402.csv,2026-03-07 12:37:05,0.0
VCLB_20260402.csv,2026-03-07 12:40:05,0.0
VCLB_20260402.csv,2026-03-07 12:43:05,0.0
VCLB_20260402.csv,2026-03-07 12:46:05,0.0
VCLB_20260402.csv,2026-03-07 12:49:05,0.0
VCLB_20260402.csv,2026-03-07 12:52:05,0.0
VCLB_20260402.csv,2026-03-07 12:55:05,0.0
VCLB_20260402.csv,2026-03-07 12:58:05,0.0
VCLB_20260402.csv,2026-03-07 13:01:05,0.0
VCLB_20260402.csv,2026-03-07 13:04:05,0.0
VCLB_20260402.csv,2026-03-07 13:07:05,0.0
VCLB_20260402.csv,2026-03-07 13:10:05,0.0
VCLB_20260402.csv,2026-03-07 13:13:05,0.0
VCLB_20260402.csv,2026-03-07 13:16:05,0.0
VCLB_20260402.csv,2026-03-07 13:19:05,0.0
VCLB_20260402.csv,2026-03-07 13:22:05,0.0
VCLB_20260402.csv,2026-03-07 13:25:05,0.0
VCLB_20260402.csv,2026-03-07 13:28:05,0.0
VCLB_20260402.csv,2026-03-07 13:31:05,0.0
VCLB_20260402.csv,2026-03-07 13:34:05,0.0
VCLB_20260402.csv,2026-03-07 13:37:05,0.0
VCLB_20260402.csv,2026-03-07 13:40:05,0.0
VCLB_20260402.csv,2026-03-07 13:43:05,0.0
VCLB_20260402.csv,2026-03-07 13:46:05,0.0
VCLB_20260402.csv,2026-03-07 13:49:05,0.0
VCLB_20260402.csv,2026-03-07 13:52:05,0.0
VCLB_20260402.csv,2026-03-07 13:55:05,0.0
VCLB_20260402.csv,2026-03-07 13:58:05,0.0
VCLB_20260402.csv,2026-03-07 14:01:05,0.0
VCLB_20260402.csv,2026-03-07 14:04:05,0.0
VCLB_20260402.csv,2026-03-07 14:07:05,0.0
VCLB_20260402.csv,2026-03-07 14:10:05,0.0
VCLB_20260402.csv,2026-03-07 14:13:05,0.0
VCLB_20260402.csv,2026-03-07 14:16:05,0.0
VCLB_20260402.csv,2026-03-07 14:19:05,0.0
VCLB_20260402.csv,2026-03-07 14:22:05,0.0
VCLB_20260402.csv,2026-03-07 14:25:05,0.0
VCLB_20260402.csv,2026-03-07 14:28:05,0.0
VCLB_20260402.csv,2026-03-07 14:31:05,0.0
VCLB_20260402.csv,2026-03-07 14:34:05,0.0
VCLB_20260402.csv,2026-03-07 14:37:05,0.0
VCLB_20260402.csv,2026-03-07 14:40:05,0.0
VCLB_20260402.csv,2026-03-07 14:43:05,0.0
VCLB_20260402.csv,2026-03-07 14:46:05,0.0
VCLB_20260402.csv,2026-03-07 14:49:05,0.0
VCLB_20260402.csv,2026-03-07 14:52:05,0.0
VCLB_20260402.csv,2026-03-07 14:55:05,0.0
VCLB_20260402.csv,2026-03-07 14:58:05,0.0
VCLB_20260402.csv,2026-03-07 15:01:05,0.0
VCLB_20260402.csv,2026-03-07 15:04:05,0.0
VCLB_20260402.csv,2026-03-07 15:07:05,0.0
VCLB_20260402.csv,2026-03-07 15:10:05,0.0
VCLB_20260402.csv,2026-03-07 15:13:05,0.0
VCLB_20260402.csv,2026-03-07 15:16:05,0.0
VCLB_20260402.csv,2026-03-07 15:19:05,0.0
VCLB_20260402.csv,2026-03-07 15:22:05,0.0
VCLB_20260402.csv,2026-03-07 15:25:05,0.0
VCLB_20260402.csv,2026-03-07 15:28:05,0.0
VCLB_20260402.csv,2026-03-07 15:31:05,0.0
VCLB_20260402.csv,2026-03-07 15:34:05,0.0
VCLB_20260402.csv,2026-03-07 15:37:05,0.0
VCLB_20260402.csv,2026-03-07 15:40:05,0.0
VCLB_20260402.csv,2026-03-07 15:43:05,0.0
VCLB_20260402.csv,2026-03-07 15:46:05,0.0
VCLB_20260402.csv,2026-03-07 15:49:05,0.0
VCLB_20260402.csv,2026-03-07 15:52:05,0.0
VCLB_20260402.csv,2026-03-07 15:55:05,0.0
VCLB_20260402.csv,2026-03-07 15:58:05,0.0
VCLB_20260402.csv,2026-03-07 16:01:05,0.0
VCLB_20260402.csv,2026-03-07 16:04:05,0.0
VCLB_20260402.csv,2026-03-07 16:07:05,0.0
VCLB_20260402.csv,2026-03-07 16:10:05,0.0
VCLB_20260402.csv,2026-03-07 16:13:05,0.0
VCLB_20260402.csv,2026-03-07 16:16:05,0.0
VCLB_20260402.csv,2026-03-07 16:19:05,0.0
VCLB_20260402.csv,2026-03-07 16:22:05,0.0
VCLB_20260402.csv,2026-03-07 16:25:05,0.0
VCLB_20260402.csv,2026-03-07 16:28:05,0.0
VCLB_20260402.csv,2026-03-07 16:31:05,0.0
VCLB_20260402.csv,2026-03-07 16:34:05,0.0
VCLB_20260402.csv,2026-03-07 16:37:05,0.0
VCLB_20260402.csv,2026-03-07 16:40:05,0.0
VCLB_20260402.csv,2026-03-07 16:43:04,0.0
VCLB_20260402.csv,2026-03-07 16:46:04,0.0
VCLB_20260402.csv,2026-03-07 16:49:05,0.0
VCLB_20260402.csv,2026-03-07 16:52:04,0.0
VCLB_20260402.csv,2026-03-07 16:55:04,0.0
VCLB_20260402.csv,2026-03-07 16:58:05,0.0
VCLB_20260402.csv,2026-03-07 17:01:04,0.0
VCLB_20260402.csv,2026-03-07 17:04:04,0.0
VCLB_20260402.csv,2026-03-07 17:07:04,0.0
VCLB_20260402.csv,2026-03-07 17:10:04,0.0
VCLB_20260402.csv,2026-03-07 17:13:04,0.0
VCLB_20260402.csv,2026-03-07 17:16:04,0.0
VCLB_20260402.csv,2026-03-07 17:19:04,0.0
VCLB_20260402.csv,2026-03-07 17:22:04,0.0
VCLB_20260402.csv,2026-03-07 17:25:04,0.0
VCLB_20260402.csv,2026-03-07 17:28:04,0.0
VCLB_20260402.csv,2026-03-07 17:31:04,0.0
VCLB_20260402.csv,2026-03-07 17:34:04,0.0
VCLB_20260402.csv,2026-03-07 17:37:04,0.0
VCLB_20260402.csv,2026-03-07 17:40:04,0.0
VCLB_20260402.csv,2026-03-07 17:43:04,0.0
VCLB_20260402.csv,2026-03-07 17:46:04,0.0
VCLB_20260402.csv,2026-03-07 17:49:04,0.0
VCLB_20260402.csv,2026-03-07 17:52:04,0.0
VCLB_20260402.csv,2026-03-07 17:58:04,0.0
VCLB_20260402.csv,2026-03-07 18:01:04,0.0
VCLB_20260402.csv,2026-03-07 18:04:04,0.0
VCLB_20260402.csv,2026-03-07 18:07:04,0.0
VCLB_20260402.csv,2026-03-07 18:10:04,0.0
VCLB_20260402.csv,2026-03-07 18:13:04,0.0
VCLB_20260402.csv,2026-03-07 18:16:04,0.0
VCLB_20260402.csv,2026-03-07 18:19:04,0.0
VCLB_20260402.csv,2026-03-07 18:22:04,0.0
VCLB_20260402.csv,2026-03-07 18:25:04,0.0
VCLB_20260402.csv,2026-03-07 18:28:04,0.0
VCLB_20260402.csv,2026-03-07 18:31:04,0.0
VCLB_20260402.csv,2026-03-07 18:34:04,0.0
VCLB_20260402.csv,2026-03-07 18:37:04,0.0
VCLB_20260402.csv,2026-03-07 18:40:04,0.0
VCLB_20260402.csv,2026-03-07 18:43:04,0.0
VCLB_20260402.csv,2026-03-07 18:46:04,0.0
VCLB_20260402.csv,2026-03-07 18:49:04,0.0
VCLB_20260402.csv,2026-03-07 18:52:04,0.0
VCLB_20260402.csv,2026-03-07 18:55:04,0.0
VCLB_20260402.csv,2026-03-07 18:58:04,0.0
VCLB_20260402.csv,2026-03-07 19:01:04,0.0
VCLB_20260402.csv,2026-03-07 19:04:04,0.0
VCLB_20260402.csv,2026-03-07 19:07:04,0.0
VCLB_20260402.csv,2026-03-07 19:10:04,0.0
VCLB_20260402.csv,2026-03-07 19:13:04,0.0
VCLB_20260402.csv,2026-03-07 19:16:04,0.0
VCLB_20260402.csv,2026-03-07 19:19:04,0.0
VCLB_20260402.csv,2026-03-07 19:22:04,0.0
VCLB_20260402.csv,2026-03-07 19:25:04,0.0
VCLB_20260402.csv,2026-03-07 19:28:04,0.0
VCLB_20260402.csv,2026-03-07 19:31:04,0.0
VCLB_20260402.csv,2026-03-07 19:34:04,0.0
VCLB_20260402.csv,2026-03-07 19:37:04,0.0
VCLB_20260402.csv,2026-03-07 19:40:04,0.0
VCLB_20260402.csv,2026-03-07 19:43:04,0.0
VCLB_20260402.csv,2026-03-07 19:46:04,0.0
VCLB_20260402.csv,2026-03-07 19:49:04,0.0
VCLB_20260402.csv,2026-03-07 19:52:04,0.0
VCLB_20260402.csv,2026-03-07 19:55:04,0.0
VCLB_20260402.csv,2026-03-07 19:58:04,0.0
VCLB_20260402.csv,2026-03-07 20:01:04,0.0
VCLB_20260402.csv,2026-03-07 20:04:04,0.0
VCLB_20260402.csv,2026-03-07 20:07:04,0.0
VCLB_20260402.csv,2026-03-07 20:10:04,0.0
VCLB_20260402.csv,2026-03-07 20:13:04,0.0
VCLB_20260402.csv,2026-03-07 20:16:04,0.0
VCLB_20260402.csv,2026-03-07 20:19:04,0.0
VCLB_20260402.csv,2026-03-07 20:22:04,0.0
VCLB_20260402.csv,2026-03-07 20:25:04,0.0
VCLB_20260402.csv,2026-03-07 20:28:04,0.0
VCLB_20260402.csv,2026-03-07 20:34:04,0.0
VCLB_20260402.csv,2026-03-07 20:37:04,0.0
VCLB_20260402.csv,2026-03-07 20:40:04,0.0
VCLB_20260402.csv,2026-03-07 20:43:04,0.0
VCLB_20260402.csv,2026-03-07 20:46:04,0.0
VCLB_20260402.csv,2026-03-07 20:49:04,0.0
VCLB_20260402.csv,2026-03-07 20:52:04,0.0
VCLB_20260402.csv,2026-03-07 20:55:04,0.0
VCLB_20260402.csv,2026-03-07 20:58:04,0.0
VCLB_20260402.csv,2026-03-07 21:01:04,0.0
VCLB_20260402.csv,2026-03-07 21:04:04,0.0
VCLB_20260402.csv,2026-03-07 21:07:04,0.0
VCLB_20260402.csv,2026-03-07 21:10:04,0.0
VCLB_20260402.csv,2026-03-07 21:13:04,0.0
VCLB_20260402.csv,2026-03-07 21:16:04,0.0
VCLB_20260402.csv,2026-03-07 21:19:04,0.0
VCLB_20260402.csv,2026-03-07 21:22:04,0.0
VCLB_20260402.csv,2026-03-07 21:25:04,0.0
VCLB_20260402.csv,2026-03-07 21:28:04,0.0
VCLB_20260402.csv,2026-03-07 21:31:04,0.0
VCLB_20260402.csv,2026-03-07 21:34:04,0.0
VCLB_20260402.csv,2026-03-07 21:37:04,0.0
VCLB_20260402.csv,2026-03-07 21:40:04,0.0
VCLB_20260402.csv,2026-03-07 21:46:04,0.0
VCLB_20260402.csv,2026-03-07 21:49:04,0.0
VCLB_20260402.csv,2026-03-07 21:52:04,0.0
VCLB_20260402.csv,2026-03-07 21:55:04,0.0
VCLB_20260402.csv,2026-03-07 21:58:04,0.0
VCLB_20260402.csv,2026-03-07 22:01:04,0.0
VCLB_20260402.csv,2026-03-07 22:04:04,0.0
VCLB_20260402.csv,2026-03-07 22:07:04,0.0
VCLB_20260402.csv,2026-03-07 22:10:04,0.0
VCLB_20260402.csv,2026-03-07 22:13:04,0.0
VCLB_20260402.csv,2026-03-07 22:16:04,0.0
VCLB_20260402.csv,2026-03-07 22:19:04,0.0
VCLB_20260402.csv,2026-03-07 22:22:04,0.0
VCLB_20260402.csv,2026-03-07 22:28:04,0.0
VCLB_20260402.csv,2026-03-07 22:31:04,0.0
VCLB_20260402.csv,2026-03-07 22:34:04,0.0
VCLB_20260402.csv,2026-03-07 22:37:04,0.0
VCLB_20260402.csv,2026-03-07 22:40:04,0.0
VCLB_20260402.csv,2026-03-07 22:43:04,0.0
VCLB_20260402.csv,2026-03-07 22:46:04,0.0
VCLB_20260402.csv,2026-03-07 22:49:04,0.0
VCLB_20260402.csv,2026-03-07 22:52:04,0.0
VCLB_20260402.csv,2026-03-07 22:55:04,0.0
VCLB_20260402.csv,2026-03-07 22:58:04,0.0
VCLB_20260402.csv,2026-03-07 23:01:04,0.0
VCLB_20260402.csv,2026-03-07 23:04:04,0.0
VCLB_20260402.csv,2026-03-07 23:07:04,0.0
VCLB_20260402.csv,2026-03-07 23:10:04,0.0
VCLB_20260402.csv,2026-03-07 23:13:04,0.0
VCLB_20260402.csv,2026-03-07 23:16:04,0.0
VCLB_20260402.csv,2026-03-07 23:19:04,0.0
VCLB_20260402.csv,2026-03-07 23:22:04,0.0
VCLB_20260402.csv,2026-03-07 23:25:04,0.0
VCLB_20260402.csv,2026-03-07 23:28:04,0.0
VCLB_20260402.csv,2026-03-07 23:31:04,0.0
VCLB_20260402.csv,2026-03-07 23:34:04,0.0
VCLB_20260402.csv,2026-03-07 23:37:04,0.0
VCLB_20260402.csv,2026-03-07 23:40:04,0.0
VCLB_20260402.csv,2026-03-07 23:43:04,0.0
VCLB_20260402.csv,2026-03-07 23:46:04,0.0
VCLB_20260402.csv,2026-03-07 23:49:04,0.0
VCLB_20260402.csv,2026-03-07 23:52:04,0.0
VCLB_20260402.csv,2026-03-07 23:55:04,0.0
VCLB_20260402.csv,2026-03-07 23:58:04,0.0
VCLB_20260402.csv,2026-03-08 00:01:04,0.0
VCLB_20260402.csv,2026-03-08 00:04:04,0.0
VCLB_20260402.csv,2026-03-08 00:07:04,0.0
VCLB_20260402.csv,2026-03-08 00:10:04,0.0
VCLB_20260402.csv,2026-03-08 00:13:04,0.0
VCLB_20260402.csv,2026-03-08 00:16:04,0.0
VCLB_20260402.csv,2026-03-08 00:19:04,0.0
VCLB_20260402.csv,2026-03-08 00:22:04,0.0
VCLB_20260402.csv,2026-03-08 00:25:04,0.0
VCLB_20260402.csv,2026-03-08 00:28:04,0.0
VCLB_20260402.csv,2026-03-08 00:31:04,0.0
VCLB_20260402.csv,2026-03-08 00:34:04,0.0
VCLB_20260402.csv,2026-03-08 00:37:04,0.0
VCLB_20260402.csv,2026-03-08 00:40:04,0.0
VCLB_20260402.csv,2026-03-08 00:43:04,0.0
VCLB_20260402.csv,2026-03-08 00:46:04,0.0
VCLB_20260402.csv,2026-03-08 00:49:04,0.0
VCLB_20260402.csv,2026-03-08 00:52:04,0.0
VCLB_20260402.csv,2026-03-08 00:55:04,0.0
VCLB_20260402.csv,2026-03-08 00:58:04,0.0
VCLB_20260402.csv,2026-03-08 01:01:04,0.0
VCLB_20260402.csv,2026-03-08 01:04:04,0.0
VCLB_20260402.csv,2026-03-08 01:07:04,0.0
VCLB_20260402.csv,2026-03-08 01:10:04,0.0
VCLB_20260402.csv,2026-03-08 01:13:04,0.0
VCLB_20260402.csv,2026-03-08 01:16:04,0.0
VCLB_20260402.csv,2026-03-08 01:19:04,0.0
VCLB_20260402.csv,2026-03-08 01:22:04,0.0
VCLB_20260402.csv,2026-03-08 01:25:04,0.0
VCLB_20260402.csv,2026-03-08 01:28:04,0.0
VCLB_20260402.csv,2026-03-08 01:31:04,0.0
VCLB_20260402.csv,2026-03-08 01:34:04,0.0
VCLB_20260402.csv,2026-03-08 01:37:04,0.0
VCLB_20260402.csv,2026-03-08 01:40:04,0.0
VCLB_20260402.csv,2026-03-08 01:43:04,0.0
VCLB_20260402.csv,2026-03-08 01:46:04,0.0
VCLB_20260402.csv,2026-03-08 01:49:04,0.0
VCLB_20260402.csv,2026-03-08 01:52:04,0.0
VCLB_20260402.csv,2026-03-08 01:55:04,0.0
VCLB_20260402.csv,2026-03-08 01:58:04,0.0
VCLB_20260402.csv,2026-03-08 02:01:04,0.0
VCLB_20260402.csv,2026-03-08 02:04:04,0.0
VCLB_20260402.csv,2026-03-08 02:07:04,0.0
VCLB_20260402.csv,2026-03-08 02:10:04,0.0
VCLB_20260402.csv,2026-03-08 02:13:04,0.0
VCLB_20260402.csv,2026-03-08 02:16:04,0.0
VCLB_20260402.csv,2026-03-08 02:19:04,0.0
VCLB_20260402.csv,2026-03-08 02:22:04,0.0
VCLB_20260402.csv,2026-03-08 02:25:04,0.0
VCLB_20260402.csv,2026-03-08 02:28:04,0.0
VCLB_20260402.csv,2026-03-08 02:31:04,0.0
VCLB_20260402.csv,2026-03-08 02:34:04,0.0
VCLB_20260402.csv,2026-03-08 02:37:04,0.0
VCLB_20260402.csv,2026-03-08 02:40:04,0.0
VCLB_20260402.csv,2026-03-08 02:43:04,0.0
VCLB_20260402.csv,2026-03-08 02:46:04,0.0
VCLB_20260402.csv,2026-03-08 02:49:04,0.0
VCLB_20260402.csv,2026-03-08 02:52:04,0.0
VCLB_20260402.csv,2026-03-08 02:55:04,0.0
VCLB_20260402.csv,2026-03-08 02:58:04,0.0
VCLB_20260402.csv,2026-03-08 03:01:04,0.0
VCLB_20260402.csv,2026-03-08 03:04:04,0.0
VCLB_20260402.csv,2026-03-08 03:07:04,0.0
VCLB_20260402.csv,2026-03-08 03:10:04,0.0
VCLB_20260402.csv,2026-03-08 03:13:04,0.0
VCLB_20260402.csv,2026-03-08 03:16:04,0.0
VCLB_20260402.csv,2026-03-08 03:19:04,0.0
VCLB_20260402.csv,2026-03-08 03:22:04,0.0
VCLB_20260402.csv,2026-03-08 03:25:04,0.0
VCLB_20260402.csv,2026-03-08 03:28:04,0.0
VCLB_20260402.csv,2026-03-08 03:31:04,0.0
VCLB_20260402.csv,2026-03-08 03:34:04,0.0
VCLB_20260402.csv,2026-03-08 03:37:04,0.0
VCLB_20260402.csv,2026-03-08 03:40:04,0.0
VCLB_20260402.csv,2026-03-08 03:43:04,0.0
VCLB_20260402.csv,2026-03-08 03:46:04,0.0
VCLB_20260402.csv,2026-03-08 03:49:04,0.0
VCLB_20260402.csv,2026-03-08 03:52:04,0.0
VCLB_20260402.csv,2026-03-08 03:55:04,0.0
VCLB_20260402.csv,2026-03-08 03:58:04,0.0
VCLB_20260402.csv,2026-03-08 04:01:04,0.0
VCLB_20260402.csv,2026-03-08 04:04:04,0.0
VCLB_20260402.csv,2026-03-08 04:07:04,0.0
VCLB_20260402.csv,2026-03-08 04:10:04,0.0
VCLB_20260402.csv,2026-03-08 04:13:04,0.0
VCLB_20260402.csv,2026-03-08 04:16:04,0.0
VCLB_20260402.csv,2026-03-08 04:19:04,0.0
VCLB_20260402.csv,2026-03-08 04:22:04,0.0
VCLB_20260402.csv,2026-03-08 04:25:04,0.0
VCLB_20260402.csv,2026-03-08 04:28:04,0.0
VCLB_20260402.csv,2026-03-08 04:34:04,0.0
VCLB_20260402.csv,2026-03-08 04:37:04,0.0
VCLB_20260402.csv,2026-03-08 04:40:04,0.0
VCLB_20260402.csv,2026-03-08 04:43:04,0.0
VCLB_20260402.csv,2026-03-08 04:46:04,0.0
VCLB_20260402.csv,2026-03-08 04:49:04,0.0
VCLB_20260402.csv,2026-03-08 04:52:04,0.0
VCLB_20260402.csv,2026-03-08 04:55:04,0.0
VCLB_20260402.csv,2026-03-08 04:58:04,0.0
VCLB_20260402.csv,2026-03-08 05:01:04,0.0
VCLB_20260402.csv,2026-03-08 05:04:04,0.0
VCLB_20260402.csv,2026-03-08 05:07:04,0.0
VCLB_20260402.csv,2026-03-08 05:10:04,0.0
VCLB_20260402.csv,2026-03-08 05:16:04,0.0
VCLB_20260402.csv,2026-03-08 05:19:04,0.0
VCLB_20260402.csv,2026-03-08 05:22:04,0.0
VCLB_20260402.csv,2026-03-08 05:25:04,0.0
VCLB_20260402.csv,2026-03-08 05:28:04,0.0
VCLB_20260402.csv,2026-03-08 05:31:04,0.0
VCLB_20260402.csv,2026-03-08 05:34:04,0.0
VCLB_20260402.csv,2026-03-08 05:37:04,0.0
VCLB_20260402.csv,2026-03-08 05:40:04,0.0
VCLB_20260402.csv,2026-03-08 05:43:04,0.0
VCLB_20260402.csv,2026-03-08 05:46:04,0.0
VCLB_20260402.csv,2026-03-08 05:49:04,0.0
VCLB_20260402.csv,2026-03-08 05:52:04,0.0
VCLB_20260402.csv,2026-03-08 05:55:04,0.0
VCLB_20260402.csv,2026-03-08 05:58:04,0.0
VCLB_20260402.csv,2026-03-08 06:01:04,0.0
VCLB_20260402.csv,2026-03-08 06:04:04,0.0
VCLB_20260402.csv,2026-03-08 06:07:04,0.0
VCLB_20260402.csv,2026-03-08 06:10:04,0.0
VCLB_20260402.csv,2026-03-08 06:13:04,0.0
VCLB_20260402.csv,2026-03-08 06:16:04,0.0
VCLB_20260402.csv,2026-03-08 06:19:04,0.0
VCLB_20260402.csv,2026-03-08 06:22:04,0.0
VCLB_20260402.csv,2026-03-08 06:25:04,0.0
VCLB_20260402.csv,2026-03-08 06:28:04,0.0
VCLB_20260402.csv,2026-03-08 06:31:04,0.0
VCLB_20260402.csv,2026-03-08 06:34:04,0.0
VCLB_20260402.csv,2026-03-08 06:37:04,0.0
VCLB_20260402.csv,2026-03-08 06:40:04,0.0
VCLB_20260402.csv,2026-03-08 06:43:04,0.0
VCLB_20260402.csv,2026-03-08 06:46:04,0.0
VCLB_20260402.csv,2026-03-08 06:49:04,0.0
VCLB_20260402.csv,2026-03-08 06:52:04,0.0
VCLB_20260402.csv,2026-03-08 06:55:04,0.0
VCLB_20260402.csv,2026-03-08 06:58:04,0.0
VCLB_20260402.csv,2026-03-08 07:01:04,0.0
VCLB_20260402.csv,2026-03-08 07:04:04,0.0
VCLB_20260402.csv,2026-03-08 07:07:04,0.0
VCLB_20260402.csv,2026-03-08 07:10:04,0.0
VCLB_20260402.csv,2026-03-08 07:13:04,0.0
VCLB_20260402.csv,2026-03-08 07:16:04,0.0
VCLB_20260402.csv,2026-03-08 07:19:04,0.0
VCLB_20260402.csv,2026-03-08 07:22:04,0.0
VCLB_20260402.csv,2026-03-08 07:25:04,0.0
VCLB_20260402.csv,2026-03-08 07:28:04,0.0
VCLB_20260402.csv,2026-03-08 07:31:04,0.0
VCLB_20260402.csv,2026-03-08 07:34:04,0.0
VCLB_20260402.csv,2026-03-08 07:37:04,0.0
VCLB_20260402.csv,2026-03-08 07:40:04,0.0
VCLB_20260402.csv,2026-03-08 07:43:04,0.0
VCLB_20260402.csv,2026-03-08 07:49:04,0.0
VCLB_20260402.csv,2026-03-08 07:52:04,0.0
VCLB_20260402.csv,2026-03-08 07:55:04,0.0
VCLB_20260402.csv,2026-03-08 07:58:04,0.0
VCLB_20260402.csv,2026-03-08 08:01:04,0.0
VCLB_20260402.csv,2026-03-08 08:04:04,0.0
VCLB_20260402.csv,2026-03-08 08:07:04,0.0
VCLB_20260402.csv,2026-03-08 08:10:04,0.0
VCLB_20260402.csv,2026-03-08 08:13:04,0.0
VCLB_20260402.csv,2026-03-08 08:16:04,0.0
VCLB_20260402.csv,2026-03-08 08:19:04,0.0
VCLB_20260402.csv,2026-03-08 08:22:04,0.0
VCLB_20260402.csv,2026-03-08 08:25:04,0.0
VCLB_20260402.csv,2026-03-08 08:28:04,0.0
VCLB_20260402.csv,2026-03-08 08:31:04,0.0
VCLB_20260402.csv,2026-03-08 08:34:04,0.0
VCLB_20260402.csv,2026-03-08 08:37:04,0.0
VCLB_20260402.csv,2026-03-08 08:40:04,0.0
VCLB_20260402.csv,2026-03-08 08:43:04,0.0
VCLB_20260402.csv,2026-03-08 08:46:04,0.0
VCLB_20260402.csv,2026-03-08 08:49:04,0.0
VCLB_20260402.csv,2026-03-08 08:52:04,0.0
VCLB_20260402.csv,2026-03-08 08:55:04,0.0
VCLB_20260402.csv,2026-03-08 08:58:04,0.0
VCLB_20260402.csv,2026-03-08 09:01:04,0.0
VCLB_20260402.csv,2026-03-08 09:04:04,0.0
VCLB_20260402.csv,2026-03-08 09:07:04,0.0
VCLB_20260402.csv,2026-03-08 09:10:04,0.0
VCLB_20260402.csv,2026-03-08 09:13:04,0.0
VCLB_20260402.csv,2026-03-08 09:16:04,0.0
VCLB_20260402.csv,2026-03-08 09:19:04,0.0
VCLB_20260402.csv,2026-03-08 09:22:04,0.0
VCLB_20260402.csv,2026-03-08 09:25:04,0.0
VCLB_20260402.csv,2026-03-08 09:28:04,0.0
VCLB_20260402.csv,2026-03-08 09:31:04,0.0
VCLB_20260402.csv,2026-03-08 09:34:04,0.0
VCLB_20260402.csv,2026-03-08 09:37:04,0.0
VCLB_20260402.csv,2026-03-08 09:40:04,0.0
VCLB_20260402.csv,2026-03-08 09:43:04,0.0
VCLB_20260402.csv,2026-03-08 09:46:04,0.0
VCLB_20260402.csv,2026-03-08 09:49:04,0.0
VCLB_20260402.csv,2026-03-08 09:52:04,0.0
VCLB_20260402.csv,2026-03-08 09:55:04,0.0
VCLB_20260402.csv,2026-03-08 10:01:04,0.0
VCLB_20260402.csv,2026-03-08 10:04:04,0.0
VCLB_20260402.csv,2026-03-08 10:07:04,0.0
VCLB_20260402.csv,2026-03-08 10:10:04,0.0
VCLB_20260402.csv,2026-03-08 10:13:04,0.0
VCLB_20260402.csv,2026-03-08 10:16:04,0.0
VCLB_20260402.csv,2026-03-08 10:19:04,0.0
VCLB_20260402.csv,2026-03-08 10:22:04,0.0
VCLB_20260402.csv,2026-03-08 10:25:04,0.0
VCLB_20260402.csv,2026-03-08 10:28:04,0.0
VCLB_20260402.csv,2026-03-08 10:31:04,0.0
VCLB_20260402.csv,2026-03-08 10:34:04,0.0
VCLB_20260402.csv,2026-03-08 10:37:04,0.0
VCLB_20260402.csv,2026-03-08 10:40:04,0.0
VCLB_20260402.csv,2026-03-08 10:43:04,0.0
VCLB_20260402.csv,2026-03-08 10:46:04,0.0
VCLB_20260402.csv,2026-03-08 10:49:04,0.0
VCLB_20260402.csv,2026-03-08 10:52:04,0.0
VCLB_20260402.csv,2026-03-08 10:55:04,0.0
VCLB_20260402.csv,2026-03-08 10:58:04,0.0
VCLB_20260402.csv,2026-03-08 11:01:04,0.0
VCLB_20260402.csv,2026-03-08 11:04:04,0.0
VCLB_20260402.csv,2026-03-08 11:07:04,0.0
VCLB_20260402.csv,2026-03-08 11:10:04,0.0
VCLB_20260402.csv,2026-03-08 11:13:04,0.0
VCLB_20260402.csv,2026-03-08 11:16:03,0.0
VCLB_20260402.csv,2026-03-08 11:19:03,0.0
VCLB_20260402.csv,2026-03-08 11:22:03,0.0
VCLB_20260402.csv,2026-03-08 11:28:03,0.0
VCLB_20260402.csv,2026-03-08 11:31:03,0.0
VCLB_20260402.csv,2026-03-08 11:34:03,0.0
VCLB_20260402.csv,2026-03-08 11:37:03,0.0
VCLB_20260402.csv,2026-03-08 11:40:03,0.0
VCLB_20260402.csv,2026-03-08 11:43:03,0.0
VCLB_20260402.csv,2026-03-08 11:49:03,0.0
VCLB_20260402.csv,2026-03-08 11:52:03,0.0
VCLB_20260402.csv,2026-03-08 11:55:03,0.0
VCLB_20260402.csv,2026-03-08 11:58:03,0.0
VCLB_20260402.csv,2026-03-08 12:01:03,0.0
VCLB_20260402.csv,2026-03-08 12:04:03,0.0
VCLB_20260402.csv,2026-03-08 12:07:03,0.0
VCLB_20260402.csv,2026-03-08 12:10:03,0.0
VCLB_20260402.csv,2026-03-08 12:13:03,0.0
VCLB_20260402.csv,2026-03-08 12:16:03,0.0
VCLB_20260402.csv,2026-03-08 12:19:03,0.0
VCLB_20260402.csv,2026-03-08 12:22:03,0.0
VCLB_20260402.csv,2026-03-08 12:25:03,0.0
VCLB_20260402.csv,2026-03-08 12:28:03,0.0
VCLB_20260402.csv,2026-03-08 12:31:03,0.0
VCLB_20260402.csv,2026-03-08 12:34:03,0.0
VCLB_20260402.csv,2026-03-08 12:37:03,0.0
VCLB_20260402.csv,2026-03-08 12:40:03,0.0
VCLB_20260402.csv,2026-03-08 12:43:03,0.0
VCLB_20260402.csv,2026-03-08 12:46:03,0.0
VCLB_20260402.csv,2026-03-08 12:49:03,0.0
VCLB_20260402.csv,2026-03-08 12:52:03,0.0
VCLB_20260402.csv,2026-03-08 12:55:03,0.0
VCLB_20260402.csv,2026-03-08 12:58:03,0.0
VCLB_20260402.csv,2026-03-08 13:01:03,0.0
VCLB_20260402.csv,2026-03-08 13:04:03,0.0
VCLB_20260402.csv,2026-03-08 13:07:03,0.0
VCLB_20260402.csv,2026-03-08 13:10:03,0.0
VCLB_20260402.csv,2026-03-08 13:13:03,0.0
VCLB_20260402.csv,2026-03-08 13:16:03,0.0
VCLB_20260402.csv,2026-03-08 13:19:03,0.0
VCLB_20260402.csv,2026-03-08 13:22:03,0.0
VCLB_20260402.csv,2026-03-08 13:25:03,0.0
VCLB_20260402.csv,2026-03-08 13:28:03,0.0
VCLB_20260402.csv,2026-03-08 13:31:03,0.0
VCLB_20260402.csv,2026-03-08 13:34:03,0.0
VCLB_20260402.csv,2026-03-08 13:37:03,0.0
VCLB_20260402.csv,2026-03-08 13:40:03,0.0
VCLB_20260402.csv,2026-03-08 13:43:03,0.0
VCLB_20260402.csv,2026-03-08 13:46:03,0.0
VCLB_20260402.csv,2026-03-08 13:49:03,0.0
VCLB_20260402.csv,2026-03-08 13:52:03,0.0
VCLB_20260402.csv,2026-03-08 13:55:03,0.0
VCLB_20260402.csv,2026-03-08 13:58:03,0.0
VCLB_20260402.csv,2026-03-08 14:01:03,0.0
VCLB_20260402.csv,2026-03-08 14:04:03,0.0
VCLB_20260402.csv,2026-03-08 14:07:03,0.0
VCLB_20260402.csv,2026-03-08 14:10:03,0.0
VCLB_20260402.csv,2026-03-08 14:13:03,0.0
VCLB_20260402.csv,2026-03-08 14:16:03,0.0
VCLB_20260402.csv,2026-03-08 14:19:03,0.0
VCLB_20260402.csv,2026-03-08 14:22:03,0.0
VCLB_20260402.csv,2026-03-08 14:25:03,0.0
VCLB_20260402.csv,2026-03-08 14:28:03,0.0
VCLB_20260402.csv,2026-03-08 14:31:03,0.0
VCLB_20260402.csv,2026-03-08 14:34:03,0.0
VCLB_20260402.csv,2026-03-08 14:37:03,0.0
VCLB_20260402.csv,2026-03-08 14:40:03,0.0
VCLB_20260402.csv,2026-03-08 14:43:03,0.0
VCLB_20260402.csv,2026-03-08 14:46:03,0.0
VCLB_20260402.csv,2026-03-08 14:49:03,0.0
VCLB_20260402.csv,2026-03-08 14:52:03,0.0
VCLB_20260402.csv,2026-03-08 14:55:03,0.0
VCLB_20260402.csv,2026-03-08 14:58:03,0.0
VCLB_20260402.csv,2026-03-08 15:01:03,0.0
VCLB_20260402.csv,2026-03-08 15:04:03,0.0
VCLB_20260402.csv,2026-03-08 15:07:03,0.0
VCLB_20260402.csv,2026-03-08 15:10:03,0.0
VCLB_20260402.csv,2026-03-08 15:13:03,0.0
VCLB_20260402.csv,2026-03-08 15:16:03,0.0
VCLB_20260402.csv,2026-03-08 15:19:03,0.0
VCLB_20260402.csv,2026-03-08 15:22:03,0.0
VCLB_20260402.csv,2026-03-08 15:25:03,0.0
VCLB_20260402.csv,2026-03-08 15:28:03,0.0
VCLB_20260402.csv,2026-03-08 15:31:03,0.0
VCLB_20260402.csv,2026-03-08 15:34:03,0.0
VCLB_20260402.csv,2026-03-08 15:37:03,0.0
VCLB_20260402.csv,2026-03-08 15:40:03,0.0
VCLB_20260402.csv,2026-03-08 15:43:03,0.0
VCLB_20260402.csv,2026-03-08 15:46:03,0.0
VCLB_20260402.csv,2026-03-08 15:49:03,0.0
VCLB_20260402.csv,2026-03-08 15:52:03,0.0
VCLB_20260402.csv,2026-03-08 15:55:03,0.0
VCLB_20260402.csv,2026-03-08 15:58:03,0.0
VCLB_20260402.csv,2026-03-08 16:01:03,0.0
VCLB_20260402.csv,2026-03-08 16:04:03,0.0
VCLB_20260402.csv,2026-03-08 16:07:03,0.0
VCLB_20260402.csv,2026-03-08 16:13:03,0.0
VCLB_20260402.csv,2026-03-08 16:16:03,0.0
VCLB_20260402.csv,2026-03-08 16:19:03,0.0
VCLB_20260402.csv,2026-03-08 16:22:03,0.0
VCLB_20260402.csv,2026-03-08 16:25:03,0.0
VCLB_20260402.csv,2026-03-08 16:28:03,0.0
VCLB_20260402.csv,2026-03-08 16:31:03,0.0
VCLB_20260402.csv,2026-03-08 16:34:03,0.0
VCLB_20260402.csv,2026-03-08 16:37:03,0.0
VCLB_20260402.csv,2026-03-08 16:40:03,0.0
VCLB_20260402.csv,2026-03-08 16:43:03,0.0
VCLB_20260402.csv,2026-03-08 16:49:03,0.0
VCLB_20260402.csv,2026-03-08 16:52:03,0.0
VCLB_20260402.csv,2026-03-08 16:55:03,0.0
VCLB_20260402.csv,2026-03-08 16:58:03,0.0
VCLB_20260402.csv,2026-03-08 17:01:03,0.0
VCLB_20260402.csv,2026-03-08 17:04:03,0.0
VCLB_20260402.csv,2026-03-08 17:07:03,0.0
VCLB_20260402.csv,2026-03-08 17:10:03,0.0
VCLB_20260402.csv,2026-03-08 17:13:03,0.0
VCLB_20260402.csv,2026-03-08 17:16:03,0.0
VCLB_20260402.csv,2026-03-08 17:19:03,0.0
VCLB_20260402.csv,2026-03-08 17:22:03,0.0
VCLB_20260402.csv,2026-03-08 17:25:03,0.0
VCLB_20260402.csv,2026-03-08 17:28:03,0.0
VCLB_20260402.csv,2026-03-08 17:31:03,0.0
VCLB_20260402.csv,2026-03-08 17:34:03,0.0
VCLB_20260402.csv,2026-03-08 17:37:03,0.0
VCLB_20260402.csv,2026-03-08 17:40:03,0.0
VCLB_20260402.csv,2026-03-08 17:43:03,0.0
VCLB_20260402.csv,2026-03-08 17:46:03,0.0
VCLB_20260402.csv,2026-03-08 17:49:03,0.0
VCLB_20260402.csv,2026-03-08 17:52:03,0.0
VCLB_20260402.csv,2026-03-08 17:55:03,0.0
VCLB_20260402.csv,2026-03-08 17:58:03,0.0
VCLB_20260402.csv,2026-03-08 18:01:03,0.0
VCLB_20260402.csv,2026-03-08 18:04:03,0.0
VCLB_20260402.csv,2026-03-08 18:07:03,0.0
VCLB_20260402.csv,2026-03-08 18:10:03,0.0
VCLB_20260402.csv,2026-03-08 18:13:03,0.0
VCLB_20260402.csv,2026-03-08 18:16:03,0.0
VCLB_20260402.csv,2026-03-08 18:19:03,0.0
VCLB_20260402.csv,2026-03-08 18:22:03,0.0
VCLB_20260402.csv,2026-03-08 18:25:03,0.0
VCLB_20260402.csv,2026-03-08 18:28:03,0.0
VCLB_20260402.csv,2026-03-08 18:31:03,0.0
VCLB_20260402.csv,2026-03-08 18:34:03,0.0
VCLB_20260402.csv,2026-03-08 18:37:03,0.0
VCLB_20260402.csv,2026-03-08 18:40:03,0.0
VCLB_20260402.csv,2026-03-08 18:43:03,0.0
VCLB_20260402.csv,2026-03-08 18:46:03,0.0
VCLB_20260402.csv,2026-03-08 18:49:03,0.0
VCLB_20260402.csv,2026-03-08 18:52:03,0.0
VCLB_20260402.csv,2026-03-08 18:55:03,0.0
VCLB_20260402.csv,2026-03-08 18:58:03,0.0
VCLB_20260402.csv,2026-03-08 19:01:03,0.0
VCLB_20260402.csv,2026-03-08 19:04:03,0.0
VCLB_20260402.csv,2026-03-08 19:07:03,0.0
VCLB_20260402.csv,2026-03-08 19:10:03,0.0
VCLB_20260402.csv,2026-03-08 19:13:03,0.0
VCLB_20260402.csv,2026-03-08 19:19:03,0.0
VCLB_20260402.csv,2026-03-08 19:22:03,0.0
VCLB_20260402.csv,2026-03-08 19:25:03,0.0
VCLB_20260402.csv,2026-03-08 19:31:03,0.0
VCLB_20260402.csv,2026-03-08 19:34:03,0.0
VCLB_20260402.csv,2026-03-08 19:37:03,0.0
VCLB_20260402.csv,2026-03-08 19:40:03,0.0
VCLB_20260402.csv,2026-03-08 19:43:03,0.0
VCLB_20260402.csv,2026-03-08 19:46:03,0.0
VCLB_20260402.csv,2026-03-08 19:49:03,0.0
VCLB_20260402.csv,2026-03-08 19:52:03,0.0
VCLB_20260402.csv,2026-03-08 19:58:03,0.0
VCLB_20260402.csv,2026-03-08 20:01:03,0.0
VCLB_20260402.csv,2026-03-08 20:04:03,0.0
VCLB_20260402.csv,2026-03-08 20:07:03,0.0
VCLB_20260402.csv,2026-03-08 20:10:03,0.0
VCLB_20260402.csv,2026-03-08 20:13:03,0.0
VCLB_20260402.csv,2026-03-08 20:16:03,0.0
VCLB_20260402.csv,2026-03-08 20:19:03,0.0
VCLB_20260402.csv,2026-03-08 20:22:03,0.0
VCLB_20260402.csv,2026-03-08 20:25:03,0.0
VCLB_20260402.csv,2026-03-08 20:28:03,0.0
VCLB_20260402.csv,2026-03-08 20:31:03,0.0
VCLB_20260402.csv,2026-03-08 20:34:03,0.0
VCLB_20260402.csv,2026-03-08 20:37:03,0.0
VCLB_20260402.csv,2026-03-08 20:43:03,0.0
VCLB_20260402.csv,2026-03-08 20:46:03,0.0
VCLB_20260402.csv,2026-03-08 20:49:03,0.0
VCLB_20260402.csv,2026-03-08 20:52:03,0.0
VCLB_20260402.csv,2026-03-08 20:55:03,0.0
VCLB_20260402.csv,2026-03-08 20:58:03,0.0
VCLB_20260402.csv,2026-03-08 21:01:03,0.0
VCLB_20260402.csv,2026-03-08 21:04:03,0.0
VCLB_20260402.csv,2026-03-08 21:07:03,0.0
VCLB_20260402.csv,2026-03-08 21:10:03,0.0
VCLB_20260402.csv,2026-03-08 21:13:03,0.0
VCLB_20260402.csv,2026-03-08 21:16:03,0.0
VCLB_20260402.csv,2026-03-08 21:19:03,0.0
VCLB_20260402.csv,2026-03-08 21:22:03,0.0
VCLB_20260402.csv,2026-03-08 21:25:03,0.0
VCLB_20260402.csv,2026-03-08 21:28:03,0.0
VCLB_20260402.csv,2026-03-08 21:31:03,0.0
VCLB_20260402.csv,2026-03-08 21:34:03,0.0
VCLB_20260402.csv,2026-03-08 21:37:03,0.0
VCLB_20260402.csv,2026-03-08 21:40:03,0.0
VCLB_20260402.csv,2026-03-08 21:43:03,0.0
VCLB_20260402.csv,2026-03-08 21:46:03,0.0
VCLB_20260402.csv,2026-03-08 21:49:03,0.0
VCLB_20260402.csv,2026-03-08 21:52:03,0.0
VCLB_20260402.csv,2026-03-08 21:55:03,0.0
VCLB_20260402.csv,2026-03-08 21:58:03,0.0
VCLB_20260402.csv,2026-03-08 22:01:03,0.0
VCLB_20260402.csv,2026-03-08 22:04:03,0.0
VCLB_20260402.csv,2026-03-08 22:07:03,0.0
VCLB_20260402.csv,2026-03-08 22:10:03,0.0
VCLB_20260402.csv,2026-03-08 22:13:03,0.0
VCLB_20260402.csv,2026-03-08 22:16:03,0.0
VCLB_20260402.csv,2026-03-08 22:19:03,0.0
VCLB_20260402.csv,2026-03-08 22:22:03,0.0
VCLB_20260402.csv,2026-03-08 22:25:03,0.0
VCLB_20260402.csv,2026-03-08 22:28:03,0.0
VCLB_20260402.csv,2026-03-08 22:31:03,0.0
VCLB_20260402.csv,2026-03-08 22:34:03,0.0
VCLB_20260402.csv,2026-03-08 22:37:03,0.0
VCLB_20260402.csv,2026-03-08 22:40:03,0.0
VCLB_20260402.csv,2026-03-08 22:43:03,0.0
VCLB_20260402.csv,2026-03-08 22:46:03,0.0
VCLB_20260402.csv,2026-03-08 22:49:03,0.0
VCLB_20260402.csv,2026-03-08 22:52:03,0.0
VCLB_20260402.csv,2026-03-08 22:55:03,0.0
VCLB_20260402.csv,2026-03-08 22:58:03,0.0
VCLB_20260402.csv,2026-03-08 23:01:03,0.0
VCLB_20260402.csv,2026-03-08 23:04:03,0.0
VCLB_20260402.csv,2026-03-08 23:07:03,0.0
VCLB_20260402.csv,2026-03-08 23:10:03,0.0
VCLB_20260402.csv,2026-03-08 23:13:03,0.0
VCLB_20260402.csv,2026-03-08 23:16:03,0.0
VCLB_20260402.csv,2026-03-08 23:19:03,0.0
VCLB_20260402.csv,2026-03-08 23:22:03,0.0
VCLB_20260402.csv,2026-03-08 23:25:03,0.0
VCLB_20260402.csv,2026-03-08 23:28:03,0.0
VCLB_20260402.csv,2026-03-08 23:31:03,0.0
VCLB_20260402.csv,2026-03-08 23:34:03,0.0
VCLB_20260402.csv,2026-03-08 23:37:03,0.0
VCLB_20260402.csv,2026-03-08 23:40:03,0.0
VCLB_20260402.csv,2026-03-08 23:43:03,0.0
VCLB_20260402.csv,2026-03-08 23:46:03,0.0
VCLB_20260402.csv,2026-03-08 23:49:03,0.0
VCLB_20260402.csv,2026-03-08 23:52:03,0.0
VCLB_20260402.csv,2026-03-08 23:55:03,0.0
VCLB_20260402.csv,2026-03-08 23:58:03,0.0
VCLB_20260402.csv,2026-03-09 00:01:03,0.0
VCLB_20260402.csv,2026-03-09 00:04:03,0.0
VCLB_20260402.csv,2026-03-09 00:07:03,0.0
VCLB_20260402.csv,2026-03-09 00:10:03,0.0
VCLB_20260402.csv,2026-03-09 00:13:03,0.0
VCLB_20260402.csv,2026-03-09 00:16:03,0.0
VCLB_20260402.csv,2026-03-09 00:19:03,0.0
VCLB_20260402.csv,2026-03-09 00:22:03,0.0
VCLB_20260402.csv,2026-03-09 00:25:03,0.0
VCLB_20260402.csv,2026-03-09 00:28:03,0.0
VCLB_20260402.csv,2026-03-09 00:31:03,0.0
VCLB_20260402.csv,2026-03-09 00:34:03,0.0
VCLB_20260402.csv,2026-03-09 00:37:03,0.0
VCLB_20260402.csv,2026-03-09 00:40:03,0.0
VCLB_20260402.csv,2026-03-09 00:43:03,0.0
VCLB_20260402.csv,2026-03-09 00:46:03,0.0
VCLB_20260402.csv,2026-03-09 00:49:03,0.0
VCLB_20260402.csv,2026-03-09 00:52:03,0.0
VCLB_20260402.csv,2026-03-09 00:55:03,0.0
VCLB_20260402.csv,2026-03-09 00:58:03,0.0
VCLB_20260402.csv,2026-03-09 01:01:03,0.0
VCLB_20260402.csv,2026-03-09 01:04:03,0.0
VCLB_20260402.csv,2026-03-09 01:07:03,0.0
VCLB_20260402.csv,2026-03-09 01:10:03,0.0
VCLB_20260402.csv,2026-03-09 01:13:03,0.0
VCLB_20260402.csv,2026-03-09 01:16:03,0.0
VCLB_20260402.csv,2026-03-09 01:19:03,0.0
VCLB_20260402.csv,2026-03-09 01:22:03,0.0
VCLB_20260402.csv,2026-03-09 01:25:03,0.0
VCLB_20260402.csv,2026-03-09 01:28:03,0.0
VCLB_20260402.csv,2026-03-09 01:31:03,0.0
VCLB_20260402.csv,2026-03-09 01:34:03,0.0
VCLB_20260402.csv,2026-03-09 01:37:03,0.0
VCLB_20260402.csv,2026-03-09 01:40:03,0.0
VCLB_20260402.csv,2026-03-09 01:43:03,0.0
VCLB_20260402.csv,2026-03-09 01:46:03,0.0
VCLB_20260402.csv,2026-03-09 01:49:03,0.0
VCLB_20260402.csv,2026-03-09 01:52:03,0.0
VCLB_20260402.csv,2026-03-09 01:55:03,0.0
VCLB_20260402.csv,2026-03-09 01:58:03,0.0
VCLB_20260402.csv,2026-03-09 02:01:03,0.0
VCLB_20260402.csv,2026-03-09 02:04:03,0.0
VCLB_20260402.csv,2026-03-09 02:07:03,0.0
VCLB_20260402.csv,2026-03-09 02:10:03,0.0
VCLB_20260402.csv,2026-03-09 02:13:03,0.0
VCLB_20260402.csv,2026-03-09 02:16:03,0.0
VCLB_20260402.csv,2026-03-09 02:19:03,0.0
VCLB_20260402.csv,2026-03-09 02:22:03,0.0
VCLB_20260402.csv,2026-03-09 02:25:03,0.0
VCLB_20260402.csv,2026-03-09 02:28:03,0.0
VCLB_20260402.csv,2026-03-09 02:31:03,0.0
VCLB_20260402.csv,2026-03-09 02:34:03,0.0
VCLB_20260402.csv,2026-03-09 02:37:03,0.0
VCLB_20260402.csv,2026-03-09 02:40:03,0.0
VCLB_20260402.csv,2026-03-09 02:43:03,0.0
VCLB_20260402.csv,2026-03-09 02:46:03,0.0
VCLB_20260402.csv,2026-03-09 02:49:03,0.0
VCLB_20260402.csv,2026-03-09 02:52:03,0.0
VCLB_20260402.csv,2026-03-09 02:55:03,0.0
VCLB_20260402.csv,2026-03-09 02:58:03,0.0
VCLB_20260402.csv,2026-03-09 03:01:03,0.0
VCLB_20260402.csv,2026-03-09 03:04:03,0.0
VCLB_20260402.csv,2026-03-09 03:07:03,0.0
VCLB_20260402.csv,2026-03-09 03:10:03,0.0
VCLB_20260402.csv,2026-03-09 03:13:03,0.0
VCLB_20260402.csv,2026-03-09 03:16:03,0.0
VCLB_20260402.csv,2026-03-09 03:19:03,0.0
VCLB_20260402.csv,2026-03-09 03:22:03,0.0
VCLB_20260402.csv,2026-03-09 03:25:03,0.0
VCLB_20260402.csv,2026-03-09 03:28:03,0.0
VCLB_20260402.csv,2026-03-09 03:31:03,0.0
VCLB_20260402.csv,2026-03-09 03:34:02,0.0
VCLB_20260402.csv,2026-03-09 03:37:03,0.0
VCLB_20260402.csv,2026-03-09 03:40:03,0.0
VCLB_20260402.csv,2026-03-09 03:43:03,0.0
VCLB_20260402.csv,2026-03-09 03:46:02,0.0
VCLB_20260402.csv,2026-03-09 03:49:02,0.0
VCLB_20260402.csv,2026-03-09 03:52:02,0.0
VCLB_20260402.csv,2026-03-09 03:55:03,0.0
VCLB_20260402.csv,2026-03-09 03:58:03,0.0
VCLB_20260402.csv,2026-03-09 04:01:02,0.0
VCLB_20260402.csv,2026-03-09 04:04:02,0.0
VCLB_20260402.csv,2026-03-09 04:07:02,0.0
VCLB_20260402.csv,2026-03-09 04:10:02,0.0
VCLB_20260402.csv,2026-03-09 04:13:03,0.0
VCLB_20260402.csv,2026-03-09 04:16:02,0.0
VCLB_20260402.csv,2026-03-09 04:19:02,0.0
VCLB_20260402.csv,2026-03-09 04:22:02,0.0
VCLB_20260402.csv,2026-03-09 04:25:02,0.0
VCLB_20260402.csv,2026-03-09 04:28:03,0.0
VCLB_20260402.csv,2026-03-09 04:31:02,0.0
VCLB_20260402.csv,2026-03-09 04:34:02,0.0
VCLB_20260402.csv,2026-03-09 04:37:02,0.0
VCLB_20260402.csv,2026-03-09 04:40:02,0.0
VCLB_20260402.csv,2026-03-09 04:43:03,0.0
VCLB_20260402.csv,2026-03-09 04:46:02,0.0
VCLB_20260402.csv,2026-03-09 04:49:02,0.0
VCLB_20260402.csv,2026-03-09 04:52:02,0.0
VCLB_20260402.csv,2026-03-09 04:55:02,0.0
VCLB_20260402.csv,2026-03-09 04:58:02,0.0
VCLB_20260402.csv,2026-03-09 05:01:02,0.0
VCLB_20260402.csv,2026-03-09 05:04:03,0.0
VCLB_20260402.csv,2026-03-09 05:07:03,0.0
VCLB_20260402.csv,2026-03-09 05:10:02,0.0
VCLB_20260402.csv,2026-03-09 05:13:02,0.0
VCLB_20260402.csv,2026-03-09 05:16:03,0.0
VCLB_20260402.csv,2026-03-09 05:19:02,0.0
VCLB_20260402.csv,2026-03-09 05:22:02,0.0
VCLB_20260402.csv,2026-03-09 05:25:02,0.0
VCLB_20260402.csv,2026-03-09 05:28:02,0.0
VCLB_20260402.csv,2026-03-09 05:31:03,0.0
VCLB_20260402.csv,2026-03-09 05:34:02,0.0
VCLB_20260402.csv,2026-03-09 05:37:02,0.0
VCLB_20260402.csv,2026-03-09 05:40:02,0.0
VCLB_20260402.csv,2026-03-09 05:43:02,0.0
VCLB_20260402.csv,2026-03-09 05:46:02,0.0
VCLB_20260402.csv,2026-03-09 05:49:02,0.0
VCLB_20260402.csv,2026-03-09 05:52:02,0.0
VCLB_20260402.csv,2026-03-09 05:55:02,0.0
VCLB_20260402.csv,2026-03-09 05:58:02,0.0
VCLB_20260402.csv,2026-03-09 06:01:02,0.0
VCLB_20260402.csv,2026-03-09 06:04:02,0.0
VCLB_20260402.csv,2026-03-09 06:07:02,0.0
VCLB_20260402.csv,2026-03-09 06:10:02,0.0
VCLB_20260402.csv,2026-03-09 06:13:02,0.0
VCLB_20260402.csv,2026-03-09 06:16:02,0.0
VCLB_20260402.csv,2026-03-09 06:19:02,0.0
VCLB_20260402.csv,2026-03-09 06:22:02,0.0
VCLB_20260402.csv,2026-03-09 06:25:02,0.0
VCLB_20260402.csv,2026-03-09 06:28:02,0.0
VCLB_20260402.csv,2026-03-09 06:31:02,0.0
VCLB_20260402.csv,2026-03-09 06:37:02,0.0
VCLB_20260402.csv,2026-03-09 06:40:02,0.0
VCLB_20260402.csv,2026-03-09 06:43:02,0.0
VCLB_20260402.csv,2026-03-09 06:46:02,0.0
VCLB_20260402.csv,2026-03-09 06:52:02,0.0
VCLB_20260402.csv,2026-03-09 06:55:02,0.0
VCLB_20260402.csv,2026-03-09 06:58:02,0.0
VCLB_20260402.csv,2026-03-09 07:01:02,0.0
VCLB_20260402.csv,2026-03-09 07:04:02,0.0
VCLB_20260402.csv,2026-03-09 07:07:02,0.0
VCLB_20260402.csv,2026-03-09 07:10:02,0.0
VCLB_20260402.csv,2026-03-09 07:13:02,0.0
VCLB_20260402.csv,2026-03-09 07:16:02,0.0
VCLB_20260402.csv,2026-03-09 07:19:02,0.0
VCLB_20260402.csv,2026-03-09 07:22:02,0.0
VCLB_20260402.csv,2026-03-09 07:25:02,0.0
VCLB_20260402.csv,2026-03-09 07:28:02,0.0
VCLB_20260402.csv,2026-03-09 07:31:02,0.0
VCLB_20260402.csv,2026-03-09 07:34:02,0.0
VCLB_20260402.csv,2026-03-09 07:37:02,0.0
VCLB_20260402.csv,2026-03-09 07:40:02,0.0
VCLB_20260402.csv,2026-03-09 07:43:02,0.0
VCLB_20260402.csv,2026-03-09 07:46:02,0.0
VCLB_20260402.csv,2026-03-09 07:49:03,0.0
VCLB_20260402.csv,2026-03-09 07:52:02,0.0
VCLB_20260402.csv,2026-03-09 07:55:02,0.0
VCLB_20260402.csv,2026-03-09 07:58:02,0.0
VCLB_20260402.csv,2026-03-09 08:01:02,0.0
VCLB_20260402.csv,2026-03-09 08:04:02,0.0
VCLB_20260402.csv,2026-03-09 08:07:02,0.0
VCLB_20260402.csv,2026-03-09 08:10:02,0.0
VCLB_20260402.csv,2026-03-09 08:13:02,0.0
VCLB_20260402.csv,2026-03-09 08:16:02,0.0
VCLB_20260402.csv,2026-03-09 08:19:02,0.0
VCLB_20260402.csv,2026-03-09 08:25:02,0.0
VCLB_20260402.csv,2026-03-09 08:28:02,0.0
VCLB_20260402.csv,2026-03-09 08:31:02,0.0
VCLB_20260402.csv,2026-03-09 08:34:02,0.0
VCLB_20260402.csv,2026-03-09 08:37:02,0.0
VCLB_20260402.csv,2026-03-09 08:40:02,0.0
VCLB_20260402.csv,2026-03-09 08:43:02,0.0
VCLB_20260402.csv,2026-03-09 08:46:02,0.0
VCLB_20260402.csv,2026-03-09 08:49:02,0.0
VCLB_20260402.csv,2026-03-09 08:52:02,0.0
VCLB_20260402.csv,2026-03-09 08:55:02,0.0
VCLB_20260402.csv,2026-03-09 08:58:02,0.0
VCLB_20260402.csv,2026-03-09 09:04:02,0.0
VCLB_20260402.csv,2026-03-09 09:07:02,0.0
VCLB_20260402.csv,2026-03-09 09:10:02,0.0
VCLB_20260402.csv,2026-03-09 09:13:02,0.0
VCLB_20260402.csv,2026-03-09 09:16:02,0.0
VCLB_20260402.csv,2026-03-09 09:19:02,0.0
VCLB_20260402.csv,2026-03-09 09:25:02,0.0
VCLB_20260402.csv,2026-03-09 09:28:02,0.0
VCLB_20260402.csv,2026-03-09 09:31:02,0.0
VCLB_20260402.csv,2026-03-09 09:34:02,0.0
VCLB_20260402.csv,2026-03-09 09:37:02,0.0
VCLB_20260402.csv,2026-03-09 09:40:02,0.0
VCLB_20260402.csv,2026-03-09 09:43:02,0.0
VCLB_20260402.csv,2026-03-09 09:46:02,0.0
VCLB_20260402.csv,2026-03-09 09:49:02,0.0
VCLB_20260402.csv,2026-03-09 09:52:03,0.0
VCLB_20260402.csv,2026-03-09 09:55:02,0.0
VCLB_20260402.csv,2026-03-09 09:58:02,0.0
VCLB_20260402.csv,2026-03-09 10:01:02,0.0
VCLB_20260402.csv,2026-03-09 10:04:02,0.0
VCLB_20260402.csv,2026-03-09 10:07:02,0.0
VCLB_20260402.csv,2026-03-09 10:10:02,0.0
VCLB_20260402.csv,2026-03-09 10:13:02,0.0
VCLB_20260402.csv,2026-03-09 10:16:02,0.0
VCLB_20260402.csv,2026-03-09 10:19:02,0.0
VCLB_20260402.csv,2026-03-09 10:22:02,0.0
VCLB_20260402.csv,2026-03-09 10:25:02,0.0
VCLB_20260402.csv,2026-03-09 10:28:02,0.0
VCLB_20260402.csv,2026-03-09 10:31:02,0.0
VCLB_20260402.csv,2026-03-09 10:34:02,0.0
VCLB_20260402.csv,2026-03-09 10:37:02,0.0
VCLB_20260402.csv,2026-03-09 10:43:02,0.0
VCLB_20260402.csv,2026-03-09 10:46:02,0.0
VCLB_20260402.csv,2026-03-09 10:49:02,0.0
VCLB_20260402.csv,2026-03-09 10:52:02,0.0
VCLB_20260402.csv,2026-03-09 10:55:02,0.0
VCLB_20260402.csv,2026-03-09 10:58:02,0.0
VCLB_20260402.csv,2026-03-09 11:01:02,0.0
VCLB_20260402.csv,2026-03-09 11:04:02,0.0
VCLB_20260402.csv,2026-03-09 11:07:02,0.0
VCLB_20260402.csv,2026-03-09 11:10:02,0.0
VCLB_20260402.csv,2026-03-09 11:13:02,0.0
VCLB_20260402.csv,2026-03-09 11:16:02,0.0
VCLB_20260402.csv,2026-03-09 11:19:02,0.0
VCLB_20260402.csv,2026-03-09 11:22:02,0.0
VCLB_20260402.csv,2026-03-09 11:25:02,0.0
VCLB_20260402.csv,2026-03-09 11:28:02,0.0
VCLB_20260402.csv,2026-03-09 11:31:02,0.0
VCLB_20260402.csv,2026-03-09 11:34:02,0.0
VCLB_20260402.csv,2026-03-09 11:37:02,0.0
VCLB_20260402.csv,2026-03-09 11:40:02,0.0
VCLB_20260402.csv,2026-03-09 11:43:02,0.0
VCLB_20260402.csv,2026-03-09 11:46:02,0.0
VCLB_20260402.csv,2026-03-09 11:49:02,0.0
VCLB_20260402.csv,2026-03-09 11:52:02,0.0
VCLB_20260402.csv,2026-03-09 11:55:02,0.0
VCLB_20260402.csv,2026-03-09 11:58:02,0.0
VCLB_20260402.csv,2026-03-09 12:01:02,0.0
VCLB_20260402.csv,2026-03-09 12:04:02,0.0
VCLB_20260402.csv,2026-03-09 12:07:02,0.0
VCLB_20260402.csv,2026-03-09 12:10:02,0.0
VCLB_20260402.csv,2026-03-09 12:13:02,0.0
VCLB_20260402.csv,2026-03-09 12:16:02,0.0
VCLB_20260402.csv,2026-03-09 12:19:02,0.0
VCLB_20260402.csv,2026-03-09 12:22:02,0.0
VCLB_20260402.csv,2026-03-09 12:25:02,0.0
VCLB_20260402.csv,2026-03-09 12:28:02,0.0
VCLB_20260402.csv,2026-03-09 12:31:02,0.0
VCLB_20260402.csv,2026-03-09 12:34:02,0.0
VCLB_20260402.csv,2026-03-09 12:37:02,0.0
VCLB_20260402.csv,2026-03-09 12:40:02,0.0
VCLB_20260402.csv,2026-03-09 12:43:02,0.0
VCLB_20260402.csv,2026-03-09 12:46:02,0.0
VCLB_20260402.csv,2026-03-09 12:49:02,0.0
VCLB_20260402.csv,2026-03-09 12:52:02,0.0
VCLB_20260402.csv,2026-03-09 12:55:02,0.0
VCLB_20260402.csv,2026-03-09 12:58:02,0.0
VCLB_20260402.csv,2026-03-09 13:01:02,0.0
VCLB_20260402.csv,2026-03-09 13:04:02,0.0
VCLB_20260402.csv,2026-03-09 13:07:02,0.0
VCLB_20260402.csv,2026-03-09 13:10:02,0.0
VCLB_20260402.csv,2026-03-09 13:13:02,0.0
VCLB_20260402.csv,2026-03-09 13:16:02,0.0
VCLB_20260402.csv,2026-03-09 13:19:02,0.0
VCLB_20260402.csv,2026-03-09 13:22:02,0.0
VCLB_20260402.csv,2026-03-09 13:25:02,0.0
VCLB_20260402.csv,2026-03-09 13:28:02,0.0
VCLB_20260402.csv,2026-03-09 13:31:02,0.0
VCLB_20260402.csv,2026-03-09 13:37:02,0.0
VCLB_20260402.csv,2026-03-09 13:40:02,0.0
VCLB_20260402.csv,2026-03-09 13:43:02,0.0
VCLB_20260402.csv,2026-03-09 13:46:02,0.0
VCLB_20260402.csv,2026-03-09 13:49:02,0.0
VCLB_20260402.csv,2026-03-09 13:52:02,0.0
VCLB_20260402.csv,2026-03-09 13:55:02,0.0
VCLB_20260402.csv,2026-03-09 13:58:02,0.0
VCLB_20260402.csv,2026-03-09 14:01:02,0.0
VCLB_20260402.csv,2026-03-09 14:04:02,0.0
VCLB_20260402.csv,2026-03-09 14:07:02,0.0
VCLB_20260402.csv,2026-03-09 14:10:02,0.0
VCLB_20260402.csv,2026-03-09 14:16:02,0.0
VCLB_20260402.csv,2026-03-09 14:19:02,0.0
VCLB_20260402.csv,2026-03-09 14:22:02,0.0
VCLB_20260402.csv,2026-03-09 14:25:02,0.0
VCLB_20260402.csv,2026-03-09 14:28:02,0.0
VCLB_20260402.csv,2026-03-09 14:31:02,0.0
VCLB_20260402.csv,2026-03-09 14:34:02,0.0
VCLB_20260402.csv,2026-03-09 14:37:02,0.0
VCLB_20260402.csv,2026-03-09 14:40:02,0.0
VCLB_20260402.csv,2026-03-09 14:43:02,0.0
VCLB_20260402.csv,2026-03-09 14:46:02,0.0
VCLB_20260402.csv,2026-03-09 14:49:02,0.0
VCLB_20260402.csv,2026-03-09 14:52:02,0.0
VCLB_20260402.csv,2026-03-09 14:55:02,0.0
VCLB_20260402.csv,2026-03-09 14:58:02,0.0
VCLB_20260402.csv,2026-03-09 15:01:02,0.0
VCLB_20260402.csv,2026-03-09 15:04:02,0.0
VCLB_20260402.csv,2026-03-09 15:07:02,0.0
VCLB_20260402.csv,2026-03-09 15:10:02,0.0
VCLB_20260402.csv,2026-03-09 15:13:02,0.0
VCLB_20260402.csv,2026-03-09 15:16:02,0.0
VCLB_20260402.csv,2026-03-09 15:19:02,0.0
VCLB_20260402.csv,2026-03-09 15:22:02,0.0
VCLB_20260402.csv,2026-03-09 15:25:02,0.0
VCLB_20260402.csv,2026-03-09 15:28:02,0.0
VCLB_20260402.csv,2026-03-09 15:31:02,0.0
VCLB_20260402.csv,2026-03-09 15:34:02,0.0
VCLB_20260402.csv,2026-03-09 15:40:02,0.0
VCLB_20260402.csv,2026-03-09 15:43:02,0.0
VCLB_20260402.csv,2026-03-09 15:46:02,0.0
VCLB_20260402.csv,2026-03-09 15:49:02,0.0
VCLB_20260402.csv,2026-03-09 15:52:02,0.0
VCLB_20260402.csv,2026-03-09 15:55:02,0.0
VCLB_20260402.csv,2026-03-09 15:58:02,0.0
VCLB_20260402.csv,2026-03-09 16:01:02,0.0
VCLB_20260402.csv,2026-03-09 16:04:02,0.0
VCLB_20260402.csv,2026-03-09 16:07:02,0.0
VCLB_20260402.csv,2026-03-09 16:10:02,0.0
VCLB_20260402.csv,2026-03-09 16:13:02,0.0
VCLB_20260402.csv,2026-03-09 16:16:02,0.0
VCLB_20260402.csv,2026-03-09 16:19:02,0.0
VCLB_20260402.csv,2026-03-09 16:22:02,0.0
VCLB_20260402.csv,2026-03-09 16:25:02,0.0
VCLB_20260402.csv,2026-03-09 16:28:02,0.0
VCLB_20260402.csv,2026-03-09 16:31:02,0.0
VCLB_20260402.csv,2026-03-09 16:34:02,0.0
VCLB_20260402.csv,2026-03-09 16:37:02,0.0
VCLB_20260402.csv,2026-03-09 16:40:02,0.0
VCLB_20260402.csv,2026-03-09 16:43:02,0.0
VCLB_20260402.csv,2026-03-09 16:46:02,0.0
VCLB_20260402.csv,2026-03-09 16:49:02,0.0
VCLB_20260402.csv,2026-03-09 16:52:02,0.0
VCLB_20260402.csv,2026-03-09 16:55:02,0.0
VCLB_20260402.csv,2026-03-09 16:58:02,0.0
VCLB_20260402.csv,2026-03-09 17:01:02,0.0
VCLB_20260402.csv,2026-03-09 17:04:02,0.0
VCLB_20260402.csv,2026-03-09 17:07:02,0.0
VCLB_20260402.csv,2026-03-09 17:10:02,0.0
VCLB_20260402.csv,2026-03-09 17:13:02,0.0
VCLB_20260402.csv,2026-03-09 17:16:02,0.0
VCLB_20260402.csv,2026-03-09 17:19:02,0.0
VCLB_20260402.csv,2026-03-09 17:22:02,0.0
VCLB_20260402.csv,2026-03-09 17:25:02,0.0
VCLB_20260402.csv,2026-03-09 17:28:02,0.0
VCLB_20260402.csv,2026-03-09 17:31:02,0.0
VCLB_20260402.csv,2026-03-09 17:34:02,0.0
VCLB_20260402.csv,2026-03-09 17:37:02,0.0
VCLB_20260402.csv,2026-03-09 17:40:02,0.0
VCLB_20260402.csv,2026-03-09 17:43:02,0.0
VCLB_20260402.csv,2026-03-09 17:46:02,0.0
VCLB_20260402.csv,2026-03-09 17:49:02,0.0
VCLB_20260402.csv,2026-03-09 17:52:02,0.0
VCLB_20260402.csv,2026-03-09 17:55:02,0.0
VCLB_20260402.csv,2026-03-09 17:58:02,0.0
VCLB_20260402.csv,2026-03-09 18:01:02,0.0
VCLB_20260402.csv,2026-03-09 18:04:02,0.0
VCLB_20260402.csv,2026-03-09 18:07:02,0.0
VCLB_20260402.csv,2026-03-09 18:10:02,0.0
VCLB_20260402.csv,2026-03-09 18:13:02,0.0
VCLB_20260402.csv,2026-03-09 18:16:02,0.0
VCLB_20260402.csv,2026-03-09 18:19:02,0.0
VCLB_20260402.csv,2026-03-09 18:22:02,0.0
VCLB_20260402.csv,2026-03-09 18:25:02,0.0
VCLB_20260402.csv,2026-03-09 18:28:02,0.0
VCLB_20260402.csv,2026-03-09 18:34:02,0.0
VCLB_20260402.csv,2026-03-09 18:37:02,0.0
VCLB_20260402.csv,2026-03-09 18:40:02,0.0
VCLB_20260402.csv,2026-03-09 18:43:02,0.0
VCLB_20260402.csv,2026-03-09 18:46:02,0.0
VCLB_20260402.csv,2026-03-09 18:49:02,0.0
VCLB_20260402.csv,2026-03-09 18:52:02,0.0
VCLB_20260402.csv,2026-03-09 18:55:02,0.0
VCLB_20260402.csv,2026-03-09 18:58:02,0.0
VCLB_20260402.csv,2026-03-09 19:01:01,0.0
VCLB_20260402.csv,2026-03-09 19:07:01,0.0
VCLB_20260402.csv,2026-03-09 19:10:01,0.0
VCLB_20260402.csv,2026-03-09 19:13:02,0.0
VCLB_20260402.csv,2026-03-09 19:16:01,0.0
VCLB_20260402.csv,2026-03-09 19:19:01,0.0
VCLB_20260402.csv,2026-03-09 19:22:01,0.0
VCLB_20260402.csv,2026-03-09 19:25:01,0.0
VCLB_20260402.csv,2026-03-09 19:28:02,0.0
VCLB_20260402.csv,2026-03-09 19:31:01,0.0
VCLB_20260402.csv,2026-03-09 19:34:01,0.0
VCLB_20260402.csv,2026-03-09 19:37:01,0.0
VCLB_20260402.csv,2026-03-09 19:40:01,0.0
VCLB_20260402.csv,2026-03-09 19:43:02,0.0
VCLB_20260402.csv,2026-03-09 19:46:01,0.0
VCLB_20260402.csv,2026-03-09 19:49:01,0.0
VCLB_20260402.csv,2026-03-09 19:52:01,0.0
VCLB_20260402.csv,2026-03-09 19:55:01,0.0
VCLB_20260402.csv,2026-03-09 19:58:02,0.0
VCLB_20260402.csv,2026-03-09 20:01:01,0.0
VCLB_20260402.csv,2026-03-09 20:04:01,0.0
VCLB_20260402.csv,2026-03-09 20:07:01,0.0
VCLB_20260402.csv,2026-03-09 20:10:01,0.0
VCLB_20260402.csv,2026-03-09 20:13:01,0.0
VCLB_20260402.csv,2026-03-09 20:16:01,0.0
VCLB_20260402.csv,2026-03-09 20:19:01,0.0
VCLB_20260402.csv,2026-03-09 20:22:01,0.0
VCLB_20260402.csv,2026-03-09 20:25:01,0.0
VCLB_20260402.csv,2026-03-09 20:28:01,0.0
VCLB_20260402.csv,2026-03-09 20:31:01,0.0
VCLB_20260402.csv,2026-03-09 20:34:01,0.0
VCLB_20260402.csv,2026-03-09 20:37:01,0.0
VCLB_20260402.csv,2026-03-09 20:40:01,0.0
VCLB_20260402.csv,2026-03-09 20:43:01,0.0
VCLB_20260402.csv,2026-03-09 20:46:01,0.0
VCLB_20260402.csv,2026-03-09 20:49:01,0.0
VCLB_20260402.csv,2026-03-09 20:52:01,0.0
VCLB_20260402.csv,2026-03-09 20:55:01,0.0
VCLB_20260402.csv,2026-03-09 21:01:01,0.0
VCLB_20260402.csv,2026-03-09 21:04:01,0.0
VCLB_20260402.csv,2026-03-09 21:07:01,0.0
VCLB_20260402.csv,2026-03-09 21:10:01,0.0
VCLB_20260402.csv,2026-03-09 21:13:01,0.0
VCLB_20260402.csv,2026-03-09 21:16:01,0.0
VCLB_20260402.csv,2026-03-09 21:19:01,0.0
VCLB_20260402.csv,2026-03-09 21:22:01,0.0
VCLB_20260402.csv,2026-03-09 21:25:01,0.0
VCLB_20260402.csv,2026-03-09 21:28:01,0.0
VCLB_20260402.csv,2026-03-09 21:31:01,0.0
VCLB_20260402.csv,2026-03-09 21:34:01,0.0
VCLB_20260402.csv,2026-03-09 21:37:01,0.0
VCLB_20260402.csv,2026-03-09 21:40:01,0.0
VCLB_20260402.csv,2026-03-09 21:43:02,0.0
VCLB_20260402.csv,2026-03-09 21:46:01,0.0
VCLB_20260402.csv,2026-03-09 21:49:01,0.0
VCLB_20260402.csv,2026-03-09 21:52:01,0.0
VCLB_20260402.csv,2026-03-09 21:58:02,0.0
VCLB_20260402.csv,2026-03-09 22:01:01,0.0
VCLB_20260402.csv,2026-03-09 22:04:01,0.0
VCLB_20260402.csv,2026-03-09 22:07:01,0.0
VCLB_20260402.csv,2026-03-09 22:10:01,0.0
VCLB_20260402.csv,2026-03-09 22:13:01,0.0
VCLB_20260402.csv,2026-03-09 22:16:01,0.0
VCLB_20260402.csv,2026-03-09 22:19:01,0.0
VCLB_20260402.csv,2026-03-09 22:22:01,0.0
VCLB_20260402.csv,2026-03-09 22:25:01,0.0
VCLB_20260402.csv,2026-03-09 22:28:01,0.0
VCLB_20260402.csv,2026-03-09 22:31:01,0.0
VCLB_20260402.csv,2026-03-09 22:34:01,0.0
VCLB_20260402.csv,2026-03-09 22:37:01,0.0
VCLB_20260402.csv,2026-03-09 22:40:01,0.0
VCLB_20260402.csv,2026-03-09 22:43:01,0.0
VCLB_20260402.csv,2026-03-09 22:46:01,0.0
VCLB_20260402.csv,2026-03-09 22:49:01,0.0
VCLB_20260402.csv,2026-03-09 22:52:01,0.0
VCLB_20260402.csv,2026-03-09 22:55:01,0.0
VCLB_20260402.csv,2026-03-09 22:58:01,0.0
VCLB_20260402.csv,2026-03-09 23:01:01,0.0
VCLB_20260402.csv,2026-03-09 23:04:01,0.0
VCLB_20260402.csv,2026-03-09 23:07:01,0.0
VCLB_20260402.csv,2026-03-09 23:10:01,0.0
VCLB_20260402.csv,2026-03-09 23:13:01,0.0
VCLB_20260402.csv,2026-03-09 23:16:01,0.0
VCLB_20260402.csv,2026-03-09 23:19:01,0.0
VCLB_20260402.csv,2026-03-09 23:22:01,0.0
VCLB_20260402.csv,2026-03-09 23:25:01,0.0
VCLB_20260402.csv,2026-03-09 23:28:01,0.0
VCLB_20260402.csv,2026-03-09 23:31:01,0.0
VCLB_20260402.csv,2026-03-09 23:34:01,0.0
VCLB_20260402.csv,2026-03-09 23:37:01,0.0
VCLB_20260402.csv,2026-03-09 23:43:01,0.0
VCLB_20260402.csv,2026-03-09 23:46:01,0.0
VCLB_20260402.csv,2026-03-09 23:49:01,0.0
VCLB_20260402.csv,2026-03-09 23:52:01,0.0
VCLB_20260402.csv,2026-03-09 23:55:01,0.0
VCLB_20260402.csv,2026-03-09 23:58:01,0.0
VCLB_20260402.csv,2026-03-10 00:01:01,0.0
VCLB_20260402.csv,2026-03-10 00:04:01,0.0
VCLB_20260402.csv,2026-03-10 00:07:01,0.0
VCLB_20260402.csv,2026-03-10 00:10:01,0.0
VCLB_20260402.csv,2026-03-10 00:13:01,0.0
VCLB_20260402.csv,2026-03-10 00:16:01,0.0
VCLB_20260402.csv,2026-03-10 00:19:01,0.0
VCLB_20260402.csv,2026-03-10 00:22:01,0.0
VCLB_20260402.csv,2026-03-10 00:25:01,0.0
VCLB_20260402.csv,2026-03-10 00:28:01,0.0
VCLB_20260402.csv,2026-03-10 00:31:01,0.0
VCLB_20260402.csv,2026-03-10 00:34:01,0.0
VCLB_20260402.csv,2026-03-10 00:37:01,0.0
VCLB_20260402.csv,2026-03-10 00:40:01,0.0
VCLB_20260402.csv,2026-03-10 00:43:01,0.0
VCLB_20260402.csv,2026-03-10 00:46:01,0.0
VCLB_20260402.csv,2026-03-10 00:52:01,0.0
VCLB_20260402.csv,2026-03-10 00:55:01,0.0
VCLB_20260402.csv,2026-03-10 00:58:01,0.0
VCLB_20260402.csv,2026-03-10 01:01:01,0.0
VCLB_20260402.csv,2026-03-10 01:04:01,0.0
VCLB_20260402.csv,2026-03-10 01:07:01,0.0
VCLB_20260402.csv,2026-03-10 01:10:01,0.0
VCLB_20260402.csv,2026-03-10 01:13:01,0.0
VCLB_20260402.csv,2026-03-10 01:16:01,0.0
VCLB_20260402.csv,2026-03-10 01:22:01,0.0
VCLB_20260402.csv,2026-03-10 01:25:01,0.0
VCLB_20260402.csv,2026-03-10 01:28:01,0.0
VCLB_20260402.csv,2026-03-10 01:31:01,0.0
VCLB_20260402.csv,2026-03-10 01:34:01,0.0
VCLB_20260402.csv,2026-03-10 01:37:01,0.0
VCLB_20260402.csv,2026-03-10 01:40:01,0.0
VCLB_20260402.csv,2026-03-10 01:43:01,0.0
VCLB_20260402.csv,2026-03-10 01:46:01,0.0
VCLB_20260402.csv,2026-03-10 01:49:01,0.0
VCLB_20260402.csv,2026-03-10 01:52:01,0.0
VCLB_20260402.csv,2026-03-10 01:55:01,0.0
VCLB_20260402.csv,2026-03-10 01:58:01,0.0
VCLB_20260402.csv,2026-03-10 02:01:01,0.0
VCLB_20260402.csv,2026-03-10 02:04:01,0.0
VCLB_20260402.csv,2026-03-10 02:07:01,0.0
VCLB_20260402.csv,2026-03-10 02:10:01,0.0
VCLB_20260402.csv,2026-03-10 02:13:01,0.0
VCLB_20260402.csv,2026-03-10 02:16:01,0.0
VCLB_20260402.csv,2026-03-10 02:19:01,0.0
VCLB_20260402.csv,2026-03-10 02:22:01,0.0
VCLB_20260402.csv,2026-03-10 02:25:01,0.0
VCLB_20260402.csv,2026-03-10 02:28:01,0.0
VCLB_20260402.csv,2026-03-10 02:31:01,0.0
VCLB_20260402.csv,2026-03-10 02:34:01,0.0
VCLB_20260402.csv,2026-03-10 02:37:01,0.0
VCLB_20260402.csv,2026-03-10 02:40:01,0.0
VCLB_20260402.csv,2026-03-10 02:43:01,0.0
VCLB_20260402.csv,2026-03-10 02:46:01,0.0
VCLB_20260402.csv,2026-03-10 02:49:01,0.0
VCLB_20260402.csv,2026-03-10 02:52:01,0.0
VCLB_20260402.csv,2026-03-10 02:55:01,0.0
VCLB_20260402.csv,2026-03-10 02:58:01,0.0
VCLB_20260402.csv,2026-03-10 03:01:01,0.0
VCLB_20260402.csv,2026-03-10 03:04:01,0.0
VCLB_20260402.csv,2026-03-10 03:07:01,0.0
VCLB_20260402.csv,2026-03-10 03:10:01,0.0
VCLB_20260402.csv,2026-03-10 03:13:01,0.0
VCLB_20260402.csv,2026-03-10 03:16:01,0.0
VCLB_20260402.csv,2026-03-10 03:19:01,0.0
VCLB_20260402.csv,2026-03-10 03:22:01,0.0
VCLB_20260402.csv,2026-03-10 03:25:01,0.0
VCLB_20260402.csv,2026-03-10 03:28:01,0.0
VCLB_20260402.csv,2026-03-10 03:31:01,0.0
VCLB_20260402.csv,2026-03-10 03:34:01,0.0
VCLB_20260402.csv,2026-03-10 03:37:01,0.0
VCLB_20260402.csv,2026-03-10 03:40:01,0.0
VCLB_20260402.csv,2026-03-10 03:43:01,0.0
VCLB_20260402.csv,2026-03-10 03:46:01,0.0
VCLB_20260402.csv,2026-03-10 03:49:01,0.0
VCLB_20260402.csv,2026-03-10 03:52:01,0.0
VCLB_20260402.csv,2026-03-10 03:55:01,0.0
VCLB_20260402.csv,2026-03-10 03:58:01,0.0
VCLB_20260402.csv,2026-03-10 04:01:01,0.0
VCLB_20260402.csv,2026-03-10 04:04:01,0.0
VCLB_20260402.csv,2026-03-10 04:07:01,0.0
VCLB_20260402.csv,2026-03-10 04:10:01,0.0
VCLB_20260402.csv,2026-03-10 04:13:01,0.0
VCLB_20260402.csv,2026-03-10 04:16:01,0.0
VCLB_20260402.csv,2026-03-10 04:19:01,0.0
VCLB_20260402.csv,2026-03-10 04:22:01,0.0
VCLB_20260402.csv,2026-03-10 04:25:01,0.0
VCLB_20260402.csv,2026-03-10 04:28:01,0.0
VCLB_20260402.csv,2026-03-10 04:31:01,0.0
VCLB_20260402.csv,2026-03-10 04:34:01,0.0
VCLB_20260402.csv,2026-03-10 04:37:01,0.0
VCLB_20260402.csv,2026-03-10 04:40:01,0.0
VCLB_20260402.csv,2026-03-10 04:43:01,0.0
VCLB_20260402.csv,2026-03-10 04:46:01,0.0
VCLB_20260402.csv,2026-03-10 04:49:01,0.0
VCLB_20260402.csv,2026-03-10 04:52:01,0.0
VCLB_20260402.csv,2026-03-10 04:55:01,0.0
VCLB_20260402.csv,2026-03-10 04:58:01,0.0
VCLB_20260402.csv,2026-03-10 05:01:01,0.0
VCLB_20260402.csv,2026-03-10 05:04:01,0.0
VCLB_20260402.csv,2026-03-10 05:07:01,0.0
VCLB_20260402.csv,2026-03-10 05:10:01,0.0
VCLB_20260402.csv,2026-03-10 05:13:01,0.0
VCLB_20260402.csv,2026-03-10 05:16:01,0.0
VCLB_20260402.csv,2026-03-10 05:19:01,0.0
VCLB_20260402.csv,2026-03-10 05:22:01,0.0
VCLB_20260402.csv,2026-03-10 05:25:01,0.0
VCLB_20260402.csv,2026-03-10 05:28:01,0.0
VCLB_20260402.csv,2026-03-10 05:34:01,0.0
VCLB_20260402.csv,2026-03-10 05:37:01,0.0
VCLB_20260402.csv,2026-03-10 05:40:01,0.0
VCLB_20260402.csv,2026-03-10 05:43:01,0.0
VCLB_20260402.csv,2026-03-10 05:46:01,0.0
VCLB_20260402.csv,2026-03-10 05:49:01,0.0
VCLB_20260402.csv,2026-03-10 05:52:01,0.0
VCLB_20260402.csv,2026-03-10 05:55:01,0.0
VCLB_20260402.csv,2026-03-10 05:58:01,0.0
VCLB_20260402.csv,2026-03-10 06:01:01,0.0
VCLB_20260402.csv,2026-03-10 06:04:01,0.0
VCLB_20260402.csv,2026-03-10 06:07:01,0.0
VCLB_20260402.csv,2026-03-10 06:10:01,0.0
VCLB_20260402.csv,2026-03-10 06:13:01,0.0
VCLB_20260402.csv,2026-03-10 06:16:01,0.0
VCLB_20260402.csv,2026-03-10 06:19:01,0.0
VCLB_20260402.csv,2026-03-10 06:22:01,0.0
VCLB_20260402.csv,2026-03-10 06:25:01,0.0
VCLB_20260402.csv,2026-03-10 06:28:01,0.0
VCLB_20260402.csv,2026-03-10 06:31:01,0.0
VCLB_20260402.csv,2026-03-10 06:34:01,0.0
VCLB_20260402.csv,2026-03-10 06:37:01,0.0
VCLB_20260402.csv,2026-03-10 06:40:01,0.0
VCLB_20260402.csv,2026-03-10 06:43:01,0.0
VCLB_20260402.csv,2026-03-10 06:46:01,0.0
VCLB_20260402.csv,2026-03-10 06:49:01,0.0
VCLB_20260402.csv,2026-03-10 06:52:01,0.0
VCLB_20260402.csv,2026-03-10 06:55:01,0.0
VCLB_20260402.csv,2026-03-10 06:58:01,0.0
VCLB_20260402.csv,2026-03-10 07:01:01,0.0
VCLB_20260402.csv,2026-03-10 07:04:01,0.0
VCLB_20260402.csv,2026-03-10 07:07:01,0.0
VCLB_20260402.csv,2026-03-10 07:10:01,0.0
VCLB_20260402.csv,2026-03-10 07:13:01,0.0
VCLB_20260402.csv,2026-03-10 07:16:01,0.0
VCLB_20260402.csv,2026-03-10 07:19:01,0.0
VCLB_20260402.csv,2026-03-10 07:22:01,0.0
VCLB_20260402.csv,2026-03-10 07:25:01,0.0
VCLB_20260402.csv,2026-03-10 07:28:01,0.0
VCLB_20260402.csv,2026-03-10 07:31:01,0.0
VCLB_20260402.csv,2026-03-10 07:34:01,0.0
VCLB_20260402.csv,2026-03-10 07:37:01,0.0
VCLB_20260402.csv,2026-03-10 07:40:01,0.01
VCLB_20260402.csv,2026-03-10 07:49:01,0.0
VCLB_20260402.csv,2026-03-10 07:52:01,0.0
VCLB_20260402.csv,2026-03-10 07:55:01,0.0
VCLB_20260402.csv,2026-03-10 07:58:01,0.0
VCLB_20260402.csv,2026-03-10 08:01:01,0.0
VCLB_20260402.csv,2026-03-10 08:04:01,0.0
VCLB_20260402.csv,2026-03-10 08:07:01,0.0
VCLB_20260402.csv,2026-03-10 08:10:01,0.0
VCLB_20260402.csv,2026-03-10 08:13:01,0.0
VCLB_20260402.csv,2026-03-10 08:16:01,0.0
VCLB_20260402.csv,2026-03-10 08:19:01,0.0
VCLB_20260402.csv,2026-03-10 08:22:01,0.0
VCLB_20260402.csv,2026-03-10 08:25:01,0.0
VCLB_20260402.csv,2026-03-10 08:28:01,0.0
VCLB_20260402.csv,2026-03-10 08:31:01,0.0
VCLB_20260402.csv,2026-03-10 08:34:01,0.0
VCLB_20260402.csv,2026-03-10 08:37:01,0.0
VCLB_20260402.csv,2026-03-10 08:40:01,0.0
VCLB_20260402.csv,2026-03-10 08:43:01,0.0
VCLB_20260402.csv,2026-03-10 08:46:01,0.0
VCLB_20260402.csv,2026-03-10 08:49:01,0.0
VCLB_20260402.csv,2026-03-10 08:52:01,0.0
VCLB_20260402.csv,2026-03-10 08:55:01,0.0
VCLB_20260402.csv,2026-03-10 08:58:01,0.0
VCLB_20260402.csv,2026-03-10 09:01:01,0.0
VCLB_20260402.csv,2026-03-10 09:04:01,0.0
VCLB_20260402.csv,2026-03-10 09:07:01,0.0
VCLB_20260402.csv,2026-03-10 09:10:01,0.0
VCLB_20260402.csv,2026-03-10 09:13:01,0.0
VCLB_20260402.csv,2026-03-10 09:16:01,0.0
VCLB_20260402.csv,2026-03-10 09:19:01,0.0
VCLB_20260402.csv,2026-03-10 09:22:01,0.0
VCLB_20260402.csv,2026-03-10 09:25:01,0.0
VCLB_20260402.csv,2026-03-10 09:28:01,0.0
VCLB_20260402.csv,2026-03-10 09:31:01,0.0
VCLB_20260402.csv,2026-03-10 09:34:01,0.0
VCLB_20260402.csv,2026-03-10 09:37:01,0.0
VCLB_20260402.csv,2026-03-10 09:40:01,0.0
VCLB_20260402.csv,2026-03-10 09:43:01,0.0
VCLB_20260402.csv,2026-03-10 09:46:01,0.0
VCLB_20260402.csv,2026-03-10 09:49:01,0.0
VCLB_20260402.csv,2026-03-10 09:52:01,0.0
VCLB_20260402.csv,2026-03-10 09:55:01,0.0
VCLB_20260402.csv,2026-03-10 09:58:01,0.0
VCLB_20260402.csv,2026-03-10 10:01:01,0.0
VCLB_20260402.csv,2026-03-10 10:04:01,0.0
VCLB_20260402.csv,2026-03-10 10:07:01,0.0
VCLB_20260402.csv,2026-03-10 10:10:01,0.0
VCLB_20260402.csv,2026-03-10 10:13:01,0.0
VCLB_20260402.csv,2026-03-10 10:16:01,0.0
VCLB_20260402.csv,2026-03-10 10:19:01,0.0
VCLB_20260402.csv,2026-03-10 10:22:01,0.0
VCLB_20260402.csv,2026-03-10 10:25:01,0.0
VCLB_20260402.csv,2026-03-10 10:28:01,0.0
VCLB_20260402.csv,2026-03-10 10:31:01,0.0
VCLB_20260402.csv,2026-03-10 10:34:01,0.0
VCLB_20260402.csv,2026-03-10 10:40:01,0.0
VCLB_20260402.csv,2026-03-10 10:43:01,0.0
VCLB_20260402.csv,2026-03-10 10:46:01,0.0
VCLB_20260402.csv,2026-03-10 10:49:01,0.0
VCLB_20260402.csv,2026-03-10 10:52:01,0.0
VCLB_20260402.csv,2026-03-10 10:55:01,0.0
VCLB_20260402.csv,2026-03-10 10:58:01,0.0
VCLB_20260402.csv,2026-03-10 11:01:01,0.0
VCLB_20260402.csv,2026-03-10 11:04:01,0.0
VCLB_20260402.csv,2026-03-10 11:07:01,0.0
VCLB_20260402.csv,2026-03-10 11:10:01,0.0
VCLB_20260402.csv,2026-03-10 11:13:01,0.0
VCLB_20260402.csv,2026-03-10 11:19:01,0.0
VCLB_20260402.csv,2026-03-10 11:22:01,0.0
VCLB_20260402.csv,2026-03-10 11:25:01,0.0
VCLB_20260402.csv,2026-03-10 11:28:01,0.0
VCLB_20260402.csv,2026-03-10 11:34:01,0.0
VCLB_20260402.csv,2026-03-10 11:37:01,0.0
VCLB_20260402.csv,2026-03-10 11:40:01,0.0
VCLB_20260402.csv,2026-03-10 11:43:01,0.0
VCLB_20260402.csv,2026-03-10 11:46:01,0.0
VCLB_20260402.csv,2026-03-10 11:49:01,0.0
VCLB_20260402.csv,2026-03-10 11:52:01,0.0
VCLB_20260402.csv,2026-03-10 11:55:01,0.0
VCLB_20260402.csv,2026-03-10 11:58:01,0.0
VCLB_20260402.csv,2026-03-10 12:01:01,0.0
VCLB_20260402.csv,2026-03-10 12:04:01,0.0
VCLB_20260402.csv,2026-03-10 12:07:01,0.0
VCLB_20260402.csv,2026-03-10 12:10:01,0.0
VCLB_20260402.csv,2026-03-10 12:13:01,0.0
VCLB_20260402.csv,2026-03-10 12:16:01,0.0
VCLB_20260402.csv,2026-03-10 12:19:01,0.0
VCLB_20260402.csv,2026-03-10 12:22:01,0.0
VCLB_20260402.csv,2026-03-10 12:25:01,0.0
VCLB_20260402.csv,2026-03-10 12:28:01,0.0
VCLB_20260402.csv,2026-03-10 12:31:01,0.0
VCLB_20260402.csv,2026-03-10 12:34:01,0.0
VCLB_20260402.csv,2026-03-10 12:37:01,0.0
VCLB_20260402.csv,2026-03-10 12:40:01,0.0
VCLB_20260402.csv,2026-03-10 12:43:01,0.0
VCLB_20260402.csv,2026-03-10 12:46:00,0.0
VCLB_20260402.csv,2026-03-10 12:49:01,0.0
VCLB_20260402.csv,2026-03-10 12:52:00,0.0
VCLB_20260402.csv,2026-03-10 12:55:00,0.0
VCLB_20260402.csv,2026-03-10 12:58:01,0.0
VCLB_20260402.csv,2026-03-10 13:01:00,0.0
VCLB_20260402.csv,2026-03-10 13:04:00,0.0
VCLB_20260402.csv,2026-03-10 13:07:00,0.0
VCLB_20260402.csv,2026-03-10 13:10:00,0.0
VCLB_20260402.csv,2026-03-10 13:13:00,0.0
VCLB_20260402.csv,2026-03-10 13:16:00,0.0
VCLB_20260402.csv,2026-03-10 13:19:00,0.0
VCLB_20260402.csv,2026-03-10 13:22:00,0.0
VCLB_20260402.csv,2026-03-10 13:25:00,0.0
VCLB_20260402.csv,2026-03-10 13:28:01,0.0
VCLB_20260402.csv,2026-03-10 13:31:00,0.0
VCLB_20260402.csv,2026-03-10 13:34:00,0.0
VCLB_20260402.csv,2026-03-10 13:37:00,0.0
VCLB_20260402.csv,2026-03-10 13:40:00,0.0
VCLB_20260402.csv,2026-03-10 13:43:00,0.0
VCLB_20260402.csv,2026-03-10 13:46:00,0.0
VCLB_20260402.csv,2026-03-10 13:49:00,0.0
VCLB_20260402.csv,2026-03-10 13:52:00,0.0
VCLB_20260402.csv,2026-03-10 13:55:00,0.0
VCLB_20260402.csv,2026-03-10 13:58:00,0.0
VCLB_20260402.csv,2026-03-10 14:01:00,0.0
VCLB_20260402.csv,2026-03-10 14:04:00,0.0
VCLB_20260402.csv,2026-03-10 14:07:00,0.0
VCLB_20260402.csv,2026-03-10 14:10:00,0.0
VCLB_20260402.csv,2026-03-10 14:13:01,0.0
VCLB_20260402.csv,2026-03-10 14:16:00,0.0
VCLB_20260402.csv,2026-03-10 14:19:00,0.0
VCLB_20260402.csv,2026-03-10 14:22:00,0.0
VCLB_20260402.csv,2026-03-10 14:28:00,0.0
VCLB_20260402.csv,2026-03-10 14:31:00,0.0
VCLB_20260402.csv,2026-03-10 14:34:00,0.0
VCLB_20260402.csv,2026-03-10 14:37:00,0.0
VCLB_20260402.csv,2026-03-10 14:40:00,0.0
VCLB_20260402.csv,2026-03-10 14:43:01,0.0
VCLB_20260402.csv,2026-03-10 14:46:00,0.0
VCLB_20260402.csv,2026-03-10 14:49:00,0.0
VCLB_20260402.csv,2026-03-10 14:52:00,0.0
VCLB_20260402.csv,2026-03-10 14:55:00,0.0
VCLB_20260402.csv,2026-03-10 14:58:00,0.0
VCLB_20260402.csv,2026-03-10 15:01:00,0.0
VCLB_20260402.csv,2026-03-10 15:04:00,0.0
VCLB_20260402.csv,2026-03-10 15:07:00,0.0
VCLB_20260402.csv,2026-03-10 15:10:00,0.0
VCLB_20260402.csv,2026-03-10 15:13:00,0.0
VCLB_20260402.csv,2026-03-10 15:16:00,0.0
VCLB_20260402.csv,2026-03-10 15:19:00,0.0
VCLB_20260402.csv,2026-03-10 15:22:00,0.0
VCLB_20260402.csv,2026-03-10 15:25:00,0.0
VCLB_20260402.csv,2026-03-10 15:28:00,0.0
VCLB_20260402.csv,2026-03-10 15:31:00,0.0
VCLB_20260402.csv,2026-03-10 15:34:00,0.0
VCLB_20260402.csv,2026-03-10 15:37:00,0.0
VCLB_20260402.csv,2026-03-10 15:40:00,0.0
VCLB_20260402.csv,2026-03-10 15:43:00,0.0
VCLB_20260402.csv,2026-03-10 15:46:00,0.0
VCLB_20260402.csv,2026-03-10 15:49:00,0.0
VCLB_20260402.csv,2026-03-10 15:52:00,0.0
VCLB_20260402.csv,2026-03-10 15:58:00,0.0
VCLB_20260402.csv,2026-03-10 16:01:00,0.0
VCLB_20260402.csv,2026-03-10 16:04:00,0.0
VCLB_20260402.csv,2026-03-10 16:07:00,0.0
VCLB_20260402.csv,2026-03-10 16:10:00,0.0
VCLB_20260402.csv,2026-03-10 16:13:01,0.0
VCLB_20260402.csv,2026-03-10 16:16:00,0.0
VCLB_20260402.csv,2026-03-10 16:19:00,0.0
VCLB_20260402.csv,2026-03-10 16:22:00,0.0
VCLB_20260402.csv,2026-03-10 16:25:00,0.0
VCLB_20260402.csv,2026-03-10 16:28:00,0.0
VCLB_20260402.csv,2026-03-10 16:31:00,0.0
VCLB_20260402.csv,2026-03-10 16:34:00,0.0
VCLB_20260402.csv,2026-03-10 16:37:00,0.0
VCLB_20260402.csv,2026-03-10 16:40:00,0.0
VCLB_20260402.csv,2026-03-10 16:43:00,0.0
VCLB_20260402.csv,2026-03-10 16:46:00,0.0
VCLB_20260402.csv,2026-03-10 16:49:00,0.0
VCLB_20260402.csv,2026-03-10 16:52:00,0.0
VCLB_20260402.csv,2026-03-10 16:55:00,0.0
VCLB_20260402.csv,2026-03-10 17:01:00,0.0
VCLB_20260402.csv,2026-03-10 17:04:00,0.0
VCLB_20260402.csv,2026-03-10 17:07:00,0.0
VCLB_20260402.csv,2026-03-10 17:10:00,0.0
VCLB_20260402.csv,2026-03-10 17:16:00,0.0
VCLB_20260402.csv,2026-03-10 17:22:00,0.0
VCLB_20260402.csv,2026-03-10 17:25:00,0.0
VCLB_20260402.csv,2026-03-10 17:28:00,0.0
VCLB_20260402.csv,2026-03-10 17:31:00,0.0
VCLB_20260402.csv,2026-03-10 17:34:00,0.0
VCLB_20260402.csv,2026-03-10 17:37:00,0.0
VCLB_20260402.csv,2026-03-10 17:40:00,0.0
VCLB_20260402.csv,2026-03-10 17:43:00,0.0
VCLB_20260402.csv,2026-03-10 17:46:00,0.0
VCLB_20260402.csv,2026-03-10 17:49:00,0.0
VCLB_20260402.csv,2026-03-10 17:52:00,0.0
VCLB_20260402.csv,2026-03-10 17:55:00,0.0
VCLB_20260402.csv,2026-03-10 17:58:00,0.0
VCLB_20260402.csv,2026-03-10 18:01:00,0.0
VCLB_20260402.csv,2026-03-10 18:04:00,0.0
VCLB_20260402.csv,2026-03-10 18:07:00,0.0
VCLB_20260402.csv,2026-03-10 18:10:00,0.0
VCLB_20260402.csv,2026-03-10 18:13:00,0.0
VCLB_20260402.csv,2026-03-10 18:16:00,0.0
VCLB_20260402.csv,2026-03-10 18:19:00,0.0
VCLB_20260402.csv,2026-03-10 18:22:00,0.0
VCLB_20260402.csv,2026-03-10 18:25:00,0.0
VCLB_20260402.csv,2026-03-10 18:28:00,0.0
VCLB_20260402.csv,2026-03-10 18:31:00,0.0
VCLB_20260402.csv,2026-03-10 18:34:00,0.0
VCLB_20260402.csv,2026-03-10 18:37:00,0.0
VCLB_20260402.csv,2026-03-10 18:40:00,0.0
VCLB_20260402.csv,2026-03-10 18:43:00,0.0
VCLB_20260402.csv,2026-03-10 18:46:00,0.0
VCLB_20260402.csv,2026-03-10 18:49:00,0.0
VCLB_20260402.csv,2026-03-10 18:52:00,0.0
VCLB_20260402.csv,2026-03-10 18:55:00,0.0
VCLB_20260402.csv,2026-03-10 18:58:00,0.0
VCLB_20260402.csv,2026-03-10 19:01:00,0.0
VCLB_20260402.csv,2026-03-10 19:04:00,0.0
VCLB_20260402.csv,2026-03-10 19:07:00,0.0
VCLB_20260402.csv,2026-03-10 19:10:00,0.0
VCLB_20260402.csv,2026-03-10 19:13:00,0.0
VCLB_20260402.csv,2026-03-10 19:16:00,0.0
VCLB_20260402.csv,2026-03-10 19:19:00,0.0
VCLB_20260402.csv,2026-03-10 19:22:00,0.0
VCLB_20260402.csv,2026-03-10 19:25:00,0.0
VCLB_20260402.csv,2026-03-10 19:28:00,0.0
VCLB_20260402.csv,2026-03-10 19:34:00,0.0
VCLB_20260402.csv,2026-03-10 19:37:00,0.0
VCLB_20260402.csv,2026-03-10 19:40:00,0.0
VCLB_20260402.csv,2026-03-10 19:43:00,0.0
VCLB_20260402.csv,2026-03-10 19:46:00,0.0
VCLB_20260402.csv,2026-03-10 19:49:00,0.0
VCLB_20260402.csv,2026-03-10 19:52:00,0.0
VCLB_20260402.csv,2026-03-10 19:55:00,0.0
VCLB_20260402.csv,2026-03-10 19:58:00,0.0
VCLB_20260402.csv,2026-03-10 20:01:00,0.0
VCLB_20260402.csv,2026-03-10 20:04:00,0.0
VCLB_20260402.csv,2026-03-10 20:07:00,0.0
VCLB_20260402.csv,2026-03-10 20:10:00,0.0
VCLB_20260402.csv,2026-03-10 20:13:00,0.0
VCLB_20260402.csv,2026-03-10 20:16:00,0.0
VCLB_20260402.csv,2026-03-10 20:19:00,0.0
VCLB_20260402.csv,2026-03-10 20:22:00,0.0
VCLB_20260402.csv,2026-03-10 20:25:00,0.0
VCLB_20260402.csv,2026-03-10 20:28:00,0.0
VCLB_20260402.csv,2026-03-10 20:31:00,0.0
VCLB_20260402.csv,2026-03-10 20:34:00,0.0
VCLB_20260402.csv,2026-03-10 20:37:00,0.0
VCLB_20260402.csv,2026-03-10 20:40:00,0.0
VCLB_20260402.csv,2026-03-10 20:43:00,0.0
VCLB_20260402.csv,2026-03-10 20:46:00,0.0
VCLB_20260402.csv,2026-03-10 20:49:00,0.0
VCLB_20260402.csv,2026-03-10 20:52:00,0.0
VCLB_20260402.csv,2026-03-10 20:55:00,0.0
VCLB_20260402.csv,2026-03-10 20:58:00,0.0
VCLB_20260402.csv,2026-03-10 21:01:00,0.0
VCLB_20260402.csv,2026-03-10 21:04:00,0.0
VCLB_20260402.csv,2026-03-10 21:07:00,0.0
VCLB_20260402.csv,2026-03-10 21:10:00,0.0
VCLB_20260402.csv,2026-03-10 21:13:00,0.0
VCLB_20260402.csv,2026-03-10 21:16:00,0.0
VCLB_20260402.csv,2026-03-10 21:19:00,0.0
VCLB_20260402.csv,2026-03-10 21:25:00,0.0
VCLB_20260402.csv,2026-03-10 21:28:00,0.0
VCLB_20260402.csv,2026-03-10 21:31:00,0.0
VCLB_20260402.csv,2026-03-10 21:34:00,0.0
VCLB_20260402.csv,2026-03-10 21:37:00,0.0
VCLB_20260402.csv,2026-03-10 21:43:00,0.0
VCLB_20260402.csv,2026-03-10 21:46:00,0.0
VCLB_20260402.csv,2026-03-10 21:49:00,0.0
VCLB_20260402.csv,2026-03-10 21:52:00,0.0
VCLB_20260402.csv,2026-03-10 21:55:00,0.0
VCLB_20260402.csv,2026-03-10 21:58:00,0.0
VCLB_20260402.csv,2026-03-10 22:04:00,0.0
VCLB_20260402.csv,2026-03-10 22:07:00,0.0
VCLB_20260402.csv,2026-03-10 22:10:00,0.0
VCLB_20260402.csv,2026-03-10 22:13:00,0.0
VCLB_20260402.csv,2026-03-10 22:16:00,0.0
VCLB_20260402.csv,2026-03-10 22:19:00,0.0
VCLB_20260402.csv,2026-03-10 22:22:00,0.0
VCLB_20260402.csv,2026-03-10 22:25:00,0.0
VCLB_20260402.csv,2026-03-10 22:28:00,0.0
VCLB_20260402.csv,2026-03-10 22:31:00,0.0
VCLB_20260402.csv,2026-03-10 22:34:00,0.0
VCLB_20260402.csv,2026-03-10 22:37:00,0.0
VCLB_20260402.csv,2026-03-10 22:40:00,0.0
VCLB_20260402.csv,2026-03-10 22:43:00,0.0
VCLB_20260402.csv,2026-03-10 22:46:00,0.0
VCLB_20260402.csv,2026-03-10 22:49:00,0.0
VCLB_20260402.csv,2026-03-10 22:52:00,0.0
VCLB_20260402.csv,2026-03-10 22:55:00,0.0
VCLB_20260402.csv,2026-03-10 22:58:00,0.0
VCLB_20260402.csv,2026-03-10 23:01:00,0.0
VCLB_20260402.csv,2026-03-10 23:04:00,0.0
VCLB_20260402.csv,2026-03-10 23:07:00,0.0
VCLB_20260402.csv,2026-03-10 23:10:00,0.0
VCLB_20260402.csv,2026-03-10 23:13:00,0.0
VCLB_20260402.csv,2026-03-10 23:16:00,0.0
VCLB_20260402.csv,2026-03-10 23:19:00,0.0
VCLB_20260402.csv,2026-03-10 23:22:00,0.0
VCLB_20260402.csv,2026-03-10 23:25:00,0.0
VCLB_20260402.csv,2026-03-10 23:28:00,0.0
VCLB_20260402.csv,2026-03-10 23:31:00,0.0
VCLB_20260402.csv,2026-03-10 23:34:00,0.0
VCLB_20260402.csv,2026-03-10 23:37:00,0.0
VCLB_20260402.csv,2026-03-10 23:40:00,0.0
VCLB_20260402.csv,2026-03-10 23:43:00,0.0
VCLB_20260402.csv,2026-03-10 23:46:00,0.0
VCLB_20260402.csv,2026-03-10 23:49:00,0.0
VCLB_20260402.csv,2026-03-10 23:52:00,0.0
VCLB_20260402.csv,2026-03-10 23:55:00,0.0
VCLB_20260402.csv,2026-03-10 23:58:00,0.0
VCLB_20260402.csv,2026-03-11 00:01:00,0.0
VCLB_20260402.csv,2026-03-11 00:04:00,0.0
VCLB_20260402.csv,2026-03-11 00:07:00,0.0
VCLB_20260402.csv,2026-03-11 00:10:00,0.0
VCLB_20260402.csv,2026-03-11 00:13:00,0.0
VCLB_20260402.csv,2026-03-11 00:16:00,0.0
VCLB_20260402.csv,2026-03-11 00:19:00,0.0
VCLB_20260402.csv,2026-03-11 00:22:00,0.0
VCLB_20260402.csv,2026-03-11 00:25:00,0.0
VCLB_20260402.csv,2026-03-11 00:28:00,0.0
VCLB_20260402.csv,2026-03-11 00:31:00,0.0
VCLB_20260402.csv,2026-03-11 00:34:00,0.0
VCLB_20260402.csv,2026-03-11 00:37:00,0.0
VCLB_20260402.csv,2026-03-11 00:40:00,0.0
VCLB_20260402.csv,2026-03-11 00:43:00,0.0
VCLB_20260402.csv,2026-03-11 00:46:00,0.0
VCLB_20260402.csv,2026-03-11 00:49:00,0.0
VCLB_20260402.csv,2026-03-11 00:52:00,0.0
VCLB_20260402.csv,2026-03-11 00:55:00,0.0
VCLB_20260402.csv,2026-03-11 00:58:00,0.0
VCLB_20260402.csv,2026-03-11 01:01:00,0.0
VCLB_20260402.csv,2026-03-11 01:04:00,0.0
VCLB_20260402.csv,2026-03-11 01:07:00,0.0
VCLB_20260402.csv,2026-03-11 01:10:00,0.0
VCLB_20260402.csv,2026-03-11 01:13:00,0.0
VCLB_20260402.csv,2026-03-11 01:16:00,0.0
VCLB_20260402.csv,2026-03-11 01:19:00,0.0
VCLB_20260402.csv,2026-03-11 01:22:00,0.0
VCLB_20260402.csv,2026-03-11 01:25:00,0.0
VCLB_20260402.csv,2026-03-11 01:28:00,0.0
VCLB_20260402.csv,2026-03-11 01:31:00,0.0
VCLB_20260402.csv,2026-03-11 01:34:00,0.0
VCLB_20260402.csv,2026-03-11 01:37:00,0.0
VCLB_20260402.csv,2026-03-11 01:40:00,0.0
VCLB_20260402.csv,2026-03-11 01:43:00,0.0
VCLB_20260402.csv,2026-03-11 01:46:00,0.0
VCLB_20260402.csv,2026-03-11 01:49:00,0.0
VCLB_20260402.csv,2026-03-11 01:52:00,0.0
VCLB_20260402.csv,2026-03-11 01:55:00,0.0
VCLB_20260402.csv,2026-03-11 01:58:00,0.0
VCLB_20260402.csv,2026-03-11 02:01:00,0.0
VCLB_20260402.csv,2026-03-11 02:04:00,0.0
VCLB_20260402.csv,2026-03-11 02:07:00,0.0
VCLB_20260402.csv,2026-03-11 02:10:00,0.0
VCLB_20260402.csv,2026-03-11 02:13:00,0.0
VCLB_20260402.csv,2026-03-11 02:16:00,0.0
VCLB_20260402.csv,2026-03-11 02:19:00,0.0
VCLB_20260402.csv,2026-03-11 02:22:00,0.0
VCLB_20260402.csv,2026-03-11 02:25:00,0.0
VCLB_20260402.csv,2026-03-11 02:28:00,0.0
VCLB_20260402.csv,2026-03-11 02:31:00,0.0
VCLB_20260402.csv,2026-03-11 02:34:00,0.0
VCLB_20260402.csv,2026-03-11 02:37:00,0.0
VCLB_20260402.csv,2026-03-11 02:40:00,0.0
VCLB_20260402.csv,2026-03-11 02:43:00,0.0
VCLB_20260402.csv,2026-03-11 02:46:00,0.0
VCLB_20260402.csv,2026-03-11 02:49:00,0.0
VCLB_20260402.csv,2026-03-11 02:52:00,0.0
VCLB_20260402.csv,2026-03-11 02:55:00,0.0
VCLB_20260402.csv,2026-03-11 02:58:00,0.0
VCLB_20260402.csv,2026-03-11 03:01:00,0.0
VCLB_20260402.csv,2026-03-11 03:04:00,0.0
VCLB_20260402.csv,2026-03-11 03:07:00,0.0
VCLB_20260402.csv,2026-03-11 03:10:00,0.0
VCLB_20260402.csv,2026-03-11 03:13:00,0.0
VCLB_20260402.csv,2026-03-11 03:16:00,0.0
VCLB_20260402.csv,2026-03-11 03:19:00,0.0
VCLB_20260402.csv,2026-03-11 03:22:00,0.0
VCLB_20260402.csv,2026-03-11 03:25:00,0.0
VCLB_20260402.csv,2026-03-11 03:28:00,0.0
VCLB_20260402.csv,2026-03-11 03:31:00,0.0
VCLB_20260402.csv,2026-03-11 03:34:00,0.0
VCLB_20260402.csv,2026-03-11 03:37:00,0.0
VCLB_20260402.csv,2026-03-11 03:40:00,0.0
VCLB_20260402.csv,2026-03-11 03:43:00,0.0
VCLB_20260402.csv,2026-03-11 03:46:00,0.0
VCLB_20260402.csv,2026-03-11 03:49:00,0.0
VCLB_20260402.csv,2026-03-11 03:52:00,0.0
VCLB_20260402.csv,2026-03-11 03:55:00,0.0
VCLB_20260402.csv,2026-03-11 03:58:00,0.0
VCLB_20260402.csv,2026-03-11 04:01:00,0.0
VCLB_20260402.csv,2026-03-11 04:04:00,0.0
VCLB_20260402.csv,2026-03-11 04:07:00,0.0
VCLB_20260402.csv,2026-03-11 04:10:00,0.0
VCLB_20260402.csv,2026-03-11 04:13:00,0.0
VCLB_20260402.csv,2026-03-11 04:16:00,0.0
VCLB_20260402.csv,2026-03-11 04:19:00,0.0
VCLB_20260402.csv,2026-03-11 04:22:00,0.0
VCLB_20260402.csv,2026-03-11 04:25:00,0.0
VCLB_20260402.csv,2026-03-11 04:28:00,0.0
VCLB_20260402.csv,2026-03-11 04:31:00,0.0
VCLB_20260402.csv,2026-03-11 04:34:00,0.0
VCLB_20260402.csv,2026-03-11 04:37:00,0.0
VCLB_20260402.csv,2026-03-11 04:40:00,0.0
VCLB_20260402.csv,2026-03-11 04:46:00,0.0
VCLB_20260402.csv,2026-03-11 04:49:00,0.0
VCLB_20260402.csv,2026-03-11 04:52:00,0.0
VCLB_20260402.csv,2026-03-11 04:55:00,0.0
VCLB_20260402.csv,2026-03-11 04:58:00,0.0
VCLB_20260402.csv,2026-03-11 05:01:00,0.0
VCLB_20260402.csv,2026-03-11 05:04:00,0.0
VCLB_20260402.csv,2026-03-11 05:07:00,0.0
VCLB_20260402.csv,2026-03-11 05:10:00,0.0
VCLB_20260402.csv,2026-03-11 05:13:00,0.0
VCLB_20260402.csv,2026-03-11 05:16:00,0.0
VCLB_20260402.csv,2026-03-11 05:19:00,0.0
VCLB_20260402.csv,2026-03-11 05:22:00,0.0
VCLB_20260402.csv,2026-03-11 05:25:00,0.0
VCLB_20260402.csv,2026-03-11 05:28:00,0.0
VCLB_20260402.csv,2026-03-11 05:31:00,0.0
VCLB_20260402.csv,2026-03-11 05:34:00,0.0
VCLB_20260402.csv,2026-03-11 05:37:00,0.0
VCLB_20260402.csv,2026-03-11 05:40:00,0.0
VCLB_20260402.csv,2026-03-11 05:43:00,0.0
VCLB_20260402.csv,2026-03-11 05:46:00,0.0
VCLB_20260402.csv,2026-03-11 05:49:00,0.0
VCLB_20260402.csv,2026-03-11 05:52:00,0.0
VCLB_20260402.csv,2026-03-11 05:55:00,0.0
VCLB_20260402.csv,2026-03-11 05:58:00,0.0
VCLB_20260402.csv,2026-03-11 06:01:00,0.0
VCLB_20260402.csv,2026-03-11 06:04:00,0.0
VCLB_20260402.csv,2026-03-11 06:07:00,0.0
VCLB_20260402.csv,2026-03-11 06:10:00,0.0
VCLB_20260402.csv,2026-03-11 06:13:00,0.0
VCLB_20260402.csv,2026-03-11 06:16:00,0.0
VCLB_20260402.csv,2026-03-11 06:19:00,0.0
VCLB_20260402.csv,2026-03-11 06:22:00,0.0
VCLB_20260402.csv,2026-03-11 06:25:00,0.0
VCLB_20260402.csv,2026-03-11 06:28:00,0.0
VCLB_20260402.csv,2026-03-11 06:31:00,0.0
VCLB_20260402.csv,2026-03-11 06:34:00,0.0
VCLB_20260402.csv,2026-03-11 06:37:00,0.0
VCLB_20260402.csv,2026-03-11 06:40:00,0.0
VCLB_20260402.csv,2026-03-11 06:43:00,0.0
VCLB_20260402.csv,2026-03-11 06:46:00,0.0
VCLB_20260402.csv,2026-03-11 06:49:00,0.0
VCLB_20260402.csv,2026-03-11 06:52:00,0.0
VCLB_20260402.csv,2026-03-11 06:55:00,0.0
VCLB_20260402.csv,2026-03-11 06:58:00,0.0
VCLB_20260402.csv,2026-03-11 07:01:00,0.0
VCLB_20260402.csv,2026-03-11 07:03:59,0.0
VCLB_20260402.csv,2026-03-11 07:07:00,0.0
VCLB_20260402.csv,2026-03-11 07:10:00,0.0
VCLB_20260402.csv,2026-03-11 07:13:00,0.0
VCLB_20260402.csv,2026-03-11 07:16:00,0.0
VCLB_20260402.csv,2026-03-11 07:19:00,0.0
VCLB_20260402.csv,2026-03-11 07:21:59,0.0
VCLB_20260402.csv,2026-03-11 07:24:59,0.0
VCLB_20260402.csv,2026-03-11 07:30:59,0.0
VCLB_20260402.csv,2026-03-11 07:34:00,0.0
VCLB_20260402.csv,2026-03-11 07:36:59,0.0
VCLB_20260402.csv,2026-03-11 07:39:59,0.0
VCLB_20260402.csv,2026-03-11 07:42:59,0.0
VCLB_20260402.csv,2026-03-11 07:45:59,0.0
VCLB_20260402.csv,2026-03-11 07:49:00,0.0
VCLB_20260402.csv,2026-03-11 07:51:59,0.0
VCLB_20260402.csv,2026-03-11 07:54:59,0.0
VCLB_20260402.csv,2026-03-11 07:57:59,0.0
VCLB_20260402.csv,2026-03-11 08:01:00,0.0
VCLB_20260402.csv,2026-03-11 08:04:00,0.0
VCLB_20260402.csv,2026-03-11 08:06:59,0.0
VCLB_20260402.csv,2026-03-11 08:12:59,0.0
VCLB_20260402.csv,2026-03-11 08:15:59,0.0
VCLB_20260402.csv,2026-03-11 08:19:00,0.0
VCLB_20260402.csv,2026-03-11 08:21:59,0.0
VCLB_20260402.csv,2026-03-11 08:24:59,0.0
VCLB_20260402.csv,2026-03-11 08:27:59,0.0
VCLB_20260402.csv,2026-03-11 08:30:59,0.0
VCLB_20260402.csv,2026-03-11 08:33:59,0.0
VCLB_20260402.csv,2026-03-11 08:36:59,0.0
VCLB_20260402.csv,2026-03-11 08:39:59,0.0
VCLB_20260402.csv,2026-03-11 08:42:59,0.0
VCLB_20260402.csv,2026-03-11 08:45:59,0.0
VCLB_20260402.csv,2026-03-11 08:49:00,0.0
VCLB_20260402.csv,2026-03-11 08:51:59,0.0
VCLB_20260402.csv,2026-03-11 08:54:59,0.0
VCLB_20260402.csv,2026-03-11 08:57:59,0.0
VCLB_20260402.csv,2026-03-11 09:00:59,0.0
VCLB_20260402.csv,2026-03-11 09:03:59,0.0
VCLB_20260402.csv,2026-03-11 09:06:59,0.0
VCLB_20260402.csv,2026-03-11 09:09:59,0.0
VCLB_20260402.csv,2026-03-11 09:12:59,0.0
VCLB_20260402.csv,2026-03-11 09:18:59,0.0
VCLB_20260402.csv,2026-03-11 09:21:59,0.0
VCLB_20260402.csv,2026-03-11 09:24:59,0.0
VCLB_20260402.csv,2026-03-11 09:27:59,0.0
VCLB_20260402.csv,2026-03-11 09:30:59,0.0
VCLB_20260402.csv,2026-03-11 09:36:59,0.0
VCLB_20260402.csv,2026-03-11 09:39:59,0.0
VCLB_20260402.csv,2026-03-11 09:42:59,0.0
VCLB_20260402.csv,2026-03-11 09:45:59,0.0
VCLB_20260402.csv,2026-03-11 09:48:59,0.0
VCLB_20260402.csv,2026-03-11 09:51:59,0.0
VCLB_20260402.csv,2026-03-11 09:54:59,0.0
VCLB_20260402.csv,2026-03-11 09:57:59,0.0
VCLB_20260402.csv,2026-03-11 10:00:59,0.0
VCLB_20260402.csv,2026-03-11 10:03:59,0.0
VCLB_20260402.csv,2026-03-11 10:06:59,0.0
VCLB_20260402.csv,2026-03-11 10:09:59,0.0
VCLB_20260402.csv,2026-03-11 10:12:59,0.0
VCLB_20260402.csv,2026-03-11 10:15:59,0.0
VCLB_20260402.csv,2026-03-11 10:21:59,0.0
VCLB_20260402.csv,2026-03-11 10:24:59,0.0
VCLB_20260402.csv,2026-03-11 10:27:59,0.0
VCLB_20260402.csv,2026-03-11 10:30:59,0.0
VCLB_20260402.csv,2026-03-11 10:33:59,0.0
VCLB_20260402.csv,2026-03-11 10:36:59,0.0
VCLB_20260402.csv,2026-03-11 10:39:59,0.0
VCLB_20260402.csv,2026-03-11 10:42:59,0.0
VCLB_20260402.csv,2026-03-11 10:46:00,0.0
VCLB_20260402.csv,2026-03-11 10:48:59,0.0
VCLB_20260402.csv,2026-03-11 10:51:59,0.0
VCLB_20260402.csv,2026-03-11 10:54:59,0.0
VCLB_20260402.csv,2026-03-11 10:57:59,0.0
VCLB_20260402.csv,2026-03-11 11:00:59,0.0
VCLB_20260402.csv,2026-03-11 11:03:59,0.0
VCLB_20260402.csv,2026-03-11 11:06:59,0.0
VCLB_20260402.csv,2026-03-11 11:09:59,0.0
VCLB_20260402.csv,2026-03-11 11:12:59,0.0
VCLB_20260402.csv,2026-03-11 11:15:59,0.0
VCLB_20260402.csv,2026-03-11 11:18:59,0.0
VCLB_20260402.csv,2026-03-11 11:21:59,0.0
VCLB_20260402.csv,2026-03-11 11:24:59,0.0
VCLB_20260402.csv,2026-03-11 11:27:59,0.0
VCLB_20260402.csv,2026-03-11 11:30:59,0.0
VCLB_20260402.csv,2026-03-11 11:33:59,0.0
VCLB_20260402.csv,2026-03-11 11:36:59,0.0
VCLB_20260402.csv,2026-03-11 11:39:59,0.0
VCLB_20260402.csv,2026-03-11 11:42:59,0.0
VCLB_20260402.csv,2026-03-11 11:45:59,0.0
VCLB_20260402.csv,2026-03-11 11:48:59,0.0
VCLB_20260402.csv,2026-03-11 11:51:59,0.0
VCLB_20260402.csv,2026-03-11 11:54:59,0.0
VCLB_20260402.csv,2026-03-11 11:57:59,0.0
VCLB_20260402.csv,2026-03-11 12:00:59,0.0
VCLB_20260402.csv,2026-03-11 12:03:59,0.0
VCLB_20260402.csv,2026-03-11 12:06:59,0.0
VCLB_20260402.csv,2026-03-11 12:09:59,0.0
VCLB_20260402.csv,2026-03-11 12:12:59,0.0
VCLB_20260402.csv,2026-03-11 12:15:59,0.0
VCLB_20260402.csv,2026-03-11 12:18:59,0.0
VCLB_20260402.csv,2026-03-11 12:21:59,0.0
VCLB_20260402.csv,2026-03-11 12:24:59,0.0
VCLB_20260402.csv,2026-03-11 12:28:00,0.0
VCLB_20260402.csv,2026-03-11 12:30:59,0.0
VCLB_20260402.csv,2026-03-11 12:33:59,0.0
VCLB_20260402.csv,2026-03-11 12:36:59,0.0
VCLB_20260402.csv,2026-03-11 12:39:59,0.0
VCLB_20260402.csv,2026-03-11 12:42:59,0.0
VCLB_20260402.csv,2026-03-11 12:45:59,0.0
VCLB_20260402.csv,2026-03-11 12:48:59,0.0
VCLB_20260402.csv,2026-03-11 12:51:59,0.0
VCLB_20260402.csv,2026-03-11 12:54:59,0.0
VCLB_20260402.csv,2026-03-11 12:57:59,0.0
VCLB_20260402.csv,2026-03-11 13:00:59,0.0
VCLB_20260402.csv,2026-03-11 13:03:59,0.0
VCLB_20260402.csv,2026-03-11 13:06:59,0.0
VCLB_20260402.csv,2026-03-11 13:09:59,0.0
VCLB_20260402.csv,2026-03-11 13:12:59,0.0
VCLB_20260402.csv,2026-03-11 13:15:59,0.0
VCLB_20260402.csv,2026-03-11 13:18:59,0.0
VCLB_20260402.csv,2026-03-11 13:21:59,0.0
VCLB_20260402.csv,2026-03-11 13:33:59,0.0
VCLB_20260402.csv,2026-03-11 13:36:59,0.0
VCLB_20260402.csv,2026-03-11 13:39:59,0.0
VCLB_20260402.csv,2026-03-11 13:42:59,0.0
VCLB_20260402.csv,2026-03-11 13:45:59,0.0
VCLB_20260402.csv,2026-03-11 13:48:59,0.0
VCLB_20260402.csv,2026-03-11 13:51:59,0.0
VCLB_20260402.csv,2026-03-11 13:54:59,0.0
VCLB_20260402.csv,2026-03-11 13:57:59,0.0
VCLB_20260402.csv,2026-03-11 14:00:59,0.0
VCLB_20260402.csv,2026-03-11 14:03:59,0.0
VCLB_20260402.csv,2026-03-11 14:06:59,0.0
VCLB_20260402.csv,2026-03-11 14:09:59,0.0
VCLB_20260402.csv,2026-03-11 14:12:59,0.0
VCLB_20260402.csv,2026-03-11 14:15:59,0.0
VCLB_20260402.csv,2026-03-11 14:18:59,0.0
VCLB_20260402.csv,2026-03-11 14:21:59,0.0
VCLB_20260402.csv,2026-03-11 14:24:59,0.0
VCLB_20260402.csv,2026-03-11 14:27:59,0.0
VCLB_20260402.csv,2026-03-11 14:30:59,0.0
VCLB_20260402.csv,2026-03-11 14:33:59,0.0
VCLB_20260402.csv,2026-03-11 14:36:59,0.0
VCLB_20260402.csv,2026-03-11 14:42:59,0.0
VCLB_20260402.csv,2026-03-11 14:48:59,0.0
VCLB_20260402.csv,2026-03-11 14:51:59,0.0
VCLB_20260402.csv,2026-03-11 14:54:59,0.0
VCLB_20260402.csv,2026-03-11 14:57:59,0.0
VCLB_20260402.csv,2026-03-11 15:00:59,0.0
VCLB_20260402.csv,2026-03-11 15:03:59,0.0
VCLB_20260402.csv,2026-03-11 15:06:59,0.0
VCLB_20260402.csv,2026-03-11 15:09:59,0.0
VCLB_20260402.csv,2026-03-11 15:12:59,0.0
VCLB_20260402.csv,2026-03-11 15:15:59,0.0
VCLB_20260402.csv,2026-03-11 15:18:59,0.0
VCLB_20260402.csv,2026-03-11 15:21:59,0.0
VCLB_20260402.csv,2026-03-11 15:24:59,0.0
VCLB_20260402.csv,2026-03-11 15:27:59,0.0
VCLB_20260402.csv,2026-03-11 15:30:59,0.0
VCLB_20260402.csv,2026-03-11 15:33:59,0.0
VCLB_20260402.csv,2026-03-11 15:36:59,0.0
VCLB_20260402.csv,2026-03-11 15:39:59,0.0
VCLB_20260402.csv,2026-03-11 15:42:59,0.0
VCLB_20260402.csv,2026-03-11 15:45:59,0.0
VCLB_20260402.csv,2026-03-11 15:48:59,0.0
VCLB_20260402.csv,2026-03-11 15:51:59,0.0
VCLB_20260402.csv,2026-03-11 15:54:59,0.0
VCLB_20260402.csv,2026-03-11 15:57:59,0.0
VCLB_20260402.csv,2026-03-11 16:00:59,0.0
VCLB_20260402.csv,2026-03-11 16:03:59,0.0
VCLB_20260402.csv,2026-03-11 16:06:59,0.0
VCLB_20260402.csv,2026-03-11 16:09:59,0.0
VCLB_20260402.csv,2026-03-11 16:12:59,0.0
VCLB_20260402.csv,2026-03-11 16:15:59,0.0
VCLB_20260402.csv,2026-03-11 16:18:59,0.0
VCLB_20260402.csv,2026-03-11 16:21:59,0.0
VCLB_20260402.csv,2026-03-11 16:27:59,0.0
VCLB_20260402.csv,2026-03-11 16:30:59,0.01
VCLB_20260402.csv,2026-03-11 16:33:59,0.0
VCLB_20260402.csv,2026-03-11 16:36:59,0.0
VCLB_20260402.csv,2026-03-11 16:39:59,0.0
VCLB_20260402.csv,2026-03-11 16:42:59,0.0
VCLB_20260402.csv,2026-03-11 16:45:59,0.0
VCLB_20260402.csv,2026-03-11 16:48:59,0.0
VCLB_20260402.csv,2026-03-11 16:51:59,0.01
VCLB_20260402.csv,2026-03-11 16:54:59,0.02
VCLB_20260402.csv,2026-03-11 16:57:59,0.02
VCLB_20260402.csv,2026-03-11 17:00:59,0.0
VCLB_20260402.csv,2026-03-11 17:03:59,0.01
VCLB_20260402.csv,2026-03-11 17:06:59,0.0
VCLB_20260402.csv,2026-03-11 17:09:59,0.0
VCLB_20260402.csv,2026-03-11 17:12:59,0.0
VCLB_20260402.csv,2026-03-11 17:15:59,0.0
VCLB_20260402.csv,2026-03-11 17:18:59,0.01
VCLB_20260402.csv,2026-03-11 17:21:59,0.0
VCLB_20260402.csv,2026-03-11 17:24:59,0.0
VCLB_20260402.csv,2026-03-11 17:27:59,0.0
VCLB_20260402.csv,2026-03-11 17:30:59,0.0
VCLB_20260402.csv,2026-03-11 17:33:59,0.0
VCLB_20260402.csv,2026-03-11 17:36:59,0.0
VCLB_20260402.csv,2026-03-11 17:39:59,0.02
VCLB_20260402.csv,2026-03-11 17:42:59,0.01
VCLB_20260402.csv,2026-03-11 17:45:59,0.0
VCLB_20260402.csv,2026-03-11 17:48:59,0.0
VCLB_20260402.csv,2026-03-11 17:51:59,0.0
VCLB_20260402.csv,2026-03-11 17:54:59,0.01
VCLB_20260402.csv,2026-03-11 17:57:59,0.0
VCLB_20260402.csv,2026-03-11 18:00:59,0.0
VCLB_20260402.csv,2026-03-11 18:03:59,0.0
VCLB_20260402.csv,2026-03-11 18:06:59,0.0
VCLB_20260402.csv,2026-03-11 18:09:59,0.0
VCLB_20260402.csv,2026-03-11 18:12:59,0.0
VCLB_20260402.csv,2026-03-11 18:15:59,0.01
VCLB_20260402.csv,2026-03-11 18:18:59,0.0
VCLB_20260402.csv,2026-03-11 18:21:59,0.0
VCLB_20260402.csv,2026-03-11 18:24:59,0.0
VCLB_20260402.csv,2026-03-11 18:27:59,0.0
VCLB_20260402.csv,2026-03-11 18:30:59,0.0
VCLB_20260402.csv,2026-03-11 18:33:59,0.0
VCLB_20260402.csv,2026-03-11 18:36:59,0.0
VCLB_20260402.csv,2026-03-11 18:39:59,0.0
VCLB_20260402.csv,2026-03-11 18:42:59,0.0
VCLB_20260402.csv,2026-03-11 18:45:59,0.0
VCLB_20260402.csv,2026-03-11 18:48:59,0.0
VCLB_20260402.csv,2026-03-11 18:51:59,0.0
VCLB_20260402.csv,2026-03-11 18:54:59,0.0
VCLB_20260402.csv,2026-03-11 19:00:59,0.0
VCLB_20260402.csv,2026-03-11 19:03:59,0.0
VCLB_20260402.csv,2026-03-11 19:06:59,0.0
VCLB_20260402.csv,2026-03-11 19:09:59,0.0
VCLB_20260402.csv,2026-03-11 19:12:59,0.0
VCLB_20260402.csv,2026-03-11 19:15:59,0.0
VCLB_20260402.csv,2026-03-11 19:18:59,0.0
VCLB_20260402.csv,2026-03-11 19:21:59,0.01
VCLB_20260402.csv,2026-03-11 19:24:59,0.0
VCLB_20260402.csv,2026-03-11 19:27:59,0.0
VCLB_20260402.csv,2026-03-11 19:30:59,0.0
VCLB_20260402.csv,2026-03-11 19:33:59,0.0
VCLB_20260402.csv,2026-03-11 19:36:59,0.0
VCLB_20260402.csv,2026-03-11 19:39:59,0.0
VCLB_20260402.csv,2026-03-11 19:42:59,0.0
VCLB_20260402.csv,2026-03-11 19:45:59,0.0
VCLB_20260402.csv,2026-03-11 19:48:59,0.01
VCLB_20260402.csv,2026-03-11 19:51:59,0.0
VCLB_20260402.csv,2026-03-11 19:54:59,0.0
VCLB_20260402.csv,2026-03-11 19:57:59,0.0
VCLB_20260402.csv,2026-03-11 20:00:59,0.0
VCLB_20260402.csv,2026-03-11 20:03:59,0.0
VCLB_20260402.csv,2026-03-11 20:06:59,0.0
VCLB_20260402.csv,2026-03-11 20:09:59,0.0
VCLB_20260402.csv,2026-03-11 20:12:59,0.0
VCLB_20260402.csv,2026-03-11 20:15:59,0.0
VCLB_20260402.csv,2026-03-11 20:18:59,0.01
VCLB_20260402.csv,2026-03-11 20:21:59,0.0
VCLB_20260402.csv,2026-03-11 20:24:59,0.0
VCLB_20260402.csv,2026-03-11 20:27:59,0.01
VCLB_20260402.csv,2026-03-11 20:30:59,0.0
VCLB_20260402.csv,2026-03-11 20:33:59,0.0
VCLB_20260402.csv,2026-03-11 20:36:59,0.0
VCLB_20260402.csv,2026-03-11 20:39:59,0.0
VCLB_20260402.csv,2026-03-11 20:45:59,0.0
VCLB_20260402.csv,2026-03-11 20:48:59,0.0
VCLB_20260402.csv,2026-03-11 20:51:59,0.0
VCLB_20260402.csv,2026-03-11 20:54:59,0.0
VCLB_20260402.csv,2026-03-11 20:57:59,0.0
VCLB_20260402.csv,2026-03-11 21:00:59,0.01
VCLB_20260402.csv,2026-03-11 21:03:59,0.0
VCLB_20260402.csv,2026-03-11 21:06:59,0.0
VCLB_20260402.csv,2026-03-11 21:09:59,0.0
VCLB_20260402.csv,2026-03-11 21:12:59,0.0
VCLB_20260402.csv,2026-03-11 21:15:59,0.0
VCLB_20260402.csv,2026-03-11 21:18:59,0.0
VCLB_20260402.csv,2026-03-11 21:21:59,0.0
VCLB_20260402.csv,2026-03-11 21:24:59,0.0
VCLB_20260402.csv,2026-03-11 21:27:59,0.0
VCLB_20260402.csv,2026-03-11 21:30:59,0.0
VCLB_20260402.csv,2026-03-11 21:33:59,0.0
VCLB_20260402.csv,2026-03-11 21:36:59,0.0
VCLB_20260402.csv,2026-03-11 21:39:59,0.0
VCLB_20260402.csv,2026-03-11 21:42:59,0.0
VCLB_20260402.csv,2026-03-11 21:45:59,0.0
VCLB_20260402.csv,2026-03-11 21:48:59,0.0
VCLB_20260402.csv,2026-03-11 21:51:59,0.0
VCLB_20260402.csv,2026-03-11 21:54:59,0.0
VCLB_20260402.csv,2026-03-11 21:57:59,0.0
VCLB_20260402.csv,2026-03-11 22:00:59,0.0
VCLB_20260402.csv,2026-03-11 22:03:59,0.0
VCLB_20260402.csv,2026-03-11 22:06:59,0.01
VCLB_20260402.csv,2026-03-11 22:09:59,0.0
VCLB_20260402.csv,2026-03-11 22:12:59,0.0
VCLB_20260402.csv,2026-03-11 22:15:59,0.0
VCLB_20260402.csv,2026-03-11 22:18:59,0.0
VCLB_20260402.csv,2026-03-11 22:21:59,0.0
VCLB_20260402.csv,2026-03-11 22:27:59,0.0
VCLB_20260402.csv,2026-03-11 22:30:59,0.0
VCLB_20260402.csv,2026-03-11 22:33:59,0.0
VCLB_20260402.csv,2026-03-11 22:36:59,0.0
VCLB_20260402.csv,2026-03-11 22:39:59,0.0
VCLB_20260402.csv,2026-03-11 22:42:59,0.0
VCLB_20260402.csv,2026-03-11 22:45:59,0.0
VCLB_20260402.csv,2026-03-11 22:48:59,0.0
VCLB_20260402.csv,2026-03-11 22:51:59,0.0
VCLB_20260402.csv,2026-03-11 22:54:59,0.0
VCLB_20260402.csv,2026-03-11 22:57:59,0.0
VCLB_20260402.csv,2026-03-11 23:00:59,0.0
VCLB_20260402.csv,2026-03-11 23:03:59,0.0
VCLB_20260402.csv,2026-03-11 23:06:59,0.0
VCLB_20260402.csv,2026-03-11 23:09:59,0.0
VCLB_20260402.csv,2026-03-11 23:12:59,0.0
VCLB_20260402.csv,2026-03-11 23:15:59,0.0
VCLB_20260402.csv,2026-03-11 23:18:59,0.0
VCLB_20260402.csv,2026-03-11 23:21:59,0.0
VCLB_20260402.csv,2026-03-11 23:24:59,0.0
VCLB_20260402.csv,2026-03-11 23:27:59,0.0
VCLB_20260402.csv,2026-03-11 23:30:59,0.0
VCLB_20260402.csv,2026-03-11 23:33:59,0.0
VCLB_20260402.csv,2026-03-11 23:36:59,0.0
VCLB_20260402.csv,2026-03-11 23:39:59,0.0
VCLB_20260402.csv,2026-03-11 23:42:59,0.0
VCLB_20260402.csv,2026-03-11 23:45:59,0.0
VCLB_20260402.csv,2026-03-11 23:48:59,0.0
VCLB_20260402.csv,2026-03-11 23:51:59,0.0
VCLB_20260402.csv,2026-03-11 23:54:59,0.0
VCLB_20260402.csv,2026-03-11 23:57:59,0.0
VCLB_20260402.csv,2026-03-12 00:00:59,0.0
VCLB_20260402.csv,2026-03-12 00:03:59,0.0
VCLB_20260402.csv,2026-03-12 00:06:59,0.0
VCLB_20260402.csv,2026-03-12 00:09:59,0.0
VCLB_20260402.csv,2026-03-12 00:12:59,0.0
VCLB_20260402.csv,2026-03-12 00:15:59,0.0
VCLB_20260402.csv,2026-03-12 00:18:59,0.0
VCLB_20260402.csv,2026-03-12 00:21:59,0.0
VCLB_20260402.csv,2026-03-12 00:24:59,0.0
VCLB_20260402.csv,2026-03-12 00:27:59,0.0
VCLB_20260402.csv,2026-03-12 00:30:59,0.0
VCLB_20260402.csv,2026-03-12 00:33:59,0.0
VCLB_20260402.csv,2026-03-12 00:36:59,0.0
VCLB_20260402.csv,2026-03-12 00:39:59,0.0
VCLB_20260402.csv,2026-03-12 00:42:59,0.0
VCLB_20260402.csv,2026-03-12 00:45:59,0.0
VCLB_20260402.csv,2026-03-12 00:48:59,0.0
VCLB_20260402.csv,2026-03-12 00:51:59,0.0
VCLB_20260402.csv,2026-03-12 00:54:59,0.0
VCLB_20260402.csv,2026-03-12 00:57:59,0.0
VCLB_20260402.csv,2026-03-12 01:00:59,0.0
VCLB_20260402.csv,2026-03-12 01:03:59,0.0
VCLB_20260402.csv,2026-03-12 01:06:59,0.0
VCLB_20260402.csv,2026-03-12 01:09:59,0.0
VCLB_20260402.csv,2026-03-12 01:12:59,0.0
VCLB_20260402.csv,2026-03-12 01:15:59,0.0
VCLB_20260402.csv,2026-03-12 01:18:59,0.0
VCLB_20260402.csv,2026-03-12 01:21:58,0.0
VCLB_20260402.csv,2026-03-12 01:24:59,0.0
VCLB_20260402.csv,2026-03-12 01:27:59,0.0
VCLB_20260402.csv,2026-03-12 01:30:59,0.0
VCLB_20260402.csv,2026-03-12 01:33:58,0.0
VCLB_20260402.csv,2026-03-12 01:39:59,0.0
VCLB_20260402.csv,2026-03-12 01:42:58,0.0
VCLB_20260402.csv,2026-03-12 01:45:58,0.0
VCLB_20260402.csv,2026-03-12 01:48:58,0.0
VCLB_20260402.csv,2026-03-12 01:51:59,0.0
VCLB_20260402.csv,2026-03-12 01:54:58,0.0
VCLB_20260402.csv,2026-03-12 01:57:58,0.0
VCLB_20260402.csv,2026-03-12 02:00:58,0.0
VCLB_20260402.csv,2026-03-12 02:03:58,0.0
VCLB_20260402.csv,2026-03-12 02:06:59,0.0
VCLB_20260402.csv,2026-03-12 02:09:58,0.0
VCLB_20260402.csv,2026-03-12 02:12:58,0.0
VCLB_20260402.csv,2026-03-12 02:15:58,0.0
VCLB_20260402.csv,2026-03-12 02:18:58,0.0
VCLB_20260402.csv,2026-03-12 02:21:59,0.0
VCLB_20260402.csv,2026-03-12 02:24:58,0.0
VCLB_20260402.csv,2026-03-12 02:27:58,0.0
VCLB_20260402.csv,2026-03-12 02:30:58,0.0
VCLB_20260402.csv,2026-03-12 02:33:58,0.0
VCLB_20260402.csv,2026-03-12 02:36:58,0.0
VCLB_20260402.csv,2026-03-12 02:39:59,0.0
VCLB_20260402.csv,2026-03-12 02:42:58,0.0
VCLB_20260402.csv,2026-03-12 02:45:58,0.0
VCLB_20260402.csv,2026-03-12 02:48:58,0.0
VCLB_20260402.csv,2026-03-12 02:51:58,0.0
VCLB_20260402.csv,2026-03-12 02:54:59,0.0
VCLB_20260402.csv,2026-03-12 02:57:58,0.0
VCLB_20260402.csv,2026-03-12 03:00:58,0.0
VCLB_20260402.csv,2026-03-12 03:03:58,0.0
VCLB_20260402.csv,2026-03-12 03:06:58,0.0
VCLB_20260402.csv,2026-03-12 03:09:59,0.0
VCLB_20260402.csv,2026-03-12 03:12:58,0.0
VCLB_20260402.csv,2026-03-12 03:15:58,0.0
VCLB_20260402.csv,2026-03-12 03:18:58,0.0
VCLB_20260402.csv,2026-03-12 03:21:58,0.0
VCLB_20260402.csv,2026-03-12 03:24:58,0.0
VCLB_20260402.csv,2026-03-12 03:27:58,0.0
VCLB_20260402.csv,2026-03-12 03:30:58,0.0
VCLB_20260402.csv,2026-03-12 03:33:58,0.0
VCLB_20260402.csv,2026-03-12 03:36:58,0.0
VCLB_20260402.csv,2026-03-12 03:39:58,0.0
VCLB_20260402.csv,2026-03-12 03:42:58,0.0
VCLB_20260402.csv,2026-03-12 03:45:58,0.0
VCLB_20260402.csv,2026-03-12 03:48:58,0.0
VCLB_20260402.csv,2026-03-12 03:51:58,0.0
VCLB_20260402.csv,2026-03-12 03:54:58,0.0
VCLB_20260402.csv,2026-03-12 03:57:58,0.0
VCLB_20260402.csv,2026-03-12 04:00:58,0.0
VCLB_20260402.csv,2026-03-12 04:03:58,0.0
VCLB_20260402.csv,2026-03-12 04:06:58,0.0
VCLB_20260402.csv,2026-03-12 04:09:58,0.0
VCLB_20260402.csv,2026-03-12 04:12:58,0.0
VCLB_20260402.csv,2026-03-12 04:15:58,0.0
VCLB_20260402.csv,2026-03-12 04:18:58,0.0
VCLB_20260402.csv,2026-03-12 04:21:58,0.0
VCLB_20260402.csv,2026-03-12 04:24:58,0.0
VCLB_20260402.csv,2026-03-12 04:27:58,0.0
VCLB_20260402.csv,2026-03-12 04:30:58,0.0
VCLB_20260402.csv,2026-03-12 04:36:58,0.0
VCLB_20260402.csv,2026-03-12 04:39:58,0.0
VCLB_20260402.csv,2026-03-12 04:42:58,0.0
VCLB_20260402.csv,2026-03-12 04:45:58,0.0
VCLB_20260402.csv,2026-03-12 04:48:58,0.0
VCLB_20260402.csv,2026-03-12 04:51:58,0.0
VCLB_20260402.csv,2026-03-12 04:54:58,0.0
VCLB_20260402.csv,2026-03-12 04:57:58,0.0
VCLB_20260402.csv,2026-03-12 05:00:58,0.0
VCLB_20260402.csv,2026-03-12 05:03:58,0.0
VCLB_20260402.csv,2026-03-12 05:06:58,0.0
VCLB_20260402.csv,2026-03-12 05:09:58,0.0
VCLB_20260402.csv,2026-03-12 05:12:58,0.0
VCLB_20260402.csv,2026-03-12 05:15:58,0.0
VCLB_20260402.csv,2026-03-12 05:18:58,0.0
VCLB_20260402.csv,2026-03-12 05:21:58,0.0
VCLB_20260402.csv,2026-03-12 05:24:58,0.0
VCLB_20260402.csv,2026-03-12 05:27:58,0.0
VCLB_20260402.csv,2026-03-12 05:30:59,0.0
VCLB_20260402.csv,2026-03-12 05:33:58,0.0
VCLB_20260402.csv,2026-03-12 05:36:58,0.0
VCLB_20260402.csv,2026-03-12 05:39:58,0.0
VCLB_20260402.csv,2026-03-12 05:42:58,0.0
VCLB_20260402.csv,2026-03-12 05:45:58,0.0
VCLB_20260402.csv,2026-03-12 05:48:58,0.0
VCLB_20260402.csv,2026-03-12 05:51:58,0.0
VCLB_20260402.csv,2026-03-12 05:54:58,0.0
VCLB_20260402.csv,2026-03-12 05:57:58,0.0
VCLB_20260402.csv,2026-03-12 06:00:58,0.0
VCLB_20260402.csv,2026-03-12 06:03:58,0.0
VCLB_20260402.csv,2026-03-12 06:06:58,0.0
VCLB_20260402.csv,2026-03-12 06:09:58,0.0
VCLB_20260402.csv,2026-03-12 06:12:58,0.0
VCLB_20260402.csv,2026-03-12 06:15:58,0.0
VCLB_20260402.csv,2026-03-12 06:18:59,0.0
VCLB_20260402.csv,2026-03-12 06:21:58,0.0
VCLB_20260402.csv,2026-03-12 06:24:58,0.0
VCLB_20260402.csv,2026-03-12 06:27:58,0.0
VCLB_20260402.csv,2026-03-12 06:30:58,0.0
VCLB_20260402.csv,2026-03-12 06:33:58,0.0
VCLB_20260402.csv,2026-03-12 06:36:58,0.0
VCLB_20260402.csv,2026-03-12 06:39:58,0.0
VCLB_20260402.csv,2026-03-12 06:42:58,0.0
VCLB_20260402.csv,2026-03-12 06:45:58,0.0
VCLB_20260402.csv,2026-03-12 06:48:58,0.0
VCLB_20260402.csv,2026-03-12 06:51:58,0.0
VCLB_20260402.csv,2026-03-12 06:54:58,0.0
VCLB_20260402.csv,2026-03-12 06:57:58,0.0
VCLB_20260402.csv,2026-03-12 07:00:58,0.0
VCLB_20260402.csv,2026-03-12 07:03:58,0.0
VCLB_20260402.csv,2026-03-12 07:06:58,0.0
VCLB_20260402.csv,2026-03-12 07:09:58,0.0
VCLB_20260402.csv,2026-03-12 07:12:58,0.0
VCLB_20260402.csv,2026-03-12 07:15:58,0.0
VCLB_20260402.csv,2026-03-12 07:18:58,0.0
VCLB_20260402.csv,2026-03-12 07:21:58,0.0
VCLB_20260402.csv,2026-03-12 07:24:58,0.0
VCLB_20260402.csv,2026-03-12 07:27:58,0.0
VCLB_20260402.csv,2026-03-12 07:30:58,0.0
VCLB_20260402.csv,2026-03-12 07:33:58,0.0
VCLB_20260402.csv,2026-03-12 07:36:58,0.0
VCLB_20260402.csv,2026-03-12 07:39:58,0.0
VCLB_20260402.csv,2026-03-12 07:42:58,0.0
VCLB_20260402.csv,2026-03-12 07:45:58,0.0
VCLB_20260402.csv,2026-03-12 07:48:58,0.0
VCLB_20260402.csv,2026-03-12 07:51:58,0.0
VCLB_20260402.csv,2026-03-12 07:54:58,0.0
VCLB_20260402.csv,2026-03-12 07:57:58,0.0
VCLB_20260402.csv,2026-03-12 08:00:58,0.0
VCLB_20260402.csv,2026-03-12 08:03:58,0.0
VCLB_20260402.csv,2026-03-12 08:06:58,0.0
VCLB_20260402.csv,2026-03-12 08:09:58,0.0
VCLB_20260402.csv,2026-03-12 08:12:58,0.0
VCLB_20260402.csv,2026-03-12 08:15:58,0.0
VCLB_20260402.csv,2026-03-12 08:18:58,0.0
VCLB_20260402.csv,2026-03-12 08:21:58,0.0
VCLB_20260402.csv,2026-03-12 08:24:58,0.0
VCLB_20260402.csv,2026-03-12 08:27:58,0.0
VCLB_20260402.csv,2026-03-12 08:30:58,0.0
VCLB_20260402.csv,2026-03-12 08:33:58,0.0
VCLB_20260402.csv,2026-03-12 08:36:58,0.0
VCLB_20260402.csv,2026-03-12 08:39:58,0.0
VCLB_20260402.csv,2026-03-12 08:42:58,0.0
VCLB_20260402.csv,2026-03-12 08:45:58,0.0
VCLB_20260402.csv,2026-03-12 08:48:58,0.0
VCLB_20260402.csv,2026-03-12 08:51:58,0.0
VCLB_20260402.csv,2026-03-12 08:54:58,0.0
VCLB_20260402.csv,2026-03-12 08:57:58,0.0
VCLB_20260402.csv,2026-03-12 09:00:58,0.0
VCLB_20260402.csv,2026-03-12 09:03:58,0.0
VCLB_20260402.csv,2026-03-12 09:06:58,0.0
VCLB_20260402.csv,2026-03-12 09:09:58,0.0
VCLB_20260402.csv,2026-03-12 09:12:58,0.0
VCLB_20260402.csv,2026-03-12 09:15:58,0.0
VCLB_20260402.csv,2026-03-12 09:18:58,0.0
VCLB_20260402.csv,2026-03-12 09:21:58,0.0
VCLB_20260402.csv,2026-03-12 09:24:58,0.0
VCLB_20260402.csv,2026-03-12 09:27:58,0.0
VCLB_20260402.csv,2026-03-12 09:30:58,0.0
VCLB_20260402.csv,2026-03-12 09:33:58,0.0
VCLB_20260402.csv,2026-03-12 09:36:58,0.0
VCLB_20260402.csv,2026-03-12 09:39:58,0.0
VCLB_20260402.csv,2026-03-12 09:42:58,0.0
VCLB_20260402.csv,2026-03-12 09:45:58,0.0
VCLB_20260402.csv,2026-03-12 09:48:58,0.0
VCLB_20260402.csv,2026-03-12 09:51:58,0.0
VCLB_20260402.csv,2026-03-12 09:54:58,0.0
VCLB_20260402.csv,2026-03-12 09:57:58,0.0
VCLB_20260402.csv,2026-03-12 10:00:58,0.0
VCLB_20260402.csv,2026-03-12 10:03:58,0.0
VCLB_20260402.csv,2026-03-12 10:06:58,0.0
VCLB_20260402.csv,2026-03-12 10:09:58,0.0
VCLB_20260402.csv,2026-03-12 10:12:58,0.0
VCLB_20260402.csv,2026-03-12 10:15:58,0.0
VCLB_20260402.csv,2026-03-12 10:18:58,0.0
VCLB_20260402.csv,2026-03-12 10:21:58,0.0
VCLB_20260402.csv,2026-03-12 10:24:58,0.0
VCLB_20260402.csv,2026-03-12 10:27:58,0.0
VCLB_20260402.csv,2026-03-12 10:30:58,0.0
VCLB_20260402.csv,2026-03-12 10:33:58,0.0
VCLB_20260402.csv,2026-03-12 10:36:58,0.0
VCLB_20260402.csv,2026-03-12 10:39:58,0.0
VCLB_20260402.csv,2026-03-12 10:42:58,0.0
VCLB_20260402.csv,2026-03-12 10:45:58,0.0
VCLB_20260402.csv,2026-03-12 10:48:58,0.0
VCLB_20260402.csv,2026-03-12 10:51:58,0.0
VCLB_20260402.csv,2026-03-12 10:54:58,0.0
VCLB_20260402.csv,2026-03-12 10:57:58,0.0
VCLB_20260402.csv,2026-03-12 11:00:58,0.0
VCLB_20260402.csv,2026-03-12 11:03:58,0.0
VCLB_20260402.csv,2026-03-12 11:06:58,0.0
VCLB_20260402.csv,2026-03-12 11:09:58,0.0
VCLB_20260402.csv,2026-03-12 11:12:58,0.0
VCLB_20260402.csv,2026-03-12 11:15:58,0.0
VCLB_20260402.csv,2026-03-12 11:18:58,0.0
VCLB_20260402.csv,2026-03-12 11:21:58,0.0
VCLB_20260402.csv,2026-03-12 11:24:58,0.0
VCLB_20260402.csv,2026-03-12 11:27:58,0.0
VCLB_20260402.csv,2026-03-12 11:30:58,0.0
VCLB_20260402.csv,2026-03-12 11:33:58,0.0
VCLB_20260402.csv,2026-03-12 11:36:58,0.0
VCLB_20260402.csv,2026-03-12 11:39:58,0.0
VCLB_20260402.csv,2026-03-12 11:42:58,0.0
VCLB_20260402.csv,2026-03-12 11:45:58,0.0
VCLB_20260402.csv,2026-03-12 11:48:58,0.0
VCLB_20260402.csv,2026-03-12 11:51:58,0.0
VCLB_20260402.csv,2026-03-12 11:54:58,0.0
VCLB_20260402.csv,2026-03-12 11:57:58,0.0
VCLB_20260402.csv,2026-03-12 12:00:58,0.0
VCLB_20260402.csv,2026-03-12 12:03:58,0.0
VCLB_20260402.csv,2026-03-12 12:06:58,0.0
VCLB_20260402.csv,2026-03-12 12:09:58,0.0
VCLB_20260402.csv,2026-03-12 12:12:58,0.0
VCLB_20260402.csv,2026-03-12 12:15:58,0.0
VCLB_20260402.csv,2026-03-12 12:18:58,0.0
VCLB_20260402.csv,2026-03-12 12:21:58,0.0
VCLB_20260402.csv,2026-03-12 12:24:58,0.0
VCLB_20260402.csv,2026-03-12 12:27:58,0.0
VCLB_20260402.csv,2026-03-12 12:30:58,0.0
VCLB_20260402.csv,2026-03-12 12:33:58,0.0
VCLB_20260402.csv,2026-03-12 12:36:58,0.0
VCLB_20260402.csv,2026-03-12 12:39:58,0.0
VCLB_20260402.csv,2026-03-12 12:42:58,0.0
VCLB_20260402.csv,2026-03-12 12:45:58,0.0
VCLB_20260402.csv,2026-03-12 12:48:58,0.0
VCLB_20260402.csv,2026-03-12 12:51:58,0.0
VCLB_20260402.csv,2026-03-12 12:54:58,0.0
VCLB_20260402.csv,2026-03-12 12:57:58,0.0
VCLB_20260402.csv,2026-03-12 13:00:58,0.0
VCLB_20260402.csv,2026-03-12 13:03:58,0.0
VCLB_20260402.csv,2026-03-12 13:06:58,0.0
VCLB_20260402.csv,2026-03-12 13:09:58,0.0
VCLB_20260402.csv,2026-03-12 13:12:58,0.0
VCLB_20260402.csv,2026-03-12 13:15:58,0.0
VCLB_20260402.csv,2026-03-12 13:18:58,0.0
VCLB_20260402.csv,2026-03-12 13:21:58,0.0
VCLB_20260402.csv,2026-03-12 13:24:58,0.0
VCLB_20260402.csv,2026-03-12 13:27:58,0.0
VCLB_20260402.csv,2026-03-12 13:30:58,0.0
VCLB_20260402.csv,2026-03-12 13:33:58,0.0
VCLB_20260402.csv,2026-03-12 13:36:58,0.0
VCLB_20260402.csv,2026-03-12 13:39:58,0.0
VCLB_20260402.csv,2026-03-12 13:42:58,0.0
VCLB_20260402.csv,2026-03-12 13:45:58,0.0
VCLB_20260402.csv,2026-03-12 13:48:58,0.0
VCLB_20260402.csv,2026-03-12 13:51:58,0.0
VCLB_20260402.csv,2026-03-12 13:54:58,0.0
VCLB_20260402.csv,2026-03-12 13:57:58,0.0
VCLB_20260402.csv,2026-03-12 14:00:58,0.0
VCLB_20260402.csv,2026-03-12 14:03:58,0.0
VCLB_20260402.csv,2026-03-12 14:06:58,0.0
VCLB_20260402.csv,2026-03-12 14:09:58,0.0
VCLB_20260402.csv,2026-03-12 14:12:58,0.0
VCLB_20260402.csv,2026-03-12 14:15:58,0.0
VCLB_20260402.csv,2026-03-12 14:18:58,0.0
VCLB_20260402.csv,2026-03-12 14:21:58,0.0
VCLB_20260402.csv,2026-03-12 14:24:58,0.0
VCLB_20260402.csv,2026-03-12 14:27:58,0.0
VCLB_20260402.csv,2026-03-12 14:30:58,0.0
VCLB_20260402.csv,2026-03-12 14:33:58,0.0
VCLB_20260402.csv,2026-03-12 14:36:58,0.0
VCLB_20260402.csv,2026-03-12 14:39:58,0.0
VCLB_20260402.csv,2026-03-12 14:42:58,0.0
VCLB_20260402.csv,2026-03-12 14:45:58,0.0
VCLB_20260402.csv,2026-03-12 14:48:58,0.0
VCLB_20260402.csv,2026-03-12 14:51:58,0.0
VCLB_20260402.csv,2026-03-12 14:54:58,0.0
VCLB_20260402.csv,2026-03-12 14:57:58,0.0
VCLB_20260402.csv,2026-03-12 15:00:58,0.0
VCLB_20260402.csv,2026-03-12 15:03:58,0.0
VCLB_20260402.csv,2026-03-12 15:06:58,0.0
VCLB_20260402.csv,2026-03-12 15:09:58,0.0
VCLB_20260402.csv,2026-03-12 15:12:58,0.0
VCLB_20260402.csv,2026-03-12 15:15:58,0.0
VCLB_20260402.csv,2026-03-12 15:18:58,0.0
VCLB_20260402.csv,2026-03-12 15:21:58,0.0
VCLB_20260402.csv,2026-03-12 15:24:58,0.0
VCLB_20260402.csv,2026-03-12 15:27:58,0.0
VCLB_20260402.csv,2026-03-12 15:30:58,0.0
VCLB_20260402.csv,2026-03-12 15:33:58,0.0
VCLB_20260402.csv,2026-03-12 15:36:58,0.0
VCLB_20260402.csv,2026-03-12 15:39:58,0.0
VCLB_20260402.csv,2026-03-12 15:42:58,0.0
VCLB_20260402.csv,2026-03-12 15:48:58,0.0
VCLB_20260402.csv,2026-03-12 15:51:58,0.0
VCLB_20260402.csv,2026-03-12 15:54:58,0.0
VCLB_20260402.csv,2026-03-12 15:57:58,0.0
VCLB_20260402.csv,2026-03-12 16:00:58,0.0
VCLB_20260402.csv,2026-03-12 16:03:58,0.0
VCLB_20260402.csv,2026-03-12 16:06:58,0.0
VCLB_20260402.csv,2026-03-12 16:09:58,0.0
VCLB_20260402.csv,2026-03-12 16:12:58,0.0
VCLB_20260402.csv,2026-03-12 16:15:58,0.0
VCLB_20260402.csv,2026-03-12 16:18:58,0.0
VCLB_20260402.csv,2026-03-12 16:21:58,0.0
VCLB_20260402.csv,2026-03-12 16:24:58,0.0
VCLB_20260402.csv,2026-03-12 16:27:58,0.0
VCLB_20260402.csv,2026-03-12 16:30:58,0.0
VCLB_20260402.csv,2026-03-12 16:33:58,0.0
VCLB_20260402.csv,2026-03-12 16:36:58,0.0
VCLB_20260402.csv,2026-03-12 16:39:58,0.0
VCLB_20260402.csv,2026-03-12 16:42:58,0.0
VCLB_20260402.csv,2026-03-12 16:45:58,0.0
VCLB_20260402.csv,2026-03-12 16:48:58,0.0
VCLB_20260402.csv,2026-03-12 16:51:58,0.0
VCLB_20260402.csv,2026-03-12 16:54:58,0.0
VCLB_20260402.csv,2026-03-12 16:57:58,0.0
VCLB_20260402.csv,2026-03-12 17:00:58,0.0
VCLB_20260402.csv,2026-03-12 17:03:58,0.0
VCLB_20260402.csv,2026-03-12 17:06:58,0.0
VCLB_20260402.csv,2026-03-12 17:09:58,0.0
VCLB_20260402.csv,2026-03-12 17:12:58,0.0
VCLB_20260402.csv,2026-03-12 17:15:58,0.0
VCLB_20260402.csv,2026-03-12 17:18:58,0.0
VCLB_20260402.csv,2026-03-12 17:21:58,0.0
VCLB_20260402.csv,2026-03-12 17:24:58,0.0
VCLB_20260402.csv,2026-03-12 17:27:58,0.0
VCLB_20260402.csv,2026-03-12 17:30:58,0.0
VCLB_20260402.csv,2026-03-12 17:33:58,0.0
VCLB_20260402.csv,2026-03-12 17:36:58,0.0
VCLB_20260402.csv,2026-03-12 17:39:58,0.0
VCLB_20260402.csv,2026-03-12 17:42:58,0.0
VCLB_20260402.csv,2026-03-12 17:45:58,0.0
VCLB_20260402.csv,2026-03-12 17:48:58,0.0
VCLB_20260402.csv,2026-03-12 17:51:58,0.0
VCLB_20260402.csv,2026-03-12 17:54:58,0.0
VCLB_20260402.csv,2026-03-12 17:57:58,0.0
VCLB_20260402.csv,2026-03-12 18:00:58,0.0
VCLB_20260402.csv,2026-03-12 18:03:58,0.0
VCLB_20260402.csv,2026-03-12 18:06:58,0.0
VCLB_20260402.csv,2026-03-12 18:09:58,0.0
VCLB_20260402.csv,2026-03-12 18:12:58,0.0
VCLB_20260402.csv,2026-03-12 18:15:58,0.0
VCLB_20260402.csv,2026-03-12 18:18:58,0.0
VCLB_20260402.csv,2026-03-12 18:21:58,0.0
VCLB_20260402.csv,2026-03-12 18:24:58,0.0
VCLB_20260402.csv,2026-03-12 18:27:58,0.0
VCLB_20260402.csv,2026-03-12 18:30:58,0.0
VCLB_20260402.csv,2026-03-12 18:33:58,0.0
VCLB_20260402.csv,2026-03-12 18:36:58,0.0
VCLB_20260402.csv,2026-03-12 18:39:58,0.0
VCLB_20260402.csv,2026-03-12 18:42:58,0.0
VCLB_20260402.csv,2026-03-12 18:45:58,0.0
VCLB_20260402.csv,2026-03-12 18:48:58,0.0
VCLB_20260402.csv,2026-03-12 18:51:58,0.0
VCLB_20260402.csv,2026-03-12 18:54:58,0.0
VCLB_20260402.csv,2026-03-12 18:57:58,0.0
VCLB_20260402.csv,2026-03-12 19:00:58,0.0
VCLB_20260402.csv,2026-03-12 19:03:58,0.0
VCLB_20260402.csv,2026-03-12 19:06:58,0.0
VCLB_20260402.csv,2026-03-12 19:09:58,0.0
VCLB_20260402.csv,2026-03-12 19:12:58,0.0
VCLB_20260402.csv,2026-03-12 19:15:58,0.0
VCLB_20260402.csv,2026-03-12 19:18:58,0.0
VCLB_20260402.csv,2026-03-12 19:21:58,0.0
VCLB_20260402.csv,2026-03-12 19:24:58,0.0
VCLB_20260402.csv,2026-03-12 19:27:58,0.0
VCLB_20260402.csv,2026-03-12 19:30:58,0.0
VCLB_20260402.csv,2026-03-12 19:33:58,0.0
VCLB_20260402.csv,2026-03-12 19:36:58,0.0
VCLB_20260402.csv,2026-03-12 19:39:58,0.0
VCLB_20260402.csv,2026-03-12 19:42:58,0.0
VCLB_20260402.csv,2026-03-12 19:45:58,0.0
VCLB_20260402.csv,2026-03-12 19:48:58,0.0
VCLB_20260402.csv,2026-03-12 19:51:58,0.0
VCLB_20260402.csv,2026-03-12 19:54:57,0.0
VCLB_20260402.csv,2026-03-12 19:57:58,0.0
VCLB_20260402.csv,2026-03-12 20:00:58,0.0
VCLB_20260402.csv,2026-03-12 20:03:58,0.0
VCLB_20260402.csv,2026-03-12 20:06:57,0.0
VCLB_20260402.csv,2026-03-12 20:09:57,0.0
VCLB_20260402.csv,2026-03-12 20:12:57,0.0
VCLB_20260402.csv,2026-03-12 20:15:58,0.0
VCLB_20260402.csv,2026-03-12 20:18:58,0.0
VCLB_20260402.csv,2026-03-12 20:21:57,0.0
VCLB_20260402.csv,2026-03-12 20:24:57,0.0
VCLB_20260402.csv,2026-03-12 20:27:57,0.0
VCLB_20260402.csv,2026-03-12 20:30:57,0.0
VCLB_20260402.csv,2026-03-12 20:33:57,0.0
VCLB_20260402.csv,2026-03-12 20:36:58,0.0
VCLB_20260402.csv,2026-03-12 20:39:57,0.0
VCLB_20260402.csv,2026-03-12 20:42:57,0.0
VCLB_20260402.csv,2026-03-12 20:45:57,0.0
VCLB_20260402.csv,2026-03-12 20:48:57,0.0
VCLB_20260402.csv,2026-03-12 20:51:57,0.0
VCLB_20260402.csv,2026-03-12 20:54:57,0.0
VCLB_20260402.csv,2026-03-12 20:57:57,0.0
VCLB_20260402.csv,2026-03-12 21:00:57,0.0
VCLB_20260402.csv,2026-03-12 21:03:57,0.0
VCLB_20260402.csv,2026-03-12 21:06:57,0.0
VCLB_20260402.csv,2026-03-12 21:09:57,0.0
VCLB_20260402.csv,2026-03-12 21:12:57,0.0
VCLB_20260402.csv,2026-03-12 21:15:57,0.0
VCLB_20260402.csv,2026-03-12 21:18:57,0.0
VCLB_20260402.csv,2026-03-12 21:21:57,0.0
VCLB_20260402.csv,2026-03-12 21:24:57,0.0
VCLB_20260402.csv,2026-03-12 21:27:57,0.0
VCLB_20260402.csv,2026-03-12 21:30:57,0.0
VCLB_20260402.csv,2026-03-12 21:33:58,0.0
VCLB_20260402.csv,2026-03-12 21:36:57,0.0
VCLB_20260402.csv,2026-03-12 21:39:57,0.0
VCLB_20260402.csv,2026-03-12 21:42:57,0.0
VCLB_20260402.csv,2026-03-12 21:45:57,0.0
VCLB_20260402.csv,2026-03-12 21:48:57,0.0
VCLB_20260402.csv,2026-03-12 21:51:57,0.0
VCLB_20260402.csv,2026-03-12 21:54:57,0.0
VCLB_20260402.csv,2026-03-12 21:57:57,0.0
VCLB_20260402.csv,2026-03-12 22:00:57,0.0
VCLB_20260402.csv,2026-03-12 22:03:57,0.0
VCLB_20260402.csv,2026-03-12 22:06:57,0.0
VCLB_20260402.csv,2026-03-12 22:09:57,0.0
VCLB_20260402.csv,2026-03-12 22:12:57,0.0
VCLB_20260402.csv,2026-03-12 22:15:57,0.0
VCLB_20260402.csv,2026-03-12 22:18:57,0.0
VCLB_20260402.csv,2026-03-12 22:21:57,0.0
VCLB_20260402.csv,2026-03-12 22:24:58,0.0
VCLB_20260402.csv,2026-03-12 22:27:57,0.0
VCLB_20260402.csv,2026-03-12 22:30:57,0.0
VCLB_20260402.csv,2026-03-12 22:33:57,0.0
VCLB_20260402.csv,2026-03-12 22:36:57,0.0
VCLB_20260402.csv,2026-03-12 22:39:57,0.0
VCLB_20260402.csv,2026-03-12 22:42:57,0.0
VCLB_20260402.csv,2026-03-12 22:45:57,0.0
VCLB_20260402.csv,2026-03-12 22:48:57,0.0
VCLB_20260402.csv,2026-03-12 22:51:57,0.0
VCLB_20260402.csv,2026-03-12 22:54:57,0.0
VCLB_20260402.csv,2026-03-12 22:57:57,0.0
VCLB_20260402.csv,2026-03-12 23:00:57,0.0
VCLB_20260402.csv,2026-03-12 23:03:57,0.0
VCLB_20260402.csv,2026-03-12 23:06:57,0.0
VCLB_20260402.csv,2026-03-12 23:09:57,0.0
VCLB_20260402.csv,2026-03-12 23:12:57,0.0
VCLB_20260402.csv,2026-03-12 23:15:57,0.0
VCLB_20260402.csv,2026-03-12 23:18:57,0.0
VCLB_20260402.csv,2026-03-12 23:21:57,0.0
VCLB_20260402.csv,2026-03-12 23:24:58,0.0
VCLB_20260402.csv,2026-03-12 23:27:57,0.0
VCLB_20260402.csv,2026-03-12 23:30:57,0.0
VCLB_20260402.csv,2026-03-12 23:33:57,0.0
VCLB_20260402.csv,2026-03-12 23:36:57,0.0
VCLB_20260402.csv,2026-03-12 23:39:58,0.0
VCLB_20260402.csv,2026-03-12 23:42:57,0.0
VCLB_20260402.csv,2026-03-12 23:45:57,0.0
VCLB_20260402.csv,2026-03-12 23:48:57,0.0
VCLB_20260402.csv,2026-03-12 23:51:57,0.0
VCLB_20260402.csv,2026-03-12 23:54:57,0.0
VCLB_20260402.csv,2026-03-12 23:57:57,0.0
VCLB_20260402.csv,2026-03-13 00:00:57,0.0
VCLB_20260402.csv,2026-03-13 00:03:57,0.0
VCLB_20260402.csv,2026-03-13 00:06:57,0.0
VCLB_20260402.csv,2026-03-13 00:09:57,0.0
VCLB_20260402.csv,2026-03-13 00:12:57,0.0
VCLB_20260402.csv,2026-03-13 00:15:57,0.0
VCLB_20260402.csv,2026-03-13 00:18:57,0.0
VCLB_20260402.csv,2026-03-13 00:21:57,0.0
VCLB_20260402.csv,2026-03-13 00:24:58,0.0
VCLB_20260402.csv,2026-03-13 00:27:57,0.0
VCLB_20260402.csv,2026-03-13 00:30:57,0.0
VCLB_20260402.csv,2026-03-13 00:33:57,0.0
VCLB_20260402.csv,2026-03-13 00:36:57,0.0
VCLB_20260402.csv,2026-03-13 00:39:57,0.0
VCLB_20260402.csv,2026-03-13 00:42:57,0.0
VCLB_20260402.csv,2026-03-13 00:45:57,0.0
VCLB_20260402.csv,2026-03-13 00:48:57,0.0
VCLB_20260402.csv,2026-03-13 00:51:57,0.0
VCLB_20260402.csv,2026-03-13 00:54:57,0.0
VCLB_20260402.csv,2026-03-13 00:57:57,0.0
VCLB_20260402.csv,2026-03-13 01:00:57,0.0
VCLB_20260402.csv,2026-03-13 01:03:57,0.0
VCLB_20260402.csv,2026-03-13 01:06:57,0.0
VCLB_20260402.csv,2026-03-13 01:09:57,0.0
VCLB_20260402.csv,2026-03-13 01:12:57,0.0
VCLB_20260402.csv,2026-03-13 01:15:57,0.0
VCLB_20260402.csv,2026-03-13 01:18:57,0.0
VCLB_20260402.csv,2026-03-13 01:21:57,0.0
VCLB_20260402.csv,2026-03-13 01:24:57,0.0
VCLB_20260402.csv,2026-03-13 01:27:57,0.0
VCLB_20260402.csv,2026-03-13 01:30:57,0.0
VCLB_20260402.csv,2026-03-13 01:33:57,0.0
VCLB_20260402.csv,2026-03-13 01:36:57,0.0
VCLB_20260402.csv,2026-03-13 01:39:57,0.0
VCLB_20260402.csv,2026-03-13 01:42:57,0.0
VCLB_20260402.csv,2026-03-13 01:45:57,0.0
VCLB_20260402.csv,2026-03-13 01:48:57,0.0
VCLB_20260402.csv,2026-03-13 01:51:57,0.0
VCLB_20260402.csv,2026-03-13 01:54:57,0.0
VCLB_20260402.csv,2026-03-13 01:57:57,0.0
VCLB_20260402.csv,2026-03-13 02:00:58,0.0
VCLB_20260402.csv,2026-03-13 02:03:57,0.0
VCLB_20260402.csv,2026-03-13 02:06:57,0.0
VCLB_20260402.csv,2026-03-13 02:09:57,0.0
VCLB_20260402.csv,2026-03-13 02:12:57,0.0
VCLB_20260402.csv,2026-03-13 02:15:57,0.0
VCLB_20260402.csv,2026-03-13 02:18:57,0.0
VCLB_20260402.csv,2026-03-13 02:21:57,0.0
VCLB_20260402.csv,2026-03-13 02:24:57,0.0
VCLB_20260402.csv,2026-03-13 02:27:57,0.0
VCLB_20260402.csv,2026-03-13 02:30:57,0.0
VCLB_20260402.csv,2026-03-13 02:33:57,0.0
VCLB_20260402.csv,2026-03-13 02:36:57,0.0
VCLB_20260402.csv,2026-03-13 02:39:57,0.0
VCLB_20260402.csv,2026-03-13 02:42:57,0.0
VCLB_20260402.csv,2026-03-13 02:45:57,0.0
VCLB_20260402.csv,2026-03-13 02:48:57,0.0
VCLB_20260402.csv,2026-03-13 02:51:57,0.0
VCLB_20260402.csv,2026-03-13 02:54:57,0.0
VCLB_20260402.csv,2026-03-13 02:57:57,0.0
VCLB_20260402.csv,2026-03-13 03:00:57,0.0
VCLB_20260402.csv,2026-03-13 03:03:57,0.0
VCLB_20260402.csv,2026-03-13 03:06:57,0.0
VCLB_20260402.csv,2026-03-13 03:09:57,0.0
VCLB_20260402.csv,2026-03-13 03:12:57,0.0
VCLB_20260402.csv,2026-03-13 03:15:57,0.0
VCLB_20260402.csv,2026-03-13 03:18:57,0.0
VCLB_20260402.csv,2026-03-13 03:21:57,0.0
VCLB_20260402.csv,2026-03-13 03:24:57,0.0
VCLB_20260402.csv,2026-03-13 03:27:57,0.0
VCLB_20260402.csv,2026-03-13 03:30:57,0.0
VCLB_20260402.csv,2026-03-13 03:33:57,0.0
VCLB_20260402.csv,2026-03-13 03:36:57,0.0
VCLB_20260402.csv,2026-03-13 03:39:57,0.0
VCLB_20260402.csv,2026-03-13 03:42:57,0.0
VCLB_20260402.csv,2026-03-13 03:45:57,0.0
VCLB_20260402.csv,2026-03-13 03:48:57,0.0
VCLB_20260402.csv,2026-03-13 03:51:57,0.0
VCLB_20260402.csv,2026-03-13 03:54:57,0.0
VCLB_20260402.csv,2026-03-13 03:57:57,0.0
VCLB_20260402.csv,2026-03-13 04:00:57,0.0
VCLB_20260402.csv,2026-03-13 04:03:57,0.0
VCLB_20260402.csv,2026-03-13 04:06:57,0.0
VCLB_20260402.csv,2026-03-13 04:09:58,0.0
VCLB_20260402.csv,2026-03-13 04:12:57,0.0
VCLB_20260402.csv,2026-03-13 04:15:57,0.0
VCLB_20260402.csv,2026-03-13 04:18:57,0.0
VCLB_20260402.csv,2026-03-13 04:21:57,0.0
VCLB_20260402.csv,2026-03-13 04:24:58,0.0
VCLB_20260402.csv,2026-03-13 04:27:57,0.0
VCLB_20260402.csv,2026-03-13 04:30:57,0.0
VCLB_20260402.csv,2026-03-13 04:33:57,0.0
VCLB_20260402.csv,2026-03-13 04:36:57,0.0
VCLB_20260402.csv,2026-03-13 04:39:57,0.0
VCLB_20260402.csv,2026-03-13 04:42:58,0.0
VCLB_20260402.csv,2026-03-13 04:45:57,0.0
VCLB_20260402.csv,2026-03-13 04:48:57,0.0
VCLB_20260402.csv,2026-03-13 04:51:57,0.0
VCLB_20260402.csv,2026-03-13 04:54:57,0.0
VCLB_20260402.csv,2026-03-13 04:57:57,0.0
VCLB_20260402.csv,2026-03-13 05:00:57,0.0
VCLB_20260402.csv,2026-03-13 05:03:57,0.0
VCLB_20260402.csv,2026-03-13 05:06:57,0.0
VCLB_20260402.csv,2026-03-13 05:09:57,0.0
VCLB_20260402.csv,2026-03-13 05:12:57,0.0
VCLB_20260402.csv,2026-03-13 05:15:57,0.0
VCLB_20260402.csv,2026-03-13 05:18:57,0.0
VCLB_20260402.csv,2026-03-13 05:21:57,0.0
VCLB_20260402.csv,2026-03-13 05:24:57,0.0
VCLB_20260402.csv,2026-03-13 05:27:58,0.0
VCLB_20260402.csv,2026-03-13 05:30:57,0.0
VCLB_20260402.csv,2026-03-13 05:33:57,0.0
VCLB_20260402.csv,2026-03-13 05:36:57,0.0
VCLB_20260402.csv,2026-03-13 05:39:57,0.0
VCLB_20260402.csv,2026-03-13 05:42:57,0.0
VCLB_20260402.csv,2026-03-13 05:45:57,0.0
VCLB_20260402.csv,2026-03-13 05:48:57,0.0
VCLB_20260402.csv,2026-03-13 05:51:57,0.0
VCLB_20260402.csv,2026-03-13 05:54:57,0.0
VCLB_20260402.csv,2026-03-13 05:57:57,0.0
VCLB_20260402.csv,2026-03-13 06:00:57,0.0
VCLB_20260402.csv,2026-03-13 06:03:57,0.0
VCLB_20260402.csv,2026-03-13 06:06:57,0.0
VCLB_20260402.csv,2026-03-13 06:09:57,0.0
VCLB_20260402.csv,2026-03-13 06:12:57,0.0
VCLB_20260402.csv,2026-03-13 06:15:57,0.0
VCLB_20260402.csv,2026-03-13 06:18:57,0.0
VCLB_20260402.csv,2026-03-13 06:21:57,0.0
VCLB_20260402.csv,2026-03-13 06:24:57,0.0
VCLB_20260402.csv,2026-03-13 06:27:57,0.0
VCLB_20260402.csv,2026-03-13 06:30:57,0.0
VCLB_20260402.csv,2026-03-13 06:33:57,0.0
VCLB_20260402.csv,2026-03-13 06:36:57,0.0
VCLB_20260402.csv,2026-03-13 06:39:57,0.0
VCLB_20260402.csv,2026-03-13 06:42:57,0.0
VCLB_20260402.csv,2026-03-13 06:45:57,0.0
VCLB_20260402.csv,2026-03-13 06:48:57,0.0
VCLB_20260402.csv,2026-03-13 06:51:57,0.0
VCLB_20260402.csv,2026-03-13 06:54:57,0.0
VCLB_20260402.csv,2026-03-13 06:57:57,0.0
VCLB_20260402.csv,2026-03-13 07:00:57,0.0
VCLB_20260402.csv,2026-03-13 07:03:57,0.0
VCLB_20260402.csv,2026-03-13 07:06:57,0.0
VCLB_20260402.csv,2026-03-13 07:09:57,0.0
VCLB_20260402.csv,2026-03-13 07:12:57,0.0
VCLB_20260402.csv,2026-03-13 07:15:57,0.0
VCLB_20260402.csv,2026-03-13 07:18:57,0.0
VCLB_20260402.csv,2026-03-13 07:21:57,0.0
VCLB_20260402.csv,2026-03-13 07:24:57,0.0
VCLB_20260402.csv,2026-03-13 07:27:57,0.0
VCLB_20260402.csv,2026-03-13 07:30:57,0.0
VCLB_20260402.csv,2026-03-13 07:33:57,0.0
VCLB_20260402.csv,2026-03-13 07:36:57,0.0
VCLB_20260402.csv,2026-03-13 07:39:58,0.0
VCLB_20260402.csv,2026-03-13 07:42:57,0.0
VCLB_20260402.csv,2026-03-13 07:45:57,0.0
VCLB_20260402.csv,2026-03-13 07:48:57,0.0
VCLB_20260402.csv,2026-03-13 07:51:57,0.0
VCLB_20260402.csv,2026-03-13 07:54:57,0.0
VCLB_20260402.csv,2026-03-13 07:57:57,0.0
VCLB_20260402.csv,2026-03-13 08:00:57,0.0
VCLB_20260402.csv,2026-03-13 08:03:57,0.0
VCLB_20260402.csv,2026-03-13 08:06:57,0.0
VCLB_20260402.csv,2026-03-13 08:09:57,0.0
VCLB_20260402.csv,2026-03-13 08:12:57,0.0
VCLB_20260402.csv,2026-03-13 08:15:57,0.0
VCLB_20260402.csv,2026-03-13 08:18:57,0.0
VCLB_20260402.csv,2026-03-13 08:24:57,0.0
VCLB_20260402.csv,2026-03-13 08:27:57,0.0
VCLB_20260402.csv,2026-03-13 08:30:57,0.0
VCLB_20260402.csv,2026-03-13 08:33:57,0.0
VCLB_20260402.csv,2026-03-13 08:36:57,0.0
VCLB_20260402.csv,2026-03-13 08:39:57,0.0
VCLB_20260402.csv,2026-03-13 08:42:57,0.0
VCLB_20260402.csv,2026-03-13 08:45:57,0.0
VCLB_20260402.csv,2026-03-13 08:48:57,0.0
VCLB_20260402.csv,2026-03-13 08:51:57,0.0
VCLB_20260402.csv,2026-03-13 08:54:57,0.0
VCLB_20260402.csv,2026-03-13 08:57:57,0.0
VCLB_20260402.csv,2026-03-13 09:00:57,0.0
VCLB_20260402.csv,2026-03-13 09:03:57,0.0
VCLB_20260402.csv,2026-03-13 09:06:57,0.0
VCLB_20260402.csv,2026-03-13 09:09:57,0.0
VCLB_20260402.csv,2026-03-13 09:12:57,0.0
VCLB_20260402.csv,2026-03-13 09:15:57,0.0
VCLB_20260402.csv,2026-03-13 09:18:57,0.0
VCLB_20260402.csv,2026-03-13 09:21:57,0.0
VCLB_20260402.csv,2026-03-13 09:24:57,0.0
VCLB_20260402.csv,2026-03-13 09:27:57,0.0
VCLB_20260402.csv,2026-03-13 09:30:57,0.0
VCLB_20260402.csv,2026-03-13 09:33:57,0.0
VCLB_20260402.csv,2026-03-13 09:36:57,0.0
VCLB_20260402.csv,2026-03-13 09:39:57,0.0
VCLB_20260402.csv,2026-03-13 09:42:57,0.0
VCLB_20260402.csv,2026-03-13 09:45:57,0.0
VCLB_20260402.csv,2026-03-13 09:48:57,0.0
VCLB_20260402.csv,2026-03-13 09:51:57,0.0
VCLB_20260402.csv,2026-03-13 09:54:57,0.0
VCLB_20260402.csv,2026-03-13 09:57:57,0.0
VCLB_20260402.csv,2026-03-13 10:00:57,0.0
VCLB_20260402.csv,2026-03-13 10:03:57,0.0
VCLB_20260402.csv,2026-03-13 10:06:57,0.0
VCLB_20260402.csv,2026-03-13 10:09:57,0.0
VCLB_20260402.csv,2026-03-13 10:12:57,0.0
VCLB_20260402.csv,2026-03-13 10:15:57,0.0
VCLB_20260402.csv,2026-03-13 10:18:57,0.0
VCLB_20260402.csv,2026-03-13 10:21:57,0.0
VCLB_20260402.csv,2026-03-13 10:24:57,0.0
VCLB_20260402.csv,2026-03-13 10:27:57,0.0
VCLB_20260402.csv,2026-03-13 10:30:57,0.0
VCLB_20260402.csv,2026-03-13 10:33:57,0.0
VCLB_20260402.csv,2026-03-13 10:36:57,0.0
VCLB_20260402.csv,2026-03-13 10:39:57,0.0
VCLB_20260402.csv,2026-03-13 10:42:57,0.0
VCLB_20260402.csv,2026-03-13 10:45:57,0.0
VCLB_20260402.csv,2026-03-13 10:48:57,0.0
VCLB_20260402.csv,2026-03-13 10:51:57,0.0
VCLB_20260402.csv,2026-03-13 10:54:57,0.0
VCLB_20260402.csv,2026-03-13 10:57:57,0.0
VCLB_20260402.csv,2026-03-13 11:00:57,0.0
VCLB_20260402.csv,2026-03-13 11:03:57,0.0
VCLB_20260402.csv,2026-03-13 11:06:57,0.0
VCLB_20260402.csv,2026-03-13 11:09:57,0.0
VCLB_20260402.csv,2026-03-13 11:12:57,0.0
VCLB_20260402.csv,2026-03-13 11:15:57,0.0
VCLB_20260402.csv,2026-03-13 11:18:57,0.0
VCLB_20260402.csv,2026-03-13 11:21:57,0.0
VCLB_20260402.csv,2026-03-13 11:24:57,0.0
VCLB_20260402.csv,2026-03-13 11:27:57,0.0
VCLB_20260402.csv,2026-03-13 11:30:57,0.0
VCLB_20260402.csv,2026-03-13 11:33:57,0.0
VCLB_20260402.csv,2026-03-13 11:36:57,0.0
VCLB_20260402.csv,2026-03-13 11:39:57,0.0
VCLB_20260402.csv,2026-03-13 11:42:57,0.0
VCLB_20260402.csv,2026-03-13 11:45:57,0.0
VCLB_20260402.csv,2026-03-13 11:48:57,0.0
VCLB_20260402.csv,2026-03-13 11:51:57,0.0
VCLB_20260402.csv,2026-03-13 11:57:57,0.0
VCLB_20260402.csv,2026-03-13 12:00:57,0.0
VCLB_20260402.csv,2026-03-13 12:03:57,0.0
VCLB_20260402.csv,2026-03-13 12:06:57,0.0
VCLB_20260402.csv,2026-03-13 12:09:57,0.0
VCLB_20260402.csv,2026-03-13 12:12:57,0.0
VCLB_20260402.csv,2026-03-13 12:15:57,0.0
VCLB_20260402.csv,2026-03-13 12:18:57,0.0
VCLB_20260402.csv,2026-03-13 12:21:57,0.0
VCLB_20260402.csv,2026-03-13 12:24:57,0.0
VCLB_20260402.csv,2026-03-13 12:27:57,0.0
VCLB_20260402.csv,2026-03-13 12:30:57,0.0
VCLB_20260402.csv,2026-03-13 12:33:57,0.0
VCLB_20260402.csv,2026-03-13 12:36:57,0.0
VCLB_20260402.csv,2026-03-13 12:39:57,0.0
VCLB_20260402.csv,2026-03-13 12:42:57,0.0
VCLB_20260402.csv,2026-03-13 12:45:57,0.0
VCLB_20260402.csv,2026-03-13 12:48:57,0.0
VCLB_20260402.csv,2026-03-13 12:51:57,0.0
VCLB_20260402.csv,2026-03-13 12:54:57,0.0
VCLB_20260402.csv,2026-03-13 12:57:57,0.0
VCLB_20260402.csv,2026-03-13 13:00:57,0.0
VCLB_20260402.csv,2026-03-13 13:03:57,0.0
VCLB_20260402.csv,2026-03-13 13:06:57,0.0
VCLB_20260402.csv,2026-03-13 13:09:57,0.0
VCLB_20260402.csv,2026-03-13 13:12:57,0.0
VCLB_20260402.csv,2026-03-13 13:15:57,0.0
VCLB_20260402.csv,2026-03-13 13:18:57,0.0
VCLB_20260402.csv,2026-03-13 13:21:57,0.0
VCLB_20260402.csv,2026-03-13 13:24:57,0.0
VCLB_20260402.csv,2026-03-13 13:27:57,0.0
VCLB_20260402.csv,2026-03-13 13:30:57,0.0
VCLB_20260402.csv,2026-03-13 13:33:57,0.0
VCLB_20260402.csv,2026-03-13 13:36:57,0.0
VCLB_20260402.csv,2026-03-13 13:39:57,0.0
VCLB_20260402.csv,2026-03-13 13:42:57,0.0
VCLB_20260402.csv,2026-03-13 13:45:57,0.0
VCLB_20260402.csv,2026-03-13 13:48:57,0.0
VCLB_20260402.csv,2026-03-13 13:51:57,0.0
VCLB_20260402.csv,2026-03-13 13:54:57,0.0
VCLB_20260402.csv,2026-03-13 13:57:57,0.0
VCLB_20260402.csv,2026-03-13 14:00:57,0.0
VCLB_20260402.csv,2026-03-13 14:03:57,0.0
VCLB_20260402.csv,2026-03-13 14:06:57,0.0
VCLB_20260402.csv,2026-03-13 14:09:57,0.0
VCLB_20260402.csv,2026-03-13 14:12:57,0.0
VCLB_20260402.csv,2026-03-13 14:15:57,0.0
VCLB_20260402.csv,2026-03-13 14:18:57,0.0
VCLB_20260402.csv,2026-03-13 14:21:57,0.0
VCLB_20260402.csv,2026-03-13 14:24:57,0.0
VCLB_20260402.csv,2026-03-13 14:27:57,0.0
VCLB_20260402.csv,2026-03-13 14:30:57,0.0
VCLB_20260402.csv,2026-03-13 14:33:57,0.0
VCLB_20260402.csv,2026-03-13 14:36:57,0.0
VCLB_20260402.csv,2026-03-13 14:39:57,0.0
VCLB_20260402.csv,2026-03-13 14:42:57,0.0
VCLB_20260402.csv,2026-03-13 14:45:57,0.0
VCLB_20260402.csv,2026-03-13 14:48:57,0.0
VCLB_20260402.csv,2026-03-13 14:51:57,0.0
VCLB_20260402.csv,2026-03-13 14:54:57,0.0
VCLB_20260402.csv,2026-03-13 14:57:57,0.0
VCLB_20260402.csv,2026-03-13 15:00:57,0.0
VCLB_20260402.csv,2026-03-13 15:03:57,0.0
VCLB_20260402.csv,2026-03-13 15:06:57,0.0
VCLB_20260402.csv,2026-03-13 15:09:57,0.0
VCLB_20260402.csv,2026-03-13 15:12:57,0.0
VCLB_20260402.csv,2026-03-13 15:15:57,0.0
VCLB_20260402.csv,2026-03-13 15:18:57,0.0
VCLB_20260402.csv,2026-03-13 15:21:57,0.0
VCLB_20260402.csv,2026-03-13 15:24:57,0.0
VCLB_20260402.csv,2026-03-13 15:27:57,0.0
VCLB_20260402.csv,2026-03-13 15:30:57,0.0
VCLB_20260402.csv,2026-03-13 15:33:57,0.0
VCLB_20260402.csv,2026-03-13 15:36:57,0.0
VCLB_20260402.csv,2026-03-13 15:39:57,0.0
VCLB_20260402.csv,2026-03-13 15:42:57,0.0
VCLB_20260402.csv,2026-03-13 15:45:57,0.0
VCLB_20260402.csv,2026-03-13 15:48:57,0.0
VCLB_20260402.csv,2026-03-13 15:51:57,0.0
VCLB_20260402.csv,2026-03-13 15:54:57,0.0
VCLB_20260402.csv,2026-03-13 15:57:57,0.0
VCLB_20260402.csv,2026-03-13 16:00:57,0.0
VCLB_20260402.csv,2026-03-13 16:03:57,0.0
VCLB_20260402.csv,2026-03-13 16:06:57,0.0
VCLB_20260402.csv,2026-03-13 16:09:57,0.0
VCLB_20260402.csv,2026-03-13 16:12:57,0.0
VCLB_20260402.csv,2026-03-13 16:15:57,0.0
VCLB_20260402.csv,2026-03-13 16:18:57,0.0
VCLB_20260402.csv,2026-03-13 16:21:57,0.0
VCLB_20260402.csv,2026-03-13 16:24:57,0.0
VCLB_20260402.csv,2026-03-13 16:27:57,0.0
VCLB_20260402.csv,2026-03-13 16:30:57,0.0
VCLB_20260402.csv,2026-03-13 16:33:57,0.0
VCLB_20260402.csv,2026-03-13 16:36:57,0.0
VCLB_20260402.csv,2026-03-13 16:39:57,0.0
VCLB_20260402.csv,2026-03-13 16:42:57,0.0
VCLB_20260402.csv,2026-03-13 16:45:57,0.0
VCLB_20260402.csv,2026-03-13 16:48:57,0.0
VCLB_20260402.csv,2026-03-13 16:51:57,0.0
VCLB_20260402.csv,2026-03-13 16:54:57,0.0
VCLB_20260402.csv,2026-03-13 16:57:57,0.0
VCLB_20260402.csv,2026-03-13 17:00:57,0.0
VCLB_20260402.csv,2026-03-13 17:03:57,0.0
VCLB_20260402.csv,2026-03-13 17:06:57,0.0
VCLB_20260402.csv,2026-03-13 17:09:57,0.0
VCLB_20260402.csv,2026-03-13 17:12:57,0.0
VCLB_20260402.csv,2026-03-13 17:15:57,0.0
VCLB_20260402.csv,2026-03-13 17:18:57,0.0
VCLB_20260402.csv,2026-03-13 17:21:57,0.0
VCLB_20260402.csv,2026-03-13 17:24:57,0.0
VCLB_20260402.csv,2026-03-13 17:27:57,0.0
VCLB_20260402.csv,2026-03-13 17:30:57,0.0
VCLB_20260402.csv,2026-03-13 17:33:57,0.0
VCLB_20260402.csv,2026-03-13 17:36:57,0.0
VCLB_20260402.csv,2026-03-13 17:39:57,0.0
VCLB_20260402.csv,2026-03-13 17:43:19,0.0
VCLB_20260402.csv,2026-03-13 17:45:57,0.0
VCLB_20260402.csv,2026-03-13 17:48:57,0.0
VCLB_20260402.csv,2026-03-13 17:51:57,0.0
VCLB_20260402.csv,2026-03-13 17:57:57,0.0
VCLB_20260402.csv,2026-03-13 18:00:57,0.0
VCLB_20260402.csv,2026-03-13 18:03:56,0.0
VCLB_20260402.csv,2026-03-13 18:06:57,0.0
VCLB_20260402.csv,2026-03-13 18:09:56,0.0
VCLB_20260402.csv,2026-03-13 18:12:57,0.0
VCLB_20260402.csv,2026-03-13 18:15:57,0.0
VCLB_20260402.csv,2026-03-13 18:18:57,0.0
VCLB_20260402.csv,2026-03-13 18:21:56,0.0
VCLB_20260402.csv,2026-03-13 18:24:56,0.0
VCLB_20260402.csv,2026-03-13 18:27:56,0.0
VCLB_20260402.csv,2026-03-13 18:30:56,0.0
VCLB_20260402.csv,2026-03-13 18:33:57,0.0
VCLB_20260402.csv,2026-03-13 18:36:56,0.0
VCLB_20260402.csv,2026-03-13 18:39:56,0.0
VCLB_20260402.csv,2026-03-13 18:42:56,0.0
VCLB_20260402.csv,2026-03-13 18:45:56,0.0
VCLB_20260402.csv,2026-03-13 18:48:56,0.0
VCLB_20260402.csv,2026-03-13 18:51:57,0.0
VCLB_20260402.csv,2026-03-13 18:54:56,0.0
VCLB_20260402.csv,2026-03-13 18:57:56,0.0
VCLB_20260402.csv,2026-03-13 19:00:56,0.0
VCLB_20260402.csv,2026-03-13 19:03:56,0.0
VCLB_20260402.csv,2026-03-13 19:06:56,0.0
VCLB_20260402.csv,2026-03-13 19:09:56,0.0
VCLB_20260402.csv,2026-03-13 19:12:56,0.0
VCLB_20260402.csv,2026-03-13 19:15:56,0.0
VCLB_20260402.csv,2026-03-13 19:18:56,0.0
VCLB_20260402.csv,2026-03-13 19:21:56,0.0
VCLB_20260402.csv,2026-03-13 19:24:56,0.0
VCLB_20260402.csv,2026-03-13 19:27:56,0.0
VCLB_20260402.csv,2026-03-13 19:30:56,0.0
VCLB_20260402.csv,2026-03-13 19:33:56,0.0
VCLB_20260402.csv,2026-03-13 19:36:56,0.0
VCLB_20260402.csv,2026-03-13 19:39:56,0.0
VCLB_20260402.csv,2026-03-13 19:42:56,0.0
VCLB_20260402.csv,2026-03-13 19:45:56,0.0
VCLB_20260402.csv,2026-03-13 19:48:56,0.0
VCLB_20260402.csv,2026-03-13 19:51:56,0.0
VCLB_20260402.csv,2026-03-13 19:54:56,0.0
VCLB_20260402.csv,2026-03-13 19:57:56,0.0
VCLB_20260402.csv,2026-03-13 20:00:56,0.0
VCLB_20260402.csv,2026-03-13 20:03:56,0.0
VCLB_20260402.csv,2026-03-13 20:06:56,0.0
VCLB_20260402.csv,2026-03-13 20:09:56,0.0
VCLB_20260402.csv,2026-03-13 20:12:56,0.0
VCLB_20260402.csv,2026-03-13 20:15:56,0.0
VCLB_20260402.csv,2026-03-13 20:18:56,0.0
VCLB_20260402.csv,2026-03-13 20:21:56,0.0
VCLB_20260402.csv,2026-03-13 20:24:56,0.0
VCLB_20260402.csv,2026-03-13 20:27:56,0.0
VCLB_20260402.csv,2026-03-13 20:30:56,0.0
VCLB_20260402.csv,2026-03-13 20:33:56,0.0
VCLB_20260402.csv,2026-03-13 20:36:56,0.0
VCLB_20260402.csv,2026-03-13 20:39:56,0.0
VCLB_20260402.csv,2026-03-13 20:42:57,0.0
VCLB_20260402.csv,2026-03-13 20:45:56,0.0
VCLB_20260402.csv,2026-03-13 20:48:56,0.0
VCLB_20260402.csv,2026-03-13 20:51:56,0.0
VCLB_20260402.csv,2026-03-13 20:54:56,0.0
VCLB_20260402.csv,2026-03-13 20:57:57,0.0
VCLB_20260402.csv,2026-03-13 21:00:56,0.0
VCLB_20260402.csv,2026-03-13 21:03:56,0.0
VCLB_20260402.csv,2026-03-13 21:06:56,0.0
VCLB_20260402.csv,2026-03-13 21:09:56,0.0
VCLB_20260402.csv,2026-03-13 21:12:56,0.0
VCLB_20260402.csv,2026-03-13 21:15:56,0.0
VCLB_20260402.csv,2026-03-13 21:18:56,0.0
VCLB_20260402.csv,2026-03-13 21:21:56,0.0
VCLB_20260402.csv,2026-03-13 21:24:56,0.0
VCLB_20260402.csv,2026-03-13 21:27:56,0.0
VCLB_20260402.csv,2026-03-13 21:30:56,0.0
VCLB_20260402.csv,2026-03-13 21:33:56,0.0
VCLB_20260402.csv,2026-03-13 21:36:56,0.0
VCLB_20260402.csv,2026-03-13 21:39:56,0.0
VCLB_20260402.csv,2026-03-13 21:42:57,0.0
VCLB_20260402.csv,2026-03-13 21:45:56,0.0
VCLB_20260402.csv,2026-03-13 21:48:56,0.0
VCLB_20260402.csv,2026-03-13 21:51:56,0.0
VCLB_20260402.csv,2026-03-13 21:54:56,0.0
VCLB_20260402.csv,2026-03-13 21:57:56,0.0
VCLB_20260402.csv,2026-03-13 22:00:56,0.0
VCLB_20260402.csv,2026-03-13 22:03:56,0.0
VCLB_20260402.csv,2026-03-13 22:06:56,0.0
VCLB_20260402.csv,2026-03-13 22:09:56,0.0
VCLB_20260402.csv,2026-03-13 22:12:56,0.0
VCLB_20260402.csv,2026-03-13 22:15:56,0.0
VCLB_20260402.csv,2026-03-13 22:18:56,0.0
VCLB_20260402.csv,2026-03-13 22:21:56,0.0
VCLB_20260402.csv,2026-03-13 22:24:56,0.0
VCLB_20260402.csv,2026-03-13 22:27:56,0.0
VCLB_20260402.csv,2026-03-13 22:30:56,0.0
VCLB_20260402.csv,2026-03-13 22:33:56,0.0
VCLB_20260402.csv,2026-03-13 22:36:56,0.0
VCLB_20260402.csv,2026-03-13 22:39:56,0.0
VCLB_20260402.csv,2026-03-13 22:42:56,0.0
VCLB_20260402.csv,2026-03-13 22:45:56,0.0
VCLB_20260402.csv,2026-03-13 22:48:56,0.0
VCLB_20260402.csv,2026-03-13 22:51:56,0.0
VCLB_20260402.csv,2026-03-13 22:54:56,0.0
VCLB_20260402.csv,2026-03-13 22:57:56,0.0
VCLB_20260402.csv,2026-03-13 23:00:56,0.0
VCLB_20260402.csv,2026-03-13 23:03:56,0.0
VCLB_20260402.csv,2026-03-13 23:06:56,0.0
VCLB_20260402.csv,2026-03-13 23:09:56,0.0
VCLB_20260402.csv,2026-03-13 23:12:56,0.0
VCLB_20260402.csv,2026-03-13 23:15:56,0.0
VCLB_20260402.csv,2026-03-13 23:18:56,0.0
VCLB_20260402.csv,2026-03-13 23:21:56,0.0
VCLB_20260402.csv,2026-03-13 23:24:56,0.0
VCLB_20260402.csv,2026-03-13 23:27:56,0.0
VCLB_20260402.csv,2026-03-13 23:33:56,0.0
VCLB_20260402.csv,2026-03-13 23:36:56,0.0
VCLB_20260402.csv,2026-03-13 23:39:56,0.0
VCLB_20260402.csv,2026-03-13 23:42:56,0.0
VCLB_20260402.csv,2026-03-13 23:45:56,0.0
VCLB_20260402.csv,2026-03-13 23:48:56,0.0
VCLB_20260402.csv,2026-03-13 23:51:56,0.0
VCLB_20260402.csv,2026-03-13 23:54:56,0.0
VCLB_20260402.csv,2026-03-13 23:57:56,0.0
VCLB_20260402.csv,2026-03-14 00:00:56,0.0
VCLB_20260402.csv,2026-03-14 00:03:56,0.0
VCLB_20260402.csv,2026-03-14 00:06:56,0.0
VCLB_20260402.csv,2026-03-14 00:09:56,0.0
VCLB_20260402.csv,2026-03-14 00:12:56,0.0
VCLB_20260402.csv,2026-03-14 00:15:56,0.0
VCLB_20260402.csv,2026-03-14 00:18:56,0.0
VCLB_20260402.csv,2026-03-14 00:21:56,0.0
VCLB_20260402.csv,2026-03-14 00:24:56,0.0
VCLB_20260402.csv,2026-03-14 00:27:56,0.0
VCLB_20260402.csv,2026-03-14 00:30:56,0.0
VCLB_20260402.csv,2026-03-14 00:33:56,0.0
VCLB_20260402.csv,2026-03-14 00:36:56,0.0
VCLB_20260402.csv,2026-03-14 00:39:56,0.0
VCLB_20260402.csv,2026-03-14 00:42:56,0.0
VCLB_20260402.csv,2026-03-14 00:45:56,0.0
VCLB_20260402.csv,2026-03-14 00:48:56,0.0
VCLB_20260402.csv,2026-03-14 00:51:56,0.0
VCLB_20260402.csv,2026-03-14 00:54:56,0.0
VCLB_20260402.csv,2026-03-14 00:57:56,0.0
VCLB_20260402.csv,2026-03-14 01:00:56,0.0
VCLB_20260402.csv,2026-03-14 01:03:56,0.0
VCLB_20260402.csv,2026-03-14 01:06:56,0.01
VCLB_20260402.csv,2026-03-14 01:09:56,0.0
VCLB_20260402.csv,2026-03-14 01:12:56,0.0
VCLB_20260402.csv,2026-03-14 01:15:56,0.0
VCLB_20260402.csv,2026-03-14 01:18:56,0.0
VCLB_20260402.csv,2026-03-14 01:21:56,0.0
VCLB_20260402.csv,2026-03-14 01:24:56,0.0
VCLB_20260402.csv,2026-03-14 01:27:56,0.0
VCLB_20260402.csv,2026-03-14 01:30:56,0.0
VCLB_20260402.csv,2026-03-14 01:33:56,0.0
VCLB_20260402.csv,2026-03-14 01:36:56,0.0
VCLB_20260402.csv,2026-03-14 01:39:56,0.0
VCLB_20260402.csv,2026-03-14 01:42:56,0.0
VCLB_20260402.csv,2026-03-14 01:45:56,0.0
VCLB_20260402.csv,2026-03-14 01:48:56,0.0
VCLB_20260402.csv,2026-03-14 01:51:57,0.0
VCLB_20260402.csv,2026-03-14 01:54:56,0.0
VCLB_20260402.csv,2026-03-14 01:57:56,0.01
VCLB_20260402.csv,2026-03-14 02:00:56,0.0
VCLB_20260402.csv,2026-03-14 02:03:56,0.0
VCLB_20260402.csv,2026-03-14 02:06:56,0.01
VCLB_20260402.csv,2026-03-14 02:09:56,0.0
VCLB_20260402.csv,2026-03-14 02:12:56,0.0
VCLB_20260402.csv,2026-03-14 02:15:56,0.01
VCLB_20260402.csv,2026-03-14 02:18:56,0.0
VCLB_20260402.csv,2026-03-14 02:21:56,0.0
VCLB_20260402.csv,2026-03-14 02:24:56,0.0
VCLB_20260402.csv,2026-03-14 02:27:56,0.0
VCLB_20260402.csv,2026-03-14 02:30:56,0.0
VCLB_20260402.csv,2026-03-14 02:33:56,0.0
VCLB_20260402.csv,2026-03-14 02:36:56,0.01
VCLB_20260402.csv,2026-03-14 02:42:56,0.01
VCLB_20260402.csv,2026-03-14 02:45:56,0.01
VCLB_20260402.csv,2026-03-14 02:48:56,0.0
VCLB_20260402.csv,2026-03-14 02:51:56,0.0
VCLB_20260402.csv,2026-03-14 02:54:56,0.0
VCLB_20260402.csv,2026-03-14 02:57:56,0.0
VCLB_20260402.csv,2026-03-14 03:00:56,0.01
VCLB_20260402.csv,2026-03-14 03:03:56,0.01
VCLB_20260402.csv,2026-03-14 03:06:56,0.0
VCLB_20260402.csv,2026-03-14 03:09:56,0.0
VCLB_20260402.csv,2026-03-14 03:12:56,0.0
VCLB_20260402.csv,2026-03-14 03:15:56,0.0
VCLB_20260402.csv,2026-03-14 03:18:56,0.0
VCLB_20260402.csv,2026-03-14 03:21:56,0.0
VCLB_20260402.csv,2026-03-14 03:24:56,0.0
VCLB_20260402.csv,2026-03-14 03:27:56,0.0
VCLB_20260402.csv,2026-03-14 03:30:56,0.0
VCLB_20260402.csv,2026-03-14 03:33:56,0.0
VCLB_20260402.csv,2026-03-14 03:36:56,0.0
VCLB_20260402.csv,2026-03-14 03:39:56,0.0
VCLB_20260402.csv,2026-03-14 03:42:56,0.0
VCLB_20260402.csv,2026-03-14 03:45:56,0.0
VCLB_20260402.csv,2026-03-14 03:48:56,0.0
VCLB_20260402.csv,2026-03-14 03:51:56,0.0
VCLB_20260402.csv,2026-03-14 03:54:56,0.0
VCLB_20260402.csv,2026-03-14 03:57:56,0.0
VCLB_20260402.csv,2026-03-14 04:00:56,0.0
VCLB_20260402.csv,2026-03-14 04:03:56,0.0
VCLB_20260402.csv,2026-03-14 04:06:56,0.0
VCLB_20260402.csv,2026-03-14 04:09:56,0.0
VCLB_20260402.csv,2026-03-14 04:12:56,0.0
VCLB_20260402.csv,2026-03-14 04:15:56,0.0
VCLB_20260402.csv,2026-03-14 04:18:56,0.0
VCLB_20260402.csv,2026-03-14 04:21:56,0.01
VCLB_20260402.csv,2026-03-14 04:24:56,0.01
VCLB_20260402.csv,2026-03-14 04:27:56,0.0
VCLB_20260402.csv,2026-03-14 04:30:56,0.0
VCLB_20260402.csv,2026-03-14 04:33:56,0.01
VCLB_20260402.csv,2026-03-14 04:36:56,0.0
VCLB_20260402.csv,2026-03-14 04:39:56,0.0
VCLB_20260402.csv,2026-03-14 04:42:56,0.0
VCLB_20260402.csv,2026-03-14 04:45:56,0.01
VCLB_20260402.csv,2026-03-14 04:48:56,0.01
VCLB_20260402.csv,2026-03-14 04:51:56,0.0
VCLB_20260402.csv,2026-03-14 04:54:56,0.0
VCLB_20260402.csv,2026-03-14 04:57:56,0.0
VCLB_20260402.csv,2026-03-14 05:00:56,0.0
VCLB_20260402.csv,2026-03-14 05:03:56,0.0
VCLB_20260402.csv,2026-03-14 05:06:56,0.01
VCLB_20260402.csv,2026-03-14 05:09:56,0.01
VCLB_20260402.csv,2026-03-14 05:12:56,0.0
VCLB_20260402.csv,2026-03-14 05:15:56,0.0
VCLB_20260402.csv,2026-03-14 05:18:56,0.01
VCLB_20260402.csv,2026-03-14 05:21:56,0.0
VCLB_20260402.csv,2026-03-14 05:24:56,0.02
VCLB_20260402.csv,2026-03-14 05:27:56,0.01
VCLB_20260402.csv,2026-03-14 05:30:56,0.02
VCLB_20260402.csv,2026-03-14 05:33:56,0.0
VCLB_20260402.csv,2026-03-14 05:36:56,0.0
VCLB_20260402.csv,2026-03-14 05:39:56,0.0
VCLB_20260402.csv,2026-03-14 05:42:56,0.0
VCLB_20260402.csv,2026-03-14 05:45:56,0.01
VCLB_20260402.csv,2026-03-14 05:48:56,0.0
VCLB_20260402.csv,2026-03-14 05:51:56,0.0
VCLB_20260402.csv,2026-03-14 05:54:56,0.0
VCLB_20260402.csv,2026-03-14 05:57:56,0.0
VCLB_20260402.csv,2026-03-14 06:00:56,0.0
VCLB_20260402.csv,2026-03-14 06:03:56,0.0
VCLB_20260402.csv,2026-03-14 06:06:56,0.0
VCLB_20260402.csv,2026-03-14 06:09:56,0.0
VCLB_20260402.csv,2026-03-14 06:12:56,0.0
VCLB_20260402.csv,2026-03-14 06:15:56,0.0
VCLB_20260402.csv,2026-03-14 06:18:56,0.0
VCLB_20260402.csv,2026-03-14 06:21:56,0.0
VCLB_20260402.csv,2026-03-14 06:24:56,0.0
VCLB_20260402.csv,2026-03-14 06:27:56,0.0
VCLB_20260402.csv,2026-03-14 06:30:56,0.0
VCLB_20260402.csv,2026-03-14 06:33:56,0.0
VCLB_20260402.csv,2026-03-14 06:36:56,0.0
VCLB_20260402.csv,2026-03-14 06:39:56,0.0
VCLB_20260402.csv,2026-03-14 06:42:56,0.0
VCLB_20260402.csv,2026-03-14 06:45:56,0.0
VCLB_20260402.csv,2026-03-14 06:48:56,0.0
VCLB_20260402.csv,2026-03-14 06:51:56,0.0
VCLB_20260402.csv,2026-03-14 06:54:56,0.0
VCLB_20260402.csv,2026-03-14 06:57:56,0.0
VCLB_20260402.csv,2026-03-14 07:00:56,0.0
VCLB_20260402.csv,2026-03-14 07:03:56,0.0
VCLB_20260402.csv,2026-03-14 07:06:56,0.0
VCLB_20260402.csv,2026-03-14 07:09:56,0.0
VCLB_20260402.csv,2026-03-14 07:12:56,0.0
VCLB_20260402.csv,2026-03-14 07:15:56,0.0
VCLB_20260402.csv,2026-03-14 07:18:56,0.0
VCLB_20260402.csv,2026-03-14 07:21:56,0.0
VCLB_20260402.csv,2026-03-14 07:24:56,0.0
VCLB_20260402.csv,2026-03-14 07:27:56,0.0
VCLB_20260402.csv,2026-03-14 07:30:56,0.0
VCLB_20260402.csv,2026-03-14 07:33:56,0.0
VCLB_20260402.csv,2026-03-14 07:36:56,0.0
VCLB_20260402.csv,2026-03-14 07:39:56,0.0
VCLB_20260402.csv,2026-03-14 07:42:56,0.0
VCLB_20260402.csv,2026-03-14 07:45:56,0.0
VCLB_20260402.csv,2026-03-14 07:48:56,0.0
VCLB_20260402.csv,2026-03-14 07:51:56,0.0
VCLB_20260402.csv,2026-03-14 07:54:56,0.0
VCLB_20260402.csv,2026-03-14 07:57:56,0.0
VCLB_20260402.csv,2026-03-14 08:00:56,0.0
VCLB_20260402.csv,2026-03-14 08:03:56,0.0
VCLB_20260402.csv,2026-03-14 08:06:56,0.0
VCLB_20260402.csv,2026-03-14 08:09:56,0.0
VCLB_20260402.csv,2026-03-14 08:12:56,0.0
VCLB_20260402.csv,2026-03-14 08:15:56,0.0
VCLB_20260402.csv,2026-03-14 08:18:56,0.0
VCLB_20260402.csv,2026-03-14 08:21:56,0.0
VCLB_20260402.csv,2026-03-14 08:24:56,0.0
VCLB_20260402.csv,2026-03-14 08:27:56,0.0
VCLB_20260402.csv,2026-03-14 08:30:56,0.0
VCLB_20260402.csv,2026-03-14 08:33:56,0.0
VCLB_20260402.csv,2026-03-14 08:36:56,0.0
VCLB_20260402.csv,2026-03-14 08:39:56,0.0
VCLB_20260402.csv,2026-03-14 08:42:56,0.0
VCLB_20260402.csv,2026-03-14 08:45:56,0.0
VCLB_20260402.csv,2026-03-14 08:48:56,0.0
VCLB_20260402.csv,2026-03-14 08:51:56,0.0
VCLB_20260402.csv,2026-03-14 08:54:56,0.0
VCLB_20260402.csv,2026-03-14 08:57:56,0.0
VCLB_20260402.csv,2026-03-14 09:00:56,0.0
VCLB_20260402.csv,2026-03-14 09:03:56,0.0
VCLB_20260402.csv,2026-03-14 09:06:56,0.0
VCLB_20260402.csv,2026-03-14 09:09:56,0.0
VCLB_20260402.csv,2026-03-14 09:12:56,0.0
VCLB_20260402.csv,2026-03-14 09:15:56,0.0
VCLB_20260402.csv,2026-03-14 09:18:56,0.0
VCLB_20260402.csv,2026-03-14 09:21:56,0.0
VCLB_20260402.csv,2026-03-14 09:24:56,0.0
VCLB_20260402.csv,2026-03-14 09:27:56,0.0
VCLB_20260402.csv,2026-03-14 09:30:56,0.0
VCLB_20260402.csv,2026-03-14 09:33:56,0.0
VCLB_20260402.csv,2026-03-14 09:36:56,0.0
VCLB_20260402.csv,2026-03-14 09:39:56,0.0
VCLB_20260402.csv,2026-03-14 09:42:56,0.0
VCLB_20260402.csv,2026-03-14 09:45:56,0.0
VCLB_20260402.csv,2026-03-14 09:48:56,0.0
VCLB_20260402.csv,2026-03-14 09:51:56,0.0
VCLB_20260402.csv,2026-03-14 09:54:56,0.0
VCLB_20260402.csv,2026-03-14 09:57:56,0.0
VCLB_20260402.csv,2026-03-14 10:00:56,0.0
VCLB_20260402.csv,2026-03-14 10:03:56,0.0
VCLB_20260402.csv,2026-03-14 10:06:56,0.0
VCLB_20260402.csv,2026-03-14 10:09:56,0.0
VCLB_20260402.csv,2026-03-14 10:12:56,0.0
VCLB_20260402.csv,2026-03-14 10:15:56,0.0
VCLB_20260402.csv,2026-03-14 10:18:56,0.0
VCLB_20260402.csv,2026-03-14 10:21:56,0.0
VCLB_20260402.csv,2026-03-14 10:24:56,0.0
VCLB_20260402.csv,2026-03-14 10:27:56,0.0
VCLB_20260402.csv,2026-03-14 10:33:56,0.0
VCLB_20260402.csv,2026-03-14 10:36:56,0.0
VCLB_20260402.csv,2026-03-14 10:42:56,0.0
VCLB_20260402.csv,2026-03-14 10:45:56,0.0
VCLB_20260402.csv,2026-03-14 10:48:56,0.0
VCLB_20260402.csv,2026-03-14 10:54:56,0.0
VCLB_20260402.csv,2026-03-14 10:57:56,0.0
VCLB_20260402.csv,2026-03-14 11:00:56,0.0
VCLB_20260402.csv,2026-03-14 11:03:56,0.0
VCLB_20260402.csv,2026-03-14 11:06:56,0.0
VCLB_20260402.csv,2026-03-14 11:09:56,0.0
VCLB_20260402.csv,2026-03-14 11:12:56,0.0
VCLB_20260402.csv,2026-03-14 11:15:56,0.0
VCLB_20260402.csv,2026-03-14 11:18:56,0.0
VCLB_20260402.csv,2026-03-14 11:21:56,0.0
VCLB_20260402.csv,2026-03-14 11:24:56,0.0
VCLB_20260402.csv,2026-03-14 11:27:56,0.0
VCLB_20260402.csv,2026-03-14 11:30:56,0.0
VCLB_20260402.csv,2026-03-14 11:33:56,0.0
VCLB_20260402.csv,2026-03-14 11:36:56,0.0
VCLB_20260402.csv,2026-03-14 11:42:56,0.0
VCLB_20260402.csv,2026-03-14 11:45:56,0.0
VCLB_20260402.csv,2026-03-14 11:48:56,0.0
VCLB_20260402.csv,2026-03-14 11:51:56,0.0
VCLB_20260402.csv,2026-03-14 11:57:56,0.0
VCLB_20260402.csv,2026-03-14 12:00:56,0.0
VCLB_20260402.csv,2026-03-14 12:03:56,0.0
VCLB_20260402.csv,2026-03-14 12:06:56,0.0
VCLB_20260402.csv,2026-03-14 12:09:56,0.0
VCLB_20260402.csv,2026-03-14 12:12:56,0.0
VCLB_20260402.csv,2026-03-14 12:15:56,0.0
VCLB_20260402.csv,2026-03-14 12:18:56,0.0
VCLB_20260402.csv,2026-03-14 12:21:56,0.0
VCLB_20260402.csv,2026-03-14 12:24:56,0.0
VCLB_20260402.csv,2026-03-14 12:27:56,0.0
VCLB_20260402.csv,2026-03-14 12:30:56,0.0
VCLB_20260402.csv,2026-03-14 12:36:56,0.0
VCLB_20260402.csv,2026-03-14 12:39:56,0.0
VCLB_20260402.csv,2026-03-14 12:42:56,0.0
VCLB_20260402.csv,2026-03-14 12:45:56,0.0
VCLB_20260402.csv,2026-03-14 12:51:56,0.0
VCLB_20260402.csv,2026-03-14 12:54:56,0.0
VCLB_20260402.csv,2026-03-14 12:57:56,0.0
VCLB_20260402.csv,2026-03-14 13:00:56,0.0
VCLB_20260402.csv,2026-03-14 13:03:56,0.0
VCLB_20260402.csv,2026-03-14 13:06:56,0.0
VCLB_20260402.csv,2026-03-14 13:09:56,0.0
VCLB_20260402.csv,2026-03-14 13:12:56,0.0
VCLB_20260402.csv,2026-03-14 13:15:56,0.0
VCLB_20260402.csv,2026-03-14 13:18:56,0.0
VCLB_20260402.csv,2026-03-14 13:21:56,0.0
VCLB_20260402.csv,2026-03-14 13:27:56,0.0
VCLB_20260402.csv,2026-03-14 13:33:56,0.0
VCLB_20260402.csv,2026-03-14 13:36:56,0.0
VCLB_20260402.csv,2026-03-14 13:39:56,0.0
VCLB_20260402.csv,2026-03-14 13:42:56,0.0
VCLB_20260402.csv,2026-03-14 13:45:56,0.0
VCLB_20260402.csv,2026-03-14 13:48:56,0.0
VCLB_20260402.csv,2026-03-14 13:51:56,0.0
VCLB_20260402.csv,2026-03-14 13:54:56,0.0
VCLB_20260402.csv,2026-03-14 13:57:56,0.0
VCLB_20260402.csv,2026-03-14 14:00:56,0.0
VCLB_20260402.csv,2026-03-14 14:03:56,0.0
VCLB_20260402.csv,2026-03-14 14:06:56,0.0
VCLB_20260402.csv,2026-03-14 14:09:56,0.0
VCLB_20260402.csv,2026-03-14 14:21:56,0.0
VCLB_20260402.csv,2026-03-14 14:24:56,0.0
VCLB_20260402.csv,2026-03-14 14:27:56,0.0
VCLB_20260402.csv,2026-03-14 14:30:56,0.0
VCLB_20260402.csv,2026-03-14 14:33:56,0.0
VCLB_20260402.csv,2026-03-14 14:36:56,0.0
VCLB_20260402.csv,2026-03-14 14:39:56,0.0
VCLB_20260402.csv,2026-03-14 14:42:56,0.0
VCLB_20260402.csv,2026-03-14 14:45:56,0.0
VCLB_20260402.csv,2026-03-14 14:48:56,0.0
VCLB_20260402.csv,2026-03-14 14:51:56,0.0
VCLB_20260402.csv,2026-03-14 14:54:56,0.0
VCLB_20260402.csv,2026-03-14 14:57:56,0.0
VCLB_20260402.csv,2026-03-14 15:00:56,0.0
VCLB_20260402.csv,2026-03-14 15:03:56,0.0
VCLB_20260402.csv,2026-03-14 15:09:56,0.0
VCLB_20260402.csv,2026-03-14 15:12:56,0.0
VCLB_20260402.csv,2026-03-14 15:15:56,0.0
VCLB_20260402.csv,2026-03-14 15:18:56,0.0
VCLB_20260402.csv,2026-03-14 15:21:56,0.0
VCLB_20260402.csv,2026-03-14 15:24:56,0.0
VCLB_20260402.csv,2026-03-14 15:27:56,0.0
VCLB_20260402.csv,2026-03-14 15:30:56,0.0
VCLB_20260402.csv,2026-03-14 15:33:56,0.0
VCLB_20260402.csv,2026-03-14 15:36:56,0.0
VCLB_20260402.csv,2026-03-14 15:39:56,0.0
VCLB_20260402.csv,2026-03-14 15:42:56,0.0
VCLB_20260402.csv,2026-03-14 15:45:56,0.0
VCLB_20260402.csv,2026-03-14 15:48:56,0.0
VCLB_20260402.csv,2026-03-14 15:51:56,0.0
VCLB_20260402.csv,2026-03-14 15:54:56,0.0
VCLB_20260402.csv,2026-03-14 15:57:56,0.0
VCLB_20260402.csv,2026-03-14 16:00:56,0.0
VCLB_20260402.csv,2026-03-14 16:03:56,0.0
VCLB_20260402.csv,2026-03-14 16:06:56,0.0
VCLB_20260402.csv,2026-03-14 16:09:56,0.0
VCLB_20260402.csv,2026-03-14 16:12:56,0.0
VCLB_20260402.csv,2026-03-14 16:15:56,0.0
VCLB_20260402.csv,2026-03-14 16:18:56,0.0
VCLB_20260402.csv,2026-03-14 16:21:56,0.0
VCLB_20260402.csv,2026-03-14 16:24:56,0.0
VCLB_20260402.csv,2026-03-14 16:27:56,0.0
VCLB_20260402.csv,2026-03-14 16:30:56,0.0
VCLB_20260402.csv,2026-03-14 16:33:56,0.0
VCLB_20260402.csv,2026-03-14 16:36:56,0.0
VCLB_20260402.csv,2026-03-14 16:39:56,0.0
VCLB_20260402.csv,2026-03-14 16:42:56,0.0
VCLB_20260402.csv,2026-03-14 16:45:56,0.0
VCLB_20260402.csv,2026-03-14 16:48:56,0.0
VCLB_20260402.csv,2026-03-14 16:57:56,0.0
VCLB_20260402.csv,2026-03-14 17:00:56,0.0
VCLB_20260402.csv,2026-03-14 17:03:56,0.0
VCLB_20260402.csv,2026-03-14 17:06:56,0.0
VCLB_20260402.csv,2026-03-14 17:09:55,0.0
VCLB_20260402.csv,2026-03-14 17:15:56,0.0
VCLB_20260402.csv,2026-03-14 17:18:56,0.0
VCLB_20260402.csv,2026-03-14 17:21:56,0.0
VCLB_20260402.csv,2026-03-14 17:24:56,0.0
VCLB_20260402.csv,2026-03-14 17:27:55,0.0
VCLB_20260402.csv,2026-03-14 17:30:56,0.0
VCLB_20260402.csv,2026-03-14 17:33:56,0.0
VCLB_20260402.csv,2026-03-14 17:36:56,0.0
VCLB_20260402.csv,2026-03-14 17:39:55,0.0
VCLB_20260402.csv,2026-03-14 17:42:55,0.0
VCLB_20260402.csv,2026-03-14 17:45:55,0.0
VCLB_20260402.csv,2026-03-14 17:51:55,0.0
VCLB_20260402.csv,2026-03-14 17:57:55,0.0
VCLB_20260402.csv,2026-03-14 18:00:55,0.0
VCLB_20260402.csv,2026-03-14 18:03:55,0.0
VCLB_20260402.csv,2026-03-14 18:06:55,0.0
VCLB_20260402.csv,2026-03-14 18:09:55,0.0
VCLB_20260402.csv,2026-03-14 18:15:56,0.0
VCLB_20260402.csv,2026-03-14 18:18:55,0.0
VCLB_20260402.csv,2026-03-14 18:21:55,0.0
VCLB_20260402.csv,2026-03-14 18:24:55,0.0
VCLB_20260402.csv,2026-03-14 18:27:55,0.0
VCLB_20260402.csv,2026-03-14 18:30:56,0.0
VCLB_20260402.csv,2026-03-14 18:33:55,0.0
VCLB_20260402.csv,2026-03-14 18:36:55,0.0
VCLB_20260402.csv,2026-03-14 18:39:55,0.0
VCLB_20260402.csv,2026-03-14 18:42:55,0.0
VCLB_20260402.csv,2026-03-14 18:45:56,0.0
VCLB_20260402.csv,2026-03-14 18:48:55,0.0
VCLB_20260402.csv,2026-03-14 18:51:55,0.0
VCLB_20260402.csv,2026-03-14 18:54:55,0.0
VCLB_20260402.csv,2026-03-14 18:57:55,0.0
VCLB_20260402.csv,2026-03-14 19:00:56,0.0
VCLB_20260402.csv,2026-03-14 19:03:55,0.0
VCLB_20260402.csv,2026-03-14 19:06:55,0.0
VCLB_20260402.csv,2026-03-14 19:12:55,0.0
VCLB_20260402.csv,2026-03-14 19:15:56,0.0
VCLB_20260402.csv,2026-03-14 19:18:55,0.0
VCLB_20260402.csv,2026-03-14 19:21:55,0.0
VCLB_20260402.csv,2026-03-14 19:24:55,0.0
VCLB_20260402.csv,2026-03-14 19:27:55,0.0
VCLB_20260402.csv,2026-03-14 19:30:55,0.0
VCLB_20260402.csv,2026-03-14 19:33:55,0.0
VCLB_20260402.csv,2026-03-14 19:36:55,0.0
VCLB_20260402.csv,2026-03-14 19:39:55,0.0
VCLB_20260402.csv,2026-03-14 19:48:55,0.0
VCLB_20260402.csv,2026-03-14 19:52:02,0.0
VCLB_20260402.csv,2026-03-14 19:54:55,0.0
VCLB_20260402.csv,2026-03-14 19:57:55,0.0
VCLB_20260402.csv,2026-03-14 20:00:56,0.0
VCLB_20260402.csv,2026-03-14 20:03:55,0.0
VCLB_20260402.csv,2026-03-14 20:06:55,0.0
VCLB_20260402.csv,2026-03-14 20:09:55,0.0
VCLB_20260402.csv,2026-03-14 20:12:55,0.0
VCLB_20260402.csv,2026-03-14 20:15:56,0.0
VCLB_20260402.csv,2026-03-14 20:18:55,0.0
VCLB_20260402.csv,2026-03-14 20:21:55,0.0
VCLB_20260402.csv,2026-03-14 20:24:55,0.0
VCLB_20260402.csv,2026-03-14 20:27:55,0.0
VCLB_20260402.csv,2026-03-14 20:30:55,0.0
VCLB_20260402.csv,2026-03-14 20:33:55,0.0
VCLB_20260402.csv,2026-03-14 20:39:55,0.0
VCLB_20260402.csv,2026-03-14 20:45:55,0.0
VCLB_20260402.csv,2026-03-14 20:49:02,0.0
VCLB_20260402.csv,2026-03-14 20:51:55,0.0
VCLB_20260402.csv,2026-03-14 20:54:55,0.0
VCLB_20260402.csv,2026-03-14 20:57:55,0.0
VCLB_20260402.csv,2026-03-14 21:00:55,0.0
VCLB_20260402.csv,2026-03-14 21:03:55,0.0
VCLB_20260402.csv,2026-03-14 21:06:55,0.0
VCLB_20260402.csv,2026-03-14 21:09:55,0.0
VCLB_20260402.csv,2026-03-14 21:12:55,0.0
VCLB_20260402.csv,2026-03-14 21:15:55,0.0
VCLB_20260402.csv,2026-03-14 21:18:55,0.0
VCLB_20260402.csv,2026-03-14 21:21:55,0.0
VCLB_20260402.csv,2026-03-14 21:24:55,0.0
VCLB_20260402.csv,2026-03-14 21:27:55,0.0
VCLB_20260402.csv,2026-03-14 21:30:55,0.0
VCLB_20260402.csv,2026-03-14 21:33:55,0.0
VCLB_20260402.csv,2026-03-14 21:36:55,0.0
VCLB_20260402.csv,2026-03-14 21:39:55,0.0
VCLB_20260402.csv,2026-03-14 21:42:55,0.0
VCLB_20260402.csv,2026-03-14 21:48:55,0.0
VCLB_20260402.csv,2026-03-14 21:51:55,0.0
VCLB_20260402.csv,2026-03-14 21:54:55,0.0
VCLB_20260402.csv,2026-03-14 21:57:55,0.0
VCLB_20260402.csv,2026-03-14 22:00:55,0.0
VCLB_20260402.csv,2026-03-14 22:03:55,0.0
VCLB_20260402.csv,2026-03-14 22:06:55,0.0
VCLB_20260402.csv,2026-03-14 22:09:55,0.0
VCLB_20260402.csv,2026-03-14 22:12:55,0.0
VCLB_20260402.csv,2026-03-14 22:15:55,0.0
VCLB_20260402.csv,2026-03-14 22:18:55,0.0
VCLB_20260402.csv,2026-03-14 22:21:55,0.0
VCLB_20260402.csv,2026-03-14 22:24:55,0.0
VCLB_20260402.csv,2026-03-14 22:27:55,0.0
VCLB_20260402.csv,2026-03-14 22:30:55,0.0
VCLB_20260402.csv,2026-03-14 22:33:55,0.0
VCLB_20260402.csv,2026-03-14 22:36:55,0.0
VCLB_20260402.csv,2026-03-14 22:39:55,0.0
VCLB_20260402.csv,2026-03-14 22:42:56,0.0
VCLB_20260402.csv,2026-03-14 22:45:55,0.0
VCLB_20260402.csv,2026-03-14 22:48:55,0.0
VCLB_20260402.csv,2026-03-14 22:51:55,0.0
VCLB_20260402.csv,2026-03-14 22:54:55,0.0
VCLB_20260402.csv,2026-03-14 22:57:56,0.0
VCLB_20260402.csv,2026-03-14 23:00:55,0.0
VCLB_20260402.csv,2026-03-14 23:03:55,0.0
VCLB_20260402.csv,2026-03-14 23:06:55,0.0
VCLB_20260402.csv,2026-03-14 23:09:55,0.0
VCLB_20260402.csv,2026-03-14 23:12:55,0.0
VCLB_20260402.csv,2026-03-14 23:15:55,0.0
VCLB_20260402.csv,2026-03-14 23:18:55,0.0
VCLB_20260402.csv,2026-03-14 23:21:55,0.0
VCLB_20260402.csv,2026-03-14 23:24:55,0.0
VCLB_20260402.csv,2026-03-14 23:27:55,0.0
VCLB_20260402.csv,2026-03-14 23:30:55,0.0
VCLB_20260402.csv,2026-03-14 23:33:55,0.0
VCLB_20260402.csv,2026-03-14 23:36:55,0.0
VCLB_20260402.csv,2026-03-14 23:39:55,0.0
VCLB_20260402.csv,2026-03-14 23:42:55,0.0
VCLB_20260402.csv,2026-03-14 23:45:55,0.0
VCLB_20260402.csv,2026-03-14 23:48:55,0.0
VCLB_20260402.csv,2026-03-14 23:51:55,0.0
VCLB_20260402.csv,2026-03-14 23:54:55,0.0
VCLB_20260402.csv,2026-03-14 23:57:55,0.0
VCLB_20260402.csv,2026-03-15 00:00:55,0.0
VCLB_20260402.csv,2026-03-15 00:03:55,0.0
VCLB_20260402.csv,2026-03-15 00:06:55,0.0
VCLB_20260402.csv,2026-03-15 00:09:55,0.0
VCLB_20260402.csv,2026-03-15 00:12:55,0.0
VCLB_20260402.csv,2026-03-15 00:15:55,0.0
VCLB_20260402.csv,2026-03-15 00:18:55,0.0
VCLB_20260402.csv,2026-03-15 00:21:55,0.0
VCLB_20260402.csv,2026-03-15 00:24:55,0.0
VCLB_20260402.csv,2026-03-15 00:27:55,0.0
VCLB_20260402.csv,2026-03-15 00:30:55,0.0
VCLB_20260402.csv,2026-03-15 00:33:55,0.0
VCLB_20260402.csv,2026-03-15 00:39:55,0.0
VCLB_20260402.csv,2026-03-15 00:42:55,0.0
VCLB_20260402.csv,2026-03-15 00:45:55,0.0
VCLB_20260402.csv,2026-03-15 00:48:55,0.0
VCLB_20260402.csv,2026-03-15 00:51:55,0.0
VCLB_20260402.csv,2026-03-15 00:54:55,0.0
VCLB_20260402.csv,2026-03-15 00:57:55,0.0
VCLB_20260402.csv,2026-03-15 01:00:55,0.0
VCLB_20260402.csv,2026-03-15 01:03:55,0.0
VCLB_20260402.csv,2026-03-15 01:06:55,0.0
VCLB_20260402.csv,2026-03-15 01:09:55,0.0
VCLB_20260402.csv,2026-03-15 01:12:55,0.0
VCLB_20260402.csv,2026-03-15 01:15:55,0.0
VCLB_20260402.csv,2026-03-15 01:18:55,0.0
VCLB_20260402.csv,2026-03-15 01:21:55,0.0
VCLB_20260402.csv,2026-03-15 01:24:55,0.0
VCLB_20260402.csv,2026-03-15 01:27:55,0.0
VCLB_20260402.csv,2026-03-15 01:30:55,0.0
VCLB_20260402.csv,2026-03-15 01:33:55,0.0
VCLB_20260402.csv,2026-03-15 01:36:55,0.0
VCLB_20260402.csv,2026-03-15 01:39:55,0.0
VCLB_20260402.csv,2026-03-15 01:42:55,0.0
VCLB_20260402.csv,2026-03-15 01:48:55,0.0
VCLB_20260402.csv,2026-03-15 01:51:55,0.0
VCLB_20260402.csv,2026-03-15 01:54:55,0.0
VCLB_20260402.csv,2026-03-15 01:57:55,0.0
VCLB_20260402.csv,2026-03-15 02:00:55,0.0
VCLB_20260402.csv,2026-03-15 02:03:55,0.0
VCLB_20260402.csv,2026-03-15 02:06:55,0.0
VCLB_20260402.csv,2026-03-15 02:09:55,0.0
VCLB_20260402.csv,2026-03-15 02:12:55,0.0
VCLB_20260402.csv,2026-03-15 02:15:55,0.0
VCLB_20260402.csv,2026-03-15 02:18:55,0.0
VCLB_20260402.csv,2026-03-15 02:21:55,0.0
VCLB_20260402.csv,2026-03-15 02:24:55,0.0
VCLB_20260402.csv,2026-03-15 02:27:55,0.0
VCLB_20260402.csv,2026-03-15 02:30:55,0.0
VCLB_20260402.csv,2026-03-15 02:33:55,0.0
VCLB_20260402.csv,2026-03-15 02:36:55,0.0
VCLB_20260402.csv,2026-03-15 02:39:55,0.0
VCLB_20260402.csv,2026-03-15 02:42:55,0.0
VCLB_20260402.csv,2026-03-15 02:48:55,0.0
VCLB_20260402.csv,2026-03-15 02:51:55,0.0
VCLB_20260402.csv,2026-03-15 02:54:55,0.0
VCLB_20260402.csv,2026-03-15 02:57:55,0.0
VCLB_20260402.csv,2026-03-15 03:00:55,0.0
VCLB_20260402.csv,2026-03-15 03:03:55,0.0
VCLB_20260402.csv,2026-03-15 03:06:55,0.0
VCLB_20260402.csv,2026-03-15 03:09:55,0.0
VCLB_20260402.csv,2026-03-15 03:12:55,0.0
VCLB_20260402.csv,2026-03-15 03:15:55,0.0
VCLB_20260402.csv,2026-03-15 03:18:55,0.0
VCLB_20260402.csv,2026-03-15 03:21:55,0.0
VCLB_20260402.csv,2026-03-15 03:24:55,0.0
VCLB_20260402.csv,2026-03-15 03:27:55,0.0
VCLB_20260402.csv,2026-03-15 03:30:55,0.0
VCLB_20260402.csv,2026-03-15 03:33:55,0.0
VCLB_20260402.csv,2026-03-15 03:36:55,0.0
VCLB_20260402.csv,2026-03-15 03:39:55,0.0
VCLB_20260402.csv,2026-03-15 03:42:55,0.0
VCLB_20260402.csv,2026-03-15 03:45:55,0.0
VCLB_20260402.csv,2026-03-15 03:48:55,0.0
VCLB_20260402.csv,2026-03-15 03:51:55,0.0
VCLB_20260402.csv,2026-03-15 03:54:55,0.0
VCLB_20260402.csv,2026-03-15 03:57:55,0.0
VCLB_20260402.csv,2026-03-15 04:00:55,0.0
VCLB_20260402.csv,2026-03-15 04:03:55,0.0
VCLB_20260402.csv,2026-03-15 04:06:55,0.0
VCLB_20260402.csv,2026-03-15 04:09:55,0.0
VCLB_20260402.csv,2026-03-15 04:12:55,0.0
VCLB_20260402.csv,2026-03-15 04:15:55,0.0
VCLB_20260402.csv,2026-03-15 04:24:55,0.0
VCLB_20260402.csv,2026-03-15 04:30:55,0.0
VCLB_20260402.csv,2026-03-15 04:33:55,0.0
VCLB_20260402.csv,2026-03-15 04:36:55,0.0
VCLB_20260402.csv,2026-03-15 04:39:55,0.0
VCLB_20260402.csv,2026-03-15 04:42:55,0.0
VCLB_20260402.csv,2026-03-15 04:45:55,0.0
VCLB_20260402.csv,2026-03-15 04:48:55,0.0
VCLB_20260402.csv,2026-03-15 04:51:55,0.0
VCLB_20260402.csv,2026-03-15 04:54:55,0.0
VCLB_20260402.csv,2026-03-15 04:57:55,0.0
VCLB_20260402.csv,2026-03-15 05:00:55,0.0
VCLB_20260402.csv,2026-03-15 05:03:55,0.0
VCLB_20260402.csv,2026-03-15 05:06:55,0.0
VCLB_20260402.csv,2026-03-15 05:09:55,0.0
VCLB_20260402.csv,2026-03-15 05:12:55,0.0
VCLB_20260402.csv,2026-03-15 05:15:55,0.0
VCLB_20260402.csv,2026-03-15 05:18:55,0.0
VCLB_20260402.csv,2026-03-15 05:21:55,0.0
VCLB_20260402.csv,2026-03-15 05:24:55,0.0
VCLB_20260402.csv,2026-03-15 05:27:55,0.0
VCLB_20260402.csv,2026-03-15 05:30:55,0.0
VCLB_20260402.csv,2026-03-15 05:33:55,0.0
VCLB_20260402.csv,2026-03-15 05:36:55,0.0
VCLB_20260402.csv,2026-03-15 05:39:55,0.0
VCLB_20260402.csv,2026-03-15 05:42:56,0.0
VCLB_20260402.csv,2026-03-15 05:45:55,0.0
VCLB_20260402.csv,2026-03-15 05:51:55,0.0
VCLB_20260402.csv,2026-03-15 05:54:55,0.0
VCLB_20260402.csv,2026-03-15 05:57:55,0.0
VCLB_20260402.csv,2026-03-15 06:00:55,0.0
VCLB_20260402.csv,2026-03-15 06:03:55,0.0
VCLB_20260402.csv,2026-03-15 06:06:55,0.0
VCLB_20260402.csv,2026-03-15 06:09:55,0.0
VCLB_20260402.csv,2026-03-15 06:12:55,0.0
VCLB_20260402.csv,2026-03-15 06:15:55,0.0
VCLB_20260402.csv,2026-03-15 06:18:55,0.0
VCLB_20260402.csv,2026-03-15 06:21:55,0.0
VCLB_20260402.csv,2026-03-15 06:24:55,0.0
VCLB_20260402.csv,2026-03-15 06:27:55,0.0
VCLB_20260402.csv,2026-03-15 06:30:55,0.0
VCLB_20260402.csv,2026-03-15 06:33:55,0.0
VCLB_20260402.csv,2026-03-15 06:36:55,0.0
VCLB_20260402.csv,2026-03-15 06:39:55,0.0
VCLB_20260402.csv,2026-03-15 06:42:55,0.0
VCLB_20260402.csv,2026-03-15 06:45:55,0.0
VCLB_20260402.csv,2026-03-15 06:48:55,0.0
VCLB_20260402.csv,2026-03-15 06:51:55,0.0
VCLB_20260402.csv,2026-03-15 06:54:55,0.0
VCLB_20260402.csv,2026-03-15 06:57:56,0.0
VCLB_20260402.csv,2026-03-15 07:00:55,0.0
VCLB_20260402.csv,2026-03-15 07:03:55,0.0
VCLB_20260402.csv,2026-03-15 07:06:55,0.0
VCLB_20260402.csv,2026-03-15 07:09:55,0.0
VCLB_20260402.csv,2026-03-15 07:15:55,0.0
VCLB_20260402.csv,2026-03-15 07:18:55,0.0
VCLB_20260402.csv,2026-03-15 07:21:55,0.0
VCLB_20260402.csv,2026-03-15 07:24:55,0.0
VCLB_20260402.csv,2026-03-15 07:27:55,0.0
VCLB_20260402.csv,2026-03-15 07:30:55,0.0
VCLB_20260402.csv,2026-03-15 07:33:55,0.0
VCLB_20260402.csv,2026-03-15 07:36:55,0.0
VCLB_20260402.csv,2026-03-15 07:39:55,0.0
VCLB_20260402.csv,2026-03-15 07:42:55,0.0
VCLB_20260402.csv,2026-03-15 07:45:55,0.0
VCLB_20260402.csv,2026-03-15 07:48:55,0.0
VCLB_20260402.csv,2026-03-15 07:51:55,0.0
VCLB_20260402.csv,2026-03-15 07:54:55,0.0
VCLB_20260402.csv,2026-03-15 07:57:55,0.0
VCLB_20260402.csv,2026-03-15 08:03:55,0.0
VCLB_20260402.csv,2026-03-15 08:06:55,0.01
VCLB_20260402.csv,2026-03-15 08:12:55,0.0
VCLB_20260402.csv,2026-03-15 08:15:55,0.0
VCLB_20260402.csv,2026-03-15 08:21:55,0.0
VCLB_20260402.csv,2026-03-15 08:24:55,0.0
VCLB_20260402.csv,2026-03-15 08:27:55,0.0
VCLB_20260402.csv,2026-03-15 08:30:55,0.0
VCLB_20260402.csv,2026-03-15 08:33:55,0.0
VCLB_20260402.csv,2026-03-15 08:36:55,0.0
VCLB_20260402.csv,2026-03-15 08:39:55,0.0
VCLB_20260402.csv,2026-03-15 08:42:55,0.0
VCLB_20260402.csv,2026-03-15 08:45:55,0.0
VCLB_20260402.csv,2026-03-15 08:48:55,0.0
VCLB_20260402.csv,2026-03-15 08:51:55,0.0
VCLB_20260402.csv,2026-03-15 08:54:55,0.0
VCLB_20260402.csv,2026-03-15 08:57:55,0.0
VCLB_20260402.csv,2026-03-15 09:00:55,0.0
VCLB_20260402.csv,2026-03-15 09:03:55,0.0
VCLB_20260402.csv,2026-03-15 09:06:55,0.0
VCLB_20260402.csv,2026-03-15 09:09:55,0.0
VCLB_20260402.csv,2026-03-15 09:12:55,0.0
VCLB_20260402.csv,2026-03-15 09:15:55,0.0
VCLB_20260402.csv,2026-03-15 09:18:55,0.0
VCLB_20260402.csv,2026-03-15 09:21:55,0.0
VCLB_20260402.csv,2026-03-15 09:24:55,0.0
VCLB_20260402.csv,2026-03-15 09:27:55,0.0
VCLB_20260402.csv,2026-03-15 09:30:55,0.0
VCLB_20260402.csv,2026-03-15 09:36:55,0.0
VCLB_20260402.csv,2026-03-15 09:39:55,0.0
VCLB_20260402.csv,2026-03-15 09:42:55,0.0
VCLB_20260402.csv,2026-03-15 09:45:55,0.0
VCLB_20260402.csv,2026-03-15 09:48:55,0.0
VCLB_20260402.csv,2026-03-15 09:51:55,0.0
VCLB_20260402.csv,2026-03-15 09:54:55,0.0
VCLB_20260402.csv,2026-03-15 10:00:55,0.0
VCLB_20260402.csv,2026-03-15 10:03:55,0.0
VCLB_20260402.csv,2026-03-15 10:06:55,0.0
VCLB_20260402.csv,2026-03-15 10:09:55,0.0
VCLB_20260402.csv,2026-03-15 10:12:55,0.0
VCLB_20260402.csv,2026-03-15 10:15:55,0.0
VCLB_20260402.csv,2026-03-15 10:18:55,0.0
VCLB_20260402.csv,2026-03-15 10:21:55,0.0
VCLB_20260402.csv,2026-03-15 10:24:55,0.0
VCLB_20260402.csv,2026-03-15 10:27:55,0.0
VCLB_20260402.csv,2026-03-15 10:30:55,0.0
VCLB_20260402.csv,2026-03-15 10:33:55,0.0
VCLB_20260402.csv,2026-03-15 10:36:56,0.0
VCLB_20260402.csv,2026-03-15 10:39:55,0.0
VCLB_20260402.csv,2026-03-15 10:42:55,0.0
VCLB_20260402.csv,2026-03-15 10:45:55,0.0
VCLB_20260402.csv,2026-03-15 10:48:55,0.0
VCLB_20260402.csv,2026-03-15 10:51:55,0.0
VCLB_20260402.csv,2026-03-15 10:54:55,0.0
VCLB_20260402.csv,2026-03-15 10:57:55,0.0
VCLB_20260402.csv,2026-03-15 11:00:55,0.0
VCLB_20260402.csv,2026-03-15 11:03:55,0.0
VCLB_20260402.csv,2026-03-15 11:06:55,0.0
VCLB_20260402.csv,2026-03-15 11:09:55,0.0
VCLB_20260402.csv,2026-03-15 11:12:55,0.0
VCLB_20260402.csv,2026-03-15 11:15:55,0.0
VCLB_20260402.csv,2026-03-15 11:18:55,0.0
VCLB_20260402.csv,2026-03-15 11:21:55,0.0
VCLB_20260402.csv,2026-03-15 11:24:55,0.0
VCLB_20260402.csv,2026-03-15 11:27:55,0.0
VCLB_20260402.csv,2026-03-15 11:30:55,0.0
VCLB_20260402.csv,2026-03-15 11:33:55,0.0
VCLB_20260402.csv,2026-03-15 11:36:55,0.0
VCLB_20260402.csv,2026-03-15 11:39:55,0.0
VCLB_20260402.csv,2026-03-15 11:42:55,0.0
VCLB_20260402.csv,2026-03-15 11:45:55,0.0
VCLB_20260402.csv,2026-03-15 11:48:55,0.0
VCLB_20260402.csv,2026-03-15 11:51:55,0.0
VCLB_20260402.csv,2026-03-15 11:54:55,0.0
VCLB_20260402.csv,2026-03-15 11:57:55,0.0
VCLB_20260402.csv,2026-03-15 12:00:55,0.0
VCLB_20260402.csv,2026-03-15 12:03:55,0.0
VCLB_20260402.csv,2026-03-15 12:06:55,0.0
VCLB_20260402.csv,2026-03-15 12:09:55,0.0
VCLB_20260402.csv,2026-03-15 12:12:55,0.0
VCLB_20260402.csv,2026-03-15 12:15:55,0.0
VCLB_20260402.csv,2026-03-15 12:18:55,0.0
VCLB_20260402.csv,2026-03-15 12:21:55,0.0
VCLB_20260402.csv,2026-03-15 12:24:55,0.0
VCLB_20260402.csv,2026-03-15 12:27:55,0.0
VCLB_20260402.csv,2026-03-15 12:30:55,0.0
VCLB_20260402.csv,2026-03-15 12:33:55,0.0
VCLB_20260402.csv,2026-03-15 12:36:55,0.0
VCLB_20260402.csv,2026-03-15 12:39:55,0.0
VCLB_20260402.csv,2026-03-15 12:42:55,0.0
VCLB_20260402.csv,2026-03-15 12:45:55,0.0
VCLB_20260402.csv,2026-03-15 12:51:55,0.0
VCLB_20260402.csv,2026-03-15 12:54:55,0.0
VCLB_20260402.csv,2026-03-15 12:57:55,0.0
VCLB_20260402.csv,2026-03-15 13:00:55,0.0
VCLB_20260402.csv,2026-03-15 13:03:55,0.0
VCLB_20260402.csv,2026-03-15 13:06:55,0.0
VCLB_20260402.csv,2026-03-15 13:09:55,0.0
VCLB_20260402.csv,2026-03-15 13:12:55,0.0
VCLB_20260402.csv,2026-03-15 13:15:55,0.0
VCLB_20260402.csv,2026-03-15 13:18:55,0.0
VCLB_20260402.csv,2026-03-15 13:21:55,0.0
VCLB_20260402.csv,2026-03-15 13:24:55,0.0
VCLB_20260402.csv,2026-03-15 13:27:55,0.0
VCLB_20260402.csv,2026-03-15 13:30:55,0.0
VCLB_20260402.csv,2026-03-15 13:33:55,0.0
VCLB_20260402.csv,2026-03-15 13:36:55,0.0
VCLB_20260402.csv,2026-03-15 13:42:55,0.0
VCLB_20260402.csv,2026-03-15 13:45:55,0.0
VCLB_20260402.csv,2026-03-15 13:48:55,0.0
VCLB_20260402.csv,2026-03-15 13:51:55,0.0
VCLB_20260402.csv,2026-03-15 13:54:55,0.0
VCLB_20260402.csv,2026-03-15 13:57:55,0.0
VCLB_20260402.csv,2026-03-15 14:03:55,0.0
VCLB_20260402.csv,2026-03-15 14:06:55,0.0
VCLB_20260402.csv,2026-03-15 14:09:55,0.0
VCLB_20260402.csv,2026-03-15 14:12:55,0.0
VCLB_20260402.csv,2026-03-15 14:15:55,0.0
VCLB_20260402.csv,2026-03-15 14:18:55,0.0
VCLB_20260402.csv,2026-03-15 14:21:55,0.0
VCLB_20260402.csv,2026-03-15 14:24:55,0.0
VCLB_20260402.csv,2026-03-15 14:27:55,0.0
VCLB_20260402.csv,2026-03-15 14:30:55,0.0
VCLB_20260402.csv,2026-03-15 14:33:55,0.0
VCLB_20260402.csv,2026-03-15 14:39:55,0.0
VCLB_20260402.csv,2026-03-15 14:42:55,0.0
VCLB_20260402.csv,2026-03-15 14:45:55,0.0
VCLB_20260402.csv,2026-03-15 14:48:55,0.0
VCLB_20260402.csv,2026-03-15 14:51:55,0.0
VCLB_20260402.csv,2026-03-15 14:55:01,0.0
VCLB_20260402.csv,2026-03-15 14:57:55,0.0
VCLB_20260402.csv,2026-03-15 15:00:55,0.0
VCLB_20260402.csv,2026-03-15 15:03:55,0.0
VCLB_20260402.csv,2026-03-15 15:06:55,0.0
VCLB_20260402.csv,2026-03-15 15:09:55,0.0
VCLB_20260402.csv,2026-03-15 15:12:55,0.0
VCLB_20260402.csv,2026-03-15 15:15:55,0.0
VCLB_20260402.csv,2026-03-15 15:18:55,0.0
VCLB_20260402.csv,2026-03-15 15:21:55,0.0
VCLB_20260402.csv,2026-03-15 15:24:55,0.0
VCLB_20260402.csv,2026-03-15 15:27:55,0.0
VCLB_20260402.csv,2026-03-15 15:30:55,0.0
VCLB_20260402.csv,2026-03-15 15:33:55,0.0
VCLB_20260402.csv,2026-03-15 15:36:55,0.0
VCLB_20260402.csv,2026-03-15 15:39:55,0.0
VCLB_20260402.csv,2026-03-15 15:42:55,0.0
VCLB_20260402.csv,2026-03-15 15:45:55,0.0
VCLB_20260402.csv,2026-03-15 15:48:55,0.0
VCLB_20260402.csv,2026-03-15 15:51:55,0.0
VCLB_20260402.csv,2026-03-15 15:54:55,0.0
VCLB_20260402.csv,2026-03-15 15:57:55,0.0
VCLB_20260402.csv,2026-03-15 16:03:55,0.0
VCLB_20260402.csv,2026-03-15 16:06:55,0.0
VCLB_20260402.csv,2026-03-15 16:09:55,0.0
VCLB_20260402.csv,2026-03-15 16:12:55,0.0
VCLB_20260402.csv,2026-03-15 16:15:55,0.0
VCLB_20260402.csv,2026-03-15 16:18:55,0.0
VCLB_20260402.csv,2026-03-15 16:21:55,0.0
VCLB_20260402.csv,2026-03-15 16:24:55,0.0
VCLB_20260402.csv,2026-03-15 16:27:55,0.0
VCLB_20260402.csv,2026-03-15 16:30:55,0.0
VCLB_20260402.csv,2026-03-15 16:33:55,0.0
VCLB_20260402.csv,2026-03-15 16:36:55,0.0
VCLB_20260402.csv,2026-03-15 16:39:55,0.0
VCLB_20260402.csv,2026-03-15 16:42:55,0.0
VCLB_20260402.csv,2026-03-15 16:45:55,0.0
VCLB_20260402.csv,2026-03-15 16:48:55,0.0
VCLB_20260402.csv,2026-03-15 16:51:55,0.0
VCLB_20260402.csv,2026-03-15 16:54:55,0.0
VCLB_20260402.csv,2026-03-15 16:57:55,0.0
VCLB_20260402.csv,2026-03-15 17:06:55,0.0
VCLB_20260402.csv,2026-03-15 17:18:55,0.0
VCLB_20260402.csv,2026-03-15 17:21:55,0.0
VCLB_20260402.csv,2026-03-15 17:24:55,0.0
VCLB_20260402.csv,2026-03-15 17:27:55,0.0
VCLB_20260402.csv,2026-03-15 17:30:55,0.0
VCLB_20260402.csv,2026-03-15 17:33:55,0.0
VCLB_20260402.csv,2026-03-15 17:36:55,0.0
VCLB_20260402.csv,2026-03-15 17:39:55,0.0
VCLB_20260402.csv,2026-03-15 17:42:55,0.0
VCLB_20260402.csv,2026-03-15 17:48:55,0.0
VCLB_20260402.csv,2026-03-15 17:51:55,0.0
VCLB_20260402.csv,2026-03-15 17:54:55,0.0
VCLB_20260402.csv,2026-03-15 17:57:55,0.0
VCLB_20260402.csv,2026-03-15 18:00:55,0.0
VCLB_20260402.csv,2026-03-15 18:03:55,0.0
VCLB_20260402.csv,2026-03-15 18:09:55,0.0
VCLB_20260402.csv,2026-03-15 18:12:55,0.0
VCLB_20260402.csv,2026-03-15 18:15:55,0.0
VCLB_20260402.csv,2026-03-15 18:18:55,0.0
VCLB_20260402.csv,2026-03-15 18:21:55,0.0
VCLB_20260402.csv,2026-03-15 18:24:55,0.0
VCLB_20260402.csv,2026-03-15 18:28:01,0.0
VCLB_20260402.csv,2026-03-15 18:30:55,0.0
VCLB_20260402.csv,2026-03-15 18:33:55,0.0
VCLB_20260402.csv,2026-03-15 18:39:55,0.0
VCLB_20260402.csv,2026-03-15 18:42:55,0.0
VCLB_20260402.csv,2026-03-15 18:45:55,0.0
VCLB_20260402.csv,2026-03-15 18:48:55,0.0
VCLB_20260402.csv,2026-03-15 18:51:55,0.0
VCLB_20260402.csv,2026-03-15 18:54:55,0.0
VCLB_20260402.csv,2026-03-15 18:57:55,0.0
VCLB_20260402.csv,2026-03-15 19:00:55,0.0
VCLB_20260402.csv,2026-03-15 19:03:55,0.0
VCLB_20260402.csv,2026-03-15 19:06:55,0.0
VCLB_20260402.csv,2026-03-15 19:09:55,0.0
VCLB_20260402.csv,2026-03-15 19:12:55,0.0
VCLB_20260402.csv,2026-03-15 19:15:55,0.0
VCLB_20260402.csv,2026-03-15 19:18:55,0.0
VCLB_20260402.csv,2026-03-15 19:21:55,0.0
VCLB_20260402.csv,2026-03-15 19:27:55,0.0
VCLB_20260402.csv,2026-03-15 19:31:01,0.0
VCLB_20260402.csv,2026-03-15 19:33:55,0.0
VCLB_20260402.csv,2026-03-15 19:36:55,0.0
VCLB_20260402.csv,2026-03-15 19:39:55,0.0
VCLB_20260402.csv,2026-03-15 19:42:55,0.0
VCLB_20260402.csv,2026-03-15 19:45:55,0.0
VCLB_20260402.csv,2026-03-15 19:48:55,0.0
VCLB_20260402.csv,2026-03-15 19:51:55,0.0
VCLB_20260402.csv,2026-03-15 19:54:55,0.0
VCLB_20260402.csv,2026-03-15 19:57:55,0.0
VCLB_20260402.csv,2026-03-15 20:00:55,0.0
VCLB_20260402.csv,2026-03-15 20:03:55,0.0
VCLB_20260402.csv,2026-03-15 20:06:55,0.0
VCLB_20260402.csv,2026-03-15 20:09:55,0.0
VCLB_20260402.csv,2026-03-15 20:12:55,0.0
VCLB_20260402.csv,2026-03-15 20:15:55,0.0
VCLB_20260402.csv,2026-03-15 20:18:55,0.0
VCLB_20260402.csv,2026-03-15 20:21:55,0.0
VCLB_20260402.csv,2026-03-15 20:24:55,0.0
VCLB_20260402.csv,2026-03-15 20:30:55,0.0
VCLB_20260402.csv,2026-03-15 20:36:55,0.0
VCLB_20260402.csv,2026-03-15 20:39:55,0.0
VCLB_20260402.csv,2026-03-15 20:42:55,0.0
VCLB_20260402.csv,2026-03-15 20:45:55,0.0
VCLB_20260402.csv,2026-03-15 20:48:55,0.0
VCLB_20260402.csv,2026-03-15 20:51:55,0.0
VCLB_20260402.csv,2026-03-15 20:54:55,0.0
VCLB_20260402.csv,2026-03-15 20:57:55,0.0
VCLB_20260402.csv,2026-03-15 21:00:55,0.0
VCLB_20260402.csv,2026-03-15 21:03:55,0.0
VCLB_20260402.csv,2026-03-15 21:06:55,0.0
VCLB_20260402.csv,2026-03-15 21:09:55,0.0
VCLB_20260402.csv,2026-03-15 21:12:55,0.0
VCLB_20260402.csv,2026-03-15 21:15:55,0.0
VCLB_20260402.csv,2026-03-15 21:18:55,0.0
VCLB_20260402.csv,2026-03-15 21:21:55,0.0
VCLB_20260402.csv,2026-03-15 21:24:55,0.0
VCLB_20260402.csv,2026-03-15 21:30:55,0.0
VCLB_20260402.csv,2026-03-15 21:33:55,0.0
VCLB_20260402.csv,2026-03-15 21:36:55,0.0
VCLB_20260402.csv,2026-03-15 21:39:55,0.0
VCLB_20260402.csv,2026-03-15 21:42:55,0.0
VCLB_20260402.csv,2026-03-15 21:45:55,0.0
VCLB_20260402.csv,2026-03-15 21:48:55,0.0
VCLB_20260402.csv,2026-03-15 21:51:55,0.0
VCLB_20260402.csv,2026-03-15 21:54:55,0.0
VCLB_20260402.csv,2026-03-15 21:57:55,0.0
VCLB_20260402.csv,2026-03-15 22:00:55,0.0
VCLB_20260402.csv,2026-03-15 22:03:55,0.0
VCLB_20260402.csv,2026-03-15 22:09:55,0.0
VCLB_20260402.csv,2026-03-15 22:12:55,0.0
VCLB_20260402.csv,2026-03-15 22:15:55,0.0
VCLB_20260402.csv,2026-03-15 22:18:55,0.0
VCLB_20260402.csv,2026-03-15 22:21:55,0.0
VCLB_20260402.csv,2026-03-15 22:24:55,0.0
VCLB_20260402.csv,2026-03-15 22:27:55,0.0
VCLB_20260402.csv,2026-03-15 22:30:55,0.0
VCLB_20260402.csv,2026-03-15 22:33:55,0.0
VCLB_20260402.csv,2026-03-15 22:36:55,0.0
VCLB_20260402.csv,2026-03-15 22:39:55,0.0
VCLB_20260402.csv,2026-03-15 22:42:55,0.0
VCLB_20260402.csv,2026-03-15 22:45:55,0.0
VCLB_20260402.csv,2026-03-15 22:51:55,0.0
VCLB_20260402.csv,2026-03-15 22:54:55,0.0
VCLB_20260402.csv,2026-03-15 23:00:55,0.0
VCLB_20260402.csv,2026-03-15 23:03:55,0.0
VCLB_20260402.csv,2026-03-15 23:06:55,0.0
VCLB_20260402.csv,2026-03-15 23:09:55,0.0
VCLB_20260402.csv,2026-03-15 23:12:55,0.0
VCLB_20260402.csv,2026-03-15 23:15:55,0.0
VCLB_20260402.csv,2026-03-15 23:18:55,0.0
VCLB_20260402.csv,2026-03-15 23:21:55,0.0
VCLB_20260402.csv,2026-03-15 23:24:55,0.0
VCLB_20260402.csv,2026-03-15 23:27:55,0.0
VCLB_20260402.csv,2026-03-15 23:30:55,0.0
VCLB_20260402.csv,2026-03-15 23:33:55,0.0
VCLB_20260402.csv,2026-03-15 23:36:55,0.0
VCLB_20260402.csv,2026-03-15 23:39:55,0.0
VCLB_20260402.csv,2026-03-15 23:42:55,0.0
VCLB_20260402.csv,2026-03-15 23:45:55,0.0
VCLB_20260402.csv,2026-03-15 23:48:55,0.0
VCLB_20260402.csv,2026-03-15 23:51:55,0.0
VCLB_20260402.csv,2026-03-15 23:54:55,0.0
VCLB_20260402.csv,2026-03-16 00:00:55,0.0
VCLB_20260402.csv,2026-03-16 00:03:55,0.0
VCLB_20260402.csv,2026-03-16 00:06:55,0.0
VCLB_20260402.csv,2026-03-16 00:09:55,0.0
VCLB_20260402.csv,2026-03-16 00:12:55,0.0
VCLB_20260402.csv,2026-03-16 00:15:55,0.0
VCLB_20260402.csv,2026-03-16 00:18:55,0.0
VCLB_20260402.csv,2026-03-16 00:21:55,0.0
VCLB_20260402.csv,2026-03-16 00:27:55,0.0
VCLB_20260402.csv,2026-03-16 00:30:55,0.0
VCLB_20260402.csv,2026-03-16 00:33:55,0.0
VCLB_20260402.csv,2026-03-16 00:36:55,0.0
VCLB_20260402.csv,2026-03-16 00:39:55,0.0
VCLB_20260402.csv,2026-03-16 00:42:55,0.0
VCLB_20260402.csv,2026-03-16 00:45:55,0.0
VCLB_20260402.csv,2026-03-16 00:48:55,0.0
VCLB_20260402.csv,2026-03-16 00:51:55,0.0
VCLB_20260402.csv,2026-03-16 00:54:55,0.0
VCLB_20260402.csv,2026-03-16 00:57:55,0.0
VCLB_20260402.csv,2026-03-16 01:00:55,0.0
VCLB_20260402.csv,2026-03-16 01:03:55,0.0
VCLB_20260402.csv,2026-03-16 01:06:55,0.0
VCLB_20260402.csv,2026-03-16 01:09:55,0.0
VCLB_20260402.csv,2026-03-16 01:15:55,0.0
VCLB_20260402.csv,2026-03-16 01:18:55,0.0
VCLB_20260402.csv,2026-03-16 01:21:55,0.0
VCLB_20260402.csv,2026-03-16 01:24:55,0.0
VCLB_20260402.csv,2026-03-16 01:27:55,0.0
VCLB_20260402.csv,2026-03-16 01:30:55,0.0
VCLB_20260402.csv,2026-03-16 01:33:55,0.0
VCLB_20260402.csv,2026-03-16 01:36:55,0.0
VCLB_20260402.csv,2026-03-16 01:39:55,0.0
VCLB_20260402.csv,2026-03-16 01:42:55,0.0
VCLB_20260402.csv,2026-03-16 01:45:55,0.0
VCLB_20260402.csv,2026-03-16 01:48:55,0.0
VCLB_20260402.csv,2026-03-16 01:51:55,0.0
VCLB_20260402.csv,2026-03-16 01:54:55,0.0
VCLB_20260402.csv,2026-03-16 01:57:55,0.0
VCLB_20260402.csv,2026-03-16 02:00:55,0.0
VCLB_20260402.csv,2026-03-16 02:03:55,0.0
VCLB_20260402.csv,2026-03-16 02:06:55,0.0
VCLB_20260402.csv,2026-03-16 02:09:55,0.0
VCLB_20260402.csv,2026-03-16 02:12:55,0.0
VCLB_20260402.csv,2026-03-16 02:18:55,0.0
VCLB_20260402.csv,2026-03-16 02:21:55,0.0
VCLB_20260402.csv,2026-03-16 02:24:55,0.0
VCLB_20260402.csv,2026-03-16 02:27:55,0.0
VCLB_20260402.csv,2026-03-16 02:30:55,0.0
VCLB_20260402.csv,2026-03-16 02:33:55,0.0
VCLB_20260402.csv,2026-03-16 02:36:55,0.0
VCLB_20260402.csv,2026-03-16 02:39:55,0.0
VCLB_20260402.csv,2026-03-16 02:42:55,0.0
VCLB_20260402.csv,2026-03-16 02:45:55,0.0
VCLB_20260402.csv,2026-03-16 02:48:55,0.0
VCLB_20260402.csv,2026-03-16 02:51:55,0.0
VCLB_20260402.csv,2026-03-16 02:54:55,0.0
VCLB_20260402.csv,2026-03-16 02:57:55,0.0
VCLB_20260402.csv,2026-03-16 03:00:55,0.0
VCLB_20260402.csv,2026-03-16 03:03:55,0.0
VCLB_20260402.csv,2026-03-16 03:06:55,0.0
VCLB_20260402.csv,2026-03-16 03:09:55,0.0
VCLB_20260402.csv,2026-03-16 03:12:55,0.0
VCLB_20260402.csv,2026-03-16 03:15:55,0.0
VCLB_20260402.csv,2026-03-16 03:18:55,0.0
VCLB_20260402.csv,2026-03-16 03:21:55,0.0
VCLB_20260402.csv,2026-03-16 03:24:55,0.0
VCLB_20260402.csv,2026-03-16 03:27:55,0.0
VCLB_20260402.csv,2026-03-16 03:30:55,0.0
VCLB_20260402.csv,2026-03-16 03:33:55,0.0
VCLB_20260402.csv,2026-03-16 03:36:55,0.0
VCLB_20260402.csv,2026-03-16 03:39:55,0.0
VCLB_20260402.csv,2026-03-16 03:42:55,0.0
VCLB_20260402.csv,2026-03-16 03:45:55,0.0
VCLB_20260402.csv,2026-03-16 03:51:55,0.0
VCLB_20260402.csv,2026-03-16 03:54:55,0.0
VCLB_20260402.csv,2026-03-16 03:57:55,0.0
VCLB_20260402.csv,2026-03-16 04:00:55,0.0
VCLB_20260402.csv,2026-03-16 04:06:55,0.0
VCLB_20260402.csv,2026-03-16 04:09:55,0.0
VCLB_20260402.csv,2026-03-16 04:12:55,0.0
VCLB_20260402.csv,2026-03-16 04:15:55,0.0
VCLB_20260402.csv,2026-03-16 04:18:55,0.0
VCLB_20260402.csv,2026-03-16 04:21:55,0.0
VCLB_20260402.csv,2026-03-16 04:24:55,0.0
VCLB_20260402.csv,2026-03-16 04:27:55,0.0
VCLB_20260402.csv,2026-03-16 04:30:55,0.0
VCLB_20260402.csv,2026-03-16 04:33:55,0.0
VCLB_20260402.csv,2026-03-16 04:36:55,0.0
VCLB_20260402.csv,2026-03-16 04:39:55,0.0
VCLB_20260402.csv,2026-03-16 04:42:55,0.0
VCLB_20260402.csv,2026-03-16 04:45:55,0.0
VCLB_20260402.csv,2026-03-16 04:48:55,0.0
VCLB_20260402.csv,2026-03-16 04:51:55,0.0
VCLB_20260402.csv,2026-03-16 04:54:55,0.0
VCLB_20260402.csv,2026-03-16 04:57:55,0.0
VCLB_20260402.csv,2026-03-16 05:00:55,0.0
VCLB_20260402.csv,2026-03-16 05:03:55,0.0
VCLB_20260402.csv,2026-03-16 05:06:55,0.0
VCLB_20260402.csv,2026-03-16 05:09:55,0.0
VCLB_20260402.csv,2026-03-16 05:12:55,0.0
VCLB_20260402.csv,2026-03-16 05:15:55,0.0
VCLB_20260402.csv,2026-03-16 05:18:55,0.0
VCLB_20260402.csv,2026-03-16 05:21:55,0.0
VCLB_20260402.csv,2026-03-16 05:24:55,0.0
VCLB_20260402.csv,2026-03-16 05:27:55,0.0
VCLB_20260402.csv,2026-03-16 05:30:55,0.0
VCLB_20260402.csv,2026-03-16 05:33:55,0.0
VCLB_20260402.csv,2026-03-16 05:36:55,0.0
VCLB_20260402.csv,2026-03-16 05:39:55,0.0
VCLB_20260402.csv,2026-03-16 05:42:55,0.0
VCLB_20260402.csv,2026-03-16 05:45:55,0.0
VCLB_20260402.csv,2026-03-16 05:48:55,0.0
VCLB_20260402.csv,2026-03-16 05:51:55,0.0
VCLB_20260402.csv,2026-03-16 05:54:55,0.0
VCLB_20260402.csv,2026-03-16 05:57:55,0.0
VCLB_20260402.csv,2026-03-16 06:00:55,0.0
VCLB_20260402.csv,2026-03-16 06:03:55,0.0
VCLB_20260402.csv,2026-03-16 06:06:55,0.0
VCLB_20260402.csv,2026-03-16 06:09:55,0.0
VCLB_20260402.csv,2026-03-16 06:12:55,0.0
VCLB_20260402.csv,2026-03-16 06:15:55,0.0
VCLB_20260402.csv,2026-03-16 06:18:55,0.0
VCLB_20260402.csv,2026-03-16 06:21:55,0.0
VCLB_20260402.csv,2026-03-16 06:24:55,0.0
VCLB_20260402.csv,2026-03-16 06:27:55,0.0
VCLB_20260402.csv,2026-03-16 06:30:55,0.0
VCLB_20260402.csv,2026-03-16 06:33:55,0.0
VCLB_20260402.csv,2026-03-16 06:36:55,0.0
VCLB_20260402.csv,2026-03-16 06:39:55,0.0
VCLB_20260402.csv,2026-03-16 06:42:55,0.0
VCLB_20260402.csv,2026-03-16 06:45:55,0.0
VCLB_20260402.csv,2026-03-16 06:48:55,0.0
VCLB_20260402.csv,2026-03-16 06:51:55,0.0
VCLB_20260402.csv,2026-03-16 06:54:55,0.0
VCLB_20260402.csv,2026-03-16 06:57:55,0.0
VCLB_20260402.csv,2026-03-16 07:00:55,0.0
VCLB_20260402.csv,2026-03-16 07:03:55,0.0
VCLB_20260402.csv,2026-03-16 07:06:55,0.0
VCLB_20260402.csv,2026-03-16 07:09:55,0.0
VCLB_20260402.csv,2026-03-16 07:12:55,0.0
VCLB_20260402.csv,2026-03-16 07:15:55,0.0
VCLB_20260402.csv,2026-03-16 07:18:55,0.0
VCLB_20260402.csv,2026-03-16 07:21:55,0.0
VCLB_20260402.csv,2026-03-16 07:24:55,0.0
VCLB_20260402.csv,2026-03-16 07:27:55,0.0
VCLB_20260402.csv,2026-03-16 07:30:54,0.0
VCLB_20260402.csv,2026-03-16 07:33:55,0.0
VCLB_20260402.csv,2026-03-16 07:36:55,0.0
VCLB_20260402.csv,2026-03-16 07:39:54,0.0
VCLB_20260402.csv,2026-03-16 07:42:54,0.0
VCLB_20260402.csv,2026-03-16 07:45:54,0.0
VCLB_20260402.csv,2026-03-16 07:48:54,0.0
VCLB_20260402.csv,2026-03-16 07:51:55,0.0
VCLB_20260402.csv,2026-03-16 07:54:54,0.0
VCLB_20260402.csv,2026-03-16 07:57:54,0.0
VCLB_20260402.csv,2026-03-16 08:00:54,0.0
VCLB_20260402.csv,2026-03-16 08:03:54,0.0
VCLB_20260402.csv,2026-03-16 08:06:55,0.0
VCLB_20260402.csv,2026-03-16 08:09:54,0.0
VCLB_20260402.csv,2026-03-16 08:12:54,0.0
VCLB_20260402.csv,2026-03-16 08:15:54,0.0
VCLB_20260402.csv,2026-03-16 08:18:54,0.0
VCLB_20260402.csv,2026-03-16 08:21:55,0.0
VCLB_20260402.csv,2026-03-16 08:24:54,0.0
VCLB_20260402.csv,2026-03-16 08:27:54,0.0
VCLB_20260402.csv,2026-03-16 08:30:54,0.0
VCLB_20260402.csv,2026-03-16 08:33:54,0.0
VCLB_20260402.csv,2026-03-16 08:36:54,0.0
VCLB_20260402.csv,2026-03-16 08:42:54,0.0
VCLB_20260402.csv,2026-03-16 08:45:54,0.0
VCLB_20260402.csv,2026-03-16 08:48:54,0.0
VCLB_20260402.csv,2026-03-16 08:51:54,0.0
VCLB_20260402.csv,2026-03-16 08:54:55,0.0
VCLB_20260402.csv,2026-03-16 08:57:54,0.0
VCLB_20260402.csv,2026-03-16 09:00:54,0.0
VCLB_20260402.csv,2026-03-16 09:03:54,0.0
VCLB_20260402.csv,2026-03-16 09:06:54,0.0
VCLB_20260402.csv,2026-03-16 09:09:55,0.0
VCLB_20260402.csv,2026-03-16 09:12:54,0.0
VCLB_20260402.csv,2026-03-16 09:15:54,0.0
VCLB_20260402.csv,2026-03-16 09:18:54,0.0
VCLB_20260402.csv,2026-03-16 09:21:54,0.0
VCLB_20260402.csv,2026-03-16 09:24:54,0.0
VCLB_20260402.csv,2026-03-16 09:27:54,0.0
VCLB_20260402.csv,2026-03-16 09:30:54,0.0
VCLB_20260402.csv,2026-03-16 09:33:54,0.0
VCLB_20260402.csv,2026-03-16 09:36:54,0.0
VCLB_20260402.csv,2026-03-16 09:39:54,0.0
VCLB_20260402.csv,2026-03-16 09:42:54,0.0
VCLB_20260402.csv,2026-03-16 09:45:54,0.0
VCLB_20260402.csv,2026-03-16 09:48:54,0.0
VCLB_20260402.csv,2026-03-16 09:51:54,0.0
VCLB_20260402.csv,2026-03-16 09:54:54,0.0
VCLB_20260402.csv,2026-03-16 09:57:54,0.0
VCLB_20260402.csv,2026-03-16 10:00:54,0.0
VCLB_20260402.csv,2026-03-16 10:03:54,0.0
VCLB_20260402.csv,2026-03-16 10:06:54,0.0
VCLB_20260402.csv,2026-03-16 10:09:55,0.0
VCLB_20260402.csv,2026-03-16 10:12:54,0.0
VCLB_20260402.csv,2026-03-16 10:15:54,0.0
VCLB_20260402.csv,2026-03-16 10:18:54,0.0
VCLB_20260402.csv,2026-03-16 10:21:54,0.0
VCLB_20260402.csv,2026-03-16 10:24:55,0.0
VCLB_20260402.csv,2026-03-16 10:27:54,0.0
VCLB_20260402.csv,2026-03-16 10:30:54,0.0
VCLB_20260402.csv,2026-03-16 10:33:54,0.0
VCLB_20260402.csv,2026-03-16 10:36:54,0.0
VCLB_20260402.csv,2026-03-16 10:39:55,0.0
VCLB_20260402.csv,2026-03-16 10:42:59,0.0
VCLB_20260402.csv,2026-03-16 10:45:54,0.0
VCLB_20260402.csv,2026-03-16 10:48:54,0.0
VCLB_20260402.csv,2026-03-16 10:51:54,0.0
VCLB_20260402.csv,2026-03-16 10:54:55,0.0
VCLB_20260402.csv,2026-03-16 10:57:54,0.0
VCLB_20260402.csv,2026-03-16 11:00:54,0.0
VCLB_20260402.csv,2026-03-16 11:03:54,0.0
VCLB_20260402.csv,2026-03-16 11:06:54,0.0
VCLB_20260402.csv,2026-03-16 11:09:55,0.0
VCLB_20260402.csv,2026-03-16 11:12:54,0.0
VCLB_20260402.csv,2026-03-16 11:15:54,0.0
VCLB_20260402.csv,2026-03-16 11:18:54,0.0
VCLB_20260402.csv,2026-03-16 11:21:54,0.0
VCLB_20260402.csv,2026-03-16 11:24:55,0.0
VCLB_20260402.csv,2026-03-16 11:27:54,0.0
VCLB_20260402.csv,2026-03-16 11:30:54,0.0
VCLB_20260402.csv,2026-03-16 11:33:54,0.0
VCLB_20260402.csv,2026-03-16 11:36:54,0.0
VCLB_20260402.csv,2026-03-16 11:39:54,0.0
VCLB_20260402.csv,2026-03-16 11:42:54,0.0
VCLB_20260402.csv,2026-03-16 11:45:54,0.0
VCLB_20260402.csv,2026-03-16 11:48:54,0.0
VCLB_20260402.csv,2026-03-16 11:51:54,0.0
VCLB_20260402.csv,2026-03-16 11:54:54,0.0
VCLB_20260402.csv,2026-03-16 11:57:54,0.0
VCLB_20260402.csv,2026-03-16 12:00:54,0.0
VCLB_20260402.csv,2026-03-16 12:03:54,0.0
VCLB_20260402.csv,2026-03-16 12:06:54,0.0
VCLB_20260402.csv,2026-03-16 12:09:54,0.0
VCLB_20260402.csv,2026-03-16 12:12:54,0.0
VCLB_20260402.csv,2026-03-16 12:15:54,0.0
VCLB_20260402.csv,2026-03-16 12:18:54,0.0
VCLB_20260402.csv,2026-03-16 12:21:54,0.0
VCLB_20260402.csv,2026-03-16 12:24:54,0.0
VCLB_20260402.csv,2026-03-16 12:27:54,0.0
VCLB_20260402.csv,2026-03-16 12:30:54,0.0
VCLB_20260402.csv,2026-03-16 12:36:54,0.0
VCLB_20260402.csv,2026-03-16 12:39:55,0.0
VCLB_20260402.csv,2026-03-16 12:42:54,0.0
VCLB_20260402.csv,2026-03-16 12:45:54,0.0
VCLB_20260402.csv,2026-03-16 12:48:54,0.0
VCLB_20260402.csv,2026-03-16 12:51:54,0.0
VCLB_20260402.csv,2026-03-16 12:54:55,0.0
VCLB_20260402.csv,2026-03-16 12:57:54,0.0
VCLB_20260402.csv,2026-03-16 13:00:54,0.0
VCLB_20260402.csv,2026-03-16 13:03:54,0.0
VCLB_20260402.csv,2026-03-16 13:06:54,0.0
VCLB_20260402.csv,2026-03-16 13:09:54,0.0
VCLB_20260402.csv,2026-03-16 13:12:54,0.0
VCLB_20260402.csv,2026-03-16 13:15:54,0.0
VCLB_20260402.csv,2026-03-16 13:18:54,0.0
VCLB_20260402.csv,2026-03-16 13:21:54,0.0
VCLB_20260402.csv,2026-03-16 13:24:54,0.0
VCLB_20260402.csv,2026-03-16 13:30:54,0.0
VCLB_20260402.csv,2026-03-16 13:33:54,0.0
VCLB_20260402.csv,2026-03-16 13:36:54,0.0
VCLB_20260402.csv,2026-03-16 13:39:54,0.0
VCLB_20260402.csv,2026-03-16 13:42:54,0.0
VCLB_20260402.csv,2026-03-16 13:45:54,0.0
VCLB_20260402.csv,2026-03-16 13:48:54,0.0
VCLB_20260402.csv,2026-03-16 13:51:54,0.0
VCLB_20260402.csv,2026-03-16 13:54:54,0.0
VCLB_20260402.csv,2026-03-16 13:57:54,0.0
VCLB_20260402.csv,2026-03-16 14:00:54,0.0
VCLB_20260402.csv,2026-03-16 14:03:54,0.0
VCLB_20260402.csv,2026-03-16 14:06:54,0.0
VCLB_20260402.csv,2026-03-16 14:09:54,0.0
VCLB_20260402.csv,2026-03-16 14:12:54,0.0
VCLB_20260402.csv,2026-03-16 14:15:54,0.0
VCLB_20260402.csv,2026-03-16 14:18:54,0.0
VCLB_20260402.csv,2026-03-16 14:21:54,0.0
VCLB_20260402.csv,2026-03-16 14:24:54,0.0
VCLB_20260402.csv,2026-03-16 14:27:54,0.0
VCLB_20260402.csv,2026-03-16 14:30:54,0.0
VCLB_20260402.csv,2026-03-16 14:33:54,0.0
VCLB_20260402.csv,2026-03-16 14:36:54,0.0
VCLB_20260402.csv,2026-03-16 14:39:54,0.0
VCLB_20260402.csv,2026-03-16 14:42:54,0.0
VCLB_20260402.csv,2026-03-16 14:45:54,0.0
VCLB_20260402.csv,2026-03-16 14:48:54,0.0
VCLB_20260402.csv,2026-03-16 14:51:54,0.0
VCLB_20260402.csv,2026-03-16 14:57:54,0.0
VCLB_20260402.csv,2026-03-16 15:00:54,0.0
VCLB_20260402.csv,2026-03-16 15:06:54,0.0
VCLB_20260402.csv,2026-03-16 15:09:54,0.0
VCLB_20260402.csv,2026-03-16 15:15:54,0.0
VCLB_20260402.csv,2026-03-16 15:18:54,0.0
VCLB_20260402.csv,2026-03-16 15:21:54,0.0
VCLB_20260402.csv,2026-03-16 15:24:54,0.0
VCLB_20260402.csv,2026-03-16 15:27:54,0.0
VCLB_20260402.csv,2026-03-16 15:30:54,0.0
VCLB_20260402.csv,2026-03-16 15:33:54,0.0
VCLB_20260402.csv,2026-03-16 15:36:54,0.0
VCLB_20260402.csv,2026-03-16 15:39:54,0.0
VCLB_20260402.csv,2026-03-16 15:42:54,0.0
VCLB_20260402.csv,2026-03-16 15:45:54,0.0
VCLB_20260402.csv,2026-03-16 15:48:54,0.0
VCLB_20260402.csv,2026-03-16 15:51:54,0.0
VCLB_20260402.csv,2026-03-16 15:54:54,0.0
VCLB_20260402.csv,2026-03-16 15:57:54,0.0
VCLB_20260402.csv,2026-03-16 16:00:54,0.0
VCLB_20260402.csv,2026-03-16 16:03:54,0.0
VCLB_20260402.csv,2026-03-16 16:06:54,0.0
VCLB_20260402.csv,2026-03-16 16:12:54,0.0
VCLB_20260402.csv,2026-03-16 16:18:54,0.0
VCLB_20260402.csv,2026-03-16 16:21:54,0.0
VCLB_20260402.csv,2026-03-16 16:24:54,0.0
VCLB_20260402.csv,2026-03-16 16:27:54,0.0
VCLB_20260402.csv,2026-03-16 16:30:54,0.0
VCLB_20260402.csv,2026-03-16 16:33:54,0.0
VCLB_20260402.csv,2026-03-16 16:36:54,0.0
VCLB_20260402.csv,2026-03-16 16:39:54,0.0
VCLB_20260402.csv,2026-03-16 16:42:54,0.0
VCLB_20260402.csv,2026-03-16 16:45:54,0.0
VCLB_20260402.csv,2026-03-16 16:48:54,0.0
VCLB_20260402.csv,2026-03-16 16:51:54,0.0
VCLB_20260402.csv,2026-03-16 16:54:54,0.0
VCLB_20260402.csv,2026-03-16 16:57:54,0.0
VCLB_20260402.csv,2026-03-16 17:00:54,0.0
VCLB_20260402.csv,2026-03-16 17:03:54,0.0
VCLB_20260402.csv,2026-03-16 17:06:54,0.0
VCLB_20260402.csv,2026-03-16 17:09:54,0.0
VCLB_20260402.csv,2026-03-16 17:15:54,0.0
VCLB_20260402.csv,2026-03-16 17:18:54,0.0
VCLB_20260402.csv,2026-03-16 17:21:54,0.0
VCLB_20260402.csv,2026-03-16 17:27:54,0.0
VCLB_20260402.csv,2026-03-16 17:30:54,0.0
VCLB_20260402.csv,2026-03-16 17:33:54,0.0
VCLB_20260402.csv,2026-03-16 17:36:54,0.0
VCLB_20260402.csv,2026-03-16 17:39:54,0.0
VCLB_20260402.csv,2026-03-16 17:42:54,0.0
VCLB_20260402.csv,2026-03-16 17:45:54,0.0
VCLB_20260402.csv,2026-03-16 17:48:54,0.0
VCLB_20260402.csv,2026-03-16 17:51:54,0.0
VCLB_20260402.csv,2026-03-16 17:54:54,0.0
VCLB_20260402.csv,2026-03-16 17:57:54,0.0
VCLB_20260402.csv,2026-03-16 18:00:54,0.0
VCLB_20260402.csv,2026-03-16 18:03:54,0.0
VCLB_20260402.csv,2026-03-16 18:06:54,0.0
VCLB_20260402.csv,2026-03-16 18:09:54,0.0
VCLB_20260402.csv,2026-03-16 18:12:54,0.0
VCLB_20260402.csv,2026-03-16 18:15:54,0.0
VCLB_20260402.csv,2026-03-16 18:18:54,0.0
VCLB_20260402.csv,2026-03-16 18:21:54,0.0
VCLB_20260402.csv,2026-03-16 18:24:54,0.0
VCLB_20260402.csv,2026-03-16 18:27:54,0.0
VCLB_20260402.csv,2026-03-16 18:30:54,0.0
VCLB_20260402.csv,2026-03-16 18:33:54,0.0
VCLB_20260402.csv,2026-03-16 18:36:54,0.0
VCLB_20260402.csv,2026-03-16 18:39:54,0.0
VCLB_20260402.csv,2026-03-16 18:42:54,0.0
VCLB_20260402.csv,2026-03-16 18:45:54,0.0
VCLB_20260402.csv,2026-03-16 18:48:54,0.0
VCLB_20260402.csv,2026-03-16 18:51:54,0.0
VCLB_20260402.csv,2026-03-16 18:54:54,0.0
VCLB_20260402.csv,2026-03-16 18:57:54,0.0
VCLB_20260402.csv,2026-03-16 19:00:54,0.0
VCLB_20260402.csv,2026-03-16 19:03:54,0.0
VCLB_20260402.csv,2026-03-16 19:09:54,0.0
VCLB_20260402.csv,2026-03-16 19:12:54,0.0
VCLB_20260402.csv,2026-03-16 19:15:54,0.0
VCLB_20260402.csv,2026-03-16 19:18:54,0.0
VCLB_20260402.csv,2026-03-16 19:24:54,0.0
VCLB_20260402.csv,2026-03-16 19:27:54,0.0
VCLB_20260402.csv,2026-03-16 19:33:54,0.0
VCLB_20260402.csv,2026-03-16 19:36:54,0.0
VCLB_20260402.csv,2026-03-16 19:39:54,0.0
VCLB_20260402.csv,2026-03-16 19:42:54,0.0
VCLB_20260402.csv,2026-03-16 19:45:54,0.0
VCLB_20260402.csv,2026-03-16 19:48:54,0.0
VCLB_20260402.csv,2026-03-16 19:51:54,0.0
VCLB_20260402.csv,2026-03-16 19:55:00,0.0
VCLB_20260402.csv,2026-03-16 19:57:54,0.0
VCLB_20260402.csv,2026-03-16 20:00:54,0.0
VCLB_20260402.csv,2026-03-16 20:03:54,0.0
VCLB_20260402.csv,2026-03-16 20:06:54,0.0
VCLB_20260402.csv,2026-03-16 20:09:54,0.0
VCLB_20260402.csv,2026-03-16 20:12:54,0.0
VCLB_20260402.csv,2026-03-16 20:15:54,0.0
VCLB_20260402.csv,2026-03-16 20:18:54,0.0
VCLB_20260402.csv,2026-03-16 20:21:54,0.0
VCLB_20260402.csv,2026-03-16 20:24:54,0.0
VCLB_20260402.csv,2026-03-16 20:27:54,0.0
VCLB_20260402.csv,2026-03-16 20:30:54,0.0
VCLB_20260402.csv,2026-03-16 20:33:54,0.0
VCLB_20260402.csv,2026-03-16 20:36:54,0.0
VCLB_20260402.csv,2026-03-16 20:39:54,0.0
VCLB_20260402.csv,2026-03-16 20:42:54,0.0
VCLB_20260402.csv,2026-03-16 20:45:54,0.0
VCLB_20260402.csv,2026-03-16 20:48:54,0.0
VCLB_20260402.csv,2026-03-16 20:51:54,0.0
VCLB_20260402.csv,2026-03-16 20:54:54,0.0
VCLB_20260402.csv,2026-03-16 20:57:54,0.0
VCLB_20260402.csv,2026-03-16 21:00:54,0.0
VCLB_20260402.csv,2026-03-16 21:03:54,0.0
VCLB_20260402.csv,2026-03-16 21:06:54,0.0
VCLB_20260402.csv,2026-03-16 21:09:54,0.0
VCLB_20260402.csv,2026-03-16 21:12:54,0.0
VCLB_20260402.csv,2026-03-16 21:18:54,0.0
VCLB_20260402.csv,2026-03-16 21:21:54,0.0
VCLB_20260402.csv,2026-03-16 21:24:54,0.0
VCLB_20260402.csv,2026-03-16 21:27:54,0.0
VCLB_20260402.csv,2026-03-16 21:33:54,0.0
VCLB_20260402.csv,2026-03-16 21:36:54,0.0
VCLB_20260402.csv,2026-03-16 21:39:54,0.0
VCLB_20260402.csv,2026-03-16 21:42:54,0.0
VCLB_20260402.csv,2026-03-16 21:45:54,0.0
VCLB_20260402.csv,2026-03-16 21:48:54,0.0
VCLB_20260402.csv,2026-03-16 21:51:54,0.0
VCLB_20260402.csv,2026-03-16 21:54:54,0.0
VCLB_20260402.csv,2026-03-16 21:57:54,0.0
VCLB_20260402.csv,2026-03-16 22:00:54,0.0
VCLB_20260402.csv,2026-03-16 22:03:54,0.0
VCLB_20260402.csv,2026-03-16 22:06:54,0.0
VCLB_20260402.csv,2026-03-16 22:09:54,0.0
VCLB_20260402.csv,2026-03-16 22:12:54,0.0
VCLB_20260402.csv,2026-03-16 22:15:54,0.0
VCLB_20260402.csv,2026-03-16 22:18:54,0.0
VCLB_20260402.csv,2026-03-16 22:21:54,0.0
VCLB_20260402.csv,2026-03-16 22:24:54,0.0
VCLB_20260402.csv,2026-03-16 22:27:54,0.0
VCLB_20260402.csv,2026-03-16 22:30:54,0.0
VCLB_20260402.csv,2026-03-16 22:33:54,0.0
VCLB_20260402.csv,2026-03-16 22:36:54,0.0
VCLB_20260402.csv,2026-03-16 22:39:54,0.0
VCLB_20260402.csv,2026-03-16 22:42:54,0.0
VCLB_20260402.csv,2026-03-16 22:45:54,0.0
VCLB_20260402.csv,2026-03-16 22:48:54,0.0
VCLB_20260402.csv,2026-03-16 22:51:54,0.0
VCLB_20260402.csv,2026-03-16 22:54:54,0.0
VCLB_20260402.csv,2026-03-16 22:57:54,0.0
VCLB_20260402.csv,2026-03-16 23:00:54,0.0
VCLB_20260402.csv,2026-03-16 23:03:54,0.0
VCLB_20260402.csv,2026-03-16 23:06:54,0.0
VCLB_20260402.csv,2026-03-16 23:09:54,0.0
VCLB_20260402.csv,2026-03-16 23:12:54,0.0
VCLB_20260402.csv,2026-03-16 23:15:54,0.0
VCLB_20260402.csv,2026-03-16 23:18:54,0.0
VCLB_20260402.csv,2026-03-16 23:21:54,0.0
VCLB_20260402.csv,2026-03-16 23:24:54,0.0
VCLB_20260402.csv,2026-03-16 23:27:54,0.0
VCLB_20260402.csv,2026-03-16 23:30:54,0.0
VCLB_20260402.csv,2026-03-16 23:33:54,0.0
VCLB_20260402.csv,2026-03-16 23:36:54,0.0
VCLB_20260402.csv,2026-03-16 23:39:54,0.0
VCLB_20260402.csv,2026-03-16 23:42:54,0.0
VCLB_20260402.csv,2026-03-16 23:45:54,0.0
VCLB_20260402.csv,2026-03-16 23:51:54,0.0
VCLB_20260402.csv,2026-03-16 23:54:54,0.0
VCLB_20260402.csv,2026-03-16 23:57:54,0.0
VCLB_20260402.csv,2026-03-17 00:00:54,0.0
VCLB_20260402.csv,2026-03-17 00:03:54,0.0
VCLB_20260402.csv,2026-03-17 00:06:54,0.0
VCLB_20260402.csv,2026-03-17 00:12:54,0.0
VCLB_20260402.csv,2026-03-17 00:15:54,0.0
VCLB_20260402.csv,2026-03-17 00:18:54,0.0
VCLB_20260402.csv,2026-03-17 00:21:54,0.0
VCLB_20260402.csv,2026-03-17 00:24:54,0.0
VCLB_20260402.csv,2026-03-17 00:27:54,0.0
VCLB_20260402.csv,2026-03-17 00:30:54,0.0
VCLB_20260402.csv,2026-03-17 00:33:54,0.0
VCLB_20260402.csv,2026-03-17 00:36:54,0.0
VCLB_20260402.csv,2026-03-17 00:42:54,0.0
VCLB_20260402.csv,2026-03-17 00:45:54,0.0
VCLB_20260402.csv,2026-03-17 00:48:54,0.0
VCLB_20260402.csv,2026-03-17 00:51:54,0.0
VCLB_20260402.csv,2026-03-17 00:54:54,0.0
VCLB_20260402.csv,2026-03-17 00:58:00,0.0
VCLB_20260402.csv,2026-03-17 01:00:54,0.0
VCLB_20260402.csv,2026-03-17 01:03:54,0.0
VCLB_20260402.csv,2026-03-17 01:06:54,0.0
VCLB_20260402.csv,2026-03-17 01:09:54,0.0
VCLB_20260402.csv,2026-03-17 01:12:54,0.0
VCLB_20260402.csv,2026-03-17 01:15:54,0.0
VCLB_20260402.csv,2026-03-17 01:18:54,0.0
VCLB_20260402.csv,2026-03-17 01:21:54,0.0
VCLB_20260402.csv,2026-03-17 01:24:54,0.0
VCLB_20260402.csv,2026-03-17 01:27:54,0.0
VCLB_20260402.csv,2026-03-17 01:30:54,0.0
VCLB_20260402.csv,2026-03-17 01:33:54,0.0
VCLB_20260402.csv,2026-03-17 01:36:54,0.0
VCLB_20260402.csv,2026-03-17 01:39:54,0.0
VCLB_20260402.csv,2026-03-17 01:42:54,0.0
VCLB_20260402.csv,2026-03-17 01:45:54,0.0
VCLB_20260402.csv,2026-03-17 01:48:54,0.0
VCLB_20260402.csv,2026-03-17 01:51:54,0.0
VCLB_20260402.csv,2026-03-17 01:54:54,0.0
VCLB_20260402.csv,2026-03-17 01:57:54,0.0
VCLB_20260402.csv,2026-03-17 02:00:54,0.0
VCLB_20260402.csv,2026-03-17 02:03:54,0.0
VCLB_20260402.csv,2026-03-17 02:06:54,0.0
VCLB_20260402.csv,2026-03-17 02:09:54,0.0
VCLB_20260402.csv,2026-03-17 02:12:54,0.0
VCLB_20260402.csv,2026-03-17 02:15:54,0.0
VCLB_20260402.csv,2026-03-17 02:18:54,0.0
VCLB_20260402.csv,2026-03-17 02:21:54,0.0
VCLB_20260402.csv,2026-03-17 02:24:54,0.0
VCLB_20260402.csv,2026-03-17 02:27:54,0.0
VCLB_20260402.csv,2026-03-17 02:30:54,0.0
VCLB_20260402.csv,2026-03-17 02:33:54,0.0
VCLB_20260402.csv,2026-03-17 02:36:54,0.0
VCLB_20260402.csv,2026-03-17 02:39:54,0.0
VCLB_20260402.csv,2026-03-17 02:42:54,0.0
VCLB_20260402.csv,2026-03-17 02:45:54,0.0
VCLB_20260402.csv,2026-03-17 02:48:54,0.0
VCLB_20260402.csv,2026-03-17 02:51:54,0.0
VCLB_20260402.csv,2026-03-17 02:54:54,0.0
VCLB_20260402.csv,2026-03-17 02:57:54,0.0
VCLB_20260402.csv,2026-03-17 03:00:54,0.0
VCLB_20260402.csv,2026-03-17 03:03:54,0.0
VCLB_20260402.csv,2026-03-17 03:06:54,0.0
VCLB_20260402.csv,2026-03-17 03:09:54,0.0
VCLB_20260402.csv,2026-03-17 03:12:54,0.0
VCLB_20260402.csv,2026-03-17 03:15:54,0.0
VCLB_20260402.csv,2026-03-17 03:18:54,0.0
VCLB_20260402.csv,2026-03-17 03:21:54,0.0
VCLB_20260402.csv,2026-03-17 03:24:54,0.0
VCLB_20260402.csv,2026-03-17 03:27:54,0.0
VCLB_20260402.csv,2026-03-17 03:30:54,0.0
VCLB_20260402.csv,2026-03-17 03:33:54,0.0
VCLB_20260402.csv,2026-03-17 03:36:54,0.0
VCLB_20260402.csv,2026-03-17 03:39:54,0.0
VCLB_20260402.csv,2026-03-17 03:42:54,0.0
VCLB_20260402.csv,2026-03-17 03:45:54,0.0
VCLB_20260402.csv,2026-03-17 03:48:54,0.0
VCLB_20260402.csv,2026-03-17 03:51:54,0.0
VCLB_20260402.csv,2026-03-17 03:54:54,0.0
VCLB_20260402.csv,2026-03-17 03:57:54,0.0
VCLB_20260402.csv,2026-03-17 04:00:54,0.0
VCLB_20260402.csv,2026-03-17 04:03:54,0.0
VCLB_20260402.csv,2026-03-17 04:06:54,0.0
VCLB_20260402.csv,2026-03-17 04:09:54,0.0
VCLB_20260402.csv,2026-03-17 04:12:54,0.0
VCLB_20260402.csv,2026-03-17 04:15:54,0.0
VCLB_20260402.csv,2026-03-17 04:18:54,0.0
VCLB_20260402.csv,2026-03-17 04:21:54,0.0
VCLB_20260402.csv,2026-03-17 04:24:54,0.0
VCLB_20260402.csv,2026-03-17 04:27:54,0.0
VCLB_20260402.csv,2026-03-17 04:30:54,0.0
VCLB_20260402.csv,2026-03-17 04:33:54,0.0
VCLB_20260402.csv,2026-03-17 04:36:54,0.0
VCLB_20260402.csv,2026-03-17 04:39:54,0.0
VCLB_20260402.csv,2026-03-17 04:42:54,0.0
VCLB_20260402.csv,2026-03-17 04:45:54,0.0
VCLB_20260402.csv,2026-03-17 04:48:54,0.0
VCLB_20260402.csv,2026-03-17 04:51:54,0.0
VCLB_20260402.csv,2026-03-17 04:54:54,0.0
VCLB_20260402.csv,2026-03-17 04:57:54,0.0
VCLB_20260402.csv,2026-03-17 05:00:54,0.0
VCLB_20260402.csv,2026-03-17 05:03:54,0.0
VCLB_20260402.csv,2026-03-17 05:06:54,0.0
VCLB_20260402.csv,2026-03-17 05:09:54,0.0
VCLB_20260402.csv,2026-03-17 05:12:54,0.0
VCLB_20260402.csv,2026-03-17 05:15:54,0.0
VCLB_20260402.csv,2026-03-17 05:18:54,0.0
VCLB_20260402.csv,2026-03-17 05:21:54,0.0
VCLB_20260402.csv,2026-03-17 05:24:54,0.0
VCLB_20260402.csv,2026-03-17 05:27:54,0.0
VCLB_20260402.csv,2026-03-17 05:30:54,0.0
VCLB_20260402.csv,2026-03-17 05:33:54,0.0
VCLB_20260402.csv,2026-03-17 05:36:54,0.0
VCLB_20260402.csv,2026-03-17 05:39:54,0.0
VCLB_20260402.csv,2026-03-17 05:42:54,0.0
VCLB_20260402.csv,2026-03-17 05:45:54,0.0
VCLB_20260402.csv,2026-03-17 05:48:54,0.0
VCLB_20260402.csv,2026-03-17 05:51:54,0.0
VCLB_20260402.csv,2026-03-17 05:54:54,0.0
VCLB_20260402.csv,2026-03-17 05:57:54,0.0
VCLB_20260402.csv,2026-03-17 06:00:53,0.0
VCLB_20260402.csv,2026-03-17 06:03:54,0.0
VCLB_20260402.csv,2026-03-17 06:06:54,0.0
VCLB_20260402.csv,2026-03-17 06:09:54,0.0
VCLB_20260402.csv,2026-03-17 06:12:54,0.0
VCLB_20260402.csv,2026-03-17 06:15:53,0.0
VCLB_20260402.csv,2026-03-17 06:18:54,0.0
VCLB_20260402.csv,2026-03-17 06:21:54,0.0
VCLB_20260402.csv,2026-03-17 06:24:53,0.0
VCLB_20260402.csv,2026-03-17 06:27:54,0.0
VCLB_20260402.csv,2026-03-17 06:33:53,0.0
VCLB_20260402.csv,2026-03-17 06:36:54,0.0
VCLB_20260402.csv,2026-03-17 06:39:53,0.0
VCLB_20260402.csv,2026-03-17 06:42:53,0.0
VCLB_20260402.csv,2026-03-17 06:45:53,0.0
VCLB_20260402.csv,2026-03-17 06:48:53,0.0
VCLB_20260402.csv,2026-03-17 06:51:54,0.0
VCLB_20260402.csv,2026-03-17 06:54:53,0.0
VCLB_20260402.csv,2026-03-17 06:57:53,0.0
VCLB_20260402.csv,2026-03-17 07:00:53,0.0
VCLB_20260402.csv,2026-03-17 07:03:53,0.0
VCLB_20260402.csv,2026-03-17 07:06:54,0.0
VCLB_20260402.csv,2026-03-17 07:09:53,0.0
VCLB_20260402.csv,2026-03-17 07:12:53,0.0
VCLB_20260402.csv,2026-03-17 07:15:53,0.0
VCLB_20260402.csv,2026-03-17 07:18:53,0.0
VCLB_20260402.csv,2026-03-17 07:21:54,0.0
VCLB_20260402.csv,2026-03-17 07:24:53,0.0
VCLB_20260402.csv,2026-03-17 07:27:53,0.0
VCLB_20260402.csv,2026-03-17 07:30:53,0.0
VCLB_20260402.csv,2026-03-17 07:33:53,0.0
VCLB_20260402.csv,2026-03-17 07:36:54,0.0
VCLB_20260402.csv,2026-03-17 07:39:53,0.0
VCLB_20260402.csv,2026-03-17 07:42:53,0.0
VCLB_20260402.csv,2026-03-17 07:45:53,0.0
VCLB_20260402.csv,2026-03-17 07:48:53,0.0
VCLB_20260402.csv,2026-03-17 07:51:54,0.0
VCLB_20260402.csv,2026-03-17 07:54:53,0.0
VCLB_20260402.csv,2026-03-17 07:57:53,0.0
VCLB_20260402.csv,2026-03-17 08:00:53,0.0
VCLB_20260402.csv,2026-03-17 08:03:53,0.0
VCLB_20260402.csv,2026-03-17 08:06:54,0.0
VCLB_20260402.csv,2026-03-17 08:09:53,0.0
VCLB_20260402.csv,2026-03-17 08:12:53,0.0
VCLB_20260402.csv,2026-03-17 08:15:53,0.0
VCLB_20260402.csv,2026-03-17 08:18:53,0.0
VCLB_20260402.csv,2026-03-17 08:21:53,0.0
VCLB_20260402.csv,2026-03-17 08:24:53,0.0
VCLB_20260402.csv,2026-03-17 08:27:53,0.0
VCLB_20260402.csv,2026-03-17 08:30:53,0.0
VCLB_20260402.csv,2026-03-17 08:33:53,0.0
VCLB_20260402.csv,2026-03-17 08:36:54,0.0
VCLB_20260402.csv,2026-03-17 08:39:53,0.0
VCLB_20260402.csv,2026-03-17 08:42:53,0.0
VCLB_20260402.csv,2026-03-17 08:45:53,0.0
VCLB_20260402.csv,2026-03-17 08:48:53,0.0
VCLB_20260402.csv,2026-03-17 08:51:54,0.0
VCLB_20260402.csv,2026-03-17 08:54:53,0.0
VCLB_20260402.csv,2026-03-17 08:57:53,0.0
VCLB_20260402.csv,2026-03-17 09:00:53,0.0
VCLB_20260402.csv,2026-03-17 09:03:53,0.0
VCLB_20260402.csv,2026-03-17 09:06:54,0.0
VCLB_20260402.csv,2026-03-17 09:09:53,0.0
VCLB_20260402.csv,2026-03-17 09:12:53,0.0
VCLB_20260402.csv,2026-03-17 09:15:53,0.0
VCLB_20260402.csv,2026-03-17 09:18:53,0.0
VCLB_20260402.csv,2026-03-17 09:21:53,0.0
VCLB_20260402.csv,2026-03-17 09:24:53,0.0
VCLB_20260402.csv,2026-03-17 09:30:53,0.0
VCLB_20260402.csv,2026-03-17 09:33:53,0.0
VCLB_20260402.csv,2026-03-17 09:36:53,0.0
VCLB_20260402.csv,2026-03-17 09:39:53,0.0
VCLB_20260402.csv,2026-03-17 09:42:53,0.0
VCLB_20260402.csv,2026-03-17 09:45:53,0.0
VCLB_20260402.csv,2026-03-17 09:48:53,0.0
VCLB_20260402.csv,2026-03-17 09:51:53,0.0
VCLB_20260402.csv,2026-03-17 09:54:53,0.0
VCLB_20260402.csv,2026-03-17 09:57:53,0.0
VCLB_20260402.csv,2026-03-17 10:00:53,0.0
VCLB_20260402.csv,2026-03-17 10:03:53,0.0
VCLB_20260402.csv,2026-03-17 10:06:53,0.0
VCLB_20260402.csv,2026-03-17 10:09:53,0.0
VCLB_20260402.csv,2026-03-17 10:12:53,0.0
VCLB_20260402.csv,2026-03-17 10:15:53,0.0
VCLB_20260402.csv,2026-03-17 10:18:53,0.0
VCLB_20260402.csv,2026-03-17 10:21:53,0.0
VCLB_20260402.csv,2026-03-17 10:24:54,0.0
VCLB_20260402.csv,2026-03-17 10:27:53,0.0
VCLB_20260402.csv,2026-03-17 10:30:53,0.0
VCLB_20260402.csv,2026-03-17 10:33:53,0.0
VCLB_20260402.csv,2026-03-17 10:36:53,0.0
VCLB_20260402.csv,2026-03-17 10:39:53,0.0
VCLB_20260402.csv,2026-03-17 10:42:53,0.0
VCLB_20260402.csv,2026-03-17 10:45:53,0.0
VCLB_20260402.csv,2026-03-17 10:48:53,0.0
VCLB_20260402.csv,2026-03-17 10:51:53,0.0
VCLB_20260402.csv,2026-03-17 10:54:53,0.0
VCLB_20260402.csv,2026-03-17 10:57:53,0.0
VCLB_20260402.csv,2026-03-17 11:00:53,0.0
VCLB_20260402.csv,2026-03-17 11:03:53,0.0
VCLB_20260402.csv,2026-03-17 11:06:53,0.0
VCLB_20260402.csv,2026-03-17 11:09:53,0.0
VCLB_20260402.csv,2026-03-17 11:12:53,0.0
VCLB_20260402.csv,2026-03-17 11:15:53,0.0
VCLB_20260402.csv,2026-03-17 11:18:53,0.0
VCLB_20260402.csv,2026-03-17 11:21:53,0.0
VCLB_20260402.csv,2026-03-17 11:24:53,0.0
VCLB_20260402.csv,2026-03-17 11:27:53,0.0
VCLB_20260402.csv,2026-03-17 11:30:53,0.0
VCLB_20260402.csv,2026-03-17 11:33:53,0.0
VCLB_20260402.csv,2026-03-17 11:36:53,0.0
VCLB_20260402.csv,2026-03-17 11:39:53,0.0
VCLB_20260402.csv,2026-03-17 11:42:54,0.0
VCLB_20260402.csv,2026-03-17 11:45:53,0.0
VCLB_20260402.csv,2026-03-17 11:48:53,0.0
VCLB_20260402.csv,2026-03-17 11:51:53,0.0
VCLB_20260402.csv,2026-03-17 11:54:53,0.0
VCLB_20260402.csv,2026-03-17 11:57:53,0.0
VCLB_20260402.csv,2026-03-17 12:00:53,0.0
VCLB_20260402.csv,2026-03-17 12:03:53,0.0
VCLB_20260402.csv,2026-03-17 12:06:53,0.0
VCLB_20260402.csv,2026-03-17 12:09:53,0.0
VCLB_20260402.csv,2026-03-17 12:12:53,0.0
VCLB_20260402.csv,2026-03-17 12:15:53,0.0
VCLB_20260402.csv,2026-03-17 12:18:53,0.0
VCLB_20260402.csv,2026-03-17 12:21:53,0.0
VCLB_20260402.csv,2026-03-17 12:24:53,0.0
VCLB_20260402.csv,2026-03-17 12:27:53,0.0
VCLB_20260402.csv,2026-03-17 12:30:53,0.0
VCLB_20260402.csv,2026-03-17 12:33:53,0.0
VCLB_20260402.csv,2026-03-17 12:36:53,0.0
VCLB_20260402.csv,2026-03-17 12:39:53,0.0
VCLB_20260402.csv,2026-03-17 12:42:53,0.0
VCLB_20260402.csv,2026-03-17 12:45:53,0.0
VCLB_20260402.csv,2026-03-17 12:48:53,0.0
VCLB_20260402.csv,2026-03-17 12:51:53,0.0
VCLB_20260402.csv,2026-03-17 12:54:53,0.0
VCLB_20260402.csv,2026-03-17 12:57:53,0.0
VCLB_20260402.csv,2026-03-17 13:00:53,0.0
VCLB_20260402.csv,2026-03-17 13:03:53,0.0
VCLB_20260402.csv,2026-03-17 13:06:53,0.0
VCLB_20260402.csv,2026-03-17 13:09:53,0.0
VCLB_20260402.csv,2026-03-17 13:12:53,0.0
VCLB_20260402.csv,2026-03-17 13:15:53,0.0
VCLB_20260402.csv,2026-03-17 13:18:53,0.0
VCLB_20260402.csv,2026-03-17 13:21:53,0.0
VCLB_20260402.csv,2026-03-17 13:24:53,0.0
VCLB_20260402.csv,2026-03-17 13:27:53,0.0
VCLB_20260402.csv,2026-03-17 13:30:53,0.0
VCLB_20260402.csv,2026-03-17 13:33:53,0.0
VCLB_20260402.csv,2026-03-17 13:36:53,0.0
VCLB_20260402.csv,2026-03-17 13:39:53,0.0
VCLB_20260402.csv,2026-03-17 13:42:53,0.0
VCLB_20260402.csv,2026-03-17 13:45:53,0.0
VCLB_20260402.csv,2026-03-17 13:48:53,0.0
VCLB_20260402.csv,2026-03-17 13:51:53,0.0
VCLB_20260402.csv,2026-03-17 13:54:53,0.0
VCLB_20260402.csv,2026-03-17 13:57:53,0.0
VCLB_20260402.csv,2026-03-17 14:00:53,0.0
VCLB_20260402.csv,2026-03-17 14:03:53,0.0
VCLB_20260402.csv,2026-03-17 14:06:53,0.0
VCLB_20260402.csv,2026-03-17 14:09:53,0.0
VCLB_20260402.csv,2026-03-17 14:12:53,0.0
VCLB_20260402.csv,2026-03-17 14:15:53,0.0
VCLB_20260402.csv,2026-03-17 14:18:53,0.0
VCLB_20260402.csv,2026-03-17 14:21:53,0.0
VCLB_20260402.csv,2026-03-17 14:24:53,0.0
VCLB_20260402.csv,2026-03-17 14:27:53,0.0
VCLB_20260402.csv,2026-03-17 14:30:53,0.0
VCLB_20260402.csv,2026-03-17 14:33:53,0.0
VCLB_20260402.csv,2026-03-17 14:36:53,0.0
VCLB_20260402.csv,2026-03-17 14:39:53,0.0
VCLB_20260402.csv,2026-03-17 14:42:53,0.0
VCLB_20260402.csv,2026-03-17 14:45:53,0.0
VCLB_20260402.csv,2026-03-17 14:48:53,0.0
VCLB_20260402.csv,2026-03-17 14:51:53,0.0
VCLB_20260402.csv,2026-03-17 14:54:53,0.0
VCLB_20260402.csv,2026-03-17 14:57:53,0.0
VCLB_20260402.csv,2026-03-17 15:00:53,0.0
VCLB_20260402.csv,2026-03-17 15:03:53,0.0
VCLB_20260402.csv,2026-03-17 15:06:53,0.0
VCLB_20260402.csv,2026-03-17 15:09:53,0.0
VCLB_20260402.csv,2026-03-17 15:12:53,0.0
VCLB_20260402.csv,2026-03-17 15:15:53,0.0
VCLB_20260402.csv,2026-03-17 15:18:53,0.0
VCLB_20260402.csv,2026-03-17 15:21:53,0.0
VCLB_20260402.csv,2026-03-17 15:24:53,0.0
VCLB_20260402.csv,2026-03-17 15:27:53,0.0
VCLB_20260402.csv,2026-03-17 15:30:53,0.0
VCLB_20260402.csv,2026-03-17 15:33:53,0.0
VCLB_20260402.csv,2026-03-17 15:36:53,0.0
VCLB_20260402.csv,2026-03-17 15:39:53,0.0
VCLB_20260402.csv,2026-03-17 15:42:53,0.0
VCLB_20260402.csv,2026-03-17 15:45:53,0.0
VCLB_20260402.csv,2026-03-17 15:48:53,0.0
VCLB_20260402.csv,2026-03-17 15:51:53,0.0
VCLB_20260402.csv,2026-03-17 15:54:53,0.0
VCLB_20260402.csv,2026-03-17 15:57:53,0.0
VCLB_20260402.csv,2026-03-17 16:00:53,0.0
VCLB_20260402.csv,2026-03-17 16:03:53,0.0
VCLB_20260402.csv,2026-03-17 16:06:53,0.0
VCLB_20260402.csv,2026-03-17 16:09:53,0.0
VCLB_20260402.csv,2026-03-17 16:12:53,0.0
VCLB_20260402.csv,2026-03-17 16:15:53,0.0
VCLB_20260402.csv,2026-03-17 16:18:53,0.0
VCLB_20260402.csv,2026-03-17 16:21:53,0.0
VCLB_20260402.csv,2026-03-17 16:24:53,0.0
VCLB_20260402.csv,2026-03-17 16:27:53,0.0
VCLB_20260402.csv,2026-03-17 16:30:53,0.0
VCLB_20260402.csv,2026-03-17 16:33:53,0.0
VCLB_20260402.csv,2026-03-17 16:36:53,0.0
VCLB_20260402.csv,2026-03-17 16:39:53,0.0
VCLB_20260402.csv,2026-03-17 16:42:53,0.0
VCLB_20260402.csv,2026-03-17 16:45:53,0.0
VCLB_20260402.csv,2026-03-17 16:48:53,0.0
VCLB_20260402.csv,2026-03-17 16:51:53,0.0
VCLB_20260402.csv,2026-03-17 16:54:53,0.0
VCLB_20260402.csv,2026-03-17 16:57:53,0.0
VCLB_20260402.csv,2026-03-17 17:00:53,0.0
VCLB_20260402.csv,2026-03-17 17:03:53,0.0
VCLB_20260402.csv,2026-03-17 17:06:53,0.0
VCLB_20260402.csv,2026-03-17 17:09:53,0.0
VCLB_20260402.csv,2026-03-17 17:12:53,0.0
VCLB_20260402.csv,2026-03-17 17:15:53,0.0
VCLB_20260402.csv,2026-03-17 17:18:53,0.0
VCLB_20260402.csv,2026-03-17 17:21:53,0.0
VCLB_20260402.csv,2026-03-17 17:24:53,0.0
VCLB_20260402.csv,2026-03-17 17:27:53,0.0
VCLB_20260402.csv,2026-03-17 17:30:53,0.0
VCLB_20260402.csv,2026-03-17 17:33:53,0.0
VCLB_20260402.csv,2026-03-17 17:36:53,0.0
VCLB_20260402.csv,2026-03-17 17:39:53,0.0
VCLB_20260402.csv,2026-03-17 17:42:53,0.0
VCLB_20260402.csv,2026-03-17 17:45:53,0.0
VCLB_20260402.csv,2026-03-17 17:48:53,0.0
VCLB_20260402.csv,2026-03-17 17:51:53,0.0
VCLB_20260402.csv,2026-03-17 17:54:53,0.0
VCLB_20260402.csv,2026-03-17 17:57:53,0.0
VCLB_20260402.csv,2026-03-17 18:00:53,0.0
VCLB_20260402.csv,2026-03-17 18:03:53,0.0
VCLB_20260402.csv,2026-03-17 18:06:53,0.0
VCLB_20260402.csv,2026-03-17 18:09:53,0.0
VCLB_20260402.csv,2026-03-17 18:12:53,0.0
VCLB_20260402.csv,2026-03-17 18:15:53,0.0
VCLB_20260402.csv,2026-03-17 18:18:53,0.0
VCLB_20260402.csv,2026-03-17 18:21:53,0.0
VCLB_20260402.csv,2026-03-17 18:24:53,0.0
VCLB_20260402.csv,2026-03-17 18:27:53,0.0
VCLB_20260402.csv,2026-03-17 18:30:53,0.0
VCLB_20260402.csv,2026-03-17 18:33:53,0.0
VCLB_20260402.csv,2026-03-17 18:36:53,0.0
VCLB_20260402.csv,2026-03-17 18:39:53,0.0
VCLB_20260402.csv,2026-03-17 18:42:53,0.0
VCLB_20260402.csv,2026-03-17 18:45:53,0.0
VCLB_20260402.csv,2026-03-17 18:48:53,0.0
VCLB_20260402.csv,2026-03-17 18:51:53,0.0
VCLB_20260402.csv,2026-03-17 18:54:53,0.0
VCLB_20260402.csv,2026-03-17 18:57:53,0.0
VCLB_20260402.csv,2026-03-17 19:00:53,0.0
VCLB_20260402.csv,2026-03-17 19:03:53,0.0
VCLB_20260402.csv,2026-03-17 19:06:53,0.0
VCLB_20260402.csv,2026-03-17 19:09:53,0.0
VCLB_20260402.csv,2026-03-17 19:12:53,0.0
VCLB_20260402.csv,2026-03-17 19:15:53,0.0
VCLB_20260402.csv,2026-03-17 19:18:53,0.0
VCLB_20260402.csv,2026-03-17 19:21:53,0.0
VCLB_20260402.csv,2026-03-17 19:24:53,0.0
VCLB_20260402.csv,2026-03-17 19:27:53,0.0
VCLB_20260402.csv,2026-03-17 19:30:53,0.0
VCLB_20260402.csv,2026-03-17 19:33:53,0.0
VCLB_20260402.csv,2026-03-17 19:36:53,0.0
VCLB_20260402.csv,2026-03-17 19:39:53,0.0
VCLB_20260402.csv,2026-03-17 19:42:53,0.0
VCLB_20260402.csv,2026-03-17 19:45:53,0.0
VCLB_20260402.csv,2026-03-17 19:48:53,0.0
VCLB_20260402.csv,2026-03-17 19:51:53,0.0
VCLB_20260402.csv,2026-03-17 19:54:53,0.0
VCLB_20260402.csv,2026-03-17 19:57:53,0.0
VCLB_20260402.csv,2026-03-17 20:00:53,0.0
VCLB_20260402.csv,2026-03-17 20:03:53,0.0
VCLB_20260402.csv,2026-03-17 20:06:53,0.0
VCLB_20260402.csv,2026-03-17 20:09:53,0.0
VCLB_20260402.csv,2026-03-17 20:12:53,0.0
VCLB_20260402.csv,2026-03-17 20:15:53,0.0
VCLB_20260402.csv,2026-03-17 20:18:53,0.0
VCLB_20260402.csv,2026-03-17 20:21:53,0.0
VCLB_20260402.csv,2026-03-17 20:24:53,0.0
VCLB_20260402.csv,2026-03-17 20:27:53,0.0
VCLB_20260402.csv,2026-03-17 20:30:53,0.0
VCLB_20260402.csv,2026-03-17 20:33:53,0.0
VCLB_20260402.csv,2026-03-17 20:36:53,0.0
VCLB_20260402.csv,2026-03-17 20:39:53,0.0
VCLB_20260402.csv,2026-03-17 20:42:53,0.0
VCLB_20260402.csv,2026-03-17 20:45:53,0.0
VCLB_20260402.csv,2026-03-17 20:48:53,0.0
VCLB_20260402.csv,2026-03-17 20:51:53,0.0
VCLB_20260402.csv,2026-03-17 20:54:53,0.0
VCLB_20260402.csv,2026-03-17 20:57:53,0.0
VCLB_20260402.csv,2026-03-17 21:00:53,0.0
VCLB_20260402.csv,2026-03-17 21:03:53,0.0
VCLB_20260402.csv,2026-03-17 21:06:53,0.0
VCLB_20260402.csv,2026-03-17 21:09:53,0.0
VCLB_20260402.csv,2026-03-17 21:12:53,0.0
VCLB_20260402.csv,2026-03-17 21:15:53,0.0
VCLB_20260402.csv,2026-03-17 21:18:53,0.0
VCLB_20260402.csv,2026-03-17 21:21:53,0.0
VCLB_20260402.csv,2026-03-17 21:24:53,0.0
VCLB_20260402.csv,2026-03-17 21:27:53,0.0
VCLB_20260402.csv,2026-03-17 21:30:53,0.0
VCLB_20260402.csv,2026-03-17 21:33:53,0.0
VCLB_20260402.csv,2026-03-17 21:36:53,0.0
VCLB_20260402.csv,2026-03-17 21:39:53,0.0
VCLB_20260402.csv,2026-03-17 21:42:53,0.0
VCLB_20260402.csv,2026-03-17 21:45:53,0.0
VCLB_20260402.csv,2026-03-17 21:48:53,0.0
VCLB_20260402.csv,2026-03-17 21:51:53,0.0
VCLB_20260402.csv,2026-03-17 21:54:53,0.0
VCLB_20260402.csv,2026-03-17 21:57:53,0.0
VCLB_20260402.csv,2026-03-17 22:00:53,0.0
VCLB_20260402.csv,2026-03-17 22:03:53,0.0
VCLB_20260402.csv,2026-03-17 22:06:53,0.0
VCLB_20260402.csv,2026-03-17 22:09:53,0.0
VCLB_20260402.csv,2026-03-17 22:12:53,0.0
VCLB_20260402.csv,2026-03-17 22:15:53,0.0
VCLB_20260402.csv,2026-03-17 22:18:53,0.0
VCLB_20260402.csv,2026-03-17 22:21:53,0.0
VCLB_20260402.csv,2026-03-17 22:24:53,0.0
VCLB_20260402.csv,2026-03-17 22:27:53,0.0
VCLB_20260402.csv,2026-03-17 22:30:53,0.0
VCLB_20260402.csv,2026-03-17 22:33:53,0.0
VCLB_20260402.csv,2026-03-17 22:36:53,0.0
VCLB_20260402.csv,2026-03-17 22:39:53,0.0
VCLB_20260402.csv,2026-03-17 22:42:53,0.0
VCLB_20260402.csv,2026-03-17 22:45:53,0.0
VCLB_20260402.csv,2026-03-17 22:48:53,0.0
VCLB_20260402.csv,2026-03-17 22:51:53,0.0
VCLB_20260402.csv,2026-03-17 22:54:53,0.0
VCLB_20260402.csv,2026-03-17 22:57:53,0.0
VCLB_20260402.csv,2026-03-17 23:00:53,0.0
VCLB_20260402.csv,2026-03-17 23:03:53,0.0
VCLB_20260402.csv,2026-03-17 23:06:53,0.0
VCLB_20260402.csv,2026-03-17 23:09:53,0.0
VCLB_20260402.csv,2026-03-17 23:12:53,0.0
VCLB_20260402.csv,2026-03-17 23:15:53,0.0
VCLB_20260402.csv,2026-03-17 23:18:53,0.0
VCLB_20260402.csv,2026-03-17 23:21:53,0.0
VCLB_20260402.csv,2026-03-17 23:24:53,0.0
VCLB_20260402.csv,2026-03-17 23:27:53,0.0
VCLB_20260402.csv,2026-03-17 23:30:53,0.0
VCLB_20260402.csv,2026-03-17 23:33:53,0.0
VCLB_20260402.csv,2026-03-17 23:36:53,0.0
VCLB_20260402.csv,2026-03-17 23:39:53,0.0
VCLB_20260402.csv,2026-03-17 23:42:53,0.0
VCLB_20260402.csv,2026-03-17 23:45:53,0.0
VCLB_20260402.csv,2026-03-17 23:48:53,0.0
VCLB_20260402.csv,2026-03-17 23:51:53,0.0
VCLB_20260402.csv,2026-03-17 23:54:53,0.0
VCLB_20260402.csv,2026-03-17 23:57:53,0.0
VCLB_20260402.csv,2026-03-18 00:00:53,0.0
VCLB_20260402.csv,2026-03-18 00:03:53,0.0
VCLB_20260402.csv,2026-03-18 00:06:53,0.0
VCLB_20260402.csv,2026-03-18 00:09:53,0.0
VCLB_20260402.csv,2026-03-18 00:12:53,0.0
VCLB_20260402.csv,2026-03-18 00:15:53,0.0
VCLB_20260402.csv,2026-03-18 00:18:53,0.0
VCLB_20260402.csv,2026-03-18 00:21:53,0.0
VCLB_20260402.csv,2026-03-18 00:24:52,0.0
VCLB_20260402.csv,2026-03-18 00:27:53,0.0
VCLB_20260402.csv,2026-03-18 00:30:53,0.0
VCLB_20260402.csv,2026-03-18 00:33:53,0.0
VCLB_20260402.csv,2026-03-18 00:36:53,0.0
VCLB_20260402.csv,2026-03-18 00:39:52,0.0
VCLB_20260402.csv,2026-03-18 00:42:53,0.0
VCLB_20260402.csv,2026-03-18 00:45:52,0.0
VCLB_20260402.csv,2026-03-18 00:48:53,0.0
VCLB_20260402.csv,2026-03-18 00:51:52,0.0
VCLB_20260402.csv,2026-03-18 00:54:53,0.0
VCLB_20260402.csv,2026-03-18 00:57:53,0.0
VCLB_20260402.csv,2026-03-18 01:00:52,0.0
VCLB_20260402.csv,2026-03-18 01:03:53,0.0
VCLB_20260402.csv,2026-03-18 01:06:52,0.0
VCLB_20260402.csv,2026-03-18 01:09:52,0.0
VCLB_20260402.csv,2026-03-18 01:12:52,0.0
VCLB_20260402.csv,2026-03-18 01:15:52,0.0
VCLB_20260402.csv,2026-03-18 01:18:52,0.0
VCLB_20260402.csv,2026-03-18 01:21:53,0.0
VCLB_20260402.csv,2026-03-18 01:24:52,0.0
VCLB_20260402.csv,2026-03-18 01:27:52,0.0
VCLB_20260402.csv,2026-03-18 01:30:52,0.0
VCLB_20260402.csv,2026-03-18 01:33:52,0.0
VCLB_20260402.csv,2026-03-18 01:36:53,0.0
VCLB_20260402.csv,2026-03-18 01:39:52,0.0
VCLB_20260402.csv,2026-03-18 01:42:52,0.0
VCLB_20260402.csv,2026-03-18 01:45:52,0.0
VCLB_20260402.csv,2026-03-18 01:48:52,0.0
VCLB_20260402.csv,2026-03-18 01:51:53,0.0
VCLB_20260402.csv,2026-03-18 01:57:52,0.0
VCLB_20260402.csv,2026-03-18 02:00:52,0.0
VCLB_20260402.csv,2026-03-18 02:03:52,0.0
VCLB_20260402.csv,2026-03-18 02:06:53,0.0
VCLB_20260402.csv,2026-03-18 02:09:52,0.0
VCLB_20260402.csv,2026-03-18 02:12:52,0.0
VCLB_20260402.csv,2026-03-18 02:15:52,0.0
VCLB_20260402.csv,2026-03-18 02:18:52,0.0
VCLB_20260402.csv,2026-03-18 02:21:53,0.0
VCLB_20260402.csv,2026-03-18 02:24:53,0.0
VCLB_20260402.csv,2026-03-18 02:27:52,0.0
VCLB_20260402.csv,2026-03-18 02:30:52,0.0
VCLB_20260402.csv,2026-03-18 02:33:52,0.0
VCLB_20260402.csv,2026-03-18 02:36:52,0.0
VCLB_20260402.csv,2026-03-18 02:39:52,0.0
VCLB_20260402.csv,2026-03-18 02:42:52,0.0
VCLB_20260402.csv,2026-03-18 02:45:52,0.0
VCLB_20260402.csv,2026-03-18 02:48:52,0.0
VCLB_20260402.csv,2026-03-18 02:51:52,0.0
VCLB_20260402.csv,2026-03-18 02:54:52,0.0
VCLB_20260402.csv,2026-03-18 02:57:52,0.0
VCLB_20260402.csv,2026-03-18 03:00:52,0.0
VCLB_20260402.csv,2026-03-18 03:03:52,0.0
VCLB_20260402.csv,2026-03-18 03:06:52,0.0
VCLB_20260402.csv,2026-03-18 03:09:53,0.0
VCLB_20260402.csv,2026-03-18 03:12:52,0.0
VCLB_20260402.csv,2026-03-18 03:15:52,0.0
VCLB_20260402.csv,2026-03-18 03:18:52,0.0
VCLB_20260402.csv,2026-03-18 03:21:52,0.0
VCLB_20260402.csv,2026-03-18 03:24:53,0.0
VCLB_20260402.csv,2026-03-18 03:27:52,0.0
VCLB_20260402.csv,2026-03-18 03:30:52,0.0
VCLB_20260402.csv,2026-03-18 03:33:52,0.0
VCLB_20260402.csv,2026-03-18 03:36:52,0.0
VCLB_20260402.csv,2026-03-18 03:39:52,0.0
VCLB_20260402.csv,2026-03-18 03:42:52,0.0
VCLB_20260402.csv,2026-03-18 03:45:52,0.0
VCLB_20260402.csv,2026-03-18 03:48:52,0.0
VCLB_20260402.csv,2026-03-18 03:51:52,0.0
VCLB_20260402.csv,2026-03-18 03:54:52,0.0
VCLB_20260402.csv,2026-03-18 03:57:52,0.0
VCLB_20260402.csv,2026-03-18 04:00:52,0.0
VCLB_20260402.csv,2026-03-18 04:03:52,0.0
VCLB_20260402.csv,2026-03-18 04:06:52,0.0
VCLB_20260402.csv,2026-03-18 04:09:52,0.0
VCLB_20260402.csv,2026-03-18 04:12:52,0.0
VCLB_20260402.csv,2026-03-18 04:15:52,0.0
VCLB_20260402.csv,2026-03-18 04:18:52,0.0
VCLB_20260402.csv,2026-03-18 04:21:52,0.0
VCLB_20260402.csv,2026-03-18 04:24:52,0.0
VCLB_20260402.csv,2026-03-18 04:27:52,0.0
VCLB_20260402.csv,2026-03-18 04:30:52,0.0
VCLB_20260402.csv,2026-03-18 04:33:52,0.0
VCLB_20260402.csv,2026-03-18 04:36:52,0.0
VCLB_20260402.csv,2026-03-18 04:39:52,0.0
VCLB_20260402.csv,2026-03-18 04:42:52,0.0
VCLB_20260402.csv,2026-03-18 04:45:52,0.0
VCLB_20260402.csv,2026-03-18 04:48:52,0.0
VCLB_20260402.csv,2026-03-18 04:51:52,0.0
VCLB_20260402.csv,2026-03-18 04:54:52,0.0
VCLB_20260402.csv,2026-03-18 04:57:52,0.0
VCLB_20260402.csv,2026-03-18 05:00:52,0.0
VCLB_20260402.csv,2026-03-18 05:03:52,0.0
VCLB_20260402.csv,2026-03-18 05:06:52,0.0
VCLB_20260402.csv,2026-03-18 05:09:52,0.0
VCLB_20260402.csv,2026-03-18 05:12:52,0.0
VCLB_20260402.csv,2026-03-18 05:15:52,0.0
VCLB_20260402.csv,2026-03-18 05:18:52,0.0
VCLB_20260402.csv,2026-03-18 05:21:53,0.0
VCLB_20260402.csv,2026-03-18 05:24:52,0.0
VCLB_20260402.csv,2026-03-18 05:27:52,0.0
VCLB_20260402.csv,2026-03-18 05:30:53,0.0
VCLB_20260402.csv,2026-03-18 05:33:52,0.0
VCLB_20260402.csv,2026-03-18 05:36:52,0.0
VCLB_20260402.csv,2026-03-18 05:39:52,0.0
VCLB_20260402.csv,2026-03-18 05:42:52,0.0
VCLB_20260402.csv,2026-03-18 05:45:52,0.0
VCLB_20260402.csv,2026-03-18 05:48:52,0.0
VCLB_20260402.csv,2026-03-18 05:51:52,0.0
VCLB_20260402.csv,2026-03-18 05:54:52,0.0
VCLB_20260402.csv,2026-03-18 05:57:52,0.0
VCLB_20260402.csv,2026-03-18 06:00:52,0.0
VCLB_20260402.csv,2026-03-18 06:03:53,0.0
VCLB_20260402.csv,2026-03-18 06:06:52,0.0
VCLB_20260402.csv,2026-03-18 06:09:52,0.0
VCLB_20260402.csv,2026-03-18 06:12:52,0.0
VCLB_20260402.csv,2026-03-18 06:15:52,0.0
VCLB_20260402.csv,2026-03-18 06:18:52,0.0
VCLB_20260402.csv,2026-03-18 06:21:52,0.0
VCLB_20260402.csv,2026-03-18 06:24:52,0.0
VCLB_20260402.csv,2026-03-18 06:27:52,0.0
VCLB_20260402.csv,2026-03-18 06:30:52,0.0
VCLB_20260402.csv,2026-03-18 06:33:52,0.0
VCLB_20260402.csv,2026-03-18 06:36:52,0.0
VCLB_20260402.csv,2026-03-18 06:39:52,0.0
VCLB_20260402.csv,2026-03-18 06:42:52,0.0
VCLB_20260402.csv,2026-03-18 06:45:52,0.0
VCLB_20260402.csv,2026-03-18 06:48:53,0.0
VCLB_20260402.csv,2026-03-18 06:51:52,0.0
VCLB_20260402.csv,2026-03-18 06:54:52,0.0
VCLB_20260402.csv,2026-03-18 06:57:52,0.0
VCLB_20260402.csv,2026-03-18 07:00:52,0.0
VCLB_20260402.csv,2026-03-18 07:03:52,0.0
VCLB_20260402.csv,2026-03-18 07:06:52,0.0
VCLB_20260402.csv,2026-03-18 07:09:52,0.0
VCLB_20260402.csv,2026-03-18 07:12:52,0.0
VCLB_20260402.csv,2026-03-18 07:15:52,0.0
VCLB_20260402.csv,2026-03-18 07:18:52,0.0
VCLB_20260402.csv,2026-03-18 07:21:52,0.0
VCLB_20260402.csv,2026-03-18 07:24:52,0.0
VCLB_20260402.csv,2026-03-18 07:27:52,0.0
VCLB_20260402.csv,2026-03-18 07:30:52,0.0
VCLB_20260402.csv,2026-03-18 07:33:52,0.0
VCLB_20260402.csv,2026-03-18 07:36:53,0.0
VCLB_20260402.csv,2026-03-18 07:39:52,0.0
VCLB_20260402.csv,2026-03-18 07:42:52,0.0
VCLB_20260402.csv,2026-03-18 07:45:52,0.0
VCLB_20260402.csv,2026-03-18 07:48:52,0.0
VCLB_20260402.csv,2026-03-18 07:51:53,0.0
VCLB_20260402.csv,2026-03-18 07:54:52,0.0
VCLB_20260402.csv,2026-03-18 07:57:52,0.0
VCLB_20260402.csv,2026-03-18 08:00:52,0.0
VCLB_20260402.csv,2026-03-18 08:03:52,0.0
VCLB_20260402.csv,2026-03-18 08:06:53,0.0
VCLB_20260402.csv,2026-03-18 08:09:52,0.0
VCLB_20260402.csv,2026-03-18 08:12:52,0.0
VCLB_20260402.csv,2026-03-18 08:15:52,0.0
VCLB_20260402.csv,2026-03-18 08:18:52,0.0
VCLB_20260402.csv,2026-03-18 08:21:52,0.0
VCLB_20260402.csv,2026-03-18 08:24:52,0.0
VCLB_20260402.csv,2026-03-18 08:27:52,0.0
VCLB_20260402.csv,2026-03-18 08:30:52,0.0
VCLB_20260402.csv,2026-03-18 08:33:52,0.0
VCLB_20260402.csv,2026-03-18 08:36:53,0.0
VCLB_20260402.csv,2026-03-18 08:39:52,0.0
VCLB_20260402.csv,2026-03-18 08:42:52,0.0
VCLB_20260402.csv,2026-03-18 08:45:52,0.0
VCLB_20260402.csv,2026-03-18 08:48:52,0.0
VCLB_20260402.csv,2026-03-18 08:51:52,0.0
VCLB_20260402.csv,2026-03-18 08:57:52,0.0
VCLB_20260402.csv,2026-03-18 09:00:52,0.0
VCLB_20260402.csv,2026-03-18 09:03:52,0.0
VCLB_20260402.csv,2026-03-18 09:06:52,0.0
VCLB_20260402.csv,2026-03-18 09:09:52,0.0
VCLB_20260402.csv,2026-03-18 09:12:52,0.0
VCLB_20260402.csv,2026-03-18 09:15:52,0.0
VCLB_20260402.csv,2026-03-18 09:18:52,0.0
VCLB_20260402.csv,2026-03-18 09:21:52,0.0
VCLB_20260402.csv,2026-03-18 09:24:53,0.0
VCLB_20260402.csv,2026-03-18 09:27:52,0.0
VCLB_20260402.csv,2026-03-18 09:30:52,0.0
VCLB_20260402.csv,2026-03-18 09:33:52,0.0
VCLB_20260402.csv,2026-03-18 09:36:52,0.0
VCLB_20260402.csv,2026-03-18 09:39:53,0.0
VCLB_20260402.csv,2026-03-18 09:42:52,0.0
VCLB_20260402.csv,2026-03-18 09:45:52,0.0
VCLB_20260402.csv,2026-03-18 09:48:52,0.0
VCLB_20260402.csv,2026-03-18 09:51:52,0.0
VCLB_20260402.csv,2026-03-18 09:54:52,0.0
VCLB_20260402.csv,2026-03-18 09:57:52,0.0
VCLB_20260402.csv,2026-03-18 10:00:52,0.0
VCLB_20260402.csv,2026-03-18 10:03:52,0.0
VCLB_20260402.csv,2026-03-18 10:06:52,0.0
VCLB_20260402.csv,2026-03-18 10:09:52,0.0
VCLB_20260402.csv,2026-03-18 10:12:52,0.0
VCLB_20260402.csv,2026-03-18 10:15:52,0.0
VCLB_20260402.csv,2026-03-18 10:18:52,0.0
VCLB_20260402.csv,2026-03-18 10:21:52,0.0
VCLB_20260402.csv,2026-03-18 10:24:52,0.0
VCLB_20260402.csv,2026-03-18 10:27:52,0.0
VCLB_20260402.csv,2026-03-18 10:30:52,0.0
VCLB_20260402.csv,2026-03-18 10:33:52,0.0
VCLB_20260402.csv,2026-03-18 10:36:52,0.0
VCLB_20260402.csv,2026-03-18 10:39:52,0.0
VCLB_20260402.csv,2026-03-18 10:42:52,0.0
VCLB_20260402.csv,2026-03-18 10:45:52,0.0
VCLB_20260402.csv,2026-03-18 10:48:52,0.0
VCLB_20260402.csv,2026-03-18 10:51:52,0.0
VCLB_20260402.csv,2026-03-18 10:54:52,0.0
VCLB_20260402.csv,2026-03-18 10:57:52,0.0
VCLB_20260402.csv,2026-03-18 11:00:52,0.0
VCLB_20260402.csv,2026-03-18 11:03:52,0.0
VCLB_20260402.csv,2026-03-18 11:06:52,0.0
VCLB_20260402.csv,2026-03-18 11:09:52,0.0
VCLB_20260402.csv,2026-03-18 11:12:52,0.0
VCLB_20260402.csv,2026-03-18 11:15:52,0.0
VCLB_20260402.csv,2026-03-18 11:18:52,0.0
VCLB_20260402.csv,2026-03-18 11:21:52,0.0
VCLB_20260402.csv,2026-03-18 11:24:52,0.0
VCLB_20260402.csv,2026-03-18 11:27:52,0.0
VCLB_20260402.csv,2026-03-18 11:30:52,0.0
VCLB_20260402.csv,2026-03-18 11:33:52,0.0
VCLB_20260402.csv,2026-03-18 11:36:52,0.0
VCLB_20260402.csv,2026-03-18 11:39:52,0.0
VCLB_20260402.csv,2026-03-18 11:42:52,0.0
VCLB_20260402.csv,2026-03-18 11:45:52,0.0
VCLB_20260402.csv,2026-03-18 11:48:52,0.0
VCLB_20260402.csv,2026-03-18 11:51:52,0.0
VCLB_20260402.csv,2026-03-18 11:54:52,0.0
VCLB_20260402.csv,2026-03-18 11:57:52,0.0
VCLB_20260402.csv,2026-03-18 12:00:52,0.0
VCLB_20260402.csv,2026-03-18 12:03:52,0.0
VCLB_20260402.csv,2026-03-18 12:06:52,0.0
VCLB_20260402.csv,2026-03-18 12:09:52,0.0
VCLB_20260402.csv,2026-03-18 12:12:52,0.0
VCLB_20260402.csv,2026-03-18 12:15:52,0.0
VCLB_20260402.csv,2026-03-18 12:18:52,0.0
VCLB_20260402.csv,2026-03-18 12:21:52,0.0
VCLB_20260402.csv,2026-03-18 12:24:52,0.0
VCLB_20260402.csv,2026-03-18 12:27:52,0.0
VCLB_20260402.csv,2026-03-18 12:30:52,0.0
VCLB_20260402.csv,2026-03-18 12:33:52,0.0
VCLB_20260402.csv,2026-03-18 12:36:52,0.0
VCLB_20260402.csv,2026-03-18 12:39:52,0.0
VCLB_20260402.csv,2026-03-18 12:42:52,0.0
VCLB_20260402.csv,2026-03-18 12:45:52,0.0
VCLB_20260402.csv,2026-03-18 12:48:52,0.0
VCLB_20260402.csv,2026-03-18 12:51:52,0.0
VCLB_20260402.csv,2026-03-18 12:54:52,0.0
VCLB_20260402.csv,2026-03-18 12:57:52,0.0
VCLB_20260402.csv,2026-03-18 13:00:52,0.0
VCLB_20260402.csv,2026-03-18 13:03:52,0.0
VCLB_20260402.csv,2026-03-18 13:06:52,0.0
VCLB_20260402.csv,2026-03-18 13:09:52,0.0
VCLB_20260402.csv,2026-03-18 13:12:52,0.0
VCLB_20260402.csv,2026-03-18 13:15:52,0.0
VCLB_20260402.csv,2026-03-18 13:18:52,0.0
VCLB_20260402.csv,2026-03-18 13:21:52,0.0
VCLB_20260402.csv,2026-03-18 13:24:52,0.0
VCLB_20260402.csv,2026-03-18 13:27:52,0.0
VCLB_20260402.csv,2026-03-18 13:30:52,0.0
VCLB_20260402.csv,2026-03-18 13:33:52,0.0
VCLB_20260402.csv,2026-03-18 13:36:52,0.0
VCLB_20260402.csv,2026-03-18 13:39:52,0.0
VCLB_20260402.csv,2026-03-18 13:42:52,0.0
VCLB_20260402.csv,2026-03-18 13:45:52,0.0
VCLB_20260402.csv,2026-03-18 13:48:52,0.0
VCLB_20260402.csv,2026-03-18 13:51:52,0.0
VCLB_20260402.csv,2026-03-18 13:54:52,0.0
VCLB_20260402.csv,2026-03-18 13:57:52,0.0
VCLB_20260402.csv,2026-03-18 14:00:52,0.0
VCLB_20260402.csv,2026-03-18 14:03:52,0.0
VCLB_20260402.csv,2026-03-18 14:06:52,0.0
VCLB_20260402.csv,2026-03-18 14:09:52,0.0
VCLB_20260402.csv,2026-03-18 14:12:52,0.0
VCLB_20260402.csv,2026-03-18 14:15:52,0.0
VCLB_20260402.csv,2026-03-18 14:18:52,0.0
VCLB_20260402.csv,2026-03-18 14:21:52,0.0
VCLB_20260402.csv,2026-03-18 14:24:52,0.0
VCLB_20260402.csv,2026-03-18 14:27:52,0.0
VCLB_20260402.csv,2026-03-18 14:30:52,0.0
VCLB_20260402.csv,2026-03-18 14:33:52,0.0
VCLB_20260402.csv,2026-03-18 14:36:52,0.0
VCLB_20260402.csv,2026-03-18 14:39:52,0.0
VCLB_20260402.csv,2026-03-18 14:42:52,0.0
VCLB_20260402.csv,2026-03-18 14:45:52,0.0
VCLB_20260402.csv,2026-03-18 14:48:52,0.0
VCLB_20260402.csv,2026-03-18 14:51:52,0.0
VCLB_20260402.csv,2026-03-18 14:54:52,0.0
VCLB_20260402.csv,2026-03-18 14:57:52,0.0
VCLB_20260402.csv,2026-03-18 15:00:52,0.0
VCLB_20260402.csv,2026-03-18 15:03:52,0.0
VCLB_20260402.csv,2026-03-18 15:06:52,0.0
VCLB_20260402.csv,2026-03-18 15:09:52,0.0
VCLB_20260402.csv,2026-03-18 15:12:52,0.0
VCLB_20260402.csv,2026-03-18 15:15:52,0.0
VCLB_20260402.csv,2026-03-18 15:18:52,0.0
VCLB_20260402.csv,2026-03-18 15:21:52,0.0
VCLB_20260402.csv,2026-03-18 15:24:52,0.0
VCLB_20260402.csv,2026-03-18 15:27:52,0.0
VCLB_20260402.csv,2026-03-18 15:30:52,0.0
VCLB_20260402.csv,2026-03-18 15:33:52,0.0
VCLB_20260402.csv,2026-03-18 15:36:52,0.0
VCLB_20260402.csv,2026-03-18 15:39:52,0.0
VCLB_20260402.csv,2026-03-18 15:42:52,0.0
VCLB_20260402.csv,2026-03-18 15:45:52,0.0
VCLB_20260402.csv,2026-03-18 15:48:52,0.0
VCLB_20260402.csv,2026-03-18 15:51:52,0.0
VCLB_20260402.csv,2026-03-18 15:54:52,0.0
VCLB_20260402.csv,2026-03-18 15:57:52,0.0
VCLB_20260402.csv,2026-03-18 16:00:52,0.0
VCLB_20260402.csv,2026-03-18 16:03:52,0.0
VCLB_20260402.csv,2026-03-18 16:06:52,0.0
VCLB_20260402.csv,2026-03-18 16:09:52,0.0
VCLB_20260402.csv,2026-03-18 16:12:52,0.0
VCLB_20260402.csv,2026-03-18 16:15:52,0.0
VCLB_20260402.csv,2026-03-18 16:18:52,0.0
VCLB_20260402.csv,2026-03-18 16:21:52,0.0
VCLB_20260402.csv,2026-03-18 16:24:52,0.0
VCLB_20260402.csv,2026-03-18 16:27:52,0.0
VCLB_20260402.csv,2026-03-18 16:30:52,0.0
VCLB_20260402.csv,2026-03-18 16:33:52,0.0
VCLB_20260402.csv,2026-03-18 16:36:52,0.0
VCLB_20260402.csv,2026-03-18 16:39:52,0.0
VCLB_20260402.csv,2026-03-18 16:42:52,0.0
VCLB_20260402.csv,2026-03-18 16:45:52,0.0
VCLB_20260402.csv,2026-03-18 16:48:52,0.0
VCLB_20260402.csv,2026-03-18 16:51:52,0.0
VCLB_20260402.csv,2026-03-18 16:54:52,0.0
VCLB_20260402.csv,2026-03-18 16:57:52,0.0
VCLB_20260402.csv,2026-03-18 17:00:52,0.0
VCLB_20260402.csv,2026-03-18 17:03:52,0.0
VCLB_20260402.csv,2026-03-18 17:06:52,0.0
VCLB_20260402.csv,2026-03-18 17:09:52,0.0
VCLB_20260402.csv,2026-03-18 17:12:52,0.0
VCLB_20260402.csv,2026-03-18 17:15:52,0.0
VCLB_20260402.csv,2026-03-18 17:18:52,0.0
VCLB_20260402.csv,2026-03-18 17:21:52,0.0
VCLB_20260402.csv,2026-03-18 17:24:52,0.0
VCLB_20260402.csv,2026-03-18 17:27:52,0.0
VCLB_20260402.csv,2026-03-18 17:30:52,0.0
VCLB_20260402.csv,2026-03-18 17:33:52,0.0
VCLB_20260402.csv,2026-03-18 17:36:52,0.0
VCLB_20260402.csv,2026-03-18 17:39:52,0.0
VCLB_20260402.csv,2026-03-18 17:42:52,0.0
VCLB_20260402.csv,2026-03-18 17:45:52,0.0
VCLB_20260402.csv,2026-03-18 17:48:52,0.0
VCLB_20260402.csv,2026-03-18 17:51:52,0.0
VCLB_20260402.csv,2026-03-18 17:54:52,0.0
VCLB_20260402.csv,2026-03-18 17:57:52,0.0
VCLB_20260402.csv,2026-03-18 18:00:52,0.0
VCLB_20260402.csv,2026-03-18 18:03:52,0.0
VCLB_20260402.csv,2026-03-18 18:06:52,0.0
VCLB_20260402.csv,2026-03-18 18:09:52,0.0
VCLB_20260402.csv,2026-03-18 18:12:52,0.0
VCLB_20260402.csv,2026-03-18 18:15:52,0.0
VCLB_20260402.csv,2026-03-18 18:18:52,0.0
VCLB_20260402.csv,2026-03-18 18:21:52,0.0
VCLB_20260402.csv,2026-03-18 18:24:52,0.0
VCLB_20260402.csv,2026-03-18 18:27:52,0.0
VCLB_20260402.csv,2026-03-18 18:30:52,0.0
VCLB_20260402.csv,2026-03-18 18:33:52,0.0
VCLB_20260402.csv,2026-03-18 18:36:52,0.0
VCLB_20260402.csv,2026-03-18 18:39:52,0.0
VCLB_20260402.csv,2026-03-18 18:42:52,0.0
VCLB_20260402.csv,2026-03-18 18:45:52,0.0
VCLB_20260402.csv,2026-03-18 18:48:52,0.0
VCLB_20260402.csv,2026-03-18 18:51:52,0.0
VCLB_20260402.csv,2026-03-18 18:54:52,0.0
VCLB_20260402.csv,2026-03-18 18:57:52,0.0
VCLB_20260402.csv,2026-03-18 19:00:52,0.0
VCLB_20260402.csv,2026-03-18 19:03:52,0.0
VCLB_20260402.csv,2026-03-18 19:06:52,0.0
VCLB_20260402.csv,2026-03-18 19:09:52,0.0
VCLB_20260402.csv,2026-03-18 19:12:52,0.0
VCLB_20260402.csv,2026-03-18 19:15:52,0.0
VCLB_20260402.csv,2026-03-18 19:18:52,0.0
VCLB_20260402.csv,2026-03-18 19:21:52,0.0
VCLB_20260402.csv,2026-03-18 19:24:52,0.0
VCLB_20260402.csv,2026-03-18 19:27:52,0.0
VCLB_20260402.csv,2026-03-18 19:30:52,0.0
VCLB_20260402.csv,2026-03-18 19:33:52,0.0
VCLB_20260402.csv,2026-03-18 19:36:52,0.0
VCLB_20260402.csv,2026-03-18 19:39:52,0.0
VCLB_20260402.csv,2026-03-18 19:42:52,0.0
VCLB_20260402.csv,2026-03-18 19:45:52,0.0
VCLB_20260402.csv,2026-03-18 19:51:52,0.0
VCLB_20260402.csv,2026-03-18 19:54:52,0.0
VCLB_20260402.csv,2026-03-18 19:57:52,0.0
VCLB_20260402.csv,2026-03-18 20:00:52,0.0
VCLB_20260402.csv,2026-03-18 20:03:52,0.0
VCLB_20260402.csv,2026-03-18 20:06:52,0.0
VCLB_20260402.csv,2026-03-18 20:09:52,0.0
VCLB_20260402.csv,2026-03-18 20:12:52,0.0
VCLB_20260402.csv,2026-03-18 20:15:52,0.0
VCLB_20260402.csv,2026-03-18 20:18:52,0.0
VCLB_20260402.csv,2026-03-18 20:21:52,0.0
VCLB_20260402.csv,2026-03-18 20:24:52,0.0
VCLB_20260402.csv,2026-03-18 20:27:52,0.0
VCLB_20260402.csv,2026-03-18 20:30:52,0.0
VCLB_20260402.csv,2026-03-18 20:33:52,0.0
VCLB_20260402.csv,2026-03-18 20:36:52,0.0
VCLB_20260402.csv,2026-03-18 20:39:52,0.0
VCLB_20260402.csv,2026-03-18 20:42:52,0.0
VCLB_20260402.csv,2026-03-18 20:45:52,0.0
VCLB_20260402.csv,2026-03-18 20:48:52,0.0
VCLB_20260402.csv,2026-03-18 20:51:52,0.0
VCLB_20260402.csv,2026-03-18 20:54:52,0.0
VCLB_20260402.csv,2026-03-18 20:57:52,0.0
VCLB_20260402.csv,2026-03-18 21:00:52,0.0
VCLB_20260402.csv,2026-03-18 21:03:52,0.0
VCLB_20260402.csv,2026-03-18 21:06:52,0.0
VCLB_20260402.csv,2026-03-18 21:09:52,0.0
VCLB_20260402.csv,2026-03-18 21:12:52,0.0
VCLB_20260402.csv,2026-03-18 21:15:52,0.0
VCLB_20260402.csv,2026-03-18 21:18:52,0.0
VCLB_20260402.csv,2026-03-18 21:21:52,0.0
VCLB_20260402.csv,2026-03-18 21:24:52,0.0
VCLB_20260402.csv,2026-03-18 21:27:52,0.0
VCLB_20260402.csv,2026-03-18 21:30:52,0.0
VCLB_20260402.csv,2026-03-18 21:33:52,0.0
VCLB_20260402.csv,2026-03-18 21:36:52,0.0
VCLB_20260402.csv,2026-03-18 21:39:52,0.0
VCLB_20260402.csv,2026-03-18 21:42:52,0.0
VCLB_20260402.csv,2026-03-18 21:45:52,0.0
VCLB_20260402.csv,2026-03-18 21:48:52,0.0
VCLB_20260402.csv,2026-03-18 21:51:52,0.0
VCLB_20260402.csv,2026-03-18 21:54:52,0.0
VCLB_20260402.csv,2026-03-18 21:57:52,0.0
VCLB_20260402.csv,2026-03-18 22:00:52,0.0
VCLB_20260402.csv,2026-03-18 22:03:52,0.0
VCLB_20260402.csv,2026-03-18 22:06:51,0.0
VCLB_20260402.csv,2026-03-18 22:09:52,0.0
VCLB_20260402.csv,2026-03-18 22:12:52,0.0
VCLB_20260402.csv,2026-03-18 22:15:52,0.0
VCLB_20260402.csv,2026-03-18 22:18:52,0.0
VCLB_20260402.csv,2026-03-18 22:21:51,0.0
VCLB_20260402.csv,2026-03-18 22:24:51,0.0
VCLB_20260402.csv,2026-03-18 22:27:51,0.0
VCLB_20260402.csv,2026-03-18 22:30:51,0.0
VCLB_20260402.csv,2026-03-18 22:33:51,0.0
VCLB_20260402.csv,2026-03-18 22:36:52,0.0
VCLB_20260402.csv,2026-03-18 22:39:51,0.0
VCLB_20260402.csv,2026-03-18 22:42:51,0.0
VCLB_20260402.csv,2026-03-18 22:45:51,0.0
VCLB_20260402.csv,2026-03-18 22:48:52,0.0
VCLB_20260402.csv,2026-03-18 22:51:51,0.0
VCLB_20260402.csv,2026-03-18 22:54:51,0.0
VCLB_20260402.csv,2026-03-18 22:57:52,0.0
VCLB_20260402.csv,2026-03-18 23:00:51,0.0
VCLB_20260402.csv,2026-03-18 23:03:52,0.0
VCLB_20260402.csv,2026-03-18 23:06:51,0.0
VCLB_20260402.csv,2026-03-18 23:09:51,0.0
VCLB_20260402.csv,2026-03-18 23:12:51,0.0
VCLB_20260402.csv,2026-03-18 23:15:51,0.0
VCLB_20260402.csv,2026-03-18 23:18:52,0.0
VCLB_20260402.csv,2026-03-18 23:21:51,0.0
VCLB_20260402.csv,2026-03-18 23:24:51,0.0
VCLB_20260402.csv,2026-03-18 23:27:51,0.0
VCLB_20260402.csv,2026-03-18 23:30:51,0.0
VCLB_20260402.csv,2026-03-18 23:33:51,0.0
VCLB_20260402.csv,2026-03-18 23:36:51,0.0
VCLB_20260402.csv,2026-03-18 23:39:51,0.0
VCLB_20260402.csv,2026-03-18 23:42:51,0.0
VCLB_20260402.csv,2026-03-18 23:45:51,0.0
VCLB_20260402.csv,2026-03-18 23:48:52,0.0
VCLB_20260402.csv,2026-03-18 23:51:51,0.0
VCLB_20260402.csv,2026-03-18 23:54:51,0.0
VCLB_20260402.csv,2026-03-18 23:57:51,0.0
VCLB_20260402.csv,2026-03-19 00:00:51,0.0
VCLB_20260402.csv,2026-03-19 00:03:52,0.0
VCLB_20260402.csv,2026-03-19 00:06:51,0.0
VCLB_20260402.csv,2026-03-19 00:09:51,0.0
VCLB_20260402.csv,2026-03-19 00:12:51,0.0
VCLB_20260402.csv,2026-03-19 00:15:51,0.0
VCLB_20260402.csv,2026-03-19 00:18:51,0.0
VCLB_20260402.csv,2026-03-19 00:24:51,0.0
VCLB_20260402.csv,2026-03-19 00:27:51,0.0
VCLB_20260402.csv,2026-03-19 00:30:51,0.0
VCLB_20260402.csv,2026-03-19 00:33:51,0.0
VCLB_20260402.csv,2026-03-19 00:36:51,0.0
VCLB_20260402.csv,2026-03-19 00:39:51,0.0
VCLB_20260402.csv,2026-03-19 00:42:51,0.0
VCLB_20260402.csv,2026-03-19 00:45:51,0.0
VCLB_20260402.csv,2026-03-19 00:48:51,0.0
VCLB_20260402.csv,2026-03-19 00:51:52,0.0
VCLB_20260402.csv,2026-03-19 00:54:51,0.0
VCLB_20260402.csv,2026-03-19 00:57:51,0.0
VCLB_20260402.csv,2026-03-19 01:00:51,0.0
VCLB_20260402.csv,2026-03-19 01:03:51,0.0
VCLB_20260402.csv,2026-03-19 01:06:52,0.0
VCLB_20260402.csv,2026-03-19 01:09:52,0.0
VCLB_20260402.csv,2026-03-19 01:12:51,0.0
VCLB_20260402.csv,2026-03-19 01:15:51,0.0
VCLB_20260402.csv,2026-03-19 01:18:51,0.0
VCLB_20260402.csv,2026-03-19 01:21:52,0.0
VCLB_20260402.csv,2026-03-19 01:24:51,0.0
VCLB_20260402.csv,2026-03-19 01:27:51,0.0
VCLB_20260402.csv,2026-03-19 01:30:51,0.0
VCLB_20260402.csv,2026-03-19 01:33:51,0.0
VCLB_20260402.csv,2026-03-19 01:36:51,0.0
VCLB_20260402.csv,2026-03-19 01:39:51,0.0
VCLB_20260402.csv,2026-03-19 01:42:51,0.0
VCLB_20260402.csv,2026-03-19 01:45:51,0.0
VCLB_20260402.csv,2026-03-19 01:48:51,0.0
VCLB_20260402.csv,2026-03-19 01:51:51,0.0
VCLB_20260402.csv,2026-03-19 01:54:52,0.0
VCLB_20260402.csv,2026-03-19 01:57:51,0.0
VCLB_20260402.csv,2026-03-19 02:00:51,0.0
VCLB_20260402.csv,2026-03-19 02:03:51,0.0
VCLB_20260402.csv,2026-03-19 02:06:51,0.0
VCLB_20260402.csv,2026-03-19 02:09:52,0.0
VCLB_20260402.csv,2026-03-19 02:12:51,0.0
VCLB_20260402.csv,2026-03-19 02:15:51,0.0
VCLB_20260402.csv,2026-03-19 02:18:51,0.0
VCLB_20260402.csv,2026-03-19 02:21:51,0.0
VCLB_20260402.csv,2026-03-19 02:24:52,0.0
VCLB_20260402.csv,2026-03-19 02:27:51,0.0
VCLB_20260402.csv,2026-03-19 02:30:51,0.0
VCLB_20260402.csv,2026-03-19 02:33:51,0.0
VCLB_20260402.csv,2026-03-19 02:36:51,0.0
VCLB_20260402.csv,2026-03-19 02:39:52,0.0
VCLB_20260402.csv,2026-03-19 02:42:51,0.0
VCLB_20260402.csv,2026-03-19 02:45:51,0.0
VCLB_20260402.csv,2026-03-19 02:48:51,0.0
VCLB_20260402.csv,2026-03-19 02:51:51,0.0
VCLB_20260402.csv,2026-03-19 02:54:51,0.0
VCLB_20260402.csv,2026-03-19 02:57:51,0.0
VCLB_20260402.csv,2026-03-19 03:00:51,0.0
VCLB_20260402.csv,2026-03-19 03:03:51,0.0
VCLB_20260402.csv,2026-03-19 03:06:51,0.0
VCLB_20260402.csv,2026-03-19 03:09:51,0.0
VCLB_20260402.csv,2026-03-19 03:12:52,0.0
VCLB_20260402.csv,2026-03-19 03:15:51,0.0
VCLB_20260402.csv,2026-03-19 03:18:51,0.0
VCLB_20260402.csv,2026-03-19 03:21:51,0.0
VCLB_20260402.csv,2026-03-19 03:24:52,0.0
VCLB_20260402.csv,2026-03-19 03:27:51,0.0
VCLB_20260402.csv,2026-03-19 03:30:51,0.0
VCLB_20260402.csv,2026-03-19 03:33:51,0.0
VCLB_20260402.csv,2026-03-19 03:36:51,0.0
VCLB_20260402.csv,2026-03-19 03:39:52,0.0
VCLB_20260402.csv,2026-03-19 03:42:51,0.0
VCLB_20260402.csv,2026-03-19 03:45:51,0.0
VCLB_20260402.csv,2026-03-19 03:48:51,0.0
VCLB_20260402.csv,2026-03-19 03:51:51,0.0
VCLB_20260402.csv,2026-03-19 03:54:51,0.0
VCLB_20260402.csv,2026-03-19 03:57:51,0.0
VCLB_20260402.csv,2026-03-19 04:00:51,0.0
VCLB_20260402.csv,2026-03-19 04:03:51,0.0
VCLB_20260402.csv,2026-03-19 04:06:51,0.0
VCLB_20260402.csv,2026-03-19 04:09:51,0.0
VCLB_20260402.csv,2026-03-19 04:15:51,0.0
VCLB_20260402.csv,2026-03-19 04:18:51,0.0
VCLB_20260402.csv,2026-03-19 04:21:51,0.0
VCLB_20260402.csv,2026-03-19 04:24:51,0.0
VCLB_20260402.csv,2026-03-19 04:27:51,0.0
VCLB_20260402.csv,2026-03-19 04:30:51,0.0
VCLB_20260402.csv,2026-03-19 04:33:51,0.0
VCLB_20260402.csv,2026-03-19 04:36:51,0.0
VCLB_20260402.csv,2026-03-19 04:39:51,0.0
VCLB_20260402.csv,2026-03-19 04:42:51,0.0
VCLB_20260402.csv,2026-03-19 04:45:51,0.0
VCLB_20260402.csv,2026-03-19 04:48:51,0.0
VCLB_20260402.csv,2026-03-19 04:51:51,0.0
VCLB_20260402.csv,2026-03-19 04:54:51,0.0
VCLB_20260402.csv,2026-03-19 04:57:51,0.0
VCLB_20260402.csv,2026-03-19 05:00:51,0.0
VCLB_20260402.csv,2026-03-19 05:03:51,0.0
VCLB_20260402.csv,2026-03-19 05:06:51,0.0
VCLB_20260402.csv,2026-03-19 05:09:51,0.0
VCLB_20260402.csv,2026-03-19 05:12:52,0.0
VCLB_20260402.csv,2026-03-19 05:15:51,0.0
VCLB_20260402.csv,2026-03-19 05:18:51,0.0
VCLB_20260402.csv,2026-03-19 05:21:51,0.0
VCLB_20260402.csv,2026-03-19 05:24:51,0.0
VCLB_20260402.csv,2026-03-19 05:27:51,0.0
VCLB_20260402.csv,2026-03-19 05:30:51,0.0
VCLB_20260402.csv,2026-03-19 05:33:51,0.0
VCLB_20260402.csv,2026-03-19 05:36:51,0.0
VCLB_20260402.csv,2026-03-19 05:39:51,0.0
VCLB_20260402.csv,2026-03-19 05:42:51,0.0
VCLB_20260402.csv,2026-03-19 05:45:51,0.0
VCLB_20260402.csv,2026-03-19 05:48:51,0.0
VCLB_20260402.csv,2026-03-19 05:51:51,0.0
VCLB_20260402.csv,2026-03-19 05:54:51,0.0
VCLB_20260402.csv,2026-03-19 05:57:51,0.0
VCLB_20260402.csv,2026-03-19 06:00:51,0.0
VCLB_20260402.csv,2026-03-19 06:03:51,0.0
VCLB_20260402.csv,2026-03-19 06:06:51,0.0
VCLB_20260402.csv,2026-03-19 06:09:51,0.0
VCLB_20260402.csv,2026-03-19 06:12:51,0.0
VCLB_20260402.csv,2026-03-19 06:15:51,0.0
VCLB_20260402.csv,2026-03-19 06:18:51,0.0
VCLB_20260402.csv,2026-03-19 06:21:51,0.0
VCLB_20260402.csv,2026-03-19 06:24:51,0.0
VCLB_20260402.csv,2026-03-19 06:27:51,0.0
VCLB_20260402.csv,2026-03-19 06:30:51,0.0
VCLB_20260402.csv,2026-03-19 06:33:51,0.0
VCLB_20260402.csv,2026-03-19 06:36:51,0.0
VCLB_20260402.csv,2026-03-19 06:39:51,0.0
VCLB_20260402.csv,2026-03-19 06:42:51,0.0
VCLB_20260402.csv,2026-03-19 06:45:51,0.0
VCLB_20260402.csv,2026-03-19 06:48:51,0.0
VCLB_20260402.csv,2026-03-19 06:51:51,0.0
VCLB_20260402.csv,2026-03-19 06:54:51,0.0
VCLB_20260402.csv,2026-03-19 06:57:51,0.0
VCLB_20260402.csv,2026-03-19 07:00:51,0.0
VCLB_20260402.csv,2026-03-19 07:03:51,0.0
VCLB_20260402.csv,2026-03-19 07:06:51,0.0
VCLB_20260402.csv,2026-03-19 07:09:51,0.0
VCLB_20260402.csv,2026-03-19 07:12:51,0.0
VCLB_20260402.csv,2026-03-19 07:15:51,0.0
VCLB_20260402.csv,2026-03-19 07:18:51,0.0
VCLB_20260402.csv,2026-03-19 07:21:51,0.0
VCLB_20260402.csv,2026-03-19 07:24:51,0.0
VCLB_20260402.csv,2026-03-19 07:27:51,0.0
VCLB_20260402.csv,2026-03-19 07:30:51,0.0
VCLB_20260402.csv,2026-03-19 07:33:51,0.0
VCLB_20260402.csv,2026-03-19 07:36:51,0.0
VCLB_20260402.csv,2026-03-19 07:39:51,0.0
VCLB_20260402.csv,2026-03-19 07:42:51,0.0
VCLB_20260402.csv,2026-03-19 07:45:51,0.0
VCLB_20260402.csv,2026-03-19 07:48:51,0.0
VCLB_20260402.csv,2026-03-19 07:51:51,0.0
VCLB_20260402.csv,2026-03-19 07:54:51,0.0
VCLB_20260402.csv,2026-03-19 07:57:51,0.0
VCLB_20260402.csv,2026-03-19 08:00:51,0.0
VCLB_20260402.csv,2026-03-19 08:03:51,0.0
VCLB_20260402.csv,2026-03-19 08:06:51,0.0
VCLB_20260402.csv,2026-03-19 08:09:51,0.0
VCLB_20260402.csv,2026-03-19 08:12:51,0.0
VCLB_20260402.csv,2026-03-19 08:15:52,0.0
VCLB_20260402.csv,2026-03-19 08:18:51,0.0
VCLB_20260402.csv,2026-03-19 08:21:51,0.0
VCLB_20260402.csv,2026-03-19 08:24:51,0.0
VCLB_20260402.csv,2026-03-19 08:27:51,0.0
VCLB_20260402.csv,2026-03-19 08:30:51,0.0
VCLB_20260402.csv,2026-03-19 08:33:51,0.0
VCLB_20260402.csv,2026-03-19 08:36:51,0.0
VCLB_20260402.csv,2026-03-19 08:39:51,0.0
VCLB_20260402.csv,2026-03-19 08:42:51,0.0
VCLB_20260402.csv,2026-03-19 08:45:51,0.0
VCLB_20260402.csv,2026-03-19 08:48:51,0.0
VCLB_20260402.csv,2026-03-19 08:51:51,0.0
VCLB_20260402.csv,2026-03-19 08:54:51,0.0
VCLB_20260402.csv,2026-03-19 08:57:51,0.0
VCLB_20260402.csv,2026-03-19 09:00:51,0.0
VCLB_20260402.csv,2026-03-19 09:03:51,0.0
VCLB_20260402.csv,2026-03-19 09:06:51,0.0
VCLB_20260402.csv,2026-03-19 09:09:51,0.0
VCLB_20260402.csv,2026-03-19 09:12:51,0.0
VCLB_20260402.csv,2026-03-19 09:15:51,0.0
VCLB_20260402.csv,2026-03-19 09:18:51,0.0
VCLB_20260402.csv,2026-03-19 09:21:51,0.0
VCLB_20260402.csv,2026-03-19 09:24:51,0.0
VCLB_20260402.csv,2026-03-19 09:27:51,0.0
VCLB_20260402.csv,2026-03-19 09:30:51,0.0
VCLB_20260402.csv,2026-03-19 09:33:51,0.0
VCLB_20260402.csv,2026-03-19 09:36:51,0.0
VCLB_20260402.csv,2026-03-19 09:39:51,0.0
VCLB_20260402.csv,2026-03-19 09:42:51,0.0
VCLB_20260402.csv,2026-03-19 09:45:51,0.0
VCLB_20260402.csv,2026-03-19 09:48:51,0.0
VCLB_20260402.csv,2026-03-19 09:51:51,0.0
VCLB_20260402.csv,2026-03-19 09:54:51,0.0
VCLB_20260402.csv,2026-03-19 09:57:51,0.0
VCLB_20260402.csv,2026-03-19 10:00:51,0.0
VCLB_20260402.csv,2026-03-19 10:03:51,0.0
VCLB_20260402.csv,2026-03-19 10:06:51,0.0
VCLB_20260402.csv,2026-03-19 10:09:51,0.0
VCLB_20260402.csv,2026-03-19 10:12:51,0.0
VCLB_20260402.csv,2026-03-19 10:15:51,0.0
VCLB_20260402.csv,2026-03-19 10:18:51,0.0
VCLB_20260402.csv,2026-03-19 10:21:51,0.0
VCLB_20260402.csv,2026-03-19 10:24:51,0.0
VCLB_20260402.csv,2026-03-19 10:27:51,0.0
VCLB_20260402.csv,2026-03-19 10:30:51,0.0
VCLB_20260402.csv,2026-03-19 10:33:51,0.0
VCLB_20260402.csv,2026-03-19 10:36:51,0.0
VCLB_20260402.csv,2026-03-19 10:39:51,0.0
VCLB_20260402.csv,2026-03-19 10:42:51,0.0
VCLB_20260402.csv,2026-03-19 10:45:51,0.0
VCLB_20260402.csv,2026-03-19 10:48:51,0.0
VCLB_20260402.csv,2026-03-19 10:51:51,0.0
VCLB_20260402.csv,2026-03-19 10:54:51,0.0
VCLB_20260402.csv,2026-03-19 10:57:51,0.0
VCLB_20260402.csv,2026-03-19 11:00:51,0.0
VCLB_20260402.csv,2026-03-19 11:03:51,0.0
VCLB_20260402.csv,2026-03-19 11:06:51,0.0
VCLB_20260402.csv,2026-03-19 11:09:51,0.0
VCLB_20260402.csv,2026-03-19 11:12:51,0.0
VCLB_20260402.csv,2026-03-19 11:15:51,0.0
VCLB_20260402.csv,2026-03-19 11:18:51,0.0
VCLB_20260402.csv,2026-03-19 11:21:51,0.0
VCLB_20260402.csv,2026-03-19 11:24:51,0.0
VCLB_20260402.csv,2026-03-19 11:27:51,0.0
VCLB_20260402.csv,2026-03-19 11:30:51,0.0
VCLB_20260402.csv,2026-03-19 11:33:51,0.0
VCLB_20260402.csv,2026-03-19 11:36:51,0.0
VCLB_20260402.csv,2026-03-19 11:39:51,0.0
VCLB_20260402.csv,2026-03-19 11:42:51,0.0
VCLB_20260402.csv,2026-03-19 11:45:51,0.0
VCLB_20260402.csv,2026-03-19 11:48:51,0.0
VCLB_20260402.csv,2026-03-19 11:51:51,0.0
VCLB_20260402.csv,2026-03-19 11:54:51,0.0
VCLB_20260402.csv,2026-03-19 11:57:51,0.0
VCLB_20260402.csv,2026-03-19 12:00:51,0.0
VCLB_20260402.csv,2026-03-19 12:03:51,0.0
VCLB_20260402.csv,2026-03-19 12:06:51,0.0
VCLB_20260402.csv,2026-03-19 12:09:51,0.0
VCLB_20260402.csv,2026-03-19 12:12:51,0.0
VCLB_20260402.csv,2026-03-19 12:15:51,0.0
VCLB_20260402.csv,2026-03-19 12:18:51,0.0
VCLB_20260402.csv,2026-03-19 12:21:51,0.0
VCLB_20260402.csv,2026-03-19 12:24:51,0.0
VCLB_20260402.csv,2026-03-19 12:27:51,0.0
VCLB_20260402.csv,2026-03-19 12:30:51,0.0
VCLB_20260402.csv,2026-03-19 12:33:51,0.0
VCLB_20260402.csv,2026-03-19 12:36:51,0.0
VCLB_20260402.csv,2026-03-19 12:39:51,0.0
VCLB_20260402.csv,2026-03-19 12:42:51,0.0
VCLB_20260402.csv,2026-03-19 12:45:51,0.0
VCLB_20260402.csv,2026-03-19 12:48:51,0.0
VCLB_20260402.csv,2026-03-19 12:51:51,0.0
VCLB_20260402.csv,2026-03-19 12:54:51,0.0
VCLB_20260402.csv,2026-03-19 12:57:51,0.0
VCLB_20260402.csv,2026-03-19 13:00:51,0.0
VCLB_20260402.csv,2026-03-19 13:03:51,0.0
VCLB_20260402.csv,2026-03-19 13:06:51,0.0
VCLB_20260402.csv,2026-03-19 13:09:51,0.0
VCLB_20260402.csv,2026-03-19 13:12:51,0.0
VCLB_20260402.csv,2026-03-19 13:15:51,0.0
VCLB_20260402.csv,2026-03-19 13:18:51,0.0
VCLB_20260402.csv,2026-03-19 13:21:51,0.0
VCLB_20260402.csv,2026-03-19 13:24:51,0.0
VCLB_20260402.csv,2026-03-19 13:27:51,0.0
VCLB_20260402.csv,2026-03-19 13:30:51,0.0
VCLB_20260402.csv,2026-03-19 13:33:51,0.0
VCLB_20260402.csv,2026-03-19 13:36:51,0.0
VCLB_20260402.csv,2026-03-19 13:39:51,0.0
VCLB_20260402.csv,2026-03-19 13:42:51,0.0
VCLB_20260402.csv,2026-03-19 13:45:51,0.0
VCLB_20260402.csv,2026-03-19 13:48:51,0.0
VCLB_20260402.csv,2026-03-19 13:51:51,0.0
VCLB_20260402.csv,2026-03-19 13:54:51,0.0
VCLB_20260402.csv,2026-03-19 13:57:51,0.0
VCLB_20260402.csv,2026-03-19 14:00:51,0.0
VCLB_20260402.csv,2026-03-19 14:03:51,0.0
VCLB_20260402.csv,2026-03-19 14:06:51,0.0
VCLB_20260402.csv,2026-03-19 14:09:51,0.0
VCLB_20260402.csv,2026-03-19 14:12:51,0.0
VCLB_20260402.csv,2026-03-19 14:15:51,0.0
VCLB_20260402.csv,2026-03-19 14:18:51,0.0
VCLB_20260402.csv,2026-03-19 14:21:51,0.0
VCLB_20260402.csv,2026-03-19 14:24:51,0.0
VCLB_20260402.csv,2026-03-19 14:27:51,0.0
VCLB_20260402.csv,2026-03-19 14:30:51,0.0
VCLB_20260402.csv,2026-03-19 14:33:51,0.0
VCLB_20260402.csv,2026-03-19 14:36:51,0.0
VCLB_20260402.csv,2026-03-19 14:39:51,0.0
VCLB_20260402.csv,2026-03-19 14:42:51,0.0
VCLB_20260402.csv,2026-03-19 14:45:51,0.0
VCLB_20260402.csv,2026-03-19 14:48:51,0.0
VCLB_20260402.csv,2026-03-19 14:51:51,0.0
VCLB_20260402.csv,2026-03-19 14:54:51,0.0
VCLB_20260402.csv,2026-03-19 14:57:51,0.0
VCLB_20260402.csv,2026-03-19 15:00:51,0.0
VCLB_20260402.csv,2026-03-19 15:03:51,0.0
VCLB_20260402.csv,2026-03-19 15:06:51,0.0
VCLB_20260402.csv,2026-03-19 15:09:51,0.0
VCLB_20260402.csv,2026-03-19 15:12:51,0.0
VCLB_20260402.csv,2026-03-19 15:15:51,0.0
VCLB_20260402.csv,2026-03-19 15:18:51,0.0
VCLB_20260402.csv,2026-03-19 15:21:51,0.0
VCLB_20260402.csv,2026-03-19 15:24:51,0.0
VCLB_20260402.csv,2026-03-19 15:27:51,0.0
VCLB_20260402.csv,2026-03-19 15:30:51,0.0
VCLB_20260402.csv,2026-03-19 15:33:51,0.0
VCLB_20260402.csv,2026-03-19 15:36:51,0.0
VCLB_20260402.csv,2026-03-19 15:39:51,0.0
VCLB_20260402.csv,2026-03-19 15:42:51,0.0
VCLB_20260402.csv,2026-03-19 15:45:51,0.0
VCLB_20260402.csv,2026-03-19 15:48:51,0.0
VCLB_20260402.csv,2026-03-19 15:51:51,0.0
VCLB_20260402.csv,2026-03-19 15:54:51,0.0
VCLB_20260402.csv,2026-03-19 15:57:51,0.0
VCLB_20260402.csv,2026-03-19 16:00:51,0.0
VCLB_20260402.csv,2026-03-19 16:03:51,0.0
VCLB_20260402.csv,2026-03-19 16:06:51,0.0
VCLB_20260402.csv,2026-03-19 16:09:51,0.0
VCLB_20260402.csv,2026-03-19 16:12:51,0.0
VCLB_20260402.csv,2026-03-19 16:15:51,0.0
VCLB_20260402.csv,2026-03-19 16:18:51,0.0
VCLB_20260402.csv,2026-03-19 16:21:51,0.0
VCLB_20260402.csv,2026-03-19 16:24:51,0.0
VCLB_20260402.csv,2026-03-19 16:27:51,0.0
VCLB_20260402.csv,2026-03-19 16:30:51,0.0
VCLB_20260402.csv,2026-03-19 16:33:51,0.0
VCLB_20260402.csv,2026-03-19 16:36:51,0.0
VCLB_20260402.csv,2026-03-19 16:39:51,0.0
VCLB_20260402.csv,2026-03-19 16:42:51,0.0
VCLB_20260402.csv,2026-03-19 16:45:51,0.0
VCLB_20260402.csv,2026-03-19 16:48:51,0.0
VCLB_20260402.csv,2026-03-19 16:51:51,0.0
VCLB_20260402.csv,2026-03-19 16:54:51,0.0
VCLB_20260402.csv,2026-03-19 16:57:51,0.0
VCLB_20260402.csv,2026-03-19 17:00:51,0.0
VCLB_20260402.csv,2026-03-19 17:03:51,0.0
VCLB_20260402.csv,2026-03-19 17:06:51,0.0
VCLB_20260402.csv,2026-03-19 17:09:51,0.0
VCLB_20260402.csv,2026-03-19 17:12:51,0.0
VCLB_20260402.csv,2026-03-19 17:15:51,0.0
VCLB_20260402.csv,2026-03-19 17:18:51,0.0
VCLB_20260402.csv,2026-03-19 17:21:51,0.0
VCLB_20260402.csv,2026-03-19 17:24:51,0.0
VCLB_20260402.csv,2026-03-19 17:27:51,0.0
VCLB_20260402.csv,2026-03-19 17:30:51,0.0
VCLB_20260402.csv,2026-03-19 17:33:51,0.0
VCLB_20260402.csv,2026-03-19 17:36:51,0.0
VCLB_20260402.csv,2026-03-19 17:39:51,0.0
VCLB_20260402.csv,2026-03-19 17:42:51,0.0
VCLB_20260402.csv,2026-03-19 17:45:51,0.0
VCLB_20260402.csv,2026-03-19 17:48:51,0.0
VCLB_20260402.csv,2026-03-19 17:51:51,0.0
VCLB_20260402.csv,2026-03-19 17:54:51,0.0
VCLB_20260402.csv,2026-03-19 17:57:51,0.0
VCLB_20260402.csv,2026-03-19 18:00:51,0.0
VCLB_20260402.csv,2026-03-19 18:03:51,0.0
VCLB_20260402.csv,2026-03-19 18:06:51,0.0
VCLB_20260402.csv,2026-03-19 18:09:51,0.0
VCLB_20260402.csv,2026-03-19 18:12:51,0.0
VCLB_20260402.csv,2026-03-19 18:15:51,0.0
VCLB_20260402.csv,2026-03-19 18:18:51,0.0
VCLB_20260402.csv,2026-03-19 18:21:51,0.0
VCLB_20260402.csv,2026-03-19 18:24:51,0.0
VCLB_20260402.csv,2026-03-19 18:27:51,0.0
VCLB_20260402.csv,2026-03-19 18:30:51,0.0
VCLB_20260402.csv,2026-03-19 18:33:51,0.0
VCLB_20260402.csv,2026-03-19 18:36:51,0.0
VCLB_20260402.csv,2026-03-19 18:39:50,0.0
VCLB_20260402.csv,2026-03-19 18:42:50,0.0
VCLB_20260402.csv,2026-03-19 18:45:50,0.0
VCLB_20260402.csv,2026-03-19 18:48:50,0.0
VCLB_20260402.csv,2026-03-19 18:51:51,0.0
VCLB_20260402.csv,2026-03-19 18:54:50,0.0
VCLB_20260402.csv,2026-03-19 19:00:50,0.0
VCLB_20260402.csv,2026-03-19 19:03:50,0.0
VCLB_20260402.csv,2026-03-19 19:06:51,0.0
VCLB_20260402.csv,2026-03-19 19:09:50,0.0
VCLB_20260402.csv,2026-03-19 19:12:50,0.0
VCLB_20260402.csv,2026-03-19 19:15:50,0.0
VCLB_20260402.csv,2026-03-19 19:18:50,0.0
VCLB_20260402.csv,2026-03-19 19:21:50,0.0
VCLB_20260402.csv,2026-03-19 19:24:50,0.0
VCLB_20260402.csv,2026-03-19 19:27:50,0.0
VCLB_20260402.csv,2026-03-19 19:30:50,0.0
VCLB_20260402.csv,2026-03-19 19:33:50,0.0
VCLB_20260402.csv,2026-03-19 19:36:51,0.0
VCLB_20260402.csv,2026-03-19 19:39:50,0.0
VCLB_20260402.csv,2026-03-19 19:42:50,0.0
VCLB_20260402.csv,2026-03-19 19:45:50,0.0
VCLB_20260402.csv,2026-03-19 19:48:50,0.0
VCLB_20260402.csv,2026-03-19 19:51:51,0.0
VCLB_20260402.csv,2026-03-19 19:54:50,0.0
VCLB_20260402.csv,2026-03-19 19:57:50,0.0
VCLB_20260402.csv,2026-03-19 20:00:50,0.0
VCLB_20260402.csv,2026-03-19 20:03:50,0.0
VCLB_20260402.csv,2026-03-19 20:06:51,0.0
VCLB_20260402.csv,2026-03-19 20:09:50,0.0
VCLB_20260402.csv,2026-03-19 20:12:50,0.0
VCLB_20260402.csv,2026-03-19 20:15:50,0.0
VCLB_20260402.csv,2026-03-19 20:18:50,0.0
VCLB_20260402.csv,2026-03-19 20:21:50,0.0
VCLB_20260402.csv,2026-03-19 20:24:50,0.0
VCLB_20260402.csv,2026-03-19 20:27:50,0.0
VCLB_20260402.csv,2026-03-19 20:30:50,0.0
VCLB_20260402.csv,2026-03-19 20:33:50,0.0
VCLB_20260402.csv,2026-03-19 20:36:51,0.0
VCLB_20260402.csv,2026-03-19 20:39:50,0.0
VCLB_20260402.csv,2026-03-19 20:42:50,0.0
VCLB_20260402.csv,2026-03-19 20:45:50,0.0
VCLB_20260402.csv,2026-03-19 20:48:50,0.0
VCLB_20260402.csv,2026-03-19 20:51:50,0.0
VCLB_20260402.csv,2026-03-19 20:54:50,0.0
VCLB_20260402.csv,2026-03-19 20:57:50,0.0
VCLB_20260402.csv,2026-03-19 21:00:50,0.0
VCLB_20260402.csv,2026-03-19 21:03:50,0.0
VCLB_20260402.csv,2026-03-19 21:06:51,0.0
VCLB_20260402.csv,2026-03-19 21:09:50,0.0
VCLB_20260402.csv,2026-03-19 21:12:50,0.0
VCLB_20260402.csv,2026-03-19 21:15:50,0.0
VCLB_20260402.csv,2026-03-19 21:18:50,0.0
VCLB_20260402.csv,2026-03-19 21:21:51,0.0
VCLB_20260402.csv,2026-03-19 21:24:50,0.0
VCLB_20260402.csv,2026-03-19 21:27:50,0.0
VCLB_20260402.csv,2026-03-19 21:30:50,0.0
VCLB_20260402.csv,2026-03-19 21:33:50,0.0
VCLB_20260402.csv,2026-03-19 21:36:51,0.0
VCLB_20260402.csv,2026-03-19 21:39:50,0.0
VCLB_20260402.csv,2026-03-19 21:42:50,0.0
VCLB_20260402.csv,2026-03-19 21:45:50,0.0
VCLB_20260402.csv,2026-03-19 21:48:50,0.0
VCLB_20260402.csv,2026-03-19 21:51:51,0.0
VCLB_20260402.csv,2026-03-19 21:54:50,0.0
VCLB_20260402.csv,2026-03-19 21:57:50,0.0
VCLB_20260402.csv,2026-03-19 22:00:50,0.0
VCLB_20260402.csv,2026-03-19 22:03:50,0.0
VCLB_20260402.csv,2026-03-19 22:06:50,0.0
VCLB_20260402.csv,2026-03-19 22:09:50,0.0
VCLB_20260402.csv,2026-03-19 22:12:50,0.0
VCLB_20260402.csv,2026-03-19 22:15:50,0.0
VCLB_20260402.csv,2026-03-19 22:18:50,0.0
VCLB_20260402.csv,2026-03-19 22:21:51,0.0
VCLB_20260402.csv,2026-03-19 22:24:50,0.0
VCLB_20260402.csv,2026-03-19 22:27:50,0.0
VCLB_20260402.csv,2026-03-19 22:30:50,0.0
VCLB_20260402.csv,2026-03-19 22:33:50,0.0
VCLB_20260402.csv,2026-03-19 22:36:51,0.0
VCLB_20260402.csv,2026-03-19 22:39:50,0.0
VCLB_20260402.csv,2026-03-19 22:42:50,0.0
VCLB_20260402.csv,2026-03-19 22:45:50,0.0
VCLB_20260402.csv,2026-03-19 22:48:50,0.0
VCLB_20260402.csv,2026-03-19 22:51:51,0.0
VCLB_20260402.csv,2026-03-19 22:54:50,0.0
VCLB_20260402.csv,2026-03-19 22:57:50,0.0
VCLB_20260402.csv,2026-03-19 23:00:50,0.0
VCLB_20260402.csv,2026-03-19 23:03:50,0.0
VCLB_20260402.csv,2026-03-19 23:06:50,0.0
VCLB_20260402.csv,2026-03-19 23:09:50,0.0
VCLB_20260402.csv,2026-03-19 23:12:50,0.0
VCLB_20260402.csv,2026-03-19 23:15:50,0.0
VCLB_20260402.csv,2026-03-19 23:18:50,0.0
VCLB_20260402.csv,2026-03-19 23:21:50,0.0
VCLB_20260402.csv,2026-03-19 23:24:50,0.0
VCLB_20260402.csv,2026-03-19 23:27:50,0.0
VCLB_20260402.csv,2026-03-19 23:30:50,0.0
VCLB_20260402.csv,2026-03-19 23:33:50,0.0
VCLB_20260402.csv,2026-03-19 23:36:50,0.0
VCLB_20260402.csv,2026-03-19 23:39:50,0.0
VCLB_20260402.csv,2026-03-19 23:42:50,0.0
VCLB_20260402.csv,2026-03-19 23:45:50,0.0
VCLB_20260402.csv,2026-03-19 23:48:51,0.0
VCLB_20260402.csv,2026-03-19 23:51:50,0.0
VCLB_20260402.csv,2026-03-19 23:54:50,0.0
VCLB_20260402.csv,2026-03-19 23:57:50,0.0
VCLB_20260402.csv,2026-03-20 00:00:50,0.0
VCLB_20260402.csv,2026-03-20 00:03:51,0.0
VCLB_20260402.csv,2026-03-20 00:06:50,0.0
VCLB_20260402.csv,2026-03-20 00:09:50,0.0
VCLB_20260402.csv,2026-03-20 00:12:50,0.0
VCLB_20260402.csv,2026-03-20 00:15:50,0.0
VCLB_20260402.csv,2026-03-20 00:18:51,0.0
VCLB_20260402.csv,2026-03-20 00:21:50,0.0
VCLB_20260402.csv,2026-03-20 00:24:50,0.0
VCLB_20260402.csv,2026-03-20 00:27:50,0.0
VCLB_20260402.csv,2026-03-20 00:30:50,0.0
VCLB_20260402.csv,2026-03-20 00:33:50,0.0
VCLB_20260402.csv,2026-03-20 00:36:50,0.0
VCLB_20260402.csv,2026-03-20 00:39:50,0.0
VCLB_20260402.csv,2026-03-20 00:42:50,0.0
VCLB_20260402.csv,2026-03-20 00:45:50,0.0
VCLB_20260402.csv,2026-03-20 00:48:50,0.0
VCLB_20260402.csv,2026-03-20 00:51:50,0.0
VCLB_20260402.csv,2026-03-20 00:54:50,0.0
VCLB_20260402.csv,2026-03-20 00:57:50,0.0
VCLB_20260402.csv,2026-03-20 01:00:50,0.0
VCLB_20260402.csv,2026-03-20 01:03:50,0.0
VCLB_20260402.csv,2026-03-20 01:06:50,0.0
VCLB_20260402.csv,2026-03-20 01:09:50,0.0
VCLB_20260402.csv,2026-03-20 01:12:50,0.0
VCLB_20260402.csv,2026-03-20 01:15:50,0.0
VCLB_20260402.csv,2026-03-20 01:18:51,0.0
VCLB_20260402.csv,2026-03-20 01:21:50,0.0
VCLB_20260402.csv,2026-03-20 01:24:50,0.0
VCLB_20260402.csv,2026-03-20 01:27:50,0.0
VCLB_20260402.csv,2026-03-20 01:30:50,0.0
VCLB_20260402.csv,2026-03-20 01:33:50,0.0
VCLB_20260402.csv,2026-03-20 01:36:50,0.0
VCLB_20260402.csv,2026-03-20 01:39:50,0.0
VCLB_20260402.csv,2026-03-20 01:42:50,0.0
VCLB_20260402.csv,2026-03-20 01:45:50,0.0
VCLB_20260402.csv,2026-03-20 01:48:50,0.0
VCLB_20260402.csv,2026-03-20 01:51:50,0.0
VCLB_20260402.csv,2026-03-20 01:54:50,0.0
VCLB_20260402.csv,2026-03-20 01:57:50,0.0
VCLB_20260402.csv,2026-03-20 02:00:50,0.0
VCLB_20260402.csv,2026-03-20 02:03:50,0.0
VCLB_20260402.csv,2026-03-20 02:06:50,0.0
VCLB_20260402.csv,2026-03-20 02:09:50,0.0
VCLB_20260402.csv,2026-03-20 02:12:50,0.0
VCLB_20260402.csv,2026-03-20 02:15:50,0.0
VCLB_20260402.csv,2026-03-20 02:18:50,0.0
VCLB_20260402.csv,2026-03-20 02:21:50,0.0
VCLB_20260402.csv,2026-03-20 02:24:50,0.0
VCLB_20260402.csv,2026-03-20 02:27:50,0.0
VCLB_20260402.csv,2026-03-20 02:30:50,0.0
VCLB_20260402.csv,2026-03-20 02:33:50,0.0
VCLB_20260402.csv,2026-03-20 02:36:50,0.0
VCLB_20260402.csv,2026-03-20 02:39:50,0.0
VCLB_20260402.csv,2026-03-20 02:42:50,0.0
VCLB_20260402.csv,2026-03-20 02:45:50,0.0
VCLB_20260402.csv,2026-03-20 02:48:50,0.0
VCLB_20260402.csv,2026-03-20 02:51:50,0.0
VCLB_20260402.csv,2026-03-20 02:54:50,0.0
VCLB_20260402.csv,2026-03-20 02:57:50,0.0
VCLB_20260402.csv,2026-03-20 03:00:50,0.0
VCLB_20260402.csv,2026-03-20 03:03:50,0.0
VCLB_20260402.csv,2026-03-20 03:06:50,0.0
VCLB_20260402.csv,2026-03-20 03:09:50,0.0
VCLB_20260402.csv,2026-03-20 03:12:50,0.0
VCLB_20260402.csv,2026-03-20 03:15:50,0.0
VCLB_20260402.csv,2026-03-20 03:18:50,0.0
VCLB_20260402.csv,2026-03-20 03:21:50,0.0
VCLB_20260402.csv,2026-03-20 03:24:50,0.0
VCLB_20260402.csv,2026-03-20 03:27:50,0.0
VCLB_20260402.csv,2026-03-20 03:30:50,0.0
VCLB_20260402.csv,2026-03-20 03:33:50,0.0
VCLB_20260402.csv,2026-03-20 03:36:50,0.0
VCLB_20260402.csv,2026-03-20 03:39:50,0.0
VCLB_20260402.csv,2026-03-20 03:42:50,0.0
VCLB_20260402.csv,2026-03-20 03:45:50,0.0
VCLB_20260402.csv,2026-03-20 03:48:50,0.0
VCLB_20260402.csv,2026-03-20 03:51:50,0.0
VCLB_20260402.csv,2026-03-20 03:54:50,0.0
VCLB_20260402.csv,2026-03-20 03:57:50,0.0
VCLB_20260402.csv,2026-03-20 04:00:50,0.0
VCLB_20260402.csv,2026-03-20 04:03:50,0.0
VCLB_20260402.csv,2026-03-20 04:06:51,0.0
VCLB_20260402.csv,2026-03-20 04:09:50,0.0
VCLB_20260402.csv,2026-03-20 04:12:50,0.0
VCLB_20260402.csv,2026-03-20 04:15:50,0.0
VCLB_20260402.csv,2026-03-20 04:18:50,0.0
VCLB_20260402.csv,2026-03-20 04:21:50,0.0
VCLB_20260402.csv,2026-03-20 04:24:50,0.0
VCLB_20260402.csv,2026-03-20 04:27:50,0.0
VCLB_20260402.csv,2026-03-20 04:30:50,0.0
VCLB_20260402.csv,2026-03-20 04:33:50,0.0
VCLB_20260402.csv,2026-03-20 04:36:50,0.0
VCLB_20260402.csv,2026-03-20 04:39:50,0.0
VCLB_20260402.csv,2026-03-20 04:42:50,0.0
VCLB_20260402.csv,2026-03-20 04:45:50,0.0
VCLB_20260402.csv,2026-03-20 04:48:50,0.0
VCLB_20260402.csv,2026-03-20 04:51:50,0.0
VCLB_20260402.csv,2026-03-20 04:54:50,0.0
VCLB_20260402.csv,2026-03-20 04:57:50,0.0
VCLB_20260402.csv,2026-03-20 05:00:50,0.0
VCLB_20260402.csv,2026-03-20 05:03:50,0.0
VCLB_20260402.csv,2026-03-20 05:06:50,0.0
VCLB_20260402.csv,2026-03-20 05:09:50,0.0
VCLB_20260402.csv,2026-03-20 05:12:50,0.0
VCLB_20260402.csv,2026-03-20 05:15:50,0.0
VCLB_20260402.csv,2026-03-20 05:18:50,0.0
VCLB_20260402.csv,2026-03-20 05:21:50,0.0
VCLB_20260402.csv,2026-03-20 05:24:50,0.0
VCLB_20260402.csv,2026-03-20 05:27:50,0.0
VCLB_20260402.csv,2026-03-20 05:30:50,0.0
VCLB_20260402.csv,2026-03-20 05:33:50,0.0
VCLB_20260402.csv,2026-03-20 05:36:50,0.0
VCLB_20260402.csv,2026-03-20 05:39:50,0.0
VCLB_20260402.csv,2026-03-20 05:42:50,0.0
VCLB_20260402.csv,2026-03-20 05:45:50,0.0
VCLB_20260402.csv,2026-03-20 05:48:50,0.0
VCLB_20260402.csv,2026-03-20 05:51:50,0.0
VCLB_20260402.csv,2026-03-20 05:54:50,0.0
VCLB_20260402.csv,2026-03-20 05:57:50,0.0
VCLB_20260402.csv,2026-03-20 06:00:50,0.0
VCLB_20260402.csv,2026-03-20 06:03:50,0.0
VCLB_20260402.csv,2026-03-20 06:06:51,0.0
VCLB_20260402.csv,2026-03-20 06:09:50,0.0
VCLB_20260402.csv,2026-03-20 06:12:50,0.0
VCLB_20260402.csv,2026-03-20 06:15:50,0.0
VCLB_20260402.csv,2026-03-20 06:18:50,0.0
VCLB_20260402.csv,2026-03-20 06:21:50,0.0
VCLB_20260402.csv,2026-03-20 06:24:50,0.0
VCLB_20260402.csv,2026-03-20 06:27:50,0.0
VCLB_20260402.csv,2026-03-20 06:30:50,0.0
VCLB_20260402.csv,2026-03-20 06:33:50,0.0
VCLB_20260402.csv,2026-03-20 06:36:50,0.0
VCLB_20260402.csv,2026-03-20 06:39:50,0.0
VCLB_20260402.csv,2026-03-20 06:42:50,0.0
VCLB_20260402.csv,2026-03-20 06:45:50,0.0
VCLB_20260402.csv,2026-03-20 06:48:50,0.0
VCLB_20260402.csv,2026-03-20 06:51:50,0.0
VCLB_20260402.csv,2026-03-20 06:54:50,0.0
VCLB_20260402.csv,2026-03-20 06:57:50,0.0
VCLB_20260402.csv,2026-03-20 07:03:50,0.0
VCLB_20260402.csv,2026-03-20 07:06:50,0.0
VCLB_20260402.csv,2026-03-20 07:09:50,0.0
VCLB_20260402.csv,2026-03-20 07:12:50,0.0
VCLB_20260402.csv,2026-03-20 07:15:50,0.0
VCLB_20260402.csv,2026-03-20 07:18:50,0.0
VCLB_20260402.csv,2026-03-20 07:21:50,0.0
VCLB_20260402.csv,2026-03-20 07:24:50,0.0
VCLB_20260402.csv,2026-03-20 07:27:50,0.0
VCLB_20260402.csv,2026-03-20 07:30:50,0.0
VCLB_20260402.csv,2026-03-20 07:33:50,0.0
VCLB_20260402.csv,2026-03-20 07:36:50,0.0
VCLB_20260402.csv,2026-03-20 07:39:50,0.0
VCLB_20260402.csv,2026-03-20 07:42:50,0.0
VCLB_20260402.csv,2026-03-20 07:45:50,0.0
VCLB_20260402.csv,2026-03-20 07:48:50,0.0
VCLB_20260402.csv,2026-03-20 07:51:50,0.0
VCLB_20260402.csv,2026-03-20 07:57:50,0.0
VCLB_20260402.csv,2026-03-20 08:00:50,0.0
VCLB_20260402.csv,2026-03-20 08:03:50,0.0
VCLB_20260402.csv,2026-03-20 08:06:50,0.0
VCLB_20260402.csv,2026-03-20 08:09:50,0.0
VCLB_20260402.csv,2026-03-20 08:12:50,0.0
VCLB_20260402.csv,2026-03-20 08:15:50,0.0
VCLB_20260402.csv,2026-03-20 08:18:50,0.0
VCLB_20260402.csv,2026-03-20 08:21:50,0.0
VCLB_20260402.csv,2026-03-20 08:24:50,0.0
VCLB_20260402.csv,2026-03-20 08:27:50,0.0
VCLB_20260402.csv,2026-03-20 08:30:50,0.0
VCLB_20260402.csv,2026-03-20 08:33:50,0.0
VCLB_20260402.csv,2026-03-20 08:36:50,0.0
VCLB_20260402.csv,2026-03-20 08:39:50,0.0
VCLB_20260402.csv,2026-03-20 08:42:50,0.0
VCLB_20260402.csv,2026-03-20 08:45:50,0.0
VCLB_20260402.csv,2026-03-20 08:48:50,0.0
VCLB_20260402.csv,2026-03-20 08:51:50,0.0
VCLB_20260402.csv,2026-03-20 08:54:50,0.0
VCLB_20260402.csv,2026-03-20 08:57:50,0.0
VCLB_20260402.csv,2026-03-20 09:00:50,0.0
VCLB_20260402.csv,2026-03-20 09:03:50,0.0
VCLB_20260402.csv,2026-03-20 09:06:50,0.0
VCLB_20260402.csv,2026-03-20 09:09:50,0.0
VCLB_20260402.csv,2026-03-20 09:12:50,0.0
VCLB_20260402.csv,2026-03-20 09:15:50,0.0
VCLB_20260402.csv,2026-03-20 09:18:50,0.0
VCLB_20260402.csv,2026-03-20 09:21:50,0.0
VCLB_20260402.csv,2026-03-20 09:24:50,0.0
VCLB_20260402.csv,2026-03-20 09:27:50,0.0
VCLB_20260402.csv,2026-03-20 09:30:50,0.0
VCLB_20260402.csv,2026-03-20 09:33:50,0.0
VCLB_20260402.csv,2026-03-20 09:36:50,0.0
VCLB_20260402.csv,2026-03-20 09:39:50,0.0
VCLB_20260402.csv,2026-03-20 09:42:50,0.0
VCLB_20260402.csv,2026-03-20 09:45:50,0.0
VCLB_20260402.csv,2026-03-20 09:48:50,0.0
VCLB_20260402.csv,2026-03-20 09:51:50,0.0
VCLB_20260402.csv,2026-03-20 09:54:50,0.0
VCLB_20260402.csv,2026-03-20 09:57:50,0.0
VCLB_20260402.csv,2026-03-20 10:00:50,0.0
VCLB_20260402.csv,2026-03-20 10:03:50,0.0
VCLB_20260402.csv,2026-03-20 10:06:50,0.0
VCLB_20260402.csv,2026-03-20 10:09:50,0.0
VCLB_20260402.csv,2026-03-20 10:12:50,0.0
VCLB_20260402.csv,2026-03-20 10:15:50,0.0
VCLB_20260402.csv,2026-03-20 10:18:50,0.0
VCLB_20260402.csv,2026-03-20 10:21:50,0.0
VCLB_20260402.csv,2026-03-20 10:24:50,0.0
VCLB_20260402.csv,2026-03-20 10:27:50,0.0
VCLB_20260402.csv,2026-03-20 10:30:50,0.0
VCLB_20260402.csv,2026-03-20 10:33:50,0.0
VCLB_20260402.csv,2026-03-20 10:36:50,0.0
VCLB_20260402.csv,2026-03-20 10:39:50,0.0
VCLB_20260402.csv,2026-03-20 10:42:50,0.0
VCLB_20260402.csv,2026-03-20 10:45:50,0.0
VCLB_20260402.csv,2026-03-20 10:48:50,0.0
VCLB_20260402.csv,2026-03-20 10:51:50,0.0
VCLB_20260402.csv,2026-03-20 10:54:50,0.0
VCLB_20260402.csv,2026-03-20 10:57:50,0.0
VCLB_20260402.csv,2026-03-20 11:00:50,0.0
VCLB_20260402.csv,2026-03-20 11:03:50,0.0
VCLB_20260402.csv,2026-03-20 11:06:50,0.0
VCLB_20260402.csv,2026-03-20 11:09:50,0.0
VCLB_20260402.csv,2026-03-20 11:12:50,0.0
VCLB_20260402.csv,2026-03-20 11:15:50,0.0
VCLB_20260402.csv,2026-03-20 11:18:50,0.0
VCLB_20260402.csv,2026-03-20 11:21:50,0.0
VCLB_20260402.csv,2026-03-20 11:24:50,0.0
VCLB_20260402.csv,2026-03-20 11:27:50,0.0
VCLB_20260402.csv,2026-03-20 11:30:50,0.0
VCLB_20260402.csv,2026-03-20 11:33:50,0.0
VCLB_20260402.csv,2026-03-20 11:36:50,0.0
VCLB_20260402.csv,2026-03-20 11:39:50,0.0
VCLB_20260402.csv,2026-03-20 11:42:50,0.0
VCLB_20260402.csv,2026-03-20 11:45:50,0.0
VCLB_20260402.csv,2026-03-20 11:48:50,0.0
VCLB_20260402.csv,2026-03-20 11:51:50,0.0
VCLB_20260402.csv,2026-03-20 11:54:50,0.0
VCLB_20260402.csv,2026-03-20 11:57:50,0.0
VCLB_20260402.csv,2026-03-20 12:00:50,0.0
VCLB_20260402.csv,2026-03-20 12:03:50,0.0
VCLB_20260402.csv,2026-03-20 12:06:50,0.0
VCLB_20260402.csv,2026-03-20 12:09:50,0.0
VCLB_20260402.csv,2026-03-20 12:12:50,0.0
VCLB_20260402.csv,2026-03-20 12:15:50,0.0
VCLB_20260402.csv,2026-03-20 12:18:50,0.0
VCLB_20260402.csv,2026-03-20 12:21:50,0.0
VCLB_20260402.csv,2026-03-20 12:24:50,0.0
VCLB_20260402.csv,2026-03-20 12:27:50,0.0
VCLB_20260402.csv,2026-03-20 12:30:50,0.0
VCLB_20260402.csv,2026-03-20 12:33:50,0.0
VCLB_20260402.csv,2026-03-20 12:36:50,0.0
VCLB_20260402.csv,2026-03-20 12:39:50,0.0
VCLB_20260402.csv,2026-03-20 12:42:50,0.0
VCLB_20260402.csv,2026-03-20 12:45:50,0.0
VCLB_20260402.csv,2026-03-20 12:48:50,0.0
VCLB_20260402.csv,2026-03-20 12:51:50,0.0
VCLB_20260402.csv,2026-03-20 12:54:50,0.0
VCLB_20260402.csv,2026-03-20 12:57:50,0.0
VCLB_20260402.csv,2026-03-20 13:00:50,0.0
VCLB_20260402.csv,2026-03-20 13:03:50,0.0
VCLB_20260402.csv,2026-03-20 13:06:50,0.0
VCLB_20260402.csv,2026-03-20 13:09:50,0.0
VCLB_20260402.csv,2026-03-20 13:12:50,0.0
VCLB_20260402.csv,2026-03-20 13:15:50,0.0
VCLB_20260402.csv,2026-03-20 13:18:50,0.0
VCLB_20260402.csv,2026-03-20 13:21:50,0.0
VCLB_20260402.csv,2026-03-20 13:24:50,0.0
VCLB_20260402.csv,2026-03-20 13:27:50,0.0
VCLB_20260402.csv,2026-03-20 13:30:50,0.0
VCLB_20260402.csv,2026-03-20 13:33:50,0.0
VCLB_20260402.csv,2026-03-20 13:36:50,0.0
VCLB_20260402.csv,2026-03-20 13:39:50,0.0
VCLB_20260402.csv,2026-03-20 13:42:50,0.0
VCLB_20260402.csv,2026-03-20 13:45:50,0.0
VCLB_20260402.csv,2026-03-20 13:48:50,0.0
VCLB_20260402.csv,2026-03-20 13:51:50,0.0
VCLB_20260402.csv,2026-03-20 13:54:50,0.0
VCLB_20260402.csv,2026-03-20 13:57:50,0.0
VCLB_20260402.csv,2026-03-20 14:00:50,0.0
VCLB_20260402.csv,2026-03-20 14:03:50,0.0
VCLB_20260402.csv,2026-03-20 14:06:50,0.0
VCLB_20260402.csv,2026-03-20 14:09:50,0.0
VCLB_20260402.csv,2026-03-20 14:12:50,0.0
VCLB_20260402.csv,2026-03-20 14:15:50,0.0
VCLB_20260402.csv,2026-03-20 14:18:50,0.0
VCLB_20260402.csv,2026-03-20 14:21:50,0.0
VCLB_20260402.csv,2026-03-20 14:24:50,0.0
VCLB_20260402.csv,2026-03-20 14:27:50,0.0
VCLB_20260402.csv,2026-03-20 14:30:50,0.0
VCLB_20260402.csv,2026-03-20 14:33:49,0.0
VCLB_20260402.csv,2026-03-20 14:36:49,0.0
VCLB_20260402.csv,2026-03-20 14:39:50,0.0
VCLB_20260402.csv,2026-03-20 14:42:49,0.0
VCLB_20260402.csv,2026-03-20 14:45:49,0.0
VCLB_20260402.csv,2026-03-20 14:48:49,0.0
VCLB_20260402.csv,2026-03-20 14:51:49,0.0
VCLB_20260402.csv,2026-03-20 14:54:49,0.0
VCLB_20260402.csv,2026-03-20 14:57:49,0.0
VCLB_20260402.csv,2026-03-20 15:00:49,0.0
VCLB_20260402.csv,2026-03-20 15:03:49,0.0
VCLB_20260402.csv,2026-03-20 15:06:49,0.0
VCLB_20260402.csv,2026-03-20 15:09:49,0.0
VCLB_20260402.csv,2026-03-20 15:12:49,0.0
VCLB_20260402.csv,2026-03-20 15:15:49,0.0
VCLB_20260402.csv,2026-03-20 15:18:49,0.0
VCLB_20260402.csv,2026-03-20 15:21:49,0.0
VCLB_20260402.csv,2026-03-20 15:24:49,0.0
VCLB_20260402.csv,2026-03-20 15:27:49,0.0
VCLB_20260402.csv,2026-03-20 15:30:49,0.0
VCLB_20260402.csv,2026-03-20 15:33:49,0.0
VCLB_20260402.csv,2026-03-20 15:36:49,0.0
VCLB_20260402.csv,2026-03-20 15:39:49,0.0
VCLB_20260402.csv,2026-03-20 15:42:49,0.0
VCLB_20260402.csv,2026-03-20 15:45:49,0.0
VCLB_20260402.csv,2026-03-20 15:48:49,0.0
VCLB_20260402.csv,2026-03-20 15:51:49,0.0
VCLB_20260402.csv,2026-03-20 15:54:49,0.0
VCLB_20260402.csv,2026-03-20 15:57:49,0.0
VCLB_20260402.csv,2026-03-20 16:00:49,0.0
VCLB_20260402.csv,2026-03-20 16:03:49,0.0
VCLB_20260402.csv,2026-03-20 16:06:49,0.0
VCLB_20260402.csv,2026-03-20 16:09:49,0.0
VCLB_20260402.csv,2026-03-20 16:12:49,0.0
VCLB_20260402.csv,2026-03-20 16:15:49,0.0
VCLB_20260402.csv,2026-03-20 16:18:49,0.0
VCLB_20260402.csv,2026-03-20 16:21:49,0.0
VCLB_20260402.csv,2026-03-20 16:24:49,0.0
VCLB_20260402.csv,2026-03-20 16:27:49,0.0
VCLB_20260402.csv,2026-03-20 16:30:49,0.0
VCLB_20260402.csv,2026-03-20 16:33:49,0.0
VCLB_20260402.csv,2026-03-20 16:36:49,0.0
VCLB_20260402.csv,2026-03-20 16:39:49,0.0
VCLB_20260402.csv,2026-03-20 16:42:49,0.0
VCLB_20260402.csv,2026-03-20 16:45:49,0.0
VCLB_20260402.csv,2026-03-20 16:48:49,0.0
VCLB_20260402.csv,2026-03-20 16:51:49,0.0
VCLB_20260402.csv,2026-03-20 16:54:49,0.0
VCLB_20260402.csv,2026-03-20 16:57:49,0.0
VCLB_20260402.csv,2026-03-20 17:00:49,0.0
VCLB_20260402.csv,2026-03-20 17:03:49,0.0
VCLB_20260402.csv,2026-03-20 17:06:49,0.0
VCLB_20260402.csv,2026-03-20 17:09:49,0.0
VCLB_20260402.csv,2026-03-20 17:12:49,0.0
VCLB_20260402.csv,2026-03-20 17:15:49,0.0
VCLB_20260402.csv,2026-03-20 17:18:49,0.0
VCLB_20260402.csv,2026-03-20 17:21:49,0.0
VCLB_20260402.csv,2026-03-20 17:24:49,0.0
VCLB_20260402.csv,2026-03-20 17:27:49,0.0
VCLB_20260402.csv,2026-03-20 17:30:49,0.0
VCLB_20260402.csv,2026-03-20 17:33:49,0.0
VCLB_20260402.csv,2026-03-20 17:36:49,0.0
VCLB_20260402.csv,2026-03-20 17:39:49,0.0
VCLB_20260402.csv,2026-03-20 17:42:49,0.0
VCLB_20260402.csv,2026-03-20 17:45:49,0.0
VCLB_20260402.csv,2026-03-20 17:48:49,0.0
VCLB_20260402.csv,2026-03-20 17:51:49,0.0
VCLB_20260402.csv,2026-03-20 17:54:49,0.0
VCLB_20260402.csv,2026-03-20 17:57:49,0.0
VCLB_20260402.csv,2026-03-20 18:00:49,0.0
VCLB_20260402.csv,2026-03-20 18:03:49,0.0
VCLB_20260402.csv,2026-03-20 18:06:49,0.0
VCLB_20260402.csv,2026-03-20 18:09:49,0.0
VCLB_20260402.csv,2026-03-20 18:12:49,0.0
VCLB_20260402.csv,2026-03-20 18:15:49,0.0
VCLB_20260402.csv,2026-03-20 18:18:49,0.0
VCLB_20260402.csv,2026-03-20 18:21:49,0.0
VCLB_20260402.csv,2026-03-20 18:24:49,0.0
VCLB_20260402.csv,2026-03-20 18:27:49,0.0
VCLB_20260402.csv,2026-03-20 18:30:49,0.0
VCLB_20260402.csv,2026-03-20 18:33:49,0.0
VCLB_20260402.csv,2026-03-20 18:36:49,0.0
VCLB_20260402.csv,2026-03-20 18:39:49,0.0
VCLB_20260402.csv,2026-03-20 18:42:49,0.0
VCLB_20260402.csv,2026-03-20 18:45:49,0.0
VCLB_20260402.csv,2026-03-20 18:48:49,0.0
VCLB_20260402.csv,2026-03-20 18:51:49,0.0
VCLB_20260402.csv,2026-03-20 18:54:49,0.0
VCLB_20260402.csv,2026-03-20 18:57:49,0.0
VCLB_20260402.csv,2026-03-20 19:00:49,0.0
VCLB_20260402.csv,2026-03-20 19:03:49,0.0
VCLB_20260402.csv,2026-03-20 19:06:49,0.0
VCLB_20260402.csv,2026-03-20 19:09:49,0.0
VCLB_20260402.csv,2026-03-20 19:15:49,0.0
VCLB_20260402.csv,2026-03-20 19:18:49,0.0
VCLB_20260402.csv,2026-03-20 19:21:49,0.0
VCLB_20260402.csv,2026-03-20 19:24:49,0.0
VCLB_20260402.csv,2026-03-20 19:30:49,0.0
VCLB_20260402.csv,2026-03-20 19:33:49,0.0
VCLB_20260402.csv,2026-03-20 19:36:49,0.0
VCLB_20260402.csv,2026-03-20 19:39:49,0.0
VCLB_20260402.csv,2026-03-20 19:42:49,0.0
VCLB_20260402.csv,2026-03-20 19:45:49,0.0
VCLB_20260402.csv,2026-03-20 19:48:49,0.0
VCLB_20260402.csv,2026-03-20 19:51:49,0.0
VCLB_20260402.csv,2026-03-20 19:54:49,0.0
VCLB_20260402.csv,2026-03-20 19:57:49,0.0
VCLB_20260402.csv,2026-03-20 20:00:49,0.0
VCLB_20260402.csv,2026-03-20 20:03:49,0.0
VCLB_20260402.csv,2026-03-20 20:06:49,0.0
VCLB_20260402.csv,2026-03-20 20:09:49,0.0
VCLB_20260402.csv,2026-03-20 20:12:49,0.0
VCLB_20260402.csv,2026-03-20 20:15:49,0.0
VCLB_20260402.csv,2026-03-20 20:18:49,0.0
VCLB_20260402.csv,2026-03-20 20:21:49,0.0
VCLB_20260402.csv,2026-03-20 20:24:49,0.0
VCLB_20260402.csv,2026-03-20 20:27:49,0.0
VCLB_20260402.csv,2026-03-20 20:30:49,0.0
VCLB_20260402.csv,2026-03-20 20:33:49,0.0
VCLB_20260402.csv,2026-03-20 20:36:49,0.0
VCLB_20260402.csv,2026-03-20 20:39:49,0.0
VCLB_20260402.csv,2026-03-20 20:42:51,0.0
VCLB_20260402.csv,2026-03-20 20:45:49,0.0
VCLB_20260402.csv,2026-03-20 20:48:49,0.0
VCLB_20260402.csv,2026-03-20 20:51:49,0.0
VCLB_20260402.csv,2026-03-20 20:54:49,0.0
VCLB_20260402.csv,2026-03-20 20:57:49,0.0
VCLB_20260402.csv,2026-03-20 21:00:49,0.0
VCLB_20260402.csv,2026-03-20 21:03:49,0.0
VCLB_20260402.csv,2026-03-20 21:06:49,0.0
VCLB_20260402.csv,2026-03-20 21:09:49,0.0
VCLB_20260402.csv,2026-03-20 21:12:49,0.0
VCLB_20260402.csv,2026-03-20 21:15:49,0.0
VCLB_20260402.csv,2026-03-20 21:18:49,0.0
VCLB_20260402.csv,2026-03-20 21:21:49,0.0
VCLB_20260402.csv,2026-03-20 21:24:49,0.0
VCLB_20260402.csv,2026-03-20 21:27:49,0.0
VCLB_20260402.csv,2026-03-20 21:30:49,0.0
VCLB_20260402.csv,2026-03-20 21:33:49,0.0
VCLB_20260402.csv,2026-03-20 21:36:49,0.0
VCLB_20260402.csv,2026-03-20 21:39:49,0.0
VCLB_20260402.csv,2026-03-20 21:42:49,0.0
VCLB_20260402.csv,2026-03-20 21:45:49,0.0
VCLB_20260402.csv,2026-03-20 21:48:49,0.0
VCLB_20260402.csv,2026-03-20 21:51:49,0.0
VCLB_20260402.csv,2026-03-20 21:54:49,0.0
VCLB_20260402.csv,2026-03-20 21:57:49,0.0
VCLB_20260402.csv,2026-03-20 22:00:49,0.0
VCLB_20260402.csv,2026-03-20 22:03:49,0.0
VCLB_20260402.csv,2026-03-20 22:06:49,0.0
VCLB_20260402.csv,2026-03-20 22:09:49,0.0
VCLB_20260402.csv,2026-03-20 22:12:49,0.0
VCLB_20260402.csv,2026-03-20 22:15:49,0.0
VCLB_20260402.csv,2026-03-20 22:18:49,0.0
VCLB_20260402.csv,2026-03-20 22:24:49,0.0
VCLB_20260402.csv,2026-03-20 22:27:49,0.0
VCLB_20260402.csv,2026-03-20 22:30:49,0.0
VCLB_20260402.csv,2026-03-20 22:33:49,0.0
VCLB_20260402.csv,2026-03-20 22:36:49,0.0
VCLB_20260402.csv,2026-03-20 22:39:49,0.0
VCLB_20260402.csv,2026-03-20 22:42:49,0.0
VCLB_20260402.csv,2026-03-20 22:45:49,0.0
VCLB_20260402.csv,2026-03-20 22:48:49,0.0
VCLB_20260402.csv,2026-03-20 22:51:49,0.0
VCLB_20260402.csv,2026-03-20 22:54:49,0.0
VCLB_20260402.csv,2026-03-20 22:57:49,0.0
VCLB_20260402.csv,2026-03-20 23:00:49,0.0
VCLB_20260402.csv,2026-03-20 23:03:49,0.0
VCLB_20260402.csv,2026-03-20 23:06:49,0.0
VCLB_20260402.csv,2026-03-20 23:09:49,0.0
VCLB_20260402.csv,2026-03-20 23:12:49,0.0
VCLB_20260402.csv,2026-03-20 23:15:49,0.0
VCLB_20260402.csv,2026-03-20 23:18:49,0.0
VCLB_20260402.csv,2026-03-20 23:21:49,0.0
VCLB_20260402.csv,2026-03-20 23:24:49,0.0
VCLB_20260402.csv,2026-03-20 23:27:49,0.0
VCLB_20260402.csv,2026-03-20 23:30:49,0.0
VCLB_20260402.csv,2026-03-20 23:33:49,0.0
VCLB_20260402.csv,2026-03-20 23:36:49,0.0
VCLB_20260402.csv,2026-03-20 23:39:49,0.0
VCLB_20260402.csv,2026-03-20 23:42:49,0.0
VCLB_20260402.csv,2026-03-20 23:45:49,0.0
VCLB_20260402.csv,2026-03-20 23:48:49,0.0
VCLB_20260402.csv,2026-03-20 23:51:49,0.0
VCLB_20260402.csv,2026-03-20 23:54:49,0.0
VCLB_20260402.csv,2026-03-20 23:57:49,0.0
VCLB_20260402.csv,2026-03-21 00:00:49,0.0
VCLB_20260402.csv,2026-03-21 00:03:49,0.0
VCLB_20260402.csv,2026-03-21 00:06:49,0.0
VCLB_20260402.csv,2026-03-21 00:09:49,0.0
VCLB_20260402.csv,2026-03-21 00:12:49,0.0
VCLB_20260402.csv,2026-03-21 00:15:49,0.0
VCLB_20260402.csv,2026-03-21 00:18:49,0.0
VCLB_20260402.csv,2026-03-21 00:21:49,0.0
VCLB_20260402.csv,2026-03-21 00:24:49,0.0
VCLB_20260402.csv,2026-03-21 00:27:49,0.0
VCLB_20260402.csv,2026-03-21 00:30:49,0.0
VCLB_20260402.csv,2026-03-21 00:33:49,0.0
VCLB_20260402.csv,2026-03-21 00:36:49,0.0
VCLB_20260402.csv,2026-03-21 00:39:49,0.0
VCLB_20260402.csv,2026-03-21 00:42:49,0.0
VCLB_20260402.csv,2026-03-21 00:45:49,0.0
VCLB_20260402.csv,2026-03-21 00:48:49,0.0
VCLB_20260402.csv,2026-03-21 00:51:49,0.0
VCLB_20260402.csv,2026-03-21 00:54:49,0.0
VCLB_20260402.csv,2026-03-21 00:57:49,0.0
VCLB_20260402.csv,2026-03-21 01:00:49,0.0
VCLB_20260402.csv,2026-03-21 01:03:49,0.0
VCLB_20260402.csv,2026-03-21 01:06:49,0.0
VCLB_20260402.csv,2026-03-21 01:09:49,0.0
VCLB_20260402.csv,2026-03-21 01:12:49,0.0
VCLB_20260402.csv,2026-03-21 01:15:49,0.0
VCLB_20260402.csv,2026-03-21 01:18:49,0.0
VCLB_20260402.csv,2026-03-21 01:21:49,0.0
VCLB_20260402.csv,2026-03-21 01:24:49,0.0
VCLB_20260402.csv,2026-03-21 01:27:49,0.0
VCLB_20260402.csv,2026-03-21 01:30:49,0.0
VCLB_20260402.csv,2026-03-21 01:33:49,0.0
VCLB_20260402.csv,2026-03-21 01:36:49,0.0
VCLB_20260402.csv,2026-03-21 01:39:49,0.0
VCLB_20260402.csv,2026-03-21 01:42:49,0.0
VCLB_20260402.csv,2026-03-21 01:45:49,0.0
VCLB_20260402.csv,2026-03-21 01:48:49,0.0
VCLB_20260402.csv,2026-03-21 01:51:49,0.0
VCLB_20260402.csv,2026-03-21 01:54:49,0.0
VCLB_20260402.csv,2026-03-21 01:57:49,0.0
VCLB_20260402.csv,2026-03-21 02:00:49,0.0
VCLB_20260402.csv,2026-03-21 02:03:49,0.0
VCLB_20260402.csv,2026-03-21 02:06:49,0.0
VCLB_20260402.csv,2026-03-21 02:09:49,0.0
VCLB_20260402.csv,2026-03-21 02:12:49,0.0
VCLB_20260402.csv,2026-03-21 02:15:49,0.0
VCLB_20260402.csv,2026-03-21 02:18:49,0.0
VCLB_20260402.csv,2026-03-21 02:21:49,0.0
VCLB_20260402.csv,2026-03-21 02:24:49,0.0
VCLB_20260402.csv,2026-03-21 02:27:49,0.0
VCLB_20260402.csv,2026-03-21 02:30:49,0.0
VCLB_20260402.csv,2026-03-21 02:33:49,0.0
VCLB_20260402.csv,2026-03-21 02:36:49,0.0
VCLB_20260402.csv,2026-03-21 02:39:49,0.0
VCLB_20260402.csv,2026-03-21 02:42:49,0.0
VCLB_20260402.csv,2026-03-21 02:45:49,0.0
VCLB_20260402.csv,2026-03-21 02:48:49,0.0
VCLB_20260402.csv,2026-03-21 02:51:49,0.0
VCLB_20260402.csv,2026-03-21 02:54:49,0.0
VCLB_20260402.csv,2026-03-21 02:57:49,0.0
VCLB_20260402.csv,2026-03-21 03:00:49,0.0
VCLB_20260402.csv,2026-03-21 03:03:49,0.0
VCLB_20260402.csv,2026-03-21 03:06:49,0.0
VCLB_20260402.csv,2026-03-21 03:09:49,0.0
VCLB_20260402.csv,2026-03-21 03:12:49,0.0
VCLB_20260402.csv,2026-03-21 03:15:49,0.0
VCLB_20260402.csv,2026-03-21 03:18:49,0.0
VCLB_20260402.csv,2026-03-21 03:21:49,0.0
VCLB_20260402.csv,2026-03-21 03:24:49,0.0
VCLB_20260402.csv,2026-03-21 03:27:49,0.0
VCLB_20260402.csv,2026-03-21 03:30:49,0.0
VCLB_20260402.csv,2026-03-21 03:33:49,0.0
VCLB_20260402.csv,2026-03-21 03:36:49,0.0
VCLB_20260402.csv,2026-03-21 03:39:49,0.0
VCLB_20260402.csv,2026-03-21 03:42:49,0.0
VCLB_20260402.csv,2026-03-21 03:45:49,0.0
VCLB_20260402.csv,2026-03-21 03:48:49,0.0
VCLB_20260402.csv,2026-03-21 03:51:49,0.0
VCLB_20260402.csv,2026-03-21 03:54:49,0.0
VCLB_20260402.csv,2026-03-21 03:57:49,0.0
VCLB_20260402.csv,2026-03-21 04:00:49,0.0
VCLB_20260402.csv,2026-03-21 04:03:49,0.0
VCLB_20260402.csv,2026-03-21 04:06:49,0.0
VCLB_20260402.csv,2026-03-21 04:09:49,0.0
VCLB_20260402.csv,2026-03-21 04:12:49,0.0
VCLB_20260402.csv,2026-03-21 04:15:49,0.0
VCLB_20260402.csv,2026-03-21 04:18:49,0.0
VCLB_20260402.csv,2026-03-21 04:21:49,0.0
VCLB_20260402.csv,2026-03-21 04:24:49,0.0
VCLB_20260402.csv,2026-03-21 04:27:49,0.0
VCLB_20260402.csv,2026-03-21 04:30:49,0.0
VCLB_20260402.csv,2026-03-21 04:33:49,0.0
VCLB_20260402.csv,2026-03-21 04:36:49,0.0
VCLB_20260402.csv,2026-03-21 04:39:49,0.0
VCLB_20260402.csv,2026-03-21 04:42:49,0.0
VCLB_20260402.csv,2026-03-21 04:45:49,0.0
VCLB_20260402.csv,2026-03-21 04:48:49,0.0
VCLB_20260402.csv,2026-03-21 04:51:49,0.0
VCLB_20260402.csv,2026-03-21 04:54:49,0.0
VCLB_20260402.csv,2026-03-21 04:57:49,0.0
VCLB_20260402.csv,2026-03-21 05:00:49,0.0
VCLB_20260402.csv,2026-03-21 05:03:49,0.0
VCLB_20260402.csv,2026-03-21 05:06:49,0.0
VCLB_20260402.csv,2026-03-21 05:09:49,0.0
VCLB_20260402.csv,2026-03-21 05:12:49,0.0
VCLB_20260402.csv,2026-03-21 05:15:49,0.0
VCLB_20260402.csv,2026-03-21 05:18:49,0.0
VCLB_20260402.csv,2026-03-21 05:21:49,0.0
VCLB_20260402.csv,2026-03-21 05:24:49,0.0
VCLB_20260402.csv,2026-03-21 05:27:49,0.0
VCLB_20260402.csv,2026-03-21 05:30:49,0.0
VCLB_20260402.csv,2026-03-21 05:33:49,0.0
VCLB_20260402.csv,2026-03-21 05:36:49,0.0
VCLB_20260402.csv,2026-03-21 05:39:49,0.0
VCLB_20260402.csv,2026-03-21 05:42:49,0.0
VCLB_20260402.csv,2026-03-21 05:45:49,0.0
VCLB_20260402.csv,2026-03-21 05:48:49,0.0
VCLB_20260402.csv,2026-03-21 05:51:49,0.0
VCLB_20260402.csv,2026-03-21 05:54:49,0.0
VCLB_20260402.csv,2026-03-21 05:57:49,0.0
VCLB_20260402.csv,2026-03-21 06:00:49,0.0
VCLB_20260402.csv,2026-03-21 06:03:49,0.0
VCLB_20260402.csv,2026-03-21 06:06:49,0.0
VCLB_20260402.csv,2026-03-21 06:09:49,0.0
VCLB_20260402.csv,2026-03-21 06:12:49,0.0
VCLB_20260402.csv,2026-03-21 06:15:49,0.0
VCLB_20260402.csv,2026-03-21 06:18:49,0.0
VCLB_20260402.csv,2026-03-21 06:21:49,0.0
VCLB_20260402.csv,2026-03-21 06:24:49,0.0
VCLB_20260402.csv,2026-03-21 06:27:49,0.0
VCLB_20260402.csv,2026-03-21 06:30:49,0.0
VCLB_20260402.csv,2026-03-21 06:33:49,0.0
VCLB_20260402.csv,2026-03-21 06:36:49,0.0
VCLB_20260402.csv,2026-03-21 06:39:49,0.0
VCLB_20260402.csv,2026-03-21 06:42:49,0.0
VCLB_20260402.csv,2026-03-21 06:45:49,0.0
VCLB_20260402.csv,2026-03-21 06:48:49,0.0
VCLB_20260402.csv,2026-03-21 06:51:49,0.0
VCLB_20260402.csv,2026-03-21 06:54:49,0.0
VCLB_20260402.csv,2026-03-21 07:00:49,0.0
VCLB_20260402.csv,2026-03-21 07:03:49,0.0
VCLB_20260402.csv,2026-03-21 07:06:49,0.0
VCLB_20260402.csv,2026-03-21 07:09:49,0.0
VCLB_20260402.csv,2026-03-21 07:12:49,0.0
VCLB_20260402.csv,2026-03-21 07:15:49,0.0
VCLB_20260402.csv,2026-03-21 07:18:49,0.0
VCLB_20260402.csv,2026-03-21 07:21:49,0.0
VCLB_20260402.csv,2026-03-21 07:24:49,0.0
VCLB_20260402.csv,2026-03-21 07:27:49,0.0
VCLB_20260402.csv,2026-03-21 07:30:49,0.0
VCLB_20260402.csv,2026-03-21 07:33:49,0.0
VCLB_20260402.csv,2026-03-21 07:36:49,0.0
VCLB_20260402.csv,2026-03-21 07:39:49,0.0
VCLB_20260402.csv,2026-03-21 07:42:49,0.0
VCLB_20260402.csv,2026-03-21 07:45:49,0.0
VCLB_20260402.csv,2026-03-21 07:48:49,0.0
VCLB_20260402.csv,2026-03-21 07:51:49,0.0
VCLB_20260402.csv,2026-03-21 07:54:49,0.0
VCLB_20260402.csv,2026-03-21 07:57:49,0.0
VCLB_20260402.csv,2026-03-21 08:00:49,0.0
VCLB_20260402.csv,2026-03-21 08:03:49,0.0
VCLB_20260402.csv,2026-03-21 08:06:49,0.0
VCLB_20260402.csv,2026-03-21 08:09:49,0.0
VCLB_20260402.csv,2026-03-21 08:12:49,0.0
VCLB_20260402.csv,2026-03-21 08:15:49,0.0
VCLB_20260402.csv,2026-03-21 08:18:49,0.0
VCLB_20260402.csv,2026-03-21 08:21:49,0.0
VCLB_20260402.csv,2026-03-21 08:24:49,0.0
VCLB_20260402.csv,2026-03-21 08:27:49,0.0
VCLB_20260402.csv,2026-03-21 08:30:49,0.0
VCLB_20260402.csv,2026-03-21 08:33:49,0.0
VCLB_20260402.csv,2026-03-21 08:36:49,0.0
VCLB_20260402.csv,2026-03-21 08:39:49,0.0
VCLB_20260402.csv,2026-03-21 08:42:49,0.0
VCLB_20260402.csv,2026-03-21 08:45:49,0.0
VCLB_20260402.csv,2026-03-21 08:48:49,0.0
VCLB_20260402.csv,2026-03-21 08:51:49,0.0
VCLB_20260402.csv,2026-03-21 08:54:49,0.0
VCLB_20260402.csv,2026-03-21 08:57:49,0.0
VCLB_20260402.csv,2026-03-21 09:00:49,0.0
VCLB_20260402.csv,2026-03-21 09:03:49,0.0
VCLB_20260402.csv,2026-03-21 09:06:49,0.0
VCLB_20260402.csv,2026-03-21 09:09:49,0.0
VCLB_20260402.csv,2026-03-21 09:12:49,0.0
VCLB_20260402.csv,2026-03-21 09:15:49,0.0
VCLB_20260402.csv,2026-03-21 09:18:49,0.0
VCLB_20260402.csv,2026-03-21 09:21:49,0.0
VCLB_20260402.csv,2026-03-21 09:24:49,0.0
VCLB_20260402.csv,2026-03-21 09:27:49,0.0
VCLB_20260402.csv,2026-03-21 09:30:49,0.0
VCLB_20260402.csv,2026-03-21 09:33:49,0.0
VCLB_20260402.csv,2026-03-21 09:36:49,0.0
VCLB_20260402.csv,2026-03-21 09:39:49,0.0
VCLB_20260402.csv,2026-03-21 09:42:49,0.0
VCLB_20260402.csv,2026-03-21 09:45:49,0.0
VCLB_20260402.csv,2026-03-21 09:48:49,0.0
VCLB_20260402.csv,2026-03-21 09:51:49,0.0
VCLB_20260402.csv,2026-03-21 09:54:49,0.0
VCLB_20260402.csv,2026-03-21 09:57:49,0.0
VCLB_20260402.csv,2026-03-21 10:00:49,0.0
VCLB_20260402.csv,2026-03-21 10:03:49,0.0
VCLB_20260402.csv,2026-03-21 10:06:49,0.0
VCLB_20260402.csv,2026-03-21 10:09:49,0.0
VCLB_20260402.csv,2026-03-21 10:12:49,0.0
VCLB_20260402.csv,2026-03-21 10:15:49,0.0
VCLB_20260402.csv,2026-03-21 10:18:49,0.0
VCLB_20260402.csv,2026-03-21 10:21:49,0.0
VCLB_20260402.csv,2026-03-21 10:24:49,0.0
VCLB_20260402.csv,2026-03-21 10:27:49,0.0
VCLB_20260402.csv,2026-03-21 10:30:49,0.0
VCLB_20260402.csv,2026-03-21 10:33:49,0.0
VCLB_20260402.csv,2026-03-21 10:36:49,0.0
VCLB_20260402.csv,2026-03-21 10:39:49,0.0
VCLB_20260402.csv,2026-03-21 10:42:49,0.0
VCLB_20260402.csv,2026-03-21 10:45:49,0.0
VCLB_20260402.csv,2026-03-21 10:48:49,0.0
VCLB_20260402.csv,2026-03-21 10:51:49,0.0
VCLB_20260402.csv,2026-03-21 10:54:49,0.0
VCLB_20260402.csv,2026-03-21 10:57:49,0.0
VCLB_20260402.csv,2026-03-21 11:00:49,0.0
VCLB_20260402.csv,2026-03-21 11:03:49,0.0
VCLB_20260402.csv,2026-03-21 11:06:49,0.0
VCLB_20260402.csv,2026-03-21 11:09:49,0.0
VCLB_20260402.csv,2026-03-21 11:12:49,0.0
VCLB_20260402.csv,2026-03-21 11:15:49,0.0
VCLB_20260402.csv,2026-03-21 11:18:49,0.0
VCLB_20260402.csv,2026-03-21 11:21:49,0.0
VCLB_20260402.csv,2026-03-21 11:24:49,0.0
VCLB_20260402.csv,2026-03-21 11:27:49,0.0
VCLB_20260402.csv,2026-03-21 11:30:49,0.0
VCLB_20260402.csv,2026-03-21 11:33:49,0.0
VCLB_20260402.csv,2026-03-21 11:36:49,0.0
VCLB_20260402.csv,2026-03-21 11:39:49,0.0
VCLB_20260402.csv,2026-03-21 11:42:48,0.0
VCLB_20260402.csv,2026-03-21 11:45:48,0.0
VCLB_20260402.csv,2026-03-21 11:48:48,0.0
VCLB_20260402.csv,2026-03-21 11:51:48,0.0
VCLB_20260402.csv,2026-03-21 11:54:48,0.0
VCLB_20260402.csv,2026-03-21 11:57:48,0.0
VCLB_20260402.csv,2026-03-21 12:00:48,0.0
VCLB_20260402.csv,2026-03-21 12:03:48,0.0
VCLB_20260402.csv,2026-03-21 12:06:48,0.0
VCLB_20260402.csv,2026-03-21 12:09:48,0.0
VCLB_20260402.csv,2026-03-21 12:12:48,0.0
VCLB_20260402.csv,2026-03-21 12:15:48,0.0
VCLB_20260402.csv,2026-03-21 12:18:48,0.0
VCLB_20260402.csv,2026-03-21 12:21:48,0.0
VCLB_20260402.csv,2026-03-21 12:24:48,0.0
VCLB_20260402.csv,2026-03-21 12:27:48,0.0
VCLB_20260402.csv,2026-03-21 12:30:48,0.0
VCLB_20260402.csv,2026-03-21 12:33:48,0.0
VCLB_20260402.csv,2026-03-21 12:36:48,0.0
VCLB_20260402.csv,2026-03-21 12:39:48,0.0
VCLB_20260402.csv,2026-03-21 12:42:48,0.0
VCLB_20260402.csv,2026-03-21 12:45:48,0.0
VCLB_20260402.csv,2026-03-21 12:48:48,0.0
VCLB_20260402.csv,2026-03-21 12:51:48,0.0
VCLB_20260402.csv,2026-03-21 12:54:48,0.0
VCLB_20260402.csv,2026-03-21 12:57:48,0.0
VCLB_20260402.csv,2026-03-21 13:00:48,0.0
VCLB_20260402.csv,2026-03-21 13:03:48,0.0
VCLB_20260402.csv,2026-03-21 13:06:48,0.0
VCLB_20260402.csv,2026-03-21 13:09:48,0.0
VCLB_20260402.csv,2026-03-21 13:12:48,0.0
VCLB_20260402.csv,2026-03-21 13:15:48,0.0
VCLB_20260402.csv,2026-03-21 13:18:48,0.0
VCLB_20260402.csv,2026-03-21 13:21:48,0.0
VCLB_20260402.csv,2026-03-21 13:24:48,0.0
VCLB_20260402.csv,2026-03-21 13:27:48,0.0
VCLB_20260402.csv,2026-03-21 13:30:48,0.0
VCLB_20260402.csv,2026-03-21 13:33:48,0.0
VCLB_20260402.csv,2026-03-21 13:36:48,0.0
VCLB_20260402.csv,2026-03-21 13:39:48,0.0
VCLB_20260402.csv,2026-03-21 13:42:48,0.0
VCLB_20260402.csv,2026-03-21 13:45:48,0.0
VCLB_20260402.csv,2026-03-21 13:48:48,0.0
VCLB_20260402.csv,2026-03-21 13:51:48,0.0
VCLB_20260402.csv,2026-03-21 13:54:48,0.0
VCLB_20260402.csv,2026-03-21 13:57:48,0.0
VCLB_20260402.csv,2026-03-21 14:00:48,0.0
VCLB_20260402.csv,2026-03-21 14:03:48,0.0
VCLB_20260402.csv,2026-03-21 14:06:48,0.0
VCLB_20260402.csv,2026-03-21 14:09:48,0.0
VCLB_20260402.csv,2026-03-21 14:12:48,0.0
VCLB_20260402.csv,2026-03-21 14:15:48,0.0
VCLB_20260402.csv,2026-03-21 14:18:48,0.0
VCLB_20260402.csv,2026-03-21 14:21:48,0.0
VCLB_20260402.csv,2026-03-21 14:24:48,0.0
VCLB_20260402.csv,2026-03-21 14:27:48,0.0
VCLB_20260402.csv,2026-03-21 14:30:48,0.0
VCLB_20260402.csv,2026-03-21 14:33:48,0.0
VCLB_20260402.csv,2026-03-21 14:36:48,0.0
VCLB_20260402.csv,2026-03-21 14:39:48,0.0
VCLB_20260402.csv,2026-03-21 14:42:48,0.0
VCLB_20260402.csv,2026-03-21 14:45:48,0.0
VCLB_20260402.csv,2026-03-21 14:48:48,0.0
VCLB_20260402.csv,2026-03-21 14:51:48,0.0
VCLB_20260402.csv,2026-03-21 14:54:48,0.0
VCLB_20260402.csv,2026-03-21 14:57:48,0.0
VCLB_20260402.csv,2026-03-21 15:00:48,0.0
VCLB_20260402.csv,2026-03-21 15:03:48,0.0
VCLB_20260402.csv,2026-03-21 15:06:48,0.0
VCLB_20260402.csv,2026-03-21 15:09:48,0.0
VCLB_20260402.csv,2026-03-21 15:12:48,0.0
VCLB_20260402.csv,2026-03-21 15:15:48,0.0
VCLB_20260402.csv,2026-03-21 15:18:48,0.0
VCLB_20260402.csv,2026-03-21 15:21:48,0.0
VCLB_20260402.csv,2026-03-21 15:24:48,0.0
VCLB_20260402.csv,2026-03-21 15:27:48,0.0
VCLB_20260402.csv,2026-03-21 15:30:48,0.0
VCLB_20260402.csv,2026-03-21 15:33:48,0.0
VCLB_20260402.csv,2026-03-21 15:36:48,0.0
VCLB_20260402.csv,2026-03-21 15:39:48,0.0
VCLB_20260402.csv,2026-03-21 15:42:48,0.0
VCLB_20260402.csv,2026-03-21 15:45:48,0.0
VCLB_20260402.csv,2026-03-21 15:48:48,0.0
VCLB_20260402.csv,2026-03-21 15:51:48,0.0
VCLB_20260402.csv,2026-03-21 15:54:48,0.0
VCLB_20260402.csv,2026-03-21 15:57:48,0.0
VCLB_20260402.csv,2026-03-21 16:00:48,0.0
VCLB_20260402.csv,2026-03-21 16:03:48,0.0
VCLB_20260402.csv,2026-03-21 16:06:48,0.0
VCLB_20260402.csv,2026-03-21 16:09:48,0.0
VCLB_20260402.csv,2026-03-21 16:12:48,0.0
VCLB_20260402.csv,2026-03-21 16:15:48,0.0
VCLB_20260402.csv,2026-03-21 16:18:48,0.0
VCLB_20260402.csv,2026-03-21 16:21:48,0.0
VCLB_20260402.csv,2026-03-21 16:24:48,0.0
VCLB_20260402.csv,2026-03-21 16:27:48,0.0
VCLB_20260402.csv,2026-03-21 16:30:48,0.0
VCLB_20260402.csv,2026-03-21 16:33:48,0.0
VCLB_20260402.csv,2026-03-21 16:36:48,0.0
VCLB_20260402.csv,2026-03-21 16:39:48,0.0
VCLB_20260402.csv,2026-03-21 16:42:48,0.0
VCLB_20260402.csv,2026-03-21 16:45:48,0.0
VCLB_20260402.csv,2026-03-21 16:48:48,0.0
VCLB_20260402.csv,2026-03-21 16:51:48,0.0
VCLB_20260402.csv,2026-03-21 16:54:48,0.0
VCLB_20260402.csv,2026-03-21 16:57:48,0.0
VCLB_20260402.csv,2026-03-21 17:00:48,0.0
VCLB_20260402.csv,2026-03-21 17:03:48,0.0
VCLB_20260402.csv,2026-03-21 17:06:48,0.0
VCLB_20260402.csv,2026-03-21 17:09:48,0.0
VCLB_20260402.csv,2026-03-21 17:12:48,0.0
VCLB_20260402.csv,2026-03-21 17:15:48,0.0
VCLB_20260402.csv,2026-03-21 17:18:48,0.0
VCLB_20260402.csv,2026-03-21 17:21:48,0.0
VCLB_20260402.csv,2026-03-21 17:24:48,0.0
VCLB_20260402.csv,2026-03-21 17:27:48,0.0
VCLB_20260402.csv,2026-03-21 17:30:48,0.0
VCLB_20260402.csv,2026-03-21 17:33:48,0.0
VCLB_20260402.csv,2026-03-21 17:36:48,0.0
VCLB_20260402.csv,2026-03-21 17:39:48,0.0
VCLB_20260402.csv,2026-03-21 17:42:48,0.0
VCLB_20260402.csv,2026-03-21 17:45:48,0.0
VCLB_20260402.csv,2026-03-21 17:48:48,0.0
VCLB_20260402.csv,2026-03-21 17:51:48,0.0
VCLB_20260402.csv,2026-03-21 17:54:48,0.0
VCLB_20260402.csv,2026-03-21 17:57:48,0.0
VCLB_20260402.csv,2026-03-21 18:00:48,0.0
VCLB_20260402.csv,2026-03-21 18:03:48,0.0
VCLB_20260402.csv,2026-03-21 18:06:48,0.0
VCLB_20260402.csv,2026-03-21 18:09:48,0.0
VCLB_20260402.csv,2026-03-21 18:12:48,0.0
VCLB_20260402.csv,2026-03-21 18:15:48,0.0
VCLB_20260402.csv,2026-03-21 18:18:48,0.0
VCLB_20260402.csv,2026-03-21 18:21:48,0.0
VCLB_20260402.csv,2026-03-21 18:24:48,0.0
VCLB_20260402.csv,2026-03-21 18:27:48,0.0
VCLB_20260402.csv,2026-03-21 18:30:48,0.0
VCLB_20260402.csv,2026-03-21 18:33:48,0.0
VCLB_20260402.csv,2026-03-21 18:36:48,0.0
VCLB_20260402.csv,2026-03-21 18:39:48,0.0
VCLB_20260402.csv,2026-03-21 18:42:48,0.0
VCLB_20260402.csv,2026-03-21 18:45:48,0.0
VCLB_20260402.csv,2026-03-21 18:48:48,0.0
VCLB_20260402.csv,2026-03-21 18:51:48,0.0
VCLB_20260402.csv,2026-03-21 18:54:48,0.0
VCLB_20260402.csv,2026-03-21 18:57:48,0.0
VCLB_20260402.csv,2026-03-21 19:03:48,0.0
VCLB_20260402.csv,2026-03-21 19:06:48,0.0
VCLB_20260402.csv,2026-03-21 19:09:48,0.0
VCLB_20260402.csv,2026-03-21 19:12:48,0.0
VCLB_20260402.csv,2026-03-21 19:15:48,0.0
VCLB_20260402.csv,2026-03-21 19:18:48,0.0
VCLB_20260402.csv,2026-03-21 19:21:48,0.0
VCLB_20260402.csv,2026-03-21 19:24:48,0.0
VCLB_20260402.csv,2026-03-21 19:27:48,0.0
VCLB_20260402.csv,2026-03-21 19:30:48,0.0
VCLB_20260402.csv,2026-03-21 19:36:48,0.0
VCLB_20260402.csv,2026-03-21 19:39:48,0.0
VCLB_20260402.csv,2026-03-21 19:42:48,0.0
VCLB_20260402.csv,2026-03-21 19:45:48,0.0
VCLB_20260402.csv,2026-03-21 19:48:48,0.0
VCLB_20260402.csv,2026-03-21 19:51:48,0.0
VCLB_20260402.csv,2026-03-21 19:57:48,0.0
VCLB_20260402.csv,2026-03-21 20:00:48,0.0
VCLB_20260402.csv,2026-03-21 20:03:48,0.0
VCLB_20260402.csv,2026-03-21 20:06:48,0.0
VCLB_20260402.csv,2026-03-21 20:09:48,0.0
VCLB_20260402.csv,2026-03-21 20:12:48,0.0
VCLB_20260402.csv,2026-03-21 20:15:48,0.0
VCLB_20260402.csv,2026-03-21 20:18:48,0.0
VCLB_20260402.csv,2026-03-21 20:21:48,0.0
VCLB_20260402.csv,2026-03-21 20:24:48,0.0
VCLB_20260402.csv,2026-03-21 20:27:48,0.0
VCLB_20260402.csv,2026-03-21 20:30:48,0.0
VCLB_20260402.csv,2026-03-21 20:33:48,0.0
VCLB_20260402.csv,2026-03-21 20:36:48,0.0
VCLB_20260402.csv,2026-03-21 20:39:48,0.0
VCLB_20260402.csv,2026-03-21 20:42:48,0.0
VCLB_20260402.csv,2026-03-21 20:45:48,0.0
VCLB_20260402.csv,2026-03-21 20:48:48,0.0
VCLB_20260402.csv,2026-03-21 20:51:48,0.0
VCLB_20260402.csv,2026-03-21 20:54:48,0.0
VCLB_20260402.csv,2026-03-21 20:57:48,0.0
VCLB_20260402.csv,2026-03-21 21:00:48,0.0
VCLB_20260402.csv,2026-03-21 21:03:48,0.0
VCLB_20260402.csv,2026-03-21 21:06:48,0.0
VCLB_20260402.csv,2026-03-21 21:09:48,0.0
VCLB_20260402.csv,2026-03-21 21:15:48,0.0
VCLB_20260402.csv,2026-03-21 21:18:48,0.0
VCLB_20260402.csv,2026-03-21 21:21:48,0.0
VCLB_20260402.csv,2026-03-21 21:24:48,0.0
VCLB_20260402.csv,2026-03-21 21:27:48,0.0
VCLB_20260402.csv,2026-03-21 21:30:48,0.0
VCLB_20260402.csv,2026-03-21 21:33:48,0.0
VCLB_20260402.csv,2026-03-21 21:36:48,0.0
VCLB_20260402.csv,2026-03-21 21:39:48,0.0
VCLB_20260402.csv,2026-03-21 21:42:48,0.0
VCLB_20260402.csv,2026-03-21 21:45:48,0.0
VCLB_20260402.csv,2026-03-21 21:48:48,0.0
VCLB_20260402.csv,2026-03-21 21:51:48,0.0
VCLB_20260402.csv,2026-03-21 21:54:48,0.0
VCLB_20260402.csv,2026-03-21 21:57:48,0.0
VCLB_20260402.csv,2026-03-21 22:00:48,0.0
VCLB_20260402.csv,2026-03-21 22:03:48,0.0
VCLB_20260402.csv,2026-03-21 22:06:48,0.0
VCLB_20260402.csv,2026-03-21 22:09:48,0.0
VCLB_20260402.csv,2026-03-21 22:12:48,0.0
VCLB_20260402.csv,2026-03-21 22:15:48,0.0
VCLB_20260402.csv,2026-03-21 22:18:48,0.0
VCLB_20260402.csv,2026-03-21 22:21:48,0.0
VCLB_20260402.csv,2026-03-21 22:24:48,0.0
VCLB_20260402.csv,2026-03-21 22:27:48,0.0
VCLB_20260402.csv,2026-03-21 22:30:48,0.0
VCLB_20260402.csv,2026-03-21 22:33:48,0.0
VCLB_20260402.csv,2026-03-21 22:36:48,0.0
VCLB_20260402.csv,2026-03-21 22:39:48,0.0
VCLB_20260402.csv,2026-03-21 22:42:48,0.0
VCLB_20260402.csv,2026-03-21 22:45:48,0.0
VCLB_20260402.csv,2026-03-21 22:48:48,0.0
VCLB_20260402.csv,2026-03-21 22:51:48,0.0
VCLB_20260402.csv,2026-03-21 22:54:48,0.0
VCLB_20260402.csv,2026-03-21 22:57:48,0.0
VCLB_20260402.csv,2026-03-21 23:00:48,0.0
VCLB_20260402.csv,2026-03-21 23:03:48,0.0
VCLB_20260402.csv,2026-03-21 23:06:48,0.0
VCLB_20260402.csv,2026-03-21 23:09:48,0.0
VCLB_20260402.csv,2026-03-21 23:12:48,0.0
VCLB_20260402.csv,2026-03-21 23:15:48,0.0
VCLB_20260402.csv,2026-03-21 23:18:48,0.0
VCLB_20260402.csv,2026-03-21 23:21:48,0.0
VCLB_20260402.csv,2026-03-21 23:24:48,0.0
VCLB_20260402.csv,2026-03-21 23:27:48,0.0
VCLB_20260402.csv,2026-03-21 23:30:48,0.0
VCLB_20260402.csv,2026-03-21 23:33:48,0.0
VCLB_20260402.csv,2026-03-21 23:36:48,0.0
VCLB_20260402.csv,2026-03-21 23:39:48,0.0
VCLB_20260402.csv,2026-03-21 23:42:48,0.0
VCLB_20260402.csv,2026-03-21 23:45:48,0.0
VCLB_20260402.csv,2026-03-21 23:48:48,0.0
VCLB_20260402.csv,2026-03-21 23:51:48,0.0
VCLB_20260402.csv,2026-03-21 23:54:48,0.0
VCLB_20260402.csv,2026-03-21 23:57:48,0.0
VCLB_20260402.csv,2026-03-22 00:00:48,0.0
VCLB_20260402.csv,2026-03-22 00:03:48,0.0
VCLB_20260402.csv,2026-03-22 00:06:48,0.0
VCLB_20260402.csv,2026-03-22 00:09:48,0.0
VCLB_20260402.csv,2026-03-22 00:12:48,0.0
VCLB_20260402.csv,2026-03-22 00:15:48,0.0
VCLB_20260402.csv,2026-03-22 00:18:48,0.0
VCLB_20260402.csv,2026-03-22 00:21:48,0.0
VCLB_20260402.csv,2026-03-22 00:24:48,0.0
VCLB_20260402.csv,2026-03-22 00:27:48,0.0
VCLB_20260402.csv,2026-03-22 00:30:48,0.0
VCLB_20260402.csv,2026-03-22 00:36:48,0.0
VCLB_20260402.csv,2026-03-22 00:39:48,0.0
VCLB_20260402.csv,2026-03-22 00:42:48,0.0
VCLB_20260402.csv,2026-03-22 00:45:48,0.0
VCLB_20260402.csv,2026-03-22 00:48:48,0.0
VCLB_20260402.csv,2026-03-22 00:51:48,0.0
VCLB_20260402.csv,2026-03-22 00:54:48,0.0
VCLB_20260402.csv,2026-03-22 00:57:48,0.0
VCLB_20260402.csv,2026-03-22 01:00:48,0.0
VCLB_20260402.csv,2026-03-22 01:03:48,0.0
VCLB_20260402.csv,2026-03-22 01:06:48,0.0
VCLB_20260402.csv,2026-03-22 01:09:48,0.0
VCLB_20260402.csv,2026-03-22 01:12:48,0.0
VCLB_20260402.csv,2026-03-22 01:15:48,0.0
VCLB_20260402.csv,2026-03-22 01:18:48,0.0
VCLB_20260402.csv,2026-03-22 01:21:48,0.0
VCLB_20260402.csv,2026-03-22 01:24:48,0.0
VCLB_20260402.csv,2026-03-22 01:27:48,0.0
VCLB_20260402.csv,2026-03-22 01:30:48,0.0
VCLB_20260402.csv,2026-03-22 01:33:48,0.0
VCLB_20260402.csv,2026-03-22 01:36:48,0.0
VCLB_20260402.csv,2026-03-22 01:39:48,0.0
VCLB_20260402.csv,2026-03-22 01:42:48,0.0
VCLB_20260402.csv,2026-03-22 01:45:48,0.0
VCLB_20260402.csv,2026-03-22 01:48:48,0.0
VCLB_20260402.csv,2026-03-22 01:51:48,0.0
VCLB_20260402.csv,2026-03-22 01:54:48,0.0
VCLB_20260402.csv,2026-03-22 01:57:48,0.0
VCLB_20260402.csv,2026-03-22 02:00:48,0.0
VCLB_20260402.csv,2026-03-22 02:03:48,0.0
VCLB_20260402.csv,2026-03-22 02:06:48,0.0
VCLB_20260402.csv,2026-03-22 02:09:48,0.0
VCLB_20260402.csv,2026-03-22 02:12:48,0.0
VCLB_20260402.csv,2026-03-22 02:15:48,0.0
VCLB_20260402.csv,2026-03-22 02:18:48,0.0
VCLB_20260402.csv,2026-03-22 02:21:48,0.0
VCLB_20260402.csv,2026-03-22 02:24:48,0.0
VCLB_20260402.csv,2026-03-22 02:27:48,0.0
VCLB_20260402.csv,2026-03-22 02:30:48,0.0
VCLB_20260402.csv,2026-03-22 02:33:48,0.0
VCLB_20260402.csv,2026-03-22 02:36:48,0.0
VCLB_20260402.csv,2026-03-22 02:39:48,0.0
VCLB_20260402.csv,2026-03-22 02:42:48,0.0
VCLB_20260402.csv,2026-03-22 02:45:48,0.0
VCLB_20260402.csv,2026-03-22 02:48:48,0.0
VCLB_20260402.csv,2026-03-22 02:51:48,0.0
VCLB_20260402.csv,2026-03-22 02:54:48,0.0
VCLB_20260402.csv,2026-03-22 02:57:48,0.0
VCLB_20260402.csv,2026-03-22 03:00:48,0.0
VCLB_20260402.csv,2026-03-22 03:03:48,0.0
VCLB_20260402.csv,2026-03-22 03:06:48,0.0
VCLB_20260402.csv,2026-03-22 03:09:48,0.0
VCLB_20260402.csv,2026-03-22 03:12:48,0.0
VCLB_20260402.csv,2026-03-22 03:15:48,0.0
VCLB_20260402.csv,2026-03-22 03:18:48,0.0
VCLB_20260402.csv,2026-03-22 03:21:48,0.0
VCLB_20260402.csv,2026-03-22 03:24:48,0.0
VCLB_20260402.csv,2026-03-22 03:27:48,0.0
VCLB_20260402.csv,2026-03-22 03:30:48,0.0
VCLB_20260402.csv,2026-03-22 03:33:48,0.0
VCLB_20260402.csv,2026-03-22 03:36:48,0.0
VCLB_20260402.csv,2026-03-22 03:39:48,0.0
VCLB_20260402.csv,2026-03-22 03:42:48,0.0
VCLB_20260402.csv,2026-03-22 03:45:48,0.0
VCLB_20260402.csv,2026-03-22 03:48:48,0.0
VCLB_20260402.csv,2026-03-22 03:51:48,0.0
VCLB_20260402.csv,2026-03-22 03:54:48,0.0
VCLB_20260402.csv,2026-03-22 03:57:48,0.0
VCLB_20260402.csv,2026-03-22 04:00:48,0.0
VCLB_20260402.csv,2026-03-22 04:03:48,0.0
VCLB_20260402.csv,2026-03-22 04:06:48,0.0
VCLB_20260402.csv,2026-03-22 04:09:48,0.0
VCLB_20260402.csv,2026-03-22 04:12:48,0.0
VCLB_20260402.csv,2026-03-22 04:15:48,0.0
VCLB_20260402.csv,2026-03-22 04:18:48,0.0
VCLB_20260402.csv,2026-03-22 04:21:48,0.0
VCLB_20260402.csv,2026-03-22 04:24:48,0.0
VCLB_20260402.csv,2026-03-22 04:27:48,0.0
VCLB_20260402.csv,2026-03-22 04:30:48,0.0
VCLB_20260402.csv,2026-03-22 04:33:48,0.0
VCLB_20260402.csv,2026-03-22 04:36:48,0.0
VCLB_20260402.csv,2026-03-22 04:39:48,0.0
VCLB_20260402.csv,2026-03-22 04:42:48,0.0
VCLB_20260402.csv,2026-03-22 04:45:48,0.0
VCLB_20260402.csv,2026-03-22 04:48:48,0.0
VCLB_20260402.csv,2026-03-22 04:51:48,0.0
VCLB_20260402.csv,2026-03-22 04:54:48,0.0
VCLB_20260402.csv,2026-03-22 04:57:48,0.0
VCLB_20260402.csv,2026-03-22 05:00:48,0.0
VCLB_20260402.csv,2026-03-22 05:03:47,0.0
VCLB_20260402.csv,2026-03-22 05:06:47,0.0
VCLB_20260402.csv,2026-03-22 05:09:47,0.0
VCLB_20260402.csv,2026-03-22 05:12:47,0.0
VCLB_20260402.csv,2026-03-22 05:15:48,0.0
VCLB_20260402.csv,2026-03-22 05:18:48,0.0
VCLB_20260402.csv,2026-03-22 05:21:47,0.0
VCLB_20260402.csv,2026-03-22 05:24:47,0.0
VCLB_20260402.csv,2026-03-22 05:27:47,0.0
VCLB_20260402.csv,2026-03-22 05:30:47,0.0
VCLB_20260402.csv,2026-03-22 05:33:47,0.0
VCLB_20260402.csv,2026-03-22 05:36:47,0.0
VCLB_20260402.csv,2026-03-22 05:39:47,0.0
VCLB_20260402.csv,2026-03-22 05:42:47,0.0
VCLB_20260402.csv,2026-03-22 05:48:47,0.0
VCLB_20260402.csv,2026-03-22 05:51:47,0.0
VCLB_20260402.csv,2026-03-22 05:54:47,0.0
VCLB_20260402.csv,2026-03-22 05:57:47,0.0
VCLB_20260402.csv,2026-03-22 06:00:47,0.0
VCLB_20260402.csv,2026-03-22 06:03:47,0.0
VCLB_20260402.csv,2026-03-22 06:06:47,0.0
VCLB_20260402.csv,2026-03-22 06:09:47,0.0
VCLB_20260402.csv,2026-03-22 06:12:47,0.0
VCLB_20260402.csv,2026-03-22 06:15:47,0.0
VCLB_20260402.csv,2026-03-22 06:18:47,0.0
VCLB_20260402.csv,2026-03-22 06:21:47,0.0
VCLB_20260402.csv,2026-03-22 06:24:47,0.0
VCLB_20260402.csv,2026-03-22 06:27:47,0.0
VCLB_20260402.csv,2026-03-22 06:30:47,0.0
VCLB_20260402.csv,2026-03-22 06:33:47,0.0
VCLB_20260402.csv,2026-03-22 06:36:47,0.0
VCLB_20260402.csv,2026-03-22 06:39:47,0.0
VCLB_20260402.csv,2026-03-22 06:45:47,0.0
VCLB_20260402.csv,2026-03-22 06:48:47,0.0
VCLB_20260402.csv,2026-03-22 06:51:47,0.0
VCLB_20260402.csv,2026-03-22 06:54:47,0.0
VCLB_20260402.csv,2026-03-22 06:57:47,0.0
VCLB_20260402.csv,2026-03-22 07:00:47,0.0
VCLB_20260402.csv,2026-03-22 07:03:47,0.0
VCLB_20260402.csv,2026-03-22 07:06:47,0.0
VCLB_20260402.csv,2026-03-22 07:09:47,0.0
VCLB_20260402.csv,2026-03-22 07:12:47,0.0
VCLB_20260402.csv,2026-03-22 07:15:47,0.0
VCLB_20260402.csv,2026-03-22 07:18:47,0.0
VCLB_20260402.csv,2026-03-22 07:21:47,0.0
VCLB_20260402.csv,2026-03-22 07:24:47,0.0
VCLB_20260402.csv,2026-03-22 07:27:47,0.0
VCLB_20260402.csv,2026-03-22 07:30:47,0.0
VCLB_20260402.csv,2026-03-22 07:33:47,0.0
VCLB_20260402.csv,2026-03-22 07:36:47,0.0
VCLB_20260402.csv,2026-03-22 07:39:47,0.0
VCLB_20260402.csv,2026-03-22 07:42:47,0.0
VCLB_20260402.csv,2026-03-22 07:45:47,0.0
VCLB_20260402.csv,2026-03-22 07:48:47,0.0
VCLB_20260402.csv,2026-03-22 07:51:47,0.0
VCLB_20260402.csv,2026-03-22 07:54:47,0.0
VCLB_20260402.csv,2026-03-22 07:57:47,0.0
VCLB_20260402.csv,2026-03-22 08:00:47,0.0
VCLB_20260402.csv,2026-03-22 08:03:47,0.0
VCLB_20260402.csv,2026-03-22 08:06:47,0.0
VCLB_20260402.csv,2026-03-22 08:09:47,0.0
VCLB_20260402.csv,2026-03-22 08:12:47,0.0
VCLB_20260402.csv,2026-03-22 08:15:47,0.0
VCLB_20260402.csv,2026-03-22 08:18:47,0.0
VCLB_20260402.csv,2026-03-22 08:21:47,0.0
VCLB_20260402.csv,2026-03-22 08:24:47,0.0
VCLB_20260402.csv,2026-03-22 08:27:47,0.0
VCLB_20260402.csv,2026-03-22 08:30:47,0.0
VCLB_20260402.csv,2026-03-22 08:33:47,0.0
VCLB_20260402.csv,2026-03-22 08:36:47,0.0
VCLB_20260402.csv,2026-03-22 08:39:47,0.0
VCLB_20260402.csv,2026-03-22 08:42:47,0.0
VCLB_20260402.csv,2026-03-22 08:45:47,0.0
VCLB_20260402.csv,2026-03-22 08:48:47,0.0
VCLB_20260402.csv,2026-03-22 08:51:47,0.0
VCLB_20260402.csv,2026-03-22 08:54:47,0.0
VCLB_20260402.csv,2026-03-22 08:57:47,0.0
VCLB_20260402.csv,2026-03-22 09:00:47,0.0
VCLB_20260402.csv,2026-03-22 09:03:47,0.0
VCLB_20260402.csv,2026-03-22 09:06:47,0.0
VCLB_20260402.csv,2026-03-22 09:09:47,0.0
VCLB_20260402.csv,2026-03-22 09:12:47,0.0
VCLB_20260402.csv,2026-03-22 09:15:47,0.0
VCLB_20260402.csv,2026-03-22 09:18:47,0.0
VCLB_20260402.csv,2026-03-22 09:21:47,0.0
VCLB_20260402.csv,2026-03-22 09:24:47,0.0
VCLB_20260402.csv,2026-03-22 09:27:47,0.0
VCLB_20260402.csv,2026-03-22 09:30:47,0.0
VCLB_20260402.csv,2026-03-22 09:33:47,0.0
VCLB_20260402.csv,2026-03-22 09:36:47,0.0
VCLB_20260402.csv,2026-03-22 09:39:47,0.0
VCLB_20260402.csv,2026-03-22 09:42:47,0.0
VCLB_20260402.csv,2026-03-22 09:45:47,0.0
VCLB_20260402.csv,2026-03-22 09:48:47,0.0
VCLB_20260402.csv,2026-03-22 09:51:47,0.0
VCLB_20260402.csv,2026-03-22 09:54:47,0.0
VCLB_20260402.csv,2026-03-22 09:57:47,0.0
VCLB_20260402.csv,2026-03-22 10:00:47,0.0
VCLB_20260402.csv,2026-03-22 10:03:47,0.0
VCLB_20260402.csv,2026-03-22 10:06:47,0.0
VCLB_20260402.csv,2026-03-22 10:09:47,0.0
VCLB_20260402.csv,2026-03-22 10:12:47,0.0
VCLB_20260402.csv,2026-03-22 10:15:47,0.0
VCLB_20260402.csv,2026-03-22 10:18:47,0.0
VCLB_20260402.csv,2026-03-22 10:21:47,0.0
VCLB_20260402.csv,2026-03-22 10:24:47,0.0
VCLB_20260402.csv,2026-03-22 10:27:47,0.0
VCLB_20260402.csv,2026-03-22 10:30:47,0.0
VCLB_20260402.csv,2026-03-22 10:33:47,0.0
VCLB_20260402.csv,2026-03-22 10:36:47,0.0
VCLB_20260402.csv,2026-03-22 10:39:47,0.0
VCLB_20260402.csv,2026-03-22 10:42:47,0.0
VCLB_20260402.csv,2026-03-22 10:45:47,0.0
VCLB_20260402.csv,2026-03-22 10:48:47,0.0
VCLB_20260402.csv,2026-03-22 10:51:47,0.0
VCLB_20260402.csv,2026-03-22 10:54:47,0.0
VCLB_20260402.csv,2026-03-22 10:57:47,0.0
VCLB_20260402.csv,2026-03-22 11:00:47,0.0
VCLB_20260402.csv,2026-03-22 11:03:47,0.0
VCLB_20260402.csv,2026-03-22 11:06:47,0.0
VCLB_20260402.csv,2026-03-22 11:09:47,0.0
VCLB_20260402.csv,2026-03-22 11:12:47,0.0
VCLB_20260402.csv,2026-03-22 11:15:47,0.0
VCLB_20260402.csv,2026-03-22 11:18:47,0.0
VCLB_20260402.csv,2026-03-22 11:21:47,0.0
VCLB_20260402.csv,2026-03-22 11:24:47,0.0
VCLB_20260402.csv,2026-03-22 11:27:47,0.0
VCLB_20260402.csv,2026-03-22 11:30:47,0.0
VCLB_20260402.csv,2026-03-22 11:33:47,0.0
VCLB_20260402.csv,2026-03-22 11:36:47,0.0
VCLB_20260402.csv,2026-03-22 11:39:47,0.0
VCLB_20260402.csv,2026-03-22 11:42:47,0.0
VCLB_20260402.csv,2026-03-22 11:45:47,0.0
VCLB_20260402.csv,2026-03-22 11:48:47,0.0
VCLB_20260402.csv,2026-03-22 11:51:47,0.0
VCLB_20260402.csv,2026-03-22 11:54:47,0.0
VCLB_20260402.csv,2026-03-22 11:57:47,0.0
VCLB_20260402.csv,2026-03-22 12:00:47,0.0
VCLB_20260402.csv,2026-03-22 12:03:47,0.0
VCLB_20260402.csv,2026-03-22 12:06:47,0.0
VCLB_20260402.csv,2026-03-22 12:09:47,0.0
VCLB_20260402.csv,2026-03-22 12:12:47,0.0
VCLB_20260402.csv,2026-03-22 12:15:47,0.0
VCLB_20260402.csv,2026-03-22 12:18:47,0.0
VCLB_20260402.csv,2026-03-22 12:21:47,0.0
VCLB_20260402.csv,2026-03-22 12:24:47,0.0
VCLB_20260402.csv,2026-03-22 12:27:47,0.0
VCLB_20260402.csv,2026-03-22 12:30:47,0.0
VCLB_20260402.csv,2026-03-22 12:33:47,0.0
VCLB_20260402.csv,2026-03-22 12:36:47,0.0
VCLB_20260402.csv,2026-03-22 12:39:47,0.0
VCLB_20260402.csv,2026-03-22 12:42:47,0.0
VCLB_20260402.csv,2026-03-22 12:45:47,0.0
VCLB_20260402.csv,2026-03-22 12:48:47,0.0
VCLB_20260402.csv,2026-03-22 12:51:47,0.0
VCLB_20260402.csv,2026-03-22 12:54:47,0.0
VCLB_20260402.csv,2026-03-22 12:57:47,0.0
VCLB_20260402.csv,2026-03-22 13:00:47,0.0
VCLB_20260402.csv,2026-03-22 13:03:47,0.0
VCLB_20260402.csv,2026-03-22 13:06:47,0.0
VCLB_20260402.csv,2026-03-22 13:09:47,0.0
VCLB_20260402.csv,2026-03-22 13:12:47,0.0
VCLB_20260402.csv,2026-03-22 13:15:47,0.0
VCLB_20260402.csv,2026-03-22 13:18:47,0.0
VCLB_20260402.csv,2026-03-22 13:21:47,0.0
VCLB_20260402.csv,2026-03-22 13:24:47,0.0
VCLB_20260402.csv,2026-03-22 13:27:47,0.0
VCLB_20260402.csv,2026-03-22 13:30:47,0.0
VCLB_20260402.csv,2026-03-22 13:33:47,0.0
VCLB_20260402.csv,2026-03-22 13:36:47,0.0
VCLB_20260402.csv,2026-03-22 13:39:47,0.0
VCLB_20260402.csv,2026-03-22 13:42:47,0.0
VCLB_20260402.csv,2026-03-22 13:45:47,0.0
VCLB_20260402.csv,2026-03-22 13:48:47,0.0
VCLB_20260402.csv,2026-03-22 13:51:47,0.0
VCLB_20260402.csv,2026-03-22 13:54:47,0.0
VCLB_20260402.csv,2026-03-22 13:57:47,0.0
VCLB_20260402.csv,2026-03-22 14:00:47,0.0
VCLB_20260402.csv,2026-03-22 14:03:49,0.0
VCLB_20260402.csv,2026-03-22 14:06:47,0.0
VCLB_20260402.csv,2026-03-22 14:09:47,0.0
VCLB_20260402.csv,2026-03-22 14:12:47,0.0
VCLB_20260402.csv,2026-03-22 14:15:47,0.0
VCLB_20260402.csv,2026-03-22 14:18:47,0.0
VCLB_20260402.csv,2026-03-22 14:21:47,0.0
VCLB_20260402.csv,2026-03-22 14:24:47,0.0
VCLB_20260402.csv,2026-03-22 14:27:47,0.0
VCLB_20260402.csv,2026-03-22 14:30:47,0.0
VCLB_20260402.csv,2026-03-22 14:33:47,0.0
VCLB_20260402.csv,2026-03-22 14:36:47,0.0
VCLB_20260402.csv,2026-03-22 14:39:47,0.0
VCLB_20260402.csv,2026-03-22 14:42:47,0.0
VCLB_20260402.csv,2026-03-22 14:45:47,0.0
VCLB_20260402.csv,2026-03-22 14:48:47,0.0
VCLB_20260402.csv,2026-03-22 14:51:47,0.0
VCLB_20260402.csv,2026-03-22 14:54:47,0.0
VCLB_20260402.csv,2026-03-22 14:57:47,0.0
VCLB_20260402.csv,2026-03-22 15:00:47,0.0
VCLB_20260402.csv,2026-03-22 15:03:47,0.0
VCLB_20260402.csv,2026-03-22 15:06:47,0.0
VCLB_20260402.csv,2026-03-22 15:09:47,0.0
VCLB_20260402.csv,2026-03-22 15:12:47,0.0
VCLB_20260402.csv,2026-03-22 15:15:47,0.0
VCLB_20260402.csv,2026-03-22 15:18:47,0.0
VCLB_20260402.csv,2026-03-22 15:21:47,0.0
VCLB_20260402.csv,2026-03-22 15:24:47,0.0
VCLB_20260402.csv,2026-03-22 15:27:47,0.0
VCLB_20260402.csv,2026-03-22 15:30:47,0.0
VCLB_20260402.csv,2026-03-22 15:33:47,0.0
VCLB_20260402.csv,2026-03-22 15:36:47,0.0
VCLB_20260402.csv,2026-03-22 15:39:47,0.0
VCLB_20260402.csv,2026-03-22 15:42:47,0.0
VCLB_20260402.csv,2026-03-22 15:45:47,0.0
VCLB_20260402.csv,2026-03-22 15:48:47,0.0
VCLB_20260402.csv,2026-03-22 15:51:47,0.0
VCLB_20260402.csv,2026-03-22 15:54:47,0.0
VCLB_20260402.csv,2026-03-22 15:57:47,0.0
VCLB_20260402.csv,2026-03-22 16:00:47,0.0
VCLB_20260402.csv,2026-03-22 16:03:47,0.0
VCLB_20260402.csv,2026-03-22 16:06:47,0.0
VCLB_20260402.csv,2026-03-22 16:09:47,0.0
VCLB_20260402.csv,2026-03-22 16:12:47,0.0
VCLB_20260402.csv,2026-03-22 16:15:47,0.0
VCLB_20260402.csv,2026-03-22 16:18:47,0.0
VCLB_20260402.csv,2026-03-22 16:21:47,0.0
VCLB_20260402.csv,2026-03-22 16:24:47,0.0
VCLB_20260402.csv,2026-03-22 16:27:47,0.0
VCLB_20260402.csv,2026-03-22 16:30:47,0.0
VCLB_20260402.csv,2026-03-22 16:33:47,0.0
VCLB_20260402.csv,2026-03-22 16:36:47,0.0
VCLB_20260402.csv,2026-03-22 16:39:47,0.0
VCLB_20260402.csv,2026-03-22 16:42:47,0.0
VCLB_20260402.csv,2026-03-22 16:45:47,0.0
VCLB_20260402.csv,2026-03-22 16:48:47,0.0
VCLB_20260402.csv,2026-03-22 16:51:47,0.0
VCLB_20260402.csv,2026-03-22 16:54:47,0.0
VCLB_20260402.csv,2026-03-22 16:57:47,0.0
VCLB_20260402.csv,2026-03-22 17:00:47,0.0
VCLB_20260402.csv,2026-03-22 17:03:47,0.0
VCLB_20260402.csv,2026-03-22 17:06:47,0.0
VCLB_20260402.csv,2026-03-22 17:09:47,0.0
VCLB_20260402.csv,2026-03-22 17:12:47,0.0
VCLB_20260402.csv,2026-03-22 17:15:47,0.0
VCLB_20260402.csv,2026-03-22 17:18:47,0.0
VCLB_20260402.csv,2026-03-22 17:21:47,0.0
VCLB_20260402.csv,2026-03-22 17:24:47,0.0
VCLB_20260402.csv,2026-03-22 17:27:47,0.0
VCLB_20260402.csv,2026-03-22 17:30:47,0.0
VCLB_20260402.csv,2026-03-22 17:33:47,0.0
VCLB_20260402.csv,2026-03-22 17:36:47,0.0
VCLB_20260402.csv,2026-03-22 17:39:47,0.0
VCLB_20260402.csv,2026-03-22 17:42:47,0.0
VCLB_20260402.csv,2026-03-22 17:45:47,0.0
VCLB_20260402.csv,2026-03-22 17:48:47,0.0
VCLB_20260402.csv,2026-03-22 17:51:47,0.0
VCLB_20260402.csv,2026-03-22 17:54:47,0.0
VCLB_20260402.csv,2026-03-22 17:57:47,0.0
VCLB_20260402.csv,2026-03-22 18:00:47,0.0
VCLB_20260402.csv,2026-03-22 18:03:47,0.0
VCLB_20260402.csv,2026-03-22 18:06:47,0.0
VCLB_20260402.csv,2026-03-22 18:09:47,0.0
VCLB_20260402.csv,2026-03-22 18:12:47,0.0
VCLB_20260402.csv,2026-03-22 18:15:47,0.0
VCLB_20260402.csv,2026-03-22 18:18:47,0.0
VCLB_20260402.csv,2026-03-22 18:21:47,0.0
VCLB_20260402.csv,2026-03-22 18:24:47,0.0
VCLB_20260402.csv,2026-03-22 18:27:47,0.0
VCLB_20260402.csv,2026-03-22 18:30:47,0.0
VCLB_20260402.csv,2026-03-22 18:33:47,0.0
VCLB_20260402.csv,2026-03-22 18:36:47,0.0
VCLB_20260402.csv,2026-03-22 18:39:47,0.0
VCLB_20260402.csv,2026-03-22 18:42:47,0.0
VCLB_20260402.csv,2026-03-22 18:45:47,0.0
VCLB_20260402.csv,2026-03-22 18:48:47,0.0
VCLB_20260402.csv,2026-03-22 18:51:47,0.0
VCLB_20260402.csv,2026-03-22 18:54:47,0.0
VCLB_20260402.csv,2026-03-22 18:57:47,0.0
VCLB_20260402.csv,2026-03-22 19:00:47,0.0
VCLB_20260402.csv,2026-03-22 19:03:47,0.0
VCLB_20260402.csv,2026-03-22 19:06:47,0.0
VCLB_20260402.csv,2026-03-22 19:09:47,0.0
VCLB_20260402.csv,2026-03-22 19:12:47,0.0
VCLB_20260402.csv,2026-03-22 19:15:47,0.0
VCLB_20260402.csv,2026-03-22 19:18:47,0.0
VCLB_20260402.csv,2026-03-22 19:21:47,0.0
VCLB_20260402.csv,2026-03-22 19:24:47,0.0
VCLB_20260402.csv,2026-03-22 19:27:47,0.0
VCLB_20260402.csv,2026-03-22 19:30:47,0.0
VCLB_20260402.csv,2026-03-22 19:33:47,0.0
VCLB_20260402.csv,2026-03-22 19:36:47,0.0
VCLB_20260402.csv,2026-03-22 19:39:47,0.0
VCLB_20260402.csv,2026-03-22 19:42:47,0.0
VCLB_20260402.csv,2026-03-22 19:45:47,0.0
VCLB_20260402.csv,2026-03-22 19:48:47,0.0
VCLB_20260402.csv,2026-03-22 19:51:47,0.0
VCLB_20260402.csv,2026-03-22 19:54:47,0.0
VCLB_20260402.csv,2026-03-22 19:57:47,0.0
VCLB_20260402.csv,2026-03-22 20:00:47,0.0
VCLB_20260402.csv,2026-03-22 20:03:47,0.0
VCLB_20260402.csv,2026-03-22 20:09:47,0.0
VCLB_20260402.csv,2026-03-22 20:12:47,0.0
VCLB_20260402.csv,2026-03-22 20:15:47,0.0
VCLB_20260402.csv,2026-03-22 20:18:47,0.0
VCLB_20260402.csv,2026-03-22 20:21:47,0.0
VCLB_20260402.csv,2026-03-22 20:24:47,0.0
VCLB_20260402.csv,2026-03-22 20:27:47,0.0
VCLB_20260402.csv,2026-03-22 20:30:47,0.0
VCLB_20260402.csv,2026-03-22 20:33:47,0.0
VCLB_20260402.csv,2026-03-22 20:36:47,0.0
VCLB_20260402.csv,2026-03-22 20:39:47,0.0
VCLB_20260402.csv,2026-03-22 20:42:47,0.0
VCLB_20260402.csv,2026-03-22 20:45:47,0.0
VCLB_20260402.csv,2026-03-22 20:48:47,0.0
VCLB_20260402.csv,2026-03-22 20:51:47,0.0
VCLB_20260402.csv,2026-03-22 20:54:47,0.0
VCLB_20260402.csv,2026-03-22 20:57:47,0.0
VCLB_20260402.csv,2026-03-22 21:00:47,0.0
VCLB_20260402.csv,2026-03-22 21:03:47,0.0
VCLB_20260402.csv,2026-03-22 21:06:47,0.0
VCLB_20260402.csv,2026-03-22 21:09:47,0.0
VCLB_20260402.csv,2026-03-22 21:12:47,0.0
VCLB_20260402.csv,2026-03-22 21:15:47,0.0
VCLB_20260402.csv,2026-03-22 21:18:47,0.0
VCLB_20260402.csv,2026-03-22 21:21:47,0.0
VCLB_20260402.csv,2026-03-22 21:24:47,0.0
VCLB_20260402.csv,2026-03-22 21:27:47,0.0
VCLB_20260402.csv,2026-03-22 21:30:47,0.0
VCLB_20260402.csv,2026-03-22 21:33:47,0.0
VCLB_20260402.csv,2026-03-22 21:36:47,0.0
VCLB_20260402.csv,2026-03-22 21:39:47,0.0
VCLB_20260402.csv,2026-03-22 21:42:47,0.0
VCLB_20260402.csv,2026-03-22 21:45:47,0.0
VCLB_20260402.csv,2026-03-22 21:48:47,0.0
VCLB_20260402.csv,2026-03-22 21:51:47,0.0
VCLB_20260402.csv,2026-03-22 21:54:47,0.0
VCLB_20260402.csv,2026-03-22 21:57:47,0.0
VCLB_20260402.csv,2026-03-22 22:00:47,0.0
VCLB_20260402.csv,2026-03-22 22:03:47,0.0
VCLB_20260402.csv,2026-03-22 22:06:47,0.0
VCLB_20260402.csv,2026-03-22 22:09:47,0.0
VCLB_20260402.csv,2026-03-22 22:12:47,0.0
VCLB_20260402.csv,2026-03-22 22:15:47,0.0
VCLB_20260402.csv,2026-03-22 22:18:47,0.0
VCLB_20260402.csv,2026-03-22 22:21:47,0.0
VCLB_20260402.csv,2026-03-22 22:24:47,0.0
VCLB_20260402.csv,2026-03-22 22:27:47,0.0
VCLB_20260402.csv,2026-03-22 22:30:47,0.0
VCLB_20260402.csv,2026-03-22 22:33:47,0.0
VCLB_20260402.csv,2026-03-22 22:36:47,0.0
VCLB_20260402.csv,2026-03-22 22:39:47,0.0
VCLB_20260402.csv,2026-03-22 22:42:47,0.0
VCLB_20260402.csv,2026-03-22 22:45:47,0.0
VCLB_20260402.csv,2026-03-22 22:48:47,0.0
VCLB_20260402.csv,2026-03-22 22:51:47,0.0
VCLB_20260402.csv,2026-03-22 22:54:47,0.0
VCLB_20260402.csv,2026-03-22 22:57:47,0.0
VCLB_20260402.csv,2026-03-22 23:00:47,0.0
VCLB_20260402.csv,2026-03-22 23:03:47,0.0
VCLB_20260402.csv,2026-03-22 23:06:47,0.0
VCLB_20260402.csv,2026-03-22 23:09:47,0.0
VCLB_20260402.csv,2026-03-22 23:12:47,0.0
VCLB_20260402.csv,2026-03-22 23:15:47,0.0
VCLB_20260402.csv,2026-03-22 23:18:47,0.0
VCLB_20260402.csv,2026-03-22 23:24:47,0.0
VCLB_20260402.csv,2026-03-22 23:27:47,0.0
VCLB_20260402.csv,2026-03-22 23:30:47,0.0
VCLB_20260402.csv,2026-03-22 23:33:47,0.0
VCLB_20260402.csv,2026-03-22 23:36:47,0.0
VCLB_20260402.csv,2026-03-22 23:39:47,0.0
VCLB_20260402.csv,2026-03-22 23:42:47,0.0
VCLB_20260402.csv,2026-03-22 23:45:47,0.0
VCLB_20260402.csv,2026-03-22 23:48:47,0.0
VCLB_20260402.csv,2026-03-22 23:51:47,0.0
VCLB_20260402.csv,2026-03-22 23:54:47,0.0
VCLB_20260402.csv,2026-03-22 23:57:47,0.0
VCLB_20260402.csv,2026-03-23 00:00:47,0.0
VCLB_20260402.csv,2026-03-23 00:03:47,0.0
VCLB_20260402.csv,2026-03-23 00:06:47,0.0
VCLB_20260402.csv,2026-03-23 00:09:47,0.0
VCLB_20260402.csv,2026-03-23 00:12:47,0.0
VCLB_20260402.csv,2026-03-23 00:15:47,0.0
VCLB_20260402.csv,2026-03-23 00:18:47,0.0
VCLB_20260402.csv,2026-03-23 00:21:47,0.0
VCLB_20260402.csv,2026-03-23 00:24:47,0.0
VCLB_20260402.csv,2026-03-23 00:27:47,0.0
VCLB_20260402.csv,2026-03-23 00:30:47,0.0
VCLB_20260402.csv,2026-03-23 00:33:47,0.0
VCLB_20260402.csv,2026-03-23 00:36:47,0.0
VCLB_20260402.csv,2026-03-23 00:39:47,0.0
VCLB_20260402.csv,2026-03-23 00:42:47,0.0
VCLB_20260402.csv,2026-03-23 00:45:47,0.0
VCLB_20260402.csv,2026-03-23 00:48:47,0.0
VCLB_20260402.csv,2026-03-23 00:51:47,0.0
VCLB_20260402.csv,2026-03-23 00:54:47,0.0
VCLB_20260402.csv,2026-03-23 00:57:47,0.0
VCLB_20260402.csv,2026-03-23 01:00:47,0.0
VCLB_20260402.csv,2026-03-23 01:03:47,0.0
VCLB_20260402.csv,2026-03-23 01:06:47,0.0
VCLB_20260402.csv,2026-03-23 01:09:47,0.0
VCLB_20260402.csv,2026-03-23 01:12:47,0.0
VCLB_20260402.csv,2026-03-23 01:15:47,0.0
VCLB_20260402.csv,2026-03-23 01:18:47,0.0
VCLB_20260402.csv,2026-03-23 01:21:47,0.0
VCLB_20260402.csv,2026-03-23 01:24:47,0.0
VCLB_20260402.csv,2026-03-23 01:27:47,0.0
VCLB_20260402.csv,2026-03-23 01:30:47,0.0
VCLB_20260402.csv,2026-03-23 01:33:47,0.0
VCLB_20260402.csv,2026-03-23 01:36:47,0.0
VCLB_20260402.csv,2026-03-23 01:39:47,0.0
VCLB_20260402.csv,2026-03-23 01:42:47,0.0
VCLB_20260402.csv,2026-03-23 01:45:47,0.0
VCLB_20260402.csv,2026-03-23 01:48:47,0.0
VCLB_20260402.csv,2026-03-23 01:51:47,0.0
VCLB_20260402.csv,2026-03-23 01:54:47,0.0
VCLB_20260402.csv,2026-03-23 01:57:47,0.0
VCLB_20260402.csv,2026-03-23 02:00:47,0.0
VCLB_20260402.csv,2026-03-23 02:03:47,0.0
VCLB_20260402.csv,2026-03-23 02:06:47,0.0
VCLB_20260402.csv,2026-03-23 02:09:47,0.0
VCLB_20260402.csv,2026-03-23 02:12:47,0.0
VCLB_20260402.csv,2026-03-23 02:15:47,0.0
VCLB_20260402.csv,2026-03-23 02:18:47,0.0
VCLB_20260402.csv,2026-03-23 02:21:47,0.0
VCLB_20260402.csv,2026-03-23 02:24:47,0.0
VCLB_20260402.csv,2026-03-23 02:27:47,0.0
VCLB_20260402.csv,2026-03-23 02:30:47,0.0
VCLB_20260402.csv,2026-03-23 02:33:46,0.0
VCLB_20260402.csv,2026-03-23 02:36:46,0.0
VCLB_20260402.csv,2026-03-23 02:39:47,0.0
VCLB_20260402.csv,2026-03-23 02:42:47,0.0
VCLB_20260402.csv,2026-03-23 02:45:46,0.0
VCLB_20260402.csv,2026-03-23 02:48:47,0.0
VCLB_20260402.csv,2026-03-23 02:51:46,0.0
VCLB_20260402.csv,2026-03-23 02:54:47,0.0
VCLB_20260402.csv,2026-03-23 02:57:46,0.0
VCLB_20260402.csv,2026-03-23 03:00:46,0.0
VCLB_20260402.csv,2026-03-23 03:03:46,0.0
VCLB_20260402.csv,2026-03-23 03:06:46,0.0
VCLB_20260402.csv,2026-03-23 03:09:46,0.0
VCLB_20260402.csv,2026-03-23 03:12:46,0.0
VCLB_20260402.csv,2026-03-23 03:15:46,0.0
VCLB_20260402.csv,2026-03-23 03:18:46,0.0
VCLB_20260402.csv,2026-03-23 03:21:46,0.0
VCLB_20260402.csv,2026-03-23 03:24:46,0.0
VCLB_20260402.csv,2026-03-23 03:27:46,0.0
VCLB_20260402.csv,2026-03-23 03:30:46,0.0
VCLB_20260402.csv,2026-03-23 03:33:46,0.0
VCLB_20260402.csv,2026-03-23 03:36:46,0.0
VCLB_20260402.csv,2026-03-23 03:39:46,0.0
VCLB_20260402.csv,2026-03-23 03:42:46,0.0
VCLB_20260402.csv,2026-03-23 03:45:46,0.0
VCLB_20260402.csv,2026-03-23 03:48:46,0.0
VCLB_20260402.csv,2026-03-23 03:51:46,0.0
VCLB_20260402.csv,2026-03-23 03:54:46,0.0
VCLB_20260402.csv,2026-03-23 03:57:46,0.0
VCLB_20260402.csv,2026-03-23 04:00:46,0.0
VCLB_20260402.csv,2026-03-23 04:03:46,0.0
VCLB_20260402.csv,2026-03-23 04:06:46,0.0
VCLB_20260402.csv,2026-03-23 04:09:46,0.0
VCLB_20260402.csv,2026-03-23 04:12:46,0.0
VCLB_20260402.csv,2026-03-23 04:15:46,0.0
VCLB_20260402.csv,2026-03-23 04:18:46,0.0
VCLB_20260402.csv,2026-03-23 04:21:46,0.0
VCLB_20260402.csv,2026-03-23 04:24:46,0.0
VCLB_20260402.csv,2026-03-23 04:30:46,0.0
VCLB_20260402.csv,2026-03-23 04:33:46,0.0
VCLB_20260402.csv,2026-03-23 04:36:46,0.0
VCLB_20260402.csv,2026-03-23 04:39:46,0.0
VCLB_20260402.csv,2026-03-23 04:42:46,0.0
VCLB_20260402.csv,2026-03-23 04:45:46,0.0
VCLB_20260402.csv,2026-03-23 04:48:46,0.0
VCLB_20260402.csv,2026-03-23 04:51:46,0.0
VCLB_20260402.csv,2026-03-23 04:54:46,0.0
VCLB_20260402.csv,2026-03-23 04:57:46,0.0
VCLB_20260402.csv,2026-03-23 05:00:46,0.0
VCLB_20260402.csv,2026-03-23 05:03:46,0.0
VCLB_20260402.csv,2026-03-23 05:06:46,0.0
VCLB_20260402.csv,2026-03-23 05:09:46,0.0
VCLB_20260402.csv,2026-03-23 05:12:46,0.0
VCLB_20260402.csv,2026-03-23 05:15:46,0.0
VCLB_20260402.csv,2026-03-23 05:18:46,0.0
VCLB_20260402.csv,2026-03-23 05:21:46,0.0
VCLB_20260402.csv,2026-03-23 05:24:46,0.0
VCLB_20260402.csv,2026-03-23 05:27:46,0.0
VCLB_20260402.csv,2026-03-23 05:30:46,0.0
VCLB_20260402.csv,2026-03-23 05:33:46,0.0
VCLB_20260402.csv,2026-03-23 05:36:46,0.0
VCLB_20260402.csv,2026-03-23 05:39:46,0.0
VCLB_20260402.csv,2026-03-23 05:42:46,0.0
VCLB_20260402.csv,2026-03-23 05:45:46,0.0
VCLB_20260402.csv,2026-03-23 05:48:46,0.0
VCLB_20260402.csv,2026-03-23 05:51:46,0.0
VCLB_20260402.csv,2026-03-23 05:54:46,0.0
VCLB_20260402.csv,2026-03-23 05:57:46,0.0
VCLB_20260402.csv,2026-03-23 06:00:46,0.0
VCLB_20260402.csv,2026-03-23 06:03:46,0.0
VCLB_20260402.csv,2026-03-23 06:06:46,0.0
VCLB_20260402.csv,2026-03-23 06:09:46,0.0
VCLB_20260402.csv,2026-03-23 06:12:46,0.0
VCLB_20260402.csv,2026-03-23 06:15:46,0.0
VCLB_20260402.csv,2026-03-23 06:18:46,0.0
VCLB_20260402.csv,2026-03-23 06:21:46,0.0
VCLB_20260402.csv,2026-03-23 06:24:46,0.0
VCLB_20260402.csv,2026-03-23 06:27:46,0.0
VCLB_20260402.csv,2026-03-23 06:30:46,0.0
VCLB_20260402.csv,2026-03-23 06:33:46,0.0
VCLB_20260402.csv,2026-03-23 06:36:46,0.0
VCLB_20260402.csv,2026-03-23 06:39:46,0.0
VCLB_20260402.csv,2026-03-23 06:42:46,0.0
VCLB_20260402.csv,2026-03-23 06:45:46,0.0
VCLB_20260402.csv,2026-03-23 06:48:46,0.0
VCLB_20260402.csv,2026-03-23 06:51:46,0.0
VCLB_20260402.csv,2026-03-23 06:54:46,0.0
VCLB_20260402.csv,2026-03-23 06:57:46,0.0
VCLB_20260402.csv,2026-03-23 07:00:46,0.0
VCLB_20260402.csv,2026-03-23 07:03:46,0.0
VCLB_20260402.csv,2026-03-23 07:06:46,0.0
VCLB_20260402.csv,2026-03-23 07:09:46,0.0
VCLB_20260402.csv,2026-03-23 07:12:46,0.0
VCLB_20260402.csv,2026-03-23 07:15:46,0.0
VCLB_20260402.csv,2026-03-23 07:18:46,0.0
VCLB_20260402.csv,2026-03-23 07:21:46,0.0
VCLB_20260402.csv,2026-03-23 07:24:46,0.0
VCLB_20260402.csv,2026-03-23 07:27:46,0.0
VCLB_20260402.csv,2026-03-23 07:30:46,0.0
VCLB_20260402.csv,2026-03-23 07:33:46,0.0
VCLB_20260402.csv,2026-03-23 07:36:46,0.0
VCLB_20260402.csv,2026-03-23 07:39:46,0.0
VCLB_20260402.csv,2026-03-23 07:42:46,0.0
VCLB_20260402.csv,2026-03-23 07:45:46,0.0
VCLB_20260402.csv,2026-03-23 07:48:46,0.0
VCLB_20260402.csv,2026-03-23 07:51:46,0.0
VCLB_20260402.csv,2026-03-23 07:54:46,0.0
VCLB_20260402.csv,2026-03-23 07:57:46,0.0
VCLB_20260402.csv,2026-03-23 08:00:46,0.0
VCLB_20260402.csv,2026-03-23 08:03:46,0.0
VCLB_20260402.csv,2026-03-23 08:06:46,0.0
VCLB_20260402.csv,2026-03-23 08:09:46,0.0
VCLB_20260402.csv,2026-03-23 08:12:46,0.0
VCLB_20260402.csv,2026-03-23 08:15:46,0.0
VCLB_20260402.csv,2026-03-23 08:18:46,0.0
VCLB_20260402.csv,2026-03-23 08:21:46,0.0
VCLB_20260402.csv,2026-03-23 08:24:46,0.0
VCLB_20260402.csv,2026-03-23 08:27:46,0.0
VCLB_20260402.csv,2026-03-23 08:30:46,0.0
VCLB_20260402.csv,2026-03-23 08:33:46,0.0
VCLB_20260402.csv,2026-03-23 08:36:46,0.0
VCLB_20260402.csv,2026-03-23 08:39:46,0.0
VCLB_20260402.csv,2026-03-23 08:42:46,0.0
VCLB_20260402.csv,2026-03-23 08:45:46,0.0
VCLB_20260402.csv,2026-03-23 08:48:46,0.0
VCLB_20260402.csv,2026-03-23 08:51:46,0.0
VCLB_20260402.csv,2026-03-23 08:54:46,0.0
VCLB_20260402.csv,2026-03-23 08:57:46,0.0
VCLB_20260402.csv,2026-03-23 09:00:46,0.0
VCLB_20260402.csv,2026-03-23 09:03:46,0.0
VCLB_20260402.csv,2026-03-23 09:06:46,0.0
VCLB_20260402.csv,2026-03-23 09:09:46,0.0
VCLB_20260402.csv,2026-03-23 09:12:46,0.0
VCLB_20260402.csv,2026-03-23 09:15:46,0.0
VCLB_20260402.csv,2026-03-23 09:18:46,0.0
VCLB_20260402.csv,2026-03-23 09:21:46,0.0
VCLB_20260402.csv,2026-03-23 09:24:46,0.0
VCLB_20260402.csv,2026-03-23 09:27:46,0.0
VCLB_20260402.csv,2026-03-23 09:30:46,0.0
VCLB_20260402.csv,2026-03-23 09:33:46,0.0
VCLB_20260402.csv,2026-03-23 09:36:46,0.0
VCLB_20260402.csv,2026-03-23 09:39:46,0.0
VCLB_20260402.csv,2026-03-23 09:42:46,0.0
VCLB_20260402.csv,2026-03-23 09:45:46,0.0
VCLB_20260402.csv,2026-03-23 09:48:46,0.0
VCLB_20260402.csv,2026-03-23 09:51:46,0.0
VCLB_20260402.csv,2026-03-23 09:54:46,0.0
VCLB_20260402.csv,2026-03-23 09:57:46,0.0
VCLB_20260402.csv,2026-03-23 10:00:46,0.0
VCLB_20260402.csv,2026-03-23 10:03:46,0.0
VCLB_20260402.csv,2026-03-23 10:06:46,0.0
VCLB_20260402.csv,2026-03-23 10:09:46,0.0
VCLB_20260402.csv,2026-03-23 10:12:46,0.0
VCLB_20260402.csv,2026-03-23 10:15:46,0.0
VCLB_20260402.csv,2026-03-23 10:18:46,0.0
VCLB_20260402.csv,2026-03-23 10:21:46,0.0
VCLB_20260402.csv,2026-03-23 10:24:46,0.0
VCLB_20260402.csv,2026-03-23 10:27:46,0.0
VCLB_20260402.csv,2026-03-23 10:30:46,0.0
VCLB_20260402.csv,2026-03-23 10:33:46,0.0
VCLB_20260402.csv,2026-03-23 10:36:46,0.0
VCLB_20260402.csv,2026-03-23 10:39:46,0.0
VCLB_20260402.csv,2026-03-23 10:42:46,0.0
VCLB_20260402.csv,2026-03-23 10:45:46,0.0
VCLB_20260402.csv,2026-03-23 10:48:46,0.0
VCLB_20260402.csv,2026-03-23 10:51:46,0.0
VCLB_20260402.csv,2026-03-23 10:54:46,0.0
VCLB_20260402.csv,2026-03-23 10:57:46,0.0
VCLB_20260402.csv,2026-03-23 11:00:46,0.0
VCLB_20260402.csv,2026-03-23 11:03:46,0.0
VCLB_20260402.csv,2026-03-23 11:06:46,0.0
VCLB_20260402.csv,2026-03-23 11:09:46,0.0
VCLB_20260402.csv,2026-03-23 11:12:46,0.0
VCLB_20260402.csv,2026-03-23 11:15:46,0.0
VCLB_20260402.csv,2026-03-23 11:18:46,0.0
VCLB_20260402.csv,2026-03-23 11:21:46,0.0
VCLB_20260402.csv,2026-03-23 11:24:46,0.0
VCLB_20260402.csv,2026-03-23 11:27:46,0.0
VCLB_20260402.csv,2026-03-23 11:30:46,0.0
VCLB_20260402.csv,2026-03-23 11:33:46,0.0
VCLB_20260402.csv,2026-03-23 11:36:46,0.0
VCLB_20260402.csv,2026-03-23 11:39:46,0.0
VCLB_20260402.csv,2026-03-23 11:42:46,0.0
VCLB_20260402.csv,2026-03-23 11:45:46,0.0
VCLB_20260402.csv,2026-03-23 11:48:46,0.0
VCLB_20260402.csv,2026-03-23 11:51:46,0.0
VCLB_20260402.csv,2026-03-23 11:54:46,0.0
VCLB_20260402.csv,2026-03-23 11:57:46,0.0
VCLB_20260402.csv,2026-03-23 12:00:46,0.0
VCLB_20260402.csv,2026-03-23 12:03:46,0.0
VCLB_20260402.csv,2026-03-23 12:06:46,0.0
VCLB_20260402.csv,2026-03-23 12:09:46,0.0
VCLB_20260402.csv,2026-03-23 12:12:46,0.0
VCLB_20260402.csv,2026-03-23 12:15:46,0.0
VCLB_20260402.csv,2026-03-23 12:18:46,0.0
VCLB_20260402.csv,2026-03-23 12:21:46,0.0
VCLB_20260402.csv,2026-03-23 12:24:46,0.0
VCLB_20260402.csv,2026-03-23 12:27:46,0.0
VCLB_20260402.csv,2026-03-23 12:30:46,0.0
VCLB_20260402.csv,2026-03-23 12:33:46,0.0
VCLB_20260402.csv,2026-03-23 12:36:46,0.0
VCLB_20260402.csv,2026-03-23 12:39:46,0.0
VCLB_20260402.csv,2026-03-23 12:42:46,0.0
VCLB_20260402.csv,2026-03-23 12:45:46,0.0
VCLB_20260402.csv,2026-03-23 12:48:46,0.0
VCLB_20260402.csv,2026-03-23 12:51:46,0.0
VCLB_20260402.csv,2026-03-23 12:54:46,0.0
VCLB_20260402.csv,2026-03-23 12:57:46,0.0
VCLB_20260402.csv,2026-03-23 13:00:46,0.0
VCLB_20260402.csv,2026-03-23 13:03:46,0.0
VCLB_20260402.csv,2026-03-23 13:06:46,0.0
VCLB_20260402.csv,2026-03-23 13:09:46,0.0
VCLB_20260402.csv,2026-03-23 13:12:46,0.0
VCLB_20260402.csv,2026-03-23 13:15:46,0.0
VCLB_20260402.csv,2026-03-23 13:18:46,0.0
VCLB_20260402.csv,2026-03-23 13:21:46,0.0
VCLB_20260402.csv,2026-03-23 13:24:46,0.0
VCLB_20260402.csv,2026-03-23 13:27:46,0.0
VCLB_20260402.csv,2026-03-23 13:30:46,0.0
VCLB_20260402.csv,2026-03-23 13:33:46,0.0
VCLB_20260402.csv,2026-03-23 13:36:46,0.0
VCLB_20260402.csv,2026-03-23 13:39:46,0.0
VCLB_20260402.csv,2026-03-23 13:42:46,0.0
VCLB_20260402.csv,2026-03-23 13:45:46,0.0
VCLB_20260402.csv,2026-03-23 13:48:46,0.0
VCLB_20260402.csv,2026-03-23 13:51:46,0.0
VCLB_20260402.csv,2026-03-23 13:54:46,0.0
VCLB_20260402.csv,2026-03-23 13:57:46,0.0
VCLB_20260402.csv,2026-03-23 14:00:46,0.0
VCLB_20260402.csv,2026-03-23 14:03:46,0.0
VCLB_20260402.csv,2026-03-23 14:06:46,0.0
VCLB_20260402.csv,2026-03-23 14:09:46,0.0
VCLB_20260402.csv,2026-03-23 14:12:46,0.0
VCLB_20260402.csv,2026-03-23 14:15:46,0.0
VCLB_20260402.csv,2026-03-23 14:18:46,0.0
VCLB_20260402.csv,2026-03-23 14:21:46,0.0
VCLB_20260402.csv,2026-03-23 14:24:46,0.0
VCLB_20260402.csv,2026-03-23 14:27:46,0.0
VCLB_20260402.csv,2026-03-23 14:30:46,0.0
VCLB_20260402.csv,2026-03-23 14:33:46,0.0
VCLB_20260402.csv,2026-03-23 14:36:46,0.0
VCLB_20260402.csv,2026-03-23 14:39:46,0.0
VCLB_20260402.csv,2026-03-23 14:42:46,0.0
VCLB_20260402.csv,2026-03-23 14:45:46,0.0
VCLB_20260402.csv,2026-03-23 14:48:46,0.0
VCLB_20260402.csv,2026-03-23 14:51:46,0.0
VCLB_20260402.csv,2026-03-23 14:54:46,0.0
VCLB_20260402.csv,2026-03-23 14:57:46,0.0
VCLB_20260402.csv,2026-03-23 15:00:46,0.0
VCLB_20260402.csv,2026-03-23 15:03:46,0.0
VCLB_20260402.csv,2026-03-23 15:06:46,0.0
VCLB_20260402.csv,2026-03-23 15:09:46,0.0
VCLB_20260402.csv,2026-03-23 15:12:46,0.0
VCLB_20260402.csv,2026-03-23 15:15:46,0.0
VCLB_20260402.csv,2026-03-23 15:18:46,0.0
VCLB_20260402.csv,2026-03-23 15:21:46,0.0
VCLB_20260402.csv,2026-03-23 15:24:46,0.0
VCLB_20260402.csv,2026-03-23 15:27:46,0.0
VCLB_20260402.csv,2026-03-23 15:30:46,0.0
VCLB_20260402.csv,2026-03-23 15:33:46,0.0
VCLB_20260402.csv,2026-03-23 15:36:46,0.0
VCLB_20260402.csv,2026-03-23 15:39:46,0.0
VCLB_20260402.csv,2026-03-23 15:42:46,0.0
VCLB_20260402.csv,2026-03-23 15:45:46,0.0
VCLB_20260402.csv,2026-03-23 15:48:46,0.0
VCLB_20260402.csv,2026-03-23 15:51:46,0.0
VCLB_20260402.csv,2026-03-23 15:54:46,0.0
VCLB_20260402.csv,2026-03-23 15:57:46,0.0
VCLB_20260402.csv,2026-03-23 16:00:46,0.0
VCLB_20260402.csv,2026-03-23 16:03:46,0.0
VCLB_20260402.csv,2026-03-23 16:06:46,0.0
VCLB_20260402.csv,2026-03-23 16:09:46,0.0
VCLB_20260402.csv,2026-03-23 16:12:46,0.0
VCLB_20260402.csv,2026-03-23 16:15:46,0.0
VCLB_20260402.csv,2026-03-23 16:18:46,0.0
VCLB_20260402.csv,2026-03-23 16:21:46,0.0
VCLB_20260402.csv,2026-03-23 16:24:46,0.0
VCLB_20260402.csv,2026-03-23 16:27:46,0.0
VCLB_20260402.csv,2026-03-23 16:30:46,0.0
VCLB_20260402.csv,2026-03-23 16:33:46,0.0
VCLB_20260402.csv,2026-03-23 16:36:46,0.0
VCLB_20260402.csv,2026-03-23 16:39:46,0.0
VCLB_20260402.csv,2026-03-23 16:42:46,0.0
VCLB_20260402.csv,2026-03-23 16:45:46,0.0
VCLB_20260402.csv,2026-03-23 16:48:46,0.0
VCLB_20260402.csv,2026-03-23 16:51:46,0.0
VCLB_20260402.csv,2026-03-23 16:54:46,0.0
VCLB_20260402.csv,2026-03-23 16:57:46,0.0
VCLB_20260402.csv,2026-03-23 17:00:46,0.0
VCLB_20260402.csv,2026-03-23 17:03:46,0.0
VCLB_20260402.csv,2026-03-23 17:06:46,0.0
VCLB_20260402.csv,2026-03-23 17:09:46,0.0
VCLB_20260402.csv,2026-03-23 17:12:46,0.0
VCLB_20260402.csv,2026-03-23 17:15:46,0.0
VCLB_20260402.csv,2026-03-23 17:18:46,0.0
VCLB_20260402.csv,2026-03-23 17:21:46,0.0
VCLB_20260402.csv,2026-03-23 17:24:46,0.0
VCLB_20260402.csv,2026-03-23 17:27:46,0.0
VCLB_20260402.csv,2026-03-23 17:30:46,0.0
VCLB_20260402.csv,2026-03-23 17:33:46,0.0
VCLB_20260402.csv,2026-03-23 17:36:46,0.0
VCLB_20260402.csv,2026-03-23 17:39:46,0.0
VCLB_20260402.csv,2026-03-23 17:42:46,0.0
VCLB_20260402.csv,2026-03-23 17:45:46,0.0
VCLB_20260402.csv,2026-03-23 17:48:46,0.0
VCLB_20260402.csv,2026-03-23 17:51:46,0.0
VCLB_20260402.csv,2026-03-23 17:54:46,0.0
VCLB_20260402.csv,2026-03-23 17:57:46,0.0
VCLB_20260402.csv,2026-03-23 18:00:46,0.0
VCLB_20260402.csv,2026-03-23 18:03:46,0.0
VCLB_20260402.csv,2026-03-23 18:06:46,0.0
VCLB_20260402.csv,2026-03-23 18:09:46,0.0
VCLB_20260402.csv,2026-03-23 18:12:46,0.0
VCLB_20260402.csv,2026-03-23 18:15:46,0.0
VCLB_20260402.csv,2026-03-23 18:18:46,0.0
VCLB_20260402.csv,2026-03-23 18:21:46,0.0
VCLB_20260402.csv,2026-03-23 18:27:46,0.0
VCLB_20260402.csv,2026-03-23 18:30:46,0.0
VCLB_20260402.csv,2026-03-23 18:33:46,0.0
VCLB_20260402.csv,2026-03-23 18:36:46,0.0
VCLB_20260402.csv,2026-03-23 18:39:46,0.0
VCLB_20260402.csv,2026-03-23 18:42:46,0.0
VCLB_20260402.csv,2026-03-23 18:45:46,0.0
VCLB_20260402.csv,2026-03-23 18:48:46,0.0
VCLB_20260402.csv,2026-03-23 18:51:46,0.0
VCLB_20260402.csv,2026-03-23 18:54:46,0.0
VCLB_20260402.csv,2026-03-23 18:57:46,0.0
VCLB_20260402.csv,2026-03-23 19:00:46,0.0
VCLB_20260402.csv,2026-03-23 19:03:46,0.0
VCLB_20260402.csv,2026-03-23 19:06:46,0.0
VCLB_20260402.csv,2026-03-23 19:09:46,0.0
VCLB_20260402.csv,2026-03-23 19:12:46,0.0
VCLB_20260402.csv,2026-03-23 19:15:46,0.0
VCLB_20260402.csv,2026-03-23 19:18:46,0.0
VCLB_20260402.csv,2026-03-23 19:21:46,0.0
VCLB_20260402.csv,2026-03-23 19:24:46,0.0
VCLB_20260402.csv,2026-03-23 19:27:46,0.0
VCLB_20260402.csv,2026-03-23 19:30:46,0.0
VCLB_20260402.csv,2026-03-23 19:33:46,0.0
VCLB_20260402.csv,2026-03-23 19:36:46,0.0
VCLB_20260402.csv,2026-03-23 19:39:46,0.0
VCLB_20260402.csv,2026-03-23 19:42:46,0.0
VCLB_20260402.csv,2026-03-23 19:45:46,0.0
VCLB_20260402.csv,2026-03-23 19:48:46,0.0
VCLB_20260402.csv,2026-03-23 19:51:46,0.0
VCLB_20260402.csv,2026-03-23 19:54:46,0.0
VCLB_20260402.csv,2026-03-23 19:57:46,0.0
VCLB_20260402.csv,2026-03-23 20:00:46,0.0
VCLB_20260402.csv,2026-03-23 20:03:46,0.0
VCLB_20260402.csv,2026-03-23 20:06:46,0.0
VCLB_20260402.csv,2026-03-23 20:09:45,0.0
VCLB_20260402.csv,2026-03-23 20:12:46,0.0
VCLB_20260402.csv,2026-03-23 20:18:46,0.0
VCLB_20260402.csv,2026-03-23 20:21:45,0.0
VCLB_20260402.csv,2026-03-23 20:24:45,0.0
VCLB_20260402.csv,2026-03-23 20:27:45,0.0
VCLB_20260402.csv,2026-03-23 20:30:45,0.0
VCLB_20260402.csv,2026-03-23 20:33:45,0.0
VCLB_20260402.csv,2026-03-23 20:36:45,0.0
VCLB_20260402.csv,2026-03-23 20:39:45,0.0
VCLB_20260402.csv,2026-03-23 20:45:45,0.0
VCLB_20260402.csv,2026-03-23 20:48:45,0.0
VCLB_20260402.csv,2026-03-23 20:51:45,0.0
VCLB_20260402.csv,2026-03-23 20:54:45,0.0
VCLB_20260402.csv,2026-03-23 20:57:45,0.0
VCLB_20260402.csv,2026-03-23 21:00:45,0.0
VCLB_20260402.csv,2026-03-23 21:03:45,0.0
VCLB_20260402.csv,2026-03-23 21:06:45,0.0
VCLB_20260402.csv,2026-03-23 21:09:45,0.0
VCLB_20260402.csv,2026-03-23 21:12:45,0.0
VCLB_20260402.csv,2026-03-23 21:15:45,0.0
VCLB_20260402.csv,2026-03-23 21:18:45,0.0
VCLB_20260402.csv,2026-03-23 21:21:45,0.0
VCLB_20260402.csv,2026-03-23 21:24:45,0.0
VCLB_20260402.csv,2026-03-23 21:27:45,0.0
VCLB_20260402.csv,2026-03-23 21:30:45,0.0
VCLB_20260402.csv,2026-03-23 21:33:45,0.0
VCLB_20260402.csv,2026-03-23 21:36:45,0.0
VCLB_20260402.csv,2026-03-23 21:39:45,0.0
VCLB_20260402.csv,2026-03-23 21:42:45,0.0
VCLB_20260402.csv,2026-03-23 21:45:45,0.0
VCLB_20260402.csv,2026-03-23 21:48:45,0.0
VCLB_20260402.csv,2026-03-23 21:51:45,0.0
VCLB_20260402.csv,2026-03-23 21:54:45,0.0
VCLB_20260402.csv,2026-03-23 21:57:45,0.0
VCLB_20260402.csv,2026-03-23 22:00:45,0.0
VCLB_20260402.csv,2026-03-23 22:03:45,0.0
VCLB_20260402.csv,2026-03-23 22:06:45,0.0
VCLB_20260402.csv,2026-03-23 22:09:45,0.0
VCLB_20260402.csv,2026-03-23 22:12:45,0.0
VCLB_20260402.csv,2026-03-23 22:15:45,0.0
VCLB_20260402.csv,2026-03-23 22:18:45,0.0
VCLB_20260402.csv,2026-03-23 22:21:45,0.0
VCLB_20260402.csv,2026-03-23 22:24:45,0.0
VCLB_20260402.csv,2026-03-23 22:27:45,0.0
VCLB_20260402.csv,2026-03-23 22:30:45,0.0
VCLB_20260402.csv,2026-03-23 22:33:45,0.0
VCLB_20260402.csv,2026-03-23 22:36:45,0.0
VCLB_20260402.csv,2026-03-23 22:39:45,0.0
VCLB_20260402.csv,2026-03-23 22:42:45,0.0
VCLB_20260402.csv,2026-03-23 22:48:45,0.0
VCLB_20260402.csv,2026-03-23 22:51:45,0.0
VCLB_20260402.csv,2026-03-23 22:54:45,0.0
VCLB_20260402.csv,2026-03-23 22:57:45,0.0
VCLB_20260402.csv,2026-03-23 23:00:45,0.0
VCLB_20260402.csv,2026-03-23 23:03:45,0.0
VCLB_20260402.csv,2026-03-23 23:06:45,0.0
VCLB_20260402.csv,2026-03-23 23:09:45,0.0
VCLB_20260402.csv,2026-03-23 23:12:45,0.0
VCLB_20260402.csv,2026-03-23 23:15:45,0.0
VCLB_20260402.csv,2026-03-23 23:18:45,0.0
VCLB_20260402.csv,2026-03-23 23:21:45,0.0
VCLB_20260402.csv,2026-03-23 23:24:45,0.0
VCLB_20260402.csv,2026-03-23 23:27:45,0.0
VCLB_20260402.csv,2026-03-23 23:30:45,0.0
VCLB_20260402.csv,2026-03-23 23:33:45,0.0
VCLB_20260402.csv,2026-03-23 23:36:45,0.0
VCLB_20260402.csv,2026-03-23 23:39:45,0.0
VCLB_20260402.csv,2026-03-23 23:42:45,0.0
VCLB_20260402.csv,2026-03-23 23:45:45,0.0
VCLB_20260402.csv,2026-03-23 23:48:45,0.0
VCLB_20260402.csv,2026-03-23 23:51:45,0.0
VCLB_20260402.csv,2026-03-23 23:54:45,0.0
VCLB_20260402.csv,2026-03-23 23:57:45,0.0
VCLB_20260402.csv,2026-03-24 00:00:45,0.0
VCLB_20260402.csv,2026-03-24 00:03:45,0.0
VCLB_20260402.csv,2026-03-24 00:06:45,0.0
VCLB_20260402.csv,2026-03-24 00:09:45,0.0
VCLB_20260402.csv,2026-03-24 00:12:45,0.0
VCLB_20260402.csv,2026-03-24 00:15:45,0.0
VCLB_20260402.csv,2026-03-24 00:18:45,0.0
VCLB_20260402.csv,2026-03-24 00:21:45,0.0
VCLB_20260402.csv,2026-03-24 00:24:45,0.0
VCLB_20260402.csv,2026-03-24 00:27:45,0.0
VCLB_20260402.csv,2026-03-24 00:30:45,0.0
VCLB_20260402.csv,2026-03-24 00:33:45,0.0
VCLB_20260402.csv,2026-03-24 00:36:45,0.0
VCLB_20260402.csv,2026-03-24 00:39:45,0.0
VCLB_20260402.csv,2026-03-24 00:42:45,0.0
VCLB_20260402.csv,2026-03-24 00:48:45,0.0
VCLB_20260402.csv,2026-03-24 00:51:45,0.0
VCLB_20260402.csv,2026-03-24 00:54:45,0.0
VCLB_20260402.csv,2026-03-24 00:57:45,0.0
VCLB_20260402.csv,2026-03-24 01:00:45,0.0
VCLB_20260402.csv,2026-03-24 01:03:45,0.0
VCLB_20260402.csv,2026-03-24 01:06:45,0.0
VCLB_20260402.csv,2026-03-24 01:09:45,0.0
VCLB_20260402.csv,2026-03-24 01:12:45,0.0
VCLB_20260402.csv,2026-03-24 01:15:45,0.0
VCLB_20260402.csv,2026-03-24 01:18:45,0.0
VCLB_20260402.csv,2026-03-24 01:21:45,0.0
VCLB_20260402.csv,2026-03-24 01:24:45,0.0
VCLB_20260402.csv,2026-03-24 01:27:45,0.0
VCLB_20260402.csv,2026-03-24 01:30:45,0.0
VCLB_20260402.csv,2026-03-24 01:33:45,0.0
VCLB_20260402.csv,2026-03-24 01:36:45,0.0
VCLB_20260402.csv,2026-03-24 01:39:45,0.0
VCLB_20260402.csv,2026-03-24 01:42:45,0.0
VCLB_20260402.csv,2026-03-24 01:45:45,0.0
VCLB_20260402.csv,2026-03-24 01:48:45,0.0
VCLB_20260402.csv,2026-03-24 01:51:45,0.0
VCLB_20260402.csv,2026-03-24 01:54:45,0.0
VCLB_20260402.csv,2026-03-24 01:57:45,0.0
VCLB_20260402.csv,2026-03-24 02:00:45,0.0
VCLB_20260402.csv,2026-03-24 02:03:45,0.0
VCLB_20260402.csv,2026-03-24 02:06:45,0.0
VCLB_20260402.csv,2026-03-24 02:09:45,0.0
VCLB_20260402.csv,2026-03-24 02:12:45,0.0
VCLB_20260402.csv,2026-03-24 02:15:45,0.0
VCLB_20260402.csv,2026-03-24 02:18:45,0.0
VCLB_20260402.csv,2026-03-24 02:21:45,0.0
VCLB_20260402.csv,2026-03-24 02:24:45,0.0
VCLB_20260402.csv,2026-03-24 02:27:45,0.0
VCLB_20260402.csv,2026-03-24 02:30:45,0.0
VCLB_20260402.csv,2026-03-24 02:33:45,0.0
VCLB_20260402.csv,2026-03-24 02:36:45,0.0
VCLB_20260402.csv,2026-03-24 02:39:46,0.0
VCLB_20260402.csv,2026-03-24 02:42:45,0.0
VCLB_20260402.csv,2026-03-24 02:45:45,0.0
VCLB_20260402.csv,2026-03-24 02:48:45,0.0
VCLB_20260402.csv,2026-03-24 02:51:45,0.0
VCLB_20260402.csv,2026-03-24 02:54:45,0.0
VCLB_20260402.csv,2026-03-24 02:57:45,0.0
VCLB_20260402.csv,2026-03-24 03:00:45,0.0
VCLB_20260402.csv,2026-03-24 03:03:45,0.0
VCLB_20260402.csv,2026-03-24 03:06:45,0.0
VCLB_20260402.csv,2026-03-24 03:09:45,0.0
VCLB_20260402.csv,2026-03-24 03:12:45,0.0
VCLB_20260402.csv,2026-03-24 03:15:45,0.0
VCLB_20260402.csv,2026-03-24 03:18:45,0.0
VCLB_20260402.csv,2026-03-24 03:21:45,0.0
VCLB_20260402.csv,2026-03-24 03:24:45,0.0
VCLB_20260402.csv,2026-03-24 03:27:45,0.0
VCLB_20260402.csv,2026-03-24 03:30:45,0.0
VCLB_20260402.csv,2026-03-24 03:33:45,0.0
VCLB_20260402.csv,2026-03-24 03:36:45,0.0
VCLB_20260402.csv,2026-03-24 03:39:45,0.0
VCLB_20260402.csv,2026-03-24 03:42:45,0.0
VCLB_20260402.csv,2026-03-24 03:45:45,0.0
VCLB_20260402.csv,2026-03-24 03:48:45,0.0
VCLB_20260402.csv,2026-03-24 03:51:45,0.0
VCLB_20260402.csv,2026-03-24 03:54:45,0.0
VCLB_20260402.csv,2026-03-24 03:57:45,0.0
VCLB_20260402.csv,2026-03-24 04:03:45,0.0
VCLB_20260402.csv,2026-03-24 04:06:45,0.0
VCLB_20260402.csv,2026-03-24 04:09:45,0.0
VCLB_20260402.csv,2026-03-24 04:12:45,0.0
VCLB_20260402.csv,2026-03-24 04:15:45,0.0
VCLB_20260402.csv,2026-03-24 04:18:45,0.0
VCLB_20260402.csv,2026-03-24 04:21:45,0.0
VCLB_20260402.csv,2026-03-24 04:24:45,0.0
VCLB_20260402.csv,2026-03-24 04:27:45,0.0
VCLB_20260402.csv,2026-03-24 04:30:45,0.0
VCLB_20260402.csv,2026-03-24 04:33:45,0.0
VCLB_20260402.csv,2026-03-24 04:36:45,0.0
VCLB_20260402.csv,2026-03-24 04:39:45,0.0
VCLB_20260402.csv,2026-03-24 04:42:45,0.0
VCLB_20260402.csv,2026-03-24 04:45:45,0.0
VCLB_20260402.csv,2026-03-24 04:48:45,0.0
VCLB_20260402.csv,2026-03-24 04:51:45,0.0
VCLB_20260402.csv,2026-03-24 04:54:45,0.0
VCLB_20260402.csv,2026-03-24 04:57:45,0.0
VCLB_20260402.csv,2026-03-24 05:00:45,0.0
VCLB_20260402.csv,2026-03-24 05:03:45,0.0
VCLB_20260402.csv,2026-03-24 05:06:45,0.0
VCLB_20260402.csv,2026-03-24 05:09:45,0.0
VCLB_20260402.csv,2026-03-24 05:12:45,0.0
VCLB_20260402.csv,2026-03-24 05:15:45,0.0
VCLB_20260402.csv,2026-03-24 05:18:45,0.0
VCLB_20260402.csv,2026-03-24 05:21:45,0.0
VCLB_20260402.csv,2026-03-24 05:24:45,0.0
VCLB_20260402.csv,2026-03-24 05:27:45,0.0
VCLB_20260402.csv,2026-03-24 05:30:45,0.0
VCLB_20260402.csv,2026-03-24 05:33:45,0.0
VCLB_20260402.csv,2026-03-24 05:36:45,0.0
VCLB_20260402.csv,2026-03-24 05:39:45,0.0
VCLB_20260402.csv,2026-03-24 05:42:45,0.0
VCLB_20260402.csv,2026-03-24 05:45:45,0.0
VCLB_20260402.csv,2026-03-24 05:48:45,0.0
VCLB_20260402.csv,2026-03-24 05:51:45,0.0
VCLB_20260402.csv,2026-03-24 05:54:45,0.0
VCLB_20260402.csv,2026-03-24 05:57:45,0.0
VCLB_20260402.csv,2026-03-24 06:00:45,0.0
VCLB_20260402.csv,2026-03-24 06:03:45,0.0
VCLB_20260402.csv,2026-03-24 06:06:45,0.0
VCLB_20260402.csv,2026-03-24 06:09:45,0.0
VCLB_20260402.csv,2026-03-24 06:12:45,0.0
VCLB_20260402.csv,2026-03-24 06:15:45,0.0
VCLB_20260402.csv,2026-03-24 06:18:45,0.0
VCLB_20260402.csv,2026-03-24 06:21:45,0.0
VCLB_20260402.csv,2026-03-24 06:24:45,0.0
VCLB_20260402.csv,2026-03-24 06:27:45,0.0
VCLB_20260402.csv,2026-03-24 06:30:45,0.0
VCLB_20260402.csv,2026-03-24 06:33:45,0.0
VCLB_20260402.csv,2026-03-24 06:36:45,0.0
VCLB_20260402.csv,2026-03-24 06:39:45,0.0
VCLB_20260402.csv,2026-03-24 06:42:45,0.0
VCLB_20260402.csv,2026-03-24 06:45:45,0.0
VCLB_20260402.csv,2026-03-24 06:48:45,0.0
VCLB_20260402.csv,2026-03-24 06:51:45,0.0
VCLB_20260402.csv,2026-03-24 06:54:45,0.0
VCLB_20260402.csv,2026-03-24 06:57:45,0.0
VCLB_20260402.csv,2026-03-24 07:00:45,0.0
VCLB_20260402.csv,2026-03-24 07:03:45,0.0
VCLB_20260402.csv,2026-03-24 07:06:45,0.0
VCLB_20260402.csv,2026-03-24 07:09:45,0.0
VCLB_20260402.csv,2026-03-24 07:12:45,0.0
VCLB_20260402.csv,2026-03-24 07:15:45,0.0
VCLB_20260402.csv,2026-03-24 07:18:45,0.0
VCLB_20260402.csv,2026-03-24 07:21:45,0.0
VCLB_20260402.csv,2026-03-24 07:24:45,0.0
VCLB_20260402.csv,2026-03-24 07:27:45,0.0
VCLB_20260402.csv,2026-03-24 07:30:45,0.0
VCLB_20260402.csv,2026-03-24 07:33:45,0.0
VCLB_20260402.csv,2026-03-24 07:36:45,0.0
VCLB_20260402.csv,2026-03-24 07:39:45,0.0
VCLB_20260402.csv,2026-03-24 07:42:45,0.0
VCLB_20260402.csv,2026-03-24 07:45:45,0.0
VCLB_20260402.csv,2026-03-24 07:48:45,0.0
VCLB_20260402.csv,2026-03-24 07:51:45,0.0
VCLB_20260402.csv,2026-03-24 07:54:45,0.0
VCLB_20260402.csv,2026-03-24 07:57:45,0.0
VCLB_20260402.csv,2026-03-24 08:00:45,0.0
VCLB_20260402.csv,2026-03-24 08:03:45,0.0
VCLB_20260402.csv,2026-03-24 08:06:45,0.0
VCLB_20260402.csv,2026-03-24 08:09:45,0.0
VCLB_20260402.csv,2026-03-24 08:12:45,0.0
VCLB_20260402.csv,2026-03-24 08:15:45,0.0
VCLB_20260402.csv,2026-03-24 08:18:45,0.0
VCLB_20260402.csv,2026-03-24 08:21:45,0.0
VCLB_20260402.csv,2026-03-24 08:24:45,0.0
VCLB_20260402.csv,2026-03-24 08:27:45,0.0
VCLB_20260402.csv,2026-03-24 08:30:45,0.0
VCLB_20260402.csv,2026-03-24 08:33:45,0.0
VCLB_20260402.csv,2026-03-24 08:36:45,0.0
VCLB_20260402.csv,2026-03-24 08:39:45,0.0
VCLB_20260402.csv,2026-03-24 08:42:45,0.0
VCLB_20260402.csv,2026-03-24 08:45:45,0.0
VCLB_20260402.csv,2026-03-24 08:48:45,0.0
VCLB_20260402.csv,2026-03-24 08:51:45,0.0
VCLB_20260402.csv,2026-03-24 08:54:45,0.0
VCLB_20260402.csv,2026-03-24 08:57:45,0.0
VCLB_20260402.csv,2026-03-24 09:00:45,0.0
VCLB_20260402.csv,2026-03-24 09:03:45,0.0
VCLB_20260402.csv,2026-03-24 09:06:45,0.0
VCLB_20260402.csv,2026-03-24 09:09:45,0.0
VCLB_20260402.csv,2026-03-24 09:12:45,0.0
VCLB_20260402.csv,2026-03-24 09:15:45,0.0
VCLB_20260402.csv,2026-03-24 09:18:45,0.0
VCLB_20260402.csv,2026-03-24 09:21:45,0.0
VCLB_20260402.csv,2026-03-24 09:24:45,0.0
VCLB_20260402.csv,2026-03-24 09:27:45,0.0
VCLB_20260402.csv,2026-03-24 09:30:45,0.0
VCLB_20260402.csv,2026-03-24 09:33:45,0.0
VCLB_20260402.csv,2026-03-24 09:36:45,0.0
VCLB_20260402.csv,2026-03-24 09:39:45,0.0
VCLB_20260402.csv,2026-03-24 09:42:45,0.0
VCLB_20260402.csv,2026-03-24 09:45:45,0.0
VCLB_20260402.csv,2026-03-24 09:48:45,0.0
VCLB_20260402.csv,2026-03-24 09:51:45,0.0
VCLB_20260402.csv,2026-03-24 09:54:45,0.0
VCLB_20260402.csv,2026-03-24 09:57:45,0.0
VCLB_20260402.csv,2026-03-24 10:00:45,0.0
VCLB_20260402.csv,2026-03-24 10:03:45,0.0
VCLB_20260402.csv,2026-03-24 10:06:45,0.0
VCLB_20260402.csv,2026-03-24 10:09:45,0.0
VCLB_20260402.csv,2026-03-24 10:12:45,0.0
VCLB_20260402.csv,2026-03-24 10:15:45,0.0
VCLB_20260402.csv,2026-03-24 10:18:45,0.0
VCLB_20260402.csv,2026-03-24 10:21:45,0.0
VCLB_20260402.csv,2026-03-24 10:24:45,0.0
VCLB_20260402.csv,2026-03-24 10:27:45,0.0
VCLB_20260402.csv,2026-03-24 10:30:45,0.0
VCLB_20260402.csv,2026-03-24 10:33:45,0.0
VCLB_20260402.csv,2026-03-24 10:36:45,0.0
VCLB_20260402.csv,2026-03-24 10:39:45,0.0
VCLB_20260402.csv,2026-03-24 10:42:45,0.0
VCLB_20260402.csv,2026-03-24 10:45:45,0.0
VCLB_20260402.csv,2026-03-24 10:48:45,0.0
VCLB_20260402.csv,2026-03-24 10:51:45,0.0
VCLB_20260402.csv,2026-03-24 10:54:45,0.0
VCLB_20260402.csv,2026-03-24 10:57:45,0.0
VCLB_20260402.csv,2026-03-24 11:00:45,0.0
VCLB_20260402.csv,2026-03-24 11:03:45,0.0
VCLB_20260402.csv,2026-03-24 11:06:45,0.0
VCLB_20260402.csv,2026-03-24 11:09:45,0.0
VCLB_20260402.csv,2026-03-24 11:12:45,0.0
VCLB_20260402.csv,2026-03-24 11:15:45,0.0
VCLB_20260402.csv,2026-03-24 11:18:45,0.0
VCLB_20260402.csv,2026-03-24 11:21:45,0.0
VCLB_20260402.csv,2026-03-24 11:24:45,0.0
VCLB_20260402.csv,2026-03-24 11:27:45,0.0
VCLB_20260402.csv,2026-03-24 11:30:45,0.0
VCLB_20260402.csv,2026-03-24 11:33:45,0.0
VCLB_20260402.csv,2026-03-24 11:36:45,0.0
VCLB_20260402.csv,2026-03-24 11:39:45,0.0
VCLB_20260402.csv,2026-03-24 11:42:45,0.0
VCLB_20260402.csv,2026-03-24 11:45:45,0.0
VCLB_20260402.csv,2026-03-24 11:48:45,0.0
VCLB_20260402.csv,2026-03-24 11:51:45,0.0
VCLB_20260402.csv,2026-03-24 11:54:45,0.0
VCLB_20260402.csv,2026-03-24 11:57:45,0.0
VCLB_20260402.csv,2026-03-24 12:00:45,0.0
VCLB_20260402.csv,2026-03-24 12:03:45,0.0
VCLB_20260402.csv,2026-03-24 12:06:45,0.0
VCLB_20260402.csv,2026-03-24 12:09:45,0.0
VCLB_20260402.csv,2026-03-24 12:12:45,0.0
VCLB_20260402.csv,2026-03-24 12:15:45,0.0
VCLB_20260402.csv,2026-03-24 12:18:45,0.0
VCLB_20260402.csv,2026-03-24 12:21:45,0.0
VCLB_20260402.csv,2026-03-24 12:24:45,0.0
VCLB_20260402.csv,2026-03-24 12:27:45,0.0
VCLB_20260402.csv,2026-03-24 12:30:45,0.0
VCLB_20260402.csv,2026-03-24 12:33:45,0.0
VCLB_20260402.csv,2026-03-24 12:36:45,0.0
VCLB_20260402.csv,2026-03-24 12:39:45,0.0
VCLB_20260402.csv,2026-03-24 12:42:45,0.0
VCLB_20260402.csv,2026-03-24 12:45:45,0.0
VCLB_20260402.csv,2026-03-24 12:48:45,0.0
VCLB_20260402.csv,2026-03-24 12:51:45,0.0
VCLB_20260402.csv,2026-03-24 12:54:45,0.0
VCLB_20260402.csv,2026-03-24 12:57:45,0.0
VCLB_20260402.csv,2026-03-24 13:00:45,0.0
VCLB_20260402.csv,2026-03-24 13:03:45,0.0
VCLB_20260402.csv,2026-03-24 13:06:45,0.0
VCLB_20260402.csv,2026-03-24 13:09:45,0.0
VCLB_20260402.csv,2026-03-24 13:12:45,0.0
VCLB_20260402.csv,2026-03-24 13:15:45,0.0
VCLB_20260402.csv,2026-03-24 13:18:45,0.0
VCLB_20260402.csv,2026-03-24 13:21:45,0.0
VCLB_20260402.csv,2026-03-24 13:24:45,0.0
VCLB_20260402.csv,2026-03-24 13:27:45,0.0
VCLB_20260402.csv,2026-03-24 13:30:45,0.0
VCLB_20260402.csv,2026-03-24 13:33:45,0.0
VCLB_20260402.csv,2026-03-24 13:36:45,0.0
VCLB_20260402.csv,2026-03-24 13:39:45,0.0
VCLB_20260402.csv,2026-03-24 13:42:45,0.0
VCLB_20260402.csv,2026-03-24 13:45:45,0.0
VCLB_20260402.csv,2026-03-24 13:48:45,0.0
VCLB_20260402.csv,2026-03-24 13:51:45,0.0
VCLB_20260402.csv,2026-03-24 13:54:45,0.0
VCLB_20260402.csv,2026-03-24 13:57:45,0.0
VCLB_20260402.csv,2026-03-24 14:00:45,0.0
VCLB_20260402.csv,2026-03-24 14:03:45,0.0
VCLB_20260402.csv,2026-03-24 14:06:45,0.0
VCLB_20260402.csv,2026-03-24 14:09:45,0.0
VCLB_20260402.csv,2026-03-24 14:12:45,0.0
VCLB_20260402.csv,2026-03-24 14:15:45,0.0
VCLB_20260402.csv,2026-03-24 14:18:45,0.0
VCLB_20260402.csv,2026-03-24 14:21:45,0.0
VCLB_20260402.csv,2026-03-24 14:24:45,0.0
VCLB_20260402.csv,2026-03-24 14:27:45,0.0
VCLB_20260402.csv,2026-03-24 14:30:45,0.0
VCLB_20260402.csv,2026-03-24 14:33:45,0.0
VCLB_20260402.csv,2026-03-24 14:36:45,0.0
VCLB_20260402.csv,2026-03-24 14:39:45,0.0
VCLB_20260402.csv,2026-03-24 14:42:44,0.0
VCLB_20260402.csv,2026-03-24 14:45:45,0.0
VCLB_20260402.csv,2026-03-24 14:48:44,0.0
VCLB_20260402.csv,2026-03-24 14:51:44,0.0
VCLB_20260402.csv,2026-03-24 14:54:44,0.0
VCLB_20260402.csv,2026-03-24 14:57:45,0.0
VCLB_20260402.csv,2026-03-24 15:00:44,0.0
VCLB_20260402.csv,2026-03-24 15:03:44,0.0
VCLB_20260402.csv,2026-03-24 15:06:44,0.0
VCLB_20260402.csv,2026-03-24 15:09:44,0.0
VCLB_20260402.csv,2026-03-24 15:12:45,0.0
VCLB_20260402.csv,2026-03-24 15:15:44,0.0
VCLB_20260402.csv,2026-03-24 15:18:44,0.0
VCLB_20260402.csv,2026-03-24 15:21:44,0.0
VCLB_20260402.csv,2026-03-24 15:24:44,0.0
VCLB_20260402.csv,2026-03-24 15:27:44,0.0
VCLB_20260402.csv,2026-03-24 15:30:44,0.0
VCLB_20260402.csv,2026-03-24 15:33:44,0.0
VCLB_20260402.csv,2026-03-24 15:36:44,0.0
VCLB_20260402.csv,2026-03-24 15:39:44,0.0
VCLB_20260402.csv,2026-03-24 15:42:44,0.0
VCLB_20260402.csv,2026-03-24 15:45:44,0.0
VCLB_20260402.csv,2026-03-24 15:48:44,0.0
VCLB_20260402.csv,2026-03-24 15:51:44,0.0
VCLB_20260402.csv,2026-03-24 15:54:44,0.0
VCLB_20260402.csv,2026-03-24 15:57:44,0.0
VCLB_20260402.csv,2026-03-24 16:00:44,0.0
VCLB_20260402.csv,2026-03-24 16:03:44,0.0
VCLB_20260402.csv,2026-03-24 16:06:44,0.0
VCLB_20260402.csv,2026-03-24 16:09:44,0.0
VCLB_20260402.csv,2026-03-24 16:12:44,0.0
VCLB_20260402.csv,2026-03-24 16:15:45,0.0
VCLB_20260402.csv,2026-03-24 16:18:44,0.0
VCLB_20260402.csv,2026-03-24 16:21:44,0.0
VCLB_20260402.csv,2026-03-24 16:24:44,0.0
VCLB_20260402.csv,2026-03-24 16:27:44,0.0
VCLB_20260402.csv,2026-03-24 16:30:45,0.0
VCLB_20260402.csv,2026-03-24 16:33:44,0.0
VCLB_20260402.csv,2026-03-24 16:36:44,0.0
VCLB_20260402.csv,2026-03-24 16:39:44,0.0
VCLB_20260402.csv,2026-03-24 16:42:44,0.0
VCLB_20260402.csv,2026-03-24 16:45:45,0.0
VCLB_20260402.csv,2026-03-24 16:48:44,0.0
VCLB_20260402.csv,2026-03-24 16:51:44,0.0
VCLB_20260402.csv,2026-03-24 16:54:44,0.0
VCLB_20260402.csv,2026-03-24 16:57:44,0.0
VCLB_20260402.csv,2026-03-24 17:00:45,0.0
VCLB_20260402.csv,2026-03-24 17:03:44,0.0
VCLB_20260402.csv,2026-03-24 17:06:44,0.0
VCLB_20260402.csv,2026-03-24 17:09:44,0.0
VCLB_20260402.csv,2026-03-24 17:12:44,0.0
VCLB_20260402.csv,2026-03-24 17:15:45,0.0
VCLB_20260402.csv,2026-03-24 17:18:44,0.0
VCLB_20260402.csv,2026-03-24 17:21:44,0.0
VCLB_20260402.csv,2026-03-24 17:24:44,0.0
VCLB_20260402.csv,2026-03-24 17:27:44,0.0
VCLB_20260402.csv,2026-03-24 17:30:44,0.0
VCLB_20260402.csv,2026-03-24 17:33:44,0.0
VCLB_20260402.csv,2026-03-24 17:36:44,0.0
VCLB_20260402.csv,2026-03-24 17:39:44,0.0
VCLB_20260402.csv,2026-03-24 17:42:44,0.0
VCLB_20260402.csv,2026-03-24 17:45:44,0.0
VCLB_20260402.csv,2026-03-24 17:48:45,0.0
VCLB_20260402.csv,2026-03-24 17:51:44,0.0
VCLB_20260402.csv,2026-03-24 17:54:44,0.0
VCLB_20260402.csv,2026-03-24 17:57:44,0.0
VCLB_20260402.csv,2026-03-24 18:00:44,0.0
VCLB_20260402.csv,2026-03-24 18:03:44,0.0
VCLB_20260402.csv,2026-03-24 18:06:44,0.0
VCLB_20260402.csv,2026-03-24 18:09:44,0.0
VCLB_20260402.csv,2026-03-24 18:12:44,0.0
VCLB_20260402.csv,2026-03-24 18:15:44,0.0
VCLB_20260402.csv,2026-03-24 18:21:44,0.0
VCLB_20260402.csv,2026-03-24 18:24:44,0.0
VCLB_20260402.csv,2026-03-24 18:27:44,0.0
VCLB_20260402.csv,2026-03-24 18:30:44,0.0
VCLB_20260402.csv,2026-03-24 18:33:44,0.0
VCLB_20260402.csv,2026-03-24 18:36:44,0.0
VCLB_20260402.csv,2026-03-24 18:39:44,0.0
VCLB_20260402.csv,2026-03-24 18:42:44,0.0
VCLB_20260402.csv,2026-03-24 18:45:44,0.0
VCLB_20260402.csv,2026-03-24 18:48:44,0.0
VCLB_20260402.csv,2026-03-24 18:51:44,0.0
VCLB_20260402.csv,2026-03-24 18:54:44,0.0
VCLB_20260402.csv,2026-03-24 18:57:44,0.0
VCLB_20260402.csv,2026-03-24 19:00:44,0.0
VCLB_20260402.csv,2026-03-24 19:03:44,0.0
VCLB_20260402.csv,2026-03-24 19:06:44,0.0
VCLB_20260402.csv,2026-03-24 19:09:44,0.0
VCLB_20260402.csv,2026-03-24 19:12:44,0.0
VCLB_20260402.csv,2026-03-24 19:15:44,0.0
VCLB_20260402.csv,2026-03-24 19:18:44,0.0
VCLB_20260402.csv,2026-03-24 19:21:44,0.0
VCLB_20260402.csv,2026-03-24 19:24:44,0.0
VCLB_20260402.csv,2026-03-24 19:27:44,0.0
VCLB_20260402.csv,2026-03-24 19:30:44,0.0
VCLB_20260402.csv,2026-03-24 19:33:44,0.0
VCLB_20260402.csv,2026-03-24 19:36:44,0.0
VCLB_20260402.csv,2026-03-24 19:39:44,0.0
VCLB_20260402.csv,2026-03-24 19:42:44,0.0
VCLB_20260402.csv,2026-03-24 19:45:44,0.0
VCLB_20260402.csv,2026-03-24 19:48:44,0.0
VCLB_20260402.csv,2026-03-24 19:51:44,0.0
VCLB_20260402.csv,2026-03-24 19:54:44,0.0
VCLB_20260402.csv,2026-03-24 19:57:44,0.0
VCLB_20260402.csv,2026-03-24 20:00:44,0.0
VCLB_20260402.csv,2026-03-24 20:03:44,0.0
VCLB_20260402.csv,2026-03-24 20:06:44,0.0
VCLB_20260402.csv,2026-03-24 20:09:44,0.0
VCLB_20260402.csv,2026-03-24 20:12:44,0.0
VCLB_20260402.csv,2026-03-24 20:15:44,0.0
VCLB_20260402.csv,2026-03-24 20:18:44,0.0
VCLB_20260402.csv,2026-03-24 20:21:44,0.0
VCLB_20260402.csv,2026-03-24 20:24:44,0.0
VCLB_20260402.csv,2026-03-24 20:27:44,0.0
VCLB_20260402.csv,2026-03-24 20:30:44,0.0
VCLB_20260402.csv,2026-03-24 20:33:44,0.0
VCLB_20260402.csv,2026-03-24 20:36:44,0.0
VCLB_20260402.csv,2026-03-24 20:39:44,0.0
VCLB_20260402.csv,2026-03-24 20:42:44,0.0
VCLB_20260402.csv,2026-03-24 20:45:44,0.0
VCLB_20260402.csv,2026-03-24 20:48:44,0.0
VCLB_20260402.csv,2026-03-24 20:51:44,0.0
VCLB_20260402.csv,2026-03-24 20:54:44,0.0
VCLB_20260402.csv,2026-03-24 20:57:44,0.0
VCLB_20260402.csv,2026-03-24 21:00:44,0.0
VCLB_20260402.csv,2026-03-24 21:03:44,0.0
VCLB_20260402.csv,2026-03-24 21:06:44,0.0
VCLB_20260402.csv,2026-03-24 21:09:44,0.0
VCLB_20260402.csv,2026-03-24 21:12:44,0.0
VCLB_20260402.csv,2026-03-24 21:15:44,0.0
VCLB_20260402.csv,2026-03-24 21:18:44,0.0
VCLB_20260402.csv,2026-03-24 21:21:44,0.0
VCLB_20260402.csv,2026-03-24 21:24:44,0.0
VCLB_20260402.csv,2026-03-24 21:27:44,0.0
VCLB_20260402.csv,2026-03-24 21:30:44,0.0
VCLB_20260402.csv,2026-03-24 21:33:44,0.0
VCLB_20260402.csv,2026-03-24 21:36:44,0.0
VCLB_20260402.csv,2026-03-24 21:39:44,0.0
VCLB_20260402.csv,2026-03-24 21:42:44,0.0
VCLB_20260402.csv,2026-03-24 21:45:44,0.0
VCLB_20260402.csv,2026-03-24 21:48:44,0.0
VCLB_20260402.csv,2026-03-24 21:51:44,0.0
VCLB_20260402.csv,2026-03-24 21:54:44,0.0
VCLB_20260402.csv,2026-03-24 21:57:44,0.0
VCLB_20260402.csv,2026-03-24 22:00:44,0.0
VCLB_20260402.csv,2026-03-24 22:03:44,0.0
VCLB_20260402.csv,2026-03-24 22:06:44,0.0
VCLB_20260402.csv,2026-03-24 22:09:44,0.0
VCLB_20260402.csv,2026-03-24 22:12:44,0.0
VCLB_20260402.csv,2026-03-24 22:15:44,0.0
VCLB_20260402.csv,2026-03-24 22:18:44,0.0
VCLB_20260402.csv,2026-03-24 22:21:44,0.0
VCLB_20260402.csv,2026-03-24 22:24:44,0.0
VCLB_20260402.csv,2026-03-24 22:27:44,0.0
VCLB_20260402.csv,2026-03-24 22:30:44,0.0
VCLB_20260402.csv,2026-03-24 22:33:44,0.0
VCLB_20260402.csv,2026-03-24 22:36:44,0.0
VCLB_20260402.csv,2026-03-24 22:39:44,0.0
VCLB_20260402.csv,2026-03-24 22:42:44,0.0
VCLB_20260402.csv,2026-03-24 22:45:44,0.0
VCLB_20260402.csv,2026-03-24 22:48:44,0.0
VCLB_20260402.csv,2026-03-24 22:51:44,0.0
VCLB_20260402.csv,2026-03-24 22:54:44,0.0
VCLB_20260402.csv,2026-03-24 22:57:44,0.0
VCLB_20260402.csv,2026-03-24 23:00:44,0.0
VCLB_20260402.csv,2026-03-24 23:03:44,0.0
VCLB_20260402.csv,2026-03-24 23:06:44,0.0
VCLB_20260402.csv,2026-03-24 23:09:44,0.0
VCLB_20260402.csv,2026-03-24 23:12:44,0.0
VCLB_20260402.csv,2026-03-24 23:15:44,0.0
VCLB_20260402.csv,2026-03-24 23:18:44,0.0
VCLB_20260402.csv,2026-03-24 23:21:44,0.0
VCLB_20260402.csv,2026-03-24 23:24:44,0.0
VCLB_20260402.csv,2026-03-24 23:27:44,0.0
VCLB_20260402.csv,2026-03-24 23:30:44,0.0
VCLB_20260402.csv,2026-03-24 23:33:44,0.0
VCLB_20260402.csv,2026-03-24 23:36:44,0.0
VCLB_20260402.csv,2026-03-24 23:39:44,0.0
VCLB_20260402.csv,2026-03-24 23:42:44,0.0
VCLB_20260402.csv,2026-03-24 23:45:44,0.0
VCLB_20260402.csv,2026-03-24 23:48:44,0.0
VCLB_20260402.csv,2026-03-24 23:51:44,0.0
VCLB_20260402.csv,2026-03-24 23:54:44,0.0
VCLB_20260402.csv,2026-03-24 23:57:44,0.0
VCLB_20260402.csv,2026-03-25 00:00:44,0.0
VCLB_20260402.csv,2026-03-25 00:03:44,0.0
VCLB_20260402.csv,2026-03-25 00:06:44,0.0
VCLB_20260402.csv,2026-03-25 00:09:44,0.0
VCLB_20260402.csv,2026-03-25 00:12:44,0.0
VCLB_20260402.csv,2026-03-25 00:15:44,0.0
VCLB_20260402.csv,2026-03-25 00:18:44,0.0
VCLB_20260402.csv,2026-03-25 00:21:44,0.0
VCLB_20260402.csv,2026-03-25 00:24:44,0.0
VCLB_20260402.csv,2026-03-25 00:27:44,0.0
VCLB_20260402.csv,2026-03-25 00:30:44,0.0
VCLB_20260402.csv,2026-03-25 00:33:44,0.0
VCLB_20260402.csv,2026-03-25 00:36:44,0.0
VCLB_20260402.csv,2026-03-25 00:39:44,0.0
VCLB_20260402.csv,2026-03-25 00:42:44,0.0
VCLB_20260402.csv,2026-03-25 00:45:44,0.0
VCLB_20260402.csv,2026-03-25 00:48:44,0.0
VCLB_20260402.csv,2026-03-25 00:51:44,0.0
VCLB_20260402.csv,2026-03-25 00:54:44,0.0
VCLB_20260402.csv,2026-03-25 00:57:44,0.0
VCLB_20260402.csv,2026-03-25 01:00:44,0.0
VCLB_20260402.csv,2026-03-25 01:03:44,0.0
VCLB_20260402.csv,2026-03-25 01:06:44,0.0
VCLB_20260402.csv,2026-03-25 01:09:44,0.0
VCLB_20260402.csv,2026-03-25 01:12:44,0.0
VCLB_20260402.csv,2026-03-25 01:15:44,0.0
VCLB_20260402.csv,2026-03-25 01:18:44,0.0
VCLB_20260402.csv,2026-03-25 01:21:44,0.0
VCLB_20260402.csv,2026-03-25 01:24:44,0.0
VCLB_20260402.csv,2026-03-25 01:27:44,0.0
VCLB_20260402.csv,2026-03-25 01:30:44,0.0
VCLB_20260402.csv,2026-03-25 01:33:44,0.0
VCLB_20260402.csv,2026-03-25 01:36:44,0.0
VCLB_20260402.csv,2026-03-25 01:39:44,0.0
VCLB_20260402.csv,2026-03-25 01:42:44,0.0
VCLB_20260402.csv,2026-03-25 01:45:44,0.0
VCLB_20260402.csv,2026-03-25 01:48:44,0.0
VCLB_20260402.csv,2026-03-25 01:51:44,0.0
VCLB_20260402.csv,2026-03-25 01:54:44,0.0
VCLB_20260402.csv,2026-03-25 01:57:44,0.0
VCLB_20260402.csv,2026-03-25 02:00:44,0.0
VCLB_20260402.csv,2026-03-25 02:03:44,0.0
VCLB_20260402.csv,2026-03-25 02:06:44,0.0
VCLB_20260402.csv,2026-03-25 02:09:44,0.0
VCLB_20260402.csv,2026-03-25 02:12:44,0.0
VCLB_20260402.csv,2026-03-25 02:15:44,0.0
VCLB_20260402.csv,2026-03-25 02:18:44,0.0
VCLB_20260402.csv,2026-03-25 02:21:44,0.0
VCLB_20260402.csv,2026-03-25 02:24:44,0.0
VCLB_20260402.csv,2026-03-25 02:27:44,0.0
VCLB_20260402.csv,2026-03-25 02:30:44,0.0
VCLB_20260402.csv,2026-03-25 02:33:44,0.0
VCLB_20260402.csv,2026-03-25 02:36:44,0.0
VCLB_20260402.csv,2026-03-25 02:39:44,0.0
VCLB_20260402.csv,2026-03-25 02:42:44,0.0
VCLB_20260402.csv,2026-03-25 02:45:44,0.0
VCLB_20260402.csv,2026-03-25 02:48:44,0.0
VCLB_20260402.csv,2026-03-25 02:51:44,0.0
VCLB_20260402.csv,2026-03-25 02:54:44,0.0
VCLB_20260402.csv,2026-03-25 02:57:44,0.0
VCLB_20260402.csv,2026-03-25 03:00:44,0.0
VCLB_20260402.csv,2026-03-25 03:03:44,0.0
VCLB_20260402.csv,2026-03-25 03:06:44,0.0
VCLB_20260402.csv,2026-03-25 03:09:44,0.0
VCLB_20260402.csv,2026-03-25 03:12:44,0.0
VCLB_20260402.csv,2026-03-25 03:15:44,0.0
VCLB_20260402.csv,2026-03-25 03:18:44,0.0
VCLB_20260402.csv,2026-03-25 03:21:44,0.0
VCLB_20260402.csv,2026-03-25 03:24:44,0.0
VCLB_20260402.csv,2026-03-25 03:27:44,0.0
VCLB_20260402.csv,2026-03-25 03:30:44,0.0
VCLB_20260402.csv,2026-03-25 03:33:44,0.0
VCLB_20260402.csv,2026-03-25 03:36:44,0.0
VCLB_20260402.csv,2026-03-25 03:39:44,0.0
VCLB_20260402.csv,2026-03-25 03:42:44,0.0
VCLB_20260402.csv,2026-03-25 03:45:44,0.0
VCLB_20260402.csv,2026-03-25 03:48:44,0.0
VCLB_20260402.csv,2026-03-25 03:51:44,0.0
VCLB_20260402.csv,2026-03-25 03:54:44,0.0
VCLB_20260402.csv,2026-03-25 03:57:44,0.0
VCLB_20260402.csv,2026-03-25 04:00:44,0.0
VCLB_20260402.csv,2026-03-25 04:03:44,0.0
VCLB_20260402.csv,2026-03-25 04:06:44,0.0
VCLB_20260402.csv,2026-03-25 04:09:44,0.0
VCLB_20260402.csv,2026-03-25 04:12:44,0.0
VCLB_20260402.csv,2026-03-25 04:15:44,0.0
VCLB_20260402.csv,2026-03-25 04:18:44,0.0
VCLB_20260402.csv,2026-03-25 04:21:44,0.0
VCLB_20260402.csv,2026-03-25 04:24:44,0.0
VCLB_20260402.csv,2026-03-25 04:27:44,0.0
VCLB_20260402.csv,2026-03-25 04:30:44,0.0
VCLB_20260402.csv,2026-03-25 04:33:44,0.0
VCLB_20260402.csv,2026-03-25 04:36:44,0.0
VCLB_20260402.csv,2026-03-25 04:39:44,0.0
VCLB_20260402.csv,2026-03-25 04:42:44,0.0
VCLB_20260402.csv,2026-03-25 04:45:44,0.0
VCLB_20260402.csv,2026-03-25 04:48:44,0.0
VCLB_20260402.csv,2026-03-25 04:51:44,0.0
VCLB_20260402.csv,2026-03-25 04:54:44,0.0
VCLB_20260402.csv,2026-03-25 04:57:44,0.0
VCLB_20260402.csv,2026-03-25 05:00:44,0.0
VCLB_20260402.csv,2026-03-25 05:03:44,0.0
VCLB_20260402.csv,2026-03-25 05:06:44,0.0
VCLB_20260402.csv,2026-03-25 05:09:44,0.0
VCLB_20260402.csv,2026-03-25 05:12:44,0.0
VCLB_20260402.csv,2026-03-25 05:15:44,0.0
VCLB_20260402.csv,2026-03-25 05:18:44,0.0
VCLB_20260402.csv,2026-03-25 05:21:44,0.0
VCLB_20260402.csv,2026-03-25 05:24:44,0.0
VCLB_20260402.csv,2026-03-25 05:27:44,0.0
VCLB_20260402.csv,2026-03-25 05:30:44,0.0
VCLB_20260402.csv,2026-03-25 05:33:44,0.0
VCLB_20260402.csv,2026-03-25 05:36:44,0.0
VCLB_20260402.csv,2026-03-25 05:39:44,0.0
VCLB_20260402.csv,2026-03-25 05:42:44,0.0
VCLB_20260402.csv,2026-03-25 05:45:44,0.0
VCLB_20260402.csv,2026-03-25 05:48:44,0.0
VCLB_20260402.csv,2026-03-25 05:51:44,0.0
VCLB_20260402.csv,2026-03-25 05:54:44,0.0
VCLB_20260402.csv,2026-03-25 05:57:44,0.0
VCLB_20260402.csv,2026-03-25 06:00:44,0.0
VCLB_20260402.csv,2026-03-25 06:03:44,0.0
VCLB_20260402.csv,2026-03-25 06:06:44,0.0
VCLB_20260402.csv,2026-03-25 06:09:44,0.0
VCLB_20260402.csv,2026-03-25 06:12:44,0.0
VCLB_20260402.csv,2026-03-25 06:15:44,0.0
VCLB_20260402.csv,2026-03-25 06:18:44,0.0
VCLB_20260402.csv,2026-03-25 06:21:44,0.0
VCLB_20260402.csv,2026-03-25 06:24:44,0.0
VCLB_20260402.csv,2026-03-25 06:27:44,0.0
VCLB_20260402.csv,2026-03-25 06:30:44,0.0
VCLB_20260402.csv,2026-03-25 06:33:44,0.0
VCLB_20260402.csv,2026-03-25 06:36:44,0.0
VCLB_20260402.csv,2026-03-25 06:39:44,0.0
VCLB_20260402.csv,2026-03-25 06:42:44,0.0
VCLB_20260402.csv,2026-03-25 06:45:44,0.0
VCLB_20260402.csv,2026-03-25 06:48:44,0.0
VCLB_20260402.csv,2026-03-25 06:51:44,0.0
VCLB_20260402.csv,2026-03-25 06:54:44,0.0
VCLB_20260402.csv,2026-03-25 06:57:44,0.0
VCLB_20260402.csv,2026-03-25 07:00:44,0.0
VCLB_20260402.csv,2026-03-25 07:03:44,0.0
VCLB_20260402.csv,2026-03-25 07:06:44,0.0
VCLB_20260402.csv,2026-03-25 07:09:44,0.0
VCLB_20260402.csv,2026-03-25 07:12:44,0.0
VCLB_20260402.csv,2026-03-25 07:15:44,0.0
VCLB_20260402.csv,2026-03-25 07:18:44,0.0
VCLB_20260402.csv,2026-03-25 07:21:44,0.0
VCLB_20260402.csv,2026-03-25 07:24:44,0.0
VCLB_20260402.csv,2026-03-25 07:27:44,0.0
VCLB_20260402.csv,2026-03-25 07:30:44,0.0
VCLB_20260402.csv,2026-03-25 07:33:44,0.0
VCLB_20260402.csv,2026-03-25 07:36:44,0.0
VCLB_20260402.csv,2026-03-25 07:42:44,0.0
VCLB_20260402.csv,2026-03-25 07:45:44,0.0
VCLB_20260402.csv,2026-03-25 07:48:44,0.0
VCLB_20260402.csv,2026-03-25 07:51:44,0.0
VCLB_20260402.csv,2026-03-25 07:54:44,0.0
VCLB_20260402.csv,2026-03-25 07:57:44,0.0
VCLB_20260402.csv,2026-03-25 08:00:44,0.0
VCLB_20260402.csv,2026-03-25 08:03:44,0.0
VCLB_20260402.csv,2026-03-25 08:06:44,0.0
VCLB_20260402.csv,2026-03-25 08:09:44,0.0
VCLB_20260402.csv,2026-03-25 08:12:44,0.0
VCLB_20260402.csv,2026-03-25 08:15:44,0.0
VCLB_20260402.csv,2026-03-25 08:18:44,0.0
VCLB_20260402.csv,2026-03-25 08:21:44,0.0
VCLB_20260402.csv,2026-03-25 08:24:44,0.0
VCLB_20260402.csv,2026-03-25 08:27:44,0.0
VCLB_20260402.csv,2026-03-25 08:30:44,0.0
VCLB_20260402.csv,2026-03-25 08:33:44,0.0
VCLB_20260402.csv,2026-03-25 08:36:44,0.0
VCLB_20260402.csv,2026-03-25 08:39:44,0.0
VCLB_20260402.csv,2026-03-25 08:42:44,0.0
VCLB_20260402.csv,2026-03-25 08:45:44,0.0
VCLB_20260402.csv,2026-03-25 08:48:44,0.0
VCLB_20260402.csv,2026-03-25 08:51:44,0.0
VCLB_20260402.csv,2026-03-25 08:54:44,0.0
VCLB_20260402.csv,2026-03-25 08:57:44,0.0
VCLB_20260402.csv,2026-03-25 09:00:44,0.0
VCLB_20260402.csv,2026-03-25 09:03:44,0.0
VCLB_20260402.csv,2026-03-25 09:09:44,0.0
VCLB_20260402.csv,2026-03-25 09:12:44,0.0
VCLB_20260402.csv,2026-03-25 09:15:44,0.0
VCLB_20260402.csv,2026-03-25 09:18:44,0.0
VCLB_20260402.csv,2026-03-25 09:21:44,0.0
VCLB_20260402.csv,2026-03-25 09:24:44,0.0
VCLB_20260402.csv,2026-03-25 09:27:44,0.0
VCLB_20260402.csv,2026-03-25 09:30:44,0.0
VCLB_20260402.csv,2026-03-25 09:33:44,0.0
VCLB_20260402.csv,2026-03-25 09:36:44,0.0
VCLB_20260402.csv,2026-03-25 09:39:44,0.0
VCLB_20260402.csv,2026-03-25 09:42:44,0.0
VCLB_20260402.csv,2026-03-25 09:45:44,0.0
VCLB_20260402.csv,2026-03-25 09:48:43,0.0
VCLB_20260402.csv,2026-03-25 09:51:44,0.0
VCLB_20260402.csv,2026-03-25 09:54:43,0.0
VCLB_20260402.csv,2026-03-25 09:57:43,0.0
VCLB_20260402.csv,2026-03-25 10:00:43,0.0
VCLB_20260402.csv,2026-03-25 10:03:43,0.0
VCLB_20260402.csv,2026-03-25 10:06:43,0.0
VCLB_20260402.csv,2026-03-25 10:09:43,0.0
VCLB_20260402.csv,2026-03-25 10:12:43,0.0
VCLB_20260402.csv,2026-03-25 10:15:43,0.0
VCLB_20260402.csv,2026-03-25 10:18:43,0.0
VCLB_20260402.csv,2026-03-25 10:21:43,0.0
VCLB_20260402.csv,2026-03-25 10:24:44,0.0
VCLB_20260402.csv,2026-03-25 10:27:43,0.0
VCLB_20260402.csv,2026-03-25 10:30:43,0.0
VCLB_20260402.csv,2026-03-25 10:33:43,0.0
VCLB_20260402.csv,2026-03-25 10:36:43,0.0
VCLB_20260402.csv,2026-03-25 10:39:43,0.0
VCLB_20260402.csv,2026-03-25 10:42:43,0.0
VCLB_20260402.csv,2026-03-25 10:45:43,0.0
VCLB_20260402.csv,2026-03-25 10:48:43,0.0
VCLB_20260402.csv,2026-03-25 10:51:43,0.0
VCLB_20260402.csv,2026-03-25 10:54:43,0.0
VCLB_20260402.csv,2026-03-25 10:57:44,0.0
VCLB_20260402.csv,2026-03-25 11:00:43,0.0
VCLB_20260402.csv,2026-03-25 11:03:43,0.0
VCLB_20260402.csv,2026-03-25 11:06:43,0.0
VCLB_20260402.csv,2026-03-25 11:09:43,0.0
VCLB_20260402.csv,2026-03-25 11:12:43,0.0
VCLB_20260402.csv,2026-03-25 11:15:43,0.0
VCLB_20260402.csv,2026-03-25 11:18:43,0.0
VCLB_20260402.csv,2026-03-25 11:21:43,0.0
VCLB_20260402.csv,2026-03-25 11:24:43,0.0
VCLB_20260402.csv,2026-03-25 11:27:43,0.0
VCLB_20260402.csv,2026-03-25 11:30:43,0.0
VCLB_20260402.csv,2026-03-25 11:33:43,0.0
VCLB_20260402.csv,2026-03-25 11:36:43,0.0
VCLB_20260402.csv,2026-03-25 11:39:43,0.0
VCLB_20260402.csv,2026-03-25 11:42:44,0.0
VCLB_20260402.csv,2026-03-25 11:45:43,0.0
VCLB_20260402.csv,2026-03-25 11:48:43,0.0
VCLB_20260402.csv,2026-03-25 11:51:43,0.0
VCLB_20260402.csv,2026-03-25 11:54:43,0.0
VCLB_20260402.csv,2026-03-25 11:57:43,0.0
VCLB_20260402.csv,2026-03-25 12:00:43,0.0
VCLB_20260402.csv,2026-03-25 12:03:43,0.0
VCLB_20260402.csv,2026-03-25 12:06:43,0.0
VCLB_20260402.csv,2026-03-25 12:09:43,0.0
VCLB_20260402.csv,2026-03-25 12:12:44,0.0
VCLB_20260402.csv,2026-03-25 12:15:43,0.0
VCLB_20260402.csv,2026-03-25 12:18:43,0.0
VCLB_20260402.csv,2026-03-25 12:21:43,0.0
VCLB_20260402.csv,2026-03-25 12:24:43,0.0
VCLB_20260402.csv,2026-03-25 12:27:43,0.0
VCLB_20260402.csv,2026-03-25 12:33:43,0.0
VCLB_20260402.csv,2026-03-25 12:36:43,0.0
VCLB_20260402.csv,2026-03-25 12:39:43,0.0
VCLB_20260402.csv,2026-03-25 12:42:43,0.0
VCLB_20260402.csv,2026-03-25 12:45:43,0.0
VCLB_20260402.csv,2026-03-25 12:48:43,0.0
VCLB_20260402.csv,2026-03-25 12:51:43,0.0
VCLB_20260402.csv,2026-03-25 12:54:43,0.0
VCLB_20260402.csv,2026-03-25 12:57:43,0.0
VCLB_20260402.csv,2026-03-25 13:00:43,0.0
VCLB_20260402.csv,2026-03-25 13:03:43,0.0
VCLB_20260402.csv,2026-03-25 13:06:43,0.0
VCLB_20260402.csv,2026-03-25 13:09:43,0.0
VCLB_20260402.csv,2026-03-25 13:12:43,0.0
VCLB_20260402.csv,2026-03-25 13:15:43,0.0
VCLB_20260402.csv,2026-03-25 13:18:43,0.0
VCLB_20260402.csv,2026-03-25 13:21:43,0.0
VCLB_20260402.csv,2026-03-25 13:24:43,0.0
VCLB_20260402.csv,2026-03-25 13:27:43,0.0
VCLB_20260402.csv,2026-03-25 13:30:44,0.0
VCLB_20260402.csv,2026-03-25 13:33:43,0.0
VCLB_20260402.csv,2026-03-25 13:36:43,0.0
VCLB_20260402.csv,2026-03-25 13:39:43,0.0
VCLB_20260402.csv,2026-03-25 13:42:43,0.0
VCLB_20260402.csv,2026-03-25 13:45:44,0.0
VCLB_20260402.csv,2026-03-25 13:48:43,0.0
VCLB_20260402.csv,2026-03-25 13:51:43,0.0
VCLB_20260402.csv,2026-03-25 13:54:43,0.0
VCLB_20260402.csv,2026-03-25 13:57:43,0.0
VCLB_20260402.csv,2026-03-25 14:00:43,0.0
VCLB_20260402.csv,2026-03-25 14:03:43,0.0
VCLB_20260402.csv,2026-03-25 14:06:43,0.0
VCLB_20260402.csv,2026-03-25 14:09:43,0.0
VCLB_20260402.csv,2026-03-25 14:12:43,0.0
VCLB_20260402.csv,2026-03-25 14:15:43,0.0
VCLB_20260402.csv,2026-03-25 14:18:43,0.0
VCLB_20260402.csv,2026-03-25 14:21:43,0.0
VCLB_20260402.csv,2026-03-25 14:24:43,0.0
VCLB_20260402.csv,2026-03-25 14:27:43,0.0
VCLB_20260402.csv,2026-03-25 14:30:43,0.0
VCLB_20260402.csv,2026-03-25 14:33:43,0.0
VCLB_20260402.csv,2026-03-25 14:36:43,0.0
VCLB_20260402.csv,2026-03-25 14:42:43,0.0
VCLB_20260402.csv,2026-03-25 14:45:44,0.0
VCLB_20260402.csv,2026-03-25 14:48:43,0.0
VCLB_20260402.csv,2026-03-25 14:51:43,0.0
VCLB_20260402.csv,2026-03-25 14:54:43,0.0
VCLB_20260402.csv,2026-03-25 14:57:43,0.0
VCLB_20260402.csv,2026-03-25 15:00:43,0.0
VCLB_20260402.csv,2026-03-25 15:03:43,0.0
VCLB_20260402.csv,2026-03-25 15:06:43,0.0
VCLB_20260402.csv,2026-03-25 15:09:43,0.0
VCLB_20260402.csv,2026-03-25 15:12:43,0.0
VCLB_20260402.csv,2026-03-25 15:15:44,0.0
VCLB_20260402.csv,2026-03-25 15:18:43,0.0
VCLB_20260402.csv,2026-03-25 15:21:43,0.0
VCLB_20260402.csv,2026-03-25 15:24:43,0.0
VCLB_20260402.csv,2026-03-25 15:27:43,0.0
VCLB_20260402.csv,2026-03-25 15:30:43,0.0
VCLB_20260402.csv,2026-03-25 15:33:43,0.0
VCLB_20260402.csv,2026-03-25 15:36:43,0.0
VCLB_20260402.csv,2026-03-25 15:39:43,0.0
VCLB_20260402.csv,2026-03-25 15:42:43,0.0
VCLB_20260402.csv,2026-03-25 15:45:44,0.0
VCLB_20260402.csv,2026-03-25 15:48:43,0.0
VCLB_20260402.csv,2026-03-25 15:51:43,0.0
VCLB_20260402.csv,2026-03-25 15:54:43,0.0
VCLB_20260402.csv,2026-03-25 15:57:43,0.0
VCLB_20260402.csv,2026-03-25 16:00:43,0.0
VCLB_20260402.csv,2026-03-25 16:03:43,0.0
VCLB_20260402.csv,2026-03-25 16:06:43,0.0
VCLB_20260402.csv,2026-03-25 16:09:43,0.0
VCLB_20260402.csv,2026-03-25 16:12:43,0.0
VCLB_20260402.csv,2026-03-25 16:15:43,0.0
VCLB_20260402.csv,2026-03-25 16:18:43,0.0
VCLB_20260402.csv,2026-03-25 16:21:43,0.0
VCLB_20260402.csv,2026-03-25 16:24:43,0.0
VCLB_20260402.csv,2026-03-25 16:27:43,0.0
VCLB_20260402.csv,2026-03-25 16:30:43,0.0
VCLB_20260402.csv,2026-03-25 16:33:43,0.0
VCLB_20260402.csv,2026-03-25 16:36:43,0.0
VCLB_20260402.csv,2026-03-25 16:39:43,0.0
VCLB_20260402.csv,2026-03-25 16:42:43,0.0
VCLB_20260402.csv,2026-03-25 16:45:43,0.0
VCLB_20260402.csv,2026-03-25 16:48:43,0.0
VCLB_20260402.csv,2026-03-25 16:51:43,0.0
VCLB_20260402.csv,2026-03-25 16:54:43,0.0
VCLB_20260402.csv,2026-03-25 16:57:43,0.0
VCLB_20260402.csv,2026-03-25 17:00:43,0.0
VCLB_20260402.csv,2026-03-25 17:03:43,0.0
VCLB_20260402.csv,2026-03-25 17:06:43,0.0
VCLB_20260402.csv,2026-03-25 17:12:43,0.0
VCLB_20260402.csv,2026-03-25 17:15:43,0.0
VCLB_20260402.csv,2026-03-25 17:18:43,0.0
VCLB_20260402.csv,2026-03-25 17:21:43,0.0
VCLB_20260402.csv,2026-03-25 17:24:43,0.0
VCLB_20260402.csv,2026-03-25 17:27:43,0.0
VCLB_20260402.csv,2026-03-25 17:30:43,0.0
VCLB_20260402.csv,2026-03-25 17:33:43,0.0
VCLB_20260402.csv,2026-03-25 17:36:43,0.0
VCLB_20260402.csv,2026-03-25 17:39:43,0.0
VCLB_20260402.csv,2026-03-25 17:42:43,0.0
VCLB_20260402.csv,2026-03-25 17:45:43,0.0
VCLB_20260402.csv,2026-03-25 17:48:43,0.0
VCLB_20260402.csv,2026-03-25 17:51:43,0.0
VCLB_20260402.csv,2026-03-25 17:54:43,0.0
VCLB_20260402.csv,2026-03-25 18:00:43,0.0
VCLB_20260402.csv,2026-03-25 18:06:43,0.0
VCLB_20260402.csv,2026-03-25 18:09:43,0.0
VCLB_20260402.csv,2026-03-25 18:12:43,0.0
VCLB_20260402.csv,2026-03-25 18:15:43,0.0
VCLB_20260402.csv,2026-03-25 18:18:43,0.0
VCLB_20260402.csv,2026-03-25 18:21:43,0.0
VCLB_20260402.csv,2026-03-25 18:24:43,0.0
VCLB_20260402.csv,2026-03-25 18:27:43,0.0
VCLB_20260402.csv,2026-03-25 18:30:43,0.0
VCLB_20260402.csv,2026-03-25 18:33:43,0.0
VCLB_20260402.csv,2026-03-25 18:36:43,0.0
VCLB_20260402.csv,2026-03-25 18:39:43,0.0
VCLB_20260402.csv,2026-03-25 18:42:43,0.0
VCLB_20260402.csv,2026-03-25 18:45:43,0.0
VCLB_20260402.csv,2026-03-25 18:48:43,0.0
VCLB_20260402.csv,2026-03-25 18:51:43,0.0
VCLB_20260402.csv,2026-03-25 18:54:43,0.0
VCLB_20260402.csv,2026-03-25 18:57:43,0.0
VCLB_20260402.csv,2026-03-25 19:00:43,0.0
VCLB_20260402.csv,2026-03-25 19:03:43,0.0
VCLB_20260402.csv,2026-03-25 19:06:43,0.0
VCLB_20260402.csv,2026-03-25 19:09:43,0.0
VCLB_20260402.csv,2026-03-25 19:12:43,0.0
VCLB_20260402.csv,2026-03-25 19:15:43,0.0
VCLB_20260402.csv,2026-03-25 19:18:43,0.0
VCLB_20260402.csv,2026-03-25 19:21:43,0.0
VCLB_20260402.csv,2026-03-25 19:24:43,0.0
VCLB_20260402.csv,2026-03-25 19:27:43,0.0
VCLB_20260402.csv,2026-03-25 19:30:43,0.0
VCLB_20260402.csv,2026-03-25 19:33:43,0.0
VCLB_20260402.csv,2026-03-25 19:36:43,0.0
VCLB_20260402.csv,2026-03-25 19:39:43,0.0
VCLB_20260402.csv,2026-03-25 19:42:43,0.0
VCLB_20260402.csv,2026-03-25 19:45:43,0.0
VCLB_20260402.csv,2026-03-25 19:48:43,0.0
VCLB_20260402.csv,2026-03-25 19:51:43,0.0
VCLB_20260402.csv,2026-03-25 19:54:43,0.0
VCLB_20260402.csv,2026-03-25 19:57:43,0.0
VCLB_20260402.csv,2026-03-25 20:00:43,0.0
VCLB_20260402.csv,2026-03-25 20:03:43,0.0
VCLB_20260402.csv,2026-03-25 20:06:43,0.0
VCLB_20260402.csv,2026-03-25 20:09:43,0.0
VCLB_20260402.csv,2026-03-25 20:12:43,0.0
VCLB_20260402.csv,2026-03-25 20:15:43,0.0
VCLB_20260402.csv,2026-03-25 20:18:43,0.0
VCLB_20260402.csv,2026-03-25 20:24:43,0.0
VCLB_20260402.csv,2026-03-25 20:27:43,0.0
VCLB_20260402.csv,2026-03-25 20:30:43,0.0
VCLB_20260402.csv,2026-03-25 20:33:43,0.0
VCLB_20260402.csv,2026-03-25 20:36:43,0.0
VCLB_20260402.csv,2026-03-25 20:39:43,0.0
VCLB_20260402.csv,2026-03-25 20:42:43,0.0
VCLB_20260402.csv,2026-03-25 20:45:43,0.0
VCLB_20260402.csv,2026-03-25 20:48:43,0.0
VCLB_20260402.csv,2026-03-25 20:51:43,0.0
VCLB_20260402.csv,2026-03-25 20:54:43,0.0
VCLB_20260402.csv,2026-03-25 20:57:43,0.0
VCLB_20260402.csv,2026-03-25 21:00:43,0.0
VCLB_20260402.csv,2026-03-25 21:03:43,0.0
VCLB_20260402.csv,2026-03-25 21:06:43,0.0
VCLB_20260402.csv,2026-03-25 21:09:43,0.0
VCLB_20260402.csv,2026-03-25 21:12:43,0.0
VCLB_20260402.csv,2026-03-25 21:15:43,0.0
VCLB_20260402.csv,2026-03-25 21:18:43,0.0
VCLB_20260402.csv,2026-03-25 21:21:43,0.0
VCLB_20260402.csv,2026-03-25 21:24:43,0.0
VCLB_20260402.csv,2026-03-25 21:27:43,0.0
VCLB_20260402.csv,2026-03-25 21:30:43,0.0
VCLB_20260402.csv,2026-03-25 21:33:43,0.0
VCLB_20260402.csv,2026-03-25 21:36:43,0.0
VCLB_20260402.csv,2026-03-25 21:39:43,0.0
VCLB_20260402.csv,2026-03-25 21:42:43,0.0
VCLB_20260402.csv,2026-03-25 21:45:43,0.0
VCLB_20260402.csv,2026-03-25 21:48:43,0.0
VCLB_20260402.csv,2026-03-25 21:51:43,0.0
VCLB_20260402.csv,2026-03-25 21:54:43,0.0
VCLB_20260402.csv,2026-03-25 21:57:43,0.0
VCLB_20260402.csv,2026-03-25 22:00:43,0.0
VCLB_20260402.csv,2026-03-25 22:03:43,0.0
VCLB_20260402.csv,2026-03-25 22:06:43,0.0
VCLB_20260402.csv,2026-03-25 22:09:43,0.0
VCLB_20260402.csv,2026-03-25 22:12:43,0.0
VCLB_20260402.csv,2026-03-25 22:15:43,0.0
VCLB_20260402.csv,2026-03-25 22:18:43,0.0
VCLB_20260402.csv,2026-03-25 22:21:43,0.0
VCLB_20260402.csv,2026-03-25 22:24:43,0.0
VCLB_20260402.csv,2026-03-25 22:27:43,0.0
VCLB_20260402.csv,2026-03-25 22:30:43,0.0
VCLB_20260402.csv,2026-03-25 22:33:43,0.0
VCLB_20260402.csv,2026-03-25 22:36:43,0.0
VCLB_20260402.csv,2026-03-25 22:39:43,0.0
VCLB_20260402.csv,2026-03-25 22:42:43,0.0
VCLB_20260402.csv,2026-03-25 22:45:43,0.0
VCLB_20260402.csv,2026-03-25 22:48:43,0.0
VCLB_20260402.csv,2026-03-25 22:51:43,0.0
VCLB_20260402.csv,2026-03-25 22:54:43,0.0
VCLB_20260402.csv,2026-03-25 22:57:43,0.0
VCLB_20260402.csv,2026-03-25 23:00:43,0.0
VCLB_20260402.csv,2026-03-25 23:03:43,0.0
VCLB_20260402.csv,2026-03-25 23:06:43,0.0
VCLB_20260402.csv,2026-03-25 23:09:43,0.0
VCLB_20260402.csv,2026-03-25 23:12:43,0.0
VCLB_20260402.csv,2026-03-25 23:15:43,0.0
VCLB_20260402.csv,2026-03-25 23:18:43,0.0
VCLB_20260402.csv,2026-03-25 23:21:43,0.0
VCLB_20260402.csv,2026-03-25 23:24:43,0.0
VCLB_20260402.csv,2026-03-25 23:27:43,0.0
VCLB_20260402.csv,2026-03-25 23:30:43,0.0
VCLB_20260402.csv,2026-03-25 23:33:43,0.0
VCLB_20260402.csv,2026-03-25 23:36:43,0.0
VCLB_20260402.csv,2026-03-25 23:39:43,0.0
VCLB_20260402.csv,2026-03-25 23:42:43,0.0
VCLB_20260402.csv,2026-03-25 23:45:43,0.0
VCLB_20260402.csv,2026-03-25 23:48:43,0.0
VCLB_20260402.csv,2026-03-25 23:51:43,0.0
VCLB_20260402.csv,2026-03-25 23:54:43,0.0
VCLB_20260402.csv,2026-03-25 23:57:43,0.0
VCLB_20260402.csv,2026-03-26 00:00:43,0.0
VCLB_20260402.csv,2026-03-26 00:03:43,0.0
VCLB_20260402.csv,2026-03-26 00:06:43,0.0
VCLB_20260402.csv,2026-03-26 00:09:43,0.0
VCLB_20260402.csv,2026-03-26 00:12:43,0.0
VCLB_20260402.csv,2026-03-26 00:15:43,0.0
VCLB_20260402.csv,2026-03-26 00:18:43,0.0
VCLB_20260402.csv,2026-03-26 00:21:43,0.0
VCLB_20260402.csv,2026-03-26 00:24:43,0.0
VCLB_20260402.csv,2026-03-26 00:27:43,0.0
VCLB_20260402.csv,2026-03-26 00:30:43,0.0
VCLB_20260402.csv,2026-03-26 00:33:43,0.0
VCLB_20260402.csv,2026-03-26 00:36:43,0.0
VCLB_20260402.csv,2026-03-26 00:39:43,0.0
VCLB_20260402.csv,2026-03-26 00:42:43,0.0
VCLB_20260402.csv,2026-03-26 00:45:43,0.0
VCLB_20260402.csv,2026-03-26 00:48:43,0.0
VCLB_20260402.csv,2026-03-26 00:51:43,0.0
VCLB_20260402.csv,2026-03-26 00:54:43,0.0
VCLB_20260402.csv,2026-03-26 00:57:43,0.0
VCLB_20260402.csv,2026-03-26 01:00:43,0.0
VCLB_20260402.csv,2026-03-26 01:03:43,0.0
VCLB_20260402.csv,2026-03-26 01:06:43,0.0
VCLB_20260402.csv,2026-03-26 01:09:43,0.0
VCLB_20260402.csv,2026-03-26 01:12:43,0.0
VCLB_20260402.csv,2026-03-26 01:15:43,0.0
VCLB_20260402.csv,2026-03-26 01:18:43,0.0
VCLB_20260402.csv,2026-03-26 01:21:43,0.0
VCLB_20260402.csv,2026-03-26 01:24:43,0.0
VCLB_20260402.csv,2026-03-26 01:27:43,0.0
VCLB_20260402.csv,2026-03-26 01:30:43,0.0
VCLB_20260402.csv,2026-03-26 01:33:43,0.0
VCLB_20260402.csv,2026-03-26 01:36:43,0.0
VCLB_20260402.csv,2026-03-26 01:39:43,0.0
VCLB_20260402.csv,2026-03-26 01:42:43,0.0
VCLB_20260402.csv,2026-03-26 01:45:43,0.0
VCLB_20260402.csv,2026-03-26 01:48:43,0.0
VCLB_20260402.csv,2026-03-26 01:51:43,0.0
VCLB_20260402.csv,2026-03-26 01:54:43,0.0
VCLB_20260402.csv,2026-03-26 01:57:43,0.0
VCLB_20260402.csv,2026-03-26 02:00:43,0.0
VCLB_20260402.csv,2026-03-26 02:03:43,0.0
VCLB_20260402.csv,2026-03-26 02:06:43,0.0
VCLB_20260402.csv,2026-03-26 02:09:43,0.0
VCLB_20260402.csv,2026-03-26 02:12:43,0.0
VCLB_20260402.csv,2026-03-26 02:15:43,0.0
VCLB_20260402.csv,2026-03-26 02:18:43,0.0
VCLB_20260402.csv,2026-03-26 02:21:43,0.0
VCLB_20260402.csv,2026-03-26 02:24:43,0.0
VCLB_20260402.csv,2026-03-26 02:27:43,0.0
VCLB_20260402.csv,2026-03-26 02:30:43,0.0
VCLB_20260402.csv,2026-03-26 02:33:43,0.0
VCLB_20260402.csv,2026-03-26 02:36:43,0.0
VCLB_20260402.csv,2026-03-26 02:39:43,0.0
VCLB_20260402.csv,2026-03-26 02:42:43,0.0
VCLB_20260402.csv,2026-03-26 02:45:43,0.0
VCLB_20260402.csv,2026-03-26 02:48:43,0.0
VCLB_20260402.csv,2026-03-26 02:51:43,0.0
VCLB_20260402.csv,2026-03-26 02:54:43,0.0
VCLB_20260402.csv,2026-03-26 02:57:43,0.0
VCLB_20260402.csv,2026-03-26 03:00:43,0.0
VCLB_20260402.csv,2026-03-26 03:03:43,0.0
VCLB_20260402.csv,2026-03-26 03:06:43,0.0
VCLB_20260402.csv,2026-03-26 03:09:43,0.0
VCLB_20260402.csv,2026-03-26 03:12:43,0.0
VCLB_20260402.csv,2026-03-26 03:15:43,0.0
VCLB_20260402.csv,2026-03-26 03:18:43,0.0
VCLB_20260402.csv,2026-03-26 03:21:43,0.0
VCLB_20260402.csv,2026-03-26 03:24:43,0.0
VCLB_20260402.csv,2026-03-26 03:27:43,0.0
VCLB_20260402.csv,2026-03-26 03:30:43,0.0
VCLB_20260402.csv,2026-03-26 03:33:43,0.0
VCLB_20260402.csv,2026-03-26 03:36:43,0.0
VCLB_20260402.csv,2026-03-26 03:39:43,0.0
VCLB_20260402.csv,2026-03-26 03:42:43,0.0
VCLB_20260402.csv,2026-03-26 03:48:43,0.0
VCLB_20260402.csv,2026-03-26 03:51:43,0.0
VCLB_20260402.csv,2026-03-26 03:54:43,0.0
VCLB_20260402.csv,2026-03-26 03:57:43,0.0
VCLB_20260402.csv,2026-03-26 04:00:43,0.0
VCLB_20260402.csv,2026-03-26 04:03:43,0.0
VCLB_20260402.csv,2026-03-26 04:09:43,0.0
VCLB_20260402.csv,2026-03-26 04:12:43,0.0
VCLB_20260402.csv,2026-03-26 04:15:43,0.0
VCLB_20260402.csv,2026-03-26 04:18:43,0.0
VCLB_20260402.csv,2026-03-26 04:21:43,0.0
VCLB_20260402.csv,2026-03-26 04:24:43,0.0
VCLB_20260402.csv,2026-03-26 04:27:43,0.0
VCLB_20260402.csv,2026-03-26 04:30:43,0.0
VCLB_20260402.csv,2026-03-26 04:33:43,0.0
VCLB_20260402.csv,2026-03-26 04:36:43,0.0
VCLB_20260402.csv,2026-03-26 04:39:43,0.0
VCLB_20260402.csv,2026-03-26 04:42:43,0.0
VCLB_20260402.csv,2026-03-26 04:45:43,0.0
VCLB_20260402.csv,2026-03-26 04:48:43,0.0
VCLB_20260402.csv,2026-03-26 04:51:43,0.0
VCLB_20260402.csv,2026-03-26 04:54:43,0.0
VCLB_20260402.csv,2026-03-26 04:57:43,0.0
VCLB_20260402.csv,2026-03-26 05:00:43,0.0
VCLB_20260402.csv,2026-03-26 05:03:43,0.0
VCLB_20260402.csv,2026-03-26 05:06:43,0.0
VCLB_20260402.csv,2026-03-26 05:09:43,0.0
VCLB_20260402.csv,2026-03-26 05:12:43,0.0
VCLB_20260402.csv,2026-03-26 05:15:43,0.0
VCLB_20260402.csv,2026-03-26 05:21:43,0.0
VCLB_20260402.csv,2026-03-26 05:24:43,0.0
VCLB_20260402.csv,2026-03-26 05:27:43,0.0
VCLB_20260402.csv,2026-03-26 05:30:43,0.0
VCLB_20260402.csv,2026-03-26 05:33:43,0.0
VCLB_20260402.csv,2026-03-26 05:36:43,0.0
VCLB_20260402.csv,2026-03-26 05:39:43,0.0
VCLB_20260402.csv,2026-03-26 05:42:43,0.0
VCLB_20260402.csv,2026-03-26 05:45:43,0.0
VCLB_20260402.csv,2026-03-26 05:48:43,0.0
VCLB_20260402.csv,2026-03-26 05:51:43,0.0
VCLB_20260402.csv,2026-03-26 05:54:43,0.0
VCLB_20260402.csv,2026-03-26 05:57:43,0.0
VCLB_20260402.csv,2026-03-26 06:00:43,0.0
VCLB_20260402.csv,2026-03-26 06:03:43,0.0
VCLB_20260402.csv,2026-03-26 06:06:43,0.0
VCLB_20260402.csv,2026-03-26 06:09:43,0.0
VCLB_20260402.csv,2026-03-26 06:12:43,0.0
VCLB_20260402.csv,2026-03-26 06:15:43,0.0
VCLB_20260402.csv,2026-03-26 06:18:43,0.0
VCLB_20260402.csv,2026-03-26 06:24:43,0.0
VCLB_20260402.csv,2026-03-26 06:27:43,0.0
VCLB_20260402.csv,2026-03-26 06:30:43,0.0
VCLB_20260402.csv,2026-03-26 06:33:43,0.0
VCLB_20260402.csv,2026-03-26 06:36:43,0.0
VCLB_20260402.csv,2026-03-26 06:39:43,0.0
VCLB_20260402.csv,2026-03-26 06:42:43,0.0
VCLB_20260402.csv,2026-03-26 06:45:43,0.0
VCLB_20260402.csv,2026-03-26 06:48:43,0.0
VCLB_20260402.csv,2026-03-26 06:51:43,0.0
VCLB_20260402.csv,2026-03-26 06:54:43,0.0
VCLB_20260402.csv,2026-03-26 06:57:43,0.0
VCLB_20260402.csv,2026-03-26 07:00:43,0.0
VCLB_20260402.csv,2026-03-26 07:03:43,0.0
VCLB_20260402.csv,2026-03-26 07:06:43,0.0
VCLB_20260402.csv,2026-03-26 07:09:43,0.0
VCLB_20260402.csv,2026-03-26 07:12:43,0.0
VCLB_20260402.csv,2026-03-26 07:15:43,0.0
VCLB_20260402.csv,2026-03-26 07:18:43,0.0
VCLB_20260402.csv,2026-03-26 07:21:43,0.0
VCLB_20260402.csv,2026-03-26 07:24:43,0.0
VCLB_20260402.csv,2026-03-26 07:27:43,0.0
VCLB_20260402.csv,2026-03-26 07:30:43,0.0
VCLB_20260402.csv,2026-03-26 07:33:43,0.0
VCLB_20260402.csv,2026-03-26 07:36:43,0.0
VCLB_20260402.csv,2026-03-26 07:39:43,0.0
VCLB_20260402.csv,2026-03-26 07:42:43,0.0
VCLB_20260402.csv,2026-03-26 07:45:43,0.0
VCLB_20260402.csv,2026-03-26 07:48:43,0.0
VCLB_20260402.csv,2026-03-26 07:51:43,0.0
VCLB_20260402.csv,2026-03-26 07:54:43,0.0
VCLB_20260402.csv,2026-03-26 07:57:43,0.0
VCLB_20260402.csv,2026-03-26 08:00:43,0.0
VCLB_20260402.csv,2026-03-26 08:03:43,0.0
VCLB_20260402.csv,2026-03-26 08:06:43,0.0
VCLB_20260402.csv,2026-03-26 08:09:43,0.0
VCLB_20260402.csv,2026-03-26 08:12:43,0.0
VCLB_20260402.csv,2026-03-26 08:15:43,0.0
VCLB_20260402.csv,2026-03-26 08:18:43,0.0
VCLB_20260402.csv,2026-03-26 08:24:43,0.0
VCLB_20260402.csv,2026-03-26 08:27:43,0.0
VCLB_20260402.csv,2026-03-26 08:30:43,0.0
VCLB_20260402.csv,2026-03-26 08:33:43,0.0
VCLB_20260402.csv,2026-03-26 08:36:43,0.0
VCLB_20260402.csv,2026-03-26 08:39:43,0.0
VCLB_20260402.csv,2026-03-26 08:42:43,0.0
VCLB_20260402.csv,2026-03-26 08:45:43,0.0
VCLB_20260402.csv,2026-03-26 08:48:43,0.0
VCLB_20260402.csv,2026-03-26 08:51:43,0.0
VCLB_20260402.csv,2026-03-26 08:54:43,0.0
VCLB_20260402.csv,2026-03-26 08:57:43,0.0
VCLB_20260402.csv,2026-03-26 09:00:43,0.0
VCLB_20260402.csv,2026-03-26 09:03:43,0.0
VCLB_20260402.csv,2026-03-26 09:06:43,0.0
VCLB_20260402.csv,2026-03-26 09:09:43,0.0
VCLB_20260402.csv,2026-03-26 09:12:43,0.0
VCLB_20260402.csv,2026-03-26 09:15:43,0.0
VCLB_20260402.csv,2026-03-26 09:18:43,0.0
VCLB_20260402.csv,2026-03-26 09:21:43,0.0
VCLB_20260402.csv,2026-03-26 09:24:43,0.0
VCLB_20260402.csv,2026-03-26 09:27:43,0.0
VCLB_20260402.csv,2026-03-26 09:30:43,0.0
VCLB_20260402.csv,2026-03-26 09:33:43,0.0
VCLB_20260402.csv,2026-03-26 09:36:43,0.0
VCLB_20260402.csv,2026-03-26 09:39:43,0.0
VCLB_20260402.csv,2026-03-26 09:42:43,0.0
VCLB_20260402.csv,2026-03-26 09:45:43,0.0
VCLB_20260402.csv,2026-03-26 09:48:43,0.0
VCLB_20260402.csv,2026-03-26 09:51:43,0.0
VCLB_20260402.csv,2026-03-26 09:54:43,0.0
VCLB_20260402.csv,2026-03-26 09:57:43,0.0
VCLB_20260402.csv,2026-03-26 10:00:43,0.0
VCLB_20260402.csv,2026-03-26 10:03:43,0.0
VCLB_20260402.csv,2026-03-26 10:06:43,0.0
VCLB_20260402.csv,2026-03-26 10:09:43,0.0
VCLB_20260402.csv,2026-03-26 10:12:43,0.0
VCLB_20260402.csv,2026-03-26 10:15:43,0.0
VCLB_20260402.csv,2026-03-26 10:18:43,0.0
VCLB_20260402.csv,2026-03-26 10:21:43,0.0
VCLB_20260402.csv,2026-03-26 10:24:43,0.0
VCLB_20260402.csv,2026-03-26 10:27:43,0.0
VCLB_20260402.csv,2026-03-26 10:30:43,0.0
VCLB_20260402.csv,2026-03-26 10:33:43,0.0
VCLB_20260402.csv,2026-03-26 10:36:43,0.0
VCLB_20260402.csv,2026-03-26 10:39:43,0.0
VCLB_20260402.csv,2026-03-26 10:42:43,0.0
VCLB_20260402.csv,2026-03-26 10:45:43,0.0
VCLB_20260402.csv,2026-03-26 10:48:43,0.0
VCLB_20260402.csv,2026-03-26 10:51:43,0.0
VCLB_20260402.csv,2026-03-26 10:54:43,0.0
VCLB_20260402.csv,2026-03-26 10:57:43,0.0
VCLB_20260402.csv,2026-03-26 11:00:43,0.0
VCLB_20260402.csv,2026-03-26 11:03:43,0.0
VCLB_20260402.csv,2026-03-26 11:06:43,0.0
VCLB_20260402.csv,2026-03-26 11:09:43,0.0
VCLB_20260402.csv,2026-03-26 11:12:43,0.0
VCLB_20260402.csv,2026-03-26 11:15:43,0.0
VCLB_20260402.csv,2026-03-26 11:18:43,0.0
VCLB_20260402.csv,2026-03-26 11:21:43,0.0
VCLB_20260402.csv,2026-03-26 11:24:43,0.0
VCLB_20260402.csv,2026-03-26 11:27:43,0.0
VCLB_20260402.csv,2026-03-26 11:30:43,0.0
VCLB_20260402.csv,2026-03-26 11:33:43,0.0
VCLB_20260402.csv,2026-03-26 11:36:43,0.0
VCLB_20260402.csv,2026-03-26 11:39:43,0.0
VCLB_20260402.csv,2026-03-26 11:42:43,0.0
VCLB_20260402.csv,2026-03-26 11:45:43,0.0
VCLB_20260402.csv,2026-03-26 11:48:43,0.0
VCLB_20260402.csv,2026-03-26 11:51:43,0.0
VCLB_20260402.csv,2026-03-26 11:54:43,0.0
VCLB_20260402.csv,2026-03-26 11:57:43,0.0
VCLB_20260402.csv,2026-03-26 12:00:43,0.0
VCLB_20260402.csv,2026-03-26 12:03:43,0.0
VCLB_20260402.csv,2026-03-26 12:06:43,0.0
VCLB_20260402.csv,2026-03-26 12:09:43,0.0
VCLB_20260402.csv,2026-03-26 12:12:43,0.0
VCLB_20260402.csv,2026-03-26 12:15:43,0.0
VCLB_20260402.csv,2026-03-26 12:18:43,0.0
VCLB_20260402.csv,2026-03-26 12:21:43,0.0
VCLB_20260402.csv,2026-03-26 12:24:43,0.0
VCLB_20260402.csv,2026-03-26 12:27:43,0.0
VCLB_20260402.csv,2026-03-26 12:30:43,0.0
VCLB_20260402.csv,2026-03-26 12:33:43,0.0
VCLB_20260402.csv,2026-03-26 12:36:43,0.0
VCLB_20260402.csv,2026-03-26 12:39:43,0.0
VCLB_20260402.csv,2026-03-26 12:42:43,0.0
VCLB_20260402.csv,2026-03-26 12:45:43,0.0
VCLB_20260402.csv,2026-03-26 12:48:43,0.0
VCLB_20260402.csv,2026-03-26 12:51:43,0.0
VCLB_20260402.csv,2026-03-26 12:54:43,0.0
VCLB_20260402.csv,2026-03-26 12:57:43,0.0
VCLB_20260402.csv,2026-03-26 13:00:43,0.0
VCLB_20260402.csv,2026-03-26 13:03:43,0.0
VCLB_20260402.csv,2026-03-26 13:06:43,0.0
VCLB_20260402.csv,2026-03-26 13:09:43,0.0
VCLB_20260402.csv,2026-03-26 13:12:43,0.0
VCLB_20260402.csv,2026-03-26 13:15:43,0.0
VCLB_20260402.csv,2026-03-26 13:18:43,0.0
VCLB_20260402.csv,2026-03-26 13:21:43,0.0
VCLB_20260402.csv,2026-03-26 13:24:43,0.0
VCLB_20260402.csv,2026-03-26 13:27:43,0.0
VCLB_20260402.csv,2026-03-26 13:30:43,0.0
VCLB_20260402.csv,2026-03-26 13:33:43,0.0
VCLB_20260402.csv,2026-03-26 13:36:43,0.0
VCLB_20260402.csv,2026-03-26 13:39:43,0.0
VCLB_20260402.csv,2026-03-26 13:42:43,0.0
VCLB_20260402.csv,2026-03-26 13:45:43,0.0
VCLB_20260402.csv,2026-03-26 13:48:43,0.0
VCLB_20260402.csv,2026-03-26 13:51:43,0.0
VCLB_20260402.csv,2026-03-26 13:54:43,0.0
VCLB_20260402.csv,2026-03-26 13:57:43,0.0
VCLB_20260402.csv,2026-03-26 14:00:42,0.0
VCLB_20260402.csv,2026-03-26 14:03:43,0.0
VCLB_20260402.csv,2026-03-26 14:06:43,0.0
VCLB_20260402.csv,2026-03-26 14:09:43,0.0
VCLB_20260402.csv,2026-03-26 14:12:42,0.0
VCLB_20260402.csv,2026-03-26 14:15:42,0.0
VCLB_20260402.csv,2026-03-26 14:18:42,0.0
VCLB_20260402.csv,2026-03-26 14:21:43,0.0
VCLB_20260402.csv,2026-03-26 14:24:42,0.0
VCLB_20260402.csv,2026-03-26 14:27:42,0.0
VCLB_20260402.csv,2026-03-26 14:30:42,0.0
VCLB_20260402.csv,2026-03-26 14:33:42,0.0
VCLB_20260402.csv,2026-03-26 14:36:42,0.0
VCLB_20260402.csv,2026-03-26 14:39:43,0.0
VCLB_20260402.csv,2026-03-26 14:42:42,0.0
VCLB_20260402.csv,2026-03-26 14:45:42,0.0
VCLB_20260402.csv,2026-03-26 14:48:42,0.0
VCLB_20260402.csv,2026-03-26 14:51:42,0.0
VCLB_20260402.csv,2026-03-26 14:54:43,0.0
VCLB_20260402.csv,2026-03-26 14:57:42,0.0
VCLB_20260402.csv,2026-03-26 15:00:42,0.0
VCLB_20260402.csv,2026-03-26 15:03:42,0.0
VCLB_20260402.csv,2026-03-26 15:06:42,0.0
VCLB_20260402.csv,2026-03-26 15:09:43,0.0
VCLB_20260402.csv,2026-03-26 15:12:42,0.0
VCLB_20260402.csv,2026-03-26 15:15:42,0.0
VCLB_20260402.csv,2026-03-26 15:18:42,0.0
VCLB_20260402.csv,2026-03-26 15:21:42,0.0
VCLB_20260402.csv,2026-03-26 15:24:43,0.0
VCLB_20260402.csv,2026-03-26 15:27:42,0.0
VCLB_20260402.csv,2026-03-26 15:30:42,0.0
VCLB_20260402.csv,2026-03-26 15:33:42,0.0
VCLB_20260402.csv,2026-03-26 15:36:42,0.0
VCLB_20260402.csv,2026-03-26 15:39:43,0.0
VCLB_20260402.csv,2026-03-26 15:42:42,0.0
VCLB_20260402.csv,2026-03-26 15:45:42,0.0
VCLB_20260402.csv,2026-03-26 15:48:42,0.0
VCLB_20260402.csv,2026-03-26 15:51:42,0.0
VCLB_20260402.csv,2026-03-26 15:54:43,0.0
VCLB_20260402.csv,2026-03-26 15:57:42,0.0
VCLB_20260402.csv,2026-03-26 16:00:42,0.0
VCLB_20260402.csv,2026-03-26 16:03:42,0.0
VCLB_20260402.csv,2026-03-26 16:06:42,0.0
VCLB_20260402.csv,2026-03-26 16:09:43,0.0
VCLB_20260402.csv,2026-03-26 16:12:42,0.0
VCLB_20260402.csv,2026-03-26 16:15:42,0.0
VCLB_20260402.csv,2026-03-26 16:18:42,0.0
VCLB_20260402.csv,2026-03-26 16:21:42,0.0
VCLB_20260402.csv,2026-03-26 16:24:43,0.0
VCLB_20260402.csv,2026-03-26 16:30:42,0.0
VCLB_20260402.csv,2026-03-26 16:33:42,0.0
VCLB_20260402.csv,2026-03-26 16:36:42,0.0
VCLB_20260402.csv,2026-03-26 16:39:42,0.0
VCLB_20260402.csv,2026-03-26 16:42:42,0.0
VCLB_20260402.csv,2026-03-26 16:45:42,0.0
VCLB_20260402.csv,2026-03-26 16:48:42,0.0
VCLB_20260402.csv,2026-03-26 16:51:42,0.0
VCLB_20260402.csv,2026-03-26 16:54:42,0.0
VCLB_20260402.csv,2026-03-26 16:57:42,0.0
VCLB_20260402.csv,2026-03-26 17:00:42,0.0
VCLB_20260402.csv,2026-03-26 17:03:42,0.0
VCLB_20260402.csv,2026-03-26 17:06:42,0.0
VCLB_20260402.csv,2026-03-26 17:09:42,0.0
VCLB_20260402.csv,2026-03-26 17:12:42,0.0
VCLB_20260402.csv,2026-03-26 17:15:42,0.0
VCLB_20260402.csv,2026-03-26 17:18:42,0.0
VCLB_20260402.csv,2026-03-26 17:21:42,0.0
VCLB_20260402.csv,2026-03-26 17:27:42,0.0
VCLB_20260402.csv,2026-03-26 17:30:42,0.0
VCLB_20260402.csv,2026-03-26 17:33:42,0.0
VCLB_20260402.csv,2026-03-26 17:36:42,0.0
VCLB_20260402.csv,2026-03-26 17:39:42,0.0
VCLB_20260402.csv,2026-03-26 17:42:42,0.0
VCLB_20260402.csv,2026-03-26 17:45:42,0.0
VCLB_20260402.csv,2026-03-26 17:48:42,0.0
VCLB_20260402.csv,2026-03-26 17:51:42,0.0
VCLB_20260402.csv,2026-03-26 17:54:42,0.0
VCLB_20260402.csv,2026-03-26 17:57:43,0.0
VCLB_20260402.csv,2026-03-26 18:00:42,0.0
VCLB_20260402.csv,2026-03-26 18:03:42,0.0
VCLB_20260402.csv,2026-03-26 18:06:42,0.0
VCLB_20260402.csv,2026-03-26 18:09:42,0.0
VCLB_20260402.csv,2026-03-26 18:12:42,0.0
VCLB_20260402.csv,2026-03-26 18:15:42,0.0
VCLB_20260402.csv,2026-03-26 18:18:42,0.0
VCLB_20260402.csv,2026-03-26 18:21:42,0.0
VCLB_20260402.csv,2026-03-26 18:24:42,0.0
VCLB_20260402.csv,2026-03-26 18:27:42,0.0
VCLB_20260402.csv,2026-03-26 18:30:42,0.0
VCLB_20260402.csv,2026-03-26 18:33:42,0.0
VCLB_20260402.csv,2026-03-26 18:36:42,0.0
VCLB_20260402.csv,2026-03-26 18:39:42,0.0
VCLB_20260402.csv,2026-03-26 18:42:42,0.0
VCLB_20260402.csv,2026-03-26 18:45:43,0.0
VCLB_20260402.csv,2026-03-26 18:48:42,0.0
VCLB_20260402.csv,2026-03-26 18:54:42,0.0
VCLB_20260402.csv,2026-03-26 18:57:42,0.0
VCLB_20260402.csv,2026-03-26 19:00:42,0.0
VCLB_20260402.csv,2026-03-26 19:03:42,0.0
VCLB_20260402.csv,2026-03-26 19:06:42,0.0
VCLB_20260402.csv,2026-03-26 19:09:42,0.0
VCLB_20260402.csv,2026-03-26 19:12:42,0.0
VCLB_20260402.csv,2026-03-26 19:15:42,0.0
VCLB_20260402.csv,2026-03-26 19:18:42,0.0
VCLB_20260402.csv,2026-03-26 19:21:42,0.0
VCLB_20260402.csv,2026-03-26 19:24:42,0.0
VCLB_20260402.csv,2026-03-26 19:27:42,0.0
VCLB_20260402.csv,2026-03-26 19:30:42,0.0
VCLB_20260402.csv,2026-03-26 19:33:42,0.0
VCLB_20260402.csv,2026-03-26 19:36:42,0.0
VCLB_20260402.csv,2026-03-26 19:39:42,0.0
VCLB_20260402.csv,2026-03-26 19:42:42,0.0
VCLB_20260402.csv,2026-03-26 19:45:43,0.0
VCLB_20260402.csv,2026-03-26 19:48:42,0.0
VCLB_20260402.csv,2026-03-26 19:51:42,0.0
VCLB_20260402.csv,2026-03-26 19:54:42,0.0
VCLB_20260402.csv,2026-03-26 19:57:42,0.0
VCLB_20260402.csv,2026-03-26 20:00:42,0.0
VCLB_20260402.csv,2026-03-26 20:03:42,0.0
VCLB_20260402.csv,2026-03-26 20:06:42,0.0
VCLB_20260402.csv,2026-03-26 20:09:42,0.0
VCLB_20260402.csv,2026-03-26 20:12:42,0.0
VCLB_20260402.csv,2026-03-26 20:15:42,0.0
VCLB_20260402.csv,2026-03-26 20:18:42,0.0
VCLB_20260402.csv,2026-03-26 20:21:42,0.0
VCLB_20260402.csv,2026-03-26 20:24:42,0.0
VCLB_20260402.csv,2026-03-26 20:27:42,0.0
VCLB_20260402.csv,2026-03-26 20:30:42,0.0
VCLB_20260402.csv,2026-03-26 20:33:42,0.0
VCLB_20260402.csv,2026-03-26 20:36:42,0.0
VCLB_20260402.csv,2026-03-26 20:39:42,0.0
VCLB_20260402.csv,2026-03-26 20:42:42,0.0
VCLB_20260402.csv,2026-03-26 20:45:42,0.0
VCLB_20260402.csv,2026-03-26 20:48:42,0.0
VCLB_20260402.csv,2026-03-26 20:51:42,0.0
VCLB_20260402.csv,2026-03-26 20:54:42,0.0
VCLB_20260402.csv,2026-03-26 20:57:42,0.0
VCLB_20260402.csv,2026-03-26 21:00:43,0.0
VCLB_20260402.csv,2026-03-26 21:03:42,0.0
VCLB_20260402.csv,2026-03-26 21:06:42,0.0
VCLB_20260402.csv,2026-03-26 21:09:42,0.0
VCLB_20260402.csv,2026-03-26 21:12:42,0.0
VCLB_20260402.csv,2026-03-26 21:15:43,0.0
VCLB_20260402.csv,2026-03-26 21:18:42,0.0
VCLB_20260402.csv,2026-03-26 21:21:42,0.0
VCLB_20260402.csv,2026-03-26 21:24:42,0.0
VCLB_20260402.csv,2026-03-26 21:27:42,0.0
VCLB_20260402.csv,2026-03-26 21:30:43,0.0
VCLB_20260402.csv,2026-03-26 21:33:42,0.0
VCLB_20260402.csv,2026-03-26 21:36:42,0.0
VCLB_20260402.csv,2026-03-26 21:39:42,0.0
VCLB_20260402.csv,2026-03-26 21:42:42,0.0
VCLB_20260402.csv,2026-03-26 21:45:42,0.0
VCLB_20260402.csv,2026-03-26 21:48:42,0.0
VCLB_20260402.csv,2026-03-26 21:51:42,0.0
VCLB_20260402.csv,2026-03-26 21:54:42,0.0
VCLB_20260402.csv,2026-03-26 21:57:42,0.0
VCLB_20260402.csv,2026-03-26 22:00:43,0.0
VCLB_20260402.csv,2026-03-26 22:03:42,0.0
VCLB_20260402.csv,2026-03-26 22:06:42,0.0
VCLB_20260402.csv,2026-03-26 22:09:42,0.0
VCLB_20260402.csv,2026-03-26 22:12:42,0.0
VCLB_20260402.csv,2026-03-26 22:15:43,0.0
VCLB_20260402.csv,2026-03-26 22:18:42,0.0
VCLB_20260402.csv,2026-03-26 22:21:42,0.0
VCLB_20260402.csv,2026-03-26 22:24:42,0.0
VCLB_20260402.csv,2026-03-26 22:27:42,0.0
VCLB_20260402.csv,2026-03-26 22:30:42,0.0
VCLB_20260402.csv,2026-03-26 22:33:42,0.0
VCLB_20260402.csv,2026-03-26 22:36:42,0.0
VCLB_20260402.csv,2026-03-26 22:39:42,0.0
VCLB_20260402.csv,2026-03-26 22:42:42,0.0
VCLB_20260402.csv,2026-03-26 22:45:42,0.0
VCLB_20260402.csv,2026-03-26 22:48:42,0.0
VCLB_20260402.csv,2026-03-26 22:51:42,0.0
VCLB_20260402.csv,2026-03-26 22:54:42,0.0
VCLB_20260402.csv,2026-03-26 22:57:42,0.0
VCLB_20260402.csv,2026-03-26 23:00:42,0.0
VCLB_20260402.csv,2026-03-26 23:03:42,0.0
VCLB_20260402.csv,2026-03-26 23:06:42,0.0
VCLB_20260402.csv,2026-03-26 23:09:42,0.0
VCLB_20260402.csv,2026-03-26 23:12:42,0.0
VCLB_20260402.csv,2026-03-26 23:15:42,0.0
VCLB_20260402.csv,2026-03-26 23:18:42,0.0
VCLB_20260402.csv,2026-03-26 23:21:42,0.0
VCLB_20260402.csv,2026-03-26 23:24:42,0.0
VCLB_20260402.csv,2026-03-26 23:27:42,0.0
VCLB_20260402.csv,2026-03-26 23:30:42,0.0
VCLB_20260402.csv,2026-03-26 23:33:42,0.0
VCLB_20260402.csv,2026-03-26 23:36:42,0.0
VCLB_20260402.csv,2026-03-26 23:39:42,0.0
VCLB_20260402.csv,2026-03-26 23:42:42,0.0
VCLB_20260402.csv,2026-03-26 23:45:42,0.0
VCLB_20260402.csv,2026-03-26 23:48:42,0.0
VCLB_20260402.csv,2026-03-26 23:51:42,0.0
VCLB_20260402.csv,2026-03-26 23:54:42,0.0
VCLB_20260402.csv,2026-03-26 23:57:42,0.0
VCLB_20260402.csv,2026-03-27 00:00:42,0.0
VCLB_20260402.csv,2026-03-27 00:03:42,0.0
VCLB_20260402.csv,2026-03-27 00:06:42,0.0
VCLB_20260402.csv,2026-03-27 00:09:42,0.0
VCLB_20260402.csv,2026-03-27 00:12:42,0.0
VCLB_20260402.csv,2026-03-27 00:15:42,0.0
VCLB_20260402.csv,2026-03-27 00:18:42,0.0
VCLB_20260402.csv,2026-03-27 00:21:42,0.0
VCLB_20260402.csv,2026-03-27 00:24:42,0.0
VCLB_20260402.csv,2026-03-27 00:27:42,0.0
VCLB_20260402.csv,2026-03-27 00:30:42,0.0
VCLB_20260402.csv,2026-03-27 00:33:42,0.0
VCLB_20260402.csv,2026-03-27 00:36:42,0.0
VCLB_20260402.csv,2026-03-27 00:39:42,0.0
VCLB_20260402.csv,2026-03-27 00:42:42,0.0
VCLB_20260402.csv,2026-03-27 00:45:42,0.0
VCLB_20260402.csv,2026-03-27 00:48:42,0.0
VCLB_20260402.csv,2026-03-27 00:51:42,0.0
VCLB_20260402.csv,2026-03-27 00:54:42,0.0
VCLB_20260402.csv,2026-03-27 00:57:42,0.0
VCLB_20260402.csv,2026-03-27 01:00:42,0.0
VCLB_20260402.csv,2026-03-27 01:03:42,0.0
VCLB_20260402.csv,2026-03-27 01:06:42,0.0
VCLB_20260402.csv,2026-03-27 01:09:42,0.0
VCLB_20260402.csv,2026-03-27 01:12:42,0.0
VCLB_20260402.csv,2026-03-27 01:15:42,0.0
VCLB_20260402.csv,2026-03-27 01:18:42,0.0
VCLB_20260402.csv,2026-03-27 01:21:42,0.0
VCLB_20260402.csv,2026-03-27 01:24:42,0.0
VCLB_20260402.csv,2026-03-27 01:27:42,0.0
VCLB_20260402.csv,2026-03-27 01:30:42,0.0
VCLB_20260402.csv,2026-03-27 01:33:42,0.0
VCLB_20260402.csv,2026-03-27 01:36:42,0.0
VCLB_20260402.csv,2026-03-27 01:39:42,0.0
VCLB_20260402.csv,2026-03-27 01:42:42,0.0
VCLB_20260402.csv,2026-03-27 01:45:42,0.0
VCLB_20260402.csv,2026-03-27 01:48:42,0.0
VCLB_20260402.csv,2026-03-27 01:51:42,0.0
VCLB_20260402.csv,2026-03-27 01:54:42,0.0
VCLB_20260402.csv,2026-03-27 01:57:42,0.0
VCLB_20260402.csv,2026-03-27 02:00:42,0.0
VCLB_20260402.csv,2026-03-27 02:03:42,0.0
VCLB_20260402.csv,2026-03-27 02:06:42,0.0
VCLB_20260402.csv,2026-03-27 02:09:42,0.0
VCLB_20260402.csv,2026-03-27 02:12:42,0.0
VCLB_20260402.csv,2026-03-27 02:15:42,0.0
VCLB_20260402.csv,2026-03-27 02:18:42,0.0
VCLB_20260402.csv,2026-03-27 02:21:42,0.0
VCLB_20260402.csv,2026-03-27 02:24:42,0.0
VCLB_20260402.csv,2026-03-27 02:27:42,0.0
VCLB_20260402.csv,2026-03-27 02:30:42,0.0
VCLB_20260402.csv,2026-03-27 02:33:42,0.0
VCLB_20260402.csv,2026-03-27 02:36:42,0.0
VCLB_20260402.csv,2026-03-27 02:39:42,0.0
VCLB_20260402.csv,2026-03-27 02:42:42,0.0
VCLB_20260402.csv,2026-03-27 02:45:42,0.0
VCLB_20260402.csv,2026-03-27 02:48:42,0.0
VCLB_20260402.csv,2026-03-27 02:51:42,0.0
VCLB_20260402.csv,2026-03-27 02:54:42,0.0
VCLB_20260402.csv,2026-03-27 02:57:42,0.0
VCLB_20260402.csv,2026-03-27 03:00:42,0.0
VCLB_20260402.csv,2026-03-27 03:03:42,0.0
VCLB_20260402.csv,2026-03-27 03:06:42,0.0
VCLB_20260402.csv,2026-03-27 03:09:42,0.0
VCLB_20260402.csv,2026-03-27 03:12:42,0.0
VCLB_20260402.csv,2026-03-27 03:15:42,0.0
VCLB_20260402.csv,2026-03-27 03:18:42,0.0
VCLB_20260402.csv,2026-03-27 03:21:42,0.0
VCLB_20260402.csv,2026-03-27 03:24:42,0.0
VCLB_20260402.csv,2026-03-27 03:27:42,0.0
VCLB_20260402.csv,2026-03-27 03:30:42,0.0
VCLB_20260402.csv,2026-03-27 03:33:42,0.0
VCLB_20260402.csv,2026-03-27 03:36:42,0.0
VCLB_20260402.csv,2026-03-27 03:39:42,0.0
VCLB_20260402.csv,2026-03-27 03:42:42,0.0
VCLB_20260402.csv,2026-03-27 03:45:42,0.0
VCLB_20260402.csv,2026-03-27 03:48:42,0.0
VCLB_20260402.csv,2026-03-27 03:51:42,0.0
VCLB_20260402.csv,2026-03-27 03:54:42,0.0
VCLB_20260402.csv,2026-03-27 03:57:42,0.0
VCLB_20260402.csv,2026-03-27 04:00:42,0.0
VCLB_20260402.csv,2026-03-27 04:03:42,0.0
VCLB_20260402.csv,2026-03-27 04:06:42,0.0
VCLB_20260402.csv,2026-03-27 04:09:42,0.0
VCLB_20260402.csv,2026-03-27 04:12:42,0.0
VCLB_20260402.csv,2026-03-27 04:15:42,0.0
VCLB_20260402.csv,2026-03-27 04:18:42,0.0
VCLB_20260402.csv,2026-03-27 04:21:42,0.0
VCLB_20260402.csv,2026-03-27 04:24:42,0.0
VCLB_20260402.csv,2026-03-27 04:27:42,0.0
VCLB_20260402.csv,2026-03-27 04:30:42,0.0
VCLB_20260402.csv,2026-03-27 04:33:42,0.0
VCLB_20260402.csv,2026-03-27 04:36:42,0.0
VCLB_20260402.csv,2026-03-27 04:39:42,0.0
VCLB_20260402.csv,2026-03-27 04:42:42,0.0
VCLB_20260402.csv,2026-03-27 04:45:42,0.0
VCLB_20260402.csv,2026-03-27 04:48:42,0.0
VCLB_20260402.csv,2026-03-27 04:51:42,0.0
VCLB_20260402.csv,2026-03-27 04:54:42,0.0
VCLB_20260402.csv,2026-03-27 04:57:42,0.0
VCLB_20260402.csv,2026-03-27 05:00:42,0.0
VCLB_20260402.csv,2026-03-27 05:03:42,0.0
VCLB_20260402.csv,2026-03-27 05:06:42,0.0
VCLB_20260402.csv,2026-03-27 05:09:42,0.0
VCLB_20260402.csv,2026-03-27 05:12:42,0.0
VCLB_20260402.csv,2026-03-27 05:15:42,0.0
VCLB_20260402.csv,2026-03-27 05:18:42,0.0
VCLB_20260402.csv,2026-03-27 05:21:42,0.0
VCLB_20260402.csv,2026-03-27 05:24:42,0.0
VCLB_20260402.csv,2026-03-27 05:27:42,0.0
VCLB_20260402.csv,2026-03-27 05:30:42,0.0
VCLB_20260402.csv,2026-03-27 05:33:42,0.0
VCLB_20260402.csv,2026-03-27 05:36:42,0.0
VCLB_20260402.csv,2026-03-27 05:39:42,0.0
VCLB_20260402.csv,2026-03-27 05:42:42,0.0
VCLB_20260402.csv,2026-03-27 05:45:42,0.0
VCLB_20260402.csv,2026-03-27 05:48:42,0.0
VCLB_20260402.csv,2026-03-27 05:51:42,0.0
VCLB_20260402.csv,2026-03-27 05:54:42,0.0
VCLB_20260402.csv,2026-03-27 05:57:42,0.0
VCLB_20260402.csv,2026-03-27 06:00:42,0.0
VCLB_20260402.csv,2026-03-27 06:03:42,0.0
VCLB_20260402.csv,2026-03-27 06:06:42,0.0
VCLB_20260402.csv,2026-03-27 06:09:42,0.0
VCLB_20260402.csv,2026-03-27 06:12:42,0.0
VCLB_20260402.csv,2026-03-27 06:18:42,0.0
VCLB_20260402.csv,2026-03-27 06:21:42,0.0
VCLB_20260402.csv,2026-03-27 06:24:42,0.0
VCLB_20260402.csv,2026-03-27 06:27:42,0.0
VCLB_20260402.csv,2026-03-27 06:30:42,0.0
VCLB_20260402.csv,2026-03-27 06:33:42,0.0
VCLB_20260402.csv,2026-03-27 06:36:42,0.0
VCLB_20260402.csv,2026-03-27 06:39:42,0.0
VCLB_20260402.csv,2026-03-27 06:42:42,0.0
VCLB_20260402.csv,2026-03-27 06:45:42,0.0
VCLB_20260402.csv,2026-03-27 06:48:42,0.0
VCLB_20260402.csv,2026-03-27 06:51:42,0.0
VCLB_20260402.csv,2026-03-27 06:54:42,0.0
VCLB_20260402.csv,2026-03-27 06:57:42,0.0
VCLB_20260402.csv,2026-03-27 07:00:42,0.0
VCLB_20260402.csv,2026-03-27 07:06:42,0.0
VCLB_20260402.csv,2026-03-27 07:09:42,0.0
VCLB_20260402.csv,2026-03-27 07:12:42,0.0
VCLB_20260402.csv,2026-03-27 07:15:42,0.0
VCLB_20260402.csv,2026-03-27 07:18:42,0.0
VCLB_20260402.csv,2026-03-27 07:21:42,0.0
VCLB_20260402.csv,2026-03-27 07:24:42,0.0
VCLB_20260402.csv,2026-03-27 07:27:42,0.0
VCLB_20260402.csv,2026-03-27 07:30:42,0.0
VCLB_20260402.csv,2026-03-27 07:36:42,0.0
VCLB_20260402.csv,2026-03-27 07:39:42,0.0
VCLB_20260402.csv,2026-03-27 07:42:42,0.0
VCLB_20260402.csv,2026-03-27 07:45:42,0.0
VCLB_20260402.csv,2026-03-27 07:48:42,0.0
VCLB_20260402.csv,2026-03-27 07:51:42,0.0
VCLB_20260402.csv,2026-03-27 07:54:42,0.0
VCLB_20260402.csv,2026-03-27 07:57:42,0.0
VCLB_20260402.csv,2026-03-27 08:00:42,0.0
VCLB_20260402.csv,2026-03-27 08:03:42,0.0
VCLB_20260402.csv,2026-03-27 08:06:42,0.0
VCLB_20260402.csv,2026-03-27 08:09:42,0.0
VCLB_20260402.csv,2026-03-27 08:12:42,0.0
VCLB_20260402.csv,2026-03-27 08:15:42,0.0
VCLB_20260402.csv,2026-03-27 08:18:42,0.0
VCLB_20260402.csv,2026-03-27 08:21:42,0.01
VCLB_20260402.csv,2026-03-27 08:24:42,0.0
VCLB_20260402.csv,2026-03-27 08:27:42,0.0
VCLB_20260402.csv,2026-03-27 08:30:42,0.0
VCLB_20260402.csv,2026-03-27 08:33:42,0.0
VCLB_20260402.csv,2026-03-27 08:36:42,0.0
VCLB_20260402.csv,2026-03-27 08:39:42,0.0
VCLB_20260402.csv,2026-03-27 08:42:42,0.0
VCLB_20260402.csv,2026-03-27 08:45:42,0.0
VCLB_20260402.csv,2026-03-27 08:48:42,0.0
VCLB_20260402.csv,2026-03-27 08:51:42,0.0
VCLB_20260402.csv,2026-03-27 08:54:42,0.0
VCLB_20260402.csv,2026-03-27 08:57:42,0.0
VCLB_20260402.csv,2026-03-27 09:00:42,0.0
VCLB_20260402.csv,2026-03-27 09:03:42,0.0
VCLB_20260402.csv,2026-03-27 09:06:42,0.0
VCLB_20260402.csv,2026-03-27 09:09:42,0.0
VCLB_20260402.csv,2026-03-27 09:12:42,0.0
VCLB_20260402.csv,2026-03-27 09:15:42,0.0
VCLB_20260402.csv,2026-03-27 09:18:42,0.0
VCLB_20260402.csv,2026-03-27 09:21:42,0.0
VCLB_20260402.csv,2026-03-27 09:24:42,0.0
VCLB_20260402.csv,2026-03-27 09:27:42,0.0
VCLB_20260402.csv,2026-03-27 09:30:42,0.0
VCLB_20260402.csv,2026-03-27 09:33:42,0.0
VCLB_20260402.csv,2026-03-27 09:36:42,0.0
VCLB_20260402.csv,2026-03-27 09:39:42,0.0
VCLB_20260402.csv,2026-03-27 09:42:42,0.0
VCLB_20260402.csv,2026-03-27 09:45:42,0.0
VCLB_20260402.csv,2026-03-27 09:48:42,0.0
VCLB_20260402.csv,2026-03-27 09:51:42,0.0
VCLB_20260402.csv,2026-03-27 09:54:42,0.0
VCLB_20260402.csv,2026-03-27 09:57:42,0.0
VCLB_20260402.csv,2026-03-27 10:00:42,0.0
VCLB_20260402.csv,2026-03-27 10:03:42,0.0
VCLB_20260402.csv,2026-03-27 10:06:42,0.0
VCLB_20260402.csv,2026-03-27 10:09:42,0.0
VCLB_20260402.csv,2026-03-27 10:12:42,0.0
VCLB_20260402.csv,2026-03-27 10:15:42,0.0
VCLB_20260402.csv,2026-03-27 10:18:42,0.0
VCLB_20260402.csv,2026-03-27 10:21:42,0.0
VCLB_20260402.csv,2026-03-27 10:24:42,0.0
VCLB_20260402.csv,2026-03-27 10:27:42,0.0
VCLB_20260402.csv,2026-03-27 10:30:42,0.0
VCLB_20260402.csv,2026-03-27 10:33:42,0.0
VCLB_20260402.csv,2026-03-27 10:36:42,0.0
VCLB_20260402.csv,2026-03-27 10:39:42,0.0
VCLB_20260402.csv,2026-03-27 10:42:42,0.0
VCLB_20260402.csv,2026-03-27 10:45:42,0.0
VCLB_20260402.csv,2026-03-27 10:48:42,0.0
VCLB_20260402.csv,2026-03-27 10:51:42,0.0
VCLB_20260402.csv,2026-03-27 10:54:42,0.0
VCLB_20260402.csv,2026-03-27 10:57:42,0.0
VCLB_20260402.csv,2026-03-27 11:00:42,0.0
VCLB_20260402.csv,2026-03-27 11:03:42,0.0
VCLB_20260402.csv,2026-03-27 11:06:42,0.0
VCLB_20260402.csv,2026-03-27 11:09:42,0.0
VCLB_20260402.csv,2026-03-27 11:12:42,0.0
VCLB_20260402.csv,2026-03-27 11:15:42,0.0
VCLB_20260402.csv,2026-03-27 11:18:42,0.0
VCLB_20260402.csv,2026-03-27 11:21:42,0.0
VCLB_20260402.csv,2026-03-27 11:24:42,0.0
VCLB_20260402.csv,2026-03-27 11:27:42,0.0
VCLB_20260402.csv,2026-03-27 11:30:42,0.0
VCLB_20260402.csv,2026-03-27 11:33:42,0.0
VCLB_20260402.csv,2026-03-27 11:36:42,0.0
VCLB_20260402.csv,2026-03-27 11:39:42,0.0
VCLB_20260402.csv,2026-03-27 11:42:42,0.0
VCLB_20260402.csv,2026-03-27 11:45:42,0.0
VCLB_20260402.csv,2026-03-27 11:48:42,0.0
VCLB_20260402.csv,2026-03-27 11:51:42,0.0
VCLB_20260402.csv,2026-03-27 11:54:42,0.0
VCLB_20260402.csv,2026-03-27 11:57:42,0.0
VCLB_20260402.csv,2026-03-27 12:00:42,0.0
VCLB_20260402.csv,2026-03-27 12:03:42,0.0
VCLB_20260402.csv,2026-03-27 12:06:42,0.0
VCLB_20260402.csv,2026-03-27 12:09:42,0.0
VCLB_20260402.csv,2026-03-27 12:12:42,0.0
VCLB_20260402.csv,2026-03-27 12:15:42,0.0
VCLB_20260402.csv,2026-03-27 12:18:42,0.0
VCLB_20260402.csv,2026-03-27 12:21:42,0.0
VCLB_20260402.csv,2026-03-27 12:24:42,0.0
VCLB_20260402.csv,2026-03-27 12:27:42,0.0
VCLB_20260402.csv,2026-03-27 12:30:42,0.0
VCLB_20260402.csv,2026-03-27 12:33:42,0.0
VCLB_20260402.csv,2026-03-27 12:36:42,0.0
VCLB_20260402.csv,2026-03-27 12:39:42,0.0
VCLB_20260402.csv,2026-03-27 12:42:42,0.0
VCLB_20260402.csv,2026-03-27 12:45:42,0.0
VCLB_20260402.csv,2026-03-27 12:48:42,0.0
VCLB_20260402.csv,2026-03-27 12:51:42,0.0
VCLB_20260402.csv,2026-03-27 12:54:42,0.0
VCLB_20260402.csv,2026-03-27 12:57:42,0.0
VCLB_20260402.csv,2026-03-27 13:00:42,0.0
VCLB_20260402.csv,2026-03-27 13:03:42,0.0
VCLB_20260402.csv,2026-03-27 13:06:42,0.0
VCLB_20260402.csv,2026-03-27 13:09:42,0.0
VCLB_20260402.csv,2026-03-27 13:12:42,0.0
VCLB_20260402.csv,2026-03-27 13:15:42,0.0
VCLB_20260402.csv,2026-03-27 13:18:42,0.0
VCLB_20260402.csv,2026-03-27 13:21:42,0.0
VCLB_20260402.csv,2026-03-27 13:24:42,0.0
VCLB_20260402.csv,2026-03-27 13:27:42,0.0
VCLB_20260402.csv,2026-03-27 13:30:42,0.0
VCLB_20260402.csv,2026-03-27 13:33:42,0.0
VCLB_20260402.csv,2026-03-27 13:36:42,0.0
VCLB_20260402.csv,2026-03-27 13:45:42,0.0
VCLB_20260402.csv,2026-03-27 13:48:42,0.0
VCLB_20260402.csv,2026-03-27 13:51:42,0.0
VCLB_20260402.csv,2026-03-27 13:54:42,0.0
VCLB_20260402.csv,2026-03-27 13:57:42,0.0
VCLB_20260402.csv,2026-03-27 14:03:42,0.0
VCLB_20260402.csv,2026-03-27 14:06:42,0.0
VCLB_20260402.csv,2026-03-27 14:09:42,0.0
VCLB_20260402.csv,2026-03-27 14:12:48,0.0
VCLB_20260402.csv,2026-03-27 14:15:42,0.0
VCLB_20260402.csv,2026-03-27 14:18:42,0.0
VCLB_20260402.csv,2026-03-27 14:21:42,0.0
VCLB_20260402.csv,2026-03-27 14:24:42,0.0
VCLB_20260402.csv,2026-03-27 14:27:42,0.0
VCLB_20260402.csv,2026-03-27 14:30:42,0.0
VCLB_20260402.csv,2026-03-27 14:33:42,0.0
VCLB_20260402.csv,2026-03-27 14:36:42,0.0
VCLB_20260402.csv,2026-03-27 14:39:42,0.0
VCLB_20260402.csv,2026-03-27 14:42:42,0.0
VCLB_20260402.csv,2026-03-27 14:45:42,0.0
VCLB_20260402.csv,2026-03-27 14:48:42,0.0
VCLB_20260402.csv,2026-03-27 14:51:42,0.0
VCLB_20260402.csv,2026-03-27 14:54:42,0.0
VCLB_20260402.csv,2026-03-27 15:00:42,0.0
VCLB_20260402.csv,2026-03-27 15:03:42,0.0
VCLB_20260402.csv,2026-03-27 15:06:42,0.0
VCLB_20260402.csv,2026-03-27 15:09:42,0.0
VCLB_20260402.csv,2026-03-27 15:12:42,0.01
VCLB_20260402.csv,2026-03-27 15:15:42,0.0
VCLB_20260402.csv,2026-03-27 15:18:42,0.0
VCLB_20260402.csv,2026-03-27 15:21:42,0.0
VCLB_20260402.csv,2026-03-27 15:24:42,0.0
VCLB_20260402.csv,2026-03-27 15:27:42,0.0
VCLB_20260402.csv,2026-03-27 15:30:42,0.0
VCLB_20260402.csv,2026-03-27 15:33:42,0.0
VCLB_20260402.csv,2026-03-27 15:36:42,0.0
VCLB_20260402.csv,2026-03-27 15:39:42,0.0
VCLB_20260402.csv,2026-03-27 15:42:42,0.0
VCLB_20260402.csv,2026-03-27 15:45:42,0.0
VCLB_20260402.csv,2026-03-27 15:48:42,0.0
VCLB_20260402.csv,2026-03-27 15:51:42,0.0
VCLB_20260402.csv,2026-03-27 15:54:42,0.0
VCLB_20260402.csv,2026-03-27 15:57:42,0.0
VCLB_20260402.csv,2026-03-27 16:00:42,0.0
VCLB_20260402.csv,2026-03-27 16:03:42,0.0
VCLB_20260402.csv,2026-03-27 16:06:42,0.0
VCLB_20260402.csv,2026-03-27 16:09:42,0.0
VCLB_20260402.csv,2026-03-27 16:12:42,0.0
VCLB_20260402.csv,2026-03-27 16:15:42,0.0
VCLB_20260402.csv,2026-03-27 16:18:42,0.0
VCLB_20260402.csv,2026-03-27 16:21:42,0.0
VCLB_20260402.csv,2026-03-27 16:24:42,0.0
VCLB_20260402.csv,2026-03-27 16:27:42,0.0
VCLB_20260402.csv,2026-03-27 16:30:42,0.0
VCLB_20260402.csv,2026-03-27 16:33:42,0.0
VCLB_20260402.csv,2026-03-27 16:36:42,0.0
VCLB_20260402.csv,2026-03-27 16:39:42,0.0
VCLB_20260402.csv,2026-03-27 16:42:42,0.0
VCLB_20260402.csv,2026-03-27 16:45:42,0.0
VCLB_20260402.csv,2026-03-27 16:48:42,0.0
VCLB_20260402.csv,2026-03-27 16:51:42,0.0
VCLB_20260402.csv,2026-03-27 16:54:42,0.0
VCLB_20260402.csv,2026-03-27 16:57:42,0.0
VCLB_20260402.csv,2026-03-27 17:00:42,0.0
VCLB_20260402.csv,2026-03-27 17:03:42,0.0
VCLB_20260402.csv,2026-03-27 17:06:42,0.0
VCLB_20260402.csv,2026-03-27 17:09:42,0.0
VCLB_20260402.csv,2026-03-27 17:12:42,0.0
VCLB_20260402.csv,2026-03-27 17:15:42,0.0
VCLB_20260402.csv,2026-03-27 17:18:42,0.0
VCLB_20260402.csv,2026-03-27 17:21:42,0.0
VCLB_20260402.csv,2026-03-27 17:24:42,0.0
VCLB_20260402.csv,2026-03-27 17:27:42,0.0
VCLB_20260402.csv,2026-03-27 17:30:42,0.0
VCLB_20260402.csv,2026-03-27 17:33:42,0.0
VCLB_20260402.csv,2026-03-27 17:36:42,0.0
VCLB_20260402.csv,2026-03-27 17:39:42,0.0
VCLB_20260402.csv,2026-03-27 17:42:42,0.0
VCLB_20260402.csv,2026-03-27 17:45:42,0.0
VCLB_20260402.csv,2026-03-27 17:48:42,0.0
VCLB_20260402.csv,2026-03-27 17:51:42,0.0
VCLB_20260402.csv,2026-03-27 17:54:42,0.0
VCLB_20260402.csv,2026-03-27 17:57:42,0.0
VCLB_20260402.csv,2026-03-27 18:00:42,0.0
VCLB_20260402.csv,2026-03-27 18:03:42,0.0
VCLB_20260402.csv,2026-03-27 18:06:42,0.0
VCLB_20260402.csv,2026-03-27 18:09:42,0.0
VCLB_20260402.csv,2026-03-27 18:12:42,0.0
VCLB_20260402.csv,2026-03-27 18:15:42,0.0
VCLB_20260402.csv,2026-03-27 18:18:42,0.0
VCLB_20260402.csv,2026-03-27 18:24:42,0.0
VCLB_20260402.csv,2026-03-27 18:27:42,0.0
VCLB_20260402.csv,2026-03-27 18:30:42,0.0
VCLB_20260402.csv,2026-03-27 18:33:42,0.0
VCLB_20260402.csv,2026-03-27 18:36:42,0.0
VCLB_20260402.csv,2026-03-27 18:39:42,0.0
VCLB_20260402.csv,2026-03-27 18:42:42,0.0
VCLB_20260402.csv,2026-03-27 18:45:42,0.0
VCLB_20260402.csv,2026-03-27 18:48:42,0.0
VCLB_20260402.csv,2026-03-27 18:51:42,0.0
VCLB_20260402.csv,2026-03-27 18:54:42,0.0
VCLB_20260402.csv,2026-03-27 18:57:42,0.0
VCLB_20260402.csv,2026-03-27 19:00:42,0.0
VCLB_20260402.csv,2026-03-27 19:03:42,0.0
VCLB_20260402.csv,2026-03-27 19:06:42,0.0
VCLB_20260402.csv,2026-03-27 19:09:42,0.0
VCLB_20260402.csv,2026-03-27 19:12:42,0.0
VCLB_20260402.csv,2026-03-27 19:15:42,0.0
VCLB_20260402.csv,2026-03-27 19:18:42,0.0
VCLB_20260402.csv,2026-03-27 19:21:42,0.0
VCLB_20260402.csv,2026-03-27 19:24:42,0.0
VCLB_20260402.csv,2026-03-27 19:27:42,0.0
VCLB_20260402.csv,2026-03-27 19:30:42,0.0
VCLB_20260402.csv,2026-03-27 19:33:42,0.0
VCLB_20260402.csv,2026-03-27 19:36:42,0.0
VCLB_20260402.csv,2026-03-27 19:39:42,0.0
VCLB_20260402.csv,2026-03-27 19:42:42,0.0
VCLB_20260402.csv,2026-03-27 19:45:42,0.0
VCLB_20260402.csv,2026-03-27 19:48:42,0.0
VCLB_20260402.csv,2026-03-27 19:51:42,0.0
VCLB_20260402.csv,2026-03-27 19:54:42,0.0
VCLB_20260402.csv,2026-03-27 19:57:42,0.0
VCLB_20260402.csv,2026-03-27 20:00:42,0.0
VCLB_20260402.csv,2026-03-27 20:03:42,0.0
VCLB_20260402.csv,2026-03-27 20:06:42,0.0
VCLB_20260402.csv,2026-03-27 20:09:42,0.0
VCLB_20260402.csv,2026-03-27 20:12:42,0.0
VCLB_20260402.csv,2026-03-27 20:15:42,0.0
VCLB_20260402.csv,2026-03-27 20:18:42,0.0
VCLB_20260402.csv,2026-03-27 20:21:42,0.0
VCLB_20260402.csv,2026-03-27 20:24:42,0.0
VCLB_20260402.csv,2026-03-27 20:27:42,0.0
VCLB_20260402.csv,2026-03-27 20:30:42,0.0
VCLB_20260402.csv,2026-03-27 20:33:42,0.0
VCLB_20260402.csv,2026-03-27 20:36:42,0.0
VCLB_20260402.csv,2026-03-27 20:39:42,0.0
VCLB_20260402.csv,2026-03-27 20:42:42,0.0
VCLB_20260402.csv,2026-03-27 20:45:42,0.0
VCLB_20260402.csv,2026-03-27 20:48:42,0.0
VCLB_20260402.csv,2026-03-27 20:51:42,0.0
VCLB_20260402.csv,2026-03-27 20:54:42,0.0
VCLB_20260402.csv,2026-03-27 20:57:42,0.0
VCLB_20260402.csv,2026-03-27 21:00:42,0.0
VCLB_20260402.csv,2026-03-27 21:03:42,0.0
VCLB_20260402.csv,2026-03-27 21:06:42,0.0
VCLB_20260402.csv,2026-03-27 21:09:42,0.0
VCLB_20260402.csv,2026-03-27 21:12:42,0.0
VCLB_20260402.csv,2026-03-27 21:15:42,0.0
VCLB_20260402.csv,2026-03-27 21:18:42,0.0
VCLB_20260402.csv,2026-03-27 21:21:42,0.0
VCLB_20260402.csv,2026-03-27 21:27:42,0.0
VCLB_20260402.csv,2026-03-27 21:30:42,0.0
VCLB_20260402.csv,2026-03-27 21:33:42,0.0
VCLB_20260402.csv,2026-03-27 21:36:42,0.0
VCLB_20260402.csv,2026-03-27 21:39:42,0.0
VCLB_20260402.csv,2026-03-27 21:42:42,0.0
VCLB_20260402.csv,2026-03-27 21:45:42,0.0
VCLB_20260402.csv,2026-03-27 21:48:42,0.0
VCLB_20260402.csv,2026-03-27 21:51:42,0.0
VCLB_20260402.csv,2026-03-27 21:54:42,0.0
VCLB_20260402.csv,2026-03-27 21:57:42,0.0
VCLB_20260402.csv,2026-03-27 22:00:42,0.0
VCLB_20260402.csv,2026-03-27 22:03:42,0.0
VCLB_20260402.csv,2026-03-27 22:06:42,0.0
VCLB_20260402.csv,2026-03-27 22:09:42,0.0
VCLB_20260402.csv,2026-03-27 22:12:42,0.0
VCLB_20260402.csv,2026-03-27 22:15:42,0.0
VCLB_20260402.csv,2026-03-27 22:18:42,0.0
VCLB_20260402.csv,2026-03-27 22:21:42,0.0
VCLB_20260402.csv,2026-03-27 22:24:42,0.0
VCLB_20260402.csv,2026-03-27 22:27:42,0.0
VCLB_20260402.csv,2026-03-27 22:30:42,0.0
VCLB_20260402.csv,2026-03-27 22:33:42,0.0
VCLB_20260402.csv,2026-03-27 22:36:42,0.0
VCLB_20260402.csv,2026-03-27 22:39:42,0.0
VCLB_20260402.csv,2026-03-27 22:42:42,0.0
VCLB_20260402.csv,2026-03-27 22:45:42,0.0
VCLB_20260402.csv,2026-03-27 22:48:42,0.0
VCLB_20260402.csv,2026-03-27 22:51:42,0.0
VCLB_20260402.csv,2026-03-27 22:54:42,0.0
VCLB_20260402.csv,2026-03-27 22:57:42,0.0
VCLB_20260402.csv,2026-03-27 23:00:42,0.0
VCLB_20260402.csv,2026-03-27 23:03:42,0.0
VCLB_20260402.csv,2026-03-27 23:06:42,0.0
VCLB_20260402.csv,2026-03-27 23:09:42,0.0
VCLB_20260402.csv,2026-03-27 23:12:42,0.0
VCLB_20260402.csv,2026-03-27 23:15:42,0.0
VCLB_20260402.csv,2026-03-27 23:18:42,0.0
VCLB_20260402.csv,2026-03-27 23:21:42,0.0
VCLB_20260402.csv,2026-03-27 23:24:42,0.0
VCLB_20260402.csv,2026-03-27 23:27:42,0.0
VCLB_20260402.csv,2026-03-27 23:30:42,0.0
VCLB_20260402.csv,2026-03-27 23:33:42,0.0
VCLB_20260402.csv,2026-03-27 23:36:42,0.0
VCLB_20260402.csv,2026-03-27 23:39:42,0.0
VCLB_20260402.csv,2026-03-27 23:42:42,0.0
VCLB_20260402.csv,2026-03-27 23:45:42,0.0
VCLB_20260402.csv,2026-03-27 23:48:42,0.0
VCLB_20260402.csv,2026-03-27 23:51:42,0.0
VCLB_20260402.csv,2026-03-27 23:54:42,0.0
VCLB_20260402.csv,2026-03-27 23:57:42,0.0
VCLB_20260402.csv,2026-03-28 00:00:42,0.0
VCLB_20260402.csv,2026-03-28 00:03:42,0.0
VCLB_20260402.csv,2026-03-28 00:06:42,0.0
VCLB_20260402.csv,2026-03-28 00:09:42,0.0
VCLB_20260402.csv,2026-03-28 00:12:42,0.0
VCLB_20260402.csv,2026-03-28 00:15:42,0.0
VCLB_20260402.csv,2026-03-28 00:18:42,0.0
VCLB_20260402.csv,2026-03-28 00:21:42,0.0
VCLB_20260402.csv,2026-03-28 00:24:42,0.0
VCLB_20260402.csv,2026-03-28 00:27:42,0.0
VCLB_20260402.csv,2026-03-28 00:30:42,0.0
VCLB_20260402.csv,2026-03-28 00:33:42,0.0
VCLB_20260402.csv,2026-03-28 00:36:42,0.0
VCLB_20260402.csv,2026-03-28 00:39:42,0.0
VCLB_20260402.csv,2026-03-28 00:42:42,0.0
VCLB_20260402.csv,2026-03-28 00:45:42,0.0
VCLB_20260402.csv,2026-03-28 00:48:42,0.0
VCLB_20260402.csv,2026-03-28 00:51:42,0.0
VCLB_20260402.csv,2026-03-28 00:54:42,0.0
VCLB_20260402.csv,2026-03-28 00:57:42,0.0
VCLB_20260402.csv,2026-03-28 01:00:42,0.0
VCLB_20260402.csv,2026-03-28 01:03:42,0.0
VCLB_20260402.csv,2026-03-28 01:06:42,0.0
VCLB_20260402.csv,2026-03-28 01:09:42,0.0
VCLB_20260402.csv,2026-03-28 01:12:42,0.0
VCLB_20260402.csv,2026-03-28 01:15:42,0.0
VCLB_20260402.csv,2026-03-28 01:18:42,0.0
VCLB_20260402.csv,2026-03-28 01:21:42,0.0
VCLB_20260402.csv,2026-03-28 01:24:42,0.0
VCLB_20260402.csv,2026-03-28 01:27:42,0.0
VCLB_20260402.csv,2026-03-28 01:30:42,0.0
VCLB_20260402.csv,2026-03-28 01:33:42,0.0
VCLB_20260402.csv,2026-03-28 01:36:42,0.0
VCLB_20260402.csv,2026-03-28 01:39:42,0.0
VCLB_20260402.csv,2026-03-28 01:42:42,0.0
VCLB_20260402.csv,2026-03-28 01:45:42,0.0
VCLB_20260402.csv,2026-03-28 01:48:42,0.0
VCLB_20260402.csv,2026-03-28 01:51:42,0.0
VCLB_20260402.csv,2026-03-28 01:54:42,0.0
VCLB_20260402.csv,2026-03-28 01:57:42,0.0
VCLB_20260402.csv,2026-03-28 02:00:42,0.0
VCLB_20260402.csv,2026-03-28 02:03:42,0.0
VCLB_20260402.csv,2026-03-28 02:06:42,0.0
VCLB_20260402.csv,2026-03-28 02:09:42,0.0
VCLB_20260402.csv,2026-03-28 02:12:42,0.0
VCLB_20260402.csv,2026-03-28 02:15:42,0.0
VCLB_20260402.csv,2026-03-28 02:18:42,0.0
VCLB_20260402.csv,2026-03-28 02:21:42,0.0
VCLB_20260402.csv,2026-03-28 02:24:42,0.0
VCLB_20260402.csv,2026-03-28 02:27:42,0.0
VCLB_20260402.csv,2026-03-28 02:30:42,0.0
VCLB_20260402.csv,2026-03-28 02:33:42,0.0
VCLB_20260402.csv,2026-03-28 02:36:42,0.0
VCLB_20260402.csv,2026-03-28 02:39:42,0.0
VCLB_20260402.csv,2026-03-28 02:42:42,0.0
VCLB_20260402.csv,2026-03-28 02:45:42,0.0
VCLB_20260402.csv,2026-03-28 02:48:42,0.0
VCLB_20260402.csv,2026-03-28 02:51:42,0.0
VCLB_20260402.csv,2026-03-28 02:54:42,0.0
VCLB_20260402.csv,2026-03-28 02:57:42,0.0
VCLB_20260402.csv,2026-03-28 03:00:42,0.0
VCLB_20260402.csv,2026-03-28 03:03:42,0.0
VCLB_20260402.csv,2026-03-28 03:06:42,0.0
VCLB_20260402.csv,2026-03-28 03:09:42,0.0
VCLB_20260402.csv,2026-03-28 03:12:42,0.0
VCLB_20260402.csv,2026-03-28 03:15:42,0.0
VCLB_20260402.csv,2026-03-28 03:18:42,0.0
VCLB_20260402.csv,2026-03-28 03:21:42,0.0
VCLB_20260402.csv,2026-03-28 03:27:42,0.0
VCLB_20260402.csv,2026-03-28 03:30:42,0.0
VCLB_20260402.csv,2026-03-28 03:33:42,0.0
VCLB_20260402.csv,2026-03-28 03:36:42,0.0
VCLB_20260402.csv,2026-03-28 03:39:42,0.0
VCLB_20260402.csv,2026-03-28 03:42:42,0.0
VCLB_20260402.csv,2026-03-28 03:45:42,0.0
VCLB_20260402.csv,2026-03-28 03:48:42,0.0
VCLB_20260402.csv,2026-03-28 03:51:42,0.0
VCLB_20260402.csv,2026-03-28 03:54:42,0.0
VCLB_20260402.csv,2026-03-28 03:57:42,0.0
VCLB_20260402.csv,2026-03-28 04:00:42,0.0
VCLB_20260402.csv,2026-03-28 04:03:42,0.0
VCLB_20260402.csv,2026-03-28 04:06:42,0.0
VCLB_20260402.csv,2026-03-28 04:09:42,0.0
VCLB_20260402.csv,2026-03-28 04:12:42,0.0
VCLB_20260402.csv,2026-03-28 04:18:42,0.0
VCLB_20260402.csv,2026-03-28 04:21:42,0.0
VCLB_20260402.csv,2026-03-28 04:24:42,0.0
VCLB_20260402.csv,2026-03-28 04:27:42,0.0
VCLB_20260402.csv,2026-03-28 04:30:42,0.0
VCLB_20260402.csv,2026-03-28 04:33:42,0.0
VCLB_20260402.csv,2026-03-28 04:36:42,0.0
VCLB_20260402.csv,2026-03-28 04:39:42,0.0
VCLB_20260402.csv,2026-03-28 04:42:42,0.0
VCLB_20260402.csv,2026-03-28 04:45:42,0.0
VCLB_20260402.csv,2026-03-28 04:48:42,0.0
VCLB_20260402.csv,2026-03-28 04:51:42,0.0
VCLB_20260402.csv,2026-03-28 04:54:42,0.0
VCLB_20260402.csv,2026-03-28 04:57:42,0.0
VCLB_20260402.csv,2026-03-28 05:00:42,0.0
VCLB_20260402.csv,2026-03-28 05:03:42,0.0
VCLB_20260402.csv,2026-03-28 05:06:42,0.0
VCLB_20260402.csv,2026-03-28 05:09:42,0.0
VCLB_20260402.csv,2026-03-28 05:12:42,0.0
VCLB_20260402.csv,2026-03-28 05:15:42,0.0
VCLB_20260402.csv,2026-03-28 05:21:42,0.0
VCLB_20260402.csv,2026-03-28 05:24:42,0.0
VCLB_20260402.csv,2026-03-28 05:27:42,0.0
VCLB_20260402.csv,2026-03-28 05:30:42,0.0
VCLB_20260402.csv,2026-03-28 05:33:42,0.0
VCLB_20260402.csv,2026-03-28 05:36:42,0.0
VCLB_20260402.csv,2026-03-28 05:39:42,0.0
VCLB_20260402.csv,2026-03-28 05:42:42,0.0
VCLB_20260402.csv,2026-03-28 05:45:42,0.0
VCLB_20260402.csv,2026-03-28 05:48:42,0.0
VCLB_20260402.csv,2026-03-28 05:51:42,0.0
VCLB_20260402.csv,2026-03-28 05:54:42,0.0
VCLB_20260402.csv,2026-03-28 05:57:42,0.0
VCLB_20260402.csv,2026-03-28 06:00:42,0.0
VCLB_20260402.csv,2026-03-28 06:03:42,0.0
VCLB_20260402.csv,2026-03-28 06:06:42,0.0
VCLB_20260402.csv,2026-03-28 06:09:42,0.0
VCLB_20260402.csv,2026-03-28 06:12:42,0.0
VCLB_20260402.csv,2026-03-28 06:15:42,0.0
VCLB_20260402.csv,2026-03-28 06:18:42,0.0
VCLB_20260402.csv,2026-03-28 06:21:42,0.0
VCLB_20260402.csv,2026-03-28 06:24:42,0.0
VCLB_20260402.csv,2026-03-28 06:27:42,0.0
VCLB_20260402.csv,2026-03-28 06:30:42,0.0
VCLB_20260402.csv,2026-03-28 06:33:42,0.0
VCLB_20260402.csv,2026-03-28 06:36:42,0.0
VCLB_20260402.csv,2026-03-28 06:39:42,0.0
VCLB_20260402.csv,2026-03-28 06:42:42,0.0
VCLB_20260402.csv,2026-03-28 06:45:42,0.0
VCLB_20260402.csv,2026-03-28 06:48:42,0.0
VCLB_20260402.csv,2026-03-28 06:51:42,0.0
VCLB_20260402.csv,2026-03-28 06:54:42,0.0
VCLB_20260402.csv,2026-03-28 06:57:42,0.0
VCLB_20260402.csv,2026-03-28 07:00:42,0.0
VCLB_20260402.csv,2026-03-28 07:03:42,0.0
VCLB_20260402.csv,2026-03-28 07:06:42,0.0
VCLB_20260402.csv,2026-03-28 07:09:42,0.0
VCLB_20260402.csv,2026-03-28 07:12:42,0.0
VCLB_20260402.csv,2026-03-28 07:15:42,0.0
VCLB_20260402.csv,2026-03-28 07:18:42,0.0
VCLB_20260402.csv,2026-03-28 07:21:42,0.0
VCLB_20260402.csv,2026-03-28 07:24:42,0.0
VCLB_20260402.csv,2026-03-28 07:27:42,0.0
VCLB_20260402.csv,2026-03-28 07:30:42,0.0
VCLB_20260402.csv,2026-03-28 07:33:42,0.0
VCLB_20260402.csv,2026-03-28 07:36:42,0.0
VCLB_20260402.csv,2026-03-28 07:39:42,0.0
VCLB_20260402.csv,2026-03-28 07:42:42,0.0
VCLB_20260402.csv,2026-03-28 07:45:42,0.0
VCLB_20260402.csv,2026-03-28 07:48:42,0.0
VCLB_20260402.csv,2026-03-28 07:51:42,0.0
VCLB_20260402.csv,2026-03-28 07:54:42,0.0
VCLB_20260402.csv,2026-03-28 07:57:42,0.0
VCLB_20260402.csv,2026-03-28 08:00:42,0.0
VCLB_20260402.csv,2026-03-28 08:03:42,0.0
VCLB_20260402.csv,2026-03-28 08:09:42,0.0
VCLB_20260402.csv,2026-03-28 08:12:42,0.0
VCLB_20260402.csv,2026-03-28 08:15:42,0.0
VCLB_20260402.csv,2026-03-28 08:18:42,0.0
VCLB_20260402.csv,2026-03-28 08:21:42,0.0
VCLB_20260402.csv,2026-03-28 08:24:42,0.0
VCLB_20260402.csv,2026-03-28 08:27:42,0.0
VCLB_20260402.csv,2026-03-28 08:30:42,0.0
VCLB_20260402.csv,2026-03-28 08:33:42,0.0
VCLB_20260402.csv,2026-03-28 08:36:42,0.0
VCLB_20260402.csv,2026-03-28 08:39:41,0.0
VCLB_20260402.csv,2026-03-28 08:42:42,0.0
VCLB_20260402.csv,2026-03-28 08:45:42,0.0
VCLB_20260402.csv,2026-03-28 08:48:42,0.0
VCLB_20260402.csv,2026-03-28 08:51:41,0.0
VCLB_20260402.csv,2026-03-28 08:54:41,0.0
VCLB_20260402.csv,2026-03-28 08:57:42,0.0
VCLB_20260402.csv,2026-03-28 09:00:41,0.0
VCLB_20260402.csv,2026-03-28 09:03:42,0.0
VCLB_20260402.csv,2026-03-28 09:06:41,0.0
VCLB_20260402.csv,2026-03-28 09:09:41,0.0
VCLB_20260402.csv,2026-03-28 09:12:42,0.0
VCLB_20260402.csv,2026-03-28 09:15:41,0.0
VCLB_20260402.csv,2026-03-28 09:18:41,0.0
VCLB_20260402.csv,2026-03-28 09:21:41,0.0
VCLB_20260402.csv,2026-03-28 09:24:41,0.0
VCLB_20260402.csv,2026-03-28 09:27:41,0.0
VCLB_20260402.csv,2026-03-28 09:30:42,0.0
VCLB_20260402.csv,2026-03-28 09:33:41,0.0
VCLB_20260402.csv,2026-03-28 09:39:41,0.0
VCLB_20260402.csv,2026-03-28 09:42:41,0.0
VCLB_20260402.csv,2026-03-28 09:45:42,0.0
VCLB_20260402.csv,2026-03-28 09:48:41,0.0
VCLB_20260402.csv,2026-03-28 09:51:41,0.0
VCLB_20260402.csv,2026-03-28 09:54:41,0.0
VCLB_20260402.csv,2026-03-28 09:57:41,0.0
VCLB_20260402.csv,2026-03-28 10:00:41,0.0
VCLB_20260402.csv,2026-03-28 10:03:41,0.0
VCLB_20260402.csv,2026-03-28 10:06:41,0.0
VCLB_20260402.csv,2026-03-28 10:09:41,0.0
VCLB_20260402.csv,2026-03-28 10:12:41,0.0
VCLB_20260402.csv,2026-03-28 10:15:42,0.0
VCLB_20260402.csv,2026-03-28 10:18:41,0.0
VCLB_20260402.csv,2026-03-28 10:21:41,0.0
VCLB_20260402.csv,2026-03-28 10:24:41,0.0
VCLB_20260402.csv,2026-03-28 10:27:41,0.0
VCLB_20260402.csv,2026-03-28 10:30:42,0.0
VCLB_20260402.csv,2026-03-28 10:33:41,0.0
VCLB_20260402.csv,2026-03-28 10:36:41,0.0
VCLB_20260402.csv,2026-03-28 10:39:41,0.0
VCLB_20260402.csv,2026-03-28 10:42:41,0.0
VCLB_20260402.csv,2026-03-28 10:45:41,0.0
VCLB_20260402.csv,2026-03-28 10:48:41,0.0
VCLB_20260402.csv,2026-03-28 10:51:41,0.0
VCLB_20260402.csv,2026-03-28 10:54:41,0.0
VCLB_20260402.csv,2026-03-28 10:57:41,0.0
VCLB_20260402.csv,2026-03-28 11:00:42,0.0
VCLB_20260402.csv,2026-03-28 11:03:41,0.0
VCLB_20260402.csv,2026-03-28 11:06:41,0.0
VCLB_20260402.csv,2026-03-28 11:09:41,0.0
VCLB_20260402.csv,2026-03-28 11:12:41,0.0
VCLB_20260402.csv,2026-03-28 11:15:41,0.0
VCLB_20260402.csv,2026-03-28 11:18:42,0.0
VCLB_20260402.csv,2026-03-28 11:21:41,0.0
VCLB_20260402.csv,2026-03-28 11:24:41,0.0
VCLB_20260402.csv,2026-03-28 11:27:41,0.0
VCLB_20260402.csv,2026-03-28 11:30:41,0.0
VCLB_20260402.csv,2026-03-28 11:33:41,0.0
VCLB_20260402.csv,2026-03-28 11:36:41,0.0
VCLB_20260402.csv,2026-03-28 11:39:41,0.0
VCLB_20260402.csv,2026-03-28 11:42:41,0.0
VCLB_20260402.csv,2026-03-28 11:45:41,0.0
VCLB_20260402.csv,2026-03-28 11:48:41,0.0
VCLB_20260402.csv,2026-03-28 11:51:41,0.0
VCLB_20260402.csv,2026-03-28 11:54:41,0.0
VCLB_20260402.csv,2026-03-28 11:57:41,0.0
VCLB_20260402.csv,2026-03-28 12:00:41,0.0
VCLB_20260402.csv,2026-03-28 12:03:41,0.0
VCLB_20260402.csv,2026-03-28 12:09:41,0.0
VCLB_20260402.csv,2026-03-28 12:12:41,0.0
VCLB_20260402.csv,2026-03-28 12:15:41,0.0
VCLB_20260402.csv,2026-03-28 12:18:41,0.0
VCLB_20260402.csv,2026-03-28 12:21:41,0.0
VCLB_20260402.csv,2026-03-28 12:24:41,0.0
VCLB_20260402.csv,2026-03-28 12:27:41,0.0
VCLB_20260402.csv,2026-03-28 12:30:41,0.0
VCLB_20260402.csv,2026-03-28 12:33:41,0.0
VCLB_20260402.csv,2026-03-28 12:36:41,0.0
VCLB_20260402.csv,2026-03-28 12:39:41,0.0
VCLB_20260402.csv,2026-03-28 12:42:41,0.0
VCLB_20260402.csv,2026-03-28 12:45:41,0.0
VCLB_20260402.csv,2026-03-28 12:48:41,0.0
VCLB_20260402.csv,2026-03-28 12:51:41,0.0
VCLB_20260402.csv,2026-03-28 12:54:41,0.0
VCLB_20260402.csv,2026-03-28 12:57:41,0.0
VCLB_20260402.csv,2026-03-28 13:00:41,0.0
VCLB_20260402.csv,2026-03-28 13:03:41,0.0
VCLB_20260402.csv,2026-03-28 13:06:41,0.0
VCLB_20260402.csv,2026-03-28 13:09:41,0.0
VCLB_20260402.csv,2026-03-28 13:12:41,0.0
VCLB_20260402.csv,2026-03-28 13:15:41,0.0
VCLB_20260402.csv,2026-03-28 13:18:41,0.0
VCLB_20260402.csv,2026-03-28 13:21:41,0.0
VCLB_20260402.csv,2026-03-28 13:24:41,0.0
VCLB_20260402.csv,2026-03-28 13:27:41,0.0
VCLB_20260402.csv,2026-03-28 13:30:41,0.0
VCLB_20260402.csv,2026-03-28 13:33:41,0.0
VCLB_20260402.csv,2026-03-28 13:36:41,0.0
VCLB_20260402.csv,2026-03-28 13:39:42,0.0
VCLB_20260402.csv,2026-03-28 13:42:41,0.0
VCLB_20260402.csv,2026-03-28 13:45:41,0.0
VCLB_20260402.csv,2026-03-28 13:48:41,0.0
VCLB_20260402.csv,2026-03-28 13:51:41,0.0
VCLB_20260402.csv,2026-03-28 13:54:41,0.0
VCLB_20260402.csv,2026-03-28 13:57:41,0.0
VCLB_20260402.csv,2026-03-28 14:00:41,0.0
VCLB_20260402.csv,2026-03-28 14:03:41,0.0
VCLB_20260402.csv,2026-03-28 14:06:41,0.0
VCLB_20260402.csv,2026-03-28 14:09:41,0.0
VCLB_20260402.csv,2026-03-28 14:12:41,0.0
VCLB_20260402.csv,2026-03-28 14:15:41,0.0
VCLB_20260402.csv,2026-03-28 14:18:41,0.0
VCLB_20260402.csv,2026-03-28 14:21:41,0.0
VCLB_20260402.csv,2026-03-28 14:24:41,0.0
VCLB_20260402.csv,2026-03-28 14:27:41,0.0
VCLB_20260402.csv,2026-03-28 14:30:41,0.0
VCLB_20260402.csv,2026-03-28 14:33:41,0.0
VCLB_20260402.csv,2026-03-28 14:36:41,0.0
VCLB_20260402.csv,2026-03-28 14:39:41,0.0
VCLB_20260402.csv,2026-03-28 14:42:41,0.0
VCLB_20260402.csv,2026-03-28 14:45:41,0.0
VCLB_20260402.csv,2026-03-28 14:48:41,0.0
VCLB_20260402.csv,2026-03-28 14:51:41,0.0
VCLB_20260402.csv,2026-03-28 14:54:41,0.0
VCLB_20260402.csv,2026-03-28 14:57:41,0.0
VCLB_20260402.csv,2026-03-28 15:00:41,0.0
VCLB_20260402.csv,2026-03-28 15:03:41,0.0
VCLB_20260402.csv,2026-03-28 15:06:41,0.0
VCLB_20260402.csv,2026-03-28 15:09:41,0.0
VCLB_20260402.csv,2026-03-28 15:12:41,0.0
VCLB_20260402.csv,2026-03-28 15:15:41,0.0
VCLB_20260402.csv,2026-03-28 15:18:41,0.0
VCLB_20260402.csv,2026-03-28 15:21:41,0.0
VCLB_20260402.csv,2026-03-28 15:24:41,0.0
VCLB_20260402.csv,2026-03-28 15:27:41,0.0
VCLB_20260402.csv,2026-03-28 15:30:41,0.0
VCLB_20260402.csv,2026-03-28 15:33:41,0.0
VCLB_20260402.csv,2026-03-28 15:36:41,0.0
VCLB_20260402.csv,2026-03-28 15:39:41,0.0
VCLB_20260402.csv,2026-03-28 15:42:41,0.0
VCLB_20260402.csv,2026-03-28 15:45:41,0.0
VCLB_20260402.csv,2026-03-28 15:48:41,0.0
VCLB_20260402.csv,2026-03-28 15:51:41,0.0
VCLB_20260402.csv,2026-03-28 15:54:41,0.0
VCLB_20260402.csv,2026-03-28 15:57:41,0.0
VCLB_20260402.csv,2026-03-28 16:00:41,0.0
VCLB_20260402.csv,2026-03-28 16:03:41,0.0
VCLB_20260402.csv,2026-03-28 16:06:41,0.0
VCLB_20260402.csv,2026-03-28 16:09:41,0.0
VCLB_20260402.csv,2026-03-28 16:12:41,0.0
VCLB_20260402.csv,2026-03-28 16:15:41,0.0
VCLB_20260402.csv,2026-03-28 16:18:41,0.0
VCLB_20260402.csv,2026-03-28 16:21:41,0.0
VCLB_20260402.csv,2026-03-28 16:24:41,0.0
VCLB_20260402.csv,2026-03-28 16:27:41,0.0
VCLB_20260402.csv,2026-03-28 16:30:41,0.0
VCLB_20260402.csv,2026-03-28 16:33:41,0.0
VCLB_20260402.csv,2026-03-28 16:36:41,0.0
VCLB_20260402.csv,2026-03-28 16:39:41,0.0
VCLB_20260402.csv,2026-03-28 16:42:41,0.0
VCLB_20260402.csv,2026-03-28 16:45:41,0.0
VCLB_20260402.csv,2026-03-28 16:48:41,0.0
VCLB_20260402.csv,2026-03-28 16:51:41,0.0
VCLB_20260402.csv,2026-03-28 16:54:41,0.0
VCLB_20260402.csv,2026-03-28 16:57:41,0.0
VCLB_20260402.csv,2026-03-28 17:00:41,0.0
VCLB_20260402.csv,2026-03-28 17:03:41,0.0
VCLB_20260402.csv,2026-03-28 17:06:41,0.0
VCLB_20260402.csv,2026-03-28 17:09:41,0.0
VCLB_20260402.csv,2026-03-28 17:12:41,0.0
VCLB_20260402.csv,2026-03-28 17:15:41,0.0
VCLB_20260402.csv,2026-03-28 17:18:41,0.0
VCLB_20260402.csv,2026-03-28 17:21:41,0.0
VCLB_20260402.csv,2026-03-28 17:24:41,0.0
VCLB_20260402.csv,2026-03-28 17:27:41,0.0
VCLB_20260402.csv,2026-03-28 17:30:41,0.0
VCLB_20260402.csv,2026-03-28 17:33:41,0.0
VCLB_20260402.csv,2026-03-28 17:36:41,0.0
VCLB_20260402.csv,2026-03-28 17:39:41,0.0
VCLB_20260402.csv,2026-03-28 17:42:41,0.0
VCLB_20260402.csv,2026-03-28 17:45:41,0.0
VCLB_20260402.csv,2026-03-28 17:48:41,0.0
VCLB_20260402.csv,2026-03-28 17:51:41,0.0
VCLB_20260402.csv,2026-03-28 17:54:41,0.0
VCLB_20260402.csv,2026-03-28 17:57:41,0.0
VCLB_20260402.csv,2026-03-28 18:00:41,0.0
VCLB_20260402.csv,2026-03-28 18:03:41,0.0
VCLB_20260402.csv,2026-03-28 18:06:41,0.0
VCLB_20260402.csv,2026-03-28 18:09:41,0.0
VCLB_20260402.csv,2026-03-28 18:12:41,0.0
VCLB_20260402.csv,2026-03-28 18:15:41,0.0
VCLB_20260402.csv,2026-03-28 18:18:41,0.0
VCLB_20260402.csv,2026-03-28 18:21:41,0.0
VCLB_20260402.csv,2026-03-28 18:24:41,0.0
VCLB_20260402.csv,2026-03-28 18:27:41,0.0
VCLB_20260402.csv,2026-03-28 18:30:41,0.0
VCLB_20260402.csv,2026-03-28 18:33:41,0.0
VCLB_20260402.csv,2026-03-28 18:36:41,0.0
VCLB_20260402.csv,2026-03-28 18:39:41,0.0
VCLB_20260402.csv,2026-03-28 18:42:41,0.0
VCLB_20260402.csv,2026-03-28 18:45:41,0.0
VCLB_20260402.csv,2026-03-28 18:48:41,0.0
VCLB_20260402.csv,2026-03-28 18:51:41,0.0
VCLB_20260402.csv,2026-03-28 18:54:41,0.0
VCLB_20260402.csv,2026-03-28 18:57:41,0.0
VCLB_20260402.csv,2026-03-28 19:00:41,0.0
VCLB_20260402.csv,2026-03-28 19:03:41,0.0
VCLB_20260402.csv,2026-03-28 19:06:41,0.0
VCLB_20260402.csv,2026-03-28 19:09:41,0.0
VCLB_20260402.csv,2026-03-28 19:12:41,0.0
VCLB_20260402.csv,2026-03-28 19:15:41,0.0
VCLB_20260402.csv,2026-03-28 19:18:41,0.0
VCLB_20260402.csv,2026-03-28 19:21:41,0.0
VCLB_20260402.csv,2026-03-28 19:24:41,0.0
VCLB_20260402.csv,2026-03-28 19:27:41,0.0
VCLB_20260402.csv,2026-03-28 19:30:41,0.0
VCLB_20260402.csv,2026-03-28 19:33:41,0.0
VCLB_20260402.csv,2026-03-28 19:36:41,0.0
VCLB_20260402.csv,2026-03-28 19:39:41,0.0
VCLB_20260402.csv,2026-03-28 19:42:41,0.0
VCLB_20260402.csv,2026-03-28 19:45:41,0.0
VCLB_20260402.csv,2026-03-28 19:48:41,0.0
VCLB_20260402.csv,2026-03-28 19:51:41,0.0
VCLB_20260402.csv,2026-03-28 19:54:41,0.0
VCLB_20260402.csv,2026-03-28 19:57:41,0.0
VCLB_20260402.csv,2026-03-28 20:00:41,0.0
VCLB_20260402.csv,2026-03-28 20:03:41,0.0
VCLB_20260402.csv,2026-03-28 20:06:41,0.0
VCLB_20260402.csv,2026-03-28 20:09:41,0.0
VCLB_20260402.csv,2026-03-28 20:12:41,0.0
VCLB_20260402.csv,2026-03-28 20:15:41,0.0
VCLB_20260402.csv,2026-03-28 20:18:41,0.0
VCLB_20260402.csv,2026-03-28 20:21:41,0.0
VCLB_20260402.csv,2026-03-28 20:24:41,0.0
VCLB_20260402.csv,2026-03-28 20:27:41,0.0
VCLB_20260402.csv,2026-03-28 20:30:41,0.0
VCLB_20260402.csv,2026-03-28 20:33:41,0.0
VCLB_20260402.csv,2026-03-28 20:36:41,0.0
VCLB_20260402.csv,2026-03-28 20:39:41,0.0
VCLB_20260402.csv,2026-03-28 20:42:41,0.0
VCLB_20260402.csv,2026-03-28 20:45:41,0.0
VCLB_20260402.csv,2026-03-28 20:48:41,0.0
VCLB_20260402.csv,2026-03-28 20:51:41,0.0
VCLB_20260402.csv,2026-03-28 20:54:41,0.0
VCLB_20260402.csv,2026-03-28 20:57:41,0.0
VCLB_20260402.csv,2026-03-28 21:00:41,0.0
VCLB_20260402.csv,2026-03-28 21:03:41,0.0
VCLB_20260402.csv,2026-03-28 21:06:41,0.0
VCLB_20260402.csv,2026-03-28 21:09:41,0.0
VCLB_20260402.csv,2026-03-28 21:12:41,0.0
VCLB_20260402.csv,2026-03-28 21:15:41,0.0
VCLB_20260402.csv,2026-03-28 21:18:41,0.0
VCLB_20260402.csv,2026-03-28 21:21:41,0.0
VCLB_20260402.csv,2026-03-28 21:24:41,0.0
VCLB_20260402.csv,2026-03-28 21:27:41,0.0
VCLB_20260402.csv,2026-03-28 21:30:41,0.0
VCLB_20260402.csv,2026-03-28 21:33:41,0.0
VCLB_20260402.csv,2026-03-28 21:36:41,0.0
VCLB_20260402.csv,2026-03-28 21:39:41,0.0
VCLB_20260402.csv,2026-03-28 21:42:41,0.0
VCLB_20260402.csv,2026-03-28 21:45:41,0.0
VCLB_20260402.csv,2026-03-28 21:48:41,0.0
VCLB_20260402.csv,2026-03-28 21:51:41,0.0
VCLB_20260402.csv,2026-03-28 21:54:41,0.0
VCLB_20260402.csv,2026-03-28 22:00:41,0.0
VCLB_20260402.csv,2026-03-28 22:03:41,0.0
VCLB_20260402.csv,2026-03-28 22:06:41,0.0
VCLB_20260402.csv,2026-03-28 22:09:41,0.0
VCLB_20260402.csv,2026-03-28 22:12:41,0.0
VCLB_20260402.csv,2026-03-28 22:15:41,0.0
VCLB_20260402.csv,2026-03-28 22:18:41,0.0
VCLB_20260402.csv,2026-03-28 22:21:41,0.0
VCLB_20260402.csv,2026-03-28 22:24:41,0.0
VCLB_20260402.csv,2026-03-28 22:27:41,0.0
VCLB_20260402.csv,2026-03-28 22:30:41,0.0
VCLB_20260402.csv,2026-03-28 22:33:41,0.0
VCLB_20260402.csv,2026-03-28 22:36:41,0.0
VCLB_20260402.csv,2026-03-28 22:39:41,0.0
VCLB_20260402.csv,2026-03-28 22:42:41,0.0
VCLB_20260402.csv,2026-03-28 22:45:41,0.0
VCLB_20260402.csv,2026-03-28 22:48:41,0.0
VCLB_20260402.csv,2026-03-28 22:51:41,0.0
VCLB_20260402.csv,2026-03-28 22:54:41,0.0
VCLB_20260402.csv,2026-03-28 22:57:41,0.0
VCLB_20260402.csv,2026-03-28 23:00:41,0.0
VCLB_20260402.csv,2026-03-28 23:03:41,0.0
VCLB_20260402.csv,2026-03-28 23:06:41,0.0
VCLB_20260402.csv,2026-03-28 23:12:41,0.0
VCLB_20260402.csv,2026-03-28 23:15:41,0.0
VCLB_20260402.csv,2026-03-28 23:18:41,0.0
VCLB_20260402.csv,2026-03-28 23:21:41,0.0
VCLB_20260402.csv,2026-03-28 23:24:41,0.0
VCLB_20260402.csv,2026-03-28 23:27:41,0.0
VCLB_20260402.csv,2026-03-28 23:30:41,0.0
VCLB_20260402.csv,2026-03-28 23:33:41,0.0
VCLB_20260402.csv,2026-03-28 23:36:41,0.0
VCLB_20260402.csv,2026-03-28 23:39:41,0.0
VCLB_20260402.csv,2026-03-28 23:42:41,0.0
VCLB_20260402.csv,2026-03-28 23:45:41,0.0
VCLB_20260402.csv,2026-03-28 23:48:41,0.0
VCLB_20260402.csv,2026-03-28 23:51:41,0.0
VCLB_20260402.csv,2026-03-28 23:54:41,0.0
VCLB_20260402.csv,2026-03-28 23:57:41,0.0
VCLB_20260402.csv,2026-03-29 00:00:41,0.0
VCLB_20260402.csv,2026-03-29 00:06:41,0.0
VCLB_20260402.csv,2026-03-29 00:09:41,0.0
VCLB_20260402.csv,2026-03-29 00:12:41,0.0
VCLB_20260402.csv,2026-03-29 00:15:41,0.0
VCLB_20260402.csv,2026-03-29 00:18:41,0.0
VCLB_20260402.csv,2026-03-29 00:21:41,0.0
VCLB_20260402.csv,2026-03-29 00:24:41,0.0
VCLB_20260402.csv,2026-03-29 00:27:41,0.0
VCLB_20260402.csv,2026-03-29 00:30:41,0.0
VCLB_20260402.csv,2026-03-29 00:33:41,0.0
VCLB_20260402.csv,2026-03-29 00:36:41,0.0
VCLB_20260402.csv,2026-03-29 00:39:41,0.0
VCLB_20260402.csv,2026-03-29 00:42:41,0.0
VCLB_20260402.csv,2026-03-29 00:45:41,0.0
VCLB_20260402.csv,2026-03-29 00:48:41,0.0
VCLB_20260402.csv,2026-03-29 00:51:41,0.0
VCLB_20260402.csv,2026-03-29 00:54:41,0.0
VCLB_20260402.csv,2026-03-29 00:57:41,0.0
VCLB_20260402.csv,2026-03-29 01:00:41,0.0
VCLB_20260402.csv,2026-03-29 01:03:41,0.0
VCLB_20260402.csv,2026-03-29 01:06:41,0.0
VCLB_20260402.csv,2026-03-29 01:09:41,0.0
VCLB_20260402.csv,2026-03-29 01:12:41,0.0
VCLB_20260402.csv,2026-03-29 01:15:41,0.0
VCLB_20260402.csv,2026-03-29 01:18:41,0.0
VCLB_20260402.csv,2026-03-29 01:21:41,0.0
VCLB_20260402.csv,2026-03-29 01:24:41,0.0
VCLB_20260402.csv,2026-03-29 01:27:41,0.0
VCLB_20260402.csv,2026-03-29 01:30:41,0.0
VCLB_20260402.csv,2026-03-29 01:33:41,0.0
VCLB_20260402.csv,2026-03-29 01:36:41,0.0
VCLB_20260402.csv,2026-03-29 01:39:41,0.0
VCLB_20260402.csv,2026-03-29 01:42:41,0.0
VCLB_20260402.csv,2026-03-29 01:45:41,0.0
VCLB_20260402.csv,2026-03-29 01:48:41,0.0
VCLB_20260402.csv,2026-03-29 01:51:41,0.0
VCLB_20260402.csv,2026-03-29 01:54:41,0.0
VCLB_20260402.csv,2026-03-29 01:57:41,0.0
VCLB_20260402.csv,2026-03-29 02:00:41,0.0
VCLB_20260402.csv,2026-03-29 02:03:41,0.0
VCLB_20260402.csv,2026-03-29 02:06:41,0.0
VCLB_20260402.csv,2026-03-29 02:09:41,0.0
VCLB_20260402.csv,2026-03-29 02:12:41,0.0
VCLB_20260402.csv,2026-03-29 02:15:41,0.0
VCLB_20260402.csv,2026-03-29 02:18:41,0.0
VCLB_20260402.csv,2026-03-29 02:21:41,0.0
VCLB_20260402.csv,2026-03-29 02:24:41,0.0
VCLB_20260402.csv,2026-03-29 02:27:41,0.0
VCLB_20260402.csv,2026-03-29 02:30:41,0.0
VCLB_20260402.csv,2026-03-29 02:33:41,0.0
VCLB_20260402.csv,2026-03-29 02:36:41,0.0
VCLB_20260402.csv,2026-03-29 02:39:41,0.0
VCLB_20260402.csv,2026-03-29 02:42:41,0.0
VCLB_20260402.csv,2026-03-29 02:45:41,0.0
VCLB_20260402.csv,2026-03-29 02:48:41,0.0
VCLB_20260402.csv,2026-03-29 02:51:41,0.0
VCLB_20260402.csv,2026-03-29 02:54:41,0.0
VCLB_20260402.csv,2026-03-29 02:57:41,0.0
VCLB_20260402.csv,2026-03-29 03:00:41,0.0
VCLB_20260402.csv,2026-03-29 03:03:41,0.0
VCLB_20260402.csv,2026-03-29 03:06:41,0.0
VCLB_20260402.csv,2026-03-29 03:09:41,0.0
VCLB_20260402.csv,2026-03-29 03:12:41,0.0
VCLB_20260402.csv,2026-03-29 03:15:41,0.0
VCLB_20260402.csv,2026-03-29 03:18:41,0.0
VCLB_20260402.csv,2026-03-29 03:21:41,0.0
VCLB_20260402.csv,2026-03-29 03:24:41,0.0
VCLB_20260402.csv,2026-03-29 03:27:41,0.0
VCLB_20260402.csv,2026-03-29 03:30:41,0.0
VCLB_20260402.csv,2026-03-29 03:33:41,0.0
VCLB_20260402.csv,2026-03-29 03:36:41,0.0
VCLB_20260402.csv,2026-03-29 03:39:41,0.0
VCLB_20260402.csv,2026-03-29 03:42:41,0.0
VCLB_20260402.csv,2026-03-29 03:45:41,0.0
VCLB_20260402.csv,2026-03-29 03:48:41,0.0
VCLB_20260402.csv,2026-03-29 03:51:41,0.0
VCLB_20260402.csv,2026-03-29 03:54:41,0.0
VCLB_20260402.csv,2026-03-29 03:57:41,0.0
VCLB_20260402.csv,2026-03-29 04:00:41,0.0
VCLB_20260402.csv,2026-03-29 04:03:41,0.0
VCLB_20260402.csv,2026-03-29 04:06:41,0.0
VCLB_20260402.csv,2026-03-29 04:09:41,0.0
VCLB_20260402.csv,2026-03-29 04:12:41,0.0
VCLB_20260402.csv,2026-03-29 04:15:41,0.0
VCLB_20260402.csv,2026-03-29 04:21:41,0.0
VCLB_20260402.csv,2026-03-29 04:27:41,0.0
VCLB_20260402.csv,2026-03-29 04:30:41,0.0
VCLB_20260402.csv,2026-03-29 04:33:41,0.0
VCLB_20260402.csv,2026-03-29 04:36:41,0.0
VCLB_20260402.csv,2026-03-29 04:39:41,0.0
VCLB_20260402.csv,2026-03-29 04:42:41,0.0
VCLB_20260402.csv,2026-03-29 04:45:41,0.0
VCLB_20260402.csv,2026-03-29 04:48:41,0.0
VCLB_20260402.csv,2026-03-29 04:51:41,0.0
VCLB_20260402.csv,2026-03-29 04:54:41,0.0
VCLB_20260402.csv,2026-03-29 04:57:41,0.0
VCLB_20260402.csv,2026-03-29 05:00:41,0.0
VCLB_20260402.csv,2026-03-29 05:03:41,0.0
VCLB_20260402.csv,2026-03-29 05:09:41,0.0
VCLB_20260402.csv,2026-03-29 05:12:41,0.0
VCLB_20260402.csv,2026-03-29 05:15:41,0.0
VCLB_20260402.csv,2026-03-29 05:18:41,0.0
VCLB_20260402.csv,2026-03-29 05:21:41,0.0
VCLB_20260402.csv,2026-03-29 05:24:41,0.0
VCLB_20260402.csv,2026-03-29 05:27:41,0.0
VCLB_20260402.csv,2026-03-29 05:30:41,0.0
VCLB_20260402.csv,2026-03-29 05:33:41,0.01
VCLB_20260402.csv,2026-03-29 05:36:41,0.0
VCLB_20260402.csv,2026-03-29 05:39:41,0.0
VCLB_20260402.csv,2026-03-29 05:42:41,0.0
VCLB_20260402.csv,2026-03-29 05:45:41,0.0
VCLB_20260402.csv,2026-03-29 05:48:41,0.0
VCLB_20260402.csv,2026-03-29 05:51:41,0.0
VCLB_20260402.csv,2026-03-29 05:54:41,0.0
VCLB_20260402.csv,2026-03-29 05:57:41,0.0
VCLB_20260402.csv,2026-03-29 06:00:41,0.0
VCLB_20260402.csv,2026-03-29 06:03:41,0.0
VCLB_20260402.csv,2026-03-29 06:06:41,0.0
VCLB_20260402.csv,2026-03-29 06:09:41,0.0
VCLB_20260402.csv,2026-03-29 06:12:41,0.0
VCLB_20260402.csv,2026-03-29 06:15:41,0.0
VCLB_20260402.csv,2026-03-29 06:18:41,0.0
VCLB_20260402.csv,2026-03-29 06:21:41,0.0
VCLB_20260402.csv,2026-03-29 06:24:41,0.0
VCLB_20260402.csv,2026-03-29 06:27:41,0.0
VCLB_20260402.csv,2026-03-29 06:30:41,0.0
VCLB_20260402.csv,2026-03-29 06:33:41,0.0
VCLB_20260402.csv,2026-03-29 06:36:41,0.0
VCLB_20260402.csv,2026-03-29 06:39:41,0.0
VCLB_20260402.csv,2026-03-29 06:42:41,0.0
VCLB_20260402.csv,2026-03-29 06:45:41,0.0
VCLB_20260402.csv,2026-03-29 06:48:41,0.0
VCLB_20260402.csv,2026-03-29 06:51:41,0.0
VCLB_20260402.csv,2026-03-29 06:54:41,0.0
VCLB_20260402.csv,2026-03-29 06:57:41,0.0
VCLB_20260402.csv,2026-03-29 07:00:41,0.0
VCLB_20260402.csv,2026-03-29 07:03:41,0.01
VCLB_20260402.csv,2026-03-29 07:06:41,0.0
VCLB_20260402.csv,2026-03-29 07:09:41,0.0
VCLB_20260402.csv,2026-03-29 07:12:41,0.0
VCLB_20260402.csv,2026-03-29 07:15:41,0.0
VCLB_20260402.csv,2026-03-29 07:18:41,0.0
VCLB_20260402.csv,2026-03-29 07:21:41,0.0
VCLB_20260402.csv,2026-03-29 07:24:41,0.0
VCLB_20260402.csv,2026-03-29 07:27:41,0.0
VCLB_20260402.csv,2026-03-29 07:30:41,0.0
VCLB_20260402.csv,2026-03-29 07:33:41,0.0
VCLB_20260402.csv,2026-03-29 07:36:41,0.0
VCLB_20260402.csv,2026-03-29 07:39:41,0.0
VCLB_20260402.csv,2026-03-29 07:45:41,0.0
VCLB_20260402.csv,2026-03-29 07:48:41,0.0
VCLB_20260402.csv,2026-03-29 07:51:41,0.0
VCLB_20260402.csv,2026-03-29 07:54:41,0.0
VCLB_20260402.csv,2026-03-29 07:57:41,0.0
VCLB_20260402.csv,2026-03-29 08:00:41,0.0
VCLB_20260402.csv,2026-03-29 08:03:41,0.0
VCLB_20260402.csv,2026-03-29 08:06:41,0.0
VCLB_20260402.csv,2026-03-29 08:09:41,0.0
VCLB_20260402.csv,2026-03-29 08:12:41,0.0
VCLB_20260402.csv,2026-03-29 08:15:41,0.0
VCLB_20260402.csv,2026-03-29 08:18:41,0.0
VCLB_20260402.csv,2026-03-29 08:21:41,0.0
VCLB_20260402.csv,2026-03-29 08:24:41,0.0
VCLB_20260402.csv,2026-03-29 08:27:41,0.0
VCLB_20260402.csv,2026-03-29 08:30:41,0.0
VCLB_20260402.csv,2026-03-29 08:33:41,0.0
VCLB_20260402.csv,2026-03-29 08:36:41,0.0
VCLB_20260402.csv,2026-03-29 08:39:41,0.0
VCLB_20260402.csv,2026-03-29 08:42:41,0.0
VCLB_20260402.csv,2026-03-29 08:45:41,0.0
VCLB_20260402.csv,2026-03-29 08:48:41,0.0
VCLB_20260402.csv,2026-03-29 08:51:41,0.0
VCLB_20260402.csv,2026-03-29 08:54:41,0.0
VCLB_20260402.csv,2026-03-29 08:57:41,0.0
VCLB_20260402.csv,2026-03-29 09:00:41,0.0
VCLB_20260402.csv,2026-03-29 09:03:41,0.0
VCLB_20260402.csv,2026-03-29 09:06:41,0.0
VCLB_20260402.csv,2026-03-29 09:09:41,0.0
VCLB_20260402.csv,2026-03-29 09:12:41,0.0
VCLB_20260402.csv,2026-03-29 09:15:41,0.0
VCLB_20260402.csv,2026-03-29 09:18:41,0.0
VCLB_20260402.csv,2026-03-29 09:21:41,0.0
VCLB_20260402.csv,2026-03-29 09:24:41,0.0
VCLB_20260402.csv,2026-03-29 09:27:41,0.0
VCLB_20260402.csv,2026-03-29 09:30:41,0.0
VCLB_20260402.csv,2026-03-29 09:33:41,0.0
VCLB_20260402.csv,2026-03-29 09:36:41,0.0
VCLB_20260402.csv,2026-03-29 09:39:41,0.0
VCLB_20260402.csv,2026-03-29 09:42:41,0.0
VCLB_20260402.csv,2026-03-29 09:45:41,0.0
VCLB_20260402.csv,2026-03-29 09:48:41,0.0
VCLB_20260402.csv,2026-03-29 09:51:41,0.0
VCLB_20260402.csv,2026-03-29 09:54:41,0.0
VCLB_20260402.csv,2026-03-29 09:57:41,0.0
VCLB_20260402.csv,2026-03-29 10:00:41,0.0
VCLB_20260402.csv,2026-03-29 10:03:41,0.0
VCLB_20260402.csv,2026-03-29 10:06:41,0.0
VCLB_20260402.csv,2026-03-29 10:09:41,0.0
VCLB_20260402.csv,2026-03-29 10:12:41,0.0
VCLB_20260402.csv,2026-03-29 10:15:41,0.0
VCLB_20260402.csv,2026-03-29 10:18:41,0.0
VCLB_20260402.csv,2026-03-29 10:21:41,0.0
VCLB_20260402.csv,2026-03-29 10:24:41,0.0
VCLB_20260402.csv,2026-03-29 10:27:41,0.0
VCLB_20260402.csv,2026-03-29 10:30:41,0.0
VCLB_20260402.csv,2026-03-29 10:33:41,0.0
VCLB_20260402.csv,2026-03-29 10:36:41,0.0
VCLB_20260402.csv,2026-03-29 10:39:41,0.0
VCLB_20260402.csv,2026-03-29 10:42:41,0.0
VCLB_20260402.csv,2026-03-29 10:45:41,0.0
VCLB_20260402.csv,2026-03-29 10:48:41,0.0
VCLB_20260402.csv,2026-03-29 10:51:41,0.0
VCLB_20260402.csv,2026-03-29 10:54:41,0.0
VCLB_20260402.csv,2026-03-29 10:57:41,0.0
VCLB_20260402.csv,2026-03-29 11:00:41,0.0
VCLB_20260402.csv,2026-03-29 11:03:41,0.0
VCLB_20260402.csv,2026-03-29 11:06:41,0.0
VCLB_20260402.csv,2026-03-29 11:09:41,0.0
VCLB_20260402.csv,2026-03-29 11:12:41,0.0
VCLB_20260402.csv,2026-03-29 11:15:41,0.0
VCLB_20260402.csv,2026-03-29 11:18:41,0.0
VCLB_20260402.csv,2026-03-29 11:21:41,0.0
VCLB_20260402.csv,2026-03-29 11:24:41,0.0
VCLB_20260402.csv,2026-03-29 11:27:41,0.0
VCLB_20260402.csv,2026-03-29 11:30:41,0.0
VCLB_20260402.csv,2026-03-29 11:33:41,0.0
VCLB_20260402.csv,2026-03-29 11:36:41,0.0
VCLB_20260402.csv,2026-03-29 11:39:41,0.0
VCLB_20260402.csv,2026-03-29 11:42:41,0.0
VCLB_20260402.csv,2026-03-29 11:45:41,0.0
VCLB_20260402.csv,2026-03-29 11:48:41,0.0
VCLB_20260402.csv,2026-03-29 11:51:41,0.0
VCLB_20260402.csv,2026-03-29 11:54:40,0.0
VCLB_20260402.csv,2026-03-29 11:57:41,0.0
VCLB_20260402.csv,2026-03-29 12:00:41,0.0
VCLB_20260402.csv,2026-03-29 12:03:41,0.0
VCLB_20260402.csv,2026-03-29 12:06:41,0.0
VCLB_20260402.csv,2026-03-29 12:09:41,0.0
VCLB_20260402.csv,2026-03-29 12:15:41,0.0
VCLB_20260402.csv,2026-03-29 12:18:40,0.0
VCLB_20260402.csv,2026-03-29 12:21:40,0.0
VCLB_20260402.csv,2026-03-29 12:24:41,0.0
VCLB_20260402.csv,2026-03-29 12:27:40,0.0
VCLB_20260402.csv,2026-03-29 12:30:40,0.0
VCLB_20260402.csv,2026-03-29 12:33:40,0.0
VCLB_20260402.csv,2026-03-29 12:36:40,0.0
VCLB_20260402.csv,2026-03-29 12:39:40,0.0
VCLB_20260402.csv,2026-03-29 12:42:41,0.0
VCLB_20260402.csv,2026-03-29 12:45:40,0.0
VCLB_20260402.csv,2026-03-29 12:48:40,0.0
VCLB_20260402.csv,2026-03-29 12:51:40,0.0
VCLB_20260402.csv,2026-03-29 12:54:40,0.0
VCLB_20260402.csv,2026-03-29 12:57:41,0.0
VCLB_20260402.csv,2026-03-29 13:00:40,0.0
VCLB_20260402.csv,2026-03-29 13:03:40,0.0
VCLB_20260402.csv,2026-03-29 13:06:40,0.0
VCLB_20260402.csv,2026-03-29 13:09:40,0.0
VCLB_20260402.csv,2026-03-29 13:12:41,0.0
VCLB_20260402.csv,2026-03-29 13:15:40,0.0
VCLB_20260402.csv,2026-03-29 13:18:40,0.0
VCLB_20260402.csv,2026-03-29 13:21:40,0.0
VCLB_20260402.csv,2026-03-29 13:24:40,0.0
VCLB_20260402.csv,2026-03-29 13:27:41,0.0
VCLB_20260402.csv,2026-03-29 13:30:40,0.0
VCLB_20260402.csv,2026-03-29 13:33:40,0.0
VCLB_20260402.csv,2026-03-29 13:36:40,0.0
VCLB_20260402.csv,2026-03-29 13:39:40,0.0
VCLB_20260402.csv,2026-03-29 13:42:41,0.0
VCLB_20260402.csv,2026-03-29 13:45:40,0.0
VCLB_20260402.csv,2026-03-29 13:48:40,0.0
VCLB_20260402.csv,2026-03-29 13:51:40,0.0
VCLB_20260402.csv,2026-03-29 13:54:40,0.0
VCLB_20260402.csv,2026-03-29 13:57:40,0.0
VCLB_20260402.csv,2026-03-29 14:00:40,0.0
VCLB_20260402.csv,2026-03-29 14:03:40,0.0
VCLB_20260402.csv,2026-03-29 14:06:40,0.0
VCLB_20260402.csv,2026-03-29 14:09:40,0.0
VCLB_20260402.csv,2026-03-29 14:12:41,0.0
VCLB_20260402.csv,2026-03-29 14:15:40,0.0
VCLB_20260402.csv,2026-03-29 14:18:40,0.0
VCLB_20260402.csv,2026-03-29 14:21:40,0.0
VCLB_20260402.csv,2026-03-29 14:24:40,0.0
VCLB_20260402.csv,2026-03-29 14:27:40,0.0
VCLB_20260402.csv,2026-03-29 14:30:40,0.0
VCLB_20260402.csv,2026-03-29 14:33:40,0.0
VCLB_20260402.csv,2026-03-29 14:36:40,0.0
VCLB_20260402.csv,2026-03-29 14:39:40,0.0
VCLB_20260402.csv,2026-03-29 14:42:40,0.0
VCLB_20260402.csv,2026-03-29 14:45:41,0.0
VCLB_20260402.csv,2026-03-29 14:48:40,0.0
VCLB_20260402.csv,2026-03-29 14:51:40,0.0
VCLB_20260402.csv,2026-03-29 14:54:40,0.0
VCLB_20260402.csv,2026-03-29 14:57:40,0.0
VCLB_20260402.csv,2026-03-29 15:00:41,0.0
VCLB_20260402.csv,2026-03-29 15:03:40,0.0
VCLB_20260402.csv,2026-03-29 15:06:40,0.0
VCLB_20260402.csv,2026-03-29 15:09:40,0.0
VCLB_20260402.csv,2026-03-29 15:12:40,0.0
VCLB_20260402.csv,2026-03-29 15:15:41,0.0
VCLB_20260402.csv,2026-03-29 15:18:40,0.0
VCLB_20260402.csv,2026-03-29 15:21:40,0.0
VCLB_20260402.csv,2026-03-29 15:24:40,0.0
VCLB_20260402.csv,2026-03-29 15:27:40,0.0
VCLB_20260402.csv,2026-03-29 15:30:40,0.0
VCLB_20260402.csv,2026-03-29 15:33:40,0.0
VCLB_20260402.csv,2026-03-29 15:36:40,0.0
VCLB_20260402.csv,2026-03-29 15:39:40,0.0
VCLB_20260402.csv,2026-03-29 15:42:40,0.0
VCLB_20260402.csv,2026-03-29 15:45:40,0.0
VCLB_20260402.csv,2026-03-29 15:48:40,0.0
VCLB_20260402.csv,2026-03-29 15:51:40,0.0
VCLB_20260402.csv,2026-03-29 15:54:40,0.0
VCLB_20260402.csv,2026-03-29 15:57:40,0.0
VCLB_20260402.csv,2026-03-29 16:00:40,0.0
VCLB_20260402.csv,2026-03-29 16:03:40,0.0
VCLB_20260402.csv,2026-03-29 16:06:40,0.0
VCLB_20260402.csv,2026-03-29 16:09:40,0.0
VCLB_20260402.csv,2026-03-29 16:12:40,0.0
VCLB_20260402.csv,2026-03-29 16:15:41,0.0
VCLB_20260402.csv,2026-03-29 16:18:40,0.0
VCLB_20260402.csv,2026-03-29 16:21:40,0.0
VCLB_20260402.csv,2026-03-29 16:24:40,0.0
VCLB_20260402.csv,2026-03-29 16:27:40,0.0
VCLB_20260402.csv,2026-03-29 16:30:40,0.0
VCLB_20260402.csv,2026-03-29 16:33:40,0.0
VCLB_20260402.csv,2026-03-29 16:36:40,0.0
VCLB_20260402.csv,2026-03-29 16:39:40,0.0
VCLB_20260402.csv,2026-03-29 16:42:40,0.0
VCLB_20260402.csv,2026-03-29 16:45:41,0.0
VCLB_20260402.csv,2026-03-29 16:48:40,0.0
VCLB_20260402.csv,2026-03-29 16:51:40,0.0
VCLB_20260402.csv,2026-03-29 16:54:40,0.0
VCLB_20260402.csv,2026-03-29 17:00:40,0.0
VCLB_20260402.csv,2026-03-29 17:03:40,0.0
VCLB_20260402.csv,2026-03-29 17:06:40,0.0
VCLB_20260402.csv,2026-03-29 17:09:40,0.0
VCLB_20260402.csv,2026-03-29 17:12:40,0.0
VCLB_20260402.csv,2026-03-29 17:15:40,0.0
VCLB_20260402.csv,2026-03-29 17:18:40,0.0
VCLB_20260402.csv,2026-03-29 17:21:40,0.0
VCLB_20260402.csv,2026-03-29 17:24:40,0.0
VCLB_20260402.csv,2026-03-29 17:27:40,0.0
VCLB_20260402.csv,2026-03-29 17:30:40,0.0
VCLB_20260402.csv,2026-03-29 17:33:40,0.0
VCLB_20260402.csv,2026-03-29 17:36:40,0.0
VCLB_20260402.csv,2026-03-29 17:39:40,0.0
VCLB_20260402.csv,2026-03-29 17:42:40,0.0
VCLB_20260402.csv,2026-03-29 17:45:40,0.0
VCLB_20260402.csv,2026-03-29 17:48:40,0.0
VCLB_20260402.csv,2026-03-29 17:51:40,0.0
VCLB_20260402.csv,2026-03-29 17:54:40,0.0
VCLB_20260402.csv,2026-03-29 17:57:40,0.0
VCLB_20260402.csv,2026-03-29 18:00:40,0.0
VCLB_20260402.csv,2026-03-29 18:03:40,0.0
VCLB_20260402.csv,2026-03-29 18:06:40,0.0
VCLB_20260402.csv,2026-03-29 18:09:40,0.0
VCLB_20260402.csv,2026-03-29 18:12:40,0.0
VCLB_20260402.csv,2026-03-29 18:15:40,0.0
VCLB_20260402.csv,2026-03-29 18:18:40,0.0
VCLB_20260402.csv,2026-03-29 18:21:40,0.0
VCLB_20260402.csv,2026-03-29 18:24:40,0.0
VCLB_20260402.csv,2026-03-29 18:27:40,0.0
VCLB_20260402.csv,2026-03-29 18:30:40,0.0
VCLB_20260402.csv,2026-03-29 18:33:40,0.0
VCLB_20260402.csv,2026-03-29 18:36:40,0.0
VCLB_20260402.csv,2026-03-29 18:39:40,0.0
VCLB_20260402.csv,2026-03-29 18:42:40,0.0
VCLB_20260402.csv,2026-03-29 18:45:40,0.0
VCLB_20260402.csv,2026-03-29 18:48:40,0.0
VCLB_20260402.csv,2026-03-29 18:51:40,0.0
VCLB_20260402.csv,2026-03-29 18:54:40,0.0
VCLB_20260402.csv,2026-03-29 18:57:40,0.0
VCLB_20260402.csv,2026-03-29 19:00:40,0.0
VCLB_20260402.csv,2026-03-29 19:03:40,0.0
VCLB_20260402.csv,2026-03-29 19:06:40,0.0
VCLB_20260402.csv,2026-03-29 19:09:40,0.0
VCLB_20260402.csv,2026-03-29 19:12:40,0.0
VCLB_20260402.csv,2026-03-29 19:15:40,0.0
VCLB_20260402.csv,2026-03-29 19:18:40,0.0
VCLB_20260402.csv,2026-03-29 19:21:40,0.0
VCLB_20260402.csv,2026-03-29 19:24:40,0.0
VCLB_20260402.csv,2026-03-29 19:27:40,0.0
VCLB_20260402.csv,2026-03-29 19:30:40,0.0
VCLB_20260402.csv,2026-03-29 19:33:40,0.0
VCLB_20260402.csv,2026-03-29 19:36:40,0.0
VCLB_20260402.csv,2026-03-29 19:39:40,0.0
VCLB_20260402.csv,2026-03-29 19:42:40,0.0
VCLB_20260402.csv,2026-03-29 19:45:40,0.0
VCLB_20260402.csv,2026-03-29 19:48:40,0.0
VCLB_20260402.csv,2026-03-29 19:51:41,0.0
VCLB_20260402.csv,2026-03-29 19:54:40,0.0
VCLB_20260402.csv,2026-03-29 19:57:40,0.0
VCLB_20260402.csv,2026-03-29 20:00:40,0.0
VCLB_20260402.csv,2026-03-29 20:03:40,0.0
VCLB_20260402.csv,2026-03-29 20:06:41,0.0
VCLB_20260402.csv,2026-03-29 20:09:40,0.0
VCLB_20260402.csv,2026-03-29 20:12:40,0.0
VCLB_20260402.csv,2026-03-29 20:15:40,0.0
VCLB_20260402.csv,2026-03-29 20:18:40,0.0
VCLB_20260402.csv,2026-03-29 20:21:40,0.0
VCLB_20260402.csv,2026-03-29 20:24:40,0.0
VCLB_20260402.csv,2026-03-29 20:27:40,0.0
VCLB_20260402.csv,2026-03-29 20:30:40,0.0
VCLB_20260402.csv,2026-03-29 20:33:40,0.0
VCLB_20260402.csv,2026-03-29 20:36:40,0.0
VCLB_20260402.csv,2026-03-29 20:39:40,0.0
VCLB_20260402.csv,2026-03-29 20:42:40,0.0
VCLB_20260402.csv,2026-03-29 20:45:40,0.0
VCLB_20260402.csv,2026-03-29 20:48:40,0.0
VCLB_20260402.csv,2026-03-29 20:51:40,0.0
VCLB_20260402.csv,2026-03-29 20:54:40,0.0
VCLB_20260402.csv,2026-03-29 20:57:40,0.0
VCLB_20260402.csv,2026-03-29 21:00:40,0.0
VCLB_20260402.csv,2026-03-29 21:03:40,0.0
VCLB_20260402.csv,2026-03-29 21:06:40,0.0
VCLB_20260402.csv,2026-03-29 21:09:40,0.0
VCLB_20260402.csv,2026-03-29 21:12:40,0.0
VCLB_20260402.csv,2026-03-29 21:15:40,0.0
VCLB_20260402.csv,2026-03-29 21:18:40,0.0
VCLB_20260402.csv,2026-03-29 21:21:40,0.0
VCLB_20260402.csv,2026-03-29 21:24:40,0.0
VCLB_20260402.csv,2026-03-29 21:27:40,0.0
VCLB_20260402.csv,2026-03-29 21:30:40,0.0
VCLB_20260402.csv,2026-03-29 21:33:40,0.0
VCLB_20260402.csv,2026-03-29 21:36:40,0.0
VCLB_20260402.csv,2026-03-29 21:39:40,0.0
VCLB_20260402.csv,2026-03-29 21:42:40,0.0
VCLB_20260402.csv,2026-03-29 21:45:40,0.0
VCLB_20260402.csv,2026-03-29 21:48:40,0.0
VCLB_20260402.csv,2026-03-29 21:51:40,0.0
VCLB_20260402.csv,2026-03-29 21:54:40,0.0
VCLB_20260402.csv,2026-03-29 21:57:40,0.0
VCLB_20260402.csv,2026-03-29 22:00:40,0.0
VCLB_20260402.csv,2026-03-29 22:03:40,0.0
VCLB_20260402.csv,2026-03-29 22:06:41,0.0
VCLB_20260402.csv,2026-03-29 22:09:40,0.0
VCLB_20260402.csv,2026-03-29 22:12:40,0.0
VCLB_20260402.csv,2026-03-29 22:15:40,0.0
VCLB_20260402.csv,2026-03-29 22:18:40,0.0
VCLB_20260402.csv,2026-03-29 22:21:40,0.0
VCLB_20260402.csv,2026-03-29 22:24:40,0.0
VCLB_20260402.csv,2026-03-29 22:27:40,0.0
VCLB_20260402.csv,2026-03-29 22:30:40,0.0
VCLB_20260402.csv,2026-03-29 22:33:40,0.0
VCLB_20260402.csv,2026-03-29 22:36:40,0.0
VCLB_20260402.csv,2026-03-29 22:39:40,0.0
VCLB_20260402.csv,2026-03-29 22:42:40,0.0
VCLB_20260402.csv,2026-03-29 22:45:40,0.0
VCLB_20260402.csv,2026-03-29 22:48:40,0.0
VCLB_20260402.csv,2026-03-29 22:51:40,0.0
VCLB_20260402.csv,2026-03-29 22:54:40,0.0
VCLB_20260402.csv,2026-03-29 22:57:40,0.0
VCLB_20260402.csv,2026-03-29 23:00:40,0.0
VCLB_20260402.csv,2026-03-29 23:03:40,0.0
VCLB_20260402.csv,2026-03-29 23:06:41,0.0
VCLB_20260402.csv,2026-03-29 23:09:40,0.0
VCLB_20260402.csv,2026-03-29 23:12:40,0.0
VCLB_20260402.csv,2026-03-29 23:15:40,0.0
VCLB_20260402.csv,2026-03-29 23:18:40,0.0
VCLB_20260402.csv,2026-03-29 23:21:40,0.0
VCLB_20260402.csv,2026-03-29 23:24:40,0.0
VCLB_20260402.csv,2026-03-29 23:27:40,0.0
VCLB_20260402.csv,2026-03-29 23:30:40,0.0
VCLB_20260402.csv,2026-03-29 23:33:40,0.0
VCLB_20260402.csv,2026-03-29 23:36:40,0.0
VCLB_20260402.csv,2026-03-29 23:39:40,0.0
VCLB_20260402.csv,2026-03-29 23:42:40,0.0
VCLB_20260402.csv,2026-03-29 23:45:40,0.0
VCLB_20260402.csv,2026-03-29 23:48:40,0.0
VCLB_20260402.csv,2026-03-29 23:51:40,0.0
VCLB_20260402.csv,2026-03-29 23:54:40,0.0
VCLB_20260402.csv,2026-03-29 23:57:40,0.0
VCLB_20260402.csv,2026-03-30 00:00:40,0.0
VCLB_20260402.csv,2026-03-30 00:03:40,0.0
VCLB_20260402.csv,2026-03-30 00:06:40,0.0
VCLB_20260402.csv,2026-03-30 00:09:40,0.0
VCLB_20260402.csv,2026-03-30 00:12:40,0.0
VCLB_20260402.csv,2026-03-30 00:15:40,0.0
VCLB_20260402.csv,2026-03-30 00:18:40,0.0
VCLB_20260402.csv,2026-03-30 00:21:40,0.0
VCLB_20260402.csv,2026-03-30 00:24:40,0.0
VCLB_20260402.csv,2026-03-30 00:27:40,0.0
VCLB_20260402.csv,2026-03-30 00:30:40,0.0
VCLB_20260402.csv,2026-03-30 00:33:40,0.0
VCLB_20260402.csv,2026-03-30 00:36:40,0.0
VCLB_20260402.csv,2026-03-30 00:39:40,0.0
VCLB_20260402.csv,2026-03-30 00:42:40,0.0
VCLB_20260402.csv,2026-03-30 00:45:40,0.0
VCLB_20260402.csv,2026-03-30 00:48:40,0.0
VCLB_20260402.csv,2026-03-30 00:51:40,0.0
VCLB_20260402.csv,2026-03-30 00:54:40,0.0
VCLB_20260402.csv,2026-03-30 00:57:40,0.0
VCLB_20260402.csv,2026-03-30 01:00:40,0.0
VCLB_20260402.csv,2026-03-30 01:03:40,0.0
VCLB_20260402.csv,2026-03-30 01:06:40,0.0
VCLB_20260402.csv,2026-03-30 01:09:40,0.0
VCLB_20260402.csv,2026-03-30 01:12:40,0.0
VCLB_20260402.csv,2026-03-30 01:15:40,0.0
VCLB_20260402.csv,2026-03-30 01:18:40,0.0
VCLB_20260402.csv,2026-03-30 01:21:40,0.0
VCLB_20260402.csv,2026-03-30 01:24:40,0.0
VCLB_20260402.csv,2026-03-30 01:27:40,0.0
VCLB_20260402.csv,2026-03-30 01:30:40,0.0
VCLB_20260402.csv,2026-03-30 01:33:40,0.0
VCLB_20260402.csv,2026-03-30 01:36:40,0.0
VCLB_20260402.csv,2026-03-30 01:39:40,0.0
VCLB_20260402.csv,2026-03-30 01:42:40,0.0
VCLB_20260402.csv,2026-03-30 01:45:40,0.0
VCLB_20260402.csv,2026-03-30 01:48:40,0.0
VCLB_20260402.csv,2026-03-30 01:51:40,0.0
VCLB_20260402.csv,2026-03-30 01:54:40,0.0
VCLB_20260402.csv,2026-03-30 01:57:40,0.0
VCLB_20260402.csv,2026-03-30 02:00:40,0.0
VCLB_20260402.csv,2026-03-30 02:03:40,0.0
VCLB_20260402.csv,2026-03-30 02:06:40,0.0
VCLB_20260402.csv,2026-03-30 02:09:40,0.0
VCLB_20260402.csv,2026-03-30 02:12:40,0.0
VCLB_20260402.csv,2026-03-30 02:15:40,0.0
VCLB_20260402.csv,2026-03-30 02:18:40,0.0
VCLB_20260402.csv,2026-03-30 02:21:40,0.0
VCLB_20260402.csv,2026-03-30 02:24:40,0.0
VCLB_20260402.csv,2026-03-30 02:27:40,0.0
VCLB_20260402.csv,2026-03-30 02:30:40,0.0
VCLB_20260402.csv,2026-03-30 02:33:40,0.0
VCLB_20260402.csv,2026-03-30 02:36:40,0.0
VCLB_20260402.csv,2026-03-30 02:39:40,0.0
VCLB_20260402.csv,2026-03-30 02:42:40,0.0
VCLB_20260402.csv,2026-03-30 02:45:40,0.0
VCLB_20260402.csv,2026-03-30 02:48:40,0.0
VCLB_20260402.csv,2026-03-30 02:51:40,0.0
VCLB_20260402.csv,2026-03-30 02:54:40,0.0
VCLB_20260402.csv,2026-03-30 02:57:40,0.0
VCLB_20260402.csv,2026-03-30 03:00:40,0.0
VCLB_20260402.csv,2026-03-30 03:03:40,0.0
VCLB_20260402.csv,2026-03-30 03:06:40,0.0
VCLB_20260402.csv,2026-03-30 03:09:40,0.0
VCLB_20260402.csv,2026-03-30 03:12:40,0.0
VCLB_20260402.csv,2026-03-30 03:15:40,0.0
VCLB_20260402.csv,2026-03-30 03:18:40,0.0
VCLB_20260402.csv,2026-03-30 03:21:40,0.0
VCLB_20260402.csv,2026-03-30 03:24:40,0.0
VCLB_20260402.csv,2026-03-30 03:27:40,0.0
VCLB_20260402.csv,2026-03-30 03:30:40,0.0
VCLB_20260402.csv,2026-03-30 03:33:40,0.0
VCLB_20260402.csv,2026-03-30 03:36:40,0.0
VCLB_20260402.csv,2026-03-30 03:39:40,0.0
VCLB_20260402.csv,2026-03-30 03:42:40,0.0
VCLB_20260402.csv,2026-03-30 03:45:40,0.0
VCLB_20260402.csv,2026-03-30 03:48:40,0.0
VCLB_20260402.csv,2026-03-30 03:51:40,0.0
VCLB_20260402.csv,2026-03-30 03:54:40,0.0
VCLB_20260402.csv,2026-03-30 03:57:40,0.0
VCLB_20260402.csv,2026-03-30 04:00:40,0.0
VCLB_20260402.csv,2026-03-30 04:03:40,0.0
VCLB_20260402.csv,2026-03-30 04:06:40,0.0
VCLB_20260402.csv,2026-03-30 04:09:40,0.0
VCLB_20260402.csv,2026-03-30 04:12:40,0.0
VCLB_20260402.csv,2026-03-30 04:15:40,0.0
VCLB_20260402.csv,2026-03-30 04:18:40,0.0
VCLB_20260402.csv,2026-03-30 04:21:40,0.0
VCLB_20260402.csv,2026-03-30 04:24:40,0.0
VCLB_20260402.csv,2026-03-30 04:27:40,0.0
VCLB_20260402.csv,2026-03-30 04:30:40,0.0
VCLB_20260402.csv,2026-03-30 04:33:40,0.0
VCLB_20260402.csv,2026-03-30 04:36:40,0.0
VCLB_20260402.csv,2026-03-30 04:39:40,0.0
VCLB_20260402.csv,2026-03-30 04:42:40,0.0
VCLB_20260402.csv,2026-03-30 04:45:40,0.0
VCLB_20260402.csv,2026-03-30 04:48:40,0.0
VCLB_20260402.csv,2026-03-30 04:51:40,0.0
VCLB_20260402.csv,2026-03-30 04:54:40,0.0
VCLB_20260402.csv,2026-03-30 04:57:40,0.0
VCLB_20260402.csv,2026-03-30 05:00:40,0.0
VCLB_20260402.csv,2026-03-30 05:03:40,0.0
VCLB_20260402.csv,2026-03-30 05:06:40,0.0
VCLB_20260402.csv,2026-03-30 05:09:40,0.0
VCLB_20260402.csv,2026-03-30 05:12:40,0.0
VCLB_20260402.csv,2026-03-30 05:15:40,0.0
VCLB_20260402.csv,2026-03-30 05:18:40,0.0
VCLB_20260402.csv,2026-03-30 05:21:40,0.0
VCLB_20260402.csv,2026-03-30 05:24:40,0.0
VCLB_20260402.csv,2026-03-30 05:27:40,0.0
VCLB_20260402.csv,2026-03-30 05:30:40,0.0
VCLB_20260402.csv,2026-03-30 05:33:40,0.0
VCLB_20260402.csv,2026-03-30 05:36:40,0.0
VCLB_20260402.csv,2026-03-30 05:39:40,0.0
VCLB_20260402.csv,2026-03-30 05:42:40,0.0
VCLB_20260402.csv,2026-03-30 05:45:40,0.0
VCLB_20260402.csv,2026-03-30 05:48:40,0.0
VCLB_20260402.csv,2026-03-30 05:51:40,0.0
VCLB_20260402.csv,2026-03-30 05:54:40,0.0
VCLB_20260402.csv,2026-03-30 05:57:40,0.0
VCLB_20260402.csv,2026-03-30 06:00:40,0.0
VCLB_20260402.csv,2026-03-30 06:03:40,0.0
VCLB_20260402.csv,2026-03-30 06:06:40,0.0
VCLB_20260402.csv,2026-03-30 06:09:40,0.0
VCLB_20260402.csv,2026-03-30 06:12:40,0.0
VCLB_20260402.csv,2026-03-30 06:15:40,0.0
VCLB_20260402.csv,2026-03-30 06:18:40,0.0
VCLB_20260402.csv,2026-03-30 06:21:40,0.0
VCLB_20260402.csv,2026-03-30 06:24:40,0.0
VCLB_20260402.csv,2026-03-30 06:27:40,0.0
VCLB_20260402.csv,2026-03-30 06:30:40,0.0
VCLB_20260402.csv,2026-03-30 06:33:40,0.0
VCLB_20260402.csv,2026-03-30 06:36:40,0.0
VCLB_20260402.csv,2026-03-30 06:39:40,0.0
VCLB_20260402.csv,2026-03-30 06:42:40,0.0
VCLB_20260402.csv,2026-03-30 06:45:40,0.0
VCLB_20260402.csv,2026-03-30 06:48:40,0.0
VCLB_20260402.csv,2026-03-30 06:51:40,0.0
VCLB_20260402.csv,2026-03-30 06:54:40,0.0
VCLB_20260402.csv,2026-03-30 06:57:40,0.0
VCLB_20260402.csv,2026-03-30 07:00:40,0.0
VCLB_20260402.csv,2026-03-30 07:03:40,0.0
VCLB_20260402.csv,2026-03-30 07:06:40,0.0
VCLB_20260402.csv,2026-03-30 07:09:40,0.0
VCLB_20260402.csv,2026-03-30 07:12:40,0.0
VCLB_20260402.csv,2026-03-30 07:15:40,0.0
VCLB_20260402.csv,2026-03-30 07:18:40,0.0
VCLB_20260402.csv,2026-03-30 07:21:40,0.0
VCLB_20260402.csv,2026-03-30 07:24:40,0.0
VCLB_20260402.csv,2026-03-30 07:27:40,0.0
VCLB_20260402.csv,2026-03-30 07:30:40,0.0
VCLB_20260402.csv,2026-03-30 07:33:40,0.0
VCLB_20260402.csv,2026-03-30 07:36:40,0.0
VCLB_20260402.csv,2026-03-30 07:39:40,0.0
VCLB_20260402.csv,2026-03-30 07:42:40,0.0
VCLB_20260402.csv,2026-03-30 07:45:40,0.0
VCLB_20260402.csv,2026-03-30 07:48:40,0.0
VCLB_20260402.csv,2026-03-30 07:51:40,0.0
VCLB_20260402.csv,2026-03-30 07:54:40,0.0
VCLB_20260402.csv,2026-03-30 07:57:40,0.0
VCLB_20260402.csv,2026-03-30 08:00:40,0.0
VCLB_20260402.csv,2026-03-30 08:03:40,0.0
VCLB_20260402.csv,2026-03-30 08:06:40,0.0
VCLB_20260402.csv,2026-03-30 08:09:40,0.0
VCLB_20260402.csv,2026-03-30 08:12:40,0.0
VCLB_20260402.csv,2026-03-30 08:15:40,0.0
VCLB_20260402.csv,2026-03-30 08:18:40,0.0
VCLB_20260402.csv,2026-03-30 08:21:40,0.0
VCLB_20260402.csv,2026-03-30 08:24:40,0.0
VCLB_20260402.csv,2026-03-30 08:27:40,0.0
VCLB_20260402.csv,2026-03-30 08:30:40,0.0
VCLB_20260402.csv,2026-03-30 08:33:40,0.0
VCLB_20260402.csv,2026-03-30 08:36:40,0.0
VCLB_20260402.csv,2026-03-30 08:39:40,0.0
VCLB_20260402.csv,2026-03-30 08:42:40,0.0
VCLB_20260402.csv,2026-03-30 08:45:40,0.0
VCLB_20260402.csv,2026-03-30 08:48:40,0.0
VCLB_20260402.csv,2026-03-30 08:51:40,0.0
VCLB_20260402.csv,2026-03-30 08:54:40,0.0
VCLB_20260402.csv,2026-03-30 08:57:40,0.0
VCLB_20260402.csv,2026-03-30 09:00:40,0.0
VCLB_20260402.csv,2026-03-30 09:03:40,0.0
VCLB_20260402.csv,2026-03-30 09:06:40,0.0
VCLB_20260402.csv,2026-03-30 09:09:40,0.0
VCLB_20260402.csv,2026-03-30 09:12:40,0.0
VCLB_20260402.csv,2026-03-30 09:15:40,0.0
VCLB_20260402.csv,2026-03-30 09:18:40,0.0
VCLB_20260402.csv,2026-03-30 09:21:40,0.0
VCLB_20260402.csv,2026-03-30 09:24:40,0.0
VCLB_20260402.csv,2026-03-30 09:27:40,0.0
VCLB_20260402.csv,2026-03-30 09:30:40,0.0
VCLB_20260402.csv,2026-03-30 09:33:41,0.0
VCLB_20260402.csv,2026-03-30 09:36:40,0.0
VCLB_20260402.csv,2026-03-30 09:39:40,0.0
VCLB_20260402.csv,2026-03-30 09:42:40,0.0
VCLB_20260402.csv,2026-03-30 09:45:40,0.0
VCLB_20260402.csv,2026-03-30 09:48:40,0.0
VCLB_20260402.csv,2026-03-30 09:51:40,0.0
VCLB_20260402.csv,2026-03-30 09:54:40,0.0
VCLB_20260402.csv,2026-03-30 09:57:40,0.0
VCLB_20260402.csv,2026-03-30 10:00:40,0.0
VCLB_20260402.csv,2026-03-30 10:03:40,0.0
VCLB_20260402.csv,2026-03-30 10:06:40,0.0
VCLB_20260402.csv,2026-03-30 10:09:40,0.0
VCLB_20260402.csv,2026-03-30 10:12:40,0.0
VCLB_20260402.csv,2026-03-30 10:15:40,0.0
VCLB_20260402.csv,2026-03-30 10:18:40,0.0
VCLB_20260402.csv,2026-03-30 10:21:40,0.0
VCLB_20260402.csv,2026-03-30 10:24:40,0.0
VCLB_20260402.csv,2026-03-30 10:27:40,0.0
VCLB_20260402.csv,2026-03-30 10:30:40,0.0
VCLB_20260402.csv,2026-03-30 10:33:40,0.0
VCLB_20260402.csv,2026-03-30 10:36:40,0.0
VCLB_20260402.csv,2026-03-30 10:39:40,0.0
VCLB_20260402.csv,2026-03-30 10:42:40,0.0
VCLB_20260402.csv,2026-03-30 10:45:40,0.0
VCLB_20260402.csv,2026-03-30 10:48:40,0.0
VCLB_20260402.csv,2026-03-30 10:51:40,0.0
VCLB_20260402.csv,2026-03-30 10:54:40,0.0
VCLB_20260402.csv,2026-03-30 10:57:40,0.0
VCLB_20260402.csv,2026-03-30 11:00:40,0.0
VCLB_20260402.csv,2026-03-30 11:03:40,0.0
VCLB_20260402.csv,2026-03-30 11:06:40,0.0
VCLB_20260402.csv,2026-03-30 11:09:40,0.0
VCLB_20260402.csv,2026-03-30 11:12:40,0.0
VCLB_20260402.csv,2026-03-30 11:15:40,0.0
VCLB_20260402.csv,2026-03-30 11:18:40,0.0
VCLB_20260402.csv,2026-03-30 11:21:40,0.0
VCLB_20260402.csv,2026-03-30 11:24:40,0.0
VCLB_20260402.csv,2026-03-30 11:27:40,0.0
VCLB_20260402.csv,2026-03-30 11:30:40,0.0
VCLB_20260402.csv,2026-03-30 11:33:40,0.0
VCLB_20260402.csv,2026-03-30 11:36:40,0.0
VCLB_20260402.csv,2026-03-30 11:39:40,0.0
VCLB_20260402.csv,2026-03-30 11:42:40,0.0
VCLB_20260402.csv,2026-03-30 11:45:40,0.0
VCLB_20260402.csv,2026-03-30 11:48:40,0.0
VCLB_20260402.csv,2026-03-30 11:51:40,0.0
VCLB_20260402.csv,2026-03-30 11:54:40,0.0
VCLB_20260402.csv,2026-03-30 11:57:40,0.0
VCLB_20260402.csv,2026-03-30 12:00:40,0.0
VCLB_20260402.csv,2026-03-30 12:03:40,0.0
VCLB_20260402.csv,2026-03-30 12:06:40,0.0
VCLB_20260402.csv,2026-03-30 12:09:40,0.0
VCLB_20260402.csv,2026-03-30 12:12:40,0.0
VCLB_20260402.csv,2026-03-30 12:15:40,0.0
VCLB_20260402.csv,2026-03-30 12:18:40,0.0
VCLB_20260402.csv,2026-03-30 12:21:40,0.0
VCLB_20260402.csv,2026-03-30 12:24:40,0.0
VCLB_20260402.csv,2026-03-30 12:27:40,0.0
VCLB_20260402.csv,2026-03-30 12:30:40,0.0
VCLB_20260402.csv,2026-03-30 12:33:40,0.0
VCLB_20260402.csv,2026-03-30 12:36:40,0.0
VCLB_20260402.csv,2026-03-30 12:39:40,0.0
VCLB_20260402.csv,2026-03-30 12:42:40,0.0
VCLB_20260402.csv,2026-03-30 12:45:40,0.0
VCLB_20260402.csv,2026-03-30 12:48:40,0.0
VCLB_20260402.csv,2026-03-30 12:51:40,0.0
VCLB_20260402.csv,2026-03-30 12:54:40,0.0
VCLB_20260402.csv,2026-03-30 12:57:40,0.0
VCLB_20260402.csv,2026-03-30 13:00:40,0.0
VCLB_20260402.csv,2026-03-30 13:03:40,0.0
VCLB_20260402.csv,2026-03-30 13:06:40,0.0
VCLB_20260402.csv,2026-03-30 13:09:40,0.0
VCLB_20260402.csv,2026-03-30 13:12:40,0.0
VCLB_20260402.csv,2026-03-30 13:15:40,0.0
VCLB_20260402.csv,2026-03-30 13:18:40,0.0
VCLB_20260402.csv,2026-03-30 13:21:40,0.0
VCLB_20260402.csv,2026-03-30 13:24:40,0.0
VCLB_20260402.csv,2026-03-30 13:27:40,0.0
VCLB_20260402.csv,2026-03-30 13:30:40,0.0
VCLB_20260402.csv,2026-03-30 13:33:40,0.0
VCLB_20260402.csv,2026-03-30 13:36:40,0.0
VCLB_20260402.csv,2026-03-30 13:39:40,0.0
VCLB_20260402.csv,2026-03-30 13:42:40,0.0
VCLB_20260402.csv,2026-03-30 13:45:40,0.0
VCLB_20260402.csv,2026-03-30 13:48:40,0.0
VCLB_20260402.csv,2026-03-30 13:51:40,0.0
VCLB_20260402.csv,2026-03-30 13:54:40,0.0
VCLB_20260402.csv,2026-03-30 13:57:40,0.0
VCLB_20260402.csv,2026-03-30 14:00:40,0.0
VCLB_20260402.csv,2026-03-30 14:03:40,0.0
VCLB_20260402.csv,2026-03-30 14:06:40,0.0
VCLB_20260402.csv,2026-03-30 14:09:40,0.0
VCLB_20260402.csv,2026-03-30 14:12:40,0.0
VCLB_20260402.csv,2026-03-30 14:15:40,0.0
VCLB_20260402.csv,2026-03-30 14:18:40,0.0
VCLB_20260402.csv,2026-03-30 14:21:40,0.0
VCLB_20260402.csv,2026-03-30 14:24:40,0.0
VCLB_20260402.csv,2026-03-30 14:27:40,0.0
VCLB_20260402.csv,2026-03-30 14:30:40,0.0
VCLB_20260402.csv,2026-03-30 14:33:40,0.0
VCLB_20260402.csv,2026-03-30 14:36:40,0.0
VCLB_20260402.csv,2026-03-30 14:39:40,0.0
VCLB_20260402.csv,2026-03-30 14:42:40,0.0
VCLB_20260402.csv,2026-03-30 14:45:40,0.0
VCLB_20260402.csv,2026-03-30 14:48:40,0.0
VCLB_20260402.csv,2026-03-30 14:51:40,0.0
VCLB_20260402.csv,2026-03-30 14:54:40,0.0
VCLB_20260402.csv,2026-03-30 14:57:40,0.0
VCLB_20260402.csv,2026-03-30 15:00:40,0.0
VCLB_20260402.csv,2026-03-30 15:03:40,0.0
VCLB_20260402.csv,2026-03-30 15:06:40,0.0
VCLB_20260402.csv,2026-03-30 15:09:40,0.0
VCLB_20260402.csv,2026-03-30 15:12:40,0.0
VCLB_20260402.csv,2026-03-30 15:15:40,0.0
VCLB_20260402.csv,2026-03-30 15:18:40,0.0
VCLB_20260402.csv,2026-03-30 15:21:40,0.0
VCLB_20260402.csv,2026-03-30 15:24:40,0.0
VCLB_20260402.csv,2026-03-30 15:27:40,0.0
VCLB_20260402.csv,2026-03-30 15:30:40,0.0
VCLB_20260402.csv,2026-03-30 15:33:40,0.0
VCLB_20260402.csv,2026-03-30 15:36:40,0.0
VCLB_20260402.csv,2026-03-30 15:39:40,0.0
VCLB_20260402.csv,2026-03-30 15:42:40,0.0
VCLB_20260402.csv,2026-03-30 15:45:40,0.0
VCLB_20260402.csv,2026-03-30 15:48:40,0.0
VCLB_20260402.csv,2026-03-30 15:51:40,0.0
VCLB_20260402.csv,2026-03-30 15:54:40,0.0
VCLB_20260402.csv,2026-03-30 15:57:40,0.0
VCLB_20260402.csv,2026-03-30 16:00:40,0.0
VCLB_20260402.csv,2026-03-30 16:03:40,0.0
VCLB_20260402.csv,2026-03-30 16:06:40,0.0
VCLB_20260402.csv,2026-03-30 16:09:40,0.0
VCLB_20260402.csv,2026-03-30 16:12:40,0.0
VCLB_20260402.csv,2026-03-30 16:15:40,0.0
VCLB_20260402.csv,2026-03-30 16:18:40,0.0
VCLB_20260402.csv,2026-03-30 16:21:40,0.0
VCLB_20260402.csv,2026-03-30 16:24:40,0.0
VCLB_20260402.csv,2026-03-30 16:27:40,0.0
VCLB_20260402.csv,2026-03-30 16:30:40,0.0
VCLB_20260402.csv,2026-03-30 16:33:40,0.0
VCLB_20260402.csv,2026-03-30 16:36:40,0.0
VCLB_20260402.csv,2026-03-30 16:39:40,0.0
VCLB_20260402.csv,2026-03-30 16:42:40,0.0
VCLB_20260402.csv,2026-03-30 16:45:40,0.0
VCLB_20260402.csv,2026-03-30 16:48:39,0.0
VCLB_20260402.csv,2026-03-30 16:51:40,0.0
VCLB_20260402.csv,2026-03-30 16:54:40,0.0
VCLB_20260402.csv,2026-03-30 16:57:39,0.0
VCLB_20260402.csv,2026-03-30 17:00:39,0.0
VCLB_20260402.csv,2026-03-30 17:03:39,0.0
VCLB_20260402.csv,2026-03-30 17:06:39,0.0
VCLB_20260402.csv,2026-03-30 17:09:39,0.0
VCLB_20260402.csv,2026-03-30 17:12:39,0.0
VCLB_20260402.csv,2026-03-30 17:15:39,0.0
VCLB_20260402.csv,2026-03-30 17:18:39,0.0
VCLB_20260402.csv,2026-03-30 17:21:39,0.0
VCLB_20260402.csv,2026-03-30 17:24:39,0.0
VCLB_20260402.csv,2026-03-30 17:27:39,0.0
VCLB_20260402.csv,2026-03-30 17:30:39,0.0
VCLB_20260402.csv,2026-03-30 17:33:39,0.0
VCLB_20260402.csv,2026-03-30 17:36:39,0.0
VCLB_20260402.csv,2026-03-30 17:39:39,0.0
VCLB_20260402.csv,2026-03-30 17:42:40,0.0
VCLB_20260402.csv,2026-03-30 17:45:39,0.0
VCLB_20260402.csv,2026-03-30 17:48:39,0.0
VCLB_20260402.csv,2026-03-30 17:51:39,0.0
VCLB_20260402.csv,2026-03-30 17:54:39,0.0
VCLB_20260402.csv,2026-03-30 17:57:39,0.0
VCLB_20260402.csv,2026-03-30 18:00:39,0.0
VCLB_20260402.csv,2026-03-30 18:03:39,0.0
VCLB_20260402.csv,2026-03-30 18:06:39,0.0
VCLB_20260402.csv,2026-03-30 18:09:39,0.0
VCLB_20260402.csv,2026-03-30 18:12:40,0.0
VCLB_20260402.csv,2026-03-30 18:15:39,0.0
VCLB_20260402.csv,2026-03-30 18:18:39,0.0
VCLB_20260402.csv,2026-03-30 18:21:39,0.0
VCLB_20260402.csv,2026-03-30 18:24:39,0.0
VCLB_20260402.csv,2026-03-30 18:27:39,0.0
VCLB_20260402.csv,2026-03-30 18:30:39,0.0
VCLB_20260402.csv,2026-03-30 18:33:39,0.0
VCLB_20260402.csv,2026-03-30 18:36:39,0.0
VCLB_20260402.csv,2026-03-30 18:39:39,0.0
VCLB_20260402.csv,2026-03-30 18:42:39,0.0
VCLB_20260402.csv,2026-03-30 18:45:40,0.0
VCLB_20260402.csv,2026-03-30 18:48:39,0.0
VCLB_20260402.csv,2026-03-30 18:51:39,0.0
VCLB_20260402.csv,2026-03-30 18:54:39,0.0
VCLB_20260402.csv,2026-03-30 18:57:39,0.0
VCLB_20260402.csv,2026-03-30 19:00:40,0.0
VCLB_20260402.csv,2026-03-30 19:03:39,0.0
VCLB_20260402.csv,2026-03-30 19:06:39,0.0
VCLB_20260402.csv,2026-03-30 19:09:39,0.0
VCLB_20260402.csv,2026-03-30 19:12:39,0.0
VCLB_20260402.csv,2026-03-30 19:15:40,0.0
VCLB_20260402.csv,2026-03-30 19:18:39,0.0
VCLB_20260402.csv,2026-03-30 19:21:39,0.0
VCLB_20260402.csv,2026-03-30 19:24:39,0.0
VCLB_20260402.csv,2026-03-30 19:27:39,0.0
VCLB_20260402.csv,2026-03-30 19:30:40,0.0
VCLB_20260402.csv,2026-03-30 19:33:39,0.0
VCLB_20260402.csv,2026-03-30 19:36:39,0.0
VCLB_20260402.csv,2026-03-30 19:39:39,0.0
VCLB_20260402.csv,2026-03-30 19:42:39,0.0
VCLB_20260402.csv,2026-03-30 19:45:39,0.0
VCLB_20260402.csv,2026-03-30 19:48:39,0.0
VCLB_20260402.csv,2026-03-30 19:51:39,0.0
VCLB_20260402.csv,2026-03-30 19:54:39,0.0
VCLB_20260402.csv,2026-03-30 19:57:39,0.0
VCLB_20260402.csv,2026-03-30 20:00:39,0.0
VCLB_20260402.csv,2026-03-30 20:03:39,0.0
VCLB_20260402.csv,2026-03-30 20:06:39,0.0
VCLB_20260402.csv,2026-03-30 20:09:39,0.0
VCLB_20260402.csv,2026-03-30 20:12:39,0.0
VCLB_20260402.csv,2026-03-30 20:15:39,0.0
VCLB_20260402.csv,2026-03-30 20:18:39,0.0
VCLB_20260402.csv,2026-03-30 20:21:39,0.0
VCLB_20260402.csv,2026-03-30 20:24:39,0.0
VCLB_20260402.csv,2026-03-30 20:27:39,0.0
VCLB_20260402.csv,2026-03-30 20:30:39,0.0
VCLB_20260402.csv,2026-03-30 20:33:39,0.0
VCLB_20260402.csv,2026-03-30 20:36:39,0.0
VCLB_20260402.csv,2026-03-30 20:39:39,0.0
VCLB_20260402.csv,2026-03-30 20:42:39,0.0
VCLB_20260402.csv,2026-03-30 20:45:39,0.0
VCLB_20260402.csv,2026-03-30 20:48:39,0.0
VCLB_20260402.csv,2026-03-30 20:51:39,0.0
VCLB_20260402.csv,2026-03-30 20:54:39,0.0
VCLB_20260402.csv,2026-03-30 20:57:39,0.0
VCLB_20260402.csv,2026-03-30 21:00:39,0.0
VCLB_20260402.csv,2026-03-30 21:03:39,0.0
VCLB_20260402.csv,2026-03-30 21:06:39,0.0
VCLB_20260402.csv,2026-03-30 21:09:39,0.0
VCLB_20260402.csv,2026-03-30 21:12:39,0.0
VCLB_20260402.csv,2026-03-30 21:15:39,0.0
VCLB_20260402.csv,2026-03-30 21:18:39,0.0
VCLB_20260402.csv,2026-03-30 21:21:40,0.0
VCLB_20260402.csv,2026-03-30 21:24:39,0.0
VCLB_20260402.csv,2026-03-30 21:27:39,0.0
VCLB_20260402.csv,2026-03-30 21:30:39,0.0
VCLB_20260402.csv,2026-03-30 21:33:39,0.0
VCLB_20260402.csv,2026-03-30 21:36:39,0.0
VCLB_20260402.csv,2026-03-30 21:39:39,0.0
VCLB_20260402.csv,2026-03-30 21:42:39,0.0
VCLB_20260402.csv,2026-03-30 21:45:39,0.0
VCLB_20260402.csv,2026-03-30 21:48:39,0.0
VCLB_20260402.csv,2026-03-30 21:51:39,0.0
VCLB_20260402.csv,2026-03-30 21:54:39,0.0
VCLB_20260402.csv,2026-03-30 21:57:39,0.0
VCLB_20260402.csv,2026-03-30 22:00:39,0.0
VCLB_20260402.csv,2026-03-30 22:03:39,0.0
VCLB_20260402.csv,2026-03-30 22:06:39,0.0
VCLB_20260402.csv,2026-03-30 22:09:39,0.0
VCLB_20260402.csv,2026-03-30 22:12:39,0.0
VCLB_20260402.csv,2026-03-30 22:15:39,0.0
VCLB_20260402.csv,2026-03-30 22:18:39,0.0
VCLB_20260402.csv,2026-03-30 22:21:39,0.0
VCLB_20260402.csv,2026-03-30 22:24:40,0.0
VCLB_20260402.csv,2026-03-30 22:27:39,0.0
VCLB_20260402.csv,2026-03-30 22:30:39,0.0
VCLB_20260402.csv,2026-03-30 22:33:39,0.0
VCLB_20260402.csv,2026-03-30 22:36:39,0.0
VCLB_20260402.csv,2026-03-30 22:39:39,0.0
VCLB_20260402.csv,2026-03-30 22:42:39,0.0
VCLB_20260402.csv,2026-03-30 22:45:39,0.0
VCLB_20260402.csv,2026-03-30 22:48:39,0.0
VCLB_20260402.csv,2026-03-30 22:51:39,0.0
VCLB_20260402.csv,2026-03-30 22:54:39,0.0
VCLB_20260402.csv,2026-03-30 22:57:39,0.0
VCLB_20260402.csv,2026-03-30 23:00:39,0.0
VCLB_20260402.csv,2026-03-30 23:03:39,0.0
VCLB_20260402.csv,2026-03-30 23:06:39,0.0
VCLB_20260402.csv,2026-03-30 23:09:40,0.0
VCLB_20260402.csv,2026-03-30 23:12:39,0.0
VCLB_20260402.csv,2026-03-30 23:15:39,0.0
VCLB_20260402.csv,2026-03-30 23:18:39,0.0
VCLB_20260402.csv,2026-03-30 23:21:39,0.0
VCLB_20260402.csv,2026-03-30 23:24:39,0.0
VCLB_20260402.csv,2026-03-30 23:27:39,0.0
VCLB_20260402.csv,2026-03-30 23:30:39,0.0
VCLB_20260402.csv,2026-03-30 23:33:39,0.0
VCLB_20260402.csv,2026-03-30 23:36:39,0.0
VCLB_20260402.csv,2026-03-30 23:39:39,0.0
VCLB_20260402.csv,2026-03-30 23:42:39,0.0
VCLB_20260402.csv,2026-03-30 23:45:39,0.0
VCLB_20260402.csv,2026-03-30 23:48:39,0.0
VCLB_20260402.csv,2026-03-30 23:51:39,0.0
VCLB_20260402.csv,2026-03-30 23:54:39,0.0
VCLB_20260402.csv,2026-03-30 23:57:39,0.0
VCLB_20260402.csv,2026-03-31 00:00:39,0.0
VCLB_20260402.csv,2026-03-31 00:03:39,0.0
VCLB_20260402.csv,2026-03-31 00:06:39,0.0
VCLB_20260402.csv,2026-03-31 00:09:39,0.0
VCLB_20260402.csv,2026-03-31 00:12:40,0.0
VCLB_20260402.csv,2026-03-31 00:15:39,0.0
VCLB_20260402.csv,2026-03-31 00:18:39,0.0
VCLB_20260402.csv,2026-03-31 00:21:39,0.0
VCLB_20260402.csv,2026-03-31 00:24:39,0.0
VCLB_20260402.csv,2026-03-31 00:27:39,0.0
VCLB_20260402.csv,2026-03-31 00:30:39,0.0
VCLB_20260402.csv,2026-03-31 00:33:39,0.0
VCLB_20260402.csv,2026-03-31 00:36:39,0.0
VCLB_20260402.csv,2026-03-31 00:39:39,0.0
VCLB_20260402.csv,2026-03-31 00:42:39,0.0
VCLB_20260402.csv,2026-03-31 00:45:39,0.0
VCLB_20260402.csv,2026-03-31 00:48:39,0.0
VCLB_20260402.csv,2026-03-31 00:51:39,0.0
VCLB_20260402.csv,2026-03-31 00:54:39,0.0
VCLB_20260402.csv,2026-03-31 00:57:39,0.0
VCLB_20260402.csv,2026-03-31 01:00:39,0.0
VCLB_20260402.csv,2026-03-31 01:03:39,0.0
VCLB_20260402.csv,2026-03-31 01:06:39,0.0
VCLB_20260402.csv,2026-03-31 01:09:39,0.0
VCLB_20260402.csv,2026-03-31 01:12:40,0.0
VCLB_20260402.csv,2026-03-31 01:15:39,0.0
VCLB_20260402.csv,2026-03-31 01:18:39,0.0
VCLB_20260402.csv,2026-03-31 01:21:39,0.0
VCLB_20260402.csv,2026-03-31 01:24:39,0.0
VCLB_20260402.csv,2026-03-31 01:27:39,0.0
VCLB_20260402.csv,2026-03-31 01:30:39,0.0
VCLB_20260402.csv,2026-03-31 01:33:39,0.0
VCLB_20260402.csv,2026-03-31 01:36:39,0.0
VCLB_20260402.csv,2026-03-31 01:39:39,0.0
VCLB_20260402.csv,2026-03-31 01:42:39,0.0
VCLB_20260402.csv,2026-03-31 01:45:40,0.0
VCLB_20260402.csv,2026-03-31 01:48:39,0.0
VCLB_20260402.csv,2026-03-31 01:51:39,0.0
VCLB_20260402.csv,2026-03-31 01:54:39,0.0
VCLB_20260402.csv,2026-03-31 01:57:39,0.0
VCLB_20260402.csv,2026-03-31 02:00:39,0.0
VCLB_20260402.csv,2026-03-31 02:03:39,0.0
VCLB_20260402.csv,2026-03-31 02:06:39,0.0
VCLB_20260402.csv,2026-03-31 02:09:39,0.0
VCLB_20260402.csv,2026-03-31 02:12:39,0.0
VCLB_20260402.csv,2026-03-31 02:15:39,0.0
VCLB_20260402.csv,2026-03-31 02:18:39,0.0
VCLB_20260402.csv,2026-03-31 02:21:39,0.0
VCLB_20260402.csv,2026-03-31 02:24:39,0.0
VCLB_20260402.csv,2026-03-31 02:27:39,0.0
VCLB_20260402.csv,2026-03-31 02:30:39,0.0
VCLB_20260402.csv,2026-03-31 02:33:39,0.0
VCLB_20260402.csv,2026-03-31 02:36:39,0.0
VCLB_20260402.csv,2026-03-31 02:39:39,0.0
VCLB_20260402.csv,2026-03-31 02:42:39,0.0
VCLB_20260402.csv,2026-03-31 02:45:39,0.0
VCLB_20260402.csv,2026-03-31 02:48:39,0.0
VCLB_20260402.csv,2026-03-31 02:51:39,0.0
VCLB_20260402.csv,2026-03-31 02:54:39,0.0
VCLB_20260402.csv,2026-03-31 02:57:39,0.0
VCLB_20260402.csv,2026-03-31 03:00:39,0.0
VCLB_20260402.csv,2026-03-31 03:03:39,0.0
VCLB_20260402.csv,2026-03-31 03:06:39,0.0
VCLB_20260402.csv,2026-03-31 03:09:39,0.0
VCLB_20260402.csv,2026-03-31 03:12:39,0.0
VCLB_20260402.csv,2026-03-31 03:15:39,0.0
VCLB_20260402.csv,2026-03-31 03:18:39,0.0
VCLB_20260402.csv,2026-03-31 03:21:39,0.0
VCLB_20260402.csv,2026-03-31 03:24:39,0.0
VCLB_20260402.csv,2026-03-31 03:27:39,0.0
VCLB_20260402.csv,2026-03-31 03:30:39,0.0
VCLB_20260402.csv,2026-03-31 03:33:39,0.0
VCLB_20260402.csv,2026-03-31 03:36:39,0.0
VCLB_20260402.csv,2026-03-31 03:39:39,0.0
VCLB_20260402.csv,2026-03-31 03:42:39,0.0
VCLB_20260402.csv,2026-03-31 03:45:39,0.0
VCLB_20260402.csv,2026-03-31 03:48:39,0.0
VCLB_20260402.csv,2026-03-31 03:51:39,0.0
VCLB_20260402.csv,2026-03-31 03:54:39,0.0
VCLB_20260402.csv,2026-03-31 03:57:39,0.0
VCLB_20260402.csv,2026-03-31 04:00:39,0.0
VCLB_20260402.csv,2026-03-31 04:03:39,0.0
VCLB_20260402.csv,2026-03-31 04:06:39,0.0
VCLB_20260402.csv,2026-03-31 04:09:39,0.0
VCLB_20260402.csv,2026-03-31 04:12:39,0.0
VCLB_20260402.csv,2026-03-31 04:15:39,0.0
VCLB_20260402.csv,2026-03-31 04:18:39,0.0
VCLB_20260402.csv,2026-03-31 04:21:39,0.0
VCLB_20260402.csv,2026-03-31 04:24:39,0.0
VCLB_20260402.csv,2026-03-31 04:27:39,0.0
VCLB_20260402.csv,2026-03-31 04:30:39,0.0
VCLB_20260402.csv,2026-03-31 04:33:39,0.0
VCLB_20260402.csv,2026-03-31 04:39:39,0.0
VCLB_20260402.csv,2026-03-31 04:42:39,0.0
VCLB_20260402.csv,2026-03-31 04:45:39,0.0
VCLB_20260402.csv,2026-03-31 04:48:39,0.0
VCLB_20260402.csv,2026-03-31 04:51:39,0.0
VCLB_20260402.csv,2026-03-31 04:54:39,0.0
VCLB_20260402.csv,2026-03-31 04:57:39,0.0
VCLB_20260402.csv,2026-03-31 05:00:39,0.0
VCLB_20260402.csv,2026-03-31 05:03:39,0.0
VCLB_20260402.csv,2026-03-31 05:06:39,0.0
VCLB_20260402.csv,2026-03-31 05:09:39,0.0
VCLB_20260402.csv,2026-03-31 05:12:39,0.0
VCLB_20260402.csv,2026-03-31 05:15:39,0.0
VCLB_20260402.csv,2026-03-31 05:18:39,0.0
VCLB_20260402.csv,2026-03-31 05:21:39,0.0
VCLB_20260402.csv,2026-03-31 05:24:39,0.0
VCLB_20260402.csv,2026-03-31 05:27:39,0.0
VCLB_20260402.csv,2026-03-31 05:30:39,0.0
VCLB_20260402.csv,2026-03-31 05:33:39,0.0
VCLB_20260402.csv,2026-03-31 05:36:39,0.0
VCLB_20260402.csv,2026-03-31 05:39:39,0.0
VCLB_20260402.csv,2026-03-31 05:42:39,0.0
VCLB_20260402.csv,2026-03-31 05:45:39,0.0
VCLB_20260402.csv,2026-03-31 05:48:39,0.0
VCLB_20260402.csv,2026-03-31 05:51:39,0.0
VCLB_20260402.csv,2026-03-31 05:54:39,0.0
VCLB_20260402.csv,2026-03-31 05:57:39,0.0
VCLB_20260402.csv,2026-03-31 06:00:39,0.0
VCLB_20260402.csv,2026-03-31 06:03:39,0.0
VCLB_20260402.csv,2026-03-31 06:06:39,0.0
VCLB_20260402.csv,2026-03-31 06:09:39,0.0
VCLB_20260402.csv,2026-03-31 06:12:39,0.0
VCLB_20260402.csv,2026-03-31 06:15:39,0.0
VCLB_20260402.csv,2026-03-31 06:18:39,0.0
VCLB_20260402.csv,2026-03-31 06:21:39,0.0
VCLB_20260402.csv,2026-03-31 06:24:39,0.0
VCLB_20260402.csv,2026-03-31 06:27:39,0.0
VCLB_20260402.csv,2026-03-31 06:30:39,0.0
VCLB_20260402.csv,2026-03-31 06:33:39,0.0
VCLB_20260402.csv,2026-03-31 06:36:39,0.0
VCLB_20260402.csv,2026-03-31 06:39:39,0.0
VCLB_20260402.csv,2026-03-31 06:42:39,0.0
VCLB_20260402.csv,2026-03-31 06:45:39,0.0
VCLB_20260402.csv,2026-03-31 06:48:39,0.0
VCLB_20260402.csv,2026-03-31 06:51:39,0.0
VCLB_20260402.csv,2026-03-31 06:54:39,0.0
VCLB_20260402.csv,2026-03-31 06:57:39,0.0
VCLB_20260402.csv,2026-03-31 07:00:39,0.0
VCLB_20260402.csv,2026-03-31 07:03:39,0.0
VCLB_20260402.csv,2026-03-31 07:06:39,0.0
VCLB_20260402.csv,2026-03-31 07:09:39,0.0
VCLB_20260402.csv,2026-03-31 07:12:39,0.0
VCLB_20260402.csv,2026-03-31 07:15:39,0.0
VCLB_20260402.csv,2026-03-31 07:18:39,0.0
VCLB_20260402.csv,2026-03-31 07:21:39,0.0
VCLB_20260402.csv,2026-03-31 07:24:39,0.0
VCLB_20260402.csv,2026-03-31 07:27:39,0.0
VCLB_20260402.csv,2026-03-31 07:30:39,0.0
VCLB_20260402.csv,2026-03-31 07:33:39,0.0
VCLB_20260402.csv,2026-03-31 07:36:39,0.0
VCLB_20260402.csv,2026-03-31 07:39:39,0.0
VCLB_20260402.csv,2026-03-31 07:42:39,0.0
VCLB_20260402.csv,2026-03-31 07:45:39,0.0
VCLB_20260402.csv,2026-03-31 07:48:39,0.0
VCLB_20260402.csv,2026-03-31 07:51:39,0.0
VCLB_20260402.csv,2026-03-31 07:54:39,0.0
VCLB_20260402.csv,2026-03-31 07:57:39,0.0
VCLB_20260402.csv,2026-03-31 08:00:39,0.0
VCLB_20260402.csv,2026-03-31 08:03:39,0.0
VCLB_20260402.csv,2026-03-31 08:06:39,0.0
VCLB_20260402.csv,2026-03-31 08:09:39,0.0
VCLB_20260402.csv,2026-03-31 08:12:39,0.0
VCLB_20260402.csv,2026-03-31 08:15:39,0.0
VCLB_20260402.csv,2026-03-31 08:18:39,0.0
VCLB_20260402.csv,2026-03-31 08:21:39,0.0
VCLB_20260402.csv,2026-03-31 08:24:39,0.0
VCLB_20260402.csv,2026-03-31 08:27:39,0.0
VCLB_20260402.csv,2026-03-31 08:30:39,0.0
VCLB_20260402.csv,2026-03-31 08:33:39,0.0
VCLB_20260402.csv,2026-03-31 08:36:39,0.0
VCLB_20260402.csv,2026-03-31 08:39:39,0.0
VCLB_20260402.csv,2026-03-31 08:42:39,0.0
VCLB_20260402.csv,2026-03-31 08:45:39,0.0
VCLB_20260402.csv,2026-03-31 08:48:39,0.0
VCLB_20260402.csv,2026-03-31 08:51:39,0.0
VCLB_20260402.csv,2026-03-31 08:54:39,0.0
VCLB_20260402.csv,2026-03-31 08:57:39,0.0
VCLB_20260402.csv,2026-03-31 09:00:39,0.0
VCLB_20260402.csv,2026-03-31 09:03:39,0.0
VCLB_20260402.csv,2026-03-31 09:06:39,0.0
VCLB_20260402.csv,2026-03-31 09:09:39,0.0
VCLB_20260402.csv,2026-03-31 09:12:39,0.0
VCLB_20260402.csv,2026-03-31 09:15:39,0.0
VCLB_20260402.csv,2026-03-31 09:18:39,0.0
VCLB_20260402.csv,2026-03-31 09:21:39,0.0
VCLB_20260402.csv,2026-03-31 09:24:39,0.0
VCLB_20260402.csv,2026-03-31 09:27:39,0.0
VCLB_20260402.csv,2026-03-31 09:30:39,0.0
VCLB_20260402.csv,2026-03-31 09:33:39,0.0
VCLB_20260402.csv,2026-03-31 09:36:39,0.0
VCLB_20260402.csv,2026-03-31 09:39:39,0.0
VCLB_20260402.csv,2026-03-31 09:42:39,0.0
VCLB_20260402.csv,2026-03-31 09:45:39,0.0
VCLB_20260402.csv,2026-03-31 09:48:39,0.0
VCLB_20260402.csv,2026-03-31 09:51:39,0.0
VCLB_20260402.csv,2026-03-31 09:54:39,0.0
VCLB_20260402.csv,2026-03-31 09:57:39,0.0
VCLB_20260402.csv,2026-03-31 10:00:39,0.0
VCLB_20260402.csv,2026-03-31 10:03:39,0.0
VCLB_20260402.csv,2026-03-31 10:06:39,0.0
VCLB_20260402.csv,2026-03-31 10:09:39,0.0
VCLB_20260402.csv,2026-03-31 10:12:39,0.0
VCLB_20260402.csv,2026-03-31 10:15:39,0.0
VCLB_20260402.csv,2026-03-31 10:18:39,0.0
VCLB_20260402.csv,2026-03-31 10:21:39,0.0
VCLB_20260402.csv,2026-03-31 10:24:39,0.0
VCLB_20260402.csv,2026-03-31 10:27:39,0.0
VCLB_20260402.csv,2026-03-31 10:30:39,0.0
VCLB_20260402.csv,2026-03-31 10:33:39,0.0
VCLB_20260402.csv,2026-03-31 10:36:39,0.0
VCLB_20260402.csv,2026-03-31 10:39:39,0.0
VCLB_20260402.csv,2026-03-31 10:42:39,0.0
VCLB_20260402.csv,2026-03-31 10:45:39,0.0
VCLB_20260402.csv,2026-03-31 10:48:39,0.0
VCLB_20260402.csv,2026-03-31 10:51:39,0.0
VCLB_20260402.csv,2026-03-31 10:54:39,0.0
VCLB_20260402.csv,2026-03-31 10:57:39,0.0
VCLB_20260402.csv,2026-03-31 11:00:39,0.0
VCLB_20260402.csv,2026-03-31 11:03:39,0.0
VCLB_20260402.csv,2026-03-31 11:06:39,0.0
VCLB_20260402.csv,2026-03-31 11:09:39,0.0
VCLB_20260402.csv,2026-03-31 11:12:39,0.0
VCLB_20260402.csv,2026-03-31 11:15:39,0.0
VCLB_20260402.csv,2026-03-31 11:18:39,0.0
VCLB_20260402.csv,2026-03-31 11:21:39,0.0
VCLB_20260402.csv,2026-03-31 11:24:39,0.0
VCLB_20260402.csv,2026-03-31 11:27:39,0.0
VCLB_20260402.csv,2026-03-31 11:30:39,0.0
VCLB_20260402.csv,2026-03-31 11:33:39,0.0
VCLB_20260402.csv,2026-03-31 11:36:39,0.0
VCLB_20260402.csv,2026-03-31 11:39:39,0.0
VCLB_20260402.csv,2026-03-31 11:42:39,0.0
VCLB_20260402.csv,2026-03-31 11:45:39,0.0
VCLB_20260402.csv,2026-03-31 11:48:39,0.0
VCLB_20260402.csv,2026-03-31 11:51:39,0.0
VCLB_20260402.csv,2026-03-31 11:54:39,0.0
VCLB_20260402.csv,2026-03-31 11:57:39,0.0
VCLB_20260402.csv,2026-03-31 12:00:39,0.0
VCLB_20260402.csv,2026-03-31 12:03:39,0.0
VCLB_20260402.csv,2026-03-31 12:06:39,0.0
VCLB_20260402.csv,2026-03-31 12:09:39,0.0
VCLB_20260402.csv,2026-03-31 12:12:39,0.0
VCLB_20260402.csv,2026-03-31 12:15:39,0.0
VCLB_20260402.csv,2026-03-31 12:18:39,0.0
VCLB_20260402.csv,2026-03-31 12:21:39,0.0
VCLB_20260402.csv,2026-03-31 12:24:39,0.0
VCLB_20260402.csv,2026-03-31 12:27:39,0.0
VCLB_20260402.csv,2026-03-31 12:30:39,0.0
VCLB_20260402.csv,2026-03-31 12:33:39,0.0
VCLB_20260402.csv,2026-03-31 12:36:39,0.0
VCLB_20260402.csv,2026-03-31 12:39:39,0.0
VCLB_20260402.csv,2026-03-31 12:42:39,0.0
VCLB_20260402.csv,2026-03-31 12:45:39,0.0
VCLB_20260402.csv,2026-03-31 12:48:39,0.0
VCLB_20260402.csv,2026-03-31 12:51:39,0.0
VCLB_20260402.csv,2026-03-31 12:54:39,0.0
VCLB_20260402.csv,2026-03-31 12:57:39,0.0
VCLB_20260402.csv,2026-03-31 13:00:39,0.0
VCLB_20260402.csv,2026-03-31 13:03:39,0.0
VCLB_20260402.csv,2026-03-31 13:06:39,0.0
VCLB_20260402.csv,2026-03-31 13:09:39,0.0
VCLB_20260402.csv,2026-03-31 13:12:39,0.0
VCLB_20260402.csv,2026-03-31 13:15:39,0.0
VCLB_20260402.csv,2026-03-31 13:18:39,0.0
VCLB_20260402.csv,2026-03-31 13:21:39,0.0
VCLB_20260402.csv,2026-03-31 13:24:39,0.0
VCLB_20260402.csv,2026-03-31 13:27:39,0.0
VCLB_20260402.csv,2026-03-31 13:30:39,0.0
VCLB_20260402.csv,2026-03-31 13:33:39,0.0
VCLB_20260402.csv,2026-03-31 13:36:39,0.0
VCLB_20260402.csv,2026-03-31 13:39:39,0.0
VCLB_20260402.csv,2026-03-31 13:42:39,0.0
VCLB_20260402.csv,2026-03-31 13:45:39,0.0
VCLB_20260402.csv,2026-03-31 13:48:39,0.0
VCLB_20260402.csv,2026-03-31 13:51:39,0.0
VCLB_20260402.csv,2026-03-31 13:54:39,0.0
VCLB_20260402.csv,2026-03-31 13:57:39,0.0
VCLB_20260402.csv,2026-03-31 14:00:39,0.0
VCLB_20260402.csv,2026-03-31 14:03:39,0.0
VCLB_20260402.csv,2026-03-31 14:06:39,0.0
VCLB_20260402.csv,2026-03-31 14:09:39,0.0
VCLB_20260402.csv,2026-03-31 14:12:39,0.0
VCLB_20260402.csv,2026-03-31 14:15:39,0.0
VCLB_20260402.csv,2026-03-31 14:18:39,0.0
VCLB_20260402.csv,2026-03-31 14:21:39,0.0
VCLB_20260402.csv,2026-03-31 14:24:39,0.0
VCLB_20260402.csv,2026-03-31 14:27:39,0.0
VCLB_20260402.csv,2026-03-31 14:30:39,0.0
VCLB_20260402.csv,2026-03-31 14:33:39,0.0
VCLB_20260402.csv,2026-03-31 14:36:39,0.0
VCLB_20260402.csv,2026-03-31 14:39:39,0.0
VCLB_20260402.csv,2026-03-31 14:42:39,0.0
VCLB_20260402.csv,2026-03-31 14:45:39,0.0
VCLB_20260402.csv,2026-03-31 14:48:39,0.0
VCLB_20260402.csv,2026-03-31 14:51:39,0.0
VCLB_20260402.csv,2026-03-31 14:54:39,0.0
VCLB_20260402.csv,2026-03-31 14:57:39,0.0
VCLB_20260402.csv,2026-03-31 15:00:39,0.0
VCLB_20260402.csv,2026-03-31 15:03:39,0.0
VCLB_20260402.csv,2026-03-31 15:06:39,0.0
VCLB_20260402.csv,2026-03-31 15:09:39,0.0
VCLB_20260402.csv,2026-03-31 15:12:39,0.0
VCLB_20260402.csv,2026-03-31 15:15:39,0.0
VCLB_20260402.csv,2026-03-31 15:18:39,0.0
VCLB_20260402.csv,2026-03-31 15:21:39,0.0
VCLB_20260402.csv,2026-03-31 15:24:39,0.0
VCLB_20260402.csv,2026-03-31 15:27:39,0.0
VCLB_20260402.csv,2026-03-31 15:30:39,0.0
VCLB_20260402.csv,2026-03-31 15:33:39,0.0
VCLB_20260402.csv,2026-03-31 15:36:39,0.0
VCLB_20260402.csv,2026-03-31 15:39:39,0.0
VCLB_20260402.csv,2026-03-31 15:42:39,0.0
VCLB_20260402.csv,2026-03-31 15:45:39,0.0
VCLB_20260402.csv,2026-03-31 15:48:39,0.0
VCLB_20260402.csv,2026-03-31 15:51:39,0.0
VCLB_20260402.csv,2026-03-31 15:54:39,0.0
VCLB_20260402.csv,2026-03-31 15:57:39,0.0
VCLB_20260402.csv,2026-03-31 16:00:39,0.0
VCLB_20260402.csv,2026-03-31 16:03:39,0.0
VCLB_20260402.csv,2026-03-31 16:06:39,0.0
VCLB_20260402.csv,2026-03-31 16:09:39,0.0
VCLB_20260402.csv,2026-03-31 16:12:39,0.0
VCLB_20260402.csv,2026-03-31 16:15:39,0.0
VCLB_20260402.csv,2026-03-31 16:18:39,0.0
VCLB_20260402.csv,2026-03-31 16:21:39,0.0
VCLB_20260402.csv,2026-03-31 16:24:39,0.0
VCLB_20260402.csv,2026-03-31 16:27:39,0.0
VCLB_20260402.csv,2026-03-31 16:30:39,0.0
VCLB_20260402.csv,2026-03-31 16:33:39,0.0
VCLB_20260402.csv,2026-03-31 16:36:39,0.0
VCLB_20260402.csv,2026-03-31 16:39:39,0.0
VCLB_20260402.csv,2026-03-31 16:42:39,0.0
VCLB_20260402.csv,2026-03-31 16:45:39,0.0
VCLB_20260402.csv,2026-03-31 16:48:39,0.0
VCLB_20260402.csv,2026-03-31 16:51:39,0.0
VCLB_20260402.csv,2026-03-31 16:54:39,0.0
VCLB_20260402.csv,2026-03-31 16:57:39,0.0
VCLB_20260402.csv,2026-03-31 17:00:39,0.0
VCLB_20260402.csv,2026-03-31 17:03:39,0.0
VCLB_20260402.csv,2026-03-31 17:06:39,0.0
VCLB_20260402.csv,2026-03-31 17:09:39,0.0
VCLB_20260402.csv,2026-03-31 17:12:39,0.0
VCLB_20260402.csv,2026-03-31 17:15:39,0.0
VCLB_20260402.csv,2026-03-31 17:18:39,0.0
VCLB_20260402.csv,2026-03-31 17:21:39,0.0
VCLB_20260402.csv,2026-03-31 17:24:39,0.0
VCLB_20260402.csv,2026-03-31 17:27:39,0.0
VCLB_20260402.csv,2026-03-31 17:30:39,0.0
VCLB_20260402.csv,2026-03-31 17:33:39,0.0
VCLB_20260402.csv,2026-03-31 17:36:39,0.0
VCLB_20260402.csv,2026-03-31 17:39:39,0.0
VCLB_20260402.csv,2026-03-31 17:42:39,0.0
VCLB_20260402.csv,2026-03-31 17:45:39,0.0
VCLB_20260402.csv,2026-03-31 17:48:39,0.0
VCLB_20260402.csv,2026-03-31 17:51:39,0.0
VCLB_20260402.csv,2026-03-31 17:54:39,0.0
VCLB_20260402.csv,2026-03-31 17:57:39,0.0
VCLB_20260402.csv,2026-03-31 18:00:39,0.0
VCLB_20260402.csv,2026-03-31 18:03:39,0.0
VCLB_20260402.csv,2026-03-31 18:06:39,0.0
VCLB_20260402.csv,2026-03-31 18:09:39,0.0
VCLB_20260402.csv,2026-03-31 18:12:39,0.0
VCLB_20260402.csv,2026-03-31 18:15:39,0.0
VCLB_20260402.csv,2026-03-31 18:18:39,0.0
VCLB_20260402.csv,2026-03-31 18:21:39,0.0
VCLB_20260402.csv,2026-03-31 18:24:39,0.0
VCLB_20260402.csv,2026-03-31 18:27:39,0.0
VCLB_20260402.csv,2026-03-31 18:30:39,0.0
VCLB_20260402.csv,2026-03-31 18:33:39,0.0
VCLB_20260402.csv,2026-03-31 18:36:39,0.0
VCLB_20260402.csv,2026-03-31 18:39:39,0.0
VCLB_20260402.csv,2026-03-31 18:42:39,0.0
VCLB_20260402.csv,2026-03-31 18:45:39,0.0
VCLB_20260402.csv,2026-03-31 18:48:39,0.0
VCLB_20260402.csv,2026-03-31 18:51:39,0.0
VCLB_20260402.csv,2026-03-31 18:54:39,0.0
VCLB_20260402.csv,2026-03-31 18:57:39,0.0
VCLB_20260402.csv,2026-03-31 19:00:39,0.0
VCLB_20260402.csv,2026-03-31 19:03:39,0.0
VCLB_20260402.csv,2026-03-31 19:06:39,0.0
VCLB_20260402.csv,2026-03-31 19:09:39,0.0
VCLB_20260402.csv,2026-03-31 19:12:39,0.0
VCLB_20260402.csv,2026-03-31 19:15:39,0.0
VCLB_20260402.csv,2026-03-31 19:18:39,0.0
VCLB_20260402.csv,2026-03-31 19:21:39,0.0
VCLB_20260402.csv,2026-03-31 19:24:39,0.0
VCLB_20260402.csv,2026-03-31 19:27:39,0.0
VCLB_20260402.csv,2026-03-31 19:30:39,0.0
VCLB_20260402.csv,2026-03-31 19:33:39,0.0
VCLB_20260402.csv,2026-03-31 19:36:39,0.0
VCLB_20260402.csv,2026-03-31 19:39:39,0.0
VCLB_20260402.csv,2026-03-31 19:42:39,0.0
VCLB_20260402.csv,2026-03-31 19:45:39,0.0
VCLB_20260402.csv,2026-03-31 19:48:39,0.0
VCLB_20260402.csv,2026-03-31 19:51:39,0.0
VCLB_20260402.csv,2026-03-31 19:54:39,0.0
VCLB_20260402.csv,2026-03-31 19:57:39,0.0
VCLB_20260402.csv,2026-03-31 20:00:39,0.0
VCLB_20260402.csv,2026-03-31 20:03:39,0.0
VCLB_20260402.csv,2026-03-31 20:06:39,0.0
VCLB_20260402.csv,2026-03-31 20:09:39,0.0
VCLB_20260402.csv,2026-03-31 20:12:39,0.0
VCLB_20260402.csv,2026-03-31 20:15:39,0.0
VCLB_20260402.csv,2026-03-31 20:18:39,0.0
VCLB_20260402.csv,2026-03-31 20:21:39,0.0
VCLB_20260402.csv,2026-03-31 20:24:39,0.0
VCLB_20260402.csv,2026-03-31 20:27:39,0.0
VCLB_20260402.csv,2026-03-31 20:30:39,0.0
VCLB_20260402.csv,2026-03-31 20:33:39,0.0
VCLB_20260402.csv,2026-03-31 20:36:39,0.0
VCLB_20260402.csv,2026-03-31 20:39:39,0.0
VCLB_20260402.csv,2026-03-31 20:42:39,0.0
VCLB_20260402.csv,2026-03-31 20:45:39,0.0
VCLB_20260402.csv,2026-03-31 20:48:39,0.0
VCLB_20260402.csv,2026-03-31 20:51:39,0.0
VCLB_20260402.csv,2026-03-31 20:54:39,0.0
VCLB_20260402.csv,2026-03-31 20:57:39,0.0
VCLB_20260402.csv,2026-03-31 21:00:39,0.0
VCLB_20260402.csv,2026-03-31 21:03:39,0.0
VCLB_20260402.csv,2026-03-31 21:06:39,0.0
VCLB_20260402.csv,2026-03-31 21:09:39,0.0
VCLB_20260402.csv,2026-03-31 21:12:39,0.0
VCLB_20260402.csv,2026-03-31 21:15:39,0.0
VCLB_20260402.csv,2026-03-31 21:18:39,0.0
VCLB_20260402.csv,2026-03-31 21:21:39,0.0
VCLB_20260402.csv,2026-03-31 21:24:39,0.0
VCLB_20260402.csv,2026-03-31 21:27:39,0.0
VCLB_20260402.csv,2026-03-31 21:30:39,0.0
VCLB_20260402.csv,2026-03-31 21:33:39,0.0
VCLB_20260402.csv,2026-03-31 21:36:39,0.0
VCLB_20260402.csv,2026-03-31 21:39:39,0.0
VCLB_20260402.csv,2026-03-31 21:42:39,0.0
VCLB_20260402.csv,2026-03-31 21:45:39,0.0
VCLB_20260402.csv,2026-03-31 21:48:39,0.0
VCLB_20260402.csv,2026-03-31 21:51:39,0.0
VCLB_20260402.csv,2026-03-31 21:54:39,0.0
VCLB_20260402.csv,2026-03-31 21:57:39,0.0
VCLB_20260402.csv,2026-03-31 22:00:39,0.0
VCLB_20260402.csv,2026-03-31 22:03:39,0.0
VCLB_20260402.csv,2026-03-31 22:06:39,0.0
VCLB_20260402.csv,2026-03-31 22:09:39,0.0
VCLB_20260402.csv,2026-03-31 22:12:39,0.0
VCLB_20260402.csv,2026-03-31 22:15:39,0.0
VCLB_20260402.csv,2026-03-31 22:18:39,0.0
VCLB_20260402.csv,2026-03-31 22:21:39,0.0
VCLB_20260402.csv,2026-03-31 22:24:39,0.0
VCLB_20260402.csv,2026-03-31 22:27:39,0.0
VCLB_20260402.csv,2026-03-31 22:30:39,0.0
VCLB_20260402.csv,2026-03-31 22:33:39,0.0
VCLB_20260402.csv,2026-03-31 22:36:39,0.0
VCLB_20260402.csv,2026-03-31 22:39:39,0.0
VCLB_20260402.csv,2026-03-31 22:42:39,0.0
VCLB_20260402.csv,2026-03-31 22:45:39,0.0
VCLB_20260402.csv,2026-03-31 22:48:39,0.0
VCLB_20260402.csv,2026-03-31 22:51:39,0.0
VCLB_20260402.csv,2026-03-31 22:54:39,0.0
VCLB_20260402.csv,2026-03-31 22:57:39,0.0
VCLB_20260402.csv,2026-03-31 23:00:39,0.0
VCLB_20260402.csv,2026-03-31 23:03:39,0.0
VCLB_20260402.csv,2026-03-31 23:06:39,0.0
VCLB_20260402.csv,2026-03-31 23:09:39,0.0
VCLB_20260402.csv,2026-03-31 23:12:39,0.0
VCLB_20260402.csv,2026-03-31 23:15:39,0.0
VCLB_20260402.csv,2026-03-31 23:18:39,0.0
VCLB_20260402.csv,2026-03-31 23:21:39,0.0
VCLB_20260402.csv,2026-03-31 23:24:38,0.0
VCLB_20260402.csv,2026-03-31 23:27:39,0.0
VCLB_20260402.csv,2026-03-31 23:30:39,0.0
VCLB_20260402.csv,2026-03-31 23:33:38,0.0
VCLB_20260402.csv,2026-03-31 23:36:39,0.0
VCLB_20260402.csv,2026-03-31 23:39:39,0.0
VCLB_20260402.csv,2026-03-31 23:42:39,0.0
VCLB_20260402.csv,2026-03-31 23:45:38,0.0
VCLB_20260402.csv,2026-03-31 23:48:39,0.0
VCLB_20260402.csv,2026-03-31 23:51:38,0.0
VCLB_20260402.csv,2026-03-31 23:54:39,0.0
VCLB_20260402.csv,2026-03-31 23:57:38,0.0
VCLB_20260402.csv,2026-04-01 00:00:39,0.0
VCLB_20260402.csv,2026-04-01 00:03:38,0.0
VCLB_20260402.csv,2026-04-01 00:06:39,0.0
VCLB_20260402.csv,2026-04-01 00:09:39,0.0
VCLB_20260402.csv,2026-04-01 00:12:39,0.0
VCLB_20260402.csv,2026-04-01 00:15:38,0.0
VCLB_20260402.csv,2026-04-01 00:18:38,0.0
VCLB_20260402.csv,2026-04-01 00:21:38,0.0
VCLB_20260402.csv,2026-04-01 00:24:39,0.0
VCLB_20260402.csv,2026-04-01 00:27:38,0.0
VCLB_20260402.csv,2026-04-01 00:30:38,0.0
VCLB_20260402.csv,2026-04-01 00:33:38,0.0
VCLB_20260402.csv,2026-04-01 00:36:38,0.0
VCLB_20260402.csv,2026-04-01 00:39:38,0.0
VCLB_20260402.csv,2026-04-01 00:42:38,0.0
VCLB_20260402.csv,2026-04-01 00:45:38,0.0
VCLB_20260402.csv,2026-04-01 00:48:38,0.0
VCLB_20260402.csv,2026-04-01 00:51:38,0.0
VCLB_20260402.csv,2026-04-01 00:54:38,0.0
VCLB_20260402.csv,2026-04-01 00:57:38,0.0
VCLB_20260402.csv,2026-04-01 01:00:38,0.0
VCLB_20260402.csv,2026-04-01 01:03:38,0.0
VCLB_20260402.csv,2026-04-01 01:06:38,0.0
VCLB_20260402.csv,2026-04-01 01:09:38,0.0
VCLB_20260402.csv,2026-04-01 01:12:38,0.0
VCLB_20260402.csv,2026-04-01 01:15:38,0.0
VCLB_20260402.csv,2026-04-01 01:18:38,0.0
VCLB_20260402.csv,2026-04-01 01:21:38,0.0
VCLB_20260402.csv,2026-04-01 01:24:38,0.0
VCLB_20260402.csv,2026-04-01 01:27:38,0.0
VCLB_20260402.csv,2026-04-01 01:30:39,0.0
VCLB_20260402.csv,2026-04-01 01:33:38,0.0
VCLB_20260402.csv,2026-04-01 01:36:38,0.0
VCLB_20260402.csv,2026-04-01 01:39:38,0.0
VCLB_20260402.csv,2026-04-01 01:42:38,0.0
VCLB_20260402.csv,2026-04-01 01:45:39,0.0
VCLB_20260402.csv,2026-04-01 01:48:38,0.0
VCLB_20260402.csv,2026-04-01 01:51:38,0.0
VCLB_20260402.csv,2026-04-01 01:54:38,0.0
VCLB_20260402.csv,2026-04-01 01:57:38,0.0
VCLB_20260402.csv,2026-04-01 02:00:39,0.0
VCLB_20260402.csv,2026-04-01 02:03:38,0.0
VCLB_20260402.csv,2026-04-01 02:06:38,0.0
VCLB_20260402.csv,2026-04-01 02:09:38,0.0
VCLB_20260402.csv,2026-04-01 02:12:38,0.0
VCLB_20260402.csv,2026-04-01 02:15:39,0.0
VCLB_20260402.csv,2026-04-01 02:18:38,0.0
VCLB_20260402.csv,2026-04-01 02:21:38,0.0
VCLB_20260402.csv,2026-04-01 02:24:38,0.0
VCLB_20260402.csv,2026-04-01 02:27:38,0.0
VCLB_20260402.csv,2026-04-01 02:30:38,0.0
VCLB_20260402.csv,2026-04-01 02:33:38,0.0
VCLB_20260402.csv,2026-04-01 02:36:38,0.0
VCLB_20260402.csv,2026-04-01 02:39:38,0.0
VCLB_20260402.csv,2026-04-01 02:42:38,0.0
VCLB_20260402.csv,2026-04-01 02:45:38,0.0
VCLB_20260402.csv,2026-04-01 02:48:38,0.0
VCLB_20260402.csv,2026-04-01 02:51:39,0.0
VCLB_20260402.csv,2026-04-01 02:54:38,0.0
VCLB_20260402.csv,2026-04-01 02:57:38,0.0
VCLB_20260402.csv,2026-04-01 03:00:38,0.0
VCLB_20260402.csv,2026-04-01 03:03:38,0.0
VCLB_20260402.csv,2026-04-01 03:06:38,0.0
VCLB_20260402.csv,2026-04-01 03:09:38,0.0
VCLB_20260402.csv,2026-04-01 03:12:38,0.0
VCLB_20260402.csv,2026-04-01 03:15:38,0.0
VCLB_20260402.csv,2026-04-01 03:18:38,0.0
VCLB_20260402.csv,2026-04-01 03:21:38,0.0
VCLB_20260402.csv,2026-04-01 03:24:38,0.0
VCLB_20260402.csv,2026-04-01 03:27:38,0.0
VCLB_20260402.csv,2026-04-01 03:30:38,0.0
VCLB_20260402.csv,2026-04-01 03:33:38,0.0
VCLB_20260402.csv,2026-04-01 03:36:39,0.0
VCLB_20260402.csv,2026-04-01 03:39:38,0.0
VCLB_20260402.csv,2026-04-01 03:42:38,0.0
VCLB_20260402.csv,2026-04-01 03:45:38,0.0
VCLB_20260402.csv,2026-04-01 03:48:38,0.0
VCLB_20260402.csv,2026-04-01 03:51:38,0.0
VCLB_20260402.csv,2026-04-01 03:54:38,0.0
VCLB_20260402.csv,2026-04-01 03:57:38,0.0
VCLB_20260402.csv,2026-04-01 04:00:38,0.0
VCLB_20260402.csv,2026-04-01 04:03:38,0.0
VCLB_20260402.csv,2026-04-01 04:06:38,0.0
VCLB_20260402.csv,2026-04-01 04:09:38,0.0
VCLB_20260402.csv,2026-04-01 04:12:38,0.0
VCLB_20260402.csv,2026-04-01 04:15:38,0.0
VCLB_20260402.csv,2026-04-01 04:18:38,0.0
VCLB_20260402.csv,2026-04-01 04:21:39,0.0
VCLB_20260402.csv,2026-04-01 04:24:38,0.0
VCLB_20260402.csv,2026-04-01 04:27:38,0.0
VCLB_20260402.csv,2026-04-01 04:30:38,0.0
VCLB_20260402.csv,2026-04-01 04:33:38,0.0
VCLB_20260402.csv,2026-04-01 04:36:38,0.0
VCLB_20260402.csv,2026-04-01 04:39:38,0.0
VCLB_20260402.csv,2026-04-01 04:42:38,0.0
VCLB_20260402.csv,2026-04-01 04:45:38,0.0
VCLB_20260402.csv,2026-04-01 04:48:38,0.0
VCLB_20260402.csv,2026-04-01 04:51:38,0.0
VCLB_20260402.csv,2026-04-01 04:54:39,0.0
VCLB_20260402.csv,2026-04-01 04:57:38,0.0
VCLB_20260402.csv,2026-04-01 05:00:38,0.0
VCLB_20260402.csv,2026-04-01 05:03:38,0.0
VCLB_20260402.csv,2026-04-01 05:06:38,0.0
VCLB_20260402.csv,2026-04-01 05:12:38,0.0
VCLB_20260402.csv,2026-04-01 05:15:38,0.0
VCLB_20260402.csv,2026-04-01 05:18:38,0.0
VCLB_20260402.csv,2026-04-01 05:21:38,0.0
VCLB_20260402.csv,2026-04-01 05:24:38,0.0
VCLB_20260402.csv,2026-04-01 05:27:38,0.0
VCLB_20260402.csv,2026-04-01 05:30:38,0.0
VCLB_20260402.csv,2026-04-01 05:33:38,0.0
VCLB_20260402.csv,2026-04-01 05:36:38,0.0
VCLB_20260402.csv,2026-04-01 05:39:39,0.0
VCLB_20260402.csv,2026-04-01 05:42:38,0.0
VCLB_20260402.csv,2026-04-01 05:45:38,0.0
VCLB_20260402.csv,2026-04-01 05:48:38,0.0
VCLB_20260402.csv,2026-04-01 05:51:38,0.0
VCLB_20260402.csv,2026-04-01 05:54:39,0.0
VCLB_20260402.csv,2026-04-01 05:57:38,0.0
VCLB_20260402.csv,2026-04-01 06:00:38,0.0
VCLB_20260402.csv,2026-04-01 06:03:38,0.0
VCLB_20260402.csv,2026-04-01 06:06:38,0.0
VCLB_20260402.csv,2026-04-01 06:09:38,0.0
VCLB_20260402.csv,2026-04-01 06:12:38,0.0
VCLB_20260402.csv,2026-04-01 06:15:38,0.0
VCLB_20260402.csv,2026-04-01 06:18:38,0.0
VCLB_20260402.csv,2026-04-01 06:21:38,0.0
VCLB_20260402.csv,2026-04-01 06:24:39,0.0
VCLB_20260402.csv,2026-04-01 06:27:38,0.0
VCLB_20260402.csv,2026-04-01 06:30:38,0.0
VCLB_20260402.csv,2026-04-01 06:33:38,0.0
VCLB_20260402.csv,2026-04-01 06:36:38,0.0
VCLB_20260402.csv,2026-04-01 06:39:39,0.0
VCLB_20260402.csv,2026-04-01 06:42:38,0.0
VCLB_20260402.csv,2026-04-01 06:45:38,0.0
VCLB_20260402.csv,2026-04-01 06:48:38,0.0
VCLB_20260402.csv,2026-04-01 06:51:38,0.0
VCLB_20260402.csv,2026-04-01 06:54:38,0.0
VCLB_20260402.csv,2026-04-01 06:57:39,0.0
VCLB_20260402.csv,2026-04-01 07:00:38,0.0
VCLB_20260402.csv,2026-04-01 07:03:38,0.0
VCLB_20260402.csv,2026-04-01 07:06:38,0.0
VCLB_20260402.csv,2026-04-01 07:09:38,0.0
VCLB_20260402.csv,2026-04-01 07:12:38,0.0
VCLB_20260402.csv,2026-04-01 07:15:38,0.0
VCLB_20260402.csv,2026-04-01 07:18:38,0.0
VCLB_20260402.csv,2026-04-01 07:21:38,0.0
VCLB_20260402.csv,2026-04-01 07:24:38,0.0
VCLB_20260402.csv,2026-04-01 07:27:38,0.0
VCLB_20260402.csv,2026-04-01 07:30:38,0.0
VCLB_20260402.csv,2026-04-01 07:33:38,0.0
VCLB_20260402.csv,2026-04-01 07:36:38,0.0
VCLB_20260402.csv,2026-04-01 07:39:38,0.0
VCLB_20260402.csv,2026-04-01 07:42:38,0.0
VCLB_20260402.csv,2026-04-01 07:45:38,0.0
VCLB_20260402.csv,2026-04-01 07:48:38,0.0
VCLB_20260402.csv,2026-04-01 07:51:38,0.0
VCLB_20260402.csv,2026-04-01 07:54:38,0.0
VCLB_20260402.csv,2026-04-01 07:57:38,0.0
VCLB_20260402.csv,2026-04-01 08:00:38,0.0
VCLB_20260402.csv,2026-04-01 08:03:38,0.0
VCLB_20260402.csv,2026-04-01 08:06:38,0.0
VCLB_20260402.csv,2026-04-01 08:09:38,0.0
VCLB_20260402.csv,2026-04-01 08:12:38,0.0
VCLB_20260402.csv,2026-04-01 08:15:38,0.0
VCLB_20260402.csv,2026-04-01 08:18:38,0.0
VCLB_20260402.csv,2026-04-01 08:21:38,0.0
VCLB_20260402.csv,2026-04-01 08:24:38,0.0
VCLB_20260402.csv,2026-04-01 08:27:38,0.0
VCLB_20260402.csv,2026-04-01 08:30:38,0.0
VCLB_20260402.csv,2026-04-01 08:33:38,0.0
VCLB_20260402.csv,2026-04-01 08:36:38,0.0
VCLB_20260402.csv,2026-04-01 08:39:38,0.0
VCLB_20260402.csv,2026-04-01 08:42:38,0.0
VCLB_20260402.csv,2026-04-01 08:45:38,0.0
VCLB_20260402.csv,2026-04-01 08:48:38,0.0
VCLB_20260402.csv,2026-04-01 08:51:38,0.0
VCLB_20260402.csv,2026-04-01 08:54:38,0.0
VCLB_20260402.csv,2026-04-01 08:57:38,0.0
VCLB_20260402.csv,2026-04-01 09:00:38,0.0
VCLB_20260402.csv,2026-04-01 09:03:38,0.0
VCLB_20260402.csv,2026-04-01 09:06:38,0.0
VCLB_20260402.csv,2026-04-01 09:09:38,0.0
VCLB_20260402.csv,2026-04-01 09:12:38,0.0
VCLB_20260402.csv,2026-04-01 09:15:38,0.0
VCLB_20260402.csv,2026-04-01 09:18:38,0.0
VCLB_20260402.csv,2026-04-01 09:21:38,0.0
VCLB_20260402.csv,2026-04-01 09:24:38,0.0
VCLB_20260402.csv,2026-04-01 09:27:38,0.0
VCLB_20260402.csv,2026-04-01 09:30:39,0.0
VCLB_20260402.csv,2026-04-01 09:33:38,0.0
VCLB_20260402.csv,2026-04-01 09:36:38,0.0
VCLB_20260402.csv,2026-04-01 09:39:38,0.0
VCLB_20260402.csv,2026-04-01 09:42:38,0.0
VCLB_20260402.csv,2026-04-01 09:45:38,0.0
VCLB_20260402.csv,2026-04-01 09:48:38,0.0
VCLB_20260402.csv,2026-04-01 09:51:38,0.0
VCLB_20260402.csv,2026-04-01 09:54:38,0.0
VCLB_20260402.csv,2026-04-01 09:57:38,0.0
VCLB_20260402.csv,2026-04-01 10:00:38,0.0
VCLB_20260402.csv,2026-04-01 10:03:38,0.0
VCLB_20260402.csv,2026-04-01 10:06:38,0.0
VCLB_20260402.csv,2026-04-01 10:09:38,0.0
VCLB_20260402.csv,2026-04-01 10:12:38,0.0
VCLB_20260402.csv,2026-04-01 10:15:38,0.0
VCLB_20260402.csv,2026-04-01 10:18:38,0.0
VCLB_20260402.csv,2026-04-01 10:21:38,0.0
VCLB_20260402.csv,2026-04-01 10:24:38,0.0
VCLB_20260402.csv,2026-04-01 10:27:38,0.0
VCLB_20260402.csv,2026-04-01 10:30:38,0.0
VCLB_20260402.csv,2026-04-01 10:33:38,0.0
VCLB_20260402.csv,2026-04-01 10:36:38,0.0
VCLB_20260402.csv,2026-04-01 10:39:38,0.0
VCLB_20260402.csv,2026-04-01 10:42:38,0.0
VCLB_20260402.csv,2026-04-01 10:45:38,0.0
VCLB_20260402.csv,2026-04-01 10:48:38,0.0
VCLB_20260402.csv,2026-04-01 10:51:38,0.0
VCLB_20260402.csv,2026-04-01 10:54:38,0.0
VCLB_20260402.csv,2026-04-01 10:57:38,0.0
VCLB_20260402.csv,2026-04-01 11:00:38,0.0
VCLB_20260402.csv,2026-04-01 11:03:38,0.0
VCLB_20260402.csv,2026-04-01 11:06:38,0.0
VCLB_20260402.csv,2026-04-01 11:09:38,0.0
VCLB_20260402.csv,2026-04-01 11:12:38,0.0
VCLB_20260402.csv,2026-04-01 11:15:38,0.0
VCLB_20260402.csv,2026-04-01 11:18:38,0.0
VCLB_20260402.csv,2026-04-01 11:21:38,0.0
VCLB_20260402.csv,2026-04-01 11:24:38,0.0
VCLB_20260402.csv,2026-04-01 11:27:38,0.0
VCLB_20260402.csv,2026-04-01 11:30:38,0.0
VCLB_20260402.csv,2026-04-01 11:33:38,0.0
VCLB_20260402.csv,2026-04-01 11:36:38,0.02
VCLB_20260402.csv,2026-04-01 11:39:38,0.0
VCLB_20260402.csv,2026-04-01 11:42:38,0.0
VCLB_20260402.csv,2026-04-01 11:48:38,0.09
VCLB_20260402.csv,2026-04-01 11:51:38,0.0
VCLB_20260402.csv,2026-04-01 11:54:38,0.0
VCLB_20260402.csv,2026-04-01 11:57:38,0.0
VCLB_20260402.csv,2026-04-01 12:00:38,0.0
VCLB_20260402.csv,2026-04-01 12:03:38,0.0
VCLB_20260402.csv,2026-04-01 12:06:38,0.0
VCLB_20260402.csv,2026-04-01 12:09:38,0.0
VCLB_20260402.csv,2026-04-01 12:12:38,0.0
VCLB_20260402.csv,2026-04-01 12:15:38,0.0
VCLB_20260402.csv,2026-04-01 12:18:38,0.0
VCLB_20260402.csv,2026-04-01 12:21:38,0.0
VCLB_20260402.csv,2026-04-01 12:24:38,0.0
VCLB_20260402.csv,2026-04-01 12:27:38,0.0
VCLB_20260402.csv,2026-04-01 12:30:38,0.0
